evaluations raw_y
1 -356.0000000000
2 -355.0000000000
3 -354.0000000000
9 -353.0000000000
15 -352.0000000000
16 -351.0000000000
19 -350.0000000000
20 -349.0000000000
24 -348.0000000000
25 -347.0000000000
27 -346.0000000000
28 -345.0000000000
30 -344.0000000000
31 -343.0000000000
34 -342.0000000000
38 -341.0000000000
45 -340.0000000000
46 -339.0000000000
54 -338.0000000000
57 -337.0000000000
58 -336.0000000000
61 -335.0000000000
62 -334.0000000000
64 -333.0000000000
68 -332.0000000000
69 -331.0000000000
75 -330.0000000000
76 -329.0000000000
78 -328.0000000000
80 -327.0000000000
81 -326.0000000000
82 -325.0000000000
84 -324.0000000000
85 -323.0000000000
89 -322.0000000000
90 -321.0000000000
92 -320.0000000000
94 -319.0000000000
97 -318.0000000000
99 -317.0000000000
101 -316.0000000000
103 -315.0000000000
106 -314.0000000000
107 -313.0000000000
109 -312.0000000000
110 -311.0000000000
114 -310.0000000000
115 -309.0000000000
117 -308.0000000000
118 -307.0000000000
119 -306.0000000000
122 -305.0000000000
125 -304.0000000000
129 -303.0000000000
131 -302.0000000000
135 -301.0000000000
138 -300.0000000000
139 -299.0000000000
142 -298.0000000000
144 -297.0000000000
148 -296.0000000000
149 -295.0000000000
150 -294.0000000000
156 -293.0000000000
162 -292.0000000000
166 -291.0000000000
167 -290.0000000000
173 -289.0000000000
177 -288.0000000000
178 -287.0000000000
180 -286.0000000000
186 -285.0000000000
187 -284.0000000000
188 -283.0000000000
189 -282.0000000000
190 -281.0000000000
195 -280.0000000000
198 -279.0000000000
201 -278.0000000000
203 -277.0000000000
204 -276.0000000000
208 -275.0000000000
210 -274.0000000000
212 -273.0000000000
220 -272.0000000000
222 -271.0000000000
225 -270.0000000000
226 -269.0000000000
228 -268.0000000000
237 -267.0000000000
238 -266.0000000000
243 -265.0000000000
244 -264.0000000000
248 -263.0000000000
253 -262.0000000000
254 -261.0000000000
258 -260.0000000000
259 -259.0000000000
264 -258.0000000000
266 -257.0000000000
269 -256.0000000000
270 -255.0000000000
273 -254.0000000000
275 -253.0000000000
277 -252.0000000000
281 -251.0000000000
284 -250.0000000000
288 -249.0000000000
290 -248.0000000000
300 -247.0000000000
304 -246.0000000000
305 -245.0000000000
309 -244.0000000000
310 -243.0000000000
313 -242.0000000000
314 -241.0000000000
316 -240.0000000000
318 -239.0000000000
320 -238.0000000000
322 -237.0000000000
324 -236.0000000000
326 -235.0000000000
328 -234.0000000000
330 -233.0000000000
342 -232.0000000000
344 -231.0000000000
345 -230.0000000000
347 -229.0000000000
357 -228.0000000000
361 -227.0000000000
371 -226.0000000000
378 -225.0000000000
382 -224.0000000000
384 -223.0000000000
386 -222.0000000000
390 -221.0000000000
392 -220.0000000000
393 -219.0000000000
400 -218.0000000000
401 -217.0000000000
407 -216.0000000000
409 -215.0000000000
413 -214.0000000000
421 -213.0000000000
422 -212.0000000000
428 -211.0000000000
429 -210.0000000000
431 -209.0000000000
436 -208.0000000000
439 -207.0000000000
441 -206.0000000000
445 -205.0000000000
448 -204.0000000000
450 -203.0000000000
458 -202.0000000000
462 -201.0000000000
470 -200.0000000000
472 -199.0000000000
483 -198.0000000000
484 -197.0000000000
486 -196.0000000000
487 -195.0000000000
488 -194.0000000000
495 -193.0000000000
496 -192.0000000000
498 -191.0000000000
501 -190.0000000000
513 -189.0000000000
517 -188.0000000000
528 -187.0000000000
533 -186.0000000000
539 -185.0000000000
543 -184.0000000000
544 -183.0000000000
546 -182.0000000000
547 -181.0000000000
551 -180.0000000000
556 -179.0000000000
558 -178.0000000000
562 -177.0000000000
565 -176.0000000000
569 -175.0000000000
572 -174.0000000000
577 -173.0000000000
578 -172.0000000000
579 -171.0000000000
580 -170.0000000000
582 -169.0000000000
585 -168.0000000000
589 -167.0000000000
590 -166.0000000000
594 -165.0000000000
595 -164.0000000000
626 -163.0000000000
627 -162.0000000000
628 -161.0000000000
635 -160.0000000000
636 -159.0000000000
637 -158.0000000000
641 -157.0000000000
644 -156.0000000000
645 -155.0000000000
647 -154.0000000000
655 -153.0000000000
657 -152.0000000000
658 -151.0000000000
659 -150.0000000000
664 -149.0000000000
668 -148.0000000000
669 -147.0000000000
671 -146.0000000000
672 -145.0000000000
677 -144.0000000000
679 -143.0000000000
682 -142.0000000000
689 -141.0000000000
691 -140.0000000000
692 -139.0000000000
697 -138.0000000000
701 -137.0000000000
710 -136.0000000000
719 -135.0000000000
725 -134.0000000000
728 -133.0000000000
730 -132.0000000000
743 -131.0000000000
755 -130.0000000000
764 -129.0000000000
774 -128.0000000000
783 -127.0000000000
793 -126.0000000000
797 -125.0000000000
806 -124.0000000000
807 -123.0000000000
809 -122.0000000000
815 -121.0000000000
824 -120.0000000000
825 -119.0000000000
826 -118.0000000000
831 -117.0000000000
832 -116.0000000000
834 -115.0000000000
837 -114.0000000000
839 -113.0000000000
851 -112.0000000000
860 -111.0000000000
862 -110.0000000000
863 -109.0000000000
865 -108.0000000000
885 -107.0000000000
892 -106.0000000000
903 -105.0000000000
913 -104.0000000000
918 -103.0000000000
921 -102.0000000000
929 -101.0000000000
932 -100.0000000000
937 -99.0000000000
943 -98.0000000000
945 -97.0000000000
946 -96.0000000000
947 -95.0000000000
953 -94.0000000000
965 -93.0000000000
967 -92.0000000000
972 -91.0000000000
987 -90.0000000000
1004 -89.0000000000
1012 -88.0000000000
1018 -87.0000000000
1020 -86.0000000000
1037 -85.0000000000
1041 -84.0000000000
1042 -83.0000000000
1058 -82.0000000000
1064 -81.0000000000
1069 -80.0000000000
1070 -79.0000000000
1075 -78.0000000000
1082 -77.0000000000
1084 -76.0000000000
1088 -75.0000000000
1093 -74.0000000000
1102 -73.0000000000
1127 -72.0000000000
1129 -71.0000000000
1138 -70.0000000000
1139 -69.0000000000
1144 -68.0000000000
1145 -67.0000000000
1148 -66.0000000000
1154 -65.0000000000
1156 -64.0000000000
1165 -63.0000000000
1170 -62.0000000000
1187 -61.0000000000
1190 -60.0000000000
1195 -59.0000000000
1217 -58.0000000000
1218 -57.0000000000
1222 -56.0000000000
1247 -55.0000000000
1257 -54.0000000000
1273 -53.0000000000
1295 -52.0000000000
1298 -51.0000000000
1307 -50.0000000000
1321 -49.0000000000
1331 -48.0000000000
1351 -47.0000000000
1357 -46.0000000000
1411 -45.0000000000
1417 -44.0000000000
1468 -43.0000000000
1474 -42.0000000000
1492 -41.0000000000
1500 -40.0000000000
1503 -39.0000000000
1511 -38.0000000000
1514 -37.0000000000
1520 -36.0000000000
1529 -35.0000000000
1564 -34.0000000000
1567 -33.0000000000
1647 -32.0000000000
1684 -31.0000000000
1705 -30.0000000000
1711 -29.0000000000
1719 -28.0000000000
1726 -27.0000000000
1765 -26.0000000000
1818 -25.0000000000
1826 -24.0000000000
1829 -23.0000000000
1841 -22.0000000000
1949 -21.0000000000
1956 -20.0000000000
1990 -19.0000000000
2009 -18.0000000000
2025 -17.0000000000
2029 -16.0000000000
2111 -15.0000000000
2133 -14.0000000000
2142 -13.0000000000
2165 -12.0000000000
2210 -11.0000000000
2220 -10.0000000000
2234 -9.0000000000
2261 -8.0000000000
2277 -7.0000000000
2288 -6.0000000000
2382 -5.0000000000
2440 -4.0000000000
2464 -3.0000000000
2527 -2.0000000000
2651 -1.0000000000
2690 615.0000000000
10000 -1.0000000000
evaluations raw_y
1 -381.0000000000
2 -380.0000000000
3 -379.0000000000
4 -378.0000000000
7 -377.0000000000
9 -376.0000000000
12 -375.0000000000
14 -374.0000000000
16 -373.0000000000
17 -372.0000000000
18 -371.0000000000
24 -370.0000000000
25 -369.0000000000
29 -368.0000000000
34 -367.0000000000
35 -366.0000000000
36 -365.0000000000
37 -364.0000000000
46 -363.0000000000
47 -362.0000000000
49 -361.0000000000
50 -360.0000000000
51 -359.0000000000
56 -358.0000000000
58 -357.0000000000
59 -356.0000000000
60 -355.0000000000
61 -354.0000000000
63 -353.0000000000
64 -352.0000000000
65 -351.0000000000
69 -350.0000000000
71 -349.0000000000
72 -348.0000000000
75 -347.0000000000
80 -346.0000000000
87 -345.0000000000
89 -344.0000000000
91 -343.0000000000
95 -342.0000000000
96 -341.0000000000
97 -340.0000000000
99 -339.0000000000
100 -338.0000000000
102 -337.0000000000
103 -336.0000000000
104 -335.0000000000
105 -334.0000000000
106 -333.0000000000
108 -332.0000000000
109 -331.0000000000
111 -330.0000000000
113 -329.0000000000
115 -328.0000000000
124 -327.0000000000
126 -326.0000000000
128 -325.0000000000
131 -324.0000000000
132 -323.0000000000
136 -322.0000000000
140 -321.0000000000
142 -320.0000000000
144 -319.0000000000
145 -318.0000000000
146 -317.0000000000
147 -316.0000000000
149 -315.0000000000
155 -314.0000000000
157 -313.0000000000
159 -312.0000000000
162 -311.0000000000
163 -310.0000000000
164 -309.0000000000
168 -308.0000000000
171 -307.0000000000
172 -306.0000000000
176 -305.0000000000
177 -304.0000000000
180 -303.0000000000
182 -302.0000000000
183 -301.0000000000
184 -300.0000000000
185 -299.0000000000
187 -298.0000000000
189 -297.0000000000
190 -296.0000000000
192 -295.0000000000
193 -294.0000000000
195 -293.0000000000
196 -292.0000000000
198 -291.0000000000
202 -290.0000000000
204 -289.0000000000
210 -288.0000000000
211 -287.0000000000
214 -286.0000000000
220 -285.0000000000
224 -284.0000000000
225 -283.0000000000
227 -282.0000000000
232 -281.0000000000
237 -280.0000000000
240 -279.0000000000
242 -278.0000000000
244 -277.0000000000
248 -276.0000000000
253 -275.0000000000
254 -274.0000000000
255 -273.0000000000
258 -272.0000000000
259 -271.0000000000
261 -270.0000000000
265 -269.0000000000
267 -268.0000000000
268 -267.0000000000
273 -266.0000000000
277 -265.0000000000
278 -264.0000000000
280 -263.0000000000
283 -262.0000000000
285 -261.0000000000
289 -260.0000000000
292 -259.0000000000
295 -258.0000000000
297 -257.0000000000
300 -256.0000000000
302 -255.0000000000
303 -254.0000000000
304 -253.0000000000
311 -252.0000000000
314 -251.0000000000
317 -250.0000000000
319 -249.0000000000
320 -248.0000000000
329 -247.0000000000
340 -246.0000000000
341 -245.0000000000
346 -244.0000000000
347 -243.0000000000
348 -242.0000000000
351 -241.0000000000
355 -240.0000000000
365 -239.0000000000
367 -238.0000000000
371 -237.0000000000
373 -236.0000000000
376 -235.0000000000
378 -234.0000000000
383 -233.0000000000
395 -232.0000000000
397 -231.0000000000
398 -230.0000000000
399 -229.0000000000
407 -228.0000000000
408 -227.0000000000
413 -226.0000000000
414 -225.0000000000
415 -224.0000000000
416 -223.0000000000
420 -222.0000000000
421 -221.0000000000
423 -220.0000000000
425 -219.0000000000
426 -218.0000000000
433 -217.0000000000
435 -216.0000000000
440 -215.0000000000
442 -214.0000000000
457 -213.0000000000
460 -212.0000000000
461 -211.0000000000
462 -210.0000000000
474 -209.0000000000
477 -208.0000000000
480 -207.0000000000
481 -206.0000000000
483 -205.0000000000
485 -204.0000000000
489 -203.0000000000
491 -202.0000000000
496 -201.0000000000
501 -200.0000000000
508 -199.0000000000
514 -198.0000000000
520 -197.0000000000
521 -196.0000000000
522 -195.0000000000
523 -194.0000000000
525 -193.0000000000
526 -192.0000000000
536 -191.0000000000
543 -190.0000000000
544 -189.0000000000
546 -188.0000000000
550 -187.0000000000
552 -186.0000000000
553 -185.0000000000
559 -184.0000000000
563 -183.0000000000
564 -182.0000000000
575 -181.0000000000
582 -180.0000000000
583 -179.0000000000
589 -178.0000000000
593 -177.0000000000
596 -176.0000000000
603 -175.0000000000
606 -174.0000000000
615 -173.0000000000
616 -172.0000000000
617 -171.0000000000
629 -170.0000000000
636 -169.0000000000
641 -168.0000000000
643 -167.0000000000
647 -166.0000000000
656 -165.0000000000
663 -164.0000000000
666 -163.0000000000
675 -162.0000000000
679 -161.0000000000
680 -160.0000000000
684 -159.0000000000
690 -158.0000000000
698 -157.0000000000
708 -156.0000000000
710 -155.0000000000
711 -154.0000000000
716 -153.0000000000
717 -152.0000000000
719 -151.0000000000
721 -150.0000000000
725 -149.0000000000
727 -148.0000000000
732 -147.0000000000
733 -146.0000000000
738 -145.0000000000
740 -144.0000000000
746 -143.0000000000
751 -142.0000000000
755 -141.0000000000
763 -140.0000000000
767 -139.0000000000
777 -138.0000000000
789 -137.0000000000
790 -136.0000000000
798 -135.0000000000
815 -134.0000000000
816 -133.0000000000
829 -132.0000000000
830 -131.0000000000
831 -130.0000000000
846 -129.0000000000
847 -128.0000000000
851 -127.0000000000
852 -126.0000000000
853 -125.0000000000
861 -124.0000000000
875 -123.0000000000
880 -122.0000000000
888 -121.0000000000
890 -120.0000000000
895 -119.0000000000
897 -118.0000000000
899 -117.0000000000
900 -116.0000000000
902 -115.0000000000
906 -114.0000000000
907 -113.0000000000
911 -112.0000000000
913 -111.0000000000
928 -110.0000000000
929 -109.0000000000
930 -108.0000000000
934 -107.0000000000
937 -106.0000000000
939 -105.0000000000
963 -104.0000000000
984 -103.0000000000
986 -102.0000000000
999 -101.0000000000
1007 -100.0000000000
1009 -99.0000000000
1027 -98.0000000000
1031 -97.0000000000
1032 -96.0000000000
1037 -95.0000000000
1038 -94.0000000000
1049 -93.0000000000
1055 -92.0000000000
1069 -91.0000000000
1082 -90.0000000000
1084 -89.0000000000
1088 -88.0000000000
1093 -87.0000000000
1109 -86.0000000000
1118 -85.0000000000
1124 -84.0000000000
1132 -83.0000000000
1144 -82.0000000000
1152 -81.0000000000
1189 -80.0000000000
1209 -79.0000000000
1210 -78.0000000000
1211 -77.0000000000
1213 -76.0000000000
1219 -75.0000000000
1222 -74.0000000000
1226 -73.0000000000
1230 -72.0000000000
1231 -71.0000000000
1234 -70.0000000000
1250 -69.0000000000
1255 -68.0000000000
1276 -67.0000000000
1302 -66.0000000000
1303 -65.0000000000
1323 -64.0000000000
1340 -63.0000000000
1361 -62.0000000000
1381 -61.0000000000
1388 -60.0000000000
1394 -59.0000000000
1404 -58.0000000000
1409 -57.0000000000
1421 -56.0000000000
1445 -55.0000000000
1468 -54.0000000000
1470 -53.0000000000
1476 -52.0000000000
1479 -51.0000000000
1490 -50.0000000000
1495 -49.0000000000
1496 -48.0000000000
1511 -47.0000000000
1524 -46.0000000000
1540 -45.0000000000
1557 -44.0000000000
1558 -43.0000000000
1577 -42.0000000000
1581 -41.0000000000
1611 -40.0000000000
1613 -39.0000000000
1615 -38.0000000000
1616 -37.0000000000
1644 -36.0000000000
1659 -35.0000000000
1674 -34.0000000000
1677 -33.0000000000
1700 -32.0000000000
1742 -31.0000000000
1754 -30.0000000000
1773 -29.0000000000
1798 -28.0000000000
1808 -27.0000000000
1837 -26.0000000000
1838 -25.0000000000
1850 -24.0000000000
1857 -23.0000000000
1864 -22.0000000000
1885 -21.0000000000
1891 -20.0000000000
1896 -19.0000000000
1956 -18.0000000000
1975 -17.0000000000
1994 -16.0000000000
2010 -15.0000000000
2031 -14.0000000000
2127 -13.0000000000
2214 -12.0000000000
2221 -11.0000000000
2241 -10.0000000000
2282 -9.0000000000
2340 -8.0000000000
2350 -7.0000000000
2365 -6.0000000000
2372 -5.0000000000
2507 -4.0000000000
2509 -3.0000000000
2808 -2.0000000000
2836 -1.0000000000
2893 622.0000000000
10000 -1.0000000000
evaluations raw_y
1 -359.0000000000
2 -358.0000000000
3 -357.0000000000
4 -356.0000000000
8 -355.0000000000
9 -354.0000000000
10 -353.0000000000
11 -352.0000000000
12 -351.0000000000
16 -350.0000000000
18 -349.0000000000
19 -348.0000000000
21 -347.0000000000
23 -346.0000000000
28 -345.0000000000
32 -344.0000000000
34 -343.0000000000
35 -342.0000000000
36 -341.0000000000
37 -340.0000000000
45 -339.0000000000
47 -338.0000000000
48 -337.0000000000
49 -336.0000000000
50 -335.0000000000
54 -334.0000000000
55 -333.0000000000
60 -332.0000000000
62 -331.0000000000
65 -330.0000000000
66 -329.0000000000
69 -328.0000000000
71 -327.0000000000
72 -326.0000000000
73 -325.0000000000
74 -324.0000000000
76 -323.0000000000
82 -322.0000000000
84 -321.0000000000
88 -320.0000000000
91 -319.0000000000
96 -318.0000000000
97 -317.0000000000
99 -316.0000000000
100 -315.0000000000
105 -314.0000000000
107 -313.0000000000
108 -312.0000000000
112 -311.0000000000
113 -310.0000000000
115 -309.0000000000
123 -308.0000000000
124 -307.0000000000
125 -306.0000000000
127 -305.0000000000
129 -304.0000000000
130 -303.0000000000
131 -302.0000000000
132 -301.0000000000
133 -300.0000000000
140 -299.0000000000
146 -298.0000000000
148 -297.0000000000
150 -296.0000000000
152 -295.0000000000
154 -294.0000000000
155 -293.0000000000
156 -292.0000000000
157 -291.0000000000
158 -290.0000000000
160 -289.0000000000
162 -288.0000000000
164 -287.0000000000
169 -286.0000000000
172 -285.0000000000
174 -284.0000000000
178 -283.0000000000
180 -282.0000000000
181 -281.0000000000
187 -280.0000000000
189 -279.0000000000
194 -278.0000000000
203 -277.0000000000
204 -276.0000000000
205 -275.0000000000
208 -274.0000000000
209 -273.0000000000
210 -272.0000000000
221 -271.0000000000
222 -270.0000000000
224 -269.0000000000
225 -268.0000000000
229 -267.0000000000
235 -266.0000000000
238 -265.0000000000
242 -264.0000000000
243 -263.0000000000
244 -262.0000000000
249 -261.0000000000
253 -260.0000000000
254 -259.0000000000
261 -258.0000000000
266 -257.0000000000
268 -256.0000000000
272 -255.0000000000
273 -254.0000000000
276 -253.0000000000
280 -252.0000000000
281 -251.0000000000
282 -250.0000000000
283 -249.0000000000
285 -248.0000000000
289 -247.0000000000
291 -246.0000000000
294 -245.0000000000
296 -244.0000000000
300 -243.0000000000
301 -242.0000000000
303 -241.0000000000
304 -240.0000000000
305 -239.0000000000
306 -238.0000000000
307 -237.0000000000
319 -236.0000000000
320 -235.0000000000
321 -234.0000000000
324 -233.0000000000
331 -232.0000000000
334 -231.0000000000
336 -230.0000000000
339 -229.0000000000
340 -228.0000000000
342 -227.0000000000
346 -226.0000000000
347 -225.0000000000
349 -224.0000000000
359 -223.0000000000
364 -222.0000000000
365 -221.0000000000
370 -220.0000000000
371 -219.0000000000
378 -218.0000000000
380 -217.0000000000
382 -216.0000000000
383 -215.0000000000
384 -214.0000000000
385 -213.0000000000
387 -212.0000000000
395 -211.0000000000
399 -210.0000000000
400 -209.0000000000
403 -208.0000000000
404 -207.0000000000
407 -206.0000000000
410 -205.0000000000
411 -204.0000000000
414 -203.0000000000
415 -202.0000000000
417 -201.0000000000
420 -200.0000000000
434 -199.0000000000
436 -198.0000000000
437 -197.0000000000
440 -196.0000000000
443 -195.0000000000
445 -194.0000000000
446 -193.0000000000
448 -192.0000000000
458 -191.0000000000
459 -190.0000000000
464 -189.0000000000
472 -188.0000000000
475 -187.0000000000
476 -186.0000000000
482 -185.0000000000
487 -184.0000000000
497 -183.0000000000
504 -182.0000000000
508 -181.0000000000
510 -180.0000000000
511 -179.0000000000
529 -178.0000000000
530 -177.0000000000
531 -176.0000000000
537 -175.0000000000
539 -174.0000000000
547 -173.0000000000
552 -172.0000000000
554 -171.0000000000
556 -170.0000000000
558 -169.0000000000
560 -168.0000000000
564 -167.0000000000
565 -166.0000000000
566 -165.0000000000
573 -164.0000000000
574 -163.0000000000
576 -162.0000000000
580 -161.0000000000
583 -160.0000000000
588 -159.0000000000
593 -158.0000000000
598 -157.0000000000
600 -156.0000000000
601 -155.0000000000
602 -154.0000000000
603 -153.0000000000
604 -152.0000000000
605 -151.0000000000
606 -150.0000000000
617 -149.0000000000
625 -148.0000000000
641 -147.0000000000
646 -146.0000000000
647 -145.0000000000
650 -144.0000000000
653 -143.0000000000
655 -142.0000000000
659 -141.0000000000
662 -140.0000000000
666 -139.0000000000
668 -138.0000000000
669 -137.0000000000
672 -136.0000000000
673 -135.0000000000
681 -134.0000000000
685 -133.0000000000
688 -132.0000000000
689 -131.0000000000
690 -130.0000000000
694 -129.0000000000
695 -128.0000000000
704 -127.0000000000
710 -126.0000000000
711 -125.0000000000
719 -124.0000000000
720 -123.0000000000
728 -122.0000000000
732 -121.0000000000
740 -120.0000000000
741 -119.0000000000
742 -118.0000000000
750 -117.0000000000
764 -116.0000000000
767 -115.0000000000
778 -114.0000000000
782 -113.0000000000
783 -112.0000000000
786 -111.0000000000
788 -110.0000000000
793 -109.0000000000
798 -108.0000000000
803 -107.0000000000
809 -106.0000000000
810 -105.0000000000
815 -104.0000000000
817 -103.0000000000
819 -102.0000000000
836 -101.0000000000
837 -100.0000000000
847 -99.0000000000
849 -98.0000000000
851 -97.0000000000
852 -96.0000000000
853 -95.0000000000
855 -94.0000000000
869 -93.0000000000
871 -92.0000000000
872 -91.0000000000
888 -90.0000000000
900 -89.0000000000
905 -88.0000000000
911 -87.0000000000
912 -86.0000000000
915 -85.0000000000
924 -84.0000000000
927 -83.0000000000
951 -82.0000000000
952 -81.0000000000
959 -80.0000000000
987 -79.0000000000
991 -78.0000000000
995 -77.0000000000
1030 -76.0000000000
1031 -75.0000000000
1040 -74.0000000000
1056 -73.0000000000
1060 -72.0000000000
1062 -71.0000000000
1063 -70.0000000000
1068 -69.0000000000
1076 -68.0000000000
1091 -67.0000000000
1106 -66.0000000000
1124 -65.0000000000
1131 -64.0000000000
1139 -63.0000000000
1156 -62.0000000000
1162 -61.0000000000
1166 -60.0000000000
1171 -59.0000000000
1182 -58.0000000000
1189 -57.0000000000
1195 -56.0000000000
1213 -55.0000000000
1214 -54.0000000000
1236 -53.0000000000
1237 -52.0000000000
1242 -51.0000000000
1270 -50.0000000000
1291 -49.0000000000
1335 -48.0000000000
1343 -47.0000000000
1353 -46.0000000000
1362 -45.0000000000
1395 -44.0000000000
1401 -43.0000000000
1416 -42.0000000000
1432 -41.0000000000
1441 -40.0000000000
1451 -39.0000000000
1454 -38.0000000000
1469 -37.0000000000
1470 -36.0000000000
1478 -35.0000000000
1505 -34.0000000000
1511 -33.0000000000
1523 -32.0000000000
1543 -31.0000000000
1549 -30.0000000000
1552 -29.0000000000
1567 -28.0000000000
1569 -27.0000000000
1575 -26.0000000000
1640 -25.0000000000
1644 -24.0000000000
1729 -23.0000000000
1741 -22.0000000000
1777 -21.0000000000
1792 -20.0000000000
1822 -19.0000000000
1834 -18.0000000000
1845 -17.0000000000
1882 -16.0000000000
1895 -15.0000000000
1911 -14.0000000000
1922 -13.0000000000
1934 -12.0000000000
1997 -11.0000000000
2004 -10.0000000000
2014 -9.0000000000
2022 -8.0000000000
2076 -7.0000000000
2117 -6.0000000000
2139 -5.0000000000
2145 -4.0000000000
2184 -3.0000000000
2198 -2.0000000000
2242 -1.0000000000
2329 627.0000000000
10000 -1.0000000000
evaluations raw_y
1 -358.0000000000
3 -357.0000000000
7 -356.0000000000
12 -355.0000000000
14 -354.0000000000
16 -353.0000000000
17 -352.0000000000
19 -351.0000000000
22 -350.0000000000
24 -349.0000000000
28 -348.0000000000
29 -347.0000000000
30 -346.0000000000
31 -345.0000000000
34 -344.0000000000
37 -343.0000000000
40 -342.0000000000
41 -341.0000000000
44 -340.0000000000
46 -339.0000000000
47 -338.0000000000
49 -337.0000000000
51 -336.0000000000
55 -335.0000000000
57 -334.0000000000
58 -333.0000000000
59 -332.0000000000
61 -331.0000000000
62 -330.0000000000
64 -329.0000000000
66 -328.0000000000
68 -327.0000000000
70 -326.0000000000
72 -325.0000000000
76 -324.0000000000
77 -323.0000000000
79 -322.0000000000
80 -321.0000000000
82 -320.0000000000
85 -319.0000000000
86 -318.0000000000
87 -317.0000000000
88 -316.0000000000
89 -315.0000000000
90 -314.0000000000
94 -313.0000000000
96 -312.0000000000
98 -311.0000000000
99 -310.0000000000
100 -309.0000000000
102 -308.0000000000
104 -307.0000000000
105 -306.0000000000
106 -305.0000000000
109 -304.0000000000
113 -303.0000000000
114 -302.0000000000
116 -301.0000000000
119 -300.0000000000
121 -299.0000000000
124 -298.0000000000
125 -297.0000000000
126 -296.0000000000
128 -295.0000000000
130 -294.0000000000
137 -293.0000000000
139 -292.0000000000
141 -291.0000000000
145 -290.0000000000
146 -289.0000000000
148 -288.0000000000
151 -287.0000000000
154 -286.0000000000
157 -285.0000000000
159 -284.0000000000
161 -283.0000000000
164 -282.0000000000
170 -281.0000000000
171 -280.0000000000
172 -279.0000000000
173 -278.0000000000
178 -277.0000000000
179 -276.0000000000
183 -275.0000000000
187 -274.0000000000
190 -273.0000000000
196 -272.0000000000
200 -271.0000000000
201 -270.0000000000
202 -269.0000000000
206 -268.0000000000
207 -267.0000000000
209 -266.0000000000
210 -265.0000000000
213 -264.0000000000
214 -263.0000000000
215 -262.0000000000
217 -261.0000000000
222 -260.0000000000
223 -259.0000000000
229 -258.0000000000
234 -257.0000000000
235 -256.0000000000
236 -255.0000000000
237 -254.0000000000
242 -253.0000000000
245 -252.0000000000
247 -251.0000000000
248 -250.0000000000
250 -249.0000000000
257 -248.0000000000
262 -247.0000000000
267 -246.0000000000
270 -245.0000000000
272 -244.0000000000
277 -243.0000000000
278 -242.0000000000
283 -241.0000000000
285 -240.0000000000
287 -239.0000000000
290 -238.0000000000
293 -237.0000000000
296 -236.0000000000
299 -235.0000000000
300 -234.0000000000
301 -233.0000000000
302 -232.0000000000
305 -231.0000000000
307 -230.0000000000
308 -229.0000000000
310 -228.0000000000
311 -227.0000000000
316 -226.0000000000
320 -225.0000000000
327 -224.0000000000
332 -223.0000000000
339 -222.0000000000
346 -221.0000000000
348 -220.0000000000
349 -219.0000000000
351 -218.0000000000
355 -217.0000000000
356 -216.0000000000
357 -215.0000000000
360 -214.0000000000
362 -213.0000000000
366 -212.0000000000
369 -211.0000000000
370 -210.0000000000
383 -209.0000000000
392 -208.0000000000
395 -207.0000000000
397 -206.0000000000
403 -205.0000000000
405 -204.0000000000
406 -203.0000000000
407 -202.0000000000
408 -201.0000000000
409 -200.0000000000
412 -199.0000000000
413 -198.0000000000
417 -197.0000000000
418 -196.0000000000
421 -195.0000000000
423 -194.0000000000
429 -193.0000000000
430 -192.0000000000
432 -191.0000000000
433 -190.0000000000
437 -189.0000000000
438 -188.0000000000
440 -187.0000000000
442 -186.0000000000
445 -185.0000000000
452 -184.0000000000
456 -183.0000000000
457 -182.0000000000
460 -181.0000000000
468 -180.0000000000
470 -179.0000000000
479 -178.0000000000
481 -177.0000000000
483 -176.0000000000
490 -175.0000000000
491 -174.0000000000
493 -173.0000000000
499 -172.0000000000
511 -171.0000000000
516 -170.0000000000
518 -169.0000000000
519 -168.0000000000
522 -167.0000000000
527 -166.0000000000
529 -165.0000000000
532 -164.0000000000
541 -163.0000000000
549 -162.0000000000
550 -161.0000000000
554 -160.0000000000
555 -159.0000000000
559 -158.0000000000
560 -157.0000000000
562 -156.0000000000
565 -155.0000000000
567 -154.0000000000
569 -153.0000000000
570 -152.0000000000
576 -151.0000000000
580 -150.0000000000
588 -149.0000000000
589 -148.0000000000
596 -147.0000000000
600 -146.0000000000
609 -145.0000000000
613 -144.0000000000
616 -143.0000000000
619 -142.0000000000
627 -141.0000000000
635 -140.0000000000
637 -139.0000000000
641 -138.0000000000
646 -137.0000000000
648 -136.0000000000
655 -135.0000000000
660 -134.0000000000
667 -133.0000000000
682 -132.0000000000
689 -131.0000000000
697 -130.0000000000
699 -129.0000000000
706 -128.0000000000
719 -127.0000000000
732 -126.0000000000
755 -125.0000000000
758 -124.0000000000
760 -123.0000000000
762 -122.0000000000
764 -121.0000000000
774 -120.0000000000
775 -119.0000000000
785 -118.0000000000
787 -117.0000000000
795 -116.0000000000
798 -115.0000000000
802 -114.0000000000
808 -113.0000000000
814 -112.0000000000
817 -111.0000000000
825 -110.0000000000
827 -109.0000000000
830 -108.0000000000
833 -107.0000000000
845 -106.0000000000
846 -105.0000000000
849 -104.0000000000
854 -103.0000000000
874 -102.0000000000
875 -101.0000000000
878 -100.0000000000
885 -99.0000000000
887 -98.0000000000
894 -97.0000000000
895 -96.0000000000
899 -95.0000000000
900 -94.0000000000
901 -93.0000000000
904 -92.0000000000
905 -91.0000000000
915 -90.0000000000
916 -89.0000000000
917 -88.0000000000
922 -87.0000000000
937 -86.0000000000
948 -85.0000000000
954 -84.0000000000
956 -83.0000000000
961 -82.0000000000
968 -81.0000000000
970 -80.0000000000
987 -79.0000000000
996 -78.0000000000
1006 -77.0000000000
1008 -76.0000000000
1011 -75.0000000000
1014 -74.0000000000
1021 -73.0000000000
1024 -72.0000000000
1028 -71.0000000000
1036 -70.0000000000
1038 -69.0000000000
1045 -68.0000000000
1057 -67.0000000000
1059 -66.0000000000
1069 -65.0000000000
1117 -64.0000000000
1124 -63.0000000000
1140 -62.0000000000
1145 -61.0000000000
1174 -60.0000000000
1194 -59.0000000000
1206 -58.0000000000
1212 -57.0000000000
1251 -56.0000000000
1275 -55.0000000000
1281 -54.0000000000
1327 -53.0000000000
1336 -52.0000000000
1350 -51.0000000000
1354 -50.0000000000
1355 -49.0000000000
1362 -48.0000000000
1369 -47.0000000000
1380 -46.0000000000
1384 -45.0000000000
1427 -44.0000000000
1436 -43.0000000000
1451 -42.0000000000
1468 -41.0000000000
1482 -40.0000000000
1492 -39.0000000000
1518 -38.0000000000
1533 -37.0000000000
1545 -36.0000000000
1576 -35.0000000000
1589 -34.0000000000
1631 -33.0000000000
1669 -32.0000000000
1709 -31.0000000000
1728 -30.0000000000
1751 -29.0000000000
1777 -28.0000000000
1803 -27.0000000000
1834 -26.0000000000
1837 -25.0000000000
1838 -24.0000000000
1855 -23.0000000000
1866 -22.0000000000
1888 -21.0000000000
1927 -20.0000000000
1940 -19.0000000000
1990 -18.0000000000
1991 -17.0000000000
2021 -16.0000000000
2062 -15.0000000000
2121 -14.0000000000
2143 -13.0000000000
2157 -12.0000000000
2222 -11.0000000000
2234 -10.0000000000
2242 -9.0000000000
2292 -8.0000000000
2356 -7.0000000000
2399 -6.0000000000
2438 -5.0000000000
2471 -4.0000000000
2497 -3.0000000000
2534 -2.0000000000
2675 -1.0000000000
2700 548.0000000000
10000 -1.0000000000
evaluations raw_y
1 -350.0000000000
2 -349.0000000000
4 -348.0000000000
13 -347.0000000000
15 -346.0000000000
16 -345.0000000000
17 -344.0000000000
18 -343.0000000000
21 -342.0000000000
23 -341.0000000000
25 -340.0000000000
27 -339.0000000000
28 -338.0000000000
30 -337.0000000000
31 -336.0000000000
32 -335.0000000000
35 -334.0000000000
36 -333.0000000000
38 -332.0000000000
39 -331.0000000000
40 -330.0000000000
41 -329.0000000000
42 -328.0000000000
43 -327.0000000000
46 -326.0000000000
48 -325.0000000000
53 -324.0000000000
55 -323.0000000000
59 -322.0000000000
60 -321.0000000000
62 -320.0000000000
64 -319.0000000000
65 -318.0000000000
66 -317.0000000000
69 -316.0000000000
76 -315.0000000000
78 -314.0000000000
79 -313.0000000000
80 -312.0000000000
81 -311.0000000000
89 -310.0000000000
91 -309.0000000000
94 -308.0000000000
101 -307.0000000000
103 -306.0000000000
110 -305.0000000000
112 -304.0000000000
117 -303.0000000000
119 -302.0000000000
126 -301.0000000000
129 -300.0000000000
130 -299.0000000000
133 -298.0000000000
135 -297.0000000000
141 -296.0000000000
142 -295.0000000000
143 -294.0000000000
144 -293.0000000000
146 -292.0000000000
148 -291.0000000000
149 -290.0000000000
150 -289.0000000000
154 -288.0000000000
155 -287.0000000000
156 -286.0000000000
160 -285.0000000000
167 -284.0000000000
173 -283.0000000000
175 -282.0000000000
177 -281.0000000000
179 -280.0000000000
181 -279.0000000000
183 -278.0000000000
184 -277.0000000000
186 -276.0000000000
195 -275.0000000000
197 -274.0000000000
201 -273.0000000000
203 -272.0000000000
204 -271.0000000000
210 -270.0000000000
211 -269.0000000000
212 -268.0000000000
217 -267.0000000000
218 -266.0000000000
219 -265.0000000000
220 -264.0000000000
221 -263.0000000000
230 -262.0000000000
232 -261.0000000000
233 -260.0000000000
237 -259.0000000000
241 -258.0000000000
246 -257.0000000000
249 -256.0000000000
250 -255.0000000000
251 -254.0000000000
254 -253.0000000000
257 -252.0000000000
260 -251.0000000000
268 -250.0000000000
269 -249.0000000000
270 -248.0000000000
272 -247.0000000000
276 -246.0000000000
278 -245.0000000000
286 -244.0000000000
287 -243.0000000000
289 -242.0000000000
290 -241.0000000000
297 -240.0000000000
304 -239.0000000000
305 -238.0000000000
310 -237.0000000000
312 -236.0000000000
319 -235.0000000000
321 -234.0000000000
325 -233.0000000000
326 -232.0000000000
329 -231.0000000000
332 -230.0000000000
334 -229.0000000000
337 -228.0000000000
341 -227.0000000000
342 -226.0000000000
350 -225.0000000000
352 -224.0000000000
357 -223.0000000000
360 -222.0000000000
362 -221.0000000000
364 -220.0000000000
365 -219.0000000000
366 -218.0000000000
368 -217.0000000000
371 -216.0000000000
372 -215.0000000000
383 -214.0000000000
388 -213.0000000000
389 -212.0000000000
390 -211.0000000000
391 -210.0000000000
404 -209.0000000000
407 -208.0000000000
411 -207.0000000000
413 -206.0000000000
414 -205.0000000000
417 -204.0000000000
418 -203.0000000000
421 -202.0000000000
423 -201.0000000000
424 -200.0000000000
433 -199.0000000000
436 -198.0000000000
443 -197.0000000000
446 -196.0000000000
448 -195.0000000000
450 -194.0000000000
451 -193.0000000000
453 -192.0000000000
457 -191.0000000000
459 -190.0000000000
466 -189.0000000000
467 -188.0000000000
468 -187.0000000000
477 -186.0000000000
478 -185.0000000000
480 -184.0000000000
483 -183.0000000000
487 -182.0000000000
488 -181.0000000000
494 -180.0000000000
495 -179.0000000000
497 -178.0000000000
507 -177.0000000000
508 -176.0000000000
515 -175.0000000000
519 -174.0000000000
520 -173.0000000000
526 -172.0000000000
527 -171.0000000000
529 -170.0000000000
531 -169.0000000000
543 -168.0000000000
547 -167.0000000000
552 -166.0000000000
556 -165.0000000000
557 -164.0000000000
573 -163.0000000000
596 -162.0000000000
599 -161.0000000000
600 -160.0000000000
602 -159.0000000000
604 -158.0000000000
607 -157.0000000000
611 -156.0000000000
621 -155.0000000000
625 -154.0000000000
626 -153.0000000000
627 -152.0000000000
628 -151.0000000000
629 -150.0000000000
641 -149.0000000000
646 -148.0000000000
651 -147.0000000000
654 -146.0000000000
671 -145.0000000000
684 -144.0000000000
689 -143.0000000000
690 -142.0000000000
698 -141.0000000000
700 -140.0000000000
705 -139.0000000000
714 -138.0000000000
718 -137.0000000000
723 -136.0000000000
727 -135.0000000000
730 -134.0000000000
734 -133.0000000000
737 -132.0000000000
743 -131.0000000000
750 -130.0000000000
756 -129.0000000000
757 -128.0000000000
758 -127.0000000000
761 -126.0000000000
762 -125.0000000000
767 -124.0000000000
783 -123.0000000000
787 -122.0000000000
791 -121.0000000000
793 -120.0000000000
806 -119.0000000000
835 -118.0000000000
851 -117.0000000000
852 -116.0000000000
854 -115.0000000000
857 -114.0000000000
870 -113.0000000000
876 -112.0000000000
881 -111.0000000000
885 -110.0000000000
900 -109.0000000000
903 -108.0000000000
904 -107.0000000000
906 -106.0000000000
911 -105.0000000000
914 -104.0000000000
928 -103.0000000000
931 -102.0000000000
934 -101.0000000000
939 -100.0000000000
942 -99.0000000000
945 -98.0000000000
947 -97.0000000000
951 -96.0000000000
979 -95.0000000000
1019 -94.0000000000
1020 -93.0000000000
1022 -92.0000000000
1030 -91.0000000000
1042 -90.0000000000
1054 -89.0000000000
1062 -88.0000000000
1072 -87.0000000000
1077 -86.0000000000
1084 -85.0000000000
1120 -84.0000000000
1121 -83.0000000000
1127 -82.0000000000
1139 -81.0000000000
1158 -80.0000000000
1161 -79.0000000000
1166 -78.0000000000
1190 -77.0000000000
1196 -76.0000000000
1197 -75.0000000000
1201 -74.0000000000
1209 -73.0000000000
1222 -72.0000000000
1231 -71.0000000000
1249 -70.0000000000
1297 -69.0000000000
1300 -68.0000000000
1320 -67.0000000000
1339 -66.0000000000
1341 -65.0000000000
1344 -64.0000000000
1347 -63.0000000000
1355 -62.0000000000
1364 -61.0000000000
1389 -60.0000000000
1390 -59.0000000000
1398 -58.0000000000
1401 -57.0000000000
1426 -56.0000000000
1429 -55.0000000000
1448 -54.0000000000
1451 -53.0000000000
1518 -52.0000000000
1520 -51.0000000000
1549 -50.0000000000
1558 -49.0000000000
1578 -48.0000000000
1607 -47.0000000000
1615 -46.0000000000
1619 -45.0000000000
1640 -44.0000000000
1674 -43.0000000000
1678 -42.0000000000
1684 -41.0000000000
1687 -40.0000000000
1692 -39.0000000000
1728 -38.0000000000
1733 -37.0000000000
1739 -36.0000000000
1747 -35.0000000000
1765 -34.0000000000
1784 -33.0000000000
1791 -32.0000000000
1804 -31.0000000000
1814 -30.0000000000
1827 -29.0000000000
1828 -28.0000000000
1921 -27.0000000000
1952 -26.0000000000
1964 -25.0000000000
1979 -24.0000000000
2015 -23.0000000000
2028 -22.0000000000
2054 -21.0000000000
2118 -20.0000000000
2130 -19.0000000000
2164 -18.0000000000
2168 -17.0000000000
2180 -16.0000000000
2212 -15.0000000000
2224 -14.0000000000
2231 -13.0000000000
2274 -12.0000000000
2290 -11.0000000000
2313 -10.0000000000
2323 -9.0000000000
2434 -8.0000000000
2439 -7.0000000000
2554 -6.0000000000
2845 -5.0000000000
2886 -4.0000000000
2899 -3.0000000000
2962 -2.0000000000
3012 -1.0000000000
3077 632.0000000000
10000 -1.0000000000
evaluations raw_y
1 -372.0000000000
5 -371.0000000000
7 -370.0000000000
8 -369.0000000000
9 -368.0000000000
11 -367.0000000000
14 -366.0000000000
18 -365.0000000000
22 -364.0000000000
23 -363.0000000000
24 -362.0000000000
27 -361.0000000000
29 -360.0000000000
34 -359.0000000000
36 -358.0000000000
39 -357.0000000000
42 -356.0000000000
43 -355.0000000000
45 -354.0000000000
46 -353.0000000000
47 -352.0000000000
49 -351.0000000000
56 -350.0000000000
59 -349.0000000000
61 -348.0000000000
62 -347.0000000000
63 -346.0000000000
64 -345.0000000000
67 -344.0000000000
69 -343.0000000000
72 -342.0000000000
73 -341.0000000000
74 -340.0000000000
78 -339.0000000000
83 -338.0000000000
84 -337.0000000000
85 -336.0000000000
89 -335.0000000000
91 -334.0000000000
93 -333.0000000000
94 -332.0000000000
95 -331.0000000000
99 -330.0000000000
101 -329.0000000000
105 -328.0000000000
107 -327.0000000000
108 -326.0000000000
110 -325.0000000000
115 -324.0000000000
116 -323.0000000000
119 -322.0000000000
121 -321.0000000000
122 -320.0000000000
124 -319.0000000000
126 -318.0000000000
127 -317.0000000000
132 -316.0000000000
133 -315.0000000000
134 -314.0000000000
136 -313.0000000000
138 -312.0000000000
140 -311.0000000000
141 -310.0000000000
142 -309.0000000000
146 -308.0000000000
148 -307.0000000000
150 -306.0000000000
152 -305.0000000000
153 -304.0000000000
158 -303.0000000000
160 -302.0000000000
162 -301.0000000000
164 -300.0000000000
166 -299.0000000000
168 -298.0000000000
170 -297.0000000000
171 -296.0000000000
172 -295.0000000000
176 -294.0000000000
178 -293.0000000000
179 -292.0000000000
185 -291.0000000000
186 -290.0000000000
191 -289.0000000000
194 -288.0000000000
197 -287.0000000000
199 -286.0000000000
200 -285.0000000000
205 -284.0000000000
207 -283.0000000000
208 -282.0000000000
210 -281.0000000000
212 -280.0000000000
214 -279.0000000000
218 -278.0000000000
220 -277.0000000000
221 -276.0000000000
222 -275.0000000000
224 -274.0000000000
227 -273.0000000000
229 -272.0000000000
230 -271.0000000000
231 -270.0000000000
232 -269.0000000000
235 -268.0000000000
242 -267.0000000000
247 -266.0000000000
248 -265.0000000000
252 -264.0000000000
254 -263.0000000000
258 -262.0000000000
260 -261.0000000000
261 -260.0000000000
262 -259.0000000000
267 -258.0000000000
273 -257.0000000000
274 -256.0000000000
276 -255.0000000000
277 -254.0000000000
278 -253.0000000000
279 -252.0000000000
280 -251.0000000000
281 -250.0000000000
284 -249.0000000000
285 -248.0000000000
291 -247.0000000000
293 -246.0000000000
294 -245.0000000000
295 -244.0000000000
296 -243.0000000000
298 -242.0000000000
299 -241.0000000000
301 -240.0000000000
302 -239.0000000000
303 -238.0000000000
305 -237.0000000000
309 -236.0000000000
310 -235.0000000000
311 -234.0000000000
314 -233.0000000000
316 -232.0000000000
319 -231.0000000000
323 -230.0000000000
326 -229.0000000000
327 -228.0000000000
331 -227.0000000000
335 -226.0000000000
338 -225.0000000000
343 -224.0000000000
348 -223.0000000000
351 -222.0000000000
355 -221.0000000000
356 -220.0000000000
359 -219.0000000000
362 -218.0000000000
365 -217.0000000000
366 -216.0000000000
367 -215.0000000000
369 -214.0000000000
370 -213.0000000000
371 -212.0000000000
379 -211.0000000000
381 -210.0000000000
382 -209.0000000000
385 -208.0000000000
389 -207.0000000000
395 -206.0000000000
396 -205.0000000000
399 -204.0000000000
402 -203.0000000000
403 -202.0000000000
414 -201.0000000000
415 -200.0000000000
418 -199.0000000000
421 -198.0000000000
422 -197.0000000000
424 -196.0000000000
427 -195.0000000000
428 -194.0000000000
433 -193.0000000000
435 -192.0000000000
438 -191.0000000000
443 -190.0000000000
444 -189.0000000000
445 -188.0000000000
454 -187.0000000000
458 -186.0000000000
459 -185.0000000000
470 -184.0000000000
471 -183.0000000000
472 -182.0000000000
474 -181.0000000000
475 -180.0000000000
484 -179.0000000000
492 -178.0000000000
496 -177.0000000000
499 -176.0000000000
502 -175.0000000000
505 -174.0000000000
517 -173.0000000000
520 -172.0000000000
521 -171.0000000000
527 -170.0000000000
533 -169.0000000000
539 -168.0000000000
544 -167.0000000000
547 -166.0000000000
551 -165.0000000000
556 -164.0000000000
562 -163.0000000000
571 -162.0000000000
573 -161.0000000000
575 -160.0000000000
576 -159.0000000000
578 -158.0000000000
579 -157.0000000000
581 -156.0000000000
590 -155.0000000000
593 -154.0000000000
596 -153.0000000000
604 -152.0000000000
605 -151.0000000000
610 -150.0000000000
612 -149.0000000000
617 -148.0000000000
620 -147.0000000000
622 -146.0000000000
623 -145.0000000000
629 -144.0000000000
633 -143.0000000000
638 -142.0000000000
643 -141.0000000000
645 -140.0000000000
649 -139.0000000000
661 -138.0000000000
663 -137.0000000000
671 -136.0000000000
673 -135.0000000000
676 -134.0000000000
677 -133.0000000000
684 -132.0000000000
693 -131.0000000000
699 -130.0000000000
723 -129.0000000000
724 -128.0000000000
727 -127.0000000000
733 -126.0000000000
743 -125.0000000000
749 -124.0000000000
756 -123.0000000000
763 -122.0000000000
768 -121.0000000000
776 -120.0000000000
779 -119.0000000000
783 -118.0000000000
789 -117.0000000000
796 -116.0000000000
798 -115.0000000000
810 -114.0000000000
811 -113.0000000000
812 -112.0000000000
826 -111.0000000000
829 -110.0000000000
830 -109.0000000000
836 -108.0000000000
842 -107.0000000000
843 -106.0000000000
848 -105.0000000000
863 -104.0000000000
875 -103.0000000000
902 -102.0000000000
907 -101.0000000000
914 -100.0000000000
919 -99.0000000000
922 -98.0000000000
944 -97.0000000000
945 -96.0000000000
960 -95.0000000000
963 -94.0000000000
967 -93.0000000000
972 -92.0000000000
975 -91.0000000000
994 -90.0000000000
1017 -89.0000000000
1039 -88.0000000000
1053 -87.0000000000
1059 -86.0000000000
1065 -85.0000000000
1066 -84.0000000000
1073 -83.0000000000
1074 -82.0000000000
1097 -81.0000000000
1100 -80.0000000000
1104 -79.0000000000
1106 -78.0000000000
1109 -77.0000000000
1138 -76.0000000000
1147 -75.0000000000
1164 -74.0000000000
1165 -73.0000000000
1180 -72.0000000000
1184 -71.0000000000
1192 -70.0000000000
1203 -69.0000000000
1212 -68.0000000000
1229 -67.0000000000
1230 -66.0000000000
1239 -65.0000000000
1256 -64.0000000000
1274 -63.0000000000
1276 -62.0000000000
1289 -61.0000000000
1305 -60.0000000000
1329 -59.0000000000
1355 -58.0000000000
1359 -57.0000000000
1373 -56.0000000000
1380 -55.0000000000
1409 -54.0000000000
1425 -53.0000000000
1437 -52.0000000000
1438 -51.0000000000
1440 -50.0000000000
1466 -49.0000000000
1474 -48.0000000000
1492 -47.0000000000
1496 -46.0000000000
1498 -45.0000000000
1500 -44.0000000000
1511 -43.0000000000
1519 -42.0000000000
1526 -41.0000000000
1530 -40.0000000000
1533 -39.0000000000
1542 -38.0000000000
1557 -37.0000000000
1560 -36.0000000000
1582 -35.0000000000
1638 -34.0000000000
1645 -33.0000000000
1647 -32.0000000000
1661 -31.0000000000
1700 -30.0000000000
1701 -29.0000000000
1703 -28.0000000000
1737 -27.0000000000
1751 -26.0000000000
1800 -25.0000000000
1847 -24.0000000000
1857 -23.0000000000
1880 -22.0000000000
1884 -21.0000000000
1907 -20.0000000000
1950 -19.0000000000
1951 -18.0000000000
2006 -17.0000000000
2013 -16.0000000000
2058 -15.0000000000
2072 -14.0000000000
2081 -13.0000000000
2095 -12.0000000000
2196 -11.0000000000
2213 -10.0000000000
2254 -9.0000000000
2267 -8.0000000000
2281 -7.0000000000
2351 -6.0000000000
2407 -5.0000000000
2421 -4.0000000000
2431 -3.0000000000
2443 -2.0000000000
2444 -1.0000000000
2489 607.0000000000
10000 -1.0000000000
evaluations raw_y
1 -380.0000000000
4 -379.0000000000
10 -378.0000000000
11 -377.0000000000
12 -376.0000000000
14 -375.0000000000
15 -374.0000000000
16 -373.0000000000
20 -372.0000000000
21 -371.0000000000
23 -370.0000000000
24 -369.0000000000
28 -368.0000000000
33 -367.0000000000
34 -366.0000000000
38 -365.0000000000
39 -364.0000000000
40 -363.0000000000
41 -362.0000000000
42 -361.0000000000
43 -360.0000000000
44 -359.0000000000
47 -358.0000000000
48 -357.0000000000
50 -356.0000000000
52 -355.0000000000
53 -354.0000000000
56 -353.0000000000
58 -352.0000000000
59 -351.0000000000
63 -350.0000000000
68 -349.0000000000
71 -348.0000000000
72 -347.0000000000
75 -346.0000000000
78 -345.0000000000
80 -344.0000000000
81 -343.0000000000
82 -342.0000000000
83 -341.0000000000
88 -340.0000000000
89 -339.0000000000
90 -338.0000000000
91 -337.0000000000
92 -336.0000000000
94 -335.0000000000
98 -334.0000000000
99 -333.0000000000
106 -332.0000000000
107 -331.0000000000
111 -330.0000000000
112 -329.0000000000
115 -328.0000000000
117 -327.0000000000
119 -326.0000000000
124 -325.0000000000
129 -324.0000000000
133 -323.0000000000
136 -322.0000000000
139 -321.0000000000
140 -320.0000000000
142 -319.0000000000
143 -318.0000000000
144 -317.0000000000
146 -316.0000000000
147 -315.0000000000
149 -314.0000000000
150 -313.0000000000
152 -312.0000000000
155 -311.0000000000
157 -310.0000000000
159 -309.0000000000
160 -308.0000000000
162 -307.0000000000
164 -306.0000000000
165 -305.0000000000
171 -304.0000000000
174 -303.0000000000
175 -302.0000000000
177 -301.0000000000
178 -300.0000000000
179 -299.0000000000
180 -298.0000000000
181 -297.0000000000
185 -296.0000000000
186 -295.0000000000
189 -294.0000000000
195 -293.0000000000
197 -292.0000000000
199 -291.0000000000
200 -290.0000000000
201 -289.0000000000
202 -288.0000000000
203 -287.0000000000
208 -286.0000000000
211 -285.0000000000
213 -284.0000000000
218 -283.0000000000
221 -282.0000000000
223 -281.0000000000
227 -280.0000000000
228 -279.0000000000
229 -278.0000000000
231 -277.0000000000
233 -276.0000000000
242 -275.0000000000
243 -274.0000000000
244 -273.0000000000
246 -272.0000000000
251 -271.0000000000
252 -270.0000000000
254 -269.0000000000
256 -268.0000000000
257 -267.0000000000
258 -266.0000000000
263 -265.0000000000
264 -264.0000000000
265 -263.0000000000
266 -262.0000000000
269 -261.0000000000
270 -260.0000000000
272 -259.0000000000
276 -258.0000000000
277 -257.0000000000
278 -256.0000000000
280 -255.0000000000
282 -254.0000000000
283 -253.0000000000
286 -252.0000000000
289 -251.0000000000
291 -250.0000000000
297 -249.0000000000
298 -248.0000000000
304 -247.0000000000
306 -246.0000000000
310 -245.0000000000
313 -244.0000000000
314 -243.0000000000
315 -242.0000000000
319 -241.0000000000
321 -240.0000000000
322 -239.0000000000
323 -238.0000000000
325 -237.0000000000
326 -236.0000000000
332 -235.0000000000
333 -234.0000000000
334 -233.0000000000
336 -232.0000000000
337 -231.0000000000
338 -230.0000000000
347 -229.0000000000
351 -228.0000000000
353 -227.0000000000
358 -226.0000000000
359 -225.0000000000
363 -224.0000000000
365 -223.0000000000
366 -222.0000000000
367 -221.0000000000
368 -220.0000000000
369 -219.0000000000
373 -218.0000000000
380 -217.0000000000
381 -216.0000000000
383 -215.0000000000
387 -214.0000000000
394 -213.0000000000
396 -212.0000000000
397 -211.0000000000
402 -210.0000000000
405 -209.0000000000
409 -208.0000000000
417 -207.0000000000
420 -206.0000000000
427 -205.0000000000
428 -204.0000000000
430 -203.0000000000
433 -202.0000000000
435 -201.0000000000
436 -200.0000000000
438 -199.0000000000
444 -198.0000000000
452 -197.0000000000
461 -196.0000000000
462 -195.0000000000
467 -194.0000000000
468 -193.0000000000
489 -192.0000000000
496 -191.0000000000
497 -190.0000000000
498 -189.0000000000
500 -188.0000000000
517 -187.0000000000
518 -186.0000000000
520 -185.0000000000
521 -184.0000000000
522 -183.0000000000
523 -182.0000000000
528 -181.0000000000
535 -180.0000000000
538 -179.0000000000
539 -178.0000000000
550 -177.0000000000
556 -176.0000000000
563 -175.0000000000
565 -174.0000000000
567 -173.0000000000
569 -172.0000000000
572 -171.0000000000
575 -170.0000000000
576 -169.0000000000
579 -168.0000000000
581 -167.0000000000
584 -166.0000000000
587 -165.0000000000
590 -164.0000000000
598 -163.0000000000
604 -162.0000000000
610 -161.0000000000
612 -160.0000000000
616 -159.0000000000
620 -158.0000000000
623 -157.0000000000
627 -156.0000000000
629 -155.0000000000
641 -154.0000000000
645 -153.0000000000
654 -152.0000000000
662 -151.0000000000
665 -150.0000000000
669 -149.0000000000
675 -148.0000000000
678 -147.0000000000
680 -146.0000000000
690 -145.0000000000
696 -144.0000000000
697 -143.0000000000
702 -142.0000000000
713 -141.0000000000
716 -140.0000000000
717 -139.0000000000
718 -138.0000000000
719 -137.0000000000
720 -136.0000000000
722 -135.0000000000
733 -134.0000000000
738 -133.0000000000
740 -132.0000000000
750 -131.0000000000
753 -130.0000000000
754 -129.0000000000
761 -128.0000000000
763 -127.0000000000
765 -126.0000000000
767 -125.0000000000
774 -124.0000000000
788 -123.0000000000
793 -122.0000000000
796 -121.0000000000
804 -120.0000000000
808 -119.0000000000
811 -118.0000000000
820 -117.0000000000
827 -116.0000000000
830 -115.0000000000
840 -114.0000000000
843 -113.0000000000
847 -112.0000000000
853 -111.0000000000
856 -110.0000000000
863 -109.0000000000
889 -108.0000000000
890 -107.0000000000
899 -106.0000000000
904 -105.0000000000
912 -104.0000000000
915 -103.0000000000
934 -102.0000000000
938 -101.0000000000
940 -100.0000000000
946 -99.0000000000
948 -98.0000000000
950 -97.0000000000
954 -96.0000000000
962 -95.0000000000
970 -94.0000000000
974 -93.0000000000
980 -92.0000000000
982 -91.0000000000
984 -90.0000000000
986 -89.0000000000
987 -88.0000000000
989 -87.0000000000
991 -86.0000000000
1007 -85.0000000000
1014 -84.0000000000
1020 -83.0000000000
1031 -82.0000000000
1038 -81.0000000000
1045 -80.0000000000
1051 -79.0000000000
1057 -78.0000000000
1060 -77.0000000000
1074 -76.0000000000
1077 -75.0000000000
1078 -74.0000000000
1102 -73.0000000000
1105 -72.0000000000
1118 -71.0000000000
1120 -70.0000000000
1123 -69.0000000000
1126 -68.0000000000
1133 -67.0000000000
1144 -66.0000000000
1147 -65.0000000000
1162 -64.0000000000
1163 -63.0000000000
1174 -62.0000000000
1177 -61.0000000000
1190 -60.0000000000
1195 -59.0000000000
1209 -58.0000000000
1213 -57.0000000000
1214 -56.0000000000
1222 -55.0000000000
1230 -54.0000000000
1235 -53.0000000000
1244 -52.0000000000
1253 -51.0000000000
1273 -50.0000000000
1337 -49.0000000000
1352 -48.0000000000
1356 -47.0000000000
1365 -46.0000000000
1371 -45.0000000000
1374 -44.0000000000
1391 -43.0000000000
1412 -42.0000000000
1419 -41.0000000000
1448 -40.0000000000
1462 -39.0000000000
1479 -38.0000000000
1511 -37.0000000000
1581 -36.0000000000
1608 -35.0000000000
1610 -34.0000000000
1631 -33.0000000000
1647 -32.0000000000
1677 -31.0000000000
1690 -30.0000000000
1705 -29.0000000000
1720 -28.0000000000
1751 -27.0000000000
1778 -26.0000000000
1782 -25.0000000000
1811 -24.0000000000
1846 -23.0000000000
1928 -22.0000000000
1983 -21.0000000000
2037 -20.0000000000
2041 -19.0000000000
2165 -18.0000000000
2200 -17.0000000000
2236 -16.0000000000
2252 -15.0000000000
2274 -14.0000000000
2294 -13.0000000000
2340 -12.0000000000
2348 -11.0000000000
2354 -10.0000000000
2503 -9.0000000000
2520 -8.0000000000
2524 -7.0000000000
2544 -6.0000000000
2573 -5.0000000000
2718 -4.0000000000
2727 -3.0000000000
2773 -2.0000000000
2862 -1.0000000000
2871 565.0000000000
10000 -1.0000000000
evaluations raw_y
1 -375.0000000000
2 -374.0000000000
3 -373.0000000000
5 -372.0000000000
7 -371.0000000000
8 -370.0000000000
11 -369.0000000000
12 -368.0000000000
14 -367.0000000000
15 -366.0000000000
16 -365.0000000000
17 -364.0000000000
21 -363.0000000000
25 -362.0000000000
26 -361.0000000000
27 -360.0000000000
31 -359.0000000000
34 -358.0000000000
42 -357.0000000000
43 -356.0000000000
48 -355.0000000000
51 -354.0000000000
52 -353.0000000000
53 -352.0000000000
55 -351.0000000000
56 -350.0000000000
58 -349.0000000000
59 -348.0000000000
61 -347.0000000000
62 -346.0000000000
63 -345.0000000000
64 -344.0000000000
65 -343.0000000000
66 -342.0000000000
68 -341.0000000000
70 -340.0000000000
73 -339.0000000000
75 -338.0000000000
77 -337.0000000000
81 -336.0000000000
84 -335.0000000000
85 -334.0000000000
89 -333.0000000000
90 -332.0000000000
93 -331.0000000000
94 -330.0000000000
97 -329.0000000000
98 -328.0000000000
99 -327.0000000000
101 -326.0000000000
103 -325.0000000000
104 -324.0000000000
106 -323.0000000000
107 -322.0000000000
108 -321.0000000000
109 -320.0000000000
110 -319.0000000000
111 -318.0000000000
119 -317.0000000000
121 -316.0000000000
122 -315.0000000000
123 -314.0000000000
125 -313.0000000000
131 -312.0000000000
135 -311.0000000000
137 -310.0000000000
141 -309.0000000000
142 -308.0000000000
143 -307.0000000000
145 -306.0000000000
153 -305.0000000000
157 -304.0000000000
166 -303.0000000000
167 -302.0000000000
169 -301.0000000000
173 -300.0000000000
174 -299.0000000000
177 -298.0000000000
182 -297.0000000000
191 -296.0000000000
194 -295.0000000000
198 -294.0000000000
199 -293.0000000000
200 -292.0000000000
202 -291.0000000000
203 -290.0000000000
206 -289.0000000000
210 -288.0000000000
215 -287.0000000000
217 -286.0000000000
218 -285.0000000000
219 -284.0000000000
220 -283.0000000000
221 -282.0000000000
222 -281.0000000000
226 -280.0000000000
227 -279.0000000000
232 -278.0000000000
235 -277.0000000000
238 -276.0000000000
240 -275.0000000000
242 -274.0000000000
245 -273.0000000000
247 -272.0000000000
254 -271.0000000000
257 -270.0000000000
259 -269.0000000000
263 -268.0000000000
264 -267.0000000000
265 -266.0000000000
266 -265.0000000000
268 -264.0000000000
280 -263.0000000000
281 -262.0000000000
284 -261.0000000000
286 -260.0000000000
287 -259.0000000000
288 -258.0000000000
289 -257.0000000000
290 -256.0000000000
291 -255.0000000000
294 -254.0000000000
302 -253.0000000000
306 -252.0000000000
310 -251.0000000000
314 -250.0000000000
316 -249.0000000000
318 -248.0000000000
319 -247.0000000000
325 -246.0000000000
326 -245.0000000000
327 -244.0000000000
328 -243.0000000000
331 -242.0000000000
333 -241.0000000000
339 -240.0000000000
345 -239.0000000000
348 -238.0000000000
349 -237.0000000000
351 -236.0000000000
355 -235.0000000000
356 -234.0000000000
358 -233.0000000000
360 -232.0000000000
362 -231.0000000000
365 -230.0000000000
368 -229.0000000000
369 -228.0000000000
372 -227.0000000000
373 -226.0000000000
378 -225.0000000000
379 -224.0000000000
380 -223.0000000000
381 -222.0000000000
384 -221.0000000000
385 -220.0000000000
389 -219.0000000000
392 -218.0000000000
395 -217.0000000000
396 -216.0000000000
397 -215.0000000000
400 -214.0000000000
401 -213.0000000000
406 -212.0000000000
409 -211.0000000000
416 -210.0000000000
424 -209.0000000000
427 -208.0000000000
431 -207.0000000000
432 -206.0000000000
433 -205.0000000000
436 -204.0000000000
439 -203.0000000000
440 -202.0000000000
441 -201.0000000000
445 -200.0000000000
447 -199.0000000000
450 -198.0000000000
453 -197.0000000000
454 -196.0000000000
457 -195.0000000000
459 -194.0000000000
462 -193.0000000000
467 -192.0000000000
468 -191.0000000000
474 -190.0000000000
475 -189.0000000000
479 -188.0000000000
486 -187.0000000000
488 -186.0000000000
490 -185.0000000000
494 -184.0000000000
495 -183.0000000000
496 -182.0000000000
501 -181.0000000000
503 -180.0000000000
509 -179.0000000000
512 -178.0000000000
514 -177.0000000000
520 -176.0000000000
529 -175.0000000000
532 -174.0000000000
536 -173.0000000000
538 -172.0000000000
553 -171.0000000000
555 -170.0000000000
558 -169.0000000000
559 -168.0000000000
560 -167.0000000000
564 -166.0000000000
567 -165.0000000000
576 -164.0000000000
583 -163.0000000000
596 -162.0000000000
599 -161.0000000000
608 -160.0000000000
609 -159.0000000000
613 -158.0000000000
616 -157.0000000000
617 -156.0000000000
622 -155.0000000000
625 -154.0000000000
630 -153.0000000000
643 -152.0000000000
645 -151.0000000000
646 -150.0000000000
647 -149.0000000000
650 -148.0000000000
652 -147.0000000000
656 -146.0000000000
661 -145.0000000000
665 -144.0000000000
669 -143.0000000000
670 -142.0000000000
672 -141.0000000000
674 -140.0000000000
676 -139.0000000000
677 -138.0000000000
680 -137.0000000000
684 -136.0000000000
694 -135.0000000000
700 -134.0000000000
705 -133.0000000000
707 -132.0000000000
709 -131.0000000000
713 -130.0000000000
715 -129.0000000000
722 -128.0000000000
724 -127.0000000000
728 -126.0000000000
731 -125.0000000000
735 -124.0000000000
738 -123.0000000000
740 -122.0000000000
741 -121.0000000000
745 -120.0000000000
749 -119.0000000000
752 -118.0000000000
754 -117.0000000000
755 -116.0000000000
759 -115.0000000000
768 -114.0000000000
770 -113.0000000000
775 -112.0000000000
779 -111.0000000000
798 -110.0000000000
800 -109.0000000000
801 -108.0000000000
803 -107.0000000000
806 -106.0000000000
826 -105.0000000000
838 -104.0000000000
842 -103.0000000000
848 -102.0000000000
849 -101.0000000000
850 -100.0000000000
865 -99.0000000000
890 -98.0000000000
906 -97.0000000000
910 -96.0000000000
912 -95.0000000000
916 -94.0000000000
926 -93.0000000000
927 -92.0000000000
929 -91.0000000000
933 -90.0000000000
940 -89.0000000000
941 -88.0000000000
943 -87.0000000000
948 -86.0000000000
976 -85.0000000000
988 -84.0000000000
991 -83.0000000000
993 -82.0000000000
1010 -81.0000000000
1030 -80.0000000000
1041 -79.0000000000
1042 -78.0000000000
1056 -77.0000000000
1069 -76.0000000000
1072 -75.0000000000
1082 -74.0000000000
1088 -73.0000000000
1091 -72.0000000000
1097 -71.0000000000
1108 -70.0000000000
1120 -69.0000000000
1124 -68.0000000000
1129 -67.0000000000
1143 -66.0000000000
1163 -65.0000000000
1171 -64.0000000000
1191 -63.0000000000
1212 -62.0000000000
1224 -61.0000000000
1254 -60.0000000000
1258 -59.0000000000
1266 -58.0000000000
1271 -57.0000000000
1327 -56.0000000000
1330 -55.0000000000
1356 -54.0000000000
1387 -53.0000000000
1396 -52.0000000000
1418 -51.0000000000
1453 -50.0000000000
1458 -49.0000000000
1459 -48.0000000000
1474 -47.0000000000
1500 -46.0000000000
1506 -45.0000000000
1573 -44.0000000000
1581 -43.0000000000
1583 -42.0000000000
1591 -41.0000000000
1597 -40.0000000000
1615 -39.0000000000
1641 -38.0000000000
1656 -37.0000000000
1669 -36.0000000000
1687 -35.0000000000
1693 -34.0000000000
1695 -33.0000000000
1715 -32.0000000000
1727 -31.0000000000
1729 -30.0000000000
1752 -29.0000000000
1773 -28.0000000000
1891 -27.0000000000
1901 -26.0000000000
1904 -25.0000000000
1953 -24.0000000000
1962 -23.0000000000
1964 -22.0000000000
1983 -21.0000000000
2013 -20.0000000000
2025 -19.0000000000
2032 -18.0000000000
2070 -17.0000000000
2071 -16.0000000000
2075 -15.0000000000
2138 -14.0000000000
2176 -13.0000000000
2206 -12.0000000000
2214 -11.0000000000
2228 -10.0000000000
2260 -9.0000000000
2329 -8.0000000000
2344 -7.0000000000
2355 -6.0000000000
2364 -5.0000000000
2389 -4.0000000000
2507 -3.0000000000
2519 -2.0000000000
2567 -1.0000000000
2732 572.0000000000
10000 -1.0000000000
evaluations raw_y
1 -386.0000000000
2 -385.0000000000
5 -384.0000000000
8 -383.0000000000
9 -382.0000000000
11 -381.0000000000
12 -380.0000000000
14 -379.0000000000
15 -378.0000000000
19 -377.0000000000
20 -376.0000000000
21 -375.0000000000
22 -374.0000000000
23 -373.0000000000
24 -372.0000000000
26 -371.0000000000
30 -370.0000000000
31 -369.0000000000
32 -368.0000000000
33 -367.0000000000
39 -366.0000000000
40 -365.0000000000
41 -364.0000000000
42 -363.0000000000
46 -362.0000000000
48 -361.0000000000
51 -360.0000000000
52 -359.0000000000
53 -358.0000000000
57 -357.0000000000
58 -356.0000000000
60 -355.0000000000
61 -354.0000000000
63 -353.0000000000
64 -352.0000000000
72 -351.0000000000
73 -350.0000000000
75 -349.0000000000
76 -348.0000000000
78 -347.0000000000
79 -346.0000000000
81 -345.0000000000
82 -344.0000000000
83 -343.0000000000
84 -342.0000000000
85 -341.0000000000
87 -340.0000000000
88 -339.0000000000
89 -338.0000000000
94 -337.0000000000
95 -336.0000000000
96 -335.0000000000
97 -334.0000000000
99 -333.0000000000
102 -332.0000000000
103 -331.0000000000
104 -330.0000000000
111 -329.0000000000
113 -328.0000000000
117 -327.0000000000
120 -326.0000000000
124 -325.0000000000
127 -324.0000000000
128 -323.0000000000
130 -322.0000000000
133 -321.0000000000
136 -320.0000000000
137 -319.0000000000
139 -318.0000000000
142 -317.0000000000
146 -316.0000000000
153 -315.0000000000
155 -314.0000000000
156 -313.0000000000
157 -312.0000000000
158 -311.0000000000
164 -310.0000000000
166 -309.0000000000
169 -308.0000000000
170 -307.0000000000
171 -306.0000000000
174 -305.0000000000
175 -304.0000000000
176 -303.0000000000
177 -302.0000000000
180 -301.0000000000
181 -300.0000000000
183 -299.0000000000
184 -298.0000000000
185 -297.0000000000
186 -296.0000000000
192 -295.0000000000
194 -294.0000000000
199 -293.0000000000
200 -292.0000000000
206 -291.0000000000
208 -290.0000000000
210 -289.0000000000
217 -288.0000000000
219 -287.0000000000
221 -286.0000000000
223 -285.0000000000
225 -284.0000000000
226 -283.0000000000
227 -282.0000000000
228 -281.0000000000
230 -280.0000000000
231 -279.0000000000
232 -278.0000000000
235 -277.0000000000
236 -276.0000000000
240 -275.0000000000
241 -274.0000000000
250 -273.0000000000
252 -272.0000000000
254 -271.0000000000
258 -270.0000000000
259 -269.0000000000
261 -268.0000000000
262 -267.0000000000
264 -266.0000000000
265 -265.0000000000
266 -264.0000000000
269 -263.0000000000
273 -262.0000000000
278 -261.0000000000
282 -260.0000000000
285 -259.0000000000
286 -258.0000000000
288 -257.0000000000
295 -256.0000000000
296 -255.0000000000
304 -254.0000000000
307 -253.0000000000
312 -252.0000000000
317 -251.0000000000
318 -250.0000000000
319 -249.0000000000
320 -248.0000000000
325 -247.0000000000
327 -246.0000000000
328 -245.0000000000
330 -244.0000000000
335 -243.0000000000
336 -242.0000000000
337 -241.0000000000
338 -240.0000000000
344 -239.0000000000
345 -238.0000000000
347 -237.0000000000
348 -236.0000000000
359 -235.0000000000
362 -234.0000000000
365 -233.0000000000
366 -232.0000000000
368 -231.0000000000
370 -230.0000000000
371 -229.0000000000
375 -228.0000000000
376 -227.0000000000
379 -226.0000000000
384 -225.0000000000
385 -224.0000000000
386 -223.0000000000
388 -222.0000000000
391 -221.0000000000
392 -220.0000000000
395 -219.0000000000
403 -218.0000000000
405 -217.0000000000
407 -216.0000000000
410 -215.0000000000
411 -214.0000000000
412 -213.0000000000
415 -212.0000000000
416 -211.0000000000
418 -210.0000000000
424 -209.0000000000
431 -208.0000000000
433 -207.0000000000
435 -206.0000000000
436 -205.0000000000
441 -204.0000000000
446 -203.0000000000
448 -202.0000000000
454 -201.0000000000
457 -200.0000000000
463 -199.0000000000
466 -198.0000000000
468 -197.0000000000
474 -196.0000000000
475 -195.0000000000
480 -194.0000000000
482 -193.0000000000
494 -192.0000000000
499 -191.0000000000
501 -190.0000000000
503 -189.0000000000
514 -188.0000000000
520 -187.0000000000
524 -186.0000000000
526 -185.0000000000
532 -184.0000000000
536 -183.0000000000
544 -182.0000000000
545 -181.0000000000
548 -180.0000000000
551 -179.0000000000
553 -178.0000000000
555 -177.0000000000
568 -176.0000000000
588 -175.0000000000
589 -174.0000000000
601 -173.0000000000
609 -172.0000000000
613 -171.0000000000
615 -170.0000000000
617 -169.0000000000
621 -168.0000000000
626 -167.0000000000
627 -166.0000000000
629 -165.0000000000
641 -164.0000000000
642 -163.0000000000
661 -162.0000000000
663 -161.0000000000
680 -160.0000000000
686 -159.0000000000
687 -158.0000000000
691 -157.0000000000
722 -156.0000000000
725 -155.0000000000
741 -154.0000000000
750 -153.0000000000
752 -152.0000000000
762 -151.0000000000
765 -150.0000000000
766 -149.0000000000
770 -148.0000000000
783 -147.0000000000
785 -146.0000000000
794 -145.0000000000
795 -144.0000000000
797 -143.0000000000
799 -142.0000000000
808 -141.0000000000
811 -140.0000000000
812 -139.0000000000
813 -138.0000000000
824 -137.0000000000
834 -136.0000000000
837 -135.0000000000
838 -134.0000000000
843 -133.0000000000
856 -132.0000000000
857 -131.0000000000
859 -130.0000000000
861 -129.0000000000
863 -128.0000000000
864 -127.0000000000
871 -126.0000000000
885 -125.0000000000
891 -124.0000000000
894 -123.0000000000
906 -122.0000000000
911 -121.0000000000
912 -120.0000000000
914 -119.0000000000
915 -118.0000000000
925 -117.0000000000
927 -116.0000000000
929 -115.0000000000
930 -114.0000000000
944 -113.0000000000
947 -112.0000000000
949 -111.0000000000
950 -110.0000000000
954 -109.0000000000
963 -108.0000000000
969 -107.0000000000
974 -106.0000000000
997 -105.0000000000
999 -104.0000000000
1011 -103.0000000000
1022 -102.0000000000
1031 -101.0000000000
1032 -100.0000000000
1040 -99.0000000000
1041 -98.0000000000
1045 -97.0000000000
1049 -96.0000000000
1050 -95.0000000000
1053 -94.0000000000
1065 -93.0000000000
1078 -92.0000000000
1084 -91.0000000000
1086 -90.0000000000
1092 -89.0000000000
1099 -88.0000000000
1100 -87.0000000000
1106 -86.0000000000
1113 -85.0000000000
1126 -84.0000000000
1136 -83.0000000000
1142 -82.0000000000
1145 -81.0000000000
1147 -80.0000000000
1151 -79.0000000000
1157 -78.0000000000
1162 -77.0000000000
1168 -76.0000000000
1176 -75.0000000000
1178 -74.0000000000
1197 -73.0000000000
1202 -72.0000000000
1208 -71.0000000000
1210 -70.0000000000
1221 -69.0000000000
1254 -68.0000000000
1263 -67.0000000000
1288 -66.0000000000
1289 -65.0000000000
1290 -64.0000000000
1300 -63.0000000000
1302 -62.0000000000
1312 -61.0000000000
1346 -60.0000000000
1350 -59.0000000000
1356 -58.0000000000
1365 -57.0000000000
1377 -56.0000000000
1396 -55.0000000000
1423 -54.0000000000
1434 -53.0000000000
1437 -52.0000000000
1474 -51.0000000000
1479 -50.0000000000
1483 -49.0000000000
1495 -48.0000000000
1541 -47.0000000000
1558 -46.0000000000
1562 -45.0000000000
1571 -44.0000000000
1574 -43.0000000000
1575 -42.0000000000
1580 -41.0000000000
1584 -40.0000000000
1592 -39.0000000000
1647 -38.0000000000
1667 -37.0000000000
1700 -36.0000000000
1703 -35.0000000000
1722 -34.0000000000
1739 -33.0000000000
1764 -32.0000000000
1801 -31.0000000000
1804 -30.0000000000
1841 -29.0000000000
1868 -28.0000000000
1876 -27.0000000000
1894 -26.0000000000
1906 -25.0000000000
1976 -24.0000000000
1982 -23.0000000000
1994 -22.0000000000
2039 -21.0000000000
2053 -20.0000000000
2059 -19.0000000000
2062 -18.0000000000
2064 -17.0000000000
2069 -16.0000000000
2149 -15.0000000000
2153 -14.0000000000
2173 -13.0000000000
2212 -12.0000000000
2269 -11.0000000000
2287 -10.0000000000
2302 -9.0000000000
2350 -8.0000000000
2397 -7.0000000000
2419 -6.0000000000
2503 -5.0000000000
2567 -4.0000000000
2575 -3.0000000000
2816 -2.0000000000
2854 -1.0000000000
2863 584.0000000000
10000 -1.0000000000
evaluations raw_y
1 -361.0000000000
2 -360.0000000000
4 -359.0000000000
7 -358.0000000000
8 -357.0000000000
11 -356.0000000000
12 -355.0000000000
13 -354.0000000000
14 -353.0000000000
15 -352.0000000000
17 -351.0000000000
19 -350.0000000000
20 -349.0000000000
23 -348.0000000000
31 -347.0000000000
33 -346.0000000000
42 -345.0000000000
43 -344.0000000000
47 -343.0000000000
48 -342.0000000000
49 -341.0000000000
51 -340.0000000000
53 -339.0000000000
55 -338.0000000000
57 -337.0000000000
59 -336.0000000000
60 -335.0000000000
64 -334.0000000000
67 -333.0000000000
72 -332.0000000000
74 -331.0000000000
75 -330.0000000000
80 -329.0000000000
81 -328.0000000000
83 -327.0000000000
84 -326.0000000000
85 -325.0000000000
86 -324.0000000000
87 -323.0000000000
88 -322.0000000000
94 -321.0000000000
95 -320.0000000000
99 -319.0000000000
100 -318.0000000000
101 -317.0000000000
110 -316.0000000000
112 -315.0000000000
114 -314.0000000000
116 -313.0000000000
117 -312.0000000000
118 -311.0000000000
119 -310.0000000000
123 -309.0000000000
128 -308.0000000000
129 -307.0000000000
130 -306.0000000000
131 -305.0000000000
132 -304.0000000000
133 -303.0000000000
134 -302.0000000000
137 -301.0000000000
139 -300.0000000000
141 -299.0000000000
143 -298.0000000000
145 -297.0000000000
148 -296.0000000000
149 -295.0000000000
152 -294.0000000000
156 -293.0000000000
161 -292.0000000000
165 -291.0000000000
168 -290.0000000000
170 -289.0000000000
180 -288.0000000000
181 -287.0000000000
185 -286.0000000000
189 -285.0000000000
191 -284.0000000000
196 -283.0000000000
202 -282.0000000000
203 -281.0000000000
211 -280.0000000000
212 -279.0000000000
213 -278.0000000000
215 -277.0000000000
216 -276.0000000000
218 -275.0000000000
226 -274.0000000000
227 -273.0000000000
228 -272.0000000000
233 -271.0000000000
235 -270.0000000000
240 -269.0000000000
243 -268.0000000000
249 -267.0000000000
250 -266.0000000000
252 -265.0000000000
253 -264.0000000000
254 -263.0000000000
257 -262.0000000000
258 -261.0000000000
259 -260.0000000000
260 -259.0000000000
264 -258.0000000000
271 -257.0000000000
272 -256.0000000000
273 -255.0000000000
275 -254.0000000000
276 -253.0000000000
280 -252.0000000000
282 -251.0000000000
283 -250.0000000000
291 -249.0000000000
294 -248.0000000000
298 -247.0000000000
299 -246.0000000000
302 -245.0000000000
304 -244.0000000000
306 -243.0000000000
307 -242.0000000000
310 -241.0000000000
322 -240.0000000000
323 -239.0000000000
325 -238.0000000000
326 -237.0000000000
329 -236.0000000000
331 -235.0000000000
334 -234.0000000000
339 -233.0000000000
344 -232.0000000000
346 -231.0000000000
359 -230.0000000000
368 -229.0000000000
369 -228.0000000000
371 -227.0000000000
383 -226.0000000000
386 -225.0000000000
392 -224.0000000000
401 -223.0000000000
403 -222.0000000000
408 -221.0000000000
411 -220.0000000000
412 -219.0000000000
413 -218.0000000000
417 -217.0000000000
418 -216.0000000000
420 -215.0000000000
421 -214.0000000000
425 -213.0000000000
432 -212.0000000000
447 -211.0000000000
454 -210.0000000000
461 -209.0000000000
463 -208.0000000000
464 -207.0000000000
465 -206.0000000000
470 -205.0000000000
471 -204.0000000000
472 -203.0000000000
475 -202.0000000000
478 -201.0000000000
486 -200.0000000000
487 -199.0000000000
488 -198.0000000000
493 -197.0000000000
505 -196.0000000000
510 -195.0000000000
514 -194.0000000000
521 -193.0000000000
525 -192.0000000000
534 -191.0000000000
535 -190.0000000000
538 -189.0000000000
541 -188.0000000000
544 -187.0000000000
548 -186.0000000000
551 -185.0000000000
565 -184.0000000000
571 -183.0000000000
575 -182.0000000000
585 -181.0000000000
587 -180.0000000000
588 -179.0000000000
593 -178.0000000000
594 -177.0000000000
598 -176.0000000000
600 -175.0000000000
604 -174.0000000000
613 -173.0000000000
617 -172.0000000000
619 -171.0000000000
632 -170.0000000000
637 -169.0000000000
640 -168.0000000000
651 -167.0000000000
653 -166.0000000000
656 -165.0000000000
658 -164.0000000000
659 -163.0000000000
664 -162.0000000000
667 -161.0000000000
669 -160.0000000000
670 -159.0000000000
675 -158.0000000000
676 -157.0000000000
678 -156.0000000000
684 -155.0000000000
688 -154.0000000000
695 -153.0000000000
698 -152.0000000000
705 -151.0000000000
706 -150.0000000000
711 -149.0000000000
719 -148.0000000000
723 -147.0000000000
724 -146.0000000000
730 -145.0000000000
735 -144.0000000000
753 -143.0000000000
755 -142.0000000000
760 -141.0000000000
773 -140.0000000000
779 -139.0000000000
784 -138.0000000000
785 -137.0000000000
792 -136.0000000000
793 -135.0000000000
811 -134.0000000000
820 -133.0000000000
826 -132.0000000000
831 -131.0000000000
832 -130.0000000000
833 -129.0000000000
844 -128.0000000000
845 -127.0000000000
854 -126.0000000000
859 -125.0000000000
863 -124.0000000000
868 -123.0000000000
870 -122.0000000000
871 -121.0000000000
873 -120.0000000000
874 -119.0000000000
877 -118.0000000000
880 -117.0000000000
882 -116.0000000000
886 -115.0000000000
900 -114.0000000000
901 -113.0000000000
903 -112.0000000000
904 -111.0000000000
905 -110.0000000000
908 -109.0000000000
909 -108.0000000000
911 -107.0000000000
919 -106.0000000000
934 -105.0000000000
936 -104.0000000000
946 -103.0000000000
951 -102.0000000000
955 -101.0000000000
956 -100.0000000000
958 -99.0000000000
965 -98.0000000000
968 -97.0000000000
971 -96.0000000000
973 -95.0000000000
980 -94.0000000000
996 -93.0000000000
998 -92.0000000000
1005 -91.0000000000
1006 -90.0000000000
1010 -89.0000000000
1029 -88.0000000000
1035 -87.0000000000
1039 -86.0000000000
1042 -85.0000000000
1069 -84.0000000000
1072 -83.0000000000
1078 -82.0000000000
1108 -81.0000000000
1109 -80.0000000000
1122 -79.0000000000
1133 -78.0000000000
1153 -77.0000000000
1166 -76.0000000000
1170 -75.0000000000
1173 -74.0000000000
1187 -73.0000000000
1191 -72.0000000000
1194 -71.0000000000
1201 -70.0000000000
1204 -69.0000000000
1227 -68.0000000000
1231 -67.0000000000
1232 -66.0000000000
1236 -65.0000000000
1243 -64.0000000000
1254 -63.0000000000
1276 -62.0000000000
1294 -61.0000000000
1314 -60.0000000000
1329 -59.0000000000
1343 -58.0000000000
1348 -57.0000000000
1352 -56.0000000000
1364 -55.0000000000
1377 -54.0000000000
1387 -53.0000000000
1393 -52.0000000000
1422 -51.0000000000
1436 -50.0000000000
1446 -49.0000000000
1451 -48.0000000000
1506 -47.0000000000
1526 -46.0000000000
1538 -45.0000000000
1559 -44.0000000000
1574 -43.0000000000
1577 -42.0000000000
1598 -41.0000000000
1605 -40.0000000000
1659 -39.0000000000
1664 -38.0000000000
1695 -37.0000000000
1718 -36.0000000000
1721 -35.0000000000
1730 -34.0000000000
1744 -33.0000000000
1746 -32.0000000000
1759 -31.0000000000
1764 -30.0000000000
1801 -29.0000000000
1837 -28.0000000000
1840 -27.0000000000
1847 -26.0000000000
1896 -25.0000000000
1913 -24.0000000000
1935 -23.0000000000
1957 -22.0000000000
1981 -21.0000000000
2036 -20.0000000000
2072 -19.0000000000
2087 -18.0000000000
2094 -17.0000000000
2143 -16.0000000000
2150 -15.0000000000
2164 -14.0000000000
2167 -13.0000000000
2254 -12.0000000000
2256 -11.0000000000
2259 -10.0000000000
2277 -9.0000000000
2336 -8.0000000000
2386 -7.0000000000
2391 -6.0000000000
2417 -5.0000000000
2589 -4.0000000000
2609 -3.0000000000
2673 -2.0000000000
2732 -1.0000000000
2771 577.0000000000
10000 -1.0000000000
evaluations raw_y
1 -361.0000000000
2 -360.0000000000
3 -359.0000000000
4 -358.0000000000
6 -357.0000000000
9 -356.0000000000
12 -355.0000000000
14 -354.0000000000
15 -353.0000000000
17 -352.0000000000
20 -351.0000000000
21 -350.0000000000
22 -349.0000000000
23 -348.0000000000
25 -347.0000000000
31 -346.0000000000
32 -345.0000000000
35 -344.0000000000
36 -343.0000000000
37 -342.0000000000
38 -341.0000000000
39 -340.0000000000
40 -339.0000000000
41 -338.0000000000
42 -337.0000000000
46 -336.0000000000
48 -335.0000000000
51 -334.0000000000
53 -333.0000000000
56 -332.0000000000
58 -331.0000000000
61 -330.0000000000
63 -329.0000000000
65 -328.0000000000
66 -327.0000000000
67 -326.0000000000
69 -325.0000000000
70 -324.0000000000
71 -323.0000000000
73 -322.0000000000
75 -321.0000000000
77 -320.0000000000
78 -319.0000000000
82 -318.0000000000
83 -317.0000000000
84 -316.0000000000
89 -315.0000000000
90 -314.0000000000
91 -313.0000000000
92 -312.0000000000
93 -311.0000000000
94 -310.0000000000
95 -309.0000000000
96 -308.0000000000
97 -307.0000000000
99 -306.0000000000
102 -305.0000000000
104 -304.0000000000
110 -303.0000000000
118 -302.0000000000
122 -301.0000000000
123 -300.0000000000
129 -299.0000000000
130 -298.0000000000
134 -297.0000000000
135 -296.0000000000
138 -295.0000000000
142 -294.0000000000
144 -293.0000000000
146 -292.0000000000
149 -291.0000000000
150 -290.0000000000
158 -289.0000000000
160 -288.0000000000
163 -287.0000000000
164 -286.0000000000
167 -285.0000000000
169 -284.0000000000
171 -283.0000000000
172 -282.0000000000
173 -281.0000000000
177 -280.0000000000
180 -279.0000000000
185 -278.0000000000
186 -277.0000000000
187 -276.0000000000
189 -275.0000000000
192 -274.0000000000
197 -273.0000000000
199 -272.0000000000
202 -271.0000000000
206 -270.0000000000
207 -269.0000000000
209 -268.0000000000
213 -267.0000000000
215 -266.0000000000
217 -265.0000000000
222 -264.0000000000
226 -263.0000000000
228 -262.0000000000
235 -261.0000000000
236 -260.0000000000
239 -259.0000000000
240 -258.0000000000
242 -257.0000000000
243 -256.0000000000
245 -255.0000000000
248 -254.0000000000
252 -253.0000000000
253 -252.0000000000
260 -251.0000000000
261 -250.0000000000
262 -249.0000000000
263 -248.0000000000
269 -247.0000000000
273 -246.0000000000
275 -245.0000000000
278 -244.0000000000
279 -243.0000000000
280 -242.0000000000
283 -241.0000000000
292 -240.0000000000
295 -239.0000000000
296 -238.0000000000
299 -237.0000000000
306 -236.0000000000
309 -235.0000000000
313 -234.0000000000
320 -233.0000000000
321 -232.0000000000
324 -231.0000000000
325 -230.0000000000
326 -229.0000000000
329 -228.0000000000
330 -227.0000000000
333 -226.0000000000
339 -225.0000000000
340 -224.0000000000
341 -223.0000000000
345 -222.0000000000
347 -221.0000000000
349 -220.0000000000
354 -219.0000000000
359 -218.0000000000
361 -217.0000000000
368 -216.0000000000
371 -215.0000000000
372 -214.0000000000
373 -213.0000000000
374 -212.0000000000
375 -211.0000000000
378 -210.0000000000
379 -209.0000000000
380 -208.0000000000
385 -207.0000000000
394 -206.0000000000
401 -205.0000000000
404 -204.0000000000
415 -203.0000000000
420 -202.0000000000
421 -201.0000000000
423 -200.0000000000
427 -199.0000000000
438 -198.0000000000
441 -197.0000000000
444 -196.0000000000
446 -195.0000000000
447 -194.0000000000
452 -193.0000000000
455 -192.0000000000
463 -191.0000000000
467 -190.0000000000
469 -189.0000000000
476 -188.0000000000
478 -187.0000000000
479 -186.0000000000
480 -185.0000000000
482 -184.0000000000
487 -183.0000000000
492 -182.0000000000
495 -181.0000000000
496 -180.0000000000
498 -179.0000000000
499 -178.0000000000
503 -177.0000000000
508 -176.0000000000
511 -175.0000000000
512 -174.0000000000
515 -173.0000000000
516 -172.0000000000
523 -171.0000000000
527 -170.0000000000
533 -169.0000000000
538 -168.0000000000
540 -167.0000000000
542 -166.0000000000
546 -165.0000000000
548 -164.0000000000
554 -163.0000000000
555 -162.0000000000
558 -161.0000000000
562 -160.0000000000
564 -159.0000000000
566 -158.0000000000
570 -157.0000000000
574 -156.0000000000
582 -155.0000000000
585 -154.0000000000
587 -153.0000000000
597 -152.0000000000
603 -151.0000000000
605 -150.0000000000
621 -149.0000000000
622 -148.0000000000
633 -147.0000000000
636 -146.0000000000
642 -145.0000000000
651 -144.0000000000
657 -143.0000000000
661 -142.0000000000
662 -141.0000000000
663 -140.0000000000
666 -139.0000000000
679 -138.0000000000
682 -137.0000000000
696 -136.0000000000
713 -135.0000000000
715 -134.0000000000
716 -133.0000000000
717 -132.0000000000
721 -131.0000000000
727 -130.0000000000
728 -129.0000000000
730 -128.0000000000
732 -127.0000000000
733 -126.0000000000
734 -125.0000000000
735 -124.0000000000
741 -123.0000000000
749 -122.0000000000
753 -121.0000000000
756 -120.0000000000
769 -119.0000000000
774 -118.0000000000
782 -117.0000000000
784 -116.0000000000
785 -115.0000000000
787 -114.0000000000
800 -113.0000000000
807 -112.0000000000
818 -111.0000000000
830 -110.0000000000
833 -109.0000000000
839 -108.0000000000
841 -107.0000000000
866 -106.0000000000
885 -105.0000000000
894 -104.0000000000
899 -103.0000000000
901 -102.0000000000
902 -101.0000000000
905 -100.0000000000
915 -99.0000000000
922 -98.0000000000
926 -97.0000000000
944 -96.0000000000
949 -95.0000000000
960 -94.0000000000
970 -93.0000000000
979 -92.0000000000
991 -91.0000000000
992 -90.0000000000
1016 -89.0000000000
1060 -88.0000000000
1089 -87.0000000000
1111 -86.0000000000
1118 -85.0000000000
1124 -84.0000000000
1125 -83.0000000000
1133 -82.0000000000
1151 -81.0000000000
1155 -80.0000000000
1171 -79.0000000000
1177 -78.0000000000
1181 -77.0000000000
1183 -76.0000000000
1190 -75.0000000000
1199 -74.0000000000
1203 -73.0000000000
1207 -72.0000000000
1218 -71.0000000000
1219 -70.0000000000
1225 -69.0000000000
1226 -68.0000000000
1257 -67.0000000000
1260 -66.0000000000
1268 -65.0000000000
1279 -64.0000000000
1292 -63.0000000000
1313 -62.0000000000
1320 -61.0000000000
1338 -60.0000000000
1349 -59.0000000000
1352 -58.0000000000
1353 -57.0000000000
1357 -56.0000000000
1368 -55.0000000000
1373 -54.0000000000
1404 -53.0000000000
1416 -52.0000000000
1433 -51.0000000000
1448 -50.0000000000
1452 -49.0000000000
1460 -48.0000000000
1492 -47.0000000000
1504 -46.0000000000
1517 -45.0000000000
1558 -44.0000000000
1564 -43.0000000000
1573 -42.0000000000
1574 -41.0000000000
1579 -40.0000000000
1582 -39.0000000000
1585 -38.0000000000
1608 -37.0000000000
1615 -36.0000000000
1619 -35.0000000000
1625 -34.0000000000
1643 -33.0000000000
1681 -32.0000000000
1693 -31.0000000000
1708 -30.0000000000
1726 -29.0000000000
1740 -28.0000000000
1743 -27.0000000000
1744 -26.0000000000
1921 -25.0000000000
1965 -24.0000000000
1979 -23.0000000000
2021 -22.0000000000
2039 -21.0000000000
2067 -20.0000000000
2149 -19.0000000000
2166 -18.0000000000
2179 -17.0000000000
2234 -16.0000000000
2241 -15.0000000000
2266 -14.0000000000
2285 -13.0000000000
2317 -12.0000000000
2338 -11.0000000000
2342 -10.0000000000
2439 -9.0000000000
2451 -8.0000000000
2501 -7.0000000000
2502 -6.0000000000
2535 -5.0000000000
2542 -4.0000000000
2607 -3.0000000000
2688 -2.0000000000
2718 -1.0000000000
2721 570.0000000000
10000 -1.0000000000
evaluations raw_y
1 -348.0000000000
2 -347.0000000000
3 -346.0000000000
5 -345.0000000000
9 -344.0000000000
12 -343.0000000000
13 -342.0000000000
20 -341.0000000000
21 -340.0000000000
24 -339.0000000000
25 -338.0000000000
26 -337.0000000000
27 -336.0000000000
33 -335.0000000000
35 -334.0000000000
37 -333.0000000000
42 -332.0000000000
47 -331.0000000000
48 -330.0000000000
49 -329.0000000000
50 -328.0000000000
51 -327.0000000000
52 -326.0000000000
54 -325.0000000000
58 -324.0000000000
59 -323.0000000000
62 -322.0000000000
63 -321.0000000000
66 -320.0000000000
67 -319.0000000000
69 -318.0000000000
70 -317.0000000000
71 -316.0000000000
72 -315.0000000000
74 -314.0000000000
78 -313.0000000000
81 -312.0000000000
84 -311.0000000000
85 -310.0000000000
88 -309.0000000000
92 -308.0000000000
93 -307.0000000000
101 -306.0000000000
102 -305.0000000000
103 -304.0000000000
106 -303.0000000000
107 -302.0000000000
112 -301.0000000000
113 -300.0000000000
120 -299.0000000000
121 -298.0000000000
123 -297.0000000000
128 -296.0000000000
129 -295.0000000000
130 -294.0000000000
131 -293.0000000000
134 -292.0000000000
141 -291.0000000000
142 -290.0000000000
143 -289.0000000000
144 -288.0000000000
148 -287.0000000000
149 -286.0000000000
153 -285.0000000000
157 -284.0000000000
158 -283.0000000000
160 -282.0000000000
164 -281.0000000000
167 -280.0000000000
169 -279.0000000000
170 -278.0000000000
171 -277.0000000000
174 -276.0000000000
175 -275.0000000000
182 -274.0000000000
184 -273.0000000000
185 -272.0000000000
186 -271.0000000000
188 -270.0000000000
189 -269.0000000000
194 -268.0000000000
201 -267.0000000000
203 -266.0000000000
204 -265.0000000000
208 -264.0000000000
211 -263.0000000000
214 -262.0000000000
223 -261.0000000000
224 -260.0000000000
226 -259.0000000000
228 -258.0000000000
233 -257.0000000000
238 -256.0000000000
239 -255.0000000000
241 -254.0000000000
242 -253.0000000000
247 -252.0000000000
248 -251.0000000000
254 -250.0000000000
256 -249.0000000000
257 -248.0000000000
270 -247.0000000000
271 -246.0000000000
274 -245.0000000000
278 -244.0000000000
280 -243.0000000000
282 -242.0000000000
284 -241.0000000000
285 -240.0000000000
294 -239.0000000000
300 -238.0000000000
303 -237.0000000000
307 -236.0000000000
308 -235.0000000000
309 -234.0000000000
315 -233.0000000000
317 -232.0000000000
318 -231.0000000000
322 -230.0000000000
324 -229.0000000000
326 -228.0000000000
329 -227.0000000000
331 -226.0000000000
333 -225.0000000000
335 -224.0000000000
338 -223.0000000000
345 -222.0000000000
347 -221.0000000000
348 -220.0000000000
358 -219.0000000000
360 -218.0000000000
363 -217.0000000000
365 -216.0000000000
368 -215.0000000000
369 -214.0000000000
372 -213.0000000000
374 -212.0000000000
381 -211.0000000000
391 -210.0000000000
393 -209.0000000000
397 -208.0000000000
400 -207.0000000000
406 -206.0000000000
407 -205.0000000000
408 -204.0000000000
412 -203.0000000000
414 -202.0000000000
421 -201.0000000000
426 -200.0000000000
432 -199.0000000000
433 -198.0000000000
443 -197.0000000000
445 -196.0000000000
449 -195.0000000000
450 -194.0000000000
451 -193.0000000000
452 -192.0000000000
454 -191.0000000000
456 -190.0000000000
457 -189.0000000000
459 -188.0000000000
460 -187.0000000000
466 -186.0000000000
470 -185.0000000000
472 -184.0000000000
473 -183.0000000000
478 -182.0000000000
479 -181.0000000000
483 -180.0000000000
484 -179.0000000000
489 -178.0000000000
490 -177.0000000000
491 -176.0000000000
492 -175.0000000000
499 -174.0000000000
502 -173.0000000000
504 -172.0000000000
509 -171.0000000000
511 -170.0000000000
522 -169.0000000000
528 -168.0000000000
553 -167.0000000000
554 -166.0000000000
571 -165.0000000000
572 -164.0000000000
573 -163.0000000000
577 -162.0000000000
587 -161.0000000000
588 -160.0000000000
591 -159.0000000000
598 -158.0000000000
606 -157.0000000000
610 -156.0000000000
613 -155.0000000000
616 -154.0000000000
627 -153.0000000000
639 -152.0000000000
642 -151.0000000000
651 -150.0000000000
656 -149.0000000000
665 -148.0000000000
668 -147.0000000000
678 -146.0000000000
687 -145.0000000000
711 -144.0000000000
715 -143.0000000000
718 -142.0000000000
720 -141.0000000000
727 -140.0000000000
728 -139.0000000000
730 -138.0000000000
731 -137.0000000000
735 -136.0000000000
749 -135.0000000000
754 -134.0000000000
759 -133.0000000000
761 -132.0000000000
762 -131.0000000000
764 -130.0000000000
771 -129.0000000000
775 -128.0000000000
798 -127.0000000000
803 -126.0000000000
810 -125.0000000000
820 -124.0000000000
837 -123.0000000000
849 -122.0000000000
852 -121.0000000000
873 -120.0000000000
875 -119.0000000000
887 -118.0000000000
891 -117.0000000000
916 -116.0000000000
929 -115.0000000000
931 -114.0000000000
943 -113.0000000000
945 -112.0000000000
959 -111.0000000000
966 -110.0000000000
970 -109.0000000000
971 -108.0000000000
972 -107.0000000000
974 -106.0000000000
975 -105.0000000000
978 -104.0000000000
988 -103.0000000000
996 -102.0000000000
999 -101.0000000000
1009 -100.0000000000
1011 -99.0000000000
1019 -98.0000000000
1029 -97.0000000000
1036 -96.0000000000
1038 -95.0000000000
1043 -94.0000000000
1047 -93.0000000000
1070 -92.0000000000
1097 -91.0000000000
1102 -90.0000000000
1111 -89.0000000000
1116 -88.0000000000
1120 -87.0000000000
1121 -86.0000000000
1136 -85.0000000000
1141 -84.0000000000
1154 -83.0000000000
1166 -82.0000000000
1169 -81.0000000000
1179 -80.0000000000
1181 -79.0000000000
1183 -78.0000000000
1187 -77.0000000000
1204 -76.0000000000
1214 -75.0000000000
1219 -74.0000000000
1231 -73.0000000000
1232 -72.0000000000
1233 -71.0000000000
1244 -70.0000000000
1249 -69.0000000000
1254 -68.0000000000
1257 -67.0000000000
1258 -66.0000000000
1263 -65.0000000000
1265 -64.0000000000
1271 -63.0000000000
1279 -62.0000000000
1281 -61.0000000000
1302 -60.0000000000
1314 -59.0000000000
1327 -58.0000000000
1351 -57.0000000000
1355 -56.0000000000
1373 -55.0000000000
1375 -54.0000000000
1385 -53.0000000000
1407 -52.0000000000
1412 -51.0000000000
1417 -50.0000000000
1438 -49.0000000000
1452 -48.0000000000
1471 -47.0000000000
1483 -46.0000000000
1486 -45.0000000000
1496 -44.0000000000
1511 -43.0000000000
1517 -42.0000000000
1533 -41.0000000000
1551 -40.0000000000
1599 -39.0000000000
1603 -38.0000000000
1615 -37.0000000000
1629 -36.0000000000
1642 -35.0000000000
1644 -34.0000000000
1656 -33.0000000000
1658 -32.0000000000
1715 -31.0000000000
1727 -30.0000000000
1752 -29.0000000000
1763 -28.0000000000
1765 -27.0000000000
1782 -26.0000000000
1783 -25.0000000000
1786 -24.0000000000
1809 -23.0000000000
1817 -22.0000000000
1867 -21.0000000000
1868 -20.0000000000
1910 -19.0000000000
1928 -18.0000000000
1970 -17.0000000000
2042 -16.0000000000
2059 -15.0000000000
2134 -14.0000000000
2161 -13.0000000000
2165 -12.0000000000
2179 -11.0000000000
2185 -10.0000000000
2204 -9.0000000000
2244 -8.0000000000
2272 -7.0000000000
2290 -6.0000000000
2294 -5.0000000000
2333 -4.0000000000
2405 -3.0000000000
2492 -2.0000000000
2539 -1.0000000000
2545 584.0000000000
10000 -1.0000000000
evaluations raw_y
1 -345.0000000000
2 -344.0000000000
5 -343.0000000000
6 -342.0000000000
8 -341.0000000000
10 -340.0000000000
12 -339.0000000000
18 -338.0000000000
21 -337.0000000000
23 -336.0000000000
24 -335.0000000000
25 -334.0000000000
27 -333.0000000000
28 -332.0000000000
29 -331.0000000000
30 -330.0000000000
31 -329.0000000000
32 -328.0000000000
39 -327.0000000000
41 -326.0000000000
44 -325.0000000000
45 -324.0000000000
46 -323.0000000000
49 -322.0000000000
50 -321.0000000000
51 -320.0000000000
54 -319.0000000000
55 -318.0000000000
61 -317.0000000000
62 -316.0000000000
63 -315.0000000000
66 -314.0000000000
68 -313.0000000000
70 -312.0000000000
74 -311.0000000000
78 -310.0000000000
79 -309.0000000000
83 -308.0000000000
88 -307.0000000000
93 -306.0000000000
98 -305.0000000000
100 -304.0000000000
101 -303.0000000000
105 -302.0000000000
108 -301.0000000000
109 -300.0000000000
110 -299.0000000000
111 -298.0000000000
113 -297.0000000000
114 -296.0000000000
121 -295.0000000000
122 -294.0000000000
123 -293.0000000000
125 -292.0000000000
126 -291.0000000000
127 -290.0000000000
128 -289.0000000000
129 -288.0000000000
132 -287.0000000000
135 -286.0000000000
138 -285.0000000000
141 -284.0000000000
143 -283.0000000000
149 -282.0000000000
153 -281.0000000000
156 -280.0000000000
158 -279.0000000000
161 -278.0000000000
162 -277.0000000000
164 -276.0000000000
169 -275.0000000000
170 -274.0000000000
172 -273.0000000000
175 -272.0000000000
177 -271.0000000000
178 -270.0000000000
180 -269.0000000000
181 -268.0000000000
184 -267.0000000000
188 -266.0000000000
193 -265.0000000000
197 -264.0000000000
198 -263.0000000000
200 -262.0000000000
202 -261.0000000000
204 -260.0000000000
207 -259.0000000000
212 -258.0000000000
216 -257.0000000000
218 -256.0000000000
222 -255.0000000000
224 -254.0000000000
225 -253.0000000000
227 -252.0000000000
230 -251.0000000000
236 -250.0000000000
242 -249.0000000000
244 -248.0000000000
245 -247.0000000000
248 -246.0000000000
255 -245.0000000000
256 -244.0000000000
259 -243.0000000000
260 -242.0000000000
263 -241.0000000000
264 -240.0000000000
267 -239.0000000000
268 -238.0000000000
271 -237.0000000000
272 -236.0000000000
274 -235.0000000000
275 -234.0000000000
280 -233.0000000000
287 -232.0000000000
294 -231.0000000000
295 -230.0000000000
297 -229.0000000000
300 -228.0000000000
302 -227.0000000000
304 -226.0000000000
305 -225.0000000000
314 -224.0000000000
316 -223.0000000000
319 -222.0000000000
320 -221.0000000000
322 -220.0000000000
324 -219.0000000000
326 -218.0000000000
328 -217.0000000000
329 -216.0000000000
330 -215.0000000000
331 -214.0000000000
333 -213.0000000000
337 -212.0000000000
338 -211.0000000000
339 -210.0000000000
340 -209.0000000000
344 -208.0000000000
346 -207.0000000000
348 -206.0000000000
350 -205.0000000000
355 -204.0000000000
357 -203.0000000000
361 -202.0000000000
362 -201.0000000000
366 -200.0000000000
372 -199.0000000000
373 -198.0000000000
374 -197.0000000000
379 -196.0000000000
380 -195.0000000000
385 -194.0000000000
388 -193.0000000000
389 -192.0000000000
390 -191.0000000000
392 -190.0000000000
398 -189.0000000000
402 -188.0000000000
404 -187.0000000000
409 -186.0000000000
417 -185.0000000000
420 -184.0000000000
422 -183.0000000000
424 -182.0000000000
429 -181.0000000000
431 -180.0000000000
434 -179.0000000000
435 -178.0000000000
437 -177.0000000000
442 -176.0000000000
455 -175.0000000000
460 -174.0000000000
465 -173.0000000000
468 -172.0000000000
476 -171.0000000000
478 -170.0000000000
480 -169.0000000000
481 -168.0000000000
488 -167.0000000000
491 -166.0000000000
499 -165.0000000000
501 -164.0000000000
507 -163.0000000000
521 -162.0000000000
524 -161.0000000000
536 -160.0000000000
539 -159.0000000000
552 -158.0000000000
553 -157.0000000000
555 -156.0000000000
558 -155.0000000000
564 -154.0000000000
569 -153.0000000000
576 -152.0000000000
577 -151.0000000000
579 -150.0000000000
583 -149.0000000000
584 -148.0000000000
587 -147.0000000000
588 -146.0000000000
598 -145.0000000000
612 -144.0000000000
629 -143.0000000000
631 -142.0000000000
637 -141.0000000000
640 -140.0000000000
647 -139.0000000000
658 -138.0000000000
659 -137.0000000000
661 -136.0000000000
675 -135.0000000000
689 -134.0000000000
697 -133.0000000000
702 -132.0000000000
705 -131.0000000000
710 -130.0000000000
716 -129.0000000000
729 -128.0000000000
743 -127.0000000000
747 -126.0000000000
755 -125.0000000000
756 -124.0000000000
757 -123.0000000000
761 -122.0000000000
762 -121.0000000000
770 -120.0000000000
777 -119.0000000000
778 -118.0000000000
780 -117.0000000000
786 -116.0000000000
792 -115.0000000000
794 -114.0000000000
795 -113.0000000000
804 -112.0000000000
805 -111.0000000000
807 -110.0000000000
812 -109.0000000000
815 -108.0000000000
821 -107.0000000000
822 -106.0000000000
823 -105.0000000000
827 -104.0000000000
828 -103.0000000000
837 -102.0000000000
843 -101.0000000000
851 -100.0000000000
864 -99.0000000000
867 -98.0000000000
874 -97.0000000000
878 -96.0000000000
885 -95.0000000000
889 -94.0000000000
896 -93.0000000000
899 -92.0000000000
904 -91.0000000000
911 -90.0000000000
923 -89.0000000000
924 -88.0000000000
932 -87.0000000000
938 -86.0000000000
942 -85.0000000000
954 -84.0000000000
960 -83.0000000000
968 -82.0000000000
975 -81.0000000000
993 -80.0000000000
1010 -79.0000000000
1025 -78.0000000000
1041 -77.0000000000
1071 -76.0000000000
1075 -75.0000000000
1078 -74.0000000000
1079 -73.0000000000
1080 -72.0000000000
1085 -71.0000000000
1100 -70.0000000000
1102 -69.0000000000
1113 -68.0000000000
1123 -67.0000000000
1144 -66.0000000000
1165 -65.0000000000
1179 -64.0000000000
1181 -63.0000000000
1220 -62.0000000000
1232 -61.0000000000
1233 -60.0000000000
1239 -59.0000000000
1242 -58.0000000000
1265 -57.0000000000
1271 -56.0000000000
1290 -55.0000000000
1292 -54.0000000000
1315 -53.0000000000
1334 -52.0000000000
1335 -51.0000000000
1340 -50.0000000000
1341 -49.0000000000
1342 -48.0000000000
1348 -47.0000000000
1361 -46.0000000000
1363 -45.0000000000
1364 -44.0000000000
1383 -43.0000000000
1388 -42.0000000000
1400 -41.0000000000
1407 -40.0000000000
1411 -39.0000000000
1420 -38.0000000000
1421 -37.0000000000
1425 -36.0000000000
1427 -35.0000000000
1433 -34.0000000000
1454 -33.0000000000
1465 -32.0000000000
1510 -31.0000000000
1628 -30.0000000000
1650 -29.0000000000
1688 -28.0000000000
1721 -27.0000000000
1754 -26.0000000000
1757 -25.0000000000
1758 -24.0000000000
1762 -23.0000000000
1787 -22.0000000000
1822 -21.0000000000
1916 -20.0000000000
1961 -19.0000000000
1963 -18.0000000000
1978 -17.0000000000
2008 -16.0000000000
2009 -15.0000000000
2034 -14.0000000000
2048 -13.0000000000
2056 -12.0000000000
2122 -11.0000000000
2131 -10.0000000000
2153 -9.0000000000
2161 -8.0000000000
2172 -7.0000000000
2189 -6.0000000000
2201 -5.0000000000
2225 -4.0000000000
2400 -3.0000000000
2477 -2.0000000000
2518 -1.0000000000
2550 583.0000000000
10000 -1.0000000000
evaluations raw_y
1 -371.0000000000
2 -370.0000000000
3 -369.0000000000
4 -368.0000000000
5 -367.0000000000
10 -366.0000000000
11 -365.0000000000
12 -364.0000000000
13 -363.0000000000
15 -362.0000000000
17 -361.0000000000
19 -360.0000000000
21 -359.0000000000
22 -358.0000000000
23 -357.0000000000
25 -356.0000000000
27 -355.0000000000
28 -354.0000000000
31 -353.0000000000
36 -352.0000000000
39 -351.0000000000
40 -350.0000000000
41 -349.0000000000
45 -348.0000000000
46 -347.0000000000
47 -346.0000000000
51 -345.0000000000
55 -344.0000000000
56 -343.0000000000
57 -342.0000000000
58 -341.0000000000
60 -340.0000000000
63 -339.0000000000
67 -338.0000000000
69 -337.0000000000
75 -336.0000000000
77 -335.0000000000
80 -334.0000000000
85 -333.0000000000
86 -332.0000000000
87 -331.0000000000
91 -330.0000000000
99 -329.0000000000
104 -328.0000000000
107 -327.0000000000
110 -326.0000000000
112 -325.0000000000
113 -324.0000000000
114 -323.0000000000
115 -322.0000000000
117 -321.0000000000
119 -320.0000000000
122 -319.0000000000
125 -318.0000000000
126 -317.0000000000
128 -316.0000000000
130 -315.0000000000
131 -314.0000000000
133 -313.0000000000
134 -312.0000000000
136 -311.0000000000
137 -310.0000000000
143 -309.0000000000
147 -308.0000000000
148 -307.0000000000
150 -306.0000000000
151 -305.0000000000
152 -304.0000000000
153 -303.0000000000
159 -302.0000000000
160 -301.0000000000
162 -300.0000000000
166 -299.0000000000
168 -298.0000000000
170 -297.0000000000
173 -296.0000000000
174 -295.0000000000
177 -294.0000000000
178 -293.0000000000
179 -292.0000000000
183 -291.0000000000
186 -290.0000000000
187 -289.0000000000
188 -288.0000000000
191 -287.0000000000
192 -286.0000000000
193 -285.0000000000
194 -284.0000000000
195 -283.0000000000
196 -282.0000000000
199 -281.0000000000
202 -280.0000000000
207 -279.0000000000
209 -278.0000000000
210 -277.0000000000
211 -276.0000000000
213 -275.0000000000
218 -274.0000000000
221 -273.0000000000
222 -272.0000000000
228 -271.0000000000
230 -270.0000000000
231 -269.0000000000
232 -268.0000000000
238 -267.0000000000
240 -266.0000000000
241 -265.0000000000
249 -264.0000000000
252 -263.0000000000
253 -262.0000000000
268 -261.0000000000
269 -260.0000000000
275 -259.0000000000
280 -258.0000000000
285 -257.0000000000
292 -256.0000000000
295 -255.0000000000
298 -254.0000000000
299 -253.0000000000
309 -252.0000000000
311 -251.0000000000
312 -250.0000000000
313 -249.0000000000
314 -248.0000000000
316 -247.0000000000
320 -246.0000000000
323 -245.0000000000
325 -244.0000000000
328 -243.0000000000
330 -242.0000000000
332 -241.0000000000
333 -240.0000000000
336 -239.0000000000
338 -238.0000000000
347 -237.0000000000
348 -236.0000000000
349 -235.0000000000
353 -234.0000000000
354 -233.0000000000
357 -232.0000000000
361 -231.0000000000
364 -230.0000000000
367 -229.0000000000
368 -228.0000000000
369 -227.0000000000
372 -226.0000000000
375 -225.0000000000
376 -224.0000000000
380 -223.0000000000
383 -222.0000000000
385 -221.0000000000
389 -220.0000000000
400 -219.0000000000
401 -218.0000000000
402 -217.0000000000
410 -216.0000000000
413 -215.0000000000
417 -214.0000000000
421 -213.0000000000
424 -212.0000000000
429 -211.0000000000
435 -210.0000000000
437 -209.0000000000
439 -208.0000000000
440 -207.0000000000
443 -206.0000000000
444 -205.0000000000
447 -204.0000000000
451 -203.0000000000
458 -202.0000000000
471 -201.0000000000
473 -200.0000000000
474 -199.0000000000
479 -198.0000000000
483 -197.0000000000
484 -196.0000000000
492 -195.0000000000
493 -194.0000000000
494 -193.0000000000
495 -192.0000000000
496 -191.0000000000
497 -190.0000000000
501 -189.0000000000
505 -188.0000000000
507 -187.0000000000
515 -186.0000000000
519 -185.0000000000
531 -184.0000000000
533 -183.0000000000
538 -182.0000000000
539 -181.0000000000
543 -180.0000000000
544 -179.0000000000
548 -178.0000000000
549 -177.0000000000
553 -176.0000000000
561 -175.0000000000
564 -174.0000000000
573 -173.0000000000
581 -172.0000000000
583 -171.0000000000
600 -170.0000000000
607 -169.0000000000
611 -168.0000000000
620 -167.0000000000
628 -166.0000000000
629 -165.0000000000
632 -164.0000000000
641 -163.0000000000
648 -162.0000000000
651 -161.0000000000
653 -160.0000000000
656 -159.0000000000
667 -158.0000000000
669 -157.0000000000
681 -156.0000000000
686 -155.0000000000
689 -154.0000000000
690 -153.0000000000
692 -152.0000000000
695 -151.0000000000
697 -150.0000000000
698 -149.0000000000
704 -148.0000000000
706 -147.0000000000
710 -146.0000000000
712 -145.0000000000
715 -144.0000000000
719 -143.0000000000
720 -142.0000000000
721 -141.0000000000
722 -140.0000000000
724 -139.0000000000
730 -138.0000000000
734 -137.0000000000
743 -136.0000000000
746 -135.0000000000
750 -134.0000000000
757 -133.0000000000
766 -132.0000000000
771 -131.0000000000
790 -130.0000000000
793 -129.0000000000
794 -128.0000000000
798 -127.0000000000
802 -126.0000000000
809 -125.0000000000
810 -124.0000000000
818 -123.0000000000
819 -122.0000000000
825 -121.0000000000
860 -120.0000000000
865 -119.0000000000
869 -118.0000000000
880 -117.0000000000
888 -116.0000000000
898 -115.0000000000
908 -114.0000000000
909 -113.0000000000
918 -112.0000000000
925 -111.0000000000
928 -110.0000000000
951 -109.0000000000
955 -108.0000000000
972 -107.0000000000
984 -106.0000000000
985 -105.0000000000
988 -104.0000000000
995 -103.0000000000
1000 -102.0000000000
1021 -101.0000000000
1034 -100.0000000000
1047 -99.0000000000
1049 -98.0000000000
1052 -97.0000000000
1067 -96.0000000000
1074 -95.0000000000
1095 -94.0000000000
1105 -93.0000000000
1106 -92.0000000000
1120 -91.0000000000
1122 -90.0000000000
1127 -89.0000000000
1128 -88.0000000000
1135 -87.0000000000
1140 -86.0000000000
1142 -85.0000000000
1144 -84.0000000000
1155 -83.0000000000
1159 -82.0000000000
1161 -81.0000000000
1163 -80.0000000000
1185 -79.0000000000
1199 -78.0000000000
1202 -77.0000000000
1210 -76.0000000000
1229 -75.0000000000
1240 -74.0000000000
1257 -73.0000000000
1305 -72.0000000000
1306 -71.0000000000
1312 -70.0000000000
1359 -69.0000000000
1368 -68.0000000000
1377 -67.0000000000
1382 -66.0000000000
1384 -65.0000000000
1394 -64.0000000000
1417 -63.0000000000
1428 -62.0000000000
1430 -61.0000000000
1435 -60.0000000000
1447 -59.0000000000
1449 -58.0000000000
1452 -57.0000000000
1456 -56.0000000000
1459 -55.0000000000
1462 -54.0000000000
1496 -53.0000000000
1514 -52.0000000000
1525 -51.0000000000
1564 -50.0000000000
1576 -49.0000000000
1579 -48.0000000000
1609 -47.0000000000
1634 -46.0000000000
1643 -45.0000000000
1651 -44.0000000000
1679 -43.0000000000
1703 -42.0000000000
1707 -41.0000000000
1733 -40.0000000000
1738 -39.0000000000
1755 -38.0000000000
1765 -37.0000000000
1774 -36.0000000000
1810 -35.0000000000
1838 -34.0000000000
1884 -33.0000000000
1893 -32.0000000000
1897 -31.0000000000
1917 -30.0000000000
1947 -29.0000000000
1959 -28.0000000000
2001 -27.0000000000
2033 -26.0000000000
2036 -25.0000000000
2050 -24.0000000000
2084 -23.0000000000
2126 -22.0000000000
2128 -21.0000000000
2134 -20.0000000000
2143 -19.0000000000
2148 -18.0000000000
2151 -17.0000000000
2222 -16.0000000000
2233 -15.0000000000
2270 -14.0000000000
2367 -13.0000000000
2414 -12.0000000000
2419 -11.0000000000
2513 -10.0000000000
2560 -9.0000000000
2561 -8.0000000000
2566 -7.0000000000
2588 -6.0000000000
2682 -5.0000000000
2699 -4.0000000000
2743 -3.0000000000
2747 -2.0000000000
2803 -1.0000000000
2837 588.0000000000
10000 -1.0000000000
evaluations raw_y
1 -359.0000000000
3 -358.0000000000
4 -357.0000000000
5 -356.0000000000
6 -355.0000000000
7 -354.0000000000
8 -353.0000000000
10 -352.0000000000
13 -351.0000000000
14 -350.0000000000
16 -349.0000000000
20 -348.0000000000
25 -347.0000000000
26 -346.0000000000
27 -345.0000000000
29 -344.0000000000
30 -343.0000000000
33 -342.0000000000
34 -341.0000000000
37 -340.0000000000
38 -339.0000000000
41 -338.0000000000
42 -337.0000000000
46 -336.0000000000
51 -335.0000000000
52 -334.0000000000
53 -333.0000000000
54 -332.0000000000
55 -331.0000000000
56 -330.0000000000
58 -329.0000000000
60 -328.0000000000
61 -327.0000000000
66 -326.0000000000
67 -325.0000000000
71 -324.0000000000
72 -323.0000000000
73 -322.0000000000
81 -321.0000000000
84 -320.0000000000
85 -319.0000000000
87 -318.0000000000
91 -317.0000000000
95 -316.0000000000
96 -315.0000000000
100 -314.0000000000
103 -313.0000000000
105 -312.0000000000
108 -311.0000000000
109 -310.0000000000
112 -309.0000000000
114 -308.0000000000
115 -307.0000000000
118 -306.0000000000
123 -305.0000000000
126 -304.0000000000
127 -303.0000000000
131 -302.0000000000
135 -301.0000000000
137 -300.0000000000
138 -299.0000000000
139 -298.0000000000
140 -297.0000000000
143 -296.0000000000
145 -295.0000000000
146 -294.0000000000
147 -293.0000000000
149 -292.0000000000
154 -291.0000000000
156 -290.0000000000
158 -289.0000000000
159 -288.0000000000
160 -287.0000000000
162 -286.0000000000
165 -285.0000000000
166 -284.0000000000
168 -283.0000000000
173 -282.0000000000
175 -281.0000000000
177 -280.0000000000
180 -279.0000000000
191 -278.0000000000
193 -277.0000000000
195 -276.0000000000
196 -275.0000000000
198 -274.0000000000
203 -273.0000000000
207 -272.0000000000
208 -271.0000000000
209 -270.0000000000
213 -269.0000000000
225 -268.0000000000
227 -267.0000000000
230 -266.0000000000
232 -265.0000000000
237 -264.0000000000
238 -263.0000000000
241 -262.0000000000
247 -261.0000000000
248 -260.0000000000
250 -259.0000000000
257 -258.0000000000
261 -257.0000000000
263 -256.0000000000
264 -255.0000000000
265 -254.0000000000
269 -253.0000000000
270 -252.0000000000
274 -251.0000000000
278 -250.0000000000
280 -249.0000000000
283 -248.0000000000
285 -247.0000000000
289 -246.0000000000
297 -245.0000000000
299 -244.0000000000
301 -243.0000000000
303 -242.0000000000
308 -241.0000000000
309 -240.0000000000
311 -239.0000000000
312 -238.0000000000
313 -237.0000000000
314 -236.0000000000
315 -235.0000000000
318 -234.0000000000
321 -233.0000000000
326 -232.0000000000
332 -231.0000000000
333 -230.0000000000
334 -229.0000000000
336 -228.0000000000
338 -227.0000000000
340 -226.0000000000
342 -225.0000000000
345 -224.0000000000
353 -223.0000000000
354 -222.0000000000
355 -221.0000000000
356 -220.0000000000
357 -219.0000000000
360 -218.0000000000
361 -217.0000000000
370 -216.0000000000
373 -215.0000000000
375 -214.0000000000
391 -213.0000000000
392 -212.0000000000
396 -211.0000000000
397 -210.0000000000
400 -209.0000000000
409 -208.0000000000
411 -207.0000000000
413 -206.0000000000
415 -205.0000000000
419 -204.0000000000
421 -203.0000000000
424 -202.0000000000
436 -201.0000000000
447 -200.0000000000
456 -199.0000000000
459 -198.0000000000
466 -197.0000000000
475 -196.0000000000
480 -195.0000000000
481 -194.0000000000
484 -193.0000000000
496 -192.0000000000
497 -191.0000000000
503 -190.0000000000
509 -189.0000000000
513 -188.0000000000
518 -187.0000000000
520 -186.0000000000
522 -185.0000000000
524 -184.0000000000
528 -183.0000000000
534 -182.0000000000
537 -181.0000000000
543 -180.0000000000
544 -179.0000000000
546 -178.0000000000
552 -177.0000000000
553 -176.0000000000
560 -175.0000000000
565 -174.0000000000
571 -173.0000000000
576 -172.0000000000
579 -171.0000000000
585 -170.0000000000
587 -169.0000000000
592 -168.0000000000
599 -167.0000000000
600 -166.0000000000
606 -165.0000000000
614 -164.0000000000
615 -163.0000000000
618 -162.0000000000
619 -161.0000000000
623 -160.0000000000
635 -159.0000000000
639 -158.0000000000
641 -157.0000000000
664 -156.0000000000
666 -155.0000000000
667 -154.0000000000
673 -153.0000000000
676 -152.0000000000
681 -151.0000000000
685 -150.0000000000
689 -149.0000000000
692 -148.0000000000
693 -147.0000000000
694 -146.0000000000
713 -145.0000000000
718 -144.0000000000
723 -143.0000000000
733 -142.0000000000
735 -141.0000000000
742 -140.0000000000
749 -139.0000000000
756 -138.0000000000
768 -137.0000000000
772 -136.0000000000
782 -135.0000000000
785 -134.0000000000
786 -133.0000000000
792 -132.0000000000
794 -131.0000000000
796 -130.0000000000
798 -129.0000000000
802 -128.0000000000
803 -127.0000000000
829 -126.0000000000
834 -125.0000000000
840 -124.0000000000
846 -123.0000000000
851 -122.0000000000
874 -121.0000000000
875 -120.0000000000
882 -119.0000000000
888 -118.0000000000
892 -117.0000000000
893 -116.0000000000
896 -115.0000000000
905 -114.0000000000
916 -113.0000000000
921 -112.0000000000
924 -111.0000000000
943 -110.0000000000
957 -109.0000000000
958 -108.0000000000
960 -107.0000000000
967 -106.0000000000
968 -105.0000000000
973 -104.0000000000
976 -103.0000000000
988 -102.0000000000
991 -101.0000000000
999 -100.0000000000
1010 -99.0000000000
1011 -98.0000000000
1013 -97.0000000000
1016 -96.0000000000
1018 -95.0000000000
1032 -94.0000000000
1034 -93.0000000000
1035 -92.0000000000
1039 -91.0000000000
1040 -90.0000000000
1052 -89.0000000000
1063 -88.0000000000
1084 -87.0000000000
1089 -86.0000000000
1094 -85.0000000000
1095 -84.0000000000
1102 -83.0000000000
1105 -82.0000000000
1110 -81.0000000000
1112 -80.0000000000
1124 -79.0000000000
1125 -78.0000000000
1136 -77.0000000000
1145 -76.0000000000
1146 -75.0000000000
1148 -74.0000000000
1156 -73.0000000000
1157 -72.0000000000
1169 -71.0000000000
1187 -70.0000000000
1203 -69.0000000000
1219 -68.0000000000
1226 -67.0000000000
1230 -66.0000000000
1244 -65.0000000000
1257 -64.0000000000
1270 -63.0000000000
1279 -62.0000000000
1281 -61.0000000000
1283 -60.0000000000
1290 -59.0000000000
1294 -58.0000000000
1305 -57.0000000000
1312 -56.0000000000
1322 -55.0000000000
1331 -54.0000000000
1337 -53.0000000000
1341 -52.0000000000
1345 -51.0000000000
1366 -50.0000000000
1370 -49.0000000000
1371 -48.0000000000
1409 -47.0000000000
1413 -46.0000000000
1425 -45.0000000000
1439 -44.0000000000
1447 -43.0000000000
1497 -42.0000000000
1500 -41.0000000000
1521 -40.0000000000
1540 -39.0000000000
1567 -38.0000000000
1575 -37.0000000000
1592 -36.0000000000
1593 -35.0000000000
1608 -34.0000000000
1674 -33.0000000000
1695 -32.0000000000
1697 -31.0000000000
1708 -30.0000000000
1712 -29.0000000000
1732 -28.0000000000
1745 -27.0000000000
1747 -26.0000000000
1755 -25.0000000000
1798 -24.0000000000
1800 -23.0000000000
1803 -22.0000000000
1830 -21.0000000000
1859 -20.0000000000
1874 -19.0000000000
1885 -18.0000000000
1890 -17.0000000000
1925 -16.0000000000
1929 -15.0000000000
1937 -14.0000000000
2046 -13.0000000000
2081 -12.0000000000
2128 -11.0000000000
2195 -10.0000000000
2241 -9.0000000000
2294 -8.0000000000
2349 -7.0000000000
2362 -6.0000000000
2378 -5.0000000000
2385 -4.0000000000
2412 -3.0000000000
2474 -2.0000000000
2578 -1.0000000000
2588 590.0000000000
10000 -1.0000000000
evaluations raw_y
1 -383.0000000000
4 -382.0000000000
6 -381.0000000000
10 -380.0000000000
12 -379.0000000000
16 -378.0000000000
17 -377.0000000000
18 -376.0000000000
19 -375.0000000000
20 -374.0000000000
21 -373.0000000000
22 -372.0000000000
24 -371.0000000000
25 -370.0000000000
27 -369.0000000000
29 -368.0000000000
34 -367.0000000000
36 -366.0000000000
38 -365.0000000000
39 -364.0000000000
42 -363.0000000000
43 -362.0000000000
44 -361.0000000000
46 -360.0000000000
47 -359.0000000000
48 -358.0000000000
52 -357.0000000000
54 -356.0000000000
55 -355.0000000000
61 -354.0000000000
62 -353.0000000000
64 -352.0000000000
65 -351.0000000000
66 -350.0000000000
68 -349.0000000000
69 -348.0000000000
72 -347.0000000000
74 -346.0000000000
78 -345.0000000000
80 -344.0000000000
84 -343.0000000000
85 -342.0000000000
86 -341.0000000000
87 -340.0000000000
89 -339.0000000000
90 -338.0000000000
91 -337.0000000000
96 -336.0000000000
98 -335.0000000000
104 -334.0000000000
105 -333.0000000000
106 -332.0000000000
107 -331.0000000000
110 -330.0000000000
114 -329.0000000000
117 -328.0000000000
118 -327.0000000000
120 -326.0000000000
121 -325.0000000000
123 -324.0000000000
125 -323.0000000000
127 -322.0000000000
128 -321.0000000000
129 -320.0000000000
131 -319.0000000000
136 -318.0000000000
137 -317.0000000000
140 -316.0000000000
142 -315.0000000000
144 -314.0000000000
146 -313.0000000000
147 -312.0000000000
152 -311.0000000000
153 -310.0000000000
155 -309.0000000000
160 -308.0000000000
163 -307.0000000000
164 -306.0000000000
170 -305.0000000000
172 -304.0000000000
175 -303.0000000000
176 -302.0000000000
179 -301.0000000000
188 -300.0000000000
189 -299.0000000000
192 -298.0000000000
194 -297.0000000000
196 -296.0000000000
197 -295.0000000000
199 -294.0000000000
202 -293.0000000000
203 -292.0000000000
205 -291.0000000000
207 -290.0000000000
209 -289.0000000000
212 -288.0000000000
215 -287.0000000000
216 -286.0000000000
219 -285.0000000000
220 -284.0000000000
224 -283.0000000000
225 -282.0000000000
227 -281.0000000000
228 -280.0000000000
230 -279.0000000000
234 -278.0000000000
237 -277.0000000000
240 -276.0000000000
245 -275.0000000000
246 -274.0000000000
247 -273.0000000000
248 -272.0000000000
250 -271.0000000000
251 -270.0000000000
258 -269.0000000000
259 -268.0000000000
260 -267.0000000000
264 -266.0000000000
266 -265.0000000000
267 -264.0000000000
268 -263.0000000000
269 -262.0000000000
270 -261.0000000000
278 -260.0000000000
279 -259.0000000000
280 -258.0000000000
281 -257.0000000000
282 -256.0000000000
283 -255.0000000000
285 -254.0000000000
287 -253.0000000000
292 -252.0000000000
294 -251.0000000000
297 -250.0000000000
299 -249.0000000000
300 -248.0000000000
303 -247.0000000000
305 -246.0000000000
306 -245.0000000000
312 -244.0000000000
313 -243.0000000000
323 -242.0000000000
327 -241.0000000000
329 -240.0000000000
334 -239.0000000000
338 -238.0000000000
340 -237.0000000000
344 -236.0000000000
351 -235.0000000000
352 -234.0000000000
353 -233.0000000000
355 -232.0000000000
357 -231.0000000000
359 -230.0000000000
364 -229.0000000000
367 -228.0000000000
369 -227.0000000000
385 -226.0000000000
388 -225.0000000000
394 -224.0000000000
395 -223.0000000000
401 -222.0000000000
404 -221.0000000000
407 -220.0000000000
408 -219.0000000000
409 -218.0000000000
413 -217.0000000000
417 -216.0000000000
419 -215.0000000000
425 -214.0000000000
428 -213.0000000000
429 -212.0000000000
435 -211.0000000000
439 -210.0000000000
440 -209.0000000000
441 -208.0000000000
447 -207.0000000000
448 -206.0000000000
450 -205.0000000000
455 -204.0000000000
456 -203.0000000000
460 -202.0000000000
469 -201.0000000000
474 -200.0000000000
475 -199.0000000000
478 -198.0000000000
479 -197.0000000000
481 -196.0000000000
482 -195.0000000000
483 -194.0000000000
491 -193.0000000000
492 -192.0000000000
493 -191.0000000000
494 -190.0000000000
497 -189.0000000000
504 -188.0000000000
507 -187.0000000000
508 -186.0000000000
517 -185.0000000000
518 -184.0000000000
519 -183.0000000000
528 -182.0000000000
531 -181.0000000000
533 -180.0000000000
534 -179.0000000000
535 -178.0000000000
539 -177.0000000000
551 -176.0000000000
556 -175.0000000000
557 -174.0000000000
559 -173.0000000000
562 -172.0000000000
564 -171.0000000000
567 -170.0000000000
568 -169.0000000000
573 -168.0000000000
574 -167.0000000000
576 -166.0000000000
578 -165.0000000000
581 -164.0000000000
594 -163.0000000000
596 -162.0000000000
597 -161.0000000000
607 -160.0000000000
608 -159.0000000000
609 -158.0000000000
610 -157.0000000000
611 -156.0000000000
619 -155.0000000000
624 -154.0000000000
627 -153.0000000000
629 -152.0000000000
632 -151.0000000000
633 -150.0000000000
648 -149.0000000000
650 -148.0000000000
652 -147.0000000000
653 -146.0000000000
654 -145.0000000000
655 -144.0000000000
660 -143.0000000000
668 -142.0000000000
670 -141.0000000000
671 -140.0000000000
677 -139.0000000000
678 -138.0000000000
684 -137.0000000000
685 -136.0000000000
687 -135.0000000000
692 -134.0000000000
709 -133.0000000000
718 -132.0000000000
719 -131.0000000000
722 -130.0000000000
723 -129.0000000000
725 -128.0000000000
734 -127.0000000000
735 -126.0000000000
736 -125.0000000000
742 -124.0000000000
744 -123.0000000000
753 -122.0000000000
758 -121.0000000000
759 -120.0000000000
769 -119.0000000000
779 -118.0000000000
782 -117.0000000000
799 -116.0000000000
807 -115.0000000000
809 -114.0000000000
810 -113.0000000000
821 -112.0000000000
823 -111.0000000000
832 -110.0000000000
838 -109.0000000000
844 -108.0000000000
847 -107.0000000000
852 -106.0000000000
855 -105.0000000000
856 -104.0000000000
860 -103.0000000000
863 -102.0000000000
866 -101.0000000000
876 -100.0000000000
878 -99.0000000000
895 -98.0000000000
900 -97.0000000000
905 -96.0000000000
911 -95.0000000000
925 -94.0000000000
935 -93.0000000000
973 -92.0000000000
993 -91.0000000000
997 -90.0000000000
1002 -89.0000000000
1017 -88.0000000000
1022 -87.0000000000
1039 -86.0000000000
1044 -85.0000000000
1045 -84.0000000000
1047 -83.0000000000
1059 -82.0000000000
1064 -81.0000000000
1065 -80.0000000000
1066 -79.0000000000
1077 -78.0000000000
1080 -77.0000000000
1081 -76.0000000000
1103 -75.0000000000
1107 -74.0000000000
1110 -73.0000000000
1111 -72.0000000000
1115 -71.0000000000
1142 -70.0000000000
1146 -69.0000000000
1180 -68.0000000000
1182 -67.0000000000
1187 -66.0000000000
1191 -65.0000000000
1193 -64.0000000000
1195 -63.0000000000
1206 -62.0000000000
1220 -61.0000000000
1222 -60.0000000000
1224 -59.0000000000
1234 -58.0000000000
1253 -57.0000000000
1269 -56.0000000000
1287 -55.0000000000
1289 -54.0000000000
1317 -53.0000000000
1335 -52.0000000000
1348 -51.0000000000
1349 -50.0000000000
1363 -49.0000000000
1368 -48.0000000000
1376 -47.0000000000
1392 -46.0000000000
1394 -45.0000000000
1421 -44.0000000000
1425 -43.0000000000
1445 -42.0000000000
1475 -41.0000000000
1477 -40.0000000000
1483 -39.0000000000
1516 -38.0000000000
1547 -37.0000000000
1569 -36.0000000000
1570 -35.0000000000
1572 -34.0000000000
1584 -33.0000000000
1593 -32.0000000000
1596 -31.0000000000
1615 -30.0000000000
1637 -29.0000000000
1653 -28.0000000000
1665 -27.0000000000
1676 -26.0000000000
1696 -25.0000000000
1699 -24.0000000000
1723 -23.0000000000
1736 -22.0000000000
1752 -21.0000000000
1801 -20.0000000000
1802 -19.0000000000
1830 -18.0000000000
1954 -17.0000000000
1957 -16.0000000000
2000 -15.0000000000
2032 -14.0000000000
2068 -13.0000000000
2093 -12.0000000000
2104 -11.0000000000
2105 -10.0000000000
2118 -9.0000000000
2120 -8.0000000000
2203 -7.0000000000
2209 -6.0000000000
2236 -5.0000000000
2267 -4.0000000000
2274 -3.0000000000
2294 -2.0000000000
2313 -1.0000000000
2460 578.0000000000
10000 -1.0000000000
evaluations raw_y
1 -334.0000000000
2 -333.0000000000
10 -332.0000000000
13 -331.0000000000
14 -330.0000000000
17 -329.0000000000
22 -328.0000000000
26 -327.0000000000
27 -326.0000000000
28 -325.0000000000
32 -324.0000000000
33 -323.0000000000
34 -322.0000000000
38 -321.0000000000
39 -320.0000000000
41 -319.0000000000
43 -318.0000000000
52 -317.0000000000
53 -316.0000000000
58 -315.0000000000
60 -314.0000000000
62 -313.0000000000
66 -312.0000000000
67 -311.0000000000
71 -310.0000000000
73 -309.0000000000
74 -308.0000000000
75 -307.0000000000
76 -306.0000000000
81 -305.0000000000
83 -304.0000000000
85 -303.0000000000
87 -302.0000000000
88 -301.0000000000
89 -300.0000000000
93 -299.0000000000
95 -298.0000000000
100 -297.0000000000
101 -296.0000000000
102 -295.0000000000
103 -294.0000000000
106 -293.0000000000
110 -292.0000000000
115 -291.0000000000
119 -290.0000000000
120 -289.0000000000
121 -288.0000000000
124 -287.0000000000
126 -286.0000000000
127 -285.0000000000
128 -284.0000000000
130 -283.0000000000
131 -282.0000000000
136 -281.0000000000
140 -280.0000000000
143 -279.0000000000
144 -278.0000000000
146 -277.0000000000
155 -276.0000000000
156 -275.0000000000
159 -274.0000000000
160 -273.0000000000
162 -272.0000000000
171 -271.0000000000
172 -270.0000000000
173 -269.0000000000
175 -268.0000000000
178 -267.0000000000
183 -266.0000000000
184 -265.0000000000
186 -264.0000000000
188 -263.0000000000
189 -262.0000000000
190 -261.0000000000
192 -260.0000000000
193 -259.0000000000
195 -258.0000000000
200 -257.0000000000
201 -256.0000000000
203 -255.0000000000
204 -254.0000000000
206 -253.0000000000
211 -252.0000000000
212 -251.0000000000
213 -250.0000000000
217 -249.0000000000
221 -248.0000000000
222 -247.0000000000
224 -246.0000000000
227 -245.0000000000
228 -244.0000000000
230 -243.0000000000
231 -242.0000000000
234 -241.0000000000
236 -240.0000000000
238 -239.0000000000
239 -238.0000000000
247 -237.0000000000
250 -236.0000000000
254 -235.0000000000
256 -234.0000000000
260 -233.0000000000
261 -232.0000000000
265 -231.0000000000
267 -230.0000000000
274 -229.0000000000
276 -228.0000000000
280 -227.0000000000
283 -226.0000000000
287 -225.0000000000
288 -224.0000000000
291 -223.0000000000
295 -222.0000000000
296 -221.0000000000
300 -220.0000000000
301 -219.0000000000
302 -218.0000000000
309 -217.0000000000
311 -216.0000000000
316 -215.0000000000
325 -214.0000000000
326 -213.0000000000
329 -212.0000000000
331 -211.0000000000
344 -210.0000000000
347 -209.0000000000
350 -208.0000000000
352 -207.0000000000
354 -206.0000000000
369 -205.0000000000
371 -204.0000000000
372 -203.0000000000
374 -202.0000000000
377 -201.0000000000
381 -200.0000000000
382 -199.0000000000
390 -198.0000000000
392 -197.0000000000
393 -196.0000000000
395 -195.0000000000
397 -194.0000000000
398 -193.0000000000
402 -192.0000000000
408 -191.0000000000
410 -190.0000000000
411 -189.0000000000
422 -188.0000000000
423 -187.0000000000
426 -186.0000000000
431 -185.0000000000
435 -184.0000000000
438 -183.0000000000
439 -182.0000000000
444 -181.0000000000
445 -180.0000000000
449 -179.0000000000
450 -178.0000000000
454 -177.0000000000
466 -176.0000000000
470 -175.0000000000
477 -174.0000000000
484 -173.0000000000
487 -172.0000000000
495 -171.0000000000
510 -170.0000000000
519 -169.0000000000
521 -168.0000000000
522 -167.0000000000
525 -166.0000000000
529 -165.0000000000
530 -164.0000000000
531 -163.0000000000
532 -162.0000000000
536 -161.0000000000
537 -160.0000000000
545 -159.0000000000
547 -158.0000000000
551 -157.0000000000
552 -156.0000000000
554 -155.0000000000
561 -154.0000000000
562 -153.0000000000
582 -152.0000000000
593 -151.0000000000
594 -150.0000000000
598 -149.0000000000
599 -148.0000000000
609 -147.0000000000
613 -146.0000000000
616 -145.0000000000
620 -144.0000000000
624 -143.0000000000
629 -142.0000000000
630 -141.0000000000
631 -140.0000000000
651 -139.0000000000
652 -138.0000000000
658 -137.0000000000
660 -136.0000000000
663 -135.0000000000
669 -134.0000000000
672 -133.0000000000
675 -132.0000000000
680 -131.0000000000
686 -130.0000000000
692 -129.0000000000
694 -128.0000000000
695 -127.0000000000
697 -126.0000000000
701 -125.0000000000
711 -124.0000000000
713 -123.0000000000
717 -122.0000000000
718 -121.0000000000
727 -120.0000000000
729 -119.0000000000
731 -118.0000000000
732 -117.0000000000
737 -116.0000000000
739 -115.0000000000
744 -114.0000000000
746 -113.0000000000
751 -112.0000000000
752 -111.0000000000
759 -110.0000000000
761 -109.0000000000
766 -108.0000000000
770 -107.0000000000
793 -106.0000000000
795 -105.0000000000
797 -104.0000000000
821 -103.0000000000
840 -102.0000000000
850 -101.0000000000
851 -100.0000000000
854 -99.0000000000
855 -98.0000000000
861 -97.0000000000
865 -96.0000000000
870 -95.0000000000
874 -94.0000000000
875 -93.0000000000
902 -92.0000000000
909 -91.0000000000
911 -90.0000000000
914 -89.0000000000
922 -88.0000000000
935 -87.0000000000
940 -86.0000000000
941 -85.0000000000
945 -84.0000000000
953 -83.0000000000
959 -82.0000000000
980 -81.0000000000
989 -80.0000000000
991 -79.0000000000
997 -78.0000000000
999 -77.0000000000
1009 -76.0000000000
1040 -75.0000000000
1060 -74.0000000000
1061 -73.0000000000
1077 -72.0000000000
1089 -71.0000000000
1091 -70.0000000000
1093 -69.0000000000
1108 -68.0000000000
1109 -67.0000000000
1115 -66.0000000000
1145 -65.0000000000
1153 -64.0000000000
1167 -63.0000000000
1182 -62.0000000000
1184 -61.0000000000
1189 -60.0000000000
1192 -59.0000000000
1197 -58.0000000000
1213 -57.0000000000
1217 -56.0000000000
1242 -55.0000000000
1256 -54.0000000000
1300 -53.0000000000
1324 -52.0000000000
1337 -51.0000000000
1358 -50.0000000000
1365 -49.0000000000
1378 -48.0000000000
1382 -47.0000000000
1416 -46.0000000000
1424 -45.0000000000
1431 -44.0000000000
1433 -43.0000000000
1435 -42.0000000000
1450 -41.0000000000
1451 -40.0000000000
1470 -39.0000000000
1475 -38.0000000000
1480 -37.0000000000
1481 -36.0000000000
1490 -35.0000000000
1495 -34.0000000000
1532 -33.0000000000
1590 -32.0000000000
1600 -31.0000000000
1614 -30.0000000000
1622 -29.0000000000
1673 -28.0000000000
1689 -27.0000000000
1700 -26.0000000000
1759 -25.0000000000
1816 -24.0000000000
1818 -23.0000000000
1841 -22.0000000000
1845 -21.0000000000
1866 -20.0000000000
1913 -19.0000000000
1955 -18.0000000000
1963 -17.0000000000
2015 -16.0000000000
2041 -15.0000000000
2089 -14.0000000000
2111 -13.0000000000
2141 -12.0000000000
2150 -11.0000000000
2189 -10.0000000000
2205 -9.0000000000
2213 -8.0000000000
2254 -7.0000000000
2312 -6.0000000000
2404 -5.0000000000
2424 -4.0000000000
2473 -3.0000000000
2502 -2.0000000000
2534 -1.0000000000
2568 611.0000000000
10000 -1.0000000000
evaluations raw_y
1 -374.0000000000
3 -373.0000000000
4 -372.0000000000
6 -371.0000000000
11 -370.0000000000
14 -369.0000000000
15 -368.0000000000
17 -367.0000000000
20 -366.0000000000
22 -365.0000000000
23 -364.0000000000
26 -363.0000000000
27 -362.0000000000
29 -361.0000000000
33 -360.0000000000
36 -359.0000000000
37 -358.0000000000
38 -357.0000000000
39 -356.0000000000
40 -355.0000000000
41 -354.0000000000
44 -353.0000000000
47 -352.0000000000
49 -351.0000000000
51 -350.0000000000
53 -349.0000000000
55 -348.0000000000
56 -347.0000000000
57 -346.0000000000
60 -345.0000000000
61 -344.0000000000
62 -343.0000000000
65 -342.0000000000
67 -341.0000000000
68 -340.0000000000
74 -339.0000000000
75 -338.0000000000
76 -337.0000000000
78 -336.0000000000
79 -335.0000000000
80 -334.0000000000
81 -333.0000000000
82 -332.0000000000
83 -331.0000000000
87 -330.0000000000
89 -329.0000000000
91 -328.0000000000
96 -327.0000000000
98 -326.0000000000
99 -325.0000000000
100 -324.0000000000
101 -323.0000000000
108 -322.0000000000
109 -321.0000000000
111 -320.0000000000
112 -319.0000000000
113 -318.0000000000
117 -317.0000000000
118 -316.0000000000
122 -315.0000000000
126 -314.0000000000
128 -313.0000000000
129 -312.0000000000
130 -311.0000000000
131 -310.0000000000
132 -309.0000000000
133 -308.0000000000
135 -307.0000000000
137 -306.0000000000
138 -305.0000000000
139 -304.0000000000
141 -303.0000000000
147 -302.0000000000
149 -301.0000000000
154 -300.0000000000
155 -299.0000000000
156 -298.0000000000
164 -297.0000000000
166 -296.0000000000
172 -295.0000000000
173 -294.0000000000
176 -293.0000000000
177 -292.0000000000
180 -291.0000000000
181 -290.0000000000
182 -289.0000000000
184 -288.0000000000
185 -287.0000000000
187 -286.0000000000
189 -285.0000000000
192 -284.0000000000
193 -283.0000000000
195 -282.0000000000
199 -281.0000000000
203 -280.0000000000
206 -279.0000000000
209 -278.0000000000
214 -277.0000000000
225 -276.0000000000
231 -275.0000000000
232 -274.0000000000
238 -273.0000000000
239 -272.0000000000
241 -271.0000000000
244 -270.0000000000
245 -269.0000000000
251 -268.0000000000
252 -267.0000000000
254 -266.0000000000
256 -265.0000000000
270 -264.0000000000
272 -263.0000000000
273 -262.0000000000
276 -261.0000000000
277 -260.0000000000
280 -259.0000000000
284 -258.0000000000
285 -257.0000000000
291 -256.0000000000
292 -255.0000000000
298 -254.0000000000
299 -253.0000000000
307 -252.0000000000
308 -251.0000000000
310 -250.0000000000
311 -249.0000000000
315 -248.0000000000
317 -247.0000000000
319 -246.0000000000
321 -245.0000000000
322 -244.0000000000
323 -243.0000000000
327 -242.0000000000
328 -241.0000000000
332 -240.0000000000
337 -239.0000000000
340 -238.0000000000
343 -237.0000000000
345 -236.0000000000
348 -235.0000000000
353 -234.0000000000
355 -233.0000000000
359 -232.0000000000
360 -231.0000000000
361 -230.0000000000
365 -229.0000000000
366 -228.0000000000
370 -227.0000000000
371 -226.0000000000
375 -225.0000000000
376 -224.0000000000
377 -223.0000000000
379 -222.0000000000
381 -221.0000000000
385 -220.0000000000
392 -219.0000000000
396 -218.0000000000
397 -217.0000000000
398 -216.0000000000
399 -215.0000000000
402 -214.0000000000
403 -213.0000000000
404 -212.0000000000
405 -211.0000000000
408 -210.0000000000
411 -209.0000000000
416 -208.0000000000
420 -207.0000000000
421 -206.0000000000
423 -205.0000000000
424 -204.0000000000
426 -203.0000000000
428 -202.0000000000
434 -201.0000000000
436 -200.0000000000
437 -199.0000000000
439 -198.0000000000
444 -197.0000000000
449 -196.0000000000
451 -195.0000000000
454 -194.0000000000
455 -193.0000000000
461 -192.0000000000
463 -191.0000000000
464 -190.0000000000
466 -189.0000000000
470 -188.0000000000
478 -187.0000000000
480 -186.0000000000
481 -185.0000000000
484 -184.0000000000
485 -183.0000000000
489 -182.0000000000
490 -181.0000000000
492 -180.0000000000
497 -179.0000000000
498 -178.0000000000
500 -177.0000000000
505 -176.0000000000
508 -175.0000000000
523 -174.0000000000
524 -173.0000000000
526 -172.0000000000
536 -171.0000000000
539 -170.0000000000
540 -169.0000000000
548 -168.0000000000
552 -167.0000000000
556 -166.0000000000
557 -165.0000000000
566 -164.0000000000
569 -163.0000000000
571 -162.0000000000
575 -161.0000000000
579 -160.0000000000
583 -159.0000000000
584 -158.0000000000
587 -157.0000000000
588 -156.0000000000
592 -155.0000000000
593 -154.0000000000
596 -153.0000000000
598 -152.0000000000
600 -151.0000000000
601 -150.0000000000
614 -149.0000000000
621 -148.0000000000
627 -147.0000000000
630 -146.0000000000
641 -145.0000000000
646 -144.0000000000
651 -143.0000000000
663 -142.0000000000
674 -141.0000000000
677 -140.0000000000
680 -139.0000000000
689 -138.0000000000
694 -137.0000000000
698 -136.0000000000
702 -135.0000000000
707 -134.0000000000
708 -133.0000000000
712 -132.0000000000
713 -131.0000000000
719 -130.0000000000
728 -129.0000000000
737 -128.0000000000
739 -127.0000000000
740 -126.0000000000
742 -125.0000000000
749 -124.0000000000
754 -123.0000000000
755 -122.0000000000
762 -121.0000000000
763 -120.0000000000
765 -119.0000000000
767 -118.0000000000
775 -117.0000000000
778 -116.0000000000
780 -115.0000000000
787 -114.0000000000
789 -113.0000000000
791 -112.0000000000
792 -111.0000000000
802 -110.0000000000
806 -109.0000000000
807 -108.0000000000
858 -107.0000000000
859 -106.0000000000
873 -105.0000000000
876 -104.0000000000
881 -103.0000000000
889 -102.0000000000
893 -101.0000000000
904 -100.0000000000
911 -99.0000000000
919 -98.0000000000
928 -97.0000000000
935 -96.0000000000
937 -95.0000000000
939 -94.0000000000
949 -93.0000000000
951 -92.0000000000
964 -91.0000000000
969 -90.0000000000
989 -89.0000000000
995 -88.0000000000
1004 -87.0000000000
1029 -86.0000000000
1031 -85.0000000000
1042 -84.0000000000
1044 -83.0000000000
1053 -82.0000000000
1054 -81.0000000000
1072 -80.0000000000
1075 -79.0000000000
1088 -78.0000000000
1094 -77.0000000000
1096 -76.0000000000
1105 -75.0000000000
1118 -74.0000000000
1119 -73.0000000000
1120 -72.0000000000
1123 -71.0000000000
1132 -70.0000000000
1134 -69.0000000000
1137 -68.0000000000
1142 -67.0000000000
1155 -66.0000000000
1163 -65.0000000000
1172 -64.0000000000
1174 -63.0000000000
1186 -62.0000000000
1226 -61.0000000000
1235 -60.0000000000
1237 -59.0000000000
1247 -58.0000000000
1308 -57.0000000000
1336 -56.0000000000
1349 -55.0000000000
1351 -54.0000000000
1361 -53.0000000000
1377 -52.0000000000
1381 -51.0000000000
1384 -50.0000000000
1442 -49.0000000000
1463 -48.0000000000
1491 -47.0000000000
1493 -46.0000000000
1499 -45.0000000000
1508 -44.0000000000
1516 -43.0000000000
1518 -42.0000000000
1549 -41.0000000000
1602 -40.0000000000
1614 -39.0000000000
1715 -38.0000000000
1731 -37.0000000000
1746 -36.0000000000
1774 -35.0000000000
1815 -34.0000000000
1823 -33.0000000000
1829 -32.0000000000
1856 -31.0000000000
1859 -30.0000000000
1865 -29.0000000000
1904 -28.0000000000
1924 -27.0000000000
1947 -26.0000000000
1955 -25.0000000000
1968 -24.0000000000
1969 -23.0000000000
1977 -22.0000000000
1983 -21.0000000000
2008 -20.0000000000
2075 -19.0000000000
2079 -18.0000000000
2085 -17.0000000000
2096 -16.0000000000
2143 -15.0000000000
2156 -14.0000000000
2169 -13.0000000000
2173 -12.0000000000
2174 -11.0000000000
2228 -10.0000000000
2270 -9.0000000000
2311 -8.0000000000
2370 -7.0000000000
2382 -6.0000000000
2383 -5.0000000000
2425 -4.0000000000
2526 -3.0000000000
2563 -2.0000000000
2597 -1.0000000000
2713 601.0000000000
10000 -1.0000000000
evaluations raw_y
1 -365.0000000000
5 -364.0000000000
6 -363.0000000000
7 -362.0000000000
9 -361.0000000000
10 -360.0000000000
11 -359.0000000000
12 -358.0000000000
14 -357.0000000000
16 -356.0000000000
17 -355.0000000000
21 -354.0000000000
25 -353.0000000000
27 -352.0000000000
28 -351.0000000000
31 -350.0000000000
32 -349.0000000000
33 -348.0000000000
34 -347.0000000000
35 -346.0000000000
37 -345.0000000000
39 -344.0000000000
43 -343.0000000000
44 -342.0000000000
45 -341.0000000000
50 -340.0000000000
51 -339.0000000000
55 -338.0000000000
57 -337.0000000000
58 -336.0000000000
59 -335.0000000000
62 -334.0000000000
64 -333.0000000000
65 -332.0000000000
66 -331.0000000000
67 -330.0000000000
69 -329.0000000000
70 -328.0000000000
71 -327.0000000000
72 -326.0000000000
76 -325.0000000000
78 -324.0000000000
79 -323.0000000000
80 -322.0000000000
82 -321.0000000000
83 -320.0000000000
84 -319.0000000000
88 -318.0000000000
97 -317.0000000000
98 -316.0000000000
101 -315.0000000000
104 -314.0000000000
107 -313.0000000000
109 -312.0000000000
111 -311.0000000000
112 -310.0000000000
114 -309.0000000000
115 -308.0000000000
116 -307.0000000000
119 -306.0000000000
120 -305.0000000000
122 -304.0000000000
123 -303.0000000000
128 -302.0000000000
130 -301.0000000000
132 -300.0000000000
138 -299.0000000000
142 -298.0000000000
143 -297.0000000000
144 -296.0000000000
145 -295.0000000000
148 -294.0000000000
150 -293.0000000000
151 -292.0000000000
154 -291.0000000000
155 -290.0000000000
158 -289.0000000000
159 -288.0000000000
161 -287.0000000000
167 -286.0000000000
168 -285.0000000000
169 -284.0000000000
171 -283.0000000000
174 -282.0000000000
177 -281.0000000000
180 -280.0000000000
181 -279.0000000000
182 -278.0000000000
183 -277.0000000000
191 -276.0000000000
195 -275.0000000000
198 -274.0000000000
199 -273.0000000000
200 -272.0000000000
207 -271.0000000000
208 -270.0000000000
209 -269.0000000000
210 -268.0000000000
211 -267.0000000000
212 -266.0000000000
215 -265.0000000000
218 -264.0000000000
221 -263.0000000000
222 -262.0000000000
226 -261.0000000000
228 -260.0000000000
229 -259.0000000000
230 -258.0000000000
231 -257.0000000000
234 -256.0000000000
235 -255.0000000000
236 -254.0000000000
238 -253.0000000000
239 -252.0000000000
240 -251.0000000000
241 -250.0000000000
242 -249.0000000000
246 -248.0000000000
247 -247.0000000000
248 -246.0000000000
256 -245.0000000000
257 -244.0000000000
261 -243.0000000000
266 -242.0000000000
267 -241.0000000000
268 -240.0000000000
269 -239.0000000000
271 -238.0000000000
273 -237.0000000000
274 -236.0000000000
279 -235.0000000000
283 -234.0000000000
284 -233.0000000000
287 -232.0000000000
289 -231.0000000000
293 -230.0000000000
294 -229.0000000000
297 -228.0000000000
298 -227.0000000000
299 -226.0000000000
304 -225.0000000000
306 -224.0000000000
308 -223.0000000000
313 -222.0000000000
320 -221.0000000000
322 -220.0000000000
323 -219.0000000000
325 -218.0000000000
331 -217.0000000000
333 -216.0000000000
337 -215.0000000000
340 -214.0000000000
343 -213.0000000000
352 -212.0000000000
353 -211.0000000000
359 -210.0000000000
365 -209.0000000000
371 -208.0000000000
373 -207.0000000000
374 -206.0000000000
376 -205.0000000000
380 -204.0000000000
382 -203.0000000000
383 -202.0000000000
390 -201.0000000000
393 -200.0000000000
395 -199.0000000000
400 -198.0000000000
402 -197.0000000000
405 -196.0000000000
406 -195.0000000000
408 -194.0000000000
412 -193.0000000000
413 -192.0000000000
414 -191.0000000000
415 -190.0000000000
419 -189.0000000000
426 -188.0000000000
429 -187.0000000000
432 -186.0000000000
439 -185.0000000000
443 -184.0000000000
454 -183.0000000000
456 -182.0000000000
457 -181.0000000000
468 -180.0000000000
471 -179.0000000000
477 -178.0000000000
479 -177.0000000000
480 -176.0000000000
483 -175.0000000000
484 -174.0000000000
486 -173.0000000000
490 -172.0000000000
492 -171.0000000000
493 -170.0000000000
498 -169.0000000000
502 -168.0000000000
506 -167.0000000000
510 -166.0000000000
512 -165.0000000000
524 -164.0000000000
531 -163.0000000000
544 -162.0000000000
545 -161.0000000000
547 -160.0000000000
549 -159.0000000000
554 -158.0000000000
561 -157.0000000000
564 -156.0000000000
575 -155.0000000000
578 -154.0000000000
579 -153.0000000000
580 -152.0000000000
585 -151.0000000000
586 -150.0000000000
587 -149.0000000000
593 -148.0000000000
598 -147.0000000000
603 -146.0000000000
609 -145.0000000000
612 -144.0000000000
615 -143.0000000000
618 -142.0000000000
625 -141.0000000000
633 -140.0000000000
638 -139.0000000000
642 -138.0000000000
645 -137.0000000000
647 -136.0000000000
650 -135.0000000000
653 -134.0000000000
656 -133.0000000000
661 -132.0000000000
662 -131.0000000000
663 -130.0000000000
665 -129.0000000000
667 -128.0000000000
672 -127.0000000000
673 -126.0000000000
679 -125.0000000000
683 -124.0000000000
684 -123.0000000000
686 -122.0000000000
690 -121.0000000000
691 -120.0000000000
710 -119.0000000000
723 -118.0000000000
733 -117.0000000000
735 -116.0000000000
738 -115.0000000000
743 -114.0000000000
744 -113.0000000000
755 -112.0000000000
759 -111.0000000000
762 -110.0000000000
764 -109.0000000000
782 -108.0000000000
784 -107.0000000000
792 -106.0000000000
795 -105.0000000000
797 -104.0000000000
801 -103.0000000000
802 -102.0000000000
806 -101.0000000000
809 -100.0000000000
818 -99.0000000000
836 -98.0000000000
838 -97.0000000000
856 -96.0000000000
870 -95.0000000000
871 -94.0000000000
882 -93.0000000000
891 -92.0000000000
894 -91.0000000000
901 -90.0000000000
907 -89.0000000000
915 -88.0000000000
920 -87.0000000000
924 -86.0000000000
929 -85.0000000000
934 -84.0000000000
941 -83.0000000000
944 -82.0000000000
948 -81.0000000000
949 -80.0000000000
951 -79.0000000000
958 -78.0000000000
990 -77.0000000000
992 -76.0000000000
998 -75.0000000000
1001 -74.0000000000
1018 -73.0000000000
1034 -72.0000000000
1057 -71.0000000000
1062 -70.0000000000
1063 -69.0000000000
1064 -68.0000000000
1066 -67.0000000000
1072 -66.0000000000
1073 -65.0000000000
1074 -64.0000000000
1082 -63.0000000000
1087 -62.0000000000
1111 -61.0000000000
1112 -60.0000000000
1113 -59.0000000000
1127 -58.0000000000
1130 -57.0000000000
1132 -56.0000000000
1142 -55.0000000000
1157 -54.0000000000
1163 -53.0000000000
1178 -52.0000000000
1182 -51.0000000000
1183 -50.0000000000
1190 -49.0000000000
1207 -48.0000000000
1212 -47.0000000000
1231 -46.0000000000
1275 -45.0000000000
1281 -44.0000000000
1349 -43.0000000000
1355 -42.0000000000
1383 -41.0000000000
1518 -40.0000000000
1529 -39.0000000000
1549 -38.0000000000
1573 -37.0000000000
1585 -36.0000000000
1592 -35.0000000000
1599 -34.0000000000
1603 -33.0000000000
1609 -32.0000000000
1635 -31.0000000000
1636 -30.0000000000
1688 -29.0000000000
1732 -28.0000000000
1755 -27.0000000000
1799 -26.0000000000
1831 -25.0000000000
1842 -24.0000000000
1850 -23.0000000000
1883 -22.0000000000
1906 -21.0000000000
1917 -20.0000000000
1936 -19.0000000000
1942 -18.0000000000
1976 -17.0000000000
1985 -16.0000000000
2033 -15.0000000000
2042 -14.0000000000
2100 -13.0000000000
2124 -12.0000000000
2233 -11.0000000000
2248 -10.0000000000
2293 -9.0000000000
2298 -8.0000000000
2306 -7.0000000000
2349 -6.0000000000
2372 -5.0000000000
2393 -4.0000000000
2553 -3.0000000000
2563 -2.0000000000
2602 -1.0000000000
2670 597.0000000000
10000 -1.0000000000
evaluations raw_y
1 -381.0000000000
2 -380.0000000000
5 -379.0000000000
6 -378.0000000000
9 -377.0000000000
10 -376.0000000000
12 -375.0000000000
13 -374.0000000000
18 -373.0000000000
19 -372.0000000000
23 -371.0000000000
24 -370.0000000000
28 -369.0000000000
30 -368.0000000000
32 -367.0000000000
33 -366.0000000000
34 -365.0000000000
35 -364.0000000000
42 -363.0000000000
43 -362.0000000000
44 -361.0000000000
46 -360.0000000000
47 -359.0000000000
53 -358.0000000000
56 -357.0000000000
58 -356.0000000000
60 -355.0000000000
61 -354.0000000000
63 -353.0000000000
66 -352.0000000000
70 -351.0000000000
74 -350.0000000000
81 -349.0000000000
85 -348.0000000000
88 -347.0000000000
91 -346.0000000000
92 -345.0000000000
93 -344.0000000000
94 -343.0000000000
95 -342.0000000000
97 -341.0000000000
99 -340.0000000000
100 -339.0000000000
104 -338.0000000000
107 -337.0000000000
108 -336.0000000000
109 -335.0000000000
111 -334.0000000000
112 -333.0000000000
113 -332.0000000000
119 -331.0000000000
120 -330.0000000000
123 -329.0000000000
127 -328.0000000000
128 -327.0000000000
129 -326.0000000000
132 -325.0000000000
133 -324.0000000000
134 -323.0000000000
135 -322.0000000000
136 -321.0000000000
137 -320.0000000000
141 -319.0000000000
142 -318.0000000000
146 -317.0000000000
148 -316.0000000000
152 -315.0000000000
154 -314.0000000000
156 -313.0000000000
157 -312.0000000000
159 -311.0000000000
160 -310.0000000000
161 -309.0000000000
162 -308.0000000000
165 -307.0000000000
166 -306.0000000000
169 -305.0000000000
170 -304.0000000000
175 -303.0000000000
178 -302.0000000000
179 -301.0000000000
180 -300.0000000000
184 -299.0000000000
187 -298.0000000000
192 -297.0000000000
193 -296.0000000000
197 -295.0000000000
198 -294.0000000000
201 -293.0000000000
202 -292.0000000000
206 -291.0000000000
207 -290.0000000000
212 -289.0000000000
215 -288.0000000000
216 -287.0000000000
218 -286.0000000000
221 -285.0000000000
227 -284.0000000000
230 -283.0000000000
232 -282.0000000000
234 -281.0000000000
235 -280.0000000000
236 -279.0000000000
245 -278.0000000000
249 -277.0000000000
252 -276.0000000000
257 -275.0000000000
260 -274.0000000000
268 -273.0000000000
275 -272.0000000000
277 -271.0000000000
284 -270.0000000000
286 -269.0000000000
290 -268.0000000000
293 -267.0000000000
297 -266.0000000000
300 -265.0000000000
304 -264.0000000000
306 -263.0000000000
310 -262.0000000000
312 -261.0000000000
313 -260.0000000000
319 -259.0000000000
324 -258.0000000000
329 -257.0000000000
330 -256.0000000000
332 -255.0000000000
333 -254.0000000000
336 -253.0000000000
340 -252.0000000000
341 -251.0000000000
342 -250.0000000000
353 -249.0000000000
354 -248.0000000000
356 -247.0000000000
359 -246.0000000000
363 -245.0000000000
366 -244.0000000000
369 -243.0000000000
370 -242.0000000000
372 -241.0000000000
373 -240.0000000000
375 -239.0000000000
377 -238.0000000000
379 -237.0000000000
385 -236.0000000000
390 -235.0000000000
400 -234.0000000000
401 -233.0000000000
404 -232.0000000000
407 -231.0000000000
410 -230.0000000000
413 -229.0000000000
415 -228.0000000000
416 -227.0000000000
420 -226.0000000000
428 -225.0000000000
433 -224.0000000000
440 -223.0000000000
446 -222.0000000000
447 -221.0000000000
449 -220.0000000000
451 -219.0000000000
455 -218.0000000000
458 -217.0000000000
462 -216.0000000000
474 -215.0000000000
480 -214.0000000000
484 -213.0000000000
485 -212.0000000000
486 -211.0000000000
488 -210.0000000000
497 -209.0000000000
498 -208.0000000000
499 -207.0000000000
502 -206.0000000000
507 -205.0000000000
508 -204.0000000000
513 -203.0000000000
516 -202.0000000000
521 -201.0000000000
532 -200.0000000000
534 -199.0000000000
537 -198.0000000000
538 -197.0000000000
541 -196.0000000000
543 -195.0000000000
552 -194.0000000000
555 -193.0000000000
560 -192.0000000000
561 -191.0000000000
584 -190.0000000000
590 -189.0000000000
591 -188.0000000000
593 -187.0000000000
594 -186.0000000000
596 -185.0000000000
601 -184.0000000000
605 -183.0000000000
614 -182.0000000000
619 -181.0000000000
638 -180.0000000000
650 -179.0000000000
652 -178.0000000000
661 -177.0000000000
665 -176.0000000000
666 -175.0000000000
670 -174.0000000000
675 -173.0000000000
676 -172.0000000000
677 -171.0000000000
678 -170.0000000000
679 -169.0000000000
681 -168.0000000000
682 -167.0000000000
684 -166.0000000000
689 -165.0000000000
694 -164.0000000000
697 -163.0000000000
699 -162.0000000000
719 -161.0000000000
720 -160.0000000000
724 -159.0000000000
725 -158.0000000000
727 -157.0000000000
737 -156.0000000000
741 -155.0000000000
742 -154.0000000000
743 -153.0000000000
750 -152.0000000000
757 -151.0000000000
766 -150.0000000000
767 -149.0000000000
768 -148.0000000000
770 -147.0000000000
774 -146.0000000000
777 -145.0000000000
785 -144.0000000000
799 -143.0000000000
803 -142.0000000000
805 -141.0000000000
808 -140.0000000000
813 -139.0000000000
814 -138.0000000000
818 -137.0000000000
824 -136.0000000000
826 -135.0000000000
834 -134.0000000000
835 -133.0000000000
837 -132.0000000000
841 -131.0000000000
849 -130.0000000000
854 -129.0000000000
864 -128.0000000000
865 -127.0000000000
874 -126.0000000000
882 -125.0000000000
883 -124.0000000000
916 -123.0000000000
918 -122.0000000000
919 -121.0000000000
920 -120.0000000000
924 -119.0000000000
932 -118.0000000000
938 -117.0000000000
941 -116.0000000000
943 -115.0000000000
944 -114.0000000000
945 -113.0000000000
948 -112.0000000000
951 -111.0000000000
962 -110.0000000000
963 -109.0000000000
973 -108.0000000000
995 -107.0000000000
996 -106.0000000000
1002 -105.0000000000
1009 -104.0000000000
1019 -103.0000000000
1026 -102.0000000000
1033 -101.0000000000
1037 -100.0000000000
1039 -99.0000000000
1084 -98.0000000000
1092 -97.0000000000
1093 -96.0000000000
1113 -95.0000000000
1115 -94.0000000000
1155 -93.0000000000
1156 -92.0000000000
1165 -91.0000000000
1173 -90.0000000000
1193 -89.0000000000
1201 -88.0000000000
1209 -87.0000000000
1215 -86.0000000000
1216 -85.0000000000
1219 -84.0000000000
1228 -83.0000000000
1236 -82.0000000000
1237 -81.0000000000
1250 -80.0000000000
1261 -79.0000000000
1282 -78.0000000000
1287 -77.0000000000
1318 -76.0000000000
1351 -75.0000000000
1365 -74.0000000000
1367 -73.0000000000
1369 -72.0000000000
1375 -71.0000000000
1379 -70.0000000000
1384 -69.0000000000
1385 -68.0000000000
1411 -67.0000000000
1434 -66.0000000000
1443 -65.0000000000
1451 -64.0000000000
1458 -63.0000000000
1461 -62.0000000000
1462 -61.0000000000
1468 -60.0000000000
1483 -59.0000000000
1485 -58.0000000000
1500 -57.0000000000
1532 -56.0000000000
1541 -55.0000000000
1542 -54.0000000000
1546 -53.0000000000
1567 -52.0000000000
1576 -51.0000000000
1580 -50.0000000000
1589 -49.0000000000
1602 -48.0000000000
1645 -47.0000000000
1690 -46.0000000000
1691 -45.0000000000
1712 -44.0000000000
1713 -43.0000000000
1728 -42.0000000000
1734 -41.0000000000
1739 -40.0000000000
1749 -39.0000000000
1778 -38.0000000000
1793 -37.0000000000
1800 -36.0000000000
1888 -35.0000000000
1890 -34.0000000000
1891 -33.0000000000
1902 -32.0000000000
1909 -31.0000000000
1920 -30.0000000000
1936 -29.0000000000
1959 -28.0000000000
1962 -27.0000000000
1995 -26.0000000000
2003 -25.0000000000
2011 -24.0000000000
2093 -23.0000000000
2193 -22.0000000000
2201 -21.0000000000
2214 -20.0000000000
2290 -19.0000000000
2306 -18.0000000000
2307 -17.0000000000
2313 -16.0000000000
2314 -15.0000000000
2422 -14.0000000000
2435 -13.0000000000
2488 -12.0000000000
2517 -11.0000000000
2590 -10.0000000000
2654 -9.0000000000
2723 -8.0000000000
2781 -7.0000000000
2803 -6.0000000000
2804 -5.0000000000
2830 -4.0000000000
2848 -3.0000000000
2880 -2.0000000000
2883 -1.0000000000
2888 564.0000000000
10000 -1.0000000000
evaluations raw_y
1 -378.0000000000
2 -377.0000000000
3 -376.0000000000
4 -375.0000000000
6 -374.0000000000
8 -373.0000000000
10 -372.0000000000
12 -371.0000000000
13 -370.0000000000
14 -369.0000000000
15 -368.0000000000
16 -367.0000000000
18 -366.0000000000
20 -365.0000000000
21 -364.0000000000
24 -363.0000000000
25 -362.0000000000
26 -361.0000000000
28 -360.0000000000
31 -359.0000000000
33 -358.0000000000
37 -357.0000000000
43 -356.0000000000
45 -355.0000000000
47 -354.0000000000
48 -353.0000000000
50 -352.0000000000
51 -351.0000000000
52 -350.0000000000
57 -349.0000000000
58 -348.0000000000
66 -347.0000000000
67 -346.0000000000
70 -345.0000000000
72 -344.0000000000
74 -343.0000000000
75 -342.0000000000
76 -341.0000000000
78 -340.0000000000
79 -339.0000000000
80 -338.0000000000
81 -337.0000000000
83 -336.0000000000
89 -335.0000000000
90 -334.0000000000
95 -333.0000000000
98 -332.0000000000
106 -331.0000000000
108 -330.0000000000
111 -329.0000000000
115 -328.0000000000
117 -327.0000000000
118 -326.0000000000
119 -325.0000000000
120 -324.0000000000
121 -323.0000000000
124 -322.0000000000
125 -321.0000000000
126 -320.0000000000
127 -319.0000000000
131 -318.0000000000
136 -317.0000000000
137 -316.0000000000
138 -315.0000000000
140 -314.0000000000
145 -313.0000000000
147 -312.0000000000
148 -311.0000000000
149 -310.0000000000
150 -309.0000000000
152 -308.0000000000
153 -307.0000000000
155 -306.0000000000
156 -305.0000000000
157 -304.0000000000
159 -303.0000000000
168 -302.0000000000
169 -301.0000000000
170 -300.0000000000
171 -299.0000000000
174 -298.0000000000
175 -297.0000000000
176 -296.0000000000
178 -295.0000000000
179 -294.0000000000
183 -293.0000000000
187 -292.0000000000
192 -291.0000000000
193 -290.0000000000
197 -289.0000000000
200 -288.0000000000
201 -287.0000000000
202 -286.0000000000
203 -285.0000000000
216 -284.0000000000
218 -283.0000000000
221 -282.0000000000
224 -281.0000000000
229 -280.0000000000
230 -279.0000000000
231 -278.0000000000
235 -277.0000000000
238 -276.0000000000
239 -275.0000000000
240 -274.0000000000
243 -273.0000000000
244 -272.0000000000
251 -271.0000000000
256 -270.0000000000
257 -269.0000000000
258 -268.0000000000
260 -267.0000000000
261 -266.0000000000
267 -265.0000000000
270 -264.0000000000
271 -263.0000000000
272 -262.0000000000
273 -261.0000000000
275 -260.0000000000
282 -259.0000000000
284 -258.0000000000
287 -257.0000000000
290 -256.0000000000
296 -255.0000000000
298 -254.0000000000
306 -253.0000000000
312 -252.0000000000
314 -251.0000000000
319 -250.0000000000
324 -249.0000000000
327 -248.0000000000
330 -247.0000000000
338 -246.0000000000
340 -245.0000000000
343 -244.0000000000
352 -243.0000000000
353 -242.0000000000
354 -241.0000000000
359 -240.0000000000
364 -239.0000000000
367 -238.0000000000
374 -237.0000000000
378 -236.0000000000
380 -235.0000000000
382 -234.0000000000
389 -233.0000000000
393 -232.0000000000
398 -231.0000000000
399 -230.0000000000
400 -229.0000000000
401 -228.0000000000
402 -227.0000000000
405 -226.0000000000
406 -225.0000000000
407 -224.0000000000
412 -223.0000000000
417 -222.0000000000
420 -221.0000000000
423 -220.0000000000
424 -219.0000000000
428 -218.0000000000
434 -217.0000000000
440 -216.0000000000
446 -215.0000000000
450 -214.0000000000
452 -213.0000000000
453 -212.0000000000
459 -211.0000000000
460 -210.0000000000
462 -209.0000000000
466 -208.0000000000
467 -207.0000000000
469 -206.0000000000
472 -205.0000000000
481 -204.0000000000
482 -203.0000000000
483 -202.0000000000
487 -201.0000000000
491 -200.0000000000
492 -199.0000000000
493 -198.0000000000
494 -197.0000000000
496 -196.0000000000
503 -195.0000000000
504 -194.0000000000
517 -193.0000000000
519 -192.0000000000
520 -191.0000000000
522 -190.0000000000
527 -189.0000000000
531 -188.0000000000
532 -187.0000000000
538 -186.0000000000
539 -185.0000000000
542 -184.0000000000
546 -183.0000000000
556 -182.0000000000
559 -181.0000000000
563 -180.0000000000
570 -179.0000000000
577 -178.0000000000
579 -177.0000000000
586 -176.0000000000
591 -175.0000000000
592 -174.0000000000
593 -173.0000000000
594 -172.0000000000
597 -171.0000000000
603 -170.0000000000
604 -169.0000000000
607 -168.0000000000
608 -167.0000000000
618 -166.0000000000
621 -165.0000000000
622 -164.0000000000
629 -163.0000000000
631 -162.0000000000
634 -161.0000000000
635 -160.0000000000
637 -159.0000000000
650 -158.0000000000
651 -157.0000000000
652 -156.0000000000
654 -155.0000000000
656 -154.0000000000
674 -153.0000000000
675 -152.0000000000
687 -151.0000000000
689 -150.0000000000
695 -149.0000000000
701 -148.0000000000
705 -147.0000000000
713 -146.0000000000
719 -145.0000000000
720 -144.0000000000
722 -143.0000000000
724 -142.0000000000
726 -141.0000000000
731 -140.0000000000
735 -139.0000000000
741 -138.0000000000
745 -137.0000000000
746 -136.0000000000
752 -135.0000000000
756 -134.0000000000
770 -133.0000000000
781 -132.0000000000
790 -131.0000000000
791 -130.0000000000
792 -129.0000000000
794 -128.0000000000
795 -127.0000000000
800 -126.0000000000
801 -125.0000000000
807 -124.0000000000
808 -123.0000000000
809 -122.0000000000
818 -121.0000000000
821 -120.0000000000
829 -119.0000000000
836 -118.0000000000
837 -117.0000000000
841 -116.0000000000
845 -115.0000000000
846 -114.0000000000
847 -113.0000000000
850 -112.0000000000
853 -111.0000000000
854 -110.0000000000
866 -109.0000000000
869 -108.0000000000
872 -107.0000000000
873 -106.0000000000
875 -105.0000000000
876 -104.0000000000
891 -103.0000000000
926 -102.0000000000
929 -101.0000000000
946 -100.0000000000
966 -99.0000000000
991 -98.0000000000
997 -97.0000000000
1000 -96.0000000000
1004 -95.0000000000
1013 -94.0000000000
1024 -93.0000000000
1031 -92.0000000000
1043 -91.0000000000
1044 -90.0000000000
1046 -89.0000000000
1054 -88.0000000000
1057 -87.0000000000
1063 -86.0000000000
1071 -85.0000000000
1115 -84.0000000000
1120 -83.0000000000
1125 -82.0000000000
1135 -81.0000000000
1154 -80.0000000000
1156 -79.0000000000
1162 -78.0000000000
1164 -77.0000000000
1166 -76.0000000000
1214 -75.0000000000
1215 -74.0000000000
1230 -73.0000000000
1231 -72.0000000000
1235 -71.0000000000
1236 -70.0000000000
1246 -69.0000000000
1252 -68.0000000000
1283 -67.0000000000
1293 -66.0000000000
1299 -65.0000000000
1310 -64.0000000000
1325 -63.0000000000
1332 -62.0000000000
1333 -61.0000000000
1355 -60.0000000000
1357 -59.0000000000
1358 -58.0000000000
1376 -57.0000000000
1401 -56.0000000000
1403 -55.0000000000
1409 -54.0000000000
1446 -53.0000000000
1493 -52.0000000000
1509 -51.0000000000
1523 -50.0000000000
1539 -49.0000000000
1546 -48.0000000000
1548 -47.0000000000
1565 -46.0000000000
1573 -45.0000000000
1587 -44.0000000000
1619 -43.0000000000
1658 -42.0000000000
1665 -41.0000000000
1670 -40.0000000000
1681 -39.0000000000
1687 -38.0000000000
1696 -37.0000000000
1706 -36.0000000000
1713 -35.0000000000
1742 -34.0000000000
1744 -33.0000000000
1752 -32.0000000000
1757 -31.0000000000
1768 -30.0000000000
1787 -29.0000000000
1790 -28.0000000000
1793 -27.0000000000
1828 -26.0000000000
1836 -25.0000000000
1842 -24.0000000000
1853 -23.0000000000
1880 -22.0000000000
1891 -21.0000000000
1911 -20.0000000000
1929 -19.0000000000
1995 -18.0000000000
2027 -17.0000000000
2037 -16.0000000000
2050 -15.0000000000
2080 -14.0000000000
2111 -13.0000000000
2119 -12.0000000000
2120 -11.0000000000
2129 -10.0000000000
2152 -9.0000000000
2171 -8.0000000000
2255 -7.0000000000
2259 -6.0000000000
2478 -5.0000000000
2506 -4.0000000000
2594 -3.0000000000
2618 -2.0000000000
2662 -1.0000000000
2700 575.0000000000
10000 -1.0000000000
evaluations raw_y
1 -366.0000000000
6 -365.0000000000
10 -364.0000000000
11 -363.0000000000
12 -362.0000000000
13 -361.0000000000
15 -360.0000000000
16 -359.0000000000
19 -358.0000000000
20 -357.0000000000
21 -356.0000000000
24 -355.0000000000
25 -354.0000000000
27 -353.0000000000
28 -352.0000000000
29 -351.0000000000
30 -350.0000000000
31 -349.0000000000
33 -348.0000000000
34 -347.0000000000
35 -346.0000000000
36 -345.0000000000
37 -344.0000000000
39 -343.0000000000
40 -342.0000000000
45 -341.0000000000
46 -340.0000000000
48 -339.0000000000
50 -338.0000000000
51 -337.0000000000
57 -336.0000000000
58 -335.0000000000
60 -334.0000000000
62 -333.0000000000
64 -332.0000000000
65 -331.0000000000
67 -330.0000000000
72 -329.0000000000
75 -328.0000000000
77 -327.0000000000
78 -326.0000000000
79 -325.0000000000
82 -324.0000000000
86 -323.0000000000
91 -322.0000000000
93 -321.0000000000
99 -320.0000000000
100 -319.0000000000
104 -318.0000000000
106 -317.0000000000
108 -316.0000000000
110 -315.0000000000
112 -314.0000000000
114 -313.0000000000
115 -312.0000000000
116 -311.0000000000
118 -310.0000000000
119 -309.0000000000
121 -308.0000000000
126 -307.0000000000
127 -306.0000000000
129 -305.0000000000
133 -304.0000000000
136 -303.0000000000
138 -302.0000000000
139 -301.0000000000
140 -300.0000000000
143 -299.0000000000
146 -298.0000000000
148 -297.0000000000
149 -296.0000000000
150 -295.0000000000
154 -294.0000000000
155 -293.0000000000
157 -292.0000000000
159 -291.0000000000
161 -290.0000000000
163 -289.0000000000
164 -288.0000000000
167 -287.0000000000
168 -286.0000000000
172 -285.0000000000
173 -284.0000000000
177 -283.0000000000
178 -282.0000000000
179 -281.0000000000
180 -280.0000000000
183 -279.0000000000
184 -278.0000000000
191 -277.0000000000
192 -276.0000000000
194 -275.0000000000
197 -274.0000000000
198 -273.0000000000
199 -272.0000000000
201 -271.0000000000
203 -270.0000000000
204 -269.0000000000
206 -268.0000000000
213 -267.0000000000
215 -266.0000000000
218 -265.0000000000
219 -264.0000000000
224 -263.0000000000
226 -262.0000000000
228 -261.0000000000
230 -260.0000000000
231 -259.0000000000
232 -258.0000000000
233 -257.0000000000
236 -256.0000000000
238 -255.0000000000
239 -254.0000000000
240 -253.0000000000
241 -252.0000000000
242 -251.0000000000
243 -250.0000000000
245 -249.0000000000
254 -248.0000000000
257 -247.0000000000
260 -246.0000000000
262 -245.0000000000
272 -244.0000000000
278 -243.0000000000
281 -242.0000000000
282 -241.0000000000
290 -240.0000000000
294 -239.0000000000
305 -238.0000000000
310 -237.0000000000
315 -236.0000000000
316 -235.0000000000
318 -234.0000000000
320 -233.0000000000
321 -232.0000000000
322 -231.0000000000
326 -230.0000000000
328 -229.0000000000
332 -228.0000000000
334 -227.0000000000
336 -226.0000000000
349 -225.0000000000
351 -224.0000000000
353 -223.0000000000
354 -222.0000000000
357 -221.0000000000
362 -220.0000000000
365 -219.0000000000
366 -218.0000000000
367 -217.0000000000
372 -216.0000000000
378 -215.0000000000
381 -214.0000000000
386 -213.0000000000
390 -212.0000000000
391 -211.0000000000
392 -210.0000000000
393 -209.0000000000
398 -208.0000000000
405 -207.0000000000
410 -206.0000000000
416 -205.0000000000
419 -204.0000000000
421 -203.0000000000
425 -202.0000000000
433 -201.0000000000
434 -200.0000000000
438 -199.0000000000
440 -198.0000000000
441 -197.0000000000
446 -196.0000000000
450 -195.0000000000
457 -194.0000000000
460 -193.0000000000
462 -192.0000000000
463 -191.0000000000
466 -190.0000000000
469 -189.0000000000
471 -188.0000000000
472 -187.0000000000
477 -186.0000000000
487 -185.0000000000
490 -184.0000000000
492 -183.0000000000
497 -182.0000000000
499 -181.0000000000
501 -180.0000000000
509 -179.0000000000
515 -178.0000000000
516 -177.0000000000
518 -176.0000000000
519 -175.0000000000
520 -174.0000000000
522 -173.0000000000
524 -172.0000000000
526 -171.0000000000
529 -170.0000000000
538 -169.0000000000
539 -168.0000000000
540 -167.0000000000
541 -166.0000000000
548 -165.0000000000
561 -164.0000000000
570 -163.0000000000
571 -162.0000000000
576 -161.0000000000
578 -160.0000000000
579 -159.0000000000
580 -158.0000000000
581 -157.0000000000
585 -156.0000000000
594 -155.0000000000
595 -154.0000000000
602 -153.0000000000
603 -152.0000000000
622 -151.0000000000
626 -150.0000000000
627 -149.0000000000
628 -148.0000000000
631 -147.0000000000
634 -146.0000000000
640 -145.0000000000
642 -144.0000000000
660 -143.0000000000
670 -142.0000000000
673 -141.0000000000
674 -140.0000000000
689 -139.0000000000
695 -138.0000000000
701 -137.0000000000
715 -136.0000000000
731 -135.0000000000
733 -134.0000000000
739 -133.0000000000
740 -132.0000000000
744 -131.0000000000
748 -130.0000000000
755 -129.0000000000
767 -128.0000000000
769 -127.0000000000
775 -126.0000000000
777 -125.0000000000
779 -124.0000000000
788 -123.0000000000
789 -122.0000000000
792 -121.0000000000
796 -120.0000000000
800 -119.0000000000
802 -118.0000000000
811 -117.0000000000
831 -116.0000000000
832 -115.0000000000
834 -114.0000000000
840 -113.0000000000
842 -112.0000000000
846 -111.0000000000
857 -110.0000000000
865 -109.0000000000
868 -108.0000000000
884 -107.0000000000
887 -106.0000000000
889 -105.0000000000
904 -104.0000000000
922 -103.0000000000
923 -102.0000000000
937 -101.0000000000
943 -100.0000000000
948 -99.0000000000
956 -98.0000000000
957 -97.0000000000
961 -96.0000000000
984 -95.0000000000
991 -94.0000000000
992 -93.0000000000
994 -92.0000000000
996 -91.0000000000
1001 -90.0000000000
1002 -89.0000000000
1008 -88.0000000000
1015 -87.0000000000
1018 -86.0000000000
1026 -85.0000000000
1030 -84.0000000000
1034 -83.0000000000
1039 -82.0000000000
1041 -81.0000000000
1044 -80.0000000000
1045 -79.0000000000
1046 -78.0000000000
1056 -77.0000000000
1060 -76.0000000000
1074 -75.0000000000
1081 -74.0000000000
1087 -73.0000000000
1092 -72.0000000000
1093 -71.0000000000
1104 -70.0000000000
1116 -69.0000000000
1121 -68.0000000000
1148 -67.0000000000
1151 -66.0000000000
1162 -65.0000000000
1182 -64.0000000000
1191 -63.0000000000
1194 -62.0000000000
1198 -61.0000000000
1207 -60.0000000000
1210 -59.0000000000
1215 -58.0000000000
1219 -57.0000000000
1227 -56.0000000000
1244 -55.0000000000
1290 -54.0000000000
1297 -53.0000000000
1302 -52.0000000000
1326 -51.0000000000
1334 -50.0000000000
1363 -49.0000000000
1369 -48.0000000000
1372 -47.0000000000
1387 -46.0000000000
1411 -45.0000000000
1415 -44.0000000000
1418 -43.0000000000
1429 -42.0000000000
1473 -41.0000000000
1478 -40.0000000000
1494 -39.0000000000
1495 -38.0000000000
1496 -37.0000000000
1549 -36.0000000000
1563 -35.0000000000
1568 -34.0000000000
1576 -33.0000000000
1627 -32.0000000000
1634 -31.0000000000
1657 -30.0000000000
1696 -29.0000000000
1719 -28.0000000000
1778 -27.0000000000
1837 -26.0000000000
1841 -25.0000000000
1850 -24.0000000000
1851 -23.0000000000
1902 -22.0000000000
1910 -21.0000000000
1911 -20.0000000000
1920 -19.0000000000
1926 -18.0000000000
1937 -17.0000000000
1979 -16.0000000000
2002 -15.0000000000
2032 -14.0000000000
2056 -13.0000000000
2091 -12.0000000000
2126 -11.0000000000
2128 -10.0000000000
2191 -9.0000000000
2213 -8.0000000000
2247 -7.0000000000
2270 -6.0000000000
2357 -5.0000000000
2406 -4.0000000000
2499 -3.0000000000
2588 -2.0000000000
2670 -1.0000000000
2698 605.0000000000
10000 -1.0000000000
evaluations raw_y
1 -370.0000000000
3 -369.0000000000
5 -368.0000000000
7 -367.0000000000
8 -366.0000000000
11 -365.0000000000
12 -364.0000000000
13 -363.0000000000
14 -362.0000000000
18 -361.0000000000
20 -360.0000000000
22 -359.0000000000
24 -358.0000000000
25 -357.0000000000
27 -356.0000000000
28 -355.0000000000
31 -354.0000000000
32 -353.0000000000
33 -352.0000000000
34 -351.0000000000
35 -350.0000000000
36 -349.0000000000
40 -348.0000000000
42 -347.0000000000
43 -346.0000000000
46 -345.0000000000
54 -344.0000000000
55 -343.0000000000
56 -342.0000000000
57 -341.0000000000
62 -340.0000000000
64 -339.0000000000
65 -338.0000000000
67 -337.0000000000
68 -336.0000000000
69 -335.0000000000
71 -334.0000000000
72 -333.0000000000
73 -332.0000000000
74 -331.0000000000
76 -330.0000000000
79 -329.0000000000
81 -328.0000000000
84 -327.0000000000
85 -326.0000000000
87 -325.0000000000
91 -324.0000000000
92 -323.0000000000
93 -322.0000000000
94 -321.0000000000
96 -320.0000000000
97 -319.0000000000
98 -318.0000000000
102 -317.0000000000
105 -316.0000000000
106 -315.0000000000
107 -314.0000000000
109 -313.0000000000
112 -312.0000000000
113 -311.0000000000
115 -310.0000000000
116 -309.0000000000
119 -308.0000000000
121 -307.0000000000
123 -306.0000000000
128 -305.0000000000
132 -304.0000000000
135 -303.0000000000
141 -302.0000000000
145 -301.0000000000
146 -300.0000000000
151 -299.0000000000
153 -298.0000000000
155 -297.0000000000
156 -296.0000000000
160 -295.0000000000
162 -294.0000000000
164 -293.0000000000
166 -292.0000000000
167 -291.0000000000
171 -290.0000000000
175 -289.0000000000
176 -288.0000000000
177 -287.0000000000
184 -286.0000000000
187 -285.0000000000
188 -284.0000000000
189 -283.0000000000
190 -282.0000000000
191 -281.0000000000
194 -280.0000000000
198 -279.0000000000
199 -278.0000000000
201 -277.0000000000
206 -276.0000000000
212 -275.0000000000
221 -274.0000000000
222 -273.0000000000
223 -272.0000000000
224 -271.0000000000
233 -270.0000000000
234 -269.0000000000
237 -268.0000000000
238 -267.0000000000
240 -266.0000000000
241 -265.0000000000
242 -264.0000000000
249 -263.0000000000
258 -262.0000000000
259 -261.0000000000
260 -260.0000000000
263 -259.0000000000
264 -258.0000000000
266 -257.0000000000
270 -256.0000000000
274 -255.0000000000
282 -254.0000000000
283 -253.0000000000
284 -252.0000000000
286 -251.0000000000
288 -250.0000000000
291 -249.0000000000
292 -248.0000000000
295 -247.0000000000
300 -246.0000000000
305 -245.0000000000
308 -244.0000000000
309 -243.0000000000
310 -242.0000000000
311 -241.0000000000
312 -240.0000000000
316 -239.0000000000
317 -238.0000000000
321 -237.0000000000
324 -236.0000000000
326 -235.0000000000
332 -234.0000000000
333 -233.0000000000
334 -232.0000000000
337 -231.0000000000
338 -230.0000000000
342 -229.0000000000
348 -228.0000000000
350 -227.0000000000
351 -226.0000000000
352 -225.0000000000
354 -224.0000000000
356 -223.0000000000
357 -222.0000000000
358 -221.0000000000
362 -220.0000000000
374 -219.0000000000
383 -218.0000000000
384 -217.0000000000
386 -216.0000000000
387 -215.0000000000
388 -214.0000000000
399 -213.0000000000
409 -212.0000000000
411 -211.0000000000
414 -210.0000000000
417 -209.0000000000
418 -208.0000000000
422 -207.0000000000
430 -206.0000000000
437 -205.0000000000
441 -204.0000000000
443 -203.0000000000
444 -202.0000000000
451 -201.0000000000
454 -200.0000000000
455 -199.0000000000
456 -198.0000000000
457 -197.0000000000
464 -196.0000000000
466 -195.0000000000
475 -194.0000000000
476 -193.0000000000
477 -192.0000000000
480 -191.0000000000
481 -190.0000000000
482 -189.0000000000
483 -188.0000000000
484 -187.0000000000
500 -186.0000000000
506 -185.0000000000
519 -184.0000000000
528 -183.0000000000
533 -182.0000000000
538 -181.0000000000
539 -180.0000000000
549 -179.0000000000
550 -178.0000000000
552 -177.0000000000
556 -176.0000000000
560 -175.0000000000
565 -174.0000000000
572 -173.0000000000
578 -172.0000000000
580 -171.0000000000
583 -170.0000000000
586 -169.0000000000
589 -168.0000000000
592 -167.0000000000
594 -166.0000000000
601 -165.0000000000
610 -164.0000000000
612 -163.0000000000
618 -162.0000000000
619 -161.0000000000
620 -160.0000000000
623 -159.0000000000
629 -158.0000000000
632 -157.0000000000
639 -156.0000000000
640 -155.0000000000
641 -154.0000000000
646 -153.0000000000
653 -152.0000000000
655 -151.0000000000
656 -150.0000000000
660 -149.0000000000
661 -148.0000000000
668 -147.0000000000
669 -146.0000000000
673 -145.0000000000
677 -144.0000000000
690 -143.0000000000
695 -142.0000000000
697 -141.0000000000
700 -140.0000000000
701 -139.0000000000
703 -138.0000000000
715 -137.0000000000
716 -136.0000000000
721 -135.0000000000
733 -134.0000000000
735 -133.0000000000
739 -132.0000000000
740 -131.0000000000
741 -130.0000000000
743 -129.0000000000
744 -128.0000000000
745 -127.0000000000
749 -126.0000000000
756 -125.0000000000
757 -124.0000000000
760 -123.0000000000
767 -122.0000000000
785 -121.0000000000
787 -120.0000000000
789 -119.0000000000
798 -118.0000000000
799 -117.0000000000
804 -116.0000000000
807 -115.0000000000
810 -114.0000000000
817 -113.0000000000
818 -112.0000000000
819 -111.0000000000
831 -110.0000000000
833 -109.0000000000
836 -108.0000000000
848 -107.0000000000
896 -106.0000000000
904 -105.0000000000
914 -104.0000000000
920 -103.0000000000
923 -102.0000000000
924 -101.0000000000
928 -100.0000000000
946 -99.0000000000
955 -98.0000000000
963 -97.0000000000
970 -96.0000000000
981 -95.0000000000
994 -94.0000000000
997 -93.0000000000
1000 -92.0000000000
1021 -91.0000000000
1039 -90.0000000000
1047 -89.0000000000
1053 -88.0000000000
1066 -87.0000000000
1069 -86.0000000000
1070 -85.0000000000
1074 -84.0000000000
1075 -83.0000000000
1076 -82.0000000000
1080 -81.0000000000
1083 -80.0000000000
1088 -79.0000000000
1091 -78.0000000000
1096 -77.0000000000
1103 -76.0000000000
1104 -75.0000000000
1105 -74.0000000000
1109 -73.0000000000
1111 -72.0000000000
1116 -71.0000000000
1126 -70.0000000000
1130 -69.0000000000
1138 -68.0000000000
1157 -67.0000000000
1167 -66.0000000000
1169 -65.0000000000
1180 -64.0000000000
1184 -63.0000000000
1198 -62.0000000000
1215 -61.0000000000
1218 -60.0000000000
1222 -59.0000000000
1228 -58.0000000000
1258 -57.0000000000
1286 -56.0000000000
1294 -55.0000000000
1303 -54.0000000000
1316 -53.0000000000
1320 -52.0000000000
1327 -51.0000000000
1337 -50.0000000000
1342 -49.0000000000
1346 -48.0000000000
1360 -47.0000000000
1367 -46.0000000000
1379 -45.0000000000
1396 -44.0000000000
1406 -43.0000000000
1409 -42.0000000000
1411 -41.0000000000
1425 -40.0000000000
1447 -39.0000000000
1508 -38.0000000000
1524 -37.0000000000
1551 -36.0000000000
1572 -35.0000000000
1577 -34.0000000000
1595 -33.0000000000
1614 -32.0000000000
1621 -31.0000000000
1630 -30.0000000000
1653 -29.0000000000
1702 -28.0000000000
1706 -27.0000000000
1722 -26.0000000000
1739 -25.0000000000
1796 -24.0000000000
1818 -23.0000000000
1828 -22.0000000000
1837 -21.0000000000
1841 -20.0000000000
1852 -19.0000000000
1882 -18.0000000000
1933 -17.0000000000
1981 -16.0000000000
2045 -15.0000000000
2063 -14.0000000000
2136 -13.0000000000
2163 -12.0000000000
2169 -11.0000000000
2196 -10.0000000000
2241 -9.0000000000
2305 -8.0000000000
2375 -7.0000000000
2468 -6.0000000000
2495 -5.0000000000
2546 -4.0000000000
2580 -3.0000000000
2608 -2.0000000000
2613 -1.0000000000
2690 617.0000000000
10000 -1.0000000000
evaluations raw_y
1 -355.0000000000
3 -354.0000000000
4 -353.0000000000
5 -352.0000000000
7 -351.0000000000
11 -350.0000000000
12 -349.0000000000
15 -348.0000000000
16 -347.0000000000
20 -346.0000000000
21 -345.0000000000
22 -344.0000000000
24 -343.0000000000
25 -342.0000000000
27 -341.0000000000
28 -340.0000000000
30 -339.0000000000
31 -338.0000000000
33 -337.0000000000
35 -336.0000000000
36 -335.0000000000
39 -334.0000000000
40 -333.0000000000
43 -332.0000000000
46 -331.0000000000
48 -330.0000000000
50 -329.0000000000
51 -328.0000000000
54 -327.0000000000
57 -326.0000000000
58 -325.0000000000
60 -324.0000000000
64 -323.0000000000
67 -322.0000000000
68 -321.0000000000
70 -320.0000000000
74 -319.0000000000
78 -318.0000000000
79 -317.0000000000
82 -316.0000000000
83 -315.0000000000
86 -314.0000000000
96 -313.0000000000
100 -312.0000000000
103 -311.0000000000
104 -310.0000000000
113 -309.0000000000
121 -308.0000000000
122 -307.0000000000
126 -306.0000000000
129 -305.0000000000
133 -304.0000000000
134 -303.0000000000
138 -302.0000000000
139 -301.0000000000
140 -300.0000000000
150 -299.0000000000
153 -298.0000000000
154 -297.0000000000
156 -296.0000000000
157 -295.0000000000
159 -294.0000000000
165 -293.0000000000
168 -292.0000000000
169 -291.0000000000
174 -290.0000000000
177 -289.0000000000
182 -288.0000000000
201 -287.0000000000
207 -286.0000000000
208 -285.0000000000
209 -284.0000000000
211 -283.0000000000
213 -282.0000000000
214 -281.0000000000
216 -280.0000000000
217 -279.0000000000
218 -278.0000000000
221 -277.0000000000
222 -276.0000000000
224 -275.0000000000
233 -274.0000000000
236 -273.0000000000
237 -272.0000000000
241 -271.0000000000
243 -270.0000000000
244 -269.0000000000
245 -268.0000000000
248 -267.0000000000
249 -266.0000000000
252 -265.0000000000
254 -264.0000000000
257 -263.0000000000
260 -262.0000000000
261 -261.0000000000
264 -260.0000000000
266 -259.0000000000
271 -258.0000000000
274 -257.0000000000
277 -256.0000000000
278 -255.0000000000
280 -254.0000000000
282 -253.0000000000
283 -252.0000000000
284 -251.0000000000
293 -250.0000000000
299 -249.0000000000
300 -248.0000000000
307 -247.0000000000
311 -246.0000000000
312 -245.0000000000
313 -244.0000000000
321 -243.0000000000
322 -242.0000000000
324 -241.0000000000
325 -240.0000000000
327 -239.0000000000
329 -238.0000000000
332 -237.0000000000
333 -236.0000000000
344 -235.0000000000
345 -234.0000000000
350 -233.0000000000
353 -232.0000000000
354 -231.0000000000
356 -230.0000000000
358 -229.0000000000
359 -228.0000000000
360 -227.0000000000
361 -226.0000000000
367 -225.0000000000
368 -224.0000000000
374 -223.0000000000
379 -222.0000000000
380 -221.0000000000
381 -220.0000000000
384 -219.0000000000
386 -218.0000000000
388 -217.0000000000
395 -216.0000000000
411 -215.0000000000
412 -214.0000000000
413 -213.0000000000
416 -212.0000000000
418 -211.0000000000
422 -210.0000000000
426 -209.0000000000
431 -208.0000000000
433 -207.0000000000
438 -206.0000000000
439 -205.0000000000
441 -204.0000000000
447 -203.0000000000
450 -202.0000000000
451 -201.0000000000
459 -200.0000000000
461 -199.0000000000
462 -198.0000000000
467 -197.0000000000
469 -196.0000000000
470 -195.0000000000
475 -194.0000000000
485 -193.0000000000
488 -192.0000000000
489 -191.0000000000
491 -190.0000000000
492 -189.0000000000
496 -188.0000000000
497 -187.0000000000
498 -186.0000000000
499 -185.0000000000
503 -184.0000000000
507 -183.0000000000
514 -182.0000000000
515 -181.0000000000
517 -180.0000000000
523 -179.0000000000
533 -178.0000000000
534 -177.0000000000
539 -176.0000000000
541 -175.0000000000
547 -174.0000000000
553 -173.0000000000
555 -172.0000000000
557 -171.0000000000
560 -170.0000000000
564 -169.0000000000
569 -168.0000000000
575 -167.0000000000
586 -166.0000000000
591 -165.0000000000
594 -164.0000000000
597 -163.0000000000
598 -162.0000000000
599 -161.0000000000
600 -160.0000000000
603 -159.0000000000
613 -158.0000000000
614 -157.0000000000
616 -156.0000000000
636 -155.0000000000
648 -154.0000000000
658 -153.0000000000
668 -152.0000000000
670 -151.0000000000
672 -150.0000000000
676 -149.0000000000
679 -148.0000000000
683 -147.0000000000
693 -146.0000000000
694 -145.0000000000
698 -144.0000000000
708 -143.0000000000
711 -142.0000000000
712 -141.0000000000
717 -140.0000000000
719 -139.0000000000
724 -138.0000000000
733 -137.0000000000
735 -136.0000000000
738 -135.0000000000
750 -134.0000000000
753 -133.0000000000
754 -132.0000000000
757 -131.0000000000
764 -130.0000000000
766 -129.0000000000
773 -128.0000000000
775 -127.0000000000
776 -126.0000000000
787 -125.0000000000
788 -124.0000000000
789 -123.0000000000
793 -122.0000000000
803 -121.0000000000
814 -120.0000000000
817 -119.0000000000
824 -118.0000000000
828 -117.0000000000
847 -116.0000000000
854 -115.0000000000
861 -114.0000000000
865 -113.0000000000
867 -112.0000000000
870 -111.0000000000
888 -110.0000000000
892 -109.0000000000
895 -108.0000000000
897 -107.0000000000
903 -106.0000000000
904 -105.0000000000
915 -104.0000000000
928 -103.0000000000
932 -102.0000000000
936 -101.0000000000
945 -100.0000000000
951 -99.0000000000
965 -98.0000000000
975 -97.0000000000
992 -96.0000000000
1000 -95.0000000000
1005 -94.0000000000
1014 -93.0000000000
1017 -92.0000000000
1020 -91.0000000000
1025 -90.0000000000
1029 -89.0000000000
1037 -88.0000000000
1043 -87.0000000000
1047 -86.0000000000
1061 -85.0000000000
1063 -84.0000000000
1088 -83.0000000000
1090 -82.0000000000
1103 -81.0000000000
1122 -80.0000000000
1130 -79.0000000000
1150 -78.0000000000
1152 -77.0000000000
1157 -76.0000000000
1170 -75.0000000000
1172 -74.0000000000
1173 -73.0000000000
1185 -72.0000000000
1187 -71.0000000000
1188 -70.0000000000
1189 -69.0000000000
1190 -68.0000000000
1196 -67.0000000000
1205 -66.0000000000
1219 -65.0000000000
1232 -64.0000000000
1250 -63.0000000000
1254 -62.0000000000
1259 -61.0000000000
1265 -60.0000000000
1267 -59.0000000000
1269 -58.0000000000
1288 -57.0000000000
1294 -56.0000000000
1304 -55.0000000000
1305 -54.0000000000
1313 -53.0000000000
1315 -52.0000000000
1345 -51.0000000000
1352 -50.0000000000
1364 -49.0000000000
1370 -48.0000000000
1386 -47.0000000000
1392 -46.0000000000
1394 -45.0000000000
1418 -44.0000000000
1420 -43.0000000000
1433 -42.0000000000
1447 -41.0000000000
1464 -40.0000000000
1478 -39.0000000000
1505 -38.0000000000
1516 -37.0000000000
1518 -36.0000000000
1522 -35.0000000000
1530 -34.0000000000
1565 -33.0000000000
1598 -32.0000000000
1622 -31.0000000000
1640 -30.0000000000
1656 -29.0000000000
1677 -28.0000000000
1694 -27.0000000000
1697 -26.0000000000
1707 -25.0000000000
1726 -24.0000000000
1770 -23.0000000000
1773 -22.0000000000
1790 -21.0000000000
1799 -20.0000000000
1839 -19.0000000000
1868 -18.0000000000
1876 -17.0000000000
1901 -16.0000000000
1914 -15.0000000000
1996 -14.0000000000
1997 -13.0000000000
2021 -12.0000000000
2050 -11.0000000000
2060 -10.0000000000
2082 -9.0000000000
2135 -8.0000000000
2146 -7.0000000000
2176 -6.0000000000
2191 -5.0000000000
2216 -4.0000000000
2365 -3.0000000000
2481 -2.0000000000
2490 -1.0000000000
2645 562.0000000000
10000 -1.0000000000
evaluations raw_y
1 -370.0000000000
4 -369.0000000000
5 -368.0000000000
6 -367.0000000000
7 -366.0000000000
8 -365.0000000000
16 -364.0000000000
17 -363.0000000000
18 -362.0000000000
19 -361.0000000000
21 -360.0000000000
22 -359.0000000000
25 -358.0000000000
27 -357.0000000000
28 -356.0000000000
32 -355.0000000000
34 -354.0000000000
35 -353.0000000000
37 -352.0000000000
38 -351.0000000000
41 -350.0000000000
43 -349.0000000000
45 -348.0000000000
46 -347.0000000000
47 -346.0000000000
49 -345.0000000000
50 -344.0000000000
52 -343.0000000000
53 -342.0000000000
55 -341.0000000000
57 -340.0000000000
60 -339.0000000000
62 -338.0000000000
63 -337.0000000000
67 -336.0000000000
68 -335.0000000000
74 -334.0000000000
76 -333.0000000000
77 -332.0000000000
80 -331.0000000000
81 -330.0000000000
82 -329.0000000000
83 -328.0000000000
84 -327.0000000000
87 -326.0000000000
89 -325.0000000000
91 -324.0000000000
92 -323.0000000000
94 -322.0000000000
95 -321.0000000000
96 -320.0000000000
98 -319.0000000000
100 -318.0000000000
101 -317.0000000000
103 -316.0000000000
104 -315.0000000000
105 -314.0000000000
106 -313.0000000000
107 -312.0000000000
110 -311.0000000000
118 -310.0000000000
119 -309.0000000000
121 -308.0000000000
124 -307.0000000000
126 -306.0000000000
129 -305.0000000000
134 -304.0000000000
140 -303.0000000000
142 -302.0000000000
144 -301.0000000000
152 -300.0000000000
157 -299.0000000000
159 -298.0000000000
161 -297.0000000000
162 -296.0000000000
164 -295.0000000000
170 -294.0000000000
173 -293.0000000000
182 -292.0000000000
185 -291.0000000000
187 -290.0000000000
192 -289.0000000000
194 -288.0000000000
198 -287.0000000000
199 -286.0000000000
200 -285.0000000000
202 -284.0000000000
203 -283.0000000000
205 -282.0000000000
206 -281.0000000000
210 -280.0000000000
212 -279.0000000000
213 -278.0000000000
215 -277.0000000000
220 -276.0000000000
222 -275.0000000000
223 -274.0000000000
224 -273.0000000000
225 -272.0000000000
228 -271.0000000000
231 -270.0000000000
233 -269.0000000000
234 -268.0000000000
236 -267.0000000000
238 -266.0000000000
241 -265.0000000000
242 -264.0000000000
243 -263.0000000000
249 -262.0000000000
252 -261.0000000000
255 -260.0000000000
256 -259.0000000000
261 -258.0000000000
263 -257.0000000000
264 -256.0000000000
267 -255.0000000000
271 -254.0000000000
276 -253.0000000000
277 -252.0000000000
280 -251.0000000000
283 -250.0000000000
284 -249.0000000000
285 -248.0000000000
287 -247.0000000000
288 -246.0000000000
290 -245.0000000000
291 -244.0000000000
294 -243.0000000000
296 -242.0000000000
297 -241.0000000000
300 -240.0000000000
304 -239.0000000000
306 -238.0000000000
307 -237.0000000000
309 -236.0000000000
310 -235.0000000000
312 -234.0000000000
314 -233.0000000000
321 -232.0000000000
322 -231.0000000000
327 -230.0000000000
336 -229.0000000000
341 -228.0000000000
344 -227.0000000000
354 -226.0000000000
355 -225.0000000000
358 -224.0000000000
367 -223.0000000000
369 -222.0000000000
374 -221.0000000000
377 -220.0000000000
381 -219.0000000000
384 -218.0000000000
385 -217.0000000000
386 -216.0000000000
397 -215.0000000000
402 -214.0000000000
405 -213.0000000000
408 -212.0000000000
411 -211.0000000000
417 -210.0000000000
419 -209.0000000000
420 -208.0000000000
423 -207.0000000000
425 -206.0000000000
427 -205.0000000000
428 -204.0000000000
429 -203.0000000000
430 -202.0000000000
433 -201.0000000000
436 -200.0000000000
437 -199.0000000000
438 -198.0000000000
443 -197.0000000000
459 -196.0000000000
464 -195.0000000000
469 -194.0000000000
472 -193.0000000000
474 -192.0000000000
480 -191.0000000000
490 -190.0000000000
491 -189.0000000000
492 -188.0000000000
494 -187.0000000000
495 -186.0000000000
498 -185.0000000000
499 -184.0000000000
507 -183.0000000000
508 -182.0000000000
509 -181.0000000000
511 -180.0000000000
516 -179.0000000000
517 -178.0000000000
518 -177.0000000000
520 -176.0000000000
534 -175.0000000000
536 -174.0000000000
542 -173.0000000000
544 -172.0000000000
548 -171.0000000000
556 -170.0000000000
562 -169.0000000000
563 -168.0000000000
564 -167.0000000000
566 -166.0000000000
567 -165.0000000000
569 -164.0000000000
574 -163.0000000000
578 -162.0000000000
582 -161.0000000000
591 -160.0000000000
593 -159.0000000000
594 -158.0000000000
600 -157.0000000000
607 -156.0000000000
610 -155.0000000000
614 -154.0000000000
623 -153.0000000000
625 -152.0000000000
629 -151.0000000000
630 -150.0000000000
632 -149.0000000000
634 -148.0000000000
641 -147.0000000000
644 -146.0000000000
645 -145.0000000000
646 -144.0000000000
653 -143.0000000000
656 -142.0000000000
660 -141.0000000000
662 -140.0000000000
666 -139.0000000000
670 -138.0000000000
673 -137.0000000000
674 -136.0000000000
675 -135.0000000000
685 -134.0000000000
688 -133.0000000000
689 -132.0000000000
693 -131.0000000000
701 -130.0000000000
710 -129.0000000000
712 -128.0000000000
716 -127.0000000000
720 -126.0000000000
724 -125.0000000000
725 -124.0000000000
727 -123.0000000000
730 -122.0000000000
732 -121.0000000000
737 -120.0000000000
745 -119.0000000000
747 -118.0000000000
749 -117.0000000000
754 -116.0000000000
757 -115.0000000000
759 -114.0000000000
762 -113.0000000000
781 -112.0000000000
783 -111.0000000000
784 -110.0000000000
787 -109.0000000000
794 -108.0000000000
801 -107.0000000000
806 -106.0000000000
812 -105.0000000000
834 -104.0000000000
837 -103.0000000000
839 -102.0000000000
844 -101.0000000000
849 -100.0000000000
851 -99.0000000000
858 -98.0000000000
861 -97.0000000000
862 -96.0000000000
863 -95.0000000000
870 -94.0000000000
871 -93.0000000000
877 -92.0000000000
882 -91.0000000000
883 -90.0000000000
893 -89.0000000000
898 -88.0000000000
904 -87.0000000000
908 -86.0000000000
911 -85.0000000000
917 -84.0000000000
921 -83.0000000000
937 -82.0000000000
939 -81.0000000000
945 -80.0000000000
946 -79.0000000000
952 -78.0000000000
958 -77.0000000000
970 -76.0000000000
971 -75.0000000000
974 -74.0000000000
978 -73.0000000000
986 -72.0000000000
988 -71.0000000000
997 -70.0000000000
999 -69.0000000000
1008 -68.0000000000
1017 -67.0000000000
1019 -66.0000000000
1020 -65.0000000000
1024 -64.0000000000
1063 -63.0000000000
1073 -62.0000000000
1082 -61.0000000000
1100 -60.0000000000
1144 -59.0000000000
1146 -58.0000000000
1158 -57.0000000000
1184 -56.0000000000
1216 -55.0000000000
1277 -54.0000000000
1295 -53.0000000000
1297 -52.0000000000
1300 -51.0000000000
1318 -50.0000000000
1334 -49.0000000000
1342 -48.0000000000
1351 -47.0000000000
1373 -46.0000000000
1380 -45.0000000000
1385 -44.0000000000
1393 -43.0000000000
1429 -42.0000000000
1437 -41.0000000000
1455 -40.0000000000
1457 -39.0000000000
1463 -38.0000000000
1492 -37.0000000000
1497 -36.0000000000
1545 -35.0000000000
1561 -34.0000000000
1571 -33.0000000000
1583 -32.0000000000
1586 -31.0000000000
1590 -30.0000000000
1605 -29.0000000000
1667 -28.0000000000
1694 -27.0000000000
1703 -26.0000000000
1707 -25.0000000000
1722 -24.0000000000
1743 -23.0000000000
1773 -22.0000000000
1791 -21.0000000000
1826 -20.0000000000
1837 -19.0000000000
1838 -18.0000000000
1911 -17.0000000000
1918 -16.0000000000
1950 -15.0000000000
1957 -14.0000000000
2030 -13.0000000000
2041 -12.0000000000
2094 -11.0000000000
2126 -10.0000000000
2366 -9.0000000000
2454 -8.0000000000
2460 -7.0000000000
2461 -6.0000000000
2583 -5.0000000000
2633 -4.0000000000
2638 -3.0000000000
2657 -2.0000000000
2750 -1.0000000000
2806 567.0000000000
10000 -1.0000000000
evaluations raw_y
1 -360.0000000000
2 -359.0000000000
3 -358.0000000000
5 -357.0000000000
10 -356.0000000000
11 -355.0000000000
21 -354.0000000000
22 -353.0000000000
23 -352.0000000000
25 -351.0000000000
26 -350.0000000000
29 -349.0000000000
30 -348.0000000000
31 -347.0000000000
32 -346.0000000000
34 -345.0000000000
35 -344.0000000000
36 -343.0000000000
37 -342.0000000000
39 -341.0000000000
43 -340.0000000000
44 -339.0000000000
47 -338.0000000000
49 -337.0000000000
50 -336.0000000000
53 -335.0000000000
55 -334.0000000000
58 -333.0000000000
59 -332.0000000000
61 -331.0000000000
63 -330.0000000000
66 -329.0000000000
67 -328.0000000000
68 -327.0000000000
71 -326.0000000000
72 -325.0000000000
73 -324.0000000000
75 -323.0000000000
77 -322.0000000000
79 -321.0000000000
80 -320.0000000000
82 -319.0000000000
85 -318.0000000000
87 -317.0000000000
89 -316.0000000000
90 -315.0000000000
91 -314.0000000000
92 -313.0000000000
93 -312.0000000000
95 -311.0000000000
98 -310.0000000000
99 -309.0000000000
101 -308.0000000000
104 -307.0000000000
107 -306.0000000000
109 -305.0000000000
111 -304.0000000000
112 -303.0000000000
115 -302.0000000000
116 -301.0000000000
117 -300.0000000000
120 -299.0000000000
129 -298.0000000000
130 -297.0000000000
132 -296.0000000000
133 -295.0000000000
134 -294.0000000000
135 -293.0000000000
136 -292.0000000000
137 -291.0000000000
140 -290.0000000000
141 -289.0000000000
143 -288.0000000000
144 -287.0000000000
145 -286.0000000000
147 -285.0000000000
152 -284.0000000000
156 -283.0000000000
157 -282.0000000000
159 -281.0000000000
162 -280.0000000000
163 -279.0000000000
168 -278.0000000000
170 -277.0000000000
172 -276.0000000000
173 -275.0000000000
174 -274.0000000000
175 -273.0000000000
176 -272.0000000000
177 -271.0000000000
178 -270.0000000000
189 -269.0000000000
193 -268.0000000000
203 -267.0000000000
207 -266.0000000000
209 -265.0000000000
211 -264.0000000000
213 -263.0000000000
218 -262.0000000000
220 -261.0000000000
221 -260.0000000000
222 -259.0000000000
224 -258.0000000000
227 -257.0000000000
228 -256.0000000000
229 -255.0000000000
234 -254.0000000000
237 -253.0000000000
238 -252.0000000000
243 -251.0000000000
244 -250.0000000000
248 -249.0000000000
253 -248.0000000000
258 -247.0000000000
259 -246.0000000000
260 -245.0000000000
265 -244.0000000000
267 -243.0000000000
268 -242.0000000000
269 -241.0000000000
270 -240.0000000000
273 -239.0000000000
274 -238.0000000000
275 -237.0000000000
282 -236.0000000000
285 -235.0000000000
289 -234.0000000000
299 -233.0000000000
303 -232.0000000000
304 -231.0000000000
308 -230.0000000000
311 -229.0000000000
313 -228.0000000000
314 -227.0000000000
317 -226.0000000000
318 -225.0000000000
322 -224.0000000000
325 -223.0000000000
327 -222.0000000000
328 -221.0000000000
334 -220.0000000000
338 -219.0000000000
341 -218.0000000000
343 -217.0000000000
346 -216.0000000000
347 -215.0000000000
349 -214.0000000000
354 -213.0000000000
358 -212.0000000000
366 -211.0000000000
367 -210.0000000000
369 -209.0000000000
370 -208.0000000000
372 -207.0000000000
373 -206.0000000000
374 -205.0000000000
375 -204.0000000000
382 -203.0000000000
388 -202.0000000000
391 -201.0000000000
394 -200.0000000000
398 -199.0000000000
402 -198.0000000000
403 -197.0000000000
407 -196.0000000000
408 -195.0000000000
410 -194.0000000000
419 -193.0000000000
423 -192.0000000000
431 -191.0000000000
437 -190.0000000000
440 -189.0000000000
443 -188.0000000000
444 -187.0000000000
446 -186.0000000000
449 -185.0000000000
452 -184.0000000000
458 -183.0000000000
459 -182.0000000000
461 -181.0000000000
464 -180.0000000000
468 -179.0000000000
476 -178.0000000000
477 -177.0000000000
478 -176.0000000000
489 -175.0000000000
497 -174.0000000000
500 -173.0000000000
501 -172.0000000000
506 -171.0000000000
507 -170.0000000000
514 -169.0000000000
523 -168.0000000000
529 -167.0000000000
533 -166.0000000000
540 -165.0000000000
552 -164.0000000000
555 -163.0000000000
561 -162.0000000000
564 -161.0000000000
569 -160.0000000000
572 -159.0000000000
578 -158.0000000000
582 -157.0000000000
595 -156.0000000000
604 -155.0000000000
607 -154.0000000000
608 -153.0000000000
614 -152.0000000000
616 -151.0000000000
618 -150.0000000000
626 -149.0000000000
627 -148.0000000000
631 -147.0000000000
638 -146.0000000000
643 -145.0000000000
659 -144.0000000000
661 -143.0000000000
662 -142.0000000000
667 -141.0000000000
671 -140.0000000000
672 -139.0000000000
675 -138.0000000000
682 -137.0000000000
688 -136.0000000000
700 -135.0000000000
702 -134.0000000000
706 -133.0000000000
710 -132.0000000000
717 -131.0000000000
730 -130.0000000000
732 -129.0000000000
733 -128.0000000000
745 -127.0000000000
755 -126.0000000000
759 -125.0000000000
760 -124.0000000000
761 -123.0000000000
764 -122.0000000000
768 -121.0000000000
779 -120.0000000000
785 -119.0000000000
793 -118.0000000000
797 -117.0000000000
801 -116.0000000000
806 -115.0000000000
816 -114.0000000000
822 -113.0000000000
827 -112.0000000000
838 -111.0000000000
851 -110.0000000000
865 -109.0000000000
866 -108.0000000000
868 -107.0000000000
877 -106.0000000000
885 -105.0000000000
890 -104.0000000000
892 -103.0000000000
896 -102.0000000000
900 -101.0000000000
902 -100.0000000000
907 -99.0000000000
908 -98.0000000000
912 -97.0000000000
939 -96.0000000000
959 -95.0000000000
960 -94.0000000000
971 -93.0000000000
972 -92.0000000000
980 -91.0000000000
987 -90.0000000000
1008 -89.0000000000
1021 -88.0000000000
1022 -87.0000000000
1027 -86.0000000000
1042 -85.0000000000
1053 -84.0000000000
1058 -83.0000000000
1059 -82.0000000000
1062 -81.0000000000
1064 -80.0000000000
1087 -79.0000000000
1094 -78.0000000000
1104 -77.0000000000
1108 -76.0000000000
1109 -75.0000000000
1121 -74.0000000000
1123 -73.0000000000
1133 -72.0000000000
1138 -71.0000000000
1148 -70.0000000000
1156 -69.0000000000
1164 -68.0000000000
1179 -67.0000000000
1187 -66.0000000000
1188 -65.0000000000
1205 -64.0000000000
1224 -63.0000000000
1246 -62.0000000000
1252 -61.0000000000
1253 -60.0000000000
1260 -59.0000000000
1268 -58.0000000000
1313 -57.0000000000
1314 -56.0000000000
1328 -55.0000000000
1346 -54.0000000000
1349 -53.0000000000
1351 -52.0000000000
1352 -51.0000000000
1355 -50.0000000000
1359 -49.0000000000
1366 -48.0000000000
1371 -47.0000000000
1377 -46.0000000000
1379 -45.0000000000
1426 -44.0000000000
1435 -43.0000000000
1447 -42.0000000000
1453 -41.0000000000
1467 -40.0000000000
1519 -39.0000000000
1535 -38.0000000000
1542 -37.0000000000
1550 -36.0000000000
1569 -35.0000000000
1578 -34.0000000000
1604 -33.0000000000
1628 -32.0000000000
1632 -31.0000000000
1642 -30.0000000000
1643 -29.0000000000
1650 -28.0000000000
1672 -27.0000000000
1673 -26.0000000000
1674 -25.0000000000
1690 -24.0000000000
1692 -23.0000000000
1703 -22.0000000000
1712 -21.0000000000
1722 -20.0000000000
1765 -19.0000000000
1774 -18.0000000000
1830 -17.0000000000
1874 -16.0000000000
1885 -15.0000000000
1952 -14.0000000000
2018 -13.0000000000
2106 -12.0000000000
2159 -11.0000000000
2162 -10.0000000000
2240 -9.0000000000
2267 -8.0000000000
2296 -7.0000000000
2337 -6.0000000000
2351 -5.0000000000
2505 -4.0000000000
2629 -3.0000000000
2669 -2.0000000000
2712 -1.0000000000
2840 574.0000000000
10000 -1.0000000000
evaluations raw_y
1 -371.0000000000
4 -370.0000000000
5 -369.0000000000
8 -368.0000000000
15 -367.0000000000
17 -366.0000000000
19 -365.0000000000
22 -364.0000000000
24 -363.0000000000
28 -362.0000000000
31 -361.0000000000
32 -360.0000000000
33 -359.0000000000
35 -358.0000000000
36 -357.0000000000
37 -356.0000000000
42 -355.0000000000
54 -354.0000000000
56 -353.0000000000
57 -352.0000000000
61 -351.0000000000
63 -350.0000000000
65 -349.0000000000
70 -348.0000000000
72 -347.0000000000
74 -346.0000000000
75 -345.0000000000
76 -344.0000000000
77 -343.0000000000
81 -342.0000000000
82 -341.0000000000
85 -340.0000000000
88 -339.0000000000
89 -338.0000000000
90 -337.0000000000
91 -336.0000000000
94 -335.0000000000
95 -334.0000000000
97 -333.0000000000
99 -332.0000000000
100 -331.0000000000
102 -330.0000000000
103 -329.0000000000
105 -328.0000000000
106 -327.0000000000
107 -326.0000000000
111 -325.0000000000
114 -324.0000000000
115 -323.0000000000
116 -322.0000000000
117 -321.0000000000
118 -320.0000000000
120 -319.0000000000
121 -318.0000000000
126 -317.0000000000
131 -316.0000000000
132 -315.0000000000
133 -314.0000000000
137 -313.0000000000
139 -312.0000000000
140 -311.0000000000
144 -310.0000000000
150 -309.0000000000
151 -308.0000000000
153 -307.0000000000
155 -306.0000000000
160 -305.0000000000
161 -304.0000000000
166 -303.0000000000
168 -302.0000000000
169 -301.0000000000
170 -300.0000000000
172 -299.0000000000
174 -298.0000000000
177 -297.0000000000
178 -296.0000000000
181 -295.0000000000
184 -294.0000000000
186 -293.0000000000
190 -292.0000000000
192 -291.0000000000
194 -290.0000000000
202 -289.0000000000
207 -288.0000000000
209 -287.0000000000
210 -286.0000000000
211 -285.0000000000
213 -284.0000000000
215 -283.0000000000
216 -282.0000000000
218 -281.0000000000
221 -280.0000000000
222 -279.0000000000
227 -278.0000000000
228 -277.0000000000
231 -276.0000000000
232 -275.0000000000
234 -274.0000000000
235 -273.0000000000
236 -272.0000000000
240 -271.0000000000
243 -270.0000000000
244 -269.0000000000
251 -268.0000000000
252 -267.0000000000
255 -266.0000000000
257 -265.0000000000
259 -264.0000000000
261 -263.0000000000
262 -262.0000000000
263 -261.0000000000
271 -260.0000000000
272 -259.0000000000
276 -258.0000000000
277 -257.0000000000
284 -256.0000000000
287 -255.0000000000
289 -254.0000000000
290 -253.0000000000
292 -252.0000000000
295 -251.0000000000
297 -250.0000000000
298 -249.0000000000
301 -248.0000000000
303 -247.0000000000
307 -246.0000000000
310 -245.0000000000
311 -244.0000000000
312 -243.0000000000
317 -242.0000000000
318 -241.0000000000
325 -240.0000000000
328 -239.0000000000
329 -238.0000000000
330 -237.0000000000
335 -236.0000000000
336 -235.0000000000
338 -234.0000000000
340 -233.0000000000
342 -232.0000000000
347 -231.0000000000
357 -230.0000000000
365 -229.0000000000
366 -228.0000000000
368 -227.0000000000
370 -226.0000000000
373 -225.0000000000
375 -224.0000000000
379 -223.0000000000
380 -222.0000000000
382 -221.0000000000
383 -220.0000000000
385 -219.0000000000
392 -218.0000000000
394 -217.0000000000
395 -216.0000000000
396 -215.0000000000
398 -214.0000000000
399 -213.0000000000
400 -212.0000000000
406 -211.0000000000
408 -210.0000000000
412 -209.0000000000
413 -208.0000000000
416 -207.0000000000
419 -206.0000000000
421 -205.0000000000
422 -204.0000000000
424 -203.0000000000
426 -202.0000000000
429 -201.0000000000
434 -200.0000000000
448 -199.0000000000
454 -198.0000000000
458 -197.0000000000
460 -196.0000000000
464 -195.0000000000
465 -194.0000000000
468 -193.0000000000
471 -192.0000000000
477 -191.0000000000
479 -190.0000000000
485 -189.0000000000
486 -188.0000000000
488 -187.0000000000
490 -186.0000000000
491 -185.0000000000
493 -184.0000000000
500 -183.0000000000
503 -182.0000000000
504 -181.0000000000
505 -180.0000000000
507 -179.0000000000
509 -178.0000000000
510 -177.0000000000
511 -176.0000000000
516 -175.0000000000
518 -174.0000000000
520 -173.0000000000
524 -172.0000000000
525 -171.0000000000
529 -170.0000000000
531 -169.0000000000
533 -168.0000000000
536 -167.0000000000
538 -166.0000000000
539 -165.0000000000
545 -164.0000000000
547 -163.0000000000
548 -162.0000000000
553 -161.0000000000
566 -160.0000000000
569 -159.0000000000
571 -158.0000000000
577 -157.0000000000
591 -156.0000000000
593 -155.0000000000
599 -154.0000000000
601 -153.0000000000
603 -152.0000000000
604 -151.0000000000
606 -150.0000000000
613 -149.0000000000
614 -148.0000000000
619 -147.0000000000
629 -146.0000000000
630 -145.0000000000
632 -144.0000000000
633 -143.0000000000
638 -142.0000000000
641 -141.0000000000
648 -140.0000000000
652 -139.0000000000
664 -138.0000000000
665 -137.0000000000
668 -136.0000000000
670 -135.0000000000
673 -134.0000000000
675 -133.0000000000
684 -132.0000000000
690 -131.0000000000
701 -130.0000000000
702 -129.0000000000
703 -128.0000000000
706 -127.0000000000
711 -126.0000000000
712 -125.0000000000
739 -124.0000000000
745 -123.0000000000
746 -122.0000000000
750 -121.0000000000
753 -120.0000000000
755 -119.0000000000
761 -118.0000000000
767 -117.0000000000
769 -116.0000000000
773 -115.0000000000
784 -114.0000000000
787 -113.0000000000
790 -112.0000000000
803 -111.0000000000
805 -110.0000000000
809 -109.0000000000
814 -108.0000000000
815 -107.0000000000
816 -106.0000000000
825 -105.0000000000
827 -104.0000000000
828 -103.0000000000
835 -102.0000000000
839 -101.0000000000
851 -100.0000000000
853 -99.0000000000
855 -98.0000000000
864 -97.0000000000
877 -96.0000000000
881 -95.0000000000
890 -94.0000000000
895 -93.0000000000
903 -92.0000000000
907 -91.0000000000
915 -90.0000000000
917 -89.0000000000
919 -88.0000000000
920 -87.0000000000
925 -86.0000000000
962 -85.0000000000
974 -84.0000000000
993 -83.0000000000
1008 -82.0000000000
1016 -81.0000000000
1017 -80.0000000000
1018 -79.0000000000
1026 -78.0000000000
1029 -77.0000000000
1032 -76.0000000000
1033 -75.0000000000
1034 -74.0000000000
1036 -73.0000000000
1042 -72.0000000000
1051 -71.0000000000
1054 -70.0000000000
1063 -69.0000000000
1072 -68.0000000000
1088 -67.0000000000
1089 -66.0000000000
1094 -65.0000000000
1142 -64.0000000000
1153 -63.0000000000
1164 -62.0000000000
1168 -61.0000000000
1175 -60.0000000000
1200 -59.0000000000
1215 -58.0000000000
1227 -57.0000000000
1230 -56.0000000000
1231 -55.0000000000
1239 -54.0000000000
1269 -53.0000000000
1271 -52.0000000000
1287 -51.0000000000
1290 -50.0000000000
1303 -49.0000000000
1332 -48.0000000000
1340 -47.0000000000
1362 -46.0000000000
1375 -45.0000000000
1382 -44.0000000000
1384 -43.0000000000
1389 -42.0000000000
1391 -41.0000000000
1414 -40.0000000000
1417 -39.0000000000
1428 -38.0000000000
1447 -37.0000000000
1448 -36.0000000000
1450 -35.0000000000
1454 -34.0000000000
1456 -33.0000000000
1467 -32.0000000000
1496 -31.0000000000
1518 -30.0000000000
1548 -29.0000000000
1590 -28.0000000000
1609 -27.0000000000
1616 -26.0000000000
1644 -25.0000000000
1651 -24.0000000000
1655 -23.0000000000
1667 -22.0000000000
1670 -21.0000000000
1682 -20.0000000000
1698 -19.0000000000
1711 -18.0000000000
1738 -17.0000000000
1779 -16.0000000000
1796 -15.0000000000
1913 -14.0000000000
1922 -13.0000000000
1942 -12.0000000000
2033 -11.0000000000
2052 -10.0000000000
2162 -9.0000000000
2191 -8.0000000000
2201 -7.0000000000
2226 -6.0000000000
2233 -5.0000000000
2236 -4.0000000000
2239 -3.0000000000
2246 -2.0000000000
2287 -1.0000000000
2323 536.0000000000
10000 -1.0000000000
evaluations raw_y
1 -358.0000000000
2 -357.0000000000
3 -356.0000000000
6 -355.0000000000
7 -354.0000000000
10 -353.0000000000
11 -352.0000000000
14 -351.0000000000
18 -350.0000000000
20 -349.0000000000
24 -348.0000000000
25 -347.0000000000
27 -346.0000000000
28 -345.0000000000
30 -344.0000000000
32 -343.0000000000
33 -342.0000000000
34 -341.0000000000
35 -340.0000000000
36 -339.0000000000
37 -338.0000000000
40 -337.0000000000
43 -336.0000000000
52 -335.0000000000
53 -334.0000000000
57 -333.0000000000
58 -332.0000000000
60 -331.0000000000
62 -330.0000000000
64 -329.0000000000
72 -328.0000000000
73 -327.0000000000
75 -326.0000000000
76 -325.0000000000
79 -324.0000000000
82 -323.0000000000
86 -322.0000000000
87 -321.0000000000
88 -320.0000000000
90 -319.0000000000
94 -318.0000000000
98 -317.0000000000
99 -316.0000000000
100 -315.0000000000
101 -314.0000000000
106 -313.0000000000
109 -312.0000000000
114 -311.0000000000
116 -310.0000000000
121 -309.0000000000
122 -308.0000000000
123 -307.0000000000
124 -306.0000000000
127 -305.0000000000
129 -304.0000000000
130 -303.0000000000
133 -302.0000000000
134 -301.0000000000
135 -300.0000000000
136 -299.0000000000
141 -298.0000000000
142 -297.0000000000
143 -296.0000000000
144 -295.0000000000
146 -294.0000000000
149 -293.0000000000
150 -292.0000000000
153 -291.0000000000
155 -290.0000000000
156 -289.0000000000
161 -288.0000000000
164 -287.0000000000
166 -286.0000000000
169 -285.0000000000
173 -284.0000000000
174 -283.0000000000
175 -282.0000000000
176 -281.0000000000
177 -280.0000000000
183 -279.0000000000
184 -278.0000000000
188 -277.0000000000
194 -276.0000000000
197 -275.0000000000
204 -274.0000000000
206 -273.0000000000
209 -272.0000000000
210 -271.0000000000
213 -270.0000000000
215 -269.0000000000
217 -268.0000000000
221 -267.0000000000
223 -266.0000000000
229 -265.0000000000
231 -264.0000000000
232 -263.0000000000
236 -262.0000000000
238 -261.0000000000
239 -260.0000000000
243 -259.0000000000
244 -258.0000000000
245 -257.0000000000
247 -256.0000000000
251 -255.0000000000
252 -254.0000000000
256 -253.0000000000
260 -252.0000000000
262 -251.0000000000
268 -250.0000000000
269 -249.0000000000
274 -248.0000000000
277 -247.0000000000
281 -246.0000000000
284 -245.0000000000
286 -244.0000000000
287 -243.0000000000
293 -242.0000000000
296 -241.0000000000
297 -240.0000000000
298 -239.0000000000
300 -238.0000000000
303 -237.0000000000
304 -236.0000000000
308 -235.0000000000
310 -234.0000000000
313 -233.0000000000
314 -232.0000000000
315 -231.0000000000
316 -230.0000000000
317 -229.0000000000
319 -228.0000000000
322 -227.0000000000
326 -226.0000000000
329 -225.0000000000
334 -224.0000000000
337 -223.0000000000
342 -222.0000000000
344 -221.0000000000
349 -220.0000000000
351 -219.0000000000
353 -218.0000000000
355 -217.0000000000
360 -216.0000000000
362 -215.0000000000
366 -214.0000000000
367 -213.0000000000
373 -212.0000000000
382 -211.0000000000
384 -210.0000000000
387 -209.0000000000
397 -208.0000000000
402 -207.0000000000
404 -206.0000000000
407 -205.0000000000
410 -204.0000000000
413 -203.0000000000
415 -202.0000000000
416 -201.0000000000
422 -200.0000000000
434 -199.0000000000
436 -198.0000000000
438 -197.0000000000
439 -196.0000000000
440 -195.0000000000
442 -194.0000000000
444 -193.0000000000
445 -192.0000000000
450 -191.0000000000
452 -190.0000000000
459 -189.0000000000
460 -188.0000000000
461 -187.0000000000
463 -186.0000000000
469 -185.0000000000
471 -184.0000000000
475 -183.0000000000
480 -182.0000000000
488 -181.0000000000
497 -180.0000000000
500 -179.0000000000
512 -178.0000000000
514 -177.0000000000
516 -176.0000000000
521 -175.0000000000
525 -174.0000000000
527 -173.0000000000
530 -172.0000000000
531 -171.0000000000
539 -170.0000000000
541 -169.0000000000
542 -168.0000000000
551 -167.0000000000
555 -166.0000000000
560 -165.0000000000
563 -164.0000000000
564 -163.0000000000
581 -162.0000000000
593 -161.0000000000
597 -160.0000000000
598 -159.0000000000
605 -158.0000000000
609 -157.0000000000
613 -156.0000000000
618 -155.0000000000
625 -154.0000000000
631 -153.0000000000
632 -152.0000000000
636 -151.0000000000
639 -150.0000000000
642 -149.0000000000
651 -148.0000000000
653 -147.0000000000
654 -146.0000000000
657 -145.0000000000
658 -144.0000000000
663 -143.0000000000
669 -142.0000000000
674 -141.0000000000
678 -140.0000000000
679 -139.0000000000
680 -138.0000000000
685 -137.0000000000
693 -136.0000000000
695 -135.0000000000
701 -134.0000000000
703 -133.0000000000
709 -132.0000000000
713 -131.0000000000
720 -130.0000000000
730 -129.0000000000
734 -128.0000000000
744 -127.0000000000
750 -126.0000000000
758 -125.0000000000
759 -124.0000000000
760 -123.0000000000
763 -122.0000000000
768 -121.0000000000
784 -120.0000000000
786 -119.0000000000
800 -118.0000000000
806 -117.0000000000
809 -116.0000000000
815 -115.0000000000
816 -114.0000000000
820 -113.0000000000
837 -112.0000000000
838 -111.0000000000
839 -110.0000000000
840 -109.0000000000
851 -108.0000000000
855 -107.0000000000
862 -106.0000000000
866 -105.0000000000
868 -104.0000000000
869 -103.0000000000
871 -102.0000000000
883 -101.0000000000
886 -100.0000000000
913 -99.0000000000
916 -98.0000000000
919 -97.0000000000
931 -96.0000000000
943 -95.0000000000
951 -94.0000000000
955 -93.0000000000
959 -92.0000000000
964 -91.0000000000
966 -90.0000000000
967 -89.0000000000
969 -88.0000000000
973 -87.0000000000
977 -86.0000000000
979 -85.0000000000
985 -84.0000000000
987 -83.0000000000
994 -82.0000000000
996 -81.0000000000
1006 -80.0000000000
1009 -79.0000000000
1015 -78.0000000000
1052 -77.0000000000
1061 -76.0000000000
1067 -75.0000000000
1068 -74.0000000000
1069 -73.0000000000
1093 -72.0000000000
1094 -71.0000000000
1098 -70.0000000000
1100 -69.0000000000
1107 -68.0000000000
1127 -67.0000000000
1135 -66.0000000000
1140 -65.0000000000
1160 -64.0000000000
1163 -63.0000000000
1194 -62.0000000000
1201 -61.0000000000
1203 -60.0000000000
1226 -59.0000000000
1230 -58.0000000000
1232 -57.0000000000
1242 -56.0000000000
1252 -55.0000000000
1261 -54.0000000000
1288 -53.0000000000
1291 -52.0000000000
1292 -51.0000000000
1295 -50.0000000000
1310 -49.0000000000
1312 -48.0000000000
1331 -47.0000000000
1336 -46.0000000000
1354 -45.0000000000
1355 -44.0000000000
1356 -43.0000000000
1365 -42.0000000000
1371 -41.0000000000
1380 -40.0000000000
1386 -39.0000000000
1437 -38.0000000000
1438 -37.0000000000
1463 -36.0000000000
1473 -35.0000000000
1517 -34.0000000000
1532 -33.0000000000
1548 -32.0000000000
1636 -31.0000000000
1641 -30.0000000000
1645 -29.0000000000
1681 -28.0000000000
1739 -27.0000000000
1749 -26.0000000000
1770 -25.0000000000
1786 -24.0000000000
1804 -23.0000000000
1814 -22.0000000000
1851 -21.0000000000
1898 -20.0000000000
1917 -19.0000000000
1952 -18.0000000000
1977 -17.0000000000
2008 -16.0000000000
2014 -15.0000000000
2042 -14.0000000000
2051 -13.0000000000
2155 -12.0000000000
2175 -11.0000000000
2181 -10.0000000000
2226 -9.0000000000
2235 -8.0000000000
2240 -7.0000000000
2379 -6.0000000000
2417 -5.0000000000
2491 -4.0000000000
2515 -3.0000000000
2596 -2.0000000000
2672 -1.0000000000
2698 584.0000000000
10000 -1.0000000000
evaluations raw_y
1 -360.0000000000
2 -359.0000000000
4 -358.0000000000
5 -357.0000000000
6 -356.0000000000
8 -355.0000000000
9 -354.0000000000
10 -353.0000000000
14 -352.0000000000
16 -351.0000000000
17 -350.0000000000
20 -349.0000000000
21 -348.0000000000
22 -347.0000000000
23 -346.0000000000
26 -345.0000000000
29 -344.0000000000
30 -343.0000000000
35 -342.0000000000
36 -341.0000000000
37 -340.0000000000
40 -339.0000000000
42 -338.0000000000
44 -337.0000000000
49 -336.0000000000
50 -335.0000000000
51 -334.0000000000
55 -333.0000000000
57 -332.0000000000
59 -331.0000000000
61 -330.0000000000
62 -329.0000000000
63 -328.0000000000
66 -327.0000000000
68 -326.0000000000
74 -325.0000000000
75 -324.0000000000
76 -323.0000000000
78 -322.0000000000
80 -321.0000000000
81 -320.0000000000
85 -319.0000000000
86 -318.0000000000
87 -317.0000000000
93 -316.0000000000
97 -315.0000000000
101 -314.0000000000
105 -313.0000000000
106 -312.0000000000
108 -311.0000000000
110 -310.0000000000
111 -309.0000000000
113 -308.0000000000
114 -307.0000000000
116 -306.0000000000
118 -305.0000000000
120 -304.0000000000
121 -303.0000000000
125 -302.0000000000
127 -301.0000000000
129 -300.0000000000
131 -299.0000000000
132 -298.0000000000
134 -297.0000000000
136 -296.0000000000
137 -295.0000000000
138 -294.0000000000
140 -293.0000000000
144 -292.0000000000
149 -291.0000000000
151 -290.0000000000
153 -289.0000000000
154 -288.0000000000
156 -287.0000000000
159 -286.0000000000
161 -285.0000000000
162 -284.0000000000
163 -283.0000000000
169 -282.0000000000
171 -281.0000000000
175 -280.0000000000
178 -279.0000000000
179 -278.0000000000
184 -277.0000000000
186 -276.0000000000
188 -275.0000000000
194 -274.0000000000
196 -273.0000000000
201 -272.0000000000
204 -271.0000000000
205 -270.0000000000
211 -269.0000000000
212 -268.0000000000
213 -267.0000000000
216 -266.0000000000
217 -265.0000000000
218 -264.0000000000
219 -263.0000000000
222 -262.0000000000
223 -261.0000000000
224 -260.0000000000
229 -259.0000000000
232 -258.0000000000
234 -257.0000000000
237 -256.0000000000
238 -255.0000000000
243 -254.0000000000
245 -253.0000000000
248 -252.0000000000
250 -251.0000000000
251 -250.0000000000
252 -249.0000000000
255 -248.0000000000
258 -247.0000000000
261 -246.0000000000
263 -245.0000000000
264 -244.0000000000
268 -243.0000000000
269 -242.0000000000
271 -241.0000000000
274 -240.0000000000
275 -239.0000000000
279 -238.0000000000
282 -237.0000000000
283 -236.0000000000
284 -235.0000000000
287 -234.0000000000
288 -233.0000000000
290 -232.0000000000
297 -231.0000000000
302 -230.0000000000
305 -229.0000000000
308 -228.0000000000
315 -227.0000000000
319 -226.0000000000
321 -225.0000000000
323 -224.0000000000
325 -223.0000000000
329 -222.0000000000
332 -221.0000000000
333 -220.0000000000
334 -219.0000000000
335 -218.0000000000
337 -217.0000000000
339 -216.0000000000
341 -215.0000000000
349 -214.0000000000
351 -213.0000000000
360 -212.0000000000
362 -211.0000000000
365 -210.0000000000
367 -209.0000000000
368 -208.0000000000
370 -207.0000000000
371 -206.0000000000
377 -205.0000000000
380 -204.0000000000
388 -203.0000000000
392 -202.0000000000
393 -201.0000000000
394 -200.0000000000
395 -199.0000000000
405 -198.0000000000
406 -197.0000000000
414 -196.0000000000
415 -195.0000000000
420 -194.0000000000
423 -193.0000000000
424 -192.0000000000
426 -191.0000000000
428 -190.0000000000
432 -189.0000000000
434 -188.0000000000
435 -187.0000000000
440 -186.0000000000
444 -185.0000000000
455 -184.0000000000
456 -183.0000000000
457 -182.0000000000
459 -181.0000000000
463 -180.0000000000
464 -179.0000000000
467 -178.0000000000
471 -177.0000000000
477 -176.0000000000
480 -175.0000000000
481 -174.0000000000
483 -173.0000000000
487 -172.0000000000
490 -171.0000000000
499 -170.0000000000
501 -169.0000000000
505 -168.0000000000
509 -167.0000000000
511 -166.0000000000
514 -165.0000000000
517 -164.0000000000
521 -163.0000000000
523 -162.0000000000
532 -161.0000000000
546 -160.0000000000
548 -159.0000000000
550 -158.0000000000
556 -157.0000000000
558 -156.0000000000
562 -155.0000000000
570 -154.0000000000
571 -153.0000000000
574 -152.0000000000
589 -151.0000000000
591 -150.0000000000
592 -149.0000000000
596 -148.0000000000
597 -147.0000000000
599 -146.0000000000
600 -145.0000000000
602 -144.0000000000
604 -143.0000000000
606 -142.0000000000
614 -141.0000000000
616 -140.0000000000
623 -139.0000000000
624 -138.0000000000
633 -137.0000000000
634 -136.0000000000
641 -135.0000000000
645 -134.0000000000
649 -133.0000000000
650 -132.0000000000
653 -131.0000000000
657 -130.0000000000
673 -129.0000000000
676 -128.0000000000
692 -127.0000000000
693 -126.0000000000
694 -125.0000000000
697 -124.0000000000
699 -123.0000000000
710 -122.0000000000
721 -121.0000000000
723 -120.0000000000
725 -119.0000000000
736 -118.0000000000
739 -117.0000000000
743 -116.0000000000
744 -115.0000000000
745 -114.0000000000
746 -113.0000000000
750 -112.0000000000
756 -111.0000000000
760 -110.0000000000
762 -109.0000000000
766 -108.0000000000
784 -107.0000000000
789 -106.0000000000
790 -105.0000000000
791 -104.0000000000
792 -103.0000000000
795 -102.0000000000
800 -101.0000000000
809 -100.0000000000
835 -99.0000000000
845 -98.0000000000
868 -97.0000000000
870 -96.0000000000
872 -95.0000000000
875 -94.0000000000
877 -93.0000000000
893 -92.0000000000
895 -91.0000000000
897 -90.0000000000
900 -89.0000000000
906 -88.0000000000
907 -87.0000000000
910 -86.0000000000
913 -85.0000000000
914 -84.0000000000
917 -83.0000000000
939 -82.0000000000
945 -81.0000000000
952 -80.0000000000
959 -79.0000000000
979 -78.0000000000
987 -77.0000000000
1008 -76.0000000000
1013 -75.0000000000
1039 -74.0000000000
1046 -73.0000000000
1054 -72.0000000000
1058 -71.0000000000
1080 -70.0000000000
1085 -69.0000000000
1110 -68.0000000000
1118 -67.0000000000
1131 -66.0000000000
1133 -65.0000000000
1138 -64.0000000000
1140 -63.0000000000
1154 -62.0000000000
1162 -61.0000000000
1177 -60.0000000000
1198 -59.0000000000
1211 -58.0000000000
1215 -57.0000000000
1218 -56.0000000000
1225 -55.0000000000
1231 -54.0000000000
1235 -53.0000000000
1251 -52.0000000000
1257 -51.0000000000
1265 -50.0000000000
1278 -49.0000000000
1284 -48.0000000000
1325 -47.0000000000
1338 -46.0000000000
1357 -45.0000000000
1361 -44.0000000000
1393 -43.0000000000
1394 -42.0000000000
1400 -41.0000000000
1427 -40.0000000000
1428 -39.0000000000
1431 -38.0000000000
1433 -37.0000000000
1436 -36.0000000000
1483 -35.0000000000
1506 -34.0000000000
1534 -33.0000000000
1541 -32.0000000000
1549 -31.0000000000
1555 -30.0000000000
1564 -29.0000000000
1565 -28.0000000000
1567 -27.0000000000
1581 -26.0000000000
1587 -25.0000000000
1600 -24.0000000000
1604 -23.0000000000
1627 -22.0000000000
1686 -21.0000000000
1713 -20.0000000000
1751 -19.0000000000
1758 -18.0000000000
1765 -17.0000000000
1790 -16.0000000000
1820 -15.0000000000
1839 -14.0000000000
1862 -13.0000000000
1892 -12.0000000000
1924 -11.0000000000
1943 -10.0000000000
1949 -9.0000000000
1964 -8.0000000000
2054 -7.0000000000
2204 -6.0000000000
2207 -5.0000000000
2235 -4.0000000000
2247 -3.0000000000
2266 -2.0000000000
2307 -1.0000000000
2425 584.0000000000
10000 -1.0000000000
evaluations raw_y
1 -357.0000000000
2 -356.0000000000
3 -355.0000000000
10 -354.0000000000
12 -353.0000000000
13 -352.0000000000
15 -351.0000000000
16 -350.0000000000
18 -349.0000000000
20 -348.0000000000
21 -347.0000000000
22 -346.0000000000
24 -345.0000000000
25 -344.0000000000
28 -343.0000000000
31 -342.0000000000
33 -341.0000000000
34 -340.0000000000
35 -339.0000000000
37 -338.0000000000
39 -337.0000000000
40 -336.0000000000
41 -335.0000000000
43 -334.0000000000
44 -333.0000000000
45 -332.0000000000
48 -331.0000000000
50 -330.0000000000
51 -329.0000000000
58 -328.0000000000
61 -327.0000000000
63 -326.0000000000
64 -325.0000000000
66 -324.0000000000
69 -323.0000000000
71 -322.0000000000
74 -321.0000000000
75 -320.0000000000
77 -319.0000000000
88 -318.0000000000
92 -317.0000000000
98 -316.0000000000
99 -315.0000000000
100 -314.0000000000
102 -313.0000000000
104 -312.0000000000
107 -311.0000000000
108 -310.0000000000
113 -309.0000000000
114 -308.0000000000
115 -307.0000000000
118 -306.0000000000
119 -305.0000000000
120 -304.0000000000
121 -303.0000000000
122 -302.0000000000
130 -301.0000000000
131 -300.0000000000
133 -299.0000000000
134 -298.0000000000
136 -297.0000000000
137 -296.0000000000
138 -295.0000000000
139 -294.0000000000
143 -293.0000000000
145 -292.0000000000
146 -291.0000000000
148 -290.0000000000
150 -289.0000000000
157 -288.0000000000
158 -287.0000000000
161 -286.0000000000
162 -285.0000000000
166 -284.0000000000
172 -283.0000000000
173 -282.0000000000
174 -281.0000000000
175 -280.0000000000
176 -279.0000000000
177 -278.0000000000
181 -277.0000000000
185 -276.0000000000
186 -275.0000000000
190 -274.0000000000
193 -273.0000000000
195 -272.0000000000
197 -271.0000000000
199 -270.0000000000
200 -269.0000000000
201 -268.0000000000
203 -267.0000000000
204 -266.0000000000
207 -265.0000000000
208 -264.0000000000
209 -263.0000000000
211 -262.0000000000
216 -261.0000000000
217 -260.0000000000
218 -259.0000000000
222 -258.0000000000
224 -257.0000000000
225 -256.0000000000
228 -255.0000000000
231 -254.0000000000
232 -253.0000000000
236 -252.0000000000
240 -251.0000000000
246 -250.0000000000
248 -249.0000000000
249 -248.0000000000
250 -247.0000000000
251 -246.0000000000
254 -245.0000000000
258 -244.0000000000
259 -243.0000000000
260 -242.0000000000
262 -241.0000000000
264 -240.0000000000
269 -239.0000000000
270 -238.0000000000
273 -237.0000000000
275 -236.0000000000
279 -235.0000000000
283 -234.0000000000
287 -233.0000000000
289 -232.0000000000
290 -231.0000000000
292 -230.0000000000
295 -229.0000000000
297 -228.0000000000
302 -227.0000000000
303 -226.0000000000
304 -225.0000000000
305 -224.0000000000
306 -223.0000000000
307 -222.0000000000
309 -221.0000000000
310 -220.0000000000
311 -219.0000000000
320 -218.0000000000
331 -217.0000000000
339 -216.0000000000
344 -215.0000000000
348 -214.0000000000
349 -213.0000000000
351 -212.0000000000
358 -211.0000000000
363 -210.0000000000
364 -209.0000000000
366 -208.0000000000
367 -207.0000000000
385 -206.0000000000
386 -205.0000000000
387 -204.0000000000
390 -203.0000000000
392 -202.0000000000
396 -201.0000000000
397 -200.0000000000
399 -199.0000000000
401 -198.0000000000
410 -197.0000000000
412 -196.0000000000
416 -195.0000000000
421 -194.0000000000
423 -193.0000000000
425 -192.0000000000
426 -191.0000000000
433 -190.0000000000
436 -189.0000000000
444 -188.0000000000
445 -187.0000000000
446 -186.0000000000
452 -185.0000000000
454 -184.0000000000
460 -183.0000000000
468 -182.0000000000
480 -181.0000000000
484 -180.0000000000
491 -179.0000000000
495 -178.0000000000
497 -177.0000000000
509 -176.0000000000
512 -175.0000000000
515 -174.0000000000
516 -173.0000000000
519 -172.0000000000
530 -171.0000000000
533 -170.0000000000
534 -169.0000000000
535 -168.0000000000
537 -167.0000000000
541 -166.0000000000
542 -165.0000000000
545 -164.0000000000
547 -163.0000000000
548 -162.0000000000
562 -161.0000000000
565 -160.0000000000
569 -159.0000000000
572 -158.0000000000
579 -157.0000000000
587 -156.0000000000
590 -155.0000000000
595 -154.0000000000
598 -153.0000000000
603 -152.0000000000
607 -151.0000000000
614 -150.0000000000
627 -149.0000000000
630 -148.0000000000
635 -147.0000000000
639 -146.0000000000
641 -145.0000000000
652 -144.0000000000
653 -143.0000000000
656 -142.0000000000
658 -141.0000000000
659 -140.0000000000
661 -139.0000000000
670 -138.0000000000
671 -137.0000000000
675 -136.0000000000
680 -135.0000000000
683 -134.0000000000
685 -133.0000000000
689 -132.0000000000
695 -131.0000000000
703 -130.0000000000
715 -129.0000000000
720 -128.0000000000
727 -127.0000000000
728 -126.0000000000
729 -125.0000000000
741 -124.0000000000
746 -123.0000000000
748 -122.0000000000
759 -121.0000000000
772 -120.0000000000
774 -119.0000000000
778 -118.0000000000
779 -117.0000000000
787 -116.0000000000
791 -115.0000000000
792 -114.0000000000
793 -113.0000000000
799 -112.0000000000
800 -111.0000000000
806 -110.0000000000
808 -109.0000000000
810 -108.0000000000
811 -107.0000000000
815 -106.0000000000
816 -105.0000000000
817 -104.0000000000
819 -103.0000000000
830 -102.0000000000
831 -101.0000000000
835 -100.0000000000
852 -99.0000000000
857 -98.0000000000
858 -97.0000000000
864 -96.0000000000
869 -95.0000000000
884 -94.0000000000
905 -93.0000000000
907 -92.0000000000
923 -91.0000000000
931 -90.0000000000
932 -89.0000000000
937 -88.0000000000
938 -87.0000000000
946 -86.0000000000
950 -85.0000000000
951 -84.0000000000
962 -83.0000000000
965 -82.0000000000
986 -81.0000000000
987 -80.0000000000
995 -79.0000000000
1005 -78.0000000000
1020 -77.0000000000
1062 -76.0000000000
1065 -75.0000000000
1066 -74.0000000000
1069 -73.0000000000
1074 -72.0000000000
1075 -71.0000000000
1093 -70.0000000000
1104 -69.0000000000
1112 -68.0000000000
1120 -67.0000000000
1128 -66.0000000000
1132 -65.0000000000
1137 -64.0000000000
1149 -63.0000000000
1153 -62.0000000000
1154 -61.0000000000
1160 -60.0000000000
1175 -59.0000000000
1178 -58.0000000000
1185 -57.0000000000
1193 -56.0000000000
1197 -55.0000000000
1204 -54.0000000000
1227 -53.0000000000
1231 -52.0000000000
1252 -51.0000000000
1262 -50.0000000000
1287 -49.0000000000
1321 -48.0000000000
1343 -47.0000000000
1346 -46.0000000000
1348 -45.0000000000
1351 -44.0000000000
1358 -43.0000000000
1359 -42.0000000000
1377 -41.0000000000
1394 -40.0000000000
1397 -39.0000000000
1433 -38.0000000000
1440 -37.0000000000
1452 -36.0000000000
1464 -35.0000000000
1476 -34.0000000000
1493 -33.0000000000
1517 -32.0000000000
1553 -31.0000000000
1562 -30.0000000000
1595 -29.0000000000
1624 -28.0000000000
1625 -27.0000000000
1629 -26.0000000000
1648 -25.0000000000
1651 -24.0000000000
1672 -23.0000000000
1704 -22.0000000000
1709 -21.0000000000
1758 -20.0000000000
1793 -19.0000000000
1817 -18.0000000000
1831 -17.0000000000
1875 -16.0000000000
1890 -15.0000000000
1891 -14.0000000000
2004 -13.0000000000
2027 -12.0000000000
2051 -11.0000000000
2077 -10.0000000000
2163 -9.0000000000
2181 -8.0000000000
2208 -7.0000000000
2242 -6.0000000000
2271 -5.0000000000
2287 -4.0000000000
2294 -3.0000000000
2321 -2.0000000000
2409 -1.0000000000
2429 548.0000000000
10000 -1.0000000000
