evaluations raw_y
1 -397.0000000000
2 -356.0000000000
8 -339.0000000000
34 -332.0000000000
101 -331.0000000000
118 -330.0000000000
124 -329.0000000000
148 -327.0000000000
225 -326.0000000000
266 -325.0000000000
277 -322.0000000000
343 -321.0000000000
348 -320.0000000000
427 -319.0000000000
435 -318.0000000000
469 -317.0000000000
473 -316.0000000000
494 -314.0000000000
524 -312.0000000000
544 -311.0000000000
576 -310.0000000000
623 -309.0000000000
654 -308.0000000000
722 -307.0000000000
740 -306.0000000000
755 -305.0000000000
771 -304.0000000000
811 -303.0000000000
820 -301.0000000000
928 -300.0000000000
970 -299.0000000000
1008 -298.0000000000
1028 -297.0000000000
1066 -296.0000000000
1148 -295.0000000000
1155 -294.0000000000
1171 -292.0000000000
1282 -291.0000000000
1327 -290.0000000000
1349 -289.0000000000
1352 -288.0000000000
1392 -287.0000000000
1419 -285.0000000000
1448 -284.0000000000
1522 -283.0000000000
1539 -282.0000000000
1572 -281.0000000000
1613 -279.0000000000
1640 -276.0000000000
1645 -275.0000000000
1737 -274.0000000000
1782 -273.0000000000
1810 -272.0000000000
1862 -271.0000000000
1875 -269.0000000000
1897 -268.0000000000
1899 -267.0000000000
1921 -266.0000000000
1941 -265.0000000000
1992 -264.0000000000
2019 -262.0000000000
2068 -261.0000000000
2112 -260.0000000000
2123 -259.0000000000
2128 -258.0000000000
2134 -257.0000000000
2186 -256.0000000000
2199 -255.0000000000
2200 -254.0000000000
2217 -253.0000000000
2260 -252.0000000000
2281 -251.0000000000
2302 -250.0000000000
2307 -249.0000000000
2369 -248.0000000000
2450 -247.0000000000
2468 -246.0000000000
2469 -245.0000000000
2509 -244.0000000000
2529 -243.0000000000
2558 -242.0000000000
2626 -241.0000000000
2635 -240.0000000000
2699 -239.0000000000
2716 -238.0000000000
2786 -237.0000000000
2794 -236.0000000000
2803 -235.0000000000
2903 -234.0000000000
2911 -233.0000000000
2972 -232.0000000000
2994 -231.0000000000
3015 -230.0000000000
3037 -229.0000000000
3051 -228.0000000000
3075 -227.0000000000
3080 -226.0000000000
3152 -224.0000000000
3184 -223.0000000000
3238 -222.0000000000
3297 -221.0000000000
3333 -220.0000000000
3385 -219.0000000000
3412 -218.0000000000
3440 -217.0000000000
3510 -216.0000000000
3542 -215.0000000000
3552 -214.0000000000
3556 -213.0000000000
3681 -212.0000000000
3696 -211.0000000000
3709 -210.0000000000
3797 -209.0000000000
3826 -208.0000000000
3868 -207.0000000000
3909 -206.0000000000
3996 -205.0000000000
4054 -204.0000000000
4086 -203.0000000000
4108 -202.0000000000
4127 -201.0000000000
4155 -200.0000000000
4215 -199.0000000000
4238 -198.0000000000
4332 -197.0000000000
4345 -196.0000000000
4377 -195.0000000000
4488 -194.0000000000
4523 -193.0000000000
4560 -192.0000000000
4587 -191.0000000000
4592 -190.0000000000
4679 -189.0000000000
4745 -188.0000000000
4804 -187.0000000000
4822 -186.0000000000
4908 -185.0000000000
4920 -184.0000000000
4947 -183.0000000000
5056 -182.0000000000
5068 -181.0000000000
5148 -179.0000000000
5272 -178.0000000000
5296 -177.0000000000
5331 -176.0000000000
5372 -175.0000000000
5405 -174.0000000000
5480 -173.0000000000
5514 -172.0000000000
5520 -171.0000000000
5552 -170.0000000000
5616 -169.0000000000
5622 -168.0000000000
5669 -167.0000000000
5776 -166.0000000000
5815 -165.0000000000
5895 -164.0000000000
5902 -163.0000000000
6033 -162.0000000000
6098 -161.0000000000
6102 -160.0000000000
6188 -159.0000000000
6234 -158.0000000000
6250 -157.0000000000
6294 -156.0000000000
6373 -155.0000000000
6473 -154.0000000000
6541 -153.0000000000
6549 -152.0000000000
6575 -151.0000000000
6601 -150.0000000000
6645 -149.0000000000
6681 -148.0000000000
6746 -147.0000000000
6848 -146.0000000000
6862 -145.0000000000
6910 -144.0000000000
7002 -143.0000000000
7077 -142.0000000000
7102 -141.0000000000
7249 -140.0000000000
7294 -139.0000000000
7349 -138.0000000000
7362 -137.0000000000
7441 -136.0000000000
7499 -135.0000000000
7555 -134.0000000000
7666 -133.0000000000
7766 -132.0000000000
7777 -131.0000000000
7818 -130.0000000000
7871 -129.0000000000
7990 -128.0000000000
8025 -127.0000000000
8068 -126.0000000000
8144 -125.0000000000
8230 -124.0000000000
8310 -123.0000000000
8355 -122.0000000000
8443 -121.0000000000
8445 -120.0000000000
8520 -119.0000000000
8534 -118.0000000000
8555 -117.0000000000
8615 -116.0000000000
8685 -115.0000000000
8805 -114.0000000000
8856 -113.0000000000
8880 -112.0000000000
9013 -110.0000000000
9158 -109.0000000000
9205 -108.0000000000
9239 -107.0000000000
9407 -106.0000000000
9561 -105.0000000000
9645 -104.0000000000
9667 -103.0000000000
9737 -102.0000000000
9783 -101.0000000000
9837 -100.0000000000
9978 -99.0000000000
10045 -98.0000000000
10141 -97.0000000000
10176 -96.0000000000
10241 -95.0000000000
10350 -94.0000000000
10448 -93.0000000000
10517 -92.0000000000
10672 -91.0000000000
10714 -90.0000000000
10758 -89.0000000000
10875 -88.0000000000
10936 -87.0000000000
11025 -86.0000000000
11151 -85.0000000000
11256 -84.0000000000
11272 -83.0000000000
11339 -82.0000000000
11567 -81.0000000000
11689 -80.0000000000
11851 -79.0000000000
11968 -78.0000000000
12116 -77.0000000000
12131 -76.0000000000
12279 -75.0000000000
12347 -74.0000000000
12562 -73.0000000000
12663 -72.0000000000
12716 -70.0000000000
12906 -69.0000000000
12991 -68.0000000000
13029 -67.0000000000
13148 -66.0000000000
13324 -65.0000000000
13421 -64.0000000000
13583 -63.0000000000
13707 -62.0000000000
13785 -61.0000000000
13892 -60.0000000000
14230 -59.0000000000
14234 -58.0000000000
14323 -57.0000000000
14375 -56.0000000000
14562 -55.0000000000
14701 -54.0000000000
14762 -53.0000000000
14842 -52.0000000000
14963 -51.0000000000
15012 -50.0000000000
15236 -49.0000000000
15559 -48.0000000000
15717 -47.0000000000
15806 -46.0000000000
16117 -45.0000000000
16389 -44.0000000000
16595 -43.0000000000
16673 -42.0000000000
16722 -41.0000000000
16828 -40.0000000000
17144 -39.0000000000
17272 -38.0000000000
17383 -37.0000000000
17586 -36.0000000000
17598 -35.0000000000
17730 -34.0000000000
17840 -33.0000000000
17861 -31.0000000000
18070 -30.0000000000
18437 -29.0000000000
18674 -28.0000000000
18761 -27.0000000000
18896 -26.0000000000
19054 -25.0000000000
19132 -24.0000000000
19426 -23.0000000000
19490 -22.0000000000
19492 -21.0000000000
19987 -20.0000000000
20315 -19.0000000000
20616 -18.0000000000
20809 -17.0000000000
21332 -16.0000000000
21963 -15.0000000000
22169 -14.0000000000
22529 -13.0000000000
22755 -12.0000000000
23058 -11.0000000000
23447 -10.0000000000
23705 -9.0000000000
24028 -8.0000000000
24292 -7.0000000000
25159 -6.0000000000
25515 -5.0000000000
25741 -4.0000000000
25935 -3.0000000000
26331 -2.0000000000
26967 -1.0000000000
27495 603.0000000000
27997 614.0000000000
28484 615.0000000000
28575 617.0000000000
28659 627.0000000000
28742 638.0000000000
30641 642.0000000000
31369 647.0000000000
31587 655.0000000000
31595 656.0000000000
31741 658.0000000000
31836 664.0000000000
32994 668.0000000000
34526 670.0000000000
34548 675.0000000000
61323 680.0000000000
63842 681.0000000000
81051 682.0000000000
100000 -1.0000000000
evaluations raw_y
1 -355.0000000000
4 -350.0000000000
38 -344.0000000000
76 -343.0000000000
117 -342.0000000000
225 -341.0000000000
266 -340.0000000000
288 -339.0000000000
291 -338.0000000000
336 -337.0000000000
351 -335.0000000000
361 -334.0000000000
376 -333.0000000000
401 -332.0000000000
418 -331.0000000000
459 -330.0000000000
497 -329.0000000000
508 -328.0000000000
535 -327.0000000000
563 -326.0000000000
567 -325.0000000000
601 -324.0000000000
615 -323.0000000000
672 -322.0000000000
712 -321.0000000000
725 -320.0000000000
773 -319.0000000000
801 -318.0000000000
806 -317.0000000000
826 -316.0000000000
834 -315.0000000000
850 -314.0000000000
869 -313.0000000000
910 -312.0000000000
939 -311.0000000000
957 -310.0000000000
965 -309.0000000000
990 -308.0000000000
1018 -307.0000000000
1055 -306.0000000000
1069 -305.0000000000
1134 -304.0000000000
1135 -303.0000000000
1193 -302.0000000000
1214 -301.0000000000
1220 -299.0000000000
1226 -298.0000000000
1265 -297.0000000000
1268 -296.0000000000
1317 -295.0000000000
1328 -294.0000000000
1378 -293.0000000000
1398 -292.0000000000
1433 -291.0000000000
1479 -290.0000000000
1515 -289.0000000000
1517 -288.0000000000
1601 -287.0000000000
1622 -286.0000000000
1664 -285.0000000000
1676 -284.0000000000
1717 -283.0000000000
1720 -282.0000000000
1765 -281.0000000000
1780 -279.0000000000
1820 -278.0000000000
1856 -277.0000000000
1917 -276.0000000000
1956 -275.0000000000
2013 -274.0000000000
2016 -273.0000000000
2039 -272.0000000000
2048 -271.0000000000
2088 -270.0000000000
2123 -269.0000000000
2144 -268.0000000000
2194 -267.0000000000
2220 -265.0000000000
2224 -263.0000000000
2257 -262.0000000000
2332 -261.0000000000
2356 -260.0000000000
2409 -259.0000000000
2412 -258.0000000000
2438 -257.0000000000
2453 -256.0000000000
2488 -255.0000000000
2520 -254.0000000000
2552 -253.0000000000
2557 -252.0000000000
2600 -251.0000000000
2620 -250.0000000000
2660 -249.0000000000
2677 -246.0000000000
2707 -245.0000000000
2732 -244.0000000000
2827 -243.0000000000
2881 -242.0000000000
2898 -241.0000000000
2946 -240.0000000000
3028 -239.0000000000
3049 -238.0000000000
3064 -237.0000000000
3065 -236.0000000000
3103 -235.0000000000
3126 -234.0000000000
3138 -233.0000000000
3174 -232.0000000000
3235 -231.0000000000
3241 -230.0000000000
3291 -229.0000000000
3294 -228.0000000000
3374 -227.0000000000
3447 -226.0000000000
3477 -225.0000000000
3511 -224.0000000000
3533 -223.0000000000
3575 -222.0000000000
3580 -221.0000000000
3658 -220.0000000000
3713 -219.0000000000
3732 -218.0000000000
3797 -217.0000000000
3833 -216.0000000000
3850 -215.0000000000
3876 -214.0000000000
3910 -213.0000000000
3944 -212.0000000000
3999 -211.0000000000
4026 -208.0000000000
4120 -207.0000000000
4143 -206.0000000000
4207 -205.0000000000
4208 -204.0000000000
4277 -203.0000000000
4293 -202.0000000000
4334 -201.0000000000
4377 -200.0000000000
4432 -199.0000000000
4480 -198.0000000000
4481 -197.0000000000
4527 -196.0000000000
4590 -195.0000000000
4643 -194.0000000000
4681 -193.0000000000
4700 -192.0000000000
4759 -191.0000000000
4815 -190.0000000000
4831 -189.0000000000
4866 -188.0000000000
4922 -187.0000000000
4927 -186.0000000000
5060 -185.0000000000
5109 -184.0000000000
5119 -183.0000000000
5136 -182.0000000000
5156 -181.0000000000
5220 -180.0000000000
5301 -178.0000000000
5396 -176.0000000000
5435 -175.0000000000
5516 -174.0000000000
5597 -173.0000000000
5667 -172.0000000000
5743 -171.0000000000
5794 -170.0000000000
5813 -169.0000000000
5864 -168.0000000000
5901 -167.0000000000
5957 -166.0000000000
6041 -165.0000000000
6070 -164.0000000000
6102 -163.0000000000
6151 -162.0000000000
6264 -161.0000000000
6295 -160.0000000000
6322 -158.0000000000
6363 -157.0000000000
6440 -156.0000000000
6495 -155.0000000000
6517 -154.0000000000
6559 -153.0000000000
6587 -152.0000000000
6628 -151.0000000000
6631 -150.0000000000
6763 -149.0000000000
6820 -148.0000000000
6847 -147.0000000000
6934 -146.0000000000
7015 -145.0000000000
7105 -144.0000000000
7151 -143.0000000000
7187 -141.0000000000
7258 -139.0000000000
7361 -138.0000000000
7476 -137.0000000000
7478 -136.0000000000
7556 -135.0000000000
7572 -134.0000000000
7583 -133.0000000000
7599 -132.0000000000
7643 -131.0000000000
7717 -130.0000000000
7847 -128.0000000000
7899 -127.0000000000
7926 -126.0000000000
7973 -125.0000000000
8044 -123.0000000000
8083 -122.0000000000
8127 -121.0000000000
8220 -120.0000000000
8271 -119.0000000000
8300 -118.0000000000
8356 -117.0000000000
8421 -116.0000000000
8542 -115.0000000000
8639 -114.0000000000
8772 -113.0000000000
8890 -112.0000000000
8977 -111.0000000000
8992 -110.0000000000
9073 -109.0000000000
9109 -108.0000000000
9137 -107.0000000000
9303 -106.0000000000
9346 -105.0000000000
9378 -104.0000000000
9488 -103.0000000000
9603 -102.0000000000
9672 -101.0000000000
9691 -100.0000000000
9698 -99.0000000000
9862 -98.0000000000
10007 -97.0000000000
10051 -96.0000000000
10228 -95.0000000000
10264 -94.0000000000
10285 -93.0000000000
10387 -92.0000000000
10409 -91.0000000000
10425 -90.0000000000
10636 -89.0000000000
10655 -88.0000000000
10761 -86.0000000000
10827 -85.0000000000
10873 -84.0000000000
11032 -82.0000000000
11076 -81.0000000000
11257 -80.0000000000
11344 -79.0000000000
11365 -78.0000000000
11504 -77.0000000000
11610 -76.0000000000
11729 -75.0000000000
11812 -74.0000000000
11897 -73.0000000000
11988 -72.0000000000
12170 -71.0000000000
12301 -70.0000000000
12405 -69.0000000000
12612 -68.0000000000
12679 -67.0000000000
12744 -66.0000000000
12984 -65.0000000000
13031 -64.0000000000
13087 -63.0000000000
13094 -62.0000000000
13193 -61.0000000000
13444 -60.0000000000
13747 -59.0000000000
13840 -58.0000000000
14099 -57.0000000000
14251 -56.0000000000
14385 -55.0000000000
14407 -54.0000000000
14621 -53.0000000000
14855 -52.0000000000
14971 -51.0000000000
15362 -50.0000000000
15440 -49.0000000000
15617 -48.0000000000
15881 -47.0000000000
15985 -46.0000000000
16220 -45.0000000000
16312 -44.0000000000
16626 -43.0000000000
16868 -41.0000000000
16889 -40.0000000000
17073 -39.0000000000
17172 -38.0000000000
17476 -37.0000000000
17596 -36.0000000000
17723 -35.0000000000
17767 -34.0000000000
17944 -33.0000000000
18225 -32.0000000000
18454 -31.0000000000
18498 -30.0000000000
18864 -29.0000000000
18995 -28.0000000000
19390 -27.0000000000
19470 -26.0000000000
19691 -25.0000000000
20032 -24.0000000000
20043 -23.0000000000
20099 -22.0000000000
20113 -21.0000000000
20265 -20.0000000000
20342 -19.0000000000
20370 -18.0000000000
20924 -17.0000000000
21493 -16.0000000000
21919 -15.0000000000
22378 -14.0000000000
22772 -13.0000000000
22910 -12.0000000000
23143 -11.0000000000
23557 -10.0000000000
23848 -9.0000000000
24087 -8.0000000000
24095 -7.0000000000
24933 -6.0000000000
25693 -5.0000000000
26640 -4.0000000000
27169 -3.0000000000
27584 -2.0000000000
27661 -1.0000000000
28078 623.0000000000
28644 627.0000000000
29864 630.0000000000
29976 632.0000000000
30371 640.0000000000
30560 649.0000000000
33841 654.0000000000
35286 656.0000000000
36950 659.0000000000
37121 660.0000000000
37750 666.0000000000
37872 670.0000000000
91334 671.0000000000
98786 674.0000000000
100000 -1.0000000000
evaluations raw_y
1 -366.0000000000
2 -364.0000000000
3 -354.0000000000
9 -349.0000000000
15 -336.0000000000
107 -335.0000000000
113 -334.0000000000
126 -332.0000000000
210 -331.0000000000
218 -330.0000000000
224 -329.0000000000
260 -328.0000000000
276 -327.0000000000
310 -326.0000000000
334 -325.0000000000
341 -324.0000000000
383 -323.0000000000
407 -321.0000000000
426 -320.0000000000
441 -319.0000000000
469 -317.0000000000
538 -316.0000000000
556 -315.0000000000
609 -314.0000000000
650 -313.0000000000
701 -312.0000000000
727 -310.0000000000
779 -309.0000000000
821 -308.0000000000
837 -307.0000000000
854 -306.0000000000
861 -305.0000000000
910 -303.0000000000
946 -302.0000000000
954 -301.0000000000
984 -300.0000000000
1007 -299.0000000000
1023 -298.0000000000
1042 -297.0000000000
1088 -295.0000000000
1100 -294.0000000000
1148 -293.0000000000
1157 -292.0000000000
1158 -291.0000000000
1167 -290.0000000000
1198 -289.0000000000
1221 -287.0000000000
1264 -286.0000000000
1265 -285.0000000000
1340 -284.0000000000
1350 -283.0000000000
1426 -282.0000000000
1433 -281.0000000000
1463 -279.0000000000
1489 -278.0000000000
1511 -277.0000000000
1549 -276.0000000000
1570 -275.0000000000
1592 -274.0000000000
1617 -273.0000000000
1655 -272.0000000000
1724 -271.0000000000
1750 -270.0000000000
1752 -269.0000000000
1778 -268.0000000000
1779 -267.0000000000
1799 -266.0000000000
1829 -265.0000000000
1858 -263.0000000000
1940 -262.0000000000
1976 -260.0000000000
2033 -258.0000000000
2123 -257.0000000000
2130 -256.0000000000
2202 -255.0000000000
2214 -254.0000000000
2248 -253.0000000000
2308 -252.0000000000
2329 -251.0000000000
2394 -250.0000000000
2429 -249.0000000000
2460 -247.0000000000
2473 -246.0000000000
2528 -245.0000000000
2558 -244.0000000000
2590 -243.0000000000
2628 -242.0000000000
2650 -241.0000000000
2652 -240.0000000000
2668 -239.0000000000
2737 -238.0000000000
2811 -237.0000000000
2838 -236.0000000000
2852 -235.0000000000
2861 -234.0000000000
2895 -233.0000000000
2982 -232.0000000000
3028 -231.0000000000
3036 -230.0000000000
3061 -229.0000000000
3103 -228.0000000000
3138 -227.0000000000
3188 -226.0000000000
3201 -225.0000000000
3227 -224.0000000000
3308 -223.0000000000
3372 -222.0000000000
3381 -221.0000000000
3413 -220.0000000000
3431 -219.0000000000
3447 -218.0000000000
3463 -217.0000000000
3526 -216.0000000000
3552 -215.0000000000
3572 -214.0000000000
3580 -213.0000000000
3584 -212.0000000000
3613 -211.0000000000
3687 -210.0000000000
3698 -209.0000000000
3770 -208.0000000000
3799 -207.0000000000
3843 -205.0000000000
3876 -204.0000000000
3943 -203.0000000000
3961 -202.0000000000
4013 -201.0000000000
4039 -200.0000000000
4052 -199.0000000000
4137 -198.0000000000
4233 -197.0000000000
4251 -196.0000000000
4308 -195.0000000000
4353 -194.0000000000
4393 -193.0000000000
4442 -192.0000000000
4509 -191.0000000000
4544 -190.0000000000
4596 -189.0000000000
4605 -188.0000000000
4609 -186.0000000000
4658 -185.0000000000
4734 -184.0000000000
4752 -183.0000000000
4784 -182.0000000000
4868 -181.0000000000
5032 -180.0000000000
5091 -179.0000000000
5137 -178.0000000000
5152 -177.0000000000
5209 -175.0000000000
5225 -173.0000000000
5392 -172.0000000000
5440 -171.0000000000
5483 -170.0000000000
5543 -169.0000000000
5571 -168.0000000000
5603 -167.0000000000
5644 -166.0000000000
5665 -165.0000000000
5703 -164.0000000000
5743 -163.0000000000
5838 -162.0000000000
5900 -160.0000000000
5932 -159.0000000000
6047 -158.0000000000
6095 -157.0000000000
6135 -155.0000000000
6173 -154.0000000000
6262 -153.0000000000
6288 -152.0000000000
6343 -151.0000000000
6361 -150.0000000000
6413 -149.0000000000
6431 -148.0000000000
6537 -147.0000000000
6565 -146.0000000000
6655 -145.0000000000
6687 -144.0000000000
6783 -143.0000000000
6823 -142.0000000000
6829 -141.0000000000
6891 -140.0000000000
6926 -139.0000000000
6994 -138.0000000000
7062 -137.0000000000
7095 -136.0000000000
7145 -135.0000000000
7243 -134.0000000000
7295 -133.0000000000
7339 -132.0000000000
7375 -131.0000000000
7466 -130.0000000000
7475 -129.0000000000
7556 -128.0000000000
7634 -127.0000000000
7662 -126.0000000000
7782 -125.0000000000
7791 -124.0000000000
7800 -123.0000000000
7807 -122.0000000000
7822 -121.0000000000
7891 -120.0000000000
7924 -119.0000000000
8007 -118.0000000000
8014 -117.0000000000
8097 -116.0000000000
8187 -115.0000000000
8302 -114.0000000000
8382 -113.0000000000
8445 -112.0000000000
8550 -111.0000000000
8625 -110.0000000000
8723 -109.0000000000
8726 -107.0000000000
8826 -106.0000000000
8886 -105.0000000000
8942 -104.0000000000
8943 -103.0000000000
9100 -101.0000000000
9103 -100.0000000000
9187 -99.0000000000
9294 -98.0000000000
9336 -97.0000000000
9387 -96.0000000000
9404 -95.0000000000
9467 -94.0000000000
9580 -93.0000000000
9584 -92.0000000000
9799 -91.0000000000
9833 -90.0000000000
9907 -89.0000000000
10138 -88.0000000000
10244 -87.0000000000
10256 -86.0000000000
10358 -85.0000000000
10512 -84.0000000000
10519 -83.0000000000
10578 -82.0000000000
10644 -81.0000000000
10813 -80.0000000000
10841 -79.0000000000
10958 -78.0000000000
11047 -77.0000000000
11089 -76.0000000000
11370 -75.0000000000
11469 -74.0000000000
11481 -73.0000000000
11702 -72.0000000000
11737 -71.0000000000
11827 -70.0000000000
11856 -69.0000000000
11871 -68.0000000000
12002 -67.0000000000
12107 -66.0000000000
12186 -65.0000000000
12375 -64.0000000000
12412 -63.0000000000
12636 -62.0000000000
12774 -61.0000000000
12953 -60.0000000000
13016 -59.0000000000
13103 -58.0000000000
13243 -57.0000000000
13288 -56.0000000000
13417 -55.0000000000
13581 -54.0000000000
13634 -53.0000000000
13780 -52.0000000000
14128 -51.0000000000
14167 -50.0000000000
14296 -49.0000000000
14307 -48.0000000000
14460 -47.0000000000
14560 -46.0000000000
14741 -45.0000000000
14953 -44.0000000000
15032 -43.0000000000
15055 -42.0000000000
15267 -41.0000000000
15293 -40.0000000000
15297 -39.0000000000
15528 -38.0000000000
15638 -37.0000000000
15669 -36.0000000000
15731 -35.0000000000
16057 -34.0000000000
16231 -33.0000000000
16522 -32.0000000000
16566 -31.0000000000
16709 -30.0000000000
16787 -29.0000000000
17171 -28.0000000000
17373 -27.0000000000
17446 -26.0000000000
17633 -25.0000000000
17706 -24.0000000000
17791 -23.0000000000
18251 -22.0000000000
18780 -21.0000000000
19152 -20.0000000000
19510 -19.0000000000
19675 -18.0000000000
19865 -17.0000000000
20073 -16.0000000000
20313 -15.0000000000
20672 -14.0000000000
20839 -13.0000000000
20880 -12.0000000000
21391 -11.0000000000
21815 -10.0000000000
22163 -9.0000000000
22524 -8.0000000000
23087 -7.0000000000
23155 -6.0000000000
23570 -5.0000000000
23824 -4.0000000000
24852 -3.0000000000
25255 -2.0000000000
25662 -1.0000000000
25672 580.0000000000
26074 594.0000000000
26218 595.0000000000
26381 605.0000000000
27132 606.0000000000
28204 625.0000000000
29626 630.0000000000
30074 632.0000000000
30253 635.0000000000
30383 637.0000000000
30698 638.0000000000
30837 640.0000000000
32311 653.0000000000
35335 654.0000000000
35774 662.0000000000
36698 663.0000000000
37232 665.0000000000
39487 671.0000000000
44648 673.0000000000
46357 677.0000000000
100000 -3.0000000000
evaluations raw_y
1 -364.0000000000
6 -347.0000000000
18 -342.0000000000
121 -341.0000000000
181 -340.0000000000
200 -339.0000000000
226 -338.0000000000
263 -337.0000000000
266 -336.0000000000
304 -335.0000000000
305 -334.0000000000
327 -333.0000000000
338 -332.0000000000
351 -331.0000000000
366 -330.0000000000
393 -329.0000000000
411 -328.0000000000
427 -327.0000000000
456 -326.0000000000
463 -325.0000000000
469 -324.0000000000
482 -323.0000000000
487 -322.0000000000
503 -321.0000000000
522 -320.0000000000
551 -319.0000000000
559 -318.0000000000
611 -316.0000000000
627 -315.0000000000
655 -314.0000000000
660 -313.0000000000
689 -312.0000000000
691 -311.0000000000
727 -310.0000000000
770 -309.0000000000
824 -308.0000000000
826 -307.0000000000
855 -306.0000000000
912 -303.0000000000
970 -302.0000000000
1003 -301.0000000000
1029 -300.0000000000
1093 -299.0000000000
1103 -298.0000000000
1146 -297.0000000000
1157 -296.0000000000
1173 -295.0000000000
1178 -294.0000000000
1219 -293.0000000000
1250 -292.0000000000
1252 -291.0000000000
1291 -290.0000000000
1337 -289.0000000000
1341 -287.0000000000
1401 -286.0000000000
1431 -285.0000000000
1438 -284.0000000000
1458 -283.0000000000
1466 -281.0000000000
1469 -280.0000000000
1490 -279.0000000000
1538 -278.0000000000
1549 -277.0000000000
1603 -276.0000000000
1627 -275.0000000000
1636 -274.0000000000
1680 -273.0000000000
1712 -272.0000000000
1715 -271.0000000000
1749 -270.0000000000
1793 -269.0000000000
1803 -268.0000000000
1814 -263.0000000000
1885 -262.0000000000
1903 -261.0000000000
1917 -260.0000000000
1950 -258.0000000000
1975 -257.0000000000
2083 -256.0000000000
2088 -255.0000000000
2115 -254.0000000000
2135 -253.0000000000
2210 -252.0000000000
2262 -251.0000000000
2337 -250.0000000000
2343 -249.0000000000
2350 -248.0000000000
2416 -247.0000000000
2441 -245.0000000000
2504 -244.0000000000
2527 -242.0000000000
2572 -241.0000000000
2584 -240.0000000000
2622 -239.0000000000
2632 -238.0000000000
2653 -237.0000000000
2730 -236.0000000000
2751 -235.0000000000
2785 -234.0000000000
2797 -233.0000000000
2847 -232.0000000000
2878 -231.0000000000
2949 -229.0000000000
2980 -227.0000000000
3059 -226.0000000000
3090 -225.0000000000
3117 -224.0000000000
3187 -223.0000000000
3226 -222.0000000000
3265 -219.0000000000
3271 -218.0000000000
3304 -217.0000000000
3334 -216.0000000000
3383 -215.0000000000
3441 -214.0000000000
3464 -213.0000000000
3514 -212.0000000000
3551 -211.0000000000
3563 -210.0000000000
3564 -208.0000000000
3655 -207.0000000000
3730 -206.0000000000
3782 -205.0000000000
3802 -204.0000000000
3847 -203.0000000000
3903 -202.0000000000
3928 -201.0000000000
3932 -200.0000000000
3974 -199.0000000000
4002 -198.0000000000
4043 -197.0000000000
4137 -196.0000000000
4143 -195.0000000000
4186 -194.0000000000
4239 -193.0000000000
4283 -192.0000000000
4301 -191.0000000000
4363 -190.0000000000
4379 -189.0000000000
4383 -188.0000000000
4535 -187.0000000000
4630 -186.0000000000
4651 -185.0000000000
4674 -184.0000000000
4772 -183.0000000000
4822 -182.0000000000
4883 -181.0000000000
4890 -180.0000000000
4941 -179.0000000000
4987 -178.0000000000
5046 -177.0000000000
5084 -175.0000000000
5192 -174.0000000000
5234 -173.0000000000
5289 -172.0000000000
5305 -171.0000000000
5325 -170.0000000000
5365 -168.0000000000
5391 -167.0000000000
5452 -166.0000000000
5475 -165.0000000000
5560 -164.0000000000
5596 -163.0000000000
5620 -162.0000000000
5667 -161.0000000000
5722 -160.0000000000
5804 -159.0000000000
5874 -158.0000000000
5921 -157.0000000000
5993 -156.0000000000
6032 -155.0000000000
6091 -154.0000000000
6136 -153.0000000000
6244 -152.0000000000
6308 -151.0000000000
6367 -150.0000000000
6477 -149.0000000000
6509 -148.0000000000
6548 -147.0000000000
6585 -146.0000000000
6598 -145.0000000000
6716 -144.0000000000
6744 -142.0000000000
6840 -141.0000000000
6867 -140.0000000000
6964 -139.0000000000
7051 -138.0000000000
7134 -137.0000000000
7258 -136.0000000000
7264 -135.0000000000
7302 -134.0000000000
7333 -133.0000000000
7447 -132.0000000000
7544 -131.0000000000
7583 -130.0000000000
7622 -129.0000000000
7654 -128.0000000000
7728 -127.0000000000
7752 -126.0000000000
7837 -125.0000000000
7855 -124.0000000000
7938 -123.0000000000
8006 -122.0000000000
8070 -121.0000000000
8123 -120.0000000000
8141 -119.0000000000
8179 -118.0000000000
8274 -117.0000000000
8303 -115.0000000000
8317 -114.0000000000
8358 -113.0000000000
8378 -112.0000000000
8399 -111.0000000000
8450 -110.0000000000
8546 -109.0000000000
8633 -108.0000000000
8674 -107.0000000000
8758 -106.0000000000
8792 -105.0000000000
8920 -104.0000000000
8989 -103.0000000000
9091 -102.0000000000
9151 -101.0000000000
9242 -100.0000000000
9291 -99.0000000000
9365 -97.0000000000
9584 -96.0000000000
9625 -94.0000000000
9636 -93.0000000000
9726 -92.0000000000
9901 -91.0000000000
9912 -90.0000000000
10043 -89.0000000000
10173 -88.0000000000
10210 -87.0000000000
10307 -86.0000000000
10320 -85.0000000000
10491 -84.0000000000
10512 -83.0000000000
10721 -82.0000000000
10810 -79.0000000000
10826 -78.0000000000
10861 -77.0000000000
10991 -76.0000000000
11107 -75.0000000000
11310 -74.0000000000
11344 -73.0000000000
11514 -72.0000000000
11551 -71.0000000000
11680 -70.0000000000
11878 -69.0000000000
12000 -68.0000000000
12195 -67.0000000000
12475 -66.0000000000
12494 -65.0000000000
12686 -64.0000000000
12867 -63.0000000000
12964 -62.0000000000
13184 -61.0000000000
13386 -60.0000000000
13544 -59.0000000000
13743 -58.0000000000
13914 -57.0000000000
14009 -56.0000000000
14062 -55.0000000000
14237 -54.0000000000
14341 -53.0000000000
14645 -52.0000000000
14648 -51.0000000000
14899 -50.0000000000
15038 -49.0000000000
15170 -48.0000000000
15303 -47.0000000000
15333 -46.0000000000
15509 -45.0000000000
15675 -44.0000000000
15847 -43.0000000000
15930 -42.0000000000
16554 -41.0000000000
16658 -40.0000000000
16809 -39.0000000000
17148 -38.0000000000
17345 -37.0000000000
17660 -36.0000000000
17775 -35.0000000000
18017 -34.0000000000
18172 -33.0000000000
18305 -32.0000000000
18625 -31.0000000000
18740 -30.0000000000
19187 -29.0000000000
19487 -28.0000000000
19762 -27.0000000000
19770 -26.0000000000
20277 -25.0000000000
20374 -24.0000000000
20569 -23.0000000000
20776 -22.0000000000
20999 -21.0000000000
21134 -20.0000000000
21439 -19.0000000000
21577 -18.0000000000
22217 -17.0000000000
22359 -16.0000000000
22521 -15.0000000000
23058 -14.0000000000
23414 -13.0000000000
23632 -12.0000000000
24133 -11.0000000000
24401 -10.0000000000
24964 -9.0000000000
25753 -8.0000000000
26398 -7.0000000000
26952 -6.0000000000
27341 -5.0000000000
28043 -4.0000000000
28162 -3.0000000000
28695 -2.0000000000
28904 -1.0000000000
29152 584.0000000000
29256 589.0000000000
29724 599.0000000000
31270 609.0000000000
31453 612.0000000000
31771 614.0000000000
32462 626.0000000000
32675 634.0000000000
32992 637.0000000000
34059 644.0000000000
34686 647.0000000000
34989 652.0000000000
35202 658.0000000000
36412 668.0000000000
38194 673.0000000000
38417 674.0000000000
38717 675.0000000000
41033 679.0000000000
41219 686.0000000000
100000 -1.0000000000
evaluations raw_y
1 -350.0000000000
29 -336.0000000000
87 -335.0000000000
138 -334.0000000000
149 -333.0000000000
182 -332.0000000000
232 -331.0000000000
243 -330.0000000000
244 -328.0000000000
259 -327.0000000000
295 -326.0000000000
311 -325.0000000000
326 -324.0000000000
351 -323.0000000000
356 -322.0000000000
368 -321.0000000000
403 -320.0000000000
446 -319.0000000000
495 -317.0000000000
525 -316.0000000000
546 -315.0000000000
558 -314.0000000000
596 -313.0000000000
620 -312.0000000000
636 -311.0000000000
671 -310.0000000000
690 -309.0000000000
704 -308.0000000000
737 -307.0000000000
758 -306.0000000000
790 -305.0000000000
826 -304.0000000000
845 -303.0000000000
899 -302.0000000000
920 -301.0000000000
962 -300.0000000000
968 -299.0000000000
989 -298.0000000000
1005 -297.0000000000
1015 -296.0000000000
1028 -295.0000000000
1038 -294.0000000000
1057 -293.0000000000
1092 -292.0000000000
1111 -291.0000000000
1133 -290.0000000000
1139 -289.0000000000
1143 -288.0000000000
1210 -287.0000000000
1226 -286.0000000000
1281 -285.0000000000
1315 -284.0000000000
1329 -283.0000000000
1352 -282.0000000000
1391 -281.0000000000
1403 -280.0000000000
1408 -279.0000000000
1467 -277.0000000000
1479 -274.0000000000
1512 -273.0000000000
1577 -272.0000000000
1612 -271.0000000000
1629 -270.0000000000
1660 -269.0000000000
1673 -268.0000000000
1694 -267.0000000000
1702 -266.0000000000
1749 -265.0000000000
1795 -264.0000000000
1824 -263.0000000000
1853 -262.0000000000
1887 -260.0000000000
1896 -259.0000000000
1927 -258.0000000000
1961 -257.0000000000
1990 -256.0000000000
2009 -255.0000000000
2046 -254.0000000000
2102 -253.0000000000
2146 -252.0000000000
2178 -250.0000000000
2196 -249.0000000000
2261 -248.0000000000
2293 -247.0000000000
2357 -246.0000000000
2400 -245.0000000000
2425 -244.0000000000
2464 -243.0000000000
2505 -242.0000000000
2537 -241.0000000000
2550 -240.0000000000
2557 -239.0000000000
2606 -238.0000000000
2607 -237.0000000000
2630 -236.0000000000
2719 -235.0000000000
2756 -234.0000000000
2780 -233.0000000000
2883 -232.0000000000
2893 -231.0000000000
2935 -229.0000000000
2983 -228.0000000000
3016 -227.0000000000
3034 -226.0000000000
3116 -225.0000000000
3159 -224.0000000000
3204 -223.0000000000
3208 -222.0000000000
3245 -221.0000000000
3306 -220.0000000000
3342 -219.0000000000
3343 -218.0000000000
3379 -217.0000000000
3422 -216.0000000000
3488 -215.0000000000
3529 -214.0000000000
3570 -213.0000000000
3576 -212.0000000000
3660 -211.0000000000
3741 -210.0000000000
3804 -209.0000000000
3811 -208.0000000000
3827 -207.0000000000
3888 -205.0000000000
3984 -204.0000000000
4040 -203.0000000000
4065 -202.0000000000
4134 -201.0000000000
4209 -200.0000000000
4214 -199.0000000000
4271 -198.0000000000
4281 -197.0000000000
4363 -196.0000000000
4381 -195.0000000000
4415 -194.0000000000
4431 -193.0000000000
4458 -192.0000000000
4523 -191.0000000000
4537 -190.0000000000
4553 -189.0000000000
4601 -188.0000000000
4631 -187.0000000000
4708 -186.0000000000
4746 -185.0000000000
4795 -184.0000000000
4803 -183.0000000000
4852 -181.0000000000
4932 -180.0000000000
4976 -179.0000000000
5032 -178.0000000000
5091 -177.0000000000
5115 -176.0000000000
5155 -175.0000000000
5208 -174.0000000000
5222 -172.0000000000
5240 -171.0000000000
5333 -170.0000000000
5407 -169.0000000000
5409 -168.0000000000
5499 -167.0000000000
5514 -166.0000000000
5633 -164.0000000000
5685 -163.0000000000
5703 -162.0000000000
5799 -161.0000000000
5929 -160.0000000000
5964 -159.0000000000
6027 -158.0000000000
6059 -156.0000000000
6169 -155.0000000000
6195 -154.0000000000
6242 -153.0000000000
6343 -152.0000000000
6414 -151.0000000000
6436 -150.0000000000
6485 -149.0000000000
6541 -148.0000000000
6554 -147.0000000000
6652 -146.0000000000
6654 -145.0000000000
6678 -144.0000000000
6761 -143.0000000000
6772 -141.0000000000
6883 -140.0000000000
6911 -139.0000000000
6984 -138.0000000000
7077 -137.0000000000
7140 -136.0000000000
7217 -135.0000000000
7220 -133.0000000000
7254 -132.0000000000
7283 -131.0000000000
7349 -130.0000000000
7381 -129.0000000000
7452 -128.0000000000
7462 -126.0000000000
7536 -125.0000000000
7539 -124.0000000000
7567 -123.0000000000
7646 -121.0000000000
7707 -120.0000000000
7760 -119.0000000000
7863 -118.0000000000
7867 -117.0000000000
7878 -116.0000000000
7898 -115.0000000000
7963 -114.0000000000
8036 -113.0000000000
8049 -112.0000000000
8136 -111.0000000000
8261 -110.0000000000
8323 -109.0000000000
8396 -108.0000000000
8405 -107.0000000000
8512 -106.0000000000
8585 -105.0000000000
8703 -104.0000000000
8754 -103.0000000000
8788 -102.0000000000
8880 -101.0000000000
8901 -100.0000000000
9023 -99.0000000000
9051 -98.0000000000
9133 -97.0000000000
9250 -96.0000000000
9359 -94.0000000000
9535 -93.0000000000
9610 -92.0000000000
9735 -91.0000000000
9788 -90.0000000000
9948 -89.0000000000
9966 -88.0000000000
10029 -87.0000000000
10085 -86.0000000000
10316 -85.0000000000
10348 -84.0000000000
10396 -83.0000000000
10485 -82.0000000000
10539 -81.0000000000
10730 -80.0000000000
10794 -79.0000000000
10924 -78.0000000000
11053 -77.0000000000
11287 -76.0000000000
11385 -75.0000000000
11660 -74.0000000000
11802 -73.0000000000
11916 -72.0000000000
11935 -71.0000000000
11963 -70.0000000000
12075 -69.0000000000
12304 -68.0000000000
12401 -67.0000000000
12444 -66.0000000000
12660 -65.0000000000
12669 -64.0000000000
12815 -63.0000000000
12909 -62.0000000000
13033 -61.0000000000
13122 -60.0000000000
13236 -59.0000000000
13248 -58.0000000000
13443 -57.0000000000
13674 -56.0000000000
13710 -55.0000000000
13938 -54.0000000000
13949 -53.0000000000
14037 -52.0000000000
14044 -51.0000000000
14405 -50.0000000000
14483 -49.0000000000
14756 -48.0000000000
14990 -47.0000000000
15158 -46.0000000000
15263 -45.0000000000
15463 -43.0000000000
15477 -42.0000000000
15675 -41.0000000000
15871 -40.0000000000
16252 -39.0000000000
16493 -38.0000000000
16731 -37.0000000000
16921 -36.0000000000
17103 -35.0000000000
17491 -34.0000000000
17521 -33.0000000000
17650 -32.0000000000
18079 -31.0000000000
18566 -30.0000000000
18722 -29.0000000000
18908 -28.0000000000
19213 -27.0000000000
19274 -26.0000000000
19277 -25.0000000000
19363 -24.0000000000
19481 -23.0000000000
19722 -22.0000000000
20446 -21.0000000000
20459 -20.0000000000
20518 -19.0000000000
20750 -18.0000000000
21514 -17.0000000000
21985 -16.0000000000
22137 -15.0000000000
22371 -14.0000000000
22465 -13.0000000000
22948 -12.0000000000
23321 -10.0000000000
24092 -9.0000000000
24390 -8.0000000000
24511 -7.0000000000
25144 -6.0000000000
25705 -5.0000000000
26373 -4.0000000000
26631 -3.0000000000
26739 -2.0000000000
28009 -1.0000000000
28347 623.0000000000
29180 625.0000000000
29360 628.0000000000
29370 629.0000000000
29741 637.0000000000
30293 642.0000000000
30386 648.0000000000
31217 649.0000000000
32573 653.0000000000
33115 654.0000000000
33156 655.0000000000
33767 657.0000000000
33943 661.0000000000
34883 669.0000000000
36657 672.0000000000
53903 675.0000000000
63363 676.0000000000
76158 677.0000000000
79335 678.0000000000
100000 -1.0000000000
evaluations raw_y
1 -370.0000000000
3 -361.0000000000
8 -346.0000000000
19 -340.0000000000
31 -339.0000000000
105 -338.0000000000
134 -336.0000000000
163 -335.0000000000
168 -334.0000000000
175 -333.0000000000
192 -332.0000000000
197 -331.0000000000
198 -330.0000000000
252 -329.0000000000
257 -328.0000000000
261 -326.0000000000
336 -325.0000000000
361 -324.0000000000
404 -323.0000000000
423 -322.0000000000
439 -321.0000000000
452 -318.0000000000
459 -317.0000000000
540 -316.0000000000
576 -315.0000000000
613 -314.0000000000
617 -313.0000000000
633 -312.0000000000
655 -311.0000000000
686 -310.0000000000
703 -309.0000000000
722 -308.0000000000
755 -307.0000000000
759 -306.0000000000
778 -305.0000000000
792 -304.0000000000
815 -303.0000000000
836 -302.0000000000
874 -301.0000000000
884 -299.0000000000
895 -298.0000000000
902 -297.0000000000
906 -296.0000000000
929 -295.0000000000
940 -294.0000000000
947 -293.0000000000
1001 -292.0000000000
1029 -291.0000000000
1039 -290.0000000000
1062 -289.0000000000
1101 -288.0000000000
1115 -287.0000000000
1120 -286.0000000000
1159 -285.0000000000
1196 -284.0000000000
1208 -283.0000000000
1244 -282.0000000000
1257 -281.0000000000
1259 -280.0000000000
1285 -279.0000000000
1313 -278.0000000000
1323 -277.0000000000
1385 -276.0000000000
1406 -274.0000000000
1467 -272.0000000000
1509 -271.0000000000
1576 -270.0000000000
1617 -269.0000000000
1644 -268.0000000000
1701 -267.0000000000
1733 -266.0000000000
1741 -265.0000000000
1811 -264.0000000000
1861 -263.0000000000
1882 -262.0000000000
1933 -261.0000000000
1950 -260.0000000000
2011 -259.0000000000
2071 -258.0000000000
2091 -257.0000000000
2093 -256.0000000000
2127 -255.0000000000
2174 -254.0000000000
2208 -253.0000000000
2245 -252.0000000000
2295 -251.0000000000
2328 -250.0000000000
2357 -248.0000000000
2415 -247.0000000000
2422 -246.0000000000
2476 -245.0000000000
2515 -244.0000000000
2544 -243.0000000000
2566 -242.0000000000
2622 -241.0000000000
2626 -239.0000000000
2630 -238.0000000000
2646 -237.0000000000
2679 -236.0000000000
2744 -235.0000000000
2763 -234.0000000000
2779 -233.0000000000
2836 -232.0000000000
2854 -231.0000000000
2895 -230.0000000000
2913 -229.0000000000
2997 -228.0000000000
3015 -227.0000000000
3078 -226.0000000000
3090 -225.0000000000
3144 -224.0000000000
3172 -223.0000000000
3223 -222.0000000000
3257 -221.0000000000
3263 -220.0000000000
3304 -218.0000000000
3335 -217.0000000000
3382 -216.0000000000
3417 -215.0000000000
3488 -214.0000000000
3510 -213.0000000000
3513 -212.0000000000
3546 -211.0000000000
3568 -210.0000000000
3570 -209.0000000000
3573 -208.0000000000
3608 -207.0000000000
3661 -206.0000000000
3749 -205.0000000000
3757 -204.0000000000
3832 -203.0000000000
3837 -201.0000000000
3990 -200.0000000000
4018 -199.0000000000
4113 -198.0000000000
4128 -197.0000000000
4131 -196.0000000000
4195 -195.0000000000
4200 -194.0000000000
4237 -193.0000000000
4253 -192.0000000000
4294 -191.0000000000
4296 -190.0000000000
4362 -189.0000000000
4443 -188.0000000000
4497 -187.0000000000
4520 -186.0000000000
4547 -184.0000000000
4613 -183.0000000000
4617 -182.0000000000
4664 -181.0000000000
4758 -180.0000000000
4826 -179.0000000000
4902 -178.0000000000
4911 -177.0000000000
4930 -176.0000000000
5029 -175.0000000000
5059 -174.0000000000
5155 -173.0000000000
5204 -172.0000000000
5235 -171.0000000000
5270 -170.0000000000
5288 -169.0000000000
5333 -168.0000000000
5423 -167.0000000000
5480 -166.0000000000
5512 -165.0000000000
5570 -164.0000000000
5591 -163.0000000000
5706 -162.0000000000
5722 -161.0000000000
5736 -160.0000000000
5815 -159.0000000000
5920 -158.0000000000
5972 -157.0000000000
6022 -155.0000000000
6257 -154.0000000000
6291 -153.0000000000
6320 -151.0000000000
6356 -150.0000000000
6375 -149.0000000000
6481 -148.0000000000
6536 -147.0000000000
6564 -146.0000000000
6678 -145.0000000000
6713 -144.0000000000
6740 -143.0000000000
6840 -142.0000000000
6863 -141.0000000000
6963 -140.0000000000
6992 -139.0000000000
7016 -138.0000000000
7080 -137.0000000000
7123 -136.0000000000
7133 -135.0000000000
7145 -134.0000000000
7293 -133.0000000000
7310 -132.0000000000
7370 -131.0000000000
7512 -130.0000000000
7558 -129.0000000000
7647 -128.0000000000
7682 -127.0000000000
7736 -126.0000000000
7802 -125.0000000000
7803 -124.0000000000
7846 -123.0000000000
7934 -122.0000000000
8000 -121.0000000000
8116 -120.0000000000
8118 -119.0000000000
8219 -118.0000000000
8278 -117.0000000000
8320 -116.0000000000
8381 -115.0000000000
8432 -112.0000000000
8605 -111.0000000000
8700 -110.0000000000
8719 -109.0000000000
8799 -108.0000000000
8911 -107.0000000000
8978 -106.0000000000
9015 -105.0000000000
9017 -104.0000000000
9104 -103.0000000000
9174 -102.0000000000
9221 -101.0000000000
9306 -100.0000000000
9425 -99.0000000000
9522 -98.0000000000
9545 -97.0000000000
9592 -96.0000000000
9683 -95.0000000000
9750 -94.0000000000
9878 -93.0000000000
9980 -92.0000000000
10076 -91.0000000000
10182 -90.0000000000
10207 -89.0000000000
10303 -88.0000000000
10472 -87.0000000000
10594 -86.0000000000
10720 -85.0000000000
10726 -84.0000000000
10827 -83.0000000000
10962 -82.0000000000
10995 -81.0000000000
11001 -80.0000000000
11142 -79.0000000000
11193 -78.0000000000
11387 -77.0000000000
11503 -76.0000000000
11624 -75.0000000000
11706 -74.0000000000
11732 -73.0000000000
11831 -72.0000000000
11963 -71.0000000000
12150 -70.0000000000
12157 -69.0000000000
12228 -68.0000000000
12315 -67.0000000000
12412 -66.0000000000
12546 -65.0000000000
12698 -64.0000000000
12705 -63.0000000000
12779 -62.0000000000
12952 -61.0000000000
13128 -60.0000000000
13260 -59.0000000000
13266 -58.0000000000
13438 -57.0000000000
13551 -56.0000000000
13717 -55.0000000000
13823 -54.0000000000
13925 -53.0000000000
13982 -52.0000000000
14188 -51.0000000000
14275 -50.0000000000
14434 -49.0000000000
14812 -48.0000000000
14917 -47.0000000000
15142 -46.0000000000
15467 -45.0000000000
15552 -44.0000000000
15685 -43.0000000000
15849 -42.0000000000
15972 -41.0000000000
16092 -40.0000000000
16406 -39.0000000000
16545 -38.0000000000
16637 -37.0000000000
16869 -36.0000000000
16974 -35.0000000000
17283 -34.0000000000
17306 -33.0000000000
17342 -31.0000000000
17630 -30.0000000000
17729 -29.0000000000
17978 -28.0000000000
18247 -27.0000000000
18305 -26.0000000000
18498 -25.0000000000
18782 -24.0000000000
19178 -23.0000000000
19217 -22.0000000000
19636 -21.0000000000
19675 -20.0000000000
19899 -19.0000000000
20207 -18.0000000000
20594 -17.0000000000
20763 -16.0000000000
21233 -15.0000000000
21754 -14.0000000000
22066 -13.0000000000
22148 -12.0000000000
22520 -11.0000000000
22885 -10.0000000000
23241 -9.0000000000
23776 -8.0000000000
24317 -7.0000000000
24665 -6.0000000000
24970 -5.0000000000
25282 -4.0000000000
26057 -3.0000000000
26620 -2.0000000000
26990 -1.0000000000
27638 595.0000000000
27751 598.0000000000
27838 600.0000000000
28483 621.0000000000
29346 624.0000000000
29985 636.0000000000
30564 641.0000000000
31954 642.0000000000
32345 643.0000000000
34343 648.0000000000
34371 665.0000000000
41793 669.0000000000
43447 671.0000000000
51077 673.0000000000
51192 677.0000000000
83037 678.0000000000
89583 682.0000000000
100000 -1.0000000000
evaluations raw_y
1 -370.0000000000
2 -367.0000000000
4 -337.0000000000
37 -330.0000000000
151 -329.0000000000
161 -328.0000000000
235 -327.0000000000
242 -326.0000000000
262 -325.0000000000
290 -323.0000000000
311 -322.0000000000
326 -321.0000000000
347 -320.0000000000
408 -319.0000000000
417 -318.0000000000
461 -317.0000000000
498 -315.0000000000
519 -314.0000000000
536 -313.0000000000
592 -312.0000000000
615 -311.0000000000
639 -309.0000000000
718 -308.0000000000
756 -307.0000000000
758 -306.0000000000
792 -305.0000000000
832 -304.0000000000
839 -303.0000000000
865 -301.0000000000
868 -300.0000000000
886 -299.0000000000
935 -298.0000000000
940 -297.0000000000
975 -296.0000000000
996 -294.0000000000
1051 -293.0000000000
1058 -292.0000000000
1078 -291.0000000000
1125 -290.0000000000
1164 -288.0000000000
1170 -287.0000000000
1175 -286.0000000000
1209 -285.0000000000
1226 -284.0000000000
1242 -283.0000000000
1249 -281.0000000000
1298 -279.0000000000
1343 -278.0000000000
1360 -277.0000000000
1402 -276.0000000000
1439 -274.0000000000
1461 -273.0000000000
1523 -272.0000000000
1532 -271.0000000000
1588 -270.0000000000
1626 -269.0000000000
1663 -267.0000000000
1724 -266.0000000000
1739 -265.0000000000
1769 -263.0000000000
1802 -262.0000000000
1842 -261.0000000000
1892 -259.0000000000
1975 -258.0000000000
2030 -257.0000000000
2061 -256.0000000000
2075 -255.0000000000
2086 -254.0000000000
2087 -253.0000000000
2162 -252.0000000000
2177 -251.0000000000
2181 -250.0000000000
2268 -249.0000000000
2291 -248.0000000000
2338 -247.0000000000
2375 -246.0000000000
2418 -245.0000000000
2449 -244.0000000000
2487 -243.0000000000
2512 -242.0000000000
2531 -241.0000000000
2580 -240.0000000000
2620 -239.0000000000
2676 -238.0000000000
2682 -237.0000000000
2707 -236.0000000000
2725 -235.0000000000
2849 -234.0000000000
2875 -233.0000000000
2920 -232.0000000000
2974 -231.0000000000
2998 -230.0000000000
3023 -229.0000000000
3080 -228.0000000000
3107 -227.0000000000
3132 -226.0000000000
3160 -225.0000000000
3180 -223.0000000000
3259 -222.0000000000
3330 -221.0000000000
3379 -220.0000000000
3413 -219.0000000000
3477 -218.0000000000
3480 -217.0000000000
3567 -216.0000000000
3579 -215.0000000000
3606 -214.0000000000
3659 -213.0000000000
3675 -212.0000000000
3700 -211.0000000000
3728 -210.0000000000
3735 -209.0000000000
3741 -208.0000000000
3776 -207.0000000000
3806 -206.0000000000
3855 -205.0000000000
3885 -204.0000000000
3890 -203.0000000000
3908 -202.0000000000
3981 -200.0000000000
4001 -198.0000000000
4024 -197.0000000000
4052 -196.0000000000
4070 -195.0000000000
4124 -194.0000000000
4156 -193.0000000000
4171 -192.0000000000
4191 -191.0000000000
4227 -190.0000000000
4264 -189.0000000000
4303 -188.0000000000
4310 -187.0000000000
4314 -186.0000000000
4330 -185.0000000000
4332 -184.0000000000
4399 -183.0000000000
4489 -182.0000000000
4503 -181.0000000000
4596 -180.0000000000
4643 -179.0000000000
4651 -178.0000000000
4737 -177.0000000000
4793 -176.0000000000
4812 -175.0000000000
4915 -174.0000000000
4922 -173.0000000000
5013 -172.0000000000
5121 -171.0000000000
5151 -170.0000000000
5215 -169.0000000000
5216 -168.0000000000
5300 -167.0000000000
5319 -166.0000000000
5434 -165.0000000000
5435 -164.0000000000
5501 -163.0000000000
5541 -162.0000000000
5598 -161.0000000000
5705 -160.0000000000
5752 -159.0000000000
5776 -158.0000000000
5787 -157.0000000000
5861 -155.0000000000
5904 -154.0000000000
5997 -153.0000000000
6001 -152.0000000000
6121 -151.0000000000
6170 -150.0000000000
6187 -149.0000000000
6221 -148.0000000000
6277 -147.0000000000
6341 -146.0000000000
6398 -145.0000000000
6418 -144.0000000000
6423 -143.0000000000
6522 -142.0000000000
6532 -141.0000000000
6552 -140.0000000000
6653 -139.0000000000
6667 -138.0000000000
6699 -137.0000000000
6753 -136.0000000000
6825 -135.0000000000
6924 -134.0000000000
6933 -133.0000000000
6936 -132.0000000000
6997 -131.0000000000
7073 -130.0000000000
7146 -129.0000000000
7215 -128.0000000000
7302 -127.0000000000
7344 -126.0000000000
7345 -125.0000000000
7455 -124.0000000000
7531 -123.0000000000
7596 -122.0000000000
7597 -121.0000000000
7714 -120.0000000000
7821 -119.0000000000
7837 -118.0000000000
7904 -117.0000000000
7946 -116.0000000000
8027 -115.0000000000
8112 -114.0000000000
8219 -113.0000000000
8227 -112.0000000000
8329 -111.0000000000
8463 -110.0000000000
8505 -109.0000000000
8520 -108.0000000000
8535 -107.0000000000
8654 -106.0000000000
8656 -104.0000000000
8743 -103.0000000000
8797 -102.0000000000
8872 -101.0000000000
9033 -100.0000000000
9082 -99.0000000000
9111 -98.0000000000
9246 -97.0000000000
9389 -96.0000000000
9443 -95.0000000000
9460 -94.0000000000
9668 -93.0000000000
9731 -92.0000000000
9764 -91.0000000000
9839 -90.0000000000
9901 -89.0000000000
9904 -88.0000000000
9961 -87.0000000000
10060 -86.0000000000
10150 -85.0000000000
10270 -84.0000000000
10349 -83.0000000000
10467 -82.0000000000
10610 -81.0000000000
10745 -80.0000000000
10843 -79.0000000000
10956 -78.0000000000
11044 -77.0000000000
11164 -76.0000000000
11251 -75.0000000000
11438 -74.0000000000
11475 -73.0000000000
11649 -72.0000000000
11722 -71.0000000000
11826 -70.0000000000
11958 -69.0000000000
12094 -68.0000000000
12274 -67.0000000000
12322 -66.0000000000
12463 -65.0000000000
12519 -64.0000000000
12529 -63.0000000000
12673 -62.0000000000
12697 -61.0000000000
12715 -60.0000000000
13007 -59.0000000000
13088 -58.0000000000
13212 -57.0000000000
13403 -56.0000000000
13452 -55.0000000000
13454 -54.0000000000
13460 -53.0000000000
13487 -52.0000000000
13743 -51.0000000000
13766 -50.0000000000
13882 -49.0000000000
14143 -48.0000000000
14314 -47.0000000000
14452 -46.0000000000
14640 -45.0000000000
14733 -44.0000000000
14942 -43.0000000000
15060 -42.0000000000
15398 -40.0000000000
15436 -39.0000000000
15879 -38.0000000000
15949 -37.0000000000
16095 -36.0000000000
16145 -35.0000000000
16407 -34.0000000000
16574 -33.0000000000
16782 -32.0000000000
16874 -31.0000000000
17037 -30.0000000000
17444 -29.0000000000
17500 -28.0000000000
17504 -27.0000000000
17624 -26.0000000000
17989 -24.0000000000
18033 -23.0000000000
18181 -22.0000000000
18319 -21.0000000000
18436 -20.0000000000
18762 -19.0000000000
19117 -18.0000000000
19282 -17.0000000000
19373 -16.0000000000
19697 -15.0000000000
20287 -14.0000000000
20582 -13.0000000000
20908 -12.0000000000
21412 -11.0000000000
22361 -10.0000000000
22510 -9.0000000000
23097 -8.0000000000
23950 -7.0000000000
24244 -6.0000000000
25080 -5.0000000000
25090 -4.0000000000
26020 -3.0000000000
26706 -2.0000000000
26864 -1.0000000000
27394 620.0000000000
27598 634.0000000000
28870 637.0000000000
29166 642.0000000000
29477 644.0000000000
29599 650.0000000000
42235 659.0000000000
48387 660.0000000000
48709 669.0000000000
60836 673.0000000000
69241 678.0000000000
100000 -1.0000000000
evaluations raw_y
1 -373.0000000000
2 -368.0000000000
5 -362.0000000000
7 -345.0000000000
44 -336.0000000000
90 -334.0000000000
116 -333.0000000000
118 -332.0000000000
158 -331.0000000000
171 -330.0000000000
174 -329.0000000000
207 -328.0000000000
227 -327.0000000000
263 -326.0000000000
271 -325.0000000000
289 -324.0000000000
346 -323.0000000000
381 -322.0000000000
414 -321.0000000000
420 -320.0000000000
448 -319.0000000000
455 -318.0000000000
485 -317.0000000000
536 -316.0000000000
547 -313.0000000000
581 -312.0000000000
613 -311.0000000000
620 -310.0000000000
621 -309.0000000000
655 -308.0000000000
684 -307.0000000000
686 -305.0000000000
691 -304.0000000000
722 -303.0000000000
779 -302.0000000000
809 -301.0000000000
837 -299.0000000000
854 -298.0000000000
932 -297.0000000000
964 -296.0000000000
973 -295.0000000000
1003 -294.0000000000
1026 -293.0000000000
1054 -292.0000000000
1089 -291.0000000000
1147 -289.0000000000
1181 -287.0000000000
1233 -286.0000000000
1247 -285.0000000000
1290 -284.0000000000
1325 -283.0000000000
1346 -282.0000000000
1394 -281.0000000000
1420 -280.0000000000
1465 -279.0000000000
1510 -278.0000000000
1548 -277.0000000000
1565 -276.0000000000
1598 -275.0000000000
1654 -274.0000000000
1699 -273.0000000000
1721 -272.0000000000
1787 -271.0000000000
1805 -269.0000000000
1806 -268.0000000000
1864 -267.0000000000
1894 -266.0000000000
1938 -265.0000000000
1982 -264.0000000000
1988 -263.0000000000
2011 -262.0000000000
2052 -261.0000000000
2067 -260.0000000000
2100 -259.0000000000
2147 -258.0000000000
2158 -257.0000000000
2178 -256.0000000000
2214 -255.0000000000
2270 -254.0000000000
2303 -253.0000000000
2316 -252.0000000000
2375 -251.0000000000
2420 -250.0000000000
2454 -249.0000000000
2497 -248.0000000000
2514 -247.0000000000
2535 -246.0000000000
2591 -245.0000000000
2602 -244.0000000000
2610 -243.0000000000
2638 -242.0000000000
2716 -241.0000000000
2750 -239.0000000000
2801 -238.0000000000
2855 -237.0000000000
2902 -236.0000000000
2914 -235.0000000000
2963 -234.0000000000
2965 -233.0000000000
2994 -232.0000000000
3068 -231.0000000000
3117 -230.0000000000
3146 -229.0000000000
3226 -228.0000000000
3256 -227.0000000000
3277 -226.0000000000
3318 -225.0000000000
3345 -224.0000000000
3426 -223.0000000000
3487 -222.0000000000
3502 -221.0000000000
3545 -220.0000000000
3581 -219.0000000000
3640 -217.0000000000
3687 -216.0000000000
3726 -215.0000000000
3749 -214.0000000000
3853 -213.0000000000
3892 -212.0000000000
3915 -211.0000000000
3946 -210.0000000000
3979 -209.0000000000
4027 -208.0000000000
4035 -206.0000000000
4101 -205.0000000000
4135 -204.0000000000
4144 -203.0000000000
4188 -202.0000000000
4213 -201.0000000000
4273 -200.0000000000
4293 -199.0000000000
4337 -198.0000000000
4377 -197.0000000000
4395 -196.0000000000
4416 -194.0000000000
4476 -193.0000000000
4528 -192.0000000000
4549 -191.0000000000
4588 -190.0000000000
4612 -189.0000000000
4656 -188.0000000000
4686 -187.0000000000
4710 -186.0000000000
4749 -184.0000000000
4779 -183.0000000000
4851 -182.0000000000
4877 -181.0000000000
4910 -180.0000000000
4954 -179.0000000000
5001 -178.0000000000
5061 -177.0000000000
5092 -176.0000000000
5172 -175.0000000000
5193 -174.0000000000
5267 -173.0000000000
5277 -172.0000000000
5338 -171.0000000000
5374 -169.0000000000
5517 -168.0000000000
5530 -167.0000000000
5584 -166.0000000000
5631 -165.0000000000
5664 -164.0000000000
5721 -163.0000000000
5807 -162.0000000000
5818 -161.0000000000
5892 -160.0000000000
5907 -158.0000000000
5955 -157.0000000000
5963 -156.0000000000
5989 -155.0000000000
6090 -154.0000000000
6157 -153.0000000000
6214 -152.0000000000
6251 -151.0000000000
6266 -150.0000000000
6269 -149.0000000000
6416 -148.0000000000
6475 -147.0000000000
6543 -146.0000000000
6570 -144.0000000000
6604 -143.0000000000
6627 -142.0000000000
6748 -141.0000000000
6820 -140.0000000000
6860 -139.0000000000
6880 -138.0000000000
6905 -137.0000000000
6995 -136.0000000000
6999 -134.0000000000
7134 -133.0000000000
7177 -132.0000000000
7205 -131.0000000000
7291 -130.0000000000
7375 -129.0000000000
7408 -128.0000000000
7526 -127.0000000000
7583 -126.0000000000
7596 -125.0000000000
7651 -124.0000000000
7774 -122.0000000000
7821 -121.0000000000
7900 -120.0000000000
7972 -119.0000000000
8027 -118.0000000000
8082 -117.0000000000
8186 -116.0000000000
8230 -115.0000000000
8306 -114.0000000000
8385 -113.0000000000
8394 -112.0000000000
8395 -111.0000000000
8451 -110.0000000000
8472 -109.0000000000
8529 -108.0000000000
8683 -107.0000000000
8781 -106.0000000000
8784 -105.0000000000
8857 -104.0000000000
8940 -103.0000000000
8973 -102.0000000000
8985 -101.0000000000
9049 -100.0000000000
9091 -99.0000000000
9118 -98.0000000000
9196 -97.0000000000
9231 -95.0000000000
9360 -94.0000000000
9485 -93.0000000000
9530 -92.0000000000
9794 -91.0000000000
9813 -90.0000000000
9855 -89.0000000000
9989 -88.0000000000
10091 -87.0000000000
10170 -86.0000000000
10174 -85.0000000000
10292 -84.0000000000
10319 -83.0000000000
10528 -82.0000000000
10600 -80.0000000000
10827 -79.0000000000
10870 -78.0000000000
10994 -77.0000000000
11081 -76.0000000000
11243 -75.0000000000
11304 -74.0000000000
11383 -73.0000000000
11538 -72.0000000000
11617 -71.0000000000
11623 -70.0000000000
11787 -69.0000000000
11924 -68.0000000000
11964 -67.0000000000
12038 -66.0000000000
12142 -65.0000000000
12329 -64.0000000000
12454 -63.0000000000
12571 -62.0000000000
12753 -61.0000000000
12802 -60.0000000000
13045 -59.0000000000
13315 -58.0000000000
13368 -57.0000000000
13622 -56.0000000000
13629 -55.0000000000
13831 -54.0000000000
13849 -53.0000000000
13906 -52.0000000000
14027 -51.0000000000
14184 -50.0000000000
14206 -49.0000000000
14356 -48.0000000000
14428 -47.0000000000
14514 -46.0000000000
14527 -45.0000000000
14799 -44.0000000000
14910 -43.0000000000
15281 -42.0000000000
15381 -41.0000000000
15454 -40.0000000000
15587 -39.0000000000
15962 -37.0000000000
16205 -36.0000000000
16386 -35.0000000000
16420 -34.0000000000
16629 -33.0000000000
16899 -32.0000000000
16975 -31.0000000000
17446 -30.0000000000
17550 -29.0000000000
17678 -28.0000000000
17969 -27.0000000000
18211 -26.0000000000
18259 -25.0000000000
18271 -24.0000000000
18668 -23.0000000000
18919 -22.0000000000
19322 -21.0000000000
19571 -20.0000000000
19786 -19.0000000000
20137 -18.0000000000
20527 -17.0000000000
20717 -16.0000000000
20763 -15.0000000000
21046 -14.0000000000
21526 -13.0000000000
22098 -12.0000000000
22109 -11.0000000000
22648 -10.0000000000
23185 -9.0000000000
23664 -8.0000000000
24522 -7.0000000000
24789 -6.0000000000
25368 -5.0000000000
26056 -4.0000000000
26429 -3.0000000000
26927 -2.0000000000
27520 -1.0000000000
28481 621.0000000000
28613 638.0000000000
29125 639.0000000000
29304 641.0000000000
29329 647.0000000000
29398 649.0000000000
29565 655.0000000000
31242 660.0000000000
31392 662.0000000000
33995 663.0000000000
34116 668.0000000000
36469 678.0000000000
56952 680.0000000000
58391 690.0000000000
100000 -1.0000000000
evaluations raw_y
1 -358.0000000000
8 -347.0000000000
31 -321.0000000000
159 -319.0000000000
233 -318.0000000000
251 -317.0000000000
269 -316.0000000000
293 -315.0000000000
300 -314.0000000000
353 -313.0000000000
434 -312.0000000000
452 -311.0000000000
467 -310.0000000000
500 -309.0000000000
535 -308.0000000000
567 -307.0000000000
591 -306.0000000000
653 -305.0000000000
663 -304.0000000000
679 -303.0000000000
752 -302.0000000000
765 -301.0000000000
773 -300.0000000000
802 -299.0000000000
836 -296.0000000000
939 -295.0000000000
978 -294.0000000000
988 -293.0000000000
1008 -292.0000000000
1025 -291.0000000000
1050 -290.0000000000
1062 -289.0000000000
1094 -288.0000000000
1111 -287.0000000000
1131 -285.0000000000
1174 -284.0000000000
1227 -283.0000000000
1231 -282.0000000000
1288 -281.0000000000
1318 -280.0000000000
1343 -279.0000000000
1348 -278.0000000000
1402 -277.0000000000
1407 -276.0000000000
1452 -275.0000000000
1468 -274.0000000000
1487 -273.0000000000
1510 -272.0000000000
1587 -271.0000000000
1612 -269.0000000000
1641 -268.0000000000
1664 -267.0000000000
1688 -266.0000000000
1720 -265.0000000000
1794 -264.0000000000
1850 -263.0000000000
1875 -262.0000000000
1927 -261.0000000000
1949 -260.0000000000
2001 -259.0000000000
2025 -258.0000000000
2090 -256.0000000000
2188 -255.0000000000
2210 -254.0000000000
2231 -253.0000000000
2251 -252.0000000000
2303 -251.0000000000
2328 -250.0000000000
2399 -249.0000000000
2429 -248.0000000000
2480 -247.0000000000
2483 -246.0000000000
2497 -245.0000000000
2606 -244.0000000000
2631 -243.0000000000
2639 -242.0000000000
2652 -241.0000000000
2736 -240.0000000000
2748 -239.0000000000
2789 -238.0000000000
2803 -237.0000000000
2850 -236.0000000000
2932 -235.0000000000
2945 -234.0000000000
2965 -233.0000000000
3004 -232.0000000000
3018 -231.0000000000
3047 -230.0000000000
3085 -229.0000000000
3086 -227.0000000000
3114 -224.0000000000
3135 -223.0000000000
3177 -222.0000000000
3232 -221.0000000000
3285 -220.0000000000
3315 -218.0000000000
3330 -217.0000000000
3358 -216.0000000000
3398 -215.0000000000
3432 -214.0000000000
3435 -213.0000000000
3493 -212.0000000000
3545 -211.0000000000
3565 -210.0000000000
3589 -209.0000000000
3608 -208.0000000000
3611 -207.0000000000
3652 -206.0000000000
3723 -205.0000000000
3737 -204.0000000000
3818 -203.0000000000
3834 -202.0000000000
3841 -201.0000000000
3852 -200.0000000000
3871 -199.0000000000
3916 -198.0000000000
3923 -197.0000000000
3968 -196.0000000000
4037 -195.0000000000
4051 -194.0000000000
4079 -193.0000000000
4125 -192.0000000000
4133 -191.0000000000
4164 -190.0000000000
4170 -189.0000000000
4204 -188.0000000000
4278 -187.0000000000
4290 -186.0000000000
4384 -185.0000000000
4469 -184.0000000000
4479 -183.0000000000
4512 -182.0000000000
4550 -180.0000000000
4622 -179.0000000000
4679 -178.0000000000
4739 -177.0000000000
4815 -176.0000000000
4843 -175.0000000000
4904 -173.0000000000
4917 -172.0000000000
4924 -171.0000000000
5074 -169.0000000000
5077 -167.0000000000
5129 -166.0000000000
5192 -165.0000000000
5233 -164.0000000000
5326 -163.0000000000
5399 -162.0000000000
5441 -161.0000000000
5454 -160.0000000000
5474 -159.0000000000
5510 -158.0000000000
5627 -157.0000000000
5666 -156.0000000000
5735 -155.0000000000
5754 -154.0000000000
5788 -153.0000000000
5870 -152.0000000000
5954 -151.0000000000
6006 -150.0000000000
6066 -149.0000000000
6133 -148.0000000000
6176 -147.0000000000
6206 -146.0000000000
6385 -145.0000000000
6439 -144.0000000000
6510 -143.0000000000
6528 -141.0000000000
6572 -140.0000000000
6588 -139.0000000000
6701 -138.0000000000
6765 -137.0000000000
6850 -136.0000000000
6888 -135.0000000000
7073 -134.0000000000
7107 -133.0000000000
7184 -132.0000000000
7207 -131.0000000000
7245 -130.0000000000
7387 -129.0000000000
7409 -128.0000000000
7434 -127.0000000000
7487 -126.0000000000
7538 -125.0000000000
7650 -124.0000000000
7656 -123.0000000000
7859 -122.0000000000
7900 -121.0000000000
8002 -120.0000000000
8014 -119.0000000000
8069 -118.0000000000
8134 -117.0000000000
8189 -116.0000000000
8252 -115.0000000000
8319 -114.0000000000
8481 -113.0000000000
8549 -112.0000000000
8642 -111.0000000000
8647 -110.0000000000
8761 -109.0000000000
8814 -108.0000000000
8894 -107.0000000000
9050 -106.0000000000
9087 -105.0000000000
9118 -104.0000000000
9217 -103.0000000000
9300 -102.0000000000
9464 -101.0000000000
9491 -99.0000000000
9524 -98.0000000000
9641 -97.0000000000
9755 -96.0000000000
9897 -95.0000000000
9958 -94.0000000000
10067 -93.0000000000
10147 -92.0000000000
10198 -91.0000000000
10234 -90.0000000000
10273 -89.0000000000
10280 -88.0000000000
10358 -87.0000000000
10612 -86.0000000000
10667 -85.0000000000
10760 -84.0000000000
10903 -83.0000000000
10972 -82.0000000000
11068 -81.0000000000
11161 -80.0000000000
11173 -79.0000000000
11349 -78.0000000000
11391 -77.0000000000
11467 -76.0000000000
11668 -75.0000000000
11777 -74.0000000000
11805 -73.0000000000
11948 -72.0000000000
11958 -71.0000000000
12102 -70.0000000000
12125 -69.0000000000
12209 -68.0000000000
12290 -67.0000000000
12342 -65.0000000000
12467 -64.0000000000
12621 -63.0000000000
12893 -62.0000000000
12926 -61.0000000000
13103 -60.0000000000
13203 -59.0000000000
13306 -58.0000000000
13439 -57.0000000000
13620 -56.0000000000
13670 -55.0000000000
13816 -54.0000000000
14004 -53.0000000000
14047 -52.0000000000
14225 -51.0000000000
14423 -50.0000000000
14457 -49.0000000000
14757 -48.0000000000
14912 -47.0000000000
15027 -46.0000000000
15126 -45.0000000000
15389 -44.0000000000
15538 -43.0000000000
15578 -42.0000000000
15904 -41.0000000000
16150 -40.0000000000
16252 -39.0000000000
16544 -38.0000000000
16874 -37.0000000000
16986 -36.0000000000
17306 -35.0000000000
17679 -34.0000000000
18041 -33.0000000000
18178 -32.0000000000
18302 -31.0000000000
18404 -30.0000000000
18680 -29.0000000000
19081 -28.0000000000
19275 -27.0000000000
19700 -26.0000000000
20051 -25.0000000000
20256 -24.0000000000
20288 -23.0000000000
20605 -22.0000000000
20819 -21.0000000000
21100 -20.0000000000
21396 -19.0000000000
21697 -18.0000000000
21707 -17.0000000000
22121 -16.0000000000
22319 -15.0000000000
22873 -14.0000000000
22916 -13.0000000000
23395 -12.0000000000
23735 -11.0000000000
24318 -10.0000000000
24943 -9.0000000000
25306 -8.0000000000
26006 -7.0000000000
26765 -6.0000000000
26851 -5.0000000000
27440 -4.0000000000
27840 -3.0000000000
28667 -2.0000000000
29160 -1.0000000000
30431 564.0000000000
30665 596.0000000000
31053 600.0000000000
31271 603.0000000000
31294 611.0000000000
31466 612.0000000000
31557 616.0000000000
31665 627.0000000000
34104 631.0000000000
34326 645.0000000000
36630 648.0000000000
36682 650.0000000000
38009 652.0000000000
38769 653.0000000000
39530 654.0000000000
39916 663.0000000000
41501 672.0000000000
42150 673.0000000000
42213 675.0000000000
42507 679.0000000000
42914 683.0000000000
52497 689.0000000000
99054 690.0000000000
100000 -2.0000000000
evaluations raw_y
1 -352.0000000000
5 -351.0000000000
24 -349.0000000000
27 -347.0000000000
104 -346.0000000000
118 -345.0000000000
132 -344.0000000000
142 -343.0000000000
179 -342.0000000000
182 -341.0000000000
203 -340.0000000000
213 -339.0000000000
245 -338.0000000000
268 -337.0000000000
288 -336.0000000000
295 -335.0000000000
297 -334.0000000000
344 -333.0000000000
380 -332.0000000000
386 -330.0000000000
405 -327.0000000000
443 -326.0000000000
458 -325.0000000000
523 -324.0000000000
539 -323.0000000000
551 -322.0000000000
571 -321.0000000000
606 -320.0000000000
626 -318.0000000000
676 -317.0000000000
691 -316.0000000000
715 -314.0000000000
757 -313.0000000000
779 -312.0000000000
780 -311.0000000000
788 -310.0000000000
848 -308.0000000000
866 -307.0000000000
920 -306.0000000000
926 -305.0000000000
955 -304.0000000000
975 -301.0000000000
1036 -300.0000000000
1072 -299.0000000000
1130 -298.0000000000
1147 -297.0000000000
1183 -295.0000000000
1184 -294.0000000000
1205 -293.0000000000
1250 -292.0000000000
1278 -291.0000000000
1290 -290.0000000000
1336 -289.0000000000
1340 -287.0000000000
1402 -286.0000000000
1423 -285.0000000000
1452 -284.0000000000
1465 -283.0000000000
1496 -282.0000000000
1552 -281.0000000000
1589 -280.0000000000
1617 -279.0000000000
1624 -278.0000000000
1657 -277.0000000000
1691 -276.0000000000
1710 -275.0000000000
1753 -274.0000000000
1798 -273.0000000000
1818 -272.0000000000
1875 -271.0000000000
1893 -270.0000000000
1902 -269.0000000000
1935 -268.0000000000
1981 -267.0000000000
2036 -266.0000000000
2074 -265.0000000000
2132 -264.0000000000
2161 -263.0000000000
2208 -262.0000000000
2225 -261.0000000000
2303 -260.0000000000
2344 -259.0000000000
2357 -258.0000000000
2374 -257.0000000000
2398 -256.0000000000
2454 -254.0000000000
2480 -253.0000000000
2507 -252.0000000000
2518 -251.0000000000
2591 -249.0000000000
2640 -248.0000000000
2684 -247.0000000000
2697 -246.0000000000
2714 -245.0000000000
2727 -244.0000000000
2729 -243.0000000000
2810 -242.0000000000
2823 -241.0000000000
2852 -240.0000000000
2918 -239.0000000000
2920 -238.0000000000
2976 -237.0000000000
2977 -236.0000000000
3009 -235.0000000000
3051 -234.0000000000
3100 -233.0000000000
3132 -232.0000000000
3173 -231.0000000000
3179 -230.0000000000
3241 -229.0000000000
3302 -228.0000000000
3303 -226.0000000000
3364 -224.0000000000
3423 -223.0000000000
3451 -222.0000000000
3499 -221.0000000000
3518 -220.0000000000
3573 -219.0000000000
3642 -218.0000000000
3678 -217.0000000000
3719 -216.0000000000
3726 -215.0000000000
3781 -214.0000000000
3842 -213.0000000000
3868 -212.0000000000
3888 -211.0000000000
3900 -210.0000000000
3943 -209.0000000000
3987 -208.0000000000
3990 -207.0000000000
4033 -206.0000000000
4116 -204.0000000000
4169 -203.0000000000
4216 -202.0000000000
4273 -201.0000000000
4314 -200.0000000000
4337 -199.0000000000
4377 -198.0000000000
4465 -197.0000000000
4508 -196.0000000000
4571 -195.0000000000
4645 -194.0000000000
4661 -193.0000000000
4688 -192.0000000000
4753 -191.0000000000
4826 -190.0000000000
4871 -189.0000000000
4890 -188.0000000000
4942 -187.0000000000
4969 -186.0000000000
5032 -185.0000000000
5108 -184.0000000000
5136 -183.0000000000
5212 -182.0000000000
5220 -181.0000000000
5250 -180.0000000000
5313 -179.0000000000
5333 -178.0000000000
5338 -177.0000000000
5417 -176.0000000000
5517 -175.0000000000
5580 -174.0000000000
5587 -173.0000000000
5638 -171.0000000000
5697 -170.0000000000
5886 -169.0000000000
5903 -168.0000000000
5908 -167.0000000000
6032 -166.0000000000
6118 -165.0000000000
6188 -164.0000000000
6190 -163.0000000000
6261 -161.0000000000
6339 -159.0000000000
6380 -158.0000000000
6494 -157.0000000000
6532 -156.0000000000
6569 -155.0000000000
6617 -154.0000000000
6651 -153.0000000000
6736 -152.0000000000
6792 -151.0000000000
6822 -150.0000000000
6889 -148.0000000000
6993 -147.0000000000
7005 -146.0000000000
7104 -145.0000000000
7127 -144.0000000000
7193 -143.0000000000
7341 -142.0000000000
7407 -141.0000000000
7454 -140.0000000000
7511 -139.0000000000
7542 -138.0000000000
7568 -137.0000000000
7654 -136.0000000000
7779 -135.0000000000
7843 -134.0000000000
7948 -133.0000000000
7998 -132.0000000000
8082 -131.0000000000
8156 -130.0000000000
8209 -129.0000000000
8305 -128.0000000000
8338 -127.0000000000
8350 -126.0000000000
8452 -125.0000000000
8471 -124.0000000000
8533 -123.0000000000
8598 -122.0000000000
8636 -121.0000000000
8764 -120.0000000000
8765 -119.0000000000
8798 -118.0000000000
8931 -117.0000000000
8969 -116.0000000000
9046 -115.0000000000
9093 -114.0000000000
9136 -113.0000000000
9202 -112.0000000000
9331 -111.0000000000
9392 -109.0000000000
9499 -108.0000000000
9608 -107.0000000000
9643 -106.0000000000
9657 -105.0000000000
9672 -104.0000000000
9824 -103.0000000000
9828 -102.0000000000
10007 -101.0000000000
10134 -100.0000000000
10222 -99.0000000000
10336 -98.0000000000
10455 -97.0000000000
10500 -95.0000000000
10501 -94.0000000000
10530 -93.0000000000
10777 -92.0000000000
10778 -91.0000000000
10788 -90.0000000000
10900 -89.0000000000
11051 -88.0000000000
11136 -87.0000000000
11220 -86.0000000000
11291 -85.0000000000
11367 -84.0000000000
11476 -83.0000000000
11553 -82.0000000000
11720 -81.0000000000
11750 -80.0000000000
11839 -79.0000000000
11880 -78.0000000000
11944 -77.0000000000
11963 -76.0000000000
12137 -75.0000000000
12206 -74.0000000000
12404 -73.0000000000
12504 -72.0000000000
12547 -71.0000000000
12747 -70.0000000000
12794 -69.0000000000
12821 -68.0000000000
12921 -67.0000000000
13045 -66.0000000000
13095 -65.0000000000
13184 -64.0000000000
13263 -62.0000000000
13388 -61.0000000000
13403 -60.0000000000
13621 -59.0000000000
13840 -58.0000000000
13864 -57.0000000000
13899 -56.0000000000
14032 -55.0000000000
14168 -54.0000000000
14410 -53.0000000000
14431 -52.0000000000
14601 -51.0000000000
14791 -50.0000000000
14822 -49.0000000000
14828 -48.0000000000
15202 -47.0000000000
15399 -46.0000000000
15617 -45.0000000000
15796 -44.0000000000
15937 -43.0000000000
16024 -42.0000000000
16494 -41.0000000000
16675 -40.0000000000
16979 -39.0000000000
17192 -38.0000000000
17250 -37.0000000000
17585 -36.0000000000
17744 -35.0000000000
17792 -34.0000000000
17944 -33.0000000000
18185 -32.0000000000
18246 -31.0000000000
18626 -30.0000000000
18670 -29.0000000000
18872 -28.0000000000
19011 -27.0000000000
19121 -26.0000000000
19527 -25.0000000000
19674 -24.0000000000
19770 -23.0000000000
20220 -22.0000000000
20517 -21.0000000000
20793 -20.0000000000
20983 -19.0000000000
21355 -18.0000000000
21388 -17.0000000000
21498 -16.0000000000
22155 -15.0000000000
22567 -14.0000000000
22941 -13.0000000000
23134 -12.0000000000
23218 -11.0000000000
23482 -10.0000000000
23696 -9.0000000000
23986 -8.0000000000
23996 -7.0000000000
24385 -6.0000000000
24954 -5.0000000000
25655 -4.0000000000
26199 -3.0000000000
26226 -2.0000000000
26784 -1.0000000000
27983 636.0000000000
28039 637.0000000000
28078 640.0000000000
28844 641.0000000000
29302 642.0000000000
29529 644.0000000000
29651 647.0000000000
30018 652.0000000000
31734 658.0000000000
33767 659.0000000000
34556 662.0000000000
35445 671.0000000000
50529 678.0000000000
63169 680.0000000000
63586 684.0000000000
73448 687.0000000000
90915 689.0000000000
100000 -4.0000000000
evaluations raw_y
1 -379.0000000000
2 -360.0000000000
3 -345.0000000000
109 -344.0000000000
128 -342.0000000000
142 -341.0000000000
150 -340.0000000000
243 -339.0000000000
265 -338.0000000000
270 -337.0000000000
344 -336.0000000000
348 -335.0000000000
358 -334.0000000000
406 -333.0000000000
421 -332.0000000000
426 -331.0000000000
437 -329.0000000000
503 -328.0000000000
508 -327.0000000000
576 -325.0000000000
606 -324.0000000000
636 -323.0000000000
680 -321.0000000000
737 -320.0000000000
744 -319.0000000000
755 -318.0000000000
767 -317.0000000000
807 -316.0000000000
811 -315.0000000000
869 -314.0000000000
904 -313.0000000000
933 -312.0000000000
937 -311.0000000000
999 -310.0000000000
1009 -309.0000000000
1026 -307.0000000000
1057 -306.0000000000
1102 -305.0000000000
1129 -304.0000000000
1133 -303.0000000000
1193 -301.0000000000
1233 -300.0000000000
1298 -299.0000000000
1329 -298.0000000000
1346 -297.0000000000
1384 -296.0000000000
1433 -295.0000000000
1442 -294.0000000000
1490 -293.0000000000
1513 -292.0000000000
1522 -291.0000000000
1556 -290.0000000000
1559 -289.0000000000
1584 -287.0000000000
1628 -286.0000000000
1667 -285.0000000000
1685 -284.0000000000
1717 -283.0000000000
1756 -282.0000000000
1770 -279.0000000000
1844 -278.0000000000
1875 -277.0000000000
1900 -276.0000000000
1952 -275.0000000000
1987 -274.0000000000
2002 -273.0000000000
2022 -272.0000000000
2103 -271.0000000000
2104 -270.0000000000
2143 -269.0000000000
2165 -268.0000000000
2227 -267.0000000000
2236 -265.0000000000
2316 -264.0000000000
2325 -262.0000000000
2339 -261.0000000000
2369 -260.0000000000
2425 -259.0000000000
2463 -258.0000000000
2472 -257.0000000000
2542 -255.0000000000
2596 -254.0000000000
2599 -253.0000000000
2679 -252.0000000000
2711 -251.0000000000
2761 -250.0000000000
2766 -249.0000000000
2802 -248.0000000000
2807 -247.0000000000
2846 -246.0000000000
2907 -245.0000000000
2956 -244.0000000000
3008 -243.0000000000
3040 -242.0000000000
3083 -241.0000000000
3101 -240.0000000000
3164 -239.0000000000
3222 -238.0000000000
3225 -237.0000000000
3244 -236.0000000000
3264 -235.0000000000
3267 -234.0000000000
3317 -233.0000000000
3336 -232.0000000000
3364 -231.0000000000
3436 -230.0000000000
3441 -229.0000000000
3466 -228.0000000000
3489 -227.0000000000
3516 -226.0000000000
3581 -225.0000000000
3606 -224.0000000000
3651 -223.0000000000
3656 -222.0000000000
3700 -221.0000000000
3786 -220.0000000000
3848 -218.0000000000
3888 -217.0000000000
3917 -216.0000000000
3945 -215.0000000000
3949 -214.0000000000
4019 -213.0000000000
4067 -212.0000000000
4081 -211.0000000000
4124 -210.0000000000
4141 -209.0000000000
4212 -208.0000000000
4309 -207.0000000000
4360 -206.0000000000
4361 -205.0000000000
4383 -204.0000000000
4451 -203.0000000000
4479 -202.0000000000
4480 -201.0000000000
4522 -200.0000000000
4537 -199.0000000000
4540 -198.0000000000
4542 -197.0000000000
4596 -196.0000000000
4653 -195.0000000000
4684 -194.0000000000
4698 -193.0000000000
4728 -192.0000000000
4759 -191.0000000000
4814 -189.0000000000
4874 -188.0000000000
4890 -187.0000000000
4920 -186.0000000000
4986 -185.0000000000
5025 -184.0000000000
5050 -183.0000000000
5071 -182.0000000000
5111 -181.0000000000
5128 -180.0000000000
5245 -179.0000000000
5272 -178.0000000000
5314 -177.0000000000
5328 -176.0000000000
5415 -175.0000000000
5444 -174.0000000000
5490 -173.0000000000
5575 -172.0000000000
5590 -171.0000000000
5618 -170.0000000000
5650 -169.0000000000
5749 -168.0000000000
5842 -167.0000000000
5856 -166.0000000000
5918 -165.0000000000
5976 -164.0000000000
6009 -163.0000000000
6016 -162.0000000000
6051 -161.0000000000
6179 -160.0000000000
6212 -159.0000000000
6262 -158.0000000000
6295 -157.0000000000
6317 -156.0000000000
6413 -155.0000000000
6450 -154.0000000000
6474 -153.0000000000
6513 -152.0000000000
6561 -151.0000000000
6618 -150.0000000000
6646 -149.0000000000
6660 -148.0000000000
6672 -147.0000000000
6686 -145.0000000000
6750 -144.0000000000
6804 -143.0000000000
6814 -141.0000000000
6904 -140.0000000000
6988 -139.0000000000
7021 -138.0000000000
7060 -137.0000000000
7087 -136.0000000000
7174 -135.0000000000
7209 -134.0000000000
7290 -133.0000000000
7343 -132.0000000000
7401 -130.0000000000
7428 -129.0000000000
7477 -128.0000000000
7605 -127.0000000000
7628 -126.0000000000
7659 -124.0000000000
7849 -123.0000000000
7883 -122.0000000000
7912 -121.0000000000
8055 -120.0000000000
8071 -119.0000000000
8125 -118.0000000000
8267 -117.0000000000
8350 -116.0000000000
8396 -115.0000000000
8443 -114.0000000000
8487 -113.0000000000
8537 -112.0000000000
8562 -111.0000000000
8603 -110.0000000000
8754 -109.0000000000
8808 -107.0000000000
9060 -106.0000000000
9134 -105.0000000000
9202 -104.0000000000
9300 -103.0000000000
9395 -102.0000000000
9401 -101.0000000000
9440 -100.0000000000
9610 -99.0000000000
9649 -98.0000000000
9730 -97.0000000000
9769 -96.0000000000
9895 -95.0000000000
9939 -94.0000000000
10059 -93.0000000000
10068 -92.0000000000
10074 -91.0000000000
10197 -90.0000000000
10218 -89.0000000000
10391 -88.0000000000
10494 -87.0000000000
10714 -86.0000000000
10805 -85.0000000000
10896 -84.0000000000
11072 -83.0000000000
11132 -82.0000000000
11220 -81.0000000000
11281 -80.0000000000
11284 -79.0000000000
11433 -78.0000000000
11511 -77.0000000000
11707 -76.0000000000
11882 -75.0000000000
11907 -74.0000000000
11989 -73.0000000000
12171 -72.0000000000
12200 -71.0000000000
12211 -70.0000000000
12338 -69.0000000000
12530 -68.0000000000
12584 -67.0000000000
12692 -66.0000000000
12769 -65.0000000000
12843 -64.0000000000
12873 -63.0000000000
13087 -62.0000000000
13142 -61.0000000000
13393 -60.0000000000
13509 -59.0000000000
13594 -58.0000000000
13936 -57.0000000000
14033 -56.0000000000
14368 -55.0000000000
14521 -54.0000000000
14659 -53.0000000000
14864 -52.0000000000
14901 -51.0000000000
14912 -50.0000000000
15269 -49.0000000000
15339 -48.0000000000
15738 -47.0000000000
15779 -46.0000000000
16062 -45.0000000000
16104 -44.0000000000
16135 -43.0000000000
16182 -42.0000000000
16239 -41.0000000000
16496 -40.0000000000
16821 -39.0000000000
16875 -37.0000000000
16947 -36.0000000000
17193 -35.0000000000
17522 -34.0000000000
17562 -33.0000000000
17634 -32.0000000000
18096 -31.0000000000
18139 -30.0000000000
18391 -29.0000000000
18593 -28.0000000000
19001 -27.0000000000
19290 -26.0000000000
19730 -25.0000000000
19924 -24.0000000000
20211 -23.0000000000
20743 -22.0000000000
21053 -21.0000000000
21268 -20.0000000000
21584 -19.0000000000
21921 -18.0000000000
22072 -17.0000000000
22139 -16.0000000000
22428 -15.0000000000
22653 -14.0000000000
22775 -13.0000000000
23209 -12.0000000000
23786 -11.0000000000
24155 -10.0000000000
24676 -9.0000000000
25093 -8.0000000000
25564 -7.0000000000
25791 -6.0000000000
26282 -5.0000000000
27051 -4.0000000000
27524 -3.0000000000
27554 -2.0000000000
28106 -1.0000000000
29131 635.0000000000
30371 640.0000000000
31540 641.0000000000
32152 646.0000000000
33095 649.0000000000
34728 661.0000000000
34770 663.0000000000
35061 672.0000000000
35544 676.0000000000
38232 677.0000000000
43083 680.0000000000
43639 682.0000000000
44833 685.0000000000
52385 686.0000000000
78276 691.0000000000
100000 -1.0000000000
evaluations raw_y
1 -372.0000000000
2 -370.0000000000
4 -363.0000000000
6 -361.0000000000
7 -349.0000000000
8 -339.0000000000
115 -338.0000000000
222 -337.0000000000
269 -336.0000000000
293 -335.0000000000
311 -334.0000000000
335 -333.0000000000
338 -331.0000000000
371 -330.0000000000
429 -329.0000000000
450 -328.0000000000
468 -327.0000000000
486 -326.0000000000
507 -325.0000000000
542 -324.0000000000
558 -323.0000000000
612 -322.0000000000
658 -321.0000000000
663 -320.0000000000
734 -319.0000000000
761 -318.0000000000
764 -317.0000000000
810 -316.0000000000
828 -315.0000000000
876 -312.0000000000
882 -310.0000000000
904 -309.0000000000
905 -308.0000000000
937 -307.0000000000
943 -306.0000000000
1007 -305.0000000000
1019 -303.0000000000
1044 -301.0000000000
1133 -299.0000000000
1160 -298.0000000000
1170 -296.0000000000
1227 -295.0000000000
1239 -294.0000000000
1249 -293.0000000000
1255 -290.0000000000
1334 -289.0000000000
1383 -288.0000000000
1408 -287.0000000000
1409 -286.0000000000
1434 -285.0000000000
1478 -284.0000000000
1520 -283.0000000000
1522 -282.0000000000
1575 -281.0000000000
1597 -280.0000000000
1603 -279.0000000000
1627 -278.0000000000
1648 -277.0000000000
1665 -276.0000000000
1695 -275.0000000000
1726 -274.0000000000
1748 -273.0000000000
1787 -272.0000000000
1792 -271.0000000000
1842 -270.0000000000
1858 -269.0000000000
1926 -268.0000000000
1927 -267.0000000000
1928 -266.0000000000
1971 -265.0000000000
1982 -263.0000000000
1985 -262.0000000000
2022 -261.0000000000
2074 -260.0000000000
2136 -259.0000000000
2195 -258.0000000000
2210 -257.0000000000
2233 -256.0000000000
2258 -255.0000000000
2281 -254.0000000000
2319 -253.0000000000
2343 -252.0000000000
2345 -251.0000000000
2350 -250.0000000000
2361 -249.0000000000
2409 -248.0000000000
2449 -247.0000000000
2509 -244.0000000000
2559 -243.0000000000
2570 -242.0000000000
2630 -241.0000000000
2651 -240.0000000000
2711 -239.0000000000
2725 -238.0000000000
2757 -237.0000000000
2784 -236.0000000000
2815 -235.0000000000
2867 -234.0000000000
2913 -233.0000000000
2937 -232.0000000000
3016 -230.0000000000
3017 -229.0000000000
3065 -227.0000000000
3176 -226.0000000000
3202 -225.0000000000
3240 -224.0000000000
3270 -223.0000000000
3293 -222.0000000000
3318 -220.0000000000
3368 -219.0000000000
3453 -218.0000000000
3488 -217.0000000000
3507 -216.0000000000
3579 -215.0000000000
3596 -214.0000000000
3645 -213.0000000000
3673 -212.0000000000
3710 -211.0000000000
3743 -210.0000000000
3781 -209.0000000000
3794 -208.0000000000
3802 -204.0000000000
3826 -203.0000000000
3831 -201.0000000000
3886 -200.0000000000
3921 -199.0000000000
3945 -198.0000000000
3979 -197.0000000000
4025 -196.0000000000
4058 -195.0000000000
4107 -194.0000000000
4149 -193.0000000000
4185 -192.0000000000
4249 -191.0000000000
4296 -190.0000000000
4344 -189.0000000000
4369 -188.0000000000
4423 -187.0000000000
4472 -186.0000000000
4543 -185.0000000000
4575 -184.0000000000
4638 -183.0000000000
4718 -182.0000000000
4740 -181.0000000000
4744 -180.0000000000
4806 -179.0000000000
4839 -178.0000000000
4887 -177.0000000000
4921 -176.0000000000
4929 -175.0000000000
4951 -174.0000000000
5005 -173.0000000000
5061 -172.0000000000
5103 -171.0000000000
5149 -170.0000000000
5185 -169.0000000000
5300 -168.0000000000
5330 -167.0000000000
5346 -166.0000000000
5384 -165.0000000000
5402 -164.0000000000
5470 -163.0000000000
5532 -162.0000000000
5566 -161.0000000000
5586 -160.0000000000
5632 -159.0000000000
5664 -158.0000000000
5708 -157.0000000000
5724 -156.0000000000
5784 -155.0000000000
5795 -154.0000000000
5846 -153.0000000000
5931 -152.0000000000
6017 -149.0000000000
6111 -148.0000000000
6155 -147.0000000000
6198 -146.0000000000
6240 -145.0000000000
6343 -144.0000000000
6423 -143.0000000000
6525 -142.0000000000
6618 -141.0000000000
6677 -140.0000000000
6718 -139.0000000000
6752 -138.0000000000
6791 -137.0000000000
6913 -136.0000000000
6998 -135.0000000000
7032 -134.0000000000
7035 -133.0000000000
7097 -132.0000000000
7170 -131.0000000000
7214 -130.0000000000
7308 -129.0000000000
7373 -128.0000000000
7458 -127.0000000000
7533 -126.0000000000
7577 -125.0000000000
7634 -124.0000000000
7723 -123.0000000000
7849 -122.0000000000
7916 -121.0000000000
7979 -120.0000000000
8112 -119.0000000000
8173 -118.0000000000
8244 -117.0000000000
8246 -116.0000000000
8356 -115.0000000000
8364 -114.0000000000
8438 -113.0000000000
8607 -112.0000000000
8633 -111.0000000000
8680 -110.0000000000
8708 -109.0000000000
8753 -108.0000000000
8832 -107.0000000000
8893 -106.0000000000
9028 -105.0000000000
9118 -104.0000000000
9155 -103.0000000000
9174 -102.0000000000
9267 -101.0000000000
9391 -100.0000000000
9406 -99.0000000000
9447 -98.0000000000
9553 -97.0000000000
9581 -96.0000000000
9655 -95.0000000000
9704 -94.0000000000
9743 -93.0000000000
9930 -92.0000000000
10017 -91.0000000000
10139 -90.0000000000
10385 -89.0000000000
10485 -88.0000000000
10542 -87.0000000000
10698 -86.0000000000
10767 -85.0000000000
10773 -84.0000000000
10792 -83.0000000000
10998 -82.0000000000
11203 -81.0000000000
11337 -80.0000000000
11494 -79.0000000000
11680 -78.0000000000
11703 -77.0000000000
11711 -76.0000000000
11721 -75.0000000000
11900 -74.0000000000
11912 -73.0000000000
11927 -72.0000000000
11953 -71.0000000000
12083 -70.0000000000
12094 -69.0000000000
12216 -68.0000000000
12392 -67.0000000000
12488 -66.0000000000
12631 -65.0000000000
12705 -64.0000000000
12824 -63.0000000000
12977 -62.0000000000
13134 -61.0000000000
13280 -60.0000000000
13361 -59.0000000000
13488 -58.0000000000
13695 -57.0000000000
13858 -56.0000000000
13992 -55.0000000000
14059 -54.0000000000
14084 -53.0000000000
14405 -52.0000000000
14508 -51.0000000000
14665 -50.0000000000
14955 -49.0000000000
15038 -48.0000000000
15195 -47.0000000000
15313 -46.0000000000
15493 -45.0000000000
15639 -44.0000000000
15776 -43.0000000000
15927 -42.0000000000
16142 -41.0000000000
16190 -40.0000000000
16350 -39.0000000000
16397 -38.0000000000
16689 -37.0000000000
16903 -36.0000000000
16904 -35.0000000000
16964 -34.0000000000
17028 -33.0000000000
17265 -32.0000000000
17686 -31.0000000000
17766 -30.0000000000
17918 -29.0000000000
18062 -28.0000000000
18413 -27.0000000000
18661 -26.0000000000
19106 -25.0000000000
19435 -24.0000000000
19669 -23.0000000000
20137 -22.0000000000
20169 -21.0000000000
20564 -20.0000000000
20833 -19.0000000000
21681 -18.0000000000
21859 -17.0000000000
22207 -16.0000000000
22595 -15.0000000000
22945 -14.0000000000
23444 -13.0000000000
23920 -12.0000000000
24374 -11.0000000000
24384 -10.0000000000
24783 -9.0000000000
24895 -8.0000000000
25373 -7.0000000000
25657 -6.0000000000
26218 -5.0000000000
27117 -4.0000000000
27813 -3.0000000000
28727 -2.0000000000
29672 -1.0000000000
30457 624.0000000000
30632 625.0000000000
30683 633.0000000000
30842 639.0000000000
30871 640.0000000000
31510 641.0000000000
32671 650.0000000000
33194 661.0000000000
34785 672.0000000000
35255 673.0000000000
35463 678.0000000000
100000 -1.0000000000
evaluations raw_y
1 -384.0000000000
2 -349.0000000000
13 -348.0000000000
26 -339.0000000000
50 -336.0000000000
81 -335.0000000000
88 -334.0000000000
116 -333.0000000000
135 -332.0000000000
143 -331.0000000000
178 -330.0000000000
203 -329.0000000000
210 -328.0000000000
242 -327.0000000000
271 -326.0000000000
305 -324.0000000000
367 -322.0000000000
399 -321.0000000000
441 -320.0000000000
472 -319.0000000000
489 -318.0000000000
514 -316.0000000000
543 -315.0000000000
565 -314.0000000000
579 -313.0000000000
605 -312.0000000000
644 -311.0000000000
664 -310.0000000000
677 -309.0000000000
694 -308.0000000000
734 -307.0000000000
755 -306.0000000000
776 -305.0000000000
798 -304.0000000000
803 -303.0000000000
804 -302.0000000000
890 -301.0000000000
905 -300.0000000000
936 -299.0000000000
990 -297.0000000000
1004 -296.0000000000
1010 -295.0000000000
1051 -294.0000000000
1069 -293.0000000000
1084 -292.0000000000
1142 -291.0000000000
1155 -290.0000000000
1165 -289.0000000000
1179 -288.0000000000
1187 -287.0000000000
1267 -285.0000000000
1290 -284.0000000000
1349 -283.0000000000
1350 -282.0000000000
1412 -281.0000000000
1433 -279.0000000000
1464 -278.0000000000
1482 -277.0000000000
1515 -276.0000000000
1521 -274.0000000000
1599 -273.0000000000
1617 -272.0000000000
1653 -271.0000000000
1665 -270.0000000000
1691 -269.0000000000
1692 -268.0000000000
1744 -267.0000000000
1764 -266.0000000000
1780 -265.0000000000
1821 -264.0000000000
1887 -263.0000000000
1917 -262.0000000000
1949 -261.0000000000
1960 -260.0000000000
1997 -259.0000000000
2028 -258.0000000000
2029 -257.0000000000
2065 -256.0000000000
2074 -255.0000000000
2118 -254.0000000000
2127 -253.0000000000
2143 -252.0000000000
2177 -251.0000000000
2245 -250.0000000000
2256 -249.0000000000
2309 -248.0000000000
2315 -247.0000000000
2335 -246.0000000000
2356 -245.0000000000
2373 -244.0000000000
2455 -243.0000000000
2463 -242.0000000000
2527 -241.0000000000
2547 -240.0000000000
2571 -239.0000000000
2586 -237.0000000000
2673 -236.0000000000
2703 -235.0000000000
2777 -234.0000000000
2807 -233.0000000000
2848 -232.0000000000
2863 -230.0000000000
2925 -229.0000000000
2976 -227.0000000000
3024 -226.0000000000
3045 -225.0000000000
3098 -224.0000000000
3163 -223.0000000000
3204 -222.0000000000
3231 -221.0000000000
3328 -220.0000000000
3333 -216.0000000000
3387 -215.0000000000
3433 -214.0000000000
3520 -213.0000000000
3521 -212.0000000000
3547 -211.0000000000
3613 -210.0000000000
3617 -209.0000000000
3647 -208.0000000000
3693 -207.0000000000
3733 -206.0000000000
3750 -205.0000000000
3789 -204.0000000000
3798 -203.0000000000
3863 -202.0000000000
3913 -201.0000000000
3964 -200.0000000000
4000 -199.0000000000
4033 -197.0000000000
4120 -196.0000000000
4176 -195.0000000000
4216 -194.0000000000
4274 -193.0000000000
4315 -192.0000000000
4335 -191.0000000000
4353 -190.0000000000
4360 -189.0000000000
4362 -188.0000000000
4482 -187.0000000000
4499 -186.0000000000
4545 -185.0000000000
4581 -184.0000000000
4612 -183.0000000000
4644 -182.0000000000
4700 -181.0000000000
4714 -180.0000000000
4742 -179.0000000000
4773 -178.0000000000
4848 -177.0000000000
4849 -176.0000000000
4856 -175.0000000000
4908 -174.0000000000
4982 -173.0000000000
5038 -171.0000000000
5056 -170.0000000000
5107 -169.0000000000
5150 -168.0000000000
5248 -167.0000000000
5264 -166.0000000000
5288 -165.0000000000
5351 -164.0000000000
5389 -163.0000000000
5399 -162.0000000000
5462 -161.0000000000
5519 -160.0000000000
5599 -159.0000000000
5658 -158.0000000000
5667 -157.0000000000
5727 -156.0000000000
5761 -155.0000000000
5843 -154.0000000000
5926 -153.0000000000
5936 -152.0000000000
5958 -151.0000000000
6063 -150.0000000000
6103 -149.0000000000
6163 -148.0000000000
6198 -147.0000000000
6223 -146.0000000000
6361 -145.0000000000
6387 -144.0000000000
6425 -143.0000000000
6512 -142.0000000000
6630 -141.0000000000
6682 -140.0000000000
6688 -139.0000000000
6691 -138.0000000000
6699 -137.0000000000
6747 -136.0000000000
6809 -135.0000000000
6823 -134.0000000000
6915 -133.0000000000
7022 -132.0000000000
7086 -131.0000000000
7178 -130.0000000000
7246 -129.0000000000
7248 -128.0000000000
7276 -127.0000000000
7381 -126.0000000000
7471 -125.0000000000
7615 -124.0000000000
7671 -123.0000000000
7738 -122.0000000000
7786 -121.0000000000
7828 -120.0000000000
7932 -119.0000000000
8114 -118.0000000000
8118 -117.0000000000
8229 -116.0000000000
8294 -115.0000000000
8387 -114.0000000000
8461 -113.0000000000
8546 -112.0000000000
8551 -111.0000000000
8618 -110.0000000000
8765 -109.0000000000
8815 -108.0000000000
8820 -107.0000000000
8978 -106.0000000000
9105 -104.0000000000
9201 -103.0000000000
9296 -102.0000000000
9468 -101.0000000000
9572 -100.0000000000
9639 -99.0000000000
9744 -98.0000000000
9856 -97.0000000000
9989 -96.0000000000
10000 -95.0000000000
10256 -94.0000000000
10280 -93.0000000000
10347 -92.0000000000
10526 -91.0000000000
10575 -90.0000000000
10662 -89.0000000000
10690 -88.0000000000
10837 -87.0000000000
11035 -86.0000000000
11127 -85.0000000000
11217 -84.0000000000
11414 -83.0000000000
11439 -82.0000000000
11519 -81.0000000000
11589 -80.0000000000
11746 -79.0000000000
11982 -78.0000000000
12050 -77.0000000000
12196 -76.0000000000
12330 -75.0000000000
12558 -74.0000000000
12697 -73.0000000000
12763 -72.0000000000
12807 -71.0000000000
12999 -70.0000000000
13065 -69.0000000000
13091 -68.0000000000
13307 -67.0000000000
13454 -66.0000000000
13497 -65.0000000000
13716 -64.0000000000
13929 -63.0000000000
14157 -62.0000000000
14246 -61.0000000000
14300 -60.0000000000
14384 -59.0000000000
14530 -58.0000000000
14715 -57.0000000000
14912 -56.0000000000
14926 -55.0000000000
15281 -54.0000000000
15382 -53.0000000000
15509 -52.0000000000
15562 -51.0000000000
15579 -50.0000000000
15793 -49.0000000000
15863 -48.0000000000
15902 -47.0000000000
16087 -46.0000000000
16215 -45.0000000000
16243 -44.0000000000
16320 -43.0000000000
16388 -42.0000000000
16435 -41.0000000000
16620 -40.0000000000
16706 -39.0000000000
17137 -38.0000000000
17225 -36.0000000000
17538 -35.0000000000
17613 -34.0000000000
17989 -33.0000000000
18215 -32.0000000000
18563 -31.0000000000
18944 -30.0000000000
19199 -29.0000000000
19517 -28.0000000000
19796 -27.0000000000
20111 -26.0000000000
20390 -25.0000000000
20531 -24.0000000000
20794 -23.0000000000
21024 -22.0000000000
21374 -21.0000000000
21381 -20.0000000000
21766 -19.0000000000
22185 -18.0000000000
22418 -17.0000000000
22662 -16.0000000000
23002 -15.0000000000
23440 -14.0000000000
23708 -13.0000000000
23933 -12.0000000000
24125 -11.0000000000
24177 -10.0000000000
24717 -9.0000000000
24964 -8.0000000000
25265 -7.0000000000
25517 -6.0000000000
26458 -5.0000000000
27472 -4.0000000000
27587 -3.0000000000
27922 -2.0000000000
28159 -1.0000000000
28704 620.0000000000
29170 621.0000000000
29232 624.0000000000
29763 629.0000000000
29869 630.0000000000
30795 642.0000000000
31938 645.0000000000
31948 646.0000000000
32310 650.0000000000
37148 653.0000000000
41936 660.0000000000
48004 666.0000000000
48100 671.0000000000
49986 677.0000000000
52955 680.0000000000
58361 685.0000000000
66206 686.0000000000
98730 693.0000000000
100000 -1.0000000000
evaluations raw_y
1 -372.0000000000
5 -357.0000000000
6 -352.0000000000
19 -350.0000000000
25 -346.0000000000
28 -342.0000000000
59 -340.0000000000
61 -339.0000000000
86 -338.0000000000
123 -337.0000000000
131 -336.0000000000
162 -335.0000000000
173 -334.0000000000
197 -333.0000000000
206 -332.0000000000
234 -331.0000000000
241 -330.0000000000
253 -326.0000000000
272 -325.0000000000
282 -324.0000000000
327 -323.0000000000
330 -322.0000000000
341 -321.0000000000
375 -320.0000000000
414 -319.0000000000
424 -318.0000000000
494 -317.0000000000
503 -316.0000000000
504 -315.0000000000
528 -313.0000000000
604 -312.0000000000
623 -311.0000000000
628 -310.0000000000
661 -309.0000000000
665 -308.0000000000
709 -307.0000000000
743 -306.0000000000
770 -305.0000000000
803 -304.0000000000
831 -303.0000000000
838 -302.0000000000
859 -301.0000000000
888 -299.0000000000
897 -298.0000000000
941 -296.0000000000
952 -295.0000000000
992 -294.0000000000
1008 -293.0000000000
1048 -292.0000000000
1069 -290.0000000000
1091 -289.0000000000
1128 -288.0000000000
1201 -287.0000000000
1217 -286.0000000000
1232 -284.0000000000
1253 -282.0000000000
1349 -281.0000000000
1374 -280.0000000000
1430 -279.0000000000
1437 -278.0000000000
1455 -277.0000000000
1471 -276.0000000000
1537 -275.0000000000
1558 -274.0000000000
1622 -273.0000000000
1650 -272.0000000000
1660 -271.0000000000
1661 -270.0000000000
1698 -269.0000000000
1732 -268.0000000000
1796 -267.0000000000
1820 -266.0000000000
1825 -265.0000000000
1902 -264.0000000000
1931 -262.0000000000
1963 -261.0000000000
1993 -260.0000000000
2049 -259.0000000000
2076 -258.0000000000
2116 -257.0000000000
2120 -256.0000000000
2135 -255.0000000000
2192 -254.0000000000
2194 -253.0000000000
2261 -252.0000000000
2280 -251.0000000000
2322 -250.0000000000
2350 -248.0000000000
2435 -247.0000000000
2440 -246.0000000000
2491 -245.0000000000
2495 -244.0000000000
2552 -243.0000000000
2594 -242.0000000000
2619 -241.0000000000
2651 -238.0000000000
2655 -237.0000000000
2795 -235.0000000000
2843 -234.0000000000
2847 -232.0000000000
2886 -231.0000000000
2925 -230.0000000000
2991 -228.0000000000
3066 -227.0000000000
3090 -226.0000000000
3125 -225.0000000000
3174 -224.0000000000
3198 -223.0000000000
3250 -222.0000000000
3257 -221.0000000000
3278 -220.0000000000
3347 -219.0000000000
3362 -218.0000000000
3364 -216.0000000000
3511 -215.0000000000
3528 -214.0000000000
3569 -213.0000000000
3577 -212.0000000000
3634 -211.0000000000
3683 -210.0000000000
3714 -209.0000000000
3724 -208.0000000000
3725 -207.0000000000
3749 -206.0000000000
3782 -205.0000000000
3885 -203.0000000000
3910 -202.0000000000
3969 -201.0000000000
4005 -200.0000000000
4068 -198.0000000000
4152 -197.0000000000
4179 -196.0000000000
4227 -195.0000000000
4251 -194.0000000000
4265 -193.0000000000
4315 -192.0000000000
4325 -191.0000000000
4486 -190.0000000000
4501 -189.0000000000
4537 -188.0000000000
4556 -187.0000000000
4566 -186.0000000000
4580 -185.0000000000
4591 -184.0000000000
4659 -183.0000000000
4682 -182.0000000000
4714 -181.0000000000
4720 -180.0000000000
4801 -179.0000000000
4839 -178.0000000000
4879 -176.0000000000
4916 -175.0000000000
4976 -174.0000000000
5037 -173.0000000000
5109 -172.0000000000
5212 -171.0000000000
5249 -170.0000000000
5342 -169.0000000000
5353 -168.0000000000
5365 -167.0000000000
5450 -166.0000000000
5503 -165.0000000000
5527 -164.0000000000
5557 -163.0000000000
5648 -162.0000000000
5649 -161.0000000000
5693 -159.0000000000
5878 -158.0000000000
5896 -157.0000000000
5951 -156.0000000000
6023 -153.0000000000
6088 -152.0000000000
6110 -151.0000000000
6154 -150.0000000000
6191 -149.0000000000
6219 -148.0000000000
6287 -147.0000000000
6306 -146.0000000000
6420 -145.0000000000
6428 -144.0000000000
6486 -143.0000000000
6516 -142.0000000000
6568 -141.0000000000
6589 -140.0000000000
6709 -139.0000000000
6757 -138.0000000000
6791 -137.0000000000
6842 -136.0000000000
6891 -135.0000000000
6920 -134.0000000000
7009 -133.0000000000
7118 -131.0000000000
7204 -129.0000000000
7300 -128.0000000000
7395 -127.0000000000
7481 -125.0000000000
7650 -124.0000000000
7721 -123.0000000000
7761 -122.0000000000
7836 -121.0000000000
7859 -120.0000000000
7950 -119.0000000000
8030 -118.0000000000
8082 -117.0000000000
8233 -116.0000000000
8253 -115.0000000000
8267 -114.0000000000
8365 -113.0000000000
8478 -112.0000000000
8581 -111.0000000000
8660 -110.0000000000
8677 -109.0000000000
8800 -108.0000000000
8882 -107.0000000000
8962 -106.0000000000
9041 -105.0000000000
9070 -104.0000000000
9151 -103.0000000000
9261 -102.0000000000
9328 -101.0000000000
9403 -100.0000000000
9524 -99.0000000000
9533 -98.0000000000
9631 -97.0000000000
9825 -96.0000000000
9949 -95.0000000000
10037 -94.0000000000
10091 -93.0000000000
10263 -92.0000000000
10404 -91.0000000000
10450 -90.0000000000
10571 -89.0000000000
10604 -88.0000000000
10691 -87.0000000000
10789 -86.0000000000
10859 -85.0000000000
10948 -84.0000000000
11042 -83.0000000000
11081 -82.0000000000
11096 -81.0000000000
11307 -80.0000000000
11347 -79.0000000000
11447 -78.0000000000
11460 -77.0000000000
11566 -76.0000000000
11604 -75.0000000000
11742 -74.0000000000
11789 -73.0000000000
11852 -72.0000000000
11873 -71.0000000000
11963 -70.0000000000
12016 -69.0000000000
12167 -68.0000000000
12188 -67.0000000000
12263 -66.0000000000
12289 -65.0000000000
12522 -64.0000000000
12595 -63.0000000000
12714 -62.0000000000
12722 -61.0000000000
12850 -60.0000000000
12919 -59.0000000000
13128 -58.0000000000
13133 -57.0000000000
13198 -56.0000000000
13373 -55.0000000000
13417 -54.0000000000
13771 -53.0000000000
13922 -52.0000000000
13957 -51.0000000000
14173 -50.0000000000
14486 -49.0000000000
14643 -48.0000000000
14751 -47.0000000000
14916 -46.0000000000
15098 -45.0000000000
15178 -44.0000000000
15469 -43.0000000000
15580 -42.0000000000
15655 -41.0000000000
15761 -40.0000000000
15911 -39.0000000000
15984 -38.0000000000
16152 -37.0000000000
16305 -36.0000000000
16453 -35.0000000000
16491 -34.0000000000
16707 -33.0000000000
17017 -32.0000000000
17033 -31.0000000000
17330 -30.0000000000
17383 -29.0000000000
17613 -28.0000000000
17715 -27.0000000000
18081 -26.0000000000
18403 -25.0000000000
18432 -24.0000000000
18755 -23.0000000000
19025 -22.0000000000
19296 -21.0000000000
19361 -20.0000000000
19371 -19.0000000000
19729 -18.0000000000
20005 -17.0000000000
20775 -16.0000000000
21120 -15.0000000000
21255 -14.0000000000
21631 -13.0000000000
22085 -12.0000000000
22277 -11.0000000000
22669 -10.0000000000
22857 -9.0000000000
23342 -8.0000000000
23801 -7.0000000000
24417 -6.0000000000
24602 -5.0000000000
25139 -4.0000000000
25462 -3.0000000000
26221 -2.0000000000
26570 -1.0000000000
27119 579.0000000000
27169 602.0000000000
27442 605.0000000000
28128 606.0000000000
28144 616.0000000000
28260 618.0000000000
28400 632.0000000000
29597 639.0000000000
29694 640.0000000000
29746 641.0000000000
29767 642.0000000000
29810 645.0000000000
31165 648.0000000000
33337 655.0000000000
35122 666.0000000000
37482 671.0000000000
38769 676.0000000000
50830 679.0000000000
50902 680.0000000000
100000 -1.0000000000
evaluations raw_y
1 -376.0000000000
3 -368.0000000000
6 -345.0000000000
12 -344.0000000000
30 -341.0000000000
33 -337.0000000000
104 -336.0000000000
126 -335.0000000000
132 -334.0000000000
139 -333.0000000000
195 -332.0000000000
214 -331.0000000000
226 -330.0000000000
267 -329.0000000000
291 -328.0000000000
311 -327.0000000000
327 -326.0000000000
348 -325.0000000000
375 -324.0000000000
394 -323.0000000000
420 -322.0000000000
465 -321.0000000000
469 -320.0000000000
510 -319.0000000000
512 -318.0000000000
543 -317.0000000000
578 -316.0000000000
593 -315.0000000000
610 -312.0000000000
624 -309.0000000000
631 -308.0000000000
670 -306.0000000000
682 -305.0000000000
705 -304.0000000000
718 -303.0000000000
771 -302.0000000000
786 -300.0000000000
796 -299.0000000000
841 -298.0000000000
898 -297.0000000000
917 -296.0000000000
945 -295.0000000000
946 -294.0000000000
1010 -293.0000000000
1034 -292.0000000000
1095 -291.0000000000
1100 -290.0000000000
1175 -289.0000000000
1213 -288.0000000000
1221 -287.0000000000
1242 -285.0000000000
1261 -284.0000000000
1264 -283.0000000000
1310 -282.0000000000
1360 -281.0000000000
1417 -280.0000000000
1428 -279.0000000000
1467 -278.0000000000
1479 -277.0000000000
1554 -276.0000000000
1576 -275.0000000000
1590 -274.0000000000
1629 -273.0000000000
1691 -271.0000000000
1693 -270.0000000000
1745 -269.0000000000
1764 -267.0000000000
1797 -266.0000000000
1859 -265.0000000000
1886 -264.0000000000
1896 -263.0000000000
1944 -262.0000000000
1952 -261.0000000000
1985 -260.0000000000
2018 -259.0000000000
2036 -258.0000000000
2073 -257.0000000000
2128 -256.0000000000
2152 -255.0000000000
2190 -254.0000000000
2252 -253.0000000000
2260 -252.0000000000
2312 -251.0000000000
2346 -250.0000000000
2375 -249.0000000000
2397 -248.0000000000
2405 -247.0000000000
2430 -246.0000000000
2489 -245.0000000000
2498 -244.0000000000
2517 -243.0000000000
2547 -242.0000000000
2598 -241.0000000000
2637 -239.0000000000
2685 -238.0000000000
2699 -237.0000000000
2741 -236.0000000000
2802 -235.0000000000
2804 -234.0000000000
2854 -233.0000000000
2914 -232.0000000000
2936 -230.0000000000
2997 -229.0000000000
3029 -228.0000000000
3041 -227.0000000000
3056 -226.0000000000
3116 -225.0000000000
3150 -224.0000000000
3152 -223.0000000000
3214 -221.0000000000
3280 -220.0000000000
3288 -219.0000000000
3296 -218.0000000000
3319 -217.0000000000
3342 -216.0000000000
3423 -215.0000000000
3464 -214.0000000000
3494 -213.0000000000
3505 -212.0000000000
3534 -211.0000000000
3646 -210.0000000000
3669 -209.0000000000
3689 -208.0000000000
3752 -207.0000000000
3825 -206.0000000000
3852 -205.0000000000
3858 -204.0000000000
3892 -203.0000000000
3910 -202.0000000000
3963 -200.0000000000
3974 -199.0000000000
3977 -198.0000000000
4079 -197.0000000000
4147 -195.0000000000
4237 -194.0000000000
4249 -193.0000000000
4278 -192.0000000000
4351 -191.0000000000
4400 -190.0000000000
4433 -189.0000000000
4506 -188.0000000000
4537 -187.0000000000
4606 -186.0000000000
4655 -185.0000000000
4678 -184.0000000000
4805 -183.0000000000
4819 -182.0000000000
4853 -181.0000000000
4902 -180.0000000000
4927 -179.0000000000
5033 -178.0000000000
5056 -177.0000000000
5178 -176.0000000000
5200 -175.0000000000
5261 -174.0000000000
5293 -173.0000000000
5357 -172.0000000000
5399 -171.0000000000
5415 -170.0000000000
5443 -169.0000000000
5500 -168.0000000000
5503 -167.0000000000
5593 -166.0000000000
5630 -165.0000000000
5688 -164.0000000000
5734 -163.0000000000
5738 -162.0000000000
5772 -161.0000000000
5811 -160.0000000000
5946 -159.0000000000
6012 -158.0000000000
6047 -157.0000000000
6064 -156.0000000000
6138 -155.0000000000
6200 -154.0000000000
6220 -153.0000000000
6224 -152.0000000000
6282 -151.0000000000
6349 -150.0000000000
6427 -149.0000000000
6487 -148.0000000000
6546 -147.0000000000
6583 -146.0000000000
6616 -145.0000000000
6648 -144.0000000000
6750 -143.0000000000
6805 -142.0000000000
6886 -141.0000000000
6959 -140.0000000000
7024 -139.0000000000
7061 -138.0000000000
7098 -137.0000000000
7184 -136.0000000000
7274 -135.0000000000
7295 -134.0000000000
7358 -133.0000000000
7387 -132.0000000000
7429 -131.0000000000
7484 -130.0000000000
7533 -129.0000000000
7636 -128.0000000000
7693 -127.0000000000
7722 -125.0000000000
7862 -124.0000000000
7869 -123.0000000000
7994 -122.0000000000
8000 -121.0000000000
8092 -120.0000000000
8160 -119.0000000000
8211 -118.0000000000
8258 -117.0000000000
8361 -116.0000000000
8381 -115.0000000000
8538 -114.0000000000
8613 -113.0000000000
8727 -112.0000000000
8832 -111.0000000000
8868 -110.0000000000
8894 -109.0000000000
9070 -108.0000000000
9161 -107.0000000000
9255 -106.0000000000
9359 -105.0000000000
9413 -104.0000000000
9513 -103.0000000000
9571 -102.0000000000
9591 -101.0000000000
9644 -100.0000000000
9814 -99.0000000000
9839 -98.0000000000
10012 -97.0000000000
10075 -96.0000000000
10196 -95.0000000000
10218 -94.0000000000
10345 -93.0000000000
10464 -92.0000000000
10563 -91.0000000000
10726 -90.0000000000
10773 -88.0000000000
10970 -87.0000000000
11076 -86.0000000000
11176 -85.0000000000
11258 -84.0000000000
11470 -83.0000000000
11537 -82.0000000000
11661 -81.0000000000
11711 -80.0000000000
11718 -79.0000000000
11962 -78.0000000000
11996 -77.0000000000
12101 -76.0000000000
12132 -75.0000000000
12210 -74.0000000000
12346 -73.0000000000
12440 -72.0000000000
12560 -71.0000000000
12628 -69.0000000000
12926 -68.0000000000
12953 -67.0000000000
12961 -66.0000000000
13115 -65.0000000000
13336 -64.0000000000
13418 -63.0000000000
13442 -62.0000000000
13578 -61.0000000000
13927 -60.0000000000
13993 -59.0000000000
14166 -58.0000000000
14307 -57.0000000000
14498 -56.0000000000
14544 -55.0000000000
14574 -54.0000000000
14790 -53.0000000000
14924 -52.0000000000
15017 -51.0000000000
15309 -50.0000000000
15326 -49.0000000000
15405 -48.0000000000
15715 -47.0000000000
15914 -46.0000000000
16012 -45.0000000000
16072 -44.0000000000
16087 -43.0000000000
16355 -42.0000000000
16496 -41.0000000000
16701 -40.0000000000
16711 -39.0000000000
17015 -38.0000000000
17180 -37.0000000000
17215 -36.0000000000
17428 -35.0000000000
17719 -34.0000000000
17831 -33.0000000000
18081 -32.0000000000
18136 -31.0000000000
18582 -30.0000000000
18638 -29.0000000000
18667 -28.0000000000
19059 -27.0000000000
19204 -26.0000000000
19277 -25.0000000000
19536 -24.0000000000
19813 -23.0000000000
20122 -22.0000000000
20352 -21.0000000000
20679 -20.0000000000
20778 -19.0000000000
20968 -18.0000000000
21019 -17.0000000000
21278 -16.0000000000
22475 -15.0000000000
22632 -14.0000000000
23106 -13.0000000000
23342 -12.0000000000
24238 -11.0000000000
24313 -10.0000000000
24573 -9.0000000000
24860 -8.0000000000
25139 -7.0000000000
25287 -6.0000000000
26226 -5.0000000000
26551 -4.0000000000
27140 -3.0000000000
27896 -2.0000000000
29101 -1.0000000000
30433 512.0000000000
30486 545.0000000000
30648 594.0000000000
30691 601.0000000000
30935 604.0000000000
31859 610.0000000000
32224 611.0000000000
32273 622.0000000000
32604 628.0000000000
32863 640.0000000000
32868 643.0000000000
33198 644.0000000000
35183 645.0000000000
36587 647.0000000000
38544 654.0000000000
38922 656.0000000000
39122 658.0000000000
46724 671.0000000000
69465 672.0000000000
90090 677.0000000000
100000 -1.0000000000
evaluations raw_y
1 -380.0000000000
2 -359.0000000000
4 -357.0000000000
17 -333.0000000000
73 -332.0000000000
117 -331.0000000000
148 -329.0000000000
195 -328.0000000000
231 -327.0000000000
248 -326.0000000000
259 -325.0000000000
269 -323.0000000000
319 -321.0000000000
372 -320.0000000000
403 -319.0000000000
418 -318.0000000000
463 -317.0000000000
486 -316.0000000000
524 -314.0000000000
534 -313.0000000000
598 -312.0000000000
605 -311.0000000000
631 -310.0000000000
666 -309.0000000000
675 -308.0000000000
695 -307.0000000000
711 -306.0000000000
761 -305.0000000000
789 -304.0000000000
790 -303.0000000000
878 -302.0000000000
915 -301.0000000000
931 -300.0000000000
953 -299.0000000000
1009 -298.0000000000
1030 -297.0000000000
1053 -296.0000000000
1114 -295.0000000000
1144 -294.0000000000
1160 -292.0000000000
1219 -291.0000000000
1261 -290.0000000000
1293 -289.0000000000
1318 -287.0000000000
1350 -286.0000000000
1386 -285.0000000000
1423 -284.0000000000
1444 -283.0000000000
1478 -282.0000000000
1483 -281.0000000000
1511 -280.0000000000
1566 -279.0000000000
1599 -278.0000000000
1601 -277.0000000000
1621 -276.0000000000
1686 -275.0000000000
1711 -274.0000000000
1735 -273.0000000000
1744 -272.0000000000
1813 -271.0000000000
1843 -270.0000000000
1880 -269.0000000000
1960 -267.0000000000
1999 -266.0000000000
2006 -265.0000000000
2012 -263.0000000000
2047 -262.0000000000
2081 -261.0000000000
2096 -260.0000000000
2104 -259.0000000000
2116 -257.0000000000
2168 -256.0000000000
2196 -255.0000000000
2232 -254.0000000000
2244 -253.0000000000
2308 -252.0000000000
2360 -251.0000000000
2363 -250.0000000000
2389 -248.0000000000
2412 -246.0000000000
2507 -245.0000000000
2521 -244.0000000000
2563 -243.0000000000
2596 -242.0000000000
2651 -241.0000000000
2685 -240.0000000000
2703 -238.0000000000
2760 -237.0000000000
2793 -236.0000000000
2811 -234.0000000000
2922 -233.0000000000
2961 -232.0000000000
2971 -231.0000000000
2990 -230.0000000000
2996 -229.0000000000
3043 -228.0000000000
3112 -227.0000000000
3164 -225.0000000000
3206 -224.0000000000
3260 -223.0000000000
3271 -222.0000000000
3275 -221.0000000000
3322 -220.0000000000
3355 -219.0000000000
3371 -218.0000000000
3405 -217.0000000000
3421 -216.0000000000
3464 -215.0000000000
3523 -214.0000000000
3533 -213.0000000000
3575 -212.0000000000
3644 -211.0000000000
3684 -210.0000000000
3707 -209.0000000000
3722 -208.0000000000
3759 -207.0000000000
3775 -205.0000000000
3840 -204.0000000000
3875 -203.0000000000
3937 -202.0000000000
4011 -201.0000000000
4029 -200.0000000000
4039 -199.0000000000
4040 -198.0000000000
4079 -197.0000000000
4100 -196.0000000000
4105 -195.0000000000
4234 -194.0000000000
4283 -193.0000000000
4324 -192.0000000000
4360 -191.0000000000
4361 -190.0000000000
4408 -189.0000000000
4416 -188.0000000000
4427 -187.0000000000
4498 -186.0000000000
4539 -184.0000000000
4609 -183.0000000000
4657 -182.0000000000
4689 -181.0000000000
4753 -180.0000000000
4800 -179.0000000000
4873 -178.0000000000
4919 -177.0000000000
4979 -176.0000000000
5034 -175.0000000000
5079 -174.0000000000
5145 -173.0000000000
5207 -172.0000000000
5240 -170.0000000000
5310 -169.0000000000
5323 -168.0000000000
5340 -167.0000000000
5456 -166.0000000000
5464 -165.0000000000
5559 -164.0000000000
5592 -163.0000000000
5612 -162.0000000000
5644 -161.0000000000
5681 -160.0000000000
5683 -159.0000000000
5797 -158.0000000000
5872 -157.0000000000
5877 -156.0000000000
5976 -155.0000000000
6010 -154.0000000000
6074 -152.0000000000
6181 -151.0000000000
6225 -150.0000000000
6333 -149.0000000000
6399 -148.0000000000
6465 -147.0000000000
6466 -146.0000000000
6583 -145.0000000000
6611 -144.0000000000
6705 -143.0000000000
6757 -142.0000000000
6784 -141.0000000000
6877 -139.0000000000
6952 -138.0000000000
7109 -136.0000000000
7196 -135.0000000000
7257 -134.0000000000
7305 -133.0000000000
7373 -132.0000000000
7439 -131.0000000000
7532 -130.0000000000
7547 -129.0000000000
7627 -128.0000000000
7673 -127.0000000000
7745 -126.0000000000
7833 -125.0000000000
7852 -124.0000000000
7923 -123.0000000000
7950 -122.0000000000
7962 -121.0000000000
8132 -120.0000000000
8152 -119.0000000000
8285 -118.0000000000
8363 -117.0000000000
8429 -116.0000000000
8462 -115.0000000000
8531 -114.0000000000
8642 -113.0000000000
8652 -112.0000000000
8774 -111.0000000000
8877 -110.0000000000
8909 -109.0000000000
9017 -108.0000000000
9140 -106.0000000000
9144 -105.0000000000
9153 -104.0000000000
9219 -103.0000000000
9245 -102.0000000000
9327 -101.0000000000
9396 -100.0000000000
9443 -99.0000000000
9497 -98.0000000000
9583 -97.0000000000
9671 -96.0000000000
9717 -95.0000000000
9794 -94.0000000000
9811 -93.0000000000
9921 -92.0000000000
9978 -91.0000000000
9991 -90.0000000000
10059 -89.0000000000
10065 -88.0000000000
10175 -87.0000000000
10212 -86.0000000000
10318 -85.0000000000
10449 -84.0000000000
10608 -83.0000000000
10741 -82.0000000000
10858 -81.0000000000
10946 -80.0000000000
11100 -79.0000000000
11217 -78.0000000000
11367 -77.0000000000
11521 -76.0000000000
11677 -75.0000000000
11746 -74.0000000000
11873 -73.0000000000
11969 -72.0000000000
12060 -71.0000000000
12263 -70.0000000000
12279 -69.0000000000
12289 -68.0000000000
12478 -67.0000000000
12693 -66.0000000000
12900 -65.0000000000
12956 -64.0000000000
13073 -63.0000000000
13093 -62.0000000000
13105 -61.0000000000
13462 -60.0000000000
13537 -59.0000000000
13739 -58.0000000000
13802 -57.0000000000
13949 -55.0000000000
14229 -54.0000000000
14254 -53.0000000000
14403 -52.0000000000
14520 -51.0000000000
14625 -50.0000000000
14674 -49.0000000000
14776 -48.0000000000
14790 -47.0000000000
14914 -46.0000000000
15013 -45.0000000000
15230 -44.0000000000
15386 -43.0000000000
15594 -42.0000000000
15724 -41.0000000000
15873 -40.0000000000
15966 -39.0000000000
16095 -38.0000000000
16455 -37.0000000000
16825 -36.0000000000
16915 -35.0000000000
17049 -34.0000000000
17163 -33.0000000000
17448 -32.0000000000
17453 -31.0000000000
17696 -30.0000000000
18076 -29.0000000000
18271 -28.0000000000
18563 -26.0000000000
19092 -25.0000000000
19349 -24.0000000000
19588 -23.0000000000
19740 -22.0000000000
19977 -21.0000000000
20498 -20.0000000000
20866 -19.0000000000
21117 -18.0000000000
21290 -17.0000000000
21720 -16.0000000000
21855 -15.0000000000
22465 -14.0000000000
22811 -13.0000000000
23052 -12.0000000000
24005 -11.0000000000
24103 -10.0000000000
24265 -9.0000000000
24413 -8.0000000000
25145 -7.0000000000
25839 -6.0000000000
26000 -5.0000000000
26925 -4.0000000000
27203 -3.0000000000
28029 -2.0000000000
28981 -1.0000000000
29693 613.0000000000
29976 621.0000000000
30219 628.0000000000
30734 629.0000000000
30906 630.0000000000
30926 640.0000000000
31157 644.0000000000
31682 648.0000000000
34456 654.0000000000
34969 666.0000000000
39278 671.0000000000
44435 677.0000000000
45468 681.0000000000
45711 682.0000000000
45931 684.0000000000
46061 686.0000000000
46816 688.0000000000
59049 690.0000000000
59225 693.0000000000
74586 697.0000000000
80457 700.0000000000
94230 701.0000000000
100000 -1.0000000000
evaluations raw_y
1 -364.0000000000
2 -359.0000000000
7 -353.0000000000
12 -349.0000000000
23 -339.0000000000
58 -337.0000000000
61 -336.0000000000
114 -335.0000000000
147 -334.0000000000
216 -332.0000000000
264 -331.0000000000
290 -330.0000000000
308 -329.0000000000
332 -327.0000000000
345 -326.0000000000
380 -325.0000000000
423 -324.0000000000
433 -323.0000000000
462 -322.0000000000
481 -320.0000000000
523 -319.0000000000
575 -318.0000000000
588 -317.0000000000
600 -315.0000000000
601 -314.0000000000
615 -312.0000000000
646 -310.0000000000
648 -309.0000000000
706 -308.0000000000
709 -307.0000000000
751 -306.0000000000
817 -305.0000000000
866 -304.0000000000
902 -303.0000000000
914 -302.0000000000
926 -301.0000000000
932 -300.0000000000
944 -299.0000000000
955 -298.0000000000
977 -297.0000000000
1032 -296.0000000000
1056 -295.0000000000
1067 -294.0000000000
1112 -293.0000000000
1134 -292.0000000000
1151 -291.0000000000
1170 -290.0000000000
1205 -289.0000000000
1216 -288.0000000000
1276 -287.0000000000
1293 -286.0000000000
1315 -285.0000000000
1363 -284.0000000000
1399 -283.0000000000
1423 -282.0000000000
1438 -281.0000000000
1454 -280.0000000000
1473 -279.0000000000
1492 -278.0000000000
1530 -277.0000000000
1580 -276.0000000000
1655 -275.0000000000
1670 -274.0000000000
1673 -273.0000000000
1689 -272.0000000000
1724 -271.0000000000
1730 -270.0000000000
1769 -269.0000000000
1815 -267.0000000000
1831 -265.0000000000
1852 -264.0000000000
1934 -263.0000000000
2026 -262.0000000000
2039 -261.0000000000
2043 -260.0000000000
2069 -259.0000000000
2196 -258.0000000000
2207 -257.0000000000
2229 -256.0000000000
2275 -255.0000000000
2296 -254.0000000000
2336 -253.0000000000
2346 -252.0000000000
2363 -251.0000000000
2449 -250.0000000000
2471 -249.0000000000
2504 -248.0000000000
2551 -247.0000000000
2578 -246.0000000000
2609 -245.0000000000
2681 -244.0000000000
2695 -243.0000000000
2739 -242.0000000000
2747 -241.0000000000
2794 -240.0000000000
2815 -239.0000000000
2823 -238.0000000000
2889 -237.0000000000
2891 -236.0000000000
2944 -233.0000000000
2988 -232.0000000000
2996 -231.0000000000
3016 -230.0000000000
3077 -229.0000000000
3087 -228.0000000000
3165 -227.0000000000
3172 -226.0000000000
3178 -225.0000000000
3194 -223.0000000000
3230 -221.0000000000
3313 -220.0000000000
3324 -219.0000000000
3391 -218.0000000000
3416 -217.0000000000
3459 -216.0000000000
3476 -215.0000000000
3490 -214.0000000000
3507 -213.0000000000
3550 -212.0000000000
3588 -211.0000000000
3611 -210.0000000000
3704 -209.0000000000
3717 -208.0000000000
3773 -206.0000000000
3849 -205.0000000000
3865 -204.0000000000
3940 -203.0000000000
3965 -202.0000000000
4014 -201.0000000000
4085 -200.0000000000
4110 -199.0000000000
4166 -198.0000000000
4177 -197.0000000000
4184 -196.0000000000
4216 -195.0000000000
4241 -194.0000000000
4254 -193.0000000000
4294 -192.0000000000
4375 -191.0000000000
4388 -190.0000000000
4398 -189.0000000000
4462 -188.0000000000
4477 -187.0000000000
4492 -186.0000000000
4553 -185.0000000000
4578 -184.0000000000
4605 -183.0000000000
4628 -182.0000000000
4737 -180.0000000000
4776 -179.0000000000
4844 -178.0000000000
4890 -177.0000000000
4993 -176.0000000000
5016 -174.0000000000
5207 -171.0000000000
5299 -170.0000000000
5365 -169.0000000000
5387 -168.0000000000
5495 -167.0000000000
5571 -166.0000000000
5583 -165.0000000000
5633 -164.0000000000
5676 -163.0000000000
5707 -162.0000000000
5730 -161.0000000000
5762 -160.0000000000
5878 -159.0000000000
5936 -158.0000000000
6051 -157.0000000000
6095 -156.0000000000
6126 -155.0000000000
6185 -154.0000000000
6232 -153.0000000000
6326 -152.0000000000
6378 -151.0000000000
6418 -150.0000000000
6454 -149.0000000000
6543 -148.0000000000
6552 -147.0000000000
6643 -146.0000000000
6649 -145.0000000000
6702 -144.0000000000
6726 -143.0000000000
6792 -142.0000000000
6852 -141.0000000000
6894 -140.0000000000
6953 -139.0000000000
6986 -138.0000000000
7106 -137.0000000000
7139 -136.0000000000
7234 -135.0000000000
7235 -134.0000000000
7312 -133.0000000000
7364 -132.0000000000
7477 -131.0000000000
7479 -130.0000000000
7488 -129.0000000000
7537 -128.0000000000
7710 -127.0000000000
7722 -126.0000000000
7749 -125.0000000000
7889 -124.0000000000
7978 -123.0000000000
7986 -122.0000000000
8020 -121.0000000000
8024 -120.0000000000
8041 -119.0000000000
8144 -118.0000000000
8206 -117.0000000000
8266 -116.0000000000
8340 -115.0000000000
8432 -114.0000000000
8602 -113.0000000000
8684 -112.0000000000
8794 -111.0000000000
8851 -110.0000000000
8895 -109.0000000000
8940 -108.0000000000
9087 -107.0000000000
9165 -106.0000000000
9267 -105.0000000000
9374 -104.0000000000
9415 -103.0000000000
9521 -102.0000000000
9550 -101.0000000000
9671 -100.0000000000
9806 -99.0000000000
9939 -98.0000000000
10026 -97.0000000000
10081 -96.0000000000
10337 -95.0000000000
10368 -94.0000000000
10504 -93.0000000000
10634 -91.0000000000
10741 -90.0000000000
10799 -89.0000000000
11011 -88.0000000000
11092 -87.0000000000
11119 -86.0000000000
11255 -85.0000000000
11343 -84.0000000000
11473 -83.0000000000
11503 -82.0000000000
11578 -80.0000000000
11615 -79.0000000000
11643 -78.0000000000
11737 -77.0000000000
11846 -76.0000000000
11959 -75.0000000000
12060 -74.0000000000
12168 -73.0000000000
12262 -72.0000000000
12405 -71.0000000000
12487 -70.0000000000
12538 -69.0000000000
12608 -68.0000000000
12777 -67.0000000000
12914 -66.0000000000
13031 -65.0000000000
13119 -64.0000000000
13338 -63.0000000000
13438 -62.0000000000
13452 -61.0000000000
13552 -60.0000000000
13823 -59.0000000000
13995 -58.0000000000
14107 -57.0000000000
14343 -56.0000000000
14467 -55.0000000000
14806 -54.0000000000
14845 -53.0000000000
14984 -52.0000000000
14991 -51.0000000000
15130 -50.0000000000
15504 -49.0000000000
15526 -48.0000000000
15605 -47.0000000000
15709 -46.0000000000
15862 -45.0000000000
16020 -44.0000000000
16170 -43.0000000000
16368 -42.0000000000
16499 -41.0000000000
16731 -40.0000000000
16800 -39.0000000000
16909 -38.0000000000
16954 -37.0000000000
17192 -36.0000000000
17276 -35.0000000000
17456 -34.0000000000
17477 -33.0000000000
18077 -32.0000000000
18227 -31.0000000000
18461 -30.0000000000
18587 -29.0000000000
18792 -28.0000000000
18905 -27.0000000000
19259 -26.0000000000
19594 -25.0000000000
19659 -24.0000000000
19676 -23.0000000000
19772 -22.0000000000
19910 -21.0000000000
20191 -20.0000000000
20398 -19.0000000000
20665 -18.0000000000
20939 -17.0000000000
21283 -16.0000000000
21582 -15.0000000000
21875 -14.0000000000
22276 -13.0000000000
22609 -12.0000000000
22741 -11.0000000000
23149 -10.0000000000
23365 -9.0000000000
23722 -8.0000000000
23985 -7.0000000000
24963 -6.0000000000
25380 -5.0000000000
25547 -4.0000000000
26126 -3.0000000000
26720 -2.0000000000
27238 -1.0000000000
28453 602.0000000000
29251 604.0000000000
29329 612.0000000000
29408 615.0000000000
29507 619.0000000000
29733 622.0000000000
30186 623.0000000000
32939 631.0000000000
33071 647.0000000000
33983 648.0000000000
35604 649.0000000000
36260 652.0000000000
36628 654.0000000000
37278 655.0000000000
38151 657.0000000000
38309 661.0000000000
38579 665.0000000000
38618 667.0000000000
38869 670.0000000000
48372 680.0000000000
51216 682.0000000000
58093 683.0000000000
99299 684.0000000000
99881 685.0000000000
100000 -1.0000000000
evaluations raw_y
1 -378.0000000000
2 -374.0000000000
3 -370.0000000000
5 -363.0000000000
8 -348.0000000000
111 -347.0000000000
137 -346.0000000000
159 -345.0000000000
166 -344.0000000000
208 -342.0000000000
234 -341.0000000000
241 -339.0000000000
242 -338.0000000000
328 -337.0000000000
353 -334.0000000000
358 -333.0000000000
359 -332.0000000000
418 -331.0000000000
426 -330.0000000000
481 -329.0000000000
508 -328.0000000000
547 -327.0000000000
567 -326.0000000000
600 -325.0000000000
604 -324.0000000000
658 -323.0000000000
683 -322.0000000000
693 -321.0000000000
722 -319.0000000000
767 -318.0000000000
789 -317.0000000000
830 -316.0000000000
852 -315.0000000000
884 -314.0000000000
896 -313.0000000000
927 -312.0000000000
961 -311.0000000000
978 -310.0000000000
1041 -308.0000000000
1093 -307.0000000000
1111 -305.0000000000
1192 -304.0000000000
1204 -303.0000000000
1221 -302.0000000000
1250 -301.0000000000
1261 -299.0000000000
1309 -297.0000000000
1351 -296.0000000000
1376 -295.0000000000
1385 -293.0000000000
1390 -292.0000000000
1428 -291.0000000000
1554 -290.0000000000
1598 -289.0000000000
1614 -288.0000000000
1638 -287.0000000000
1655 -286.0000000000
1676 -285.0000000000
1712 -284.0000000000
1741 -283.0000000000
1810 -282.0000000000
1828 -281.0000000000
1840 -279.0000000000
1924 -278.0000000000
1927 -277.0000000000
1977 -276.0000000000
1996 -275.0000000000
2035 -274.0000000000
2043 -273.0000000000
2086 -272.0000000000
2098 -271.0000000000
2115 -270.0000000000
2153 -269.0000000000
2161 -268.0000000000
2165 -267.0000000000
2172 -266.0000000000
2231 -265.0000000000
2270 -264.0000000000
2314 -263.0000000000
2341 -262.0000000000
2373 -261.0000000000
2396 -260.0000000000
2412 -259.0000000000
2473 -258.0000000000
2547 -257.0000000000
2578 -256.0000000000
2600 -255.0000000000
2606 -254.0000000000
2660 -253.0000000000
2674 -252.0000000000
2703 -251.0000000000
2728 -250.0000000000
2782 -249.0000000000
2790 -248.0000000000
2808 -247.0000000000
2813 -244.0000000000
2960 -243.0000000000
2998 -242.0000000000
3007 -241.0000000000
3020 -240.0000000000
3052 -239.0000000000
3056 -238.0000000000
3062 -237.0000000000
3090 -236.0000000000
3179 -235.0000000000
3233 -233.0000000000
3293 -232.0000000000
3380 -231.0000000000
3388 -230.0000000000
3405 -229.0000000000
3413 -228.0000000000
3525 -227.0000000000
3540 -226.0000000000
3546 -225.0000000000
3620 -224.0000000000
3680 -223.0000000000
3706 -221.0000000000
3755 -220.0000000000
3795 -219.0000000000
3839 -218.0000000000
3851 -217.0000000000
3880 -216.0000000000
3907 -215.0000000000
3915 -213.0000000000
3917 -212.0000000000
3962 -210.0000000000
4038 -209.0000000000
4056 -208.0000000000
4058 -207.0000000000
4074 -206.0000000000
4128 -205.0000000000
4145 -204.0000000000
4187 -203.0000000000
4210 -202.0000000000
4216 -200.0000000000
4233 -199.0000000000
4263 -198.0000000000
4313 -197.0000000000
4406 -196.0000000000
4430 -195.0000000000
4514 -194.0000000000
4538 -193.0000000000
4580 -192.0000000000
4636 -191.0000000000
4651 -190.0000000000
4667 -189.0000000000
4750 -188.0000000000
4784 -187.0000000000
4837 -186.0000000000
4851 -185.0000000000
4858 -184.0000000000
4867 -183.0000000000
4956 -181.0000000000
4995 -180.0000000000
5028 -179.0000000000
5129 -178.0000000000
5146 -177.0000000000
5149 -176.0000000000
5217 -175.0000000000
5218 -174.0000000000
5261 -173.0000000000
5296 -172.0000000000
5315 -170.0000000000
5336 -169.0000000000
5449 -168.0000000000
5469 -167.0000000000
5575 -166.0000000000
5609 -165.0000000000
5659 -164.0000000000
5723 -163.0000000000
5757 -162.0000000000
5823 -161.0000000000
5908 -160.0000000000
5937 -159.0000000000
6030 -158.0000000000
6066 -157.0000000000
6096 -156.0000000000
6130 -155.0000000000
6173 -154.0000000000
6281 -153.0000000000
6298 -152.0000000000
6357 -151.0000000000
6396 -150.0000000000
6438 -149.0000000000
6516 -148.0000000000
6542 -147.0000000000
6607 -146.0000000000
6665 -145.0000000000
6720 -144.0000000000
6765 -143.0000000000
6781 -142.0000000000
6846 -141.0000000000
6862 -140.0000000000
6943 -139.0000000000
7013 -138.0000000000
7087 -137.0000000000
7099 -136.0000000000
7184 -135.0000000000
7259 -134.0000000000
7308 -133.0000000000
7360 -132.0000000000
7468 -131.0000000000
7491 -130.0000000000
7530 -129.0000000000
7670 -128.0000000000
7686 -127.0000000000
7788 -126.0000000000
7815 -125.0000000000
7870 -124.0000000000
7916 -123.0000000000
8017 -122.0000000000
8053 -121.0000000000
8115 -120.0000000000
8147 -119.0000000000
8164 -118.0000000000
8283 -117.0000000000
8401 -116.0000000000
8417 -115.0000000000
8474 -114.0000000000
8539 -113.0000000000
8564 -112.0000000000
8622 -111.0000000000
8747 -110.0000000000
8785 -109.0000000000
8860 -108.0000000000
8871 -107.0000000000
8924 -106.0000000000
9082 -105.0000000000
9088 -104.0000000000
9124 -103.0000000000
9177 -102.0000000000
9180 -101.0000000000
9326 -100.0000000000
9387 -99.0000000000
9516 -97.0000000000
9663 -96.0000000000
9793 -95.0000000000
9808 -94.0000000000
9986 -93.0000000000
10065 -92.0000000000
10172 -91.0000000000
10236 -90.0000000000
10336 -89.0000000000
10388 -88.0000000000
10416 -87.0000000000
10535 -86.0000000000
10607 -85.0000000000
10689 -84.0000000000
10715 -83.0000000000
10907 -82.0000000000
10911 -81.0000000000
10981 -80.0000000000
11088 -79.0000000000
11173 -77.0000000000
11201 -76.0000000000
11260 -75.0000000000
11464 -74.0000000000
11623 -73.0000000000
11647 -72.0000000000
11795 -71.0000000000
11817 -70.0000000000
11860 -69.0000000000
11888 -68.0000000000
12045 -67.0000000000
12173 -66.0000000000
12257 -65.0000000000
12451 -64.0000000000
12499 -63.0000000000
12595 -62.0000000000
12652 -61.0000000000
12735 -60.0000000000
12795 -59.0000000000
13031 -58.0000000000
13243 -57.0000000000
13366 -56.0000000000
13534 -55.0000000000
13665 -54.0000000000
13732 -53.0000000000
13740 -52.0000000000
13851 -51.0000000000
13995 -50.0000000000
14100 -49.0000000000
14423 -48.0000000000
14589 -47.0000000000
14679 -46.0000000000
14729 -45.0000000000
15134 -44.0000000000
15328 -43.0000000000
15508 -42.0000000000
15531 -40.0000000000
15991 -39.0000000000
16121 -38.0000000000
16511 -37.0000000000
16762 -36.0000000000
16988 -35.0000000000
16989 -34.0000000000
17304 -33.0000000000
17606 -32.0000000000
17780 -31.0000000000
17979 -30.0000000000
18126 -29.0000000000
18173 -28.0000000000
18242 -27.0000000000
18260 -26.0000000000
18690 -25.0000000000
18796 -24.0000000000
19058 -23.0000000000
19172 -22.0000000000
19751 -21.0000000000
20181 -20.0000000000
20790 -19.0000000000
21067 -18.0000000000
21301 -17.0000000000
21543 -16.0000000000
21783 -15.0000000000
22390 -14.0000000000
22698 -13.0000000000
23302 -12.0000000000
23482 -11.0000000000
23976 -10.0000000000
24418 -9.0000000000
24666 -8.0000000000
25055 -7.0000000000
25405 -5.0000000000
25809 -4.0000000000
26182 -3.0000000000
26559 -2.0000000000
27185 -1.0000000000
27846 629.0000000000
28319 633.0000000000
28542 637.0000000000
29814 641.0000000000
30392 644.0000000000
30824 646.0000000000
31363 651.0000000000
31408 652.0000000000
32800 654.0000000000
33149 656.0000000000
33600 661.0000000000
34368 662.0000000000
35708 664.0000000000
36016 665.0000000000
36329 666.0000000000
36983 670.0000000000
37849 674.0000000000
38130 676.0000000000
65340 680.0000000000
76645 682.0000000000
100000 -1.0000000000
evaluations raw_y
1 -404.0000000000
2 -354.0000000000
4 -342.0000000000
102 -341.0000000000
137 -339.0000000000
163 -338.0000000000
177 -337.0000000000
203 -336.0000000000
249 -335.0000000000
299 -334.0000000000
321 -333.0000000000
339 -332.0000000000
360 -331.0000000000
374 -330.0000000000
395 -329.0000000000
417 -327.0000000000
470 -326.0000000000
483 -325.0000000000
513 -324.0000000000
541 -323.0000000000
577 -322.0000000000
579 -321.0000000000
586 -320.0000000000
626 -319.0000000000
691 -318.0000000000
704 -317.0000000000
734 -316.0000000000
739 -315.0000000000
781 -314.0000000000
813 -313.0000000000
843 -312.0000000000
888 -311.0000000000
901 -310.0000000000
935 -308.0000000000
974 -307.0000000000
1018 -306.0000000000
1030 -305.0000000000
1037 -304.0000000000
1043 -303.0000000000
1051 -302.0000000000
1062 -301.0000000000
1138 -300.0000000000
1144 -299.0000000000
1185 -298.0000000000
1201 -297.0000000000
1249 -296.0000000000
1289 -295.0000000000
1317 -294.0000000000
1332 -293.0000000000
1333 -292.0000000000
1373 -291.0000000000
1418 -290.0000000000
1423 -289.0000000000
1435 -288.0000000000
1453 -287.0000000000
1489 -286.0000000000
1498 -285.0000000000
1517 -284.0000000000
1540 -283.0000000000
1587 -282.0000000000
1622 -281.0000000000
1642 -280.0000000000
1673 -279.0000000000
1718 -278.0000000000
1753 -277.0000000000
1767 -276.0000000000
1838 -275.0000000000
1885 -274.0000000000
1894 -273.0000000000
1927 -272.0000000000
1979 -271.0000000000
2035 -270.0000000000
2039 -269.0000000000
2078 -268.0000000000
2084 -267.0000000000
2085 -266.0000000000
2127 -265.0000000000
2169 -264.0000000000
2219 -263.0000000000
2233 -262.0000000000
2280 -261.0000000000
2287 -260.0000000000
2321 -259.0000000000
2337 -258.0000000000
2403 -257.0000000000
2424 -256.0000000000
2449 -255.0000000000
2472 -254.0000000000
2508 -253.0000000000
2570 -251.0000000000
2596 -250.0000000000
2696 -249.0000000000
2700 -248.0000000000
2703 -247.0000000000
2748 -246.0000000000
2770 -245.0000000000
2822 -244.0000000000
2888 -243.0000000000
2913 -242.0000000000
2921 -241.0000000000
2952 -240.0000000000
2981 -239.0000000000
3017 -237.0000000000
3028 -236.0000000000
3091 -235.0000000000
3094 -234.0000000000
3119 -233.0000000000
3156 -232.0000000000
3184 -229.0000000000
3233 -228.0000000000
3262 -227.0000000000
3284 -226.0000000000
3286 -225.0000000000
3333 -224.0000000000
3377 -223.0000000000
3396 -222.0000000000
3445 -221.0000000000
3467 -220.0000000000
3486 -218.0000000000
3610 -217.0000000000
3614 -216.0000000000
3657 -215.0000000000
3692 -214.0000000000
3764 -213.0000000000
3771 -211.0000000000
3851 -210.0000000000
3872 -209.0000000000
3912 -208.0000000000
3933 -207.0000000000
3958 -206.0000000000
3974 -205.0000000000
4016 -204.0000000000
4073 -202.0000000000
4098 -201.0000000000
4167 -200.0000000000
4186 -199.0000000000
4196 -198.0000000000
4255 -197.0000000000
4264 -196.0000000000
4286 -194.0000000000
4302 -193.0000000000
4333 -192.0000000000
4393 -191.0000000000
4435 -190.0000000000
4442 -189.0000000000
4457 -188.0000000000
4523 -187.0000000000
4572 -186.0000000000
4599 -185.0000000000
4616 -184.0000000000
4635 -183.0000000000
4729 -182.0000000000
4773 -181.0000000000
4811 -180.0000000000
4814 -179.0000000000
4932 -178.0000000000
4971 -177.0000000000
5035 -176.0000000000
5104 -175.0000000000
5184 -174.0000000000
5266 -173.0000000000
5333 -171.0000000000
5359 -170.0000000000
5408 -169.0000000000
5445 -168.0000000000
5493 -166.0000000000
5584 -165.0000000000
5639 -164.0000000000
5646 -163.0000000000
5722 -162.0000000000
5735 -161.0000000000
5759 -160.0000000000
5846 -159.0000000000
5934 -158.0000000000
5990 -157.0000000000
6069 -156.0000000000
6190 -155.0000000000
6208 -154.0000000000
6250 -153.0000000000
6326 -152.0000000000
6472 -151.0000000000
6581 -150.0000000000
6592 -149.0000000000
6624 -148.0000000000
6730 -147.0000000000
6766 -146.0000000000
6814 -145.0000000000
6920 -144.0000000000
6949 -142.0000000000
6965 -141.0000000000
7035 -140.0000000000
7129 -139.0000000000
7130 -138.0000000000
7200 -137.0000000000
7234 -136.0000000000
7276 -135.0000000000
7340 -134.0000000000
7417 -133.0000000000
7480 -132.0000000000
7552 -131.0000000000
7557 -130.0000000000
7585 -129.0000000000
7712 -128.0000000000
7742 -127.0000000000
7824 -126.0000000000
7948 -125.0000000000
7979 -124.0000000000
8049 -123.0000000000
8117 -122.0000000000
8131 -120.0000000000
8192 -119.0000000000
8308 -118.0000000000
8344 -117.0000000000
8359 -116.0000000000
8464 -115.0000000000
8591 -114.0000000000
8708 -113.0000000000
8746 -112.0000000000
8824 -111.0000000000
8890 -110.0000000000
8897 -109.0000000000
8917 -108.0000000000
8923 -107.0000000000
9041 -106.0000000000
9081 -105.0000000000
9261 -104.0000000000
9337 -103.0000000000
9353 -102.0000000000
9423 -101.0000000000
9624 -100.0000000000
9653 -99.0000000000
9761 -98.0000000000
9847 -97.0000000000
9873 -96.0000000000
10109 -95.0000000000
10145 -94.0000000000
10357 -93.0000000000
10486 -92.0000000000
10553 -91.0000000000
10666 -90.0000000000
10730 -89.0000000000
10771 -88.0000000000
10927 -87.0000000000
10975 -86.0000000000
11067 -85.0000000000
11209 -84.0000000000
11235 -83.0000000000
11267 -82.0000000000
11430 -81.0000000000
11476 -80.0000000000
11648 -79.0000000000
11769 -78.0000000000
11818 -77.0000000000
11829 -76.0000000000
11968 -75.0000000000
12118 -74.0000000000
12170 -73.0000000000
12286 -72.0000000000
12356 -71.0000000000
12475 -70.0000000000
12595 -69.0000000000
12770 -68.0000000000
12837 -67.0000000000
12902 -66.0000000000
13113 -65.0000000000
13156 -64.0000000000
13247 -63.0000000000
13372 -62.0000000000
13463 -61.0000000000
13655 -60.0000000000
13799 -59.0000000000
13872 -58.0000000000
13996 -57.0000000000
14224 -56.0000000000
14289 -55.0000000000
14378 -54.0000000000
14429 -53.0000000000
14579 -52.0000000000
14580 -51.0000000000
14600 -50.0000000000
14765 -49.0000000000
14948 -48.0000000000
15097 -47.0000000000
15155 -46.0000000000
15368 -45.0000000000
15370 -44.0000000000
15719 -43.0000000000
15931 -42.0000000000
16025 -41.0000000000
16279 -40.0000000000
16387 -39.0000000000
16546 -38.0000000000
16831 -37.0000000000
16957 -35.0000000000
17048 -34.0000000000
17158 -33.0000000000
17325 -32.0000000000
17362 -31.0000000000
17417 -30.0000000000
17682 -29.0000000000
17796 -28.0000000000
17922 -27.0000000000
17937 -26.0000000000
18275 -25.0000000000
18476 -24.0000000000
18547 -23.0000000000
18940 -22.0000000000
18957 -21.0000000000
19337 -20.0000000000
19448 -19.0000000000
19624 -18.0000000000
20008 -17.0000000000
20261 -16.0000000000
20729 -15.0000000000
21063 -14.0000000000
21155 -13.0000000000
21426 -12.0000000000
21758 -11.0000000000
22219 -10.0000000000
22496 -9.0000000000
23219 -8.0000000000
23845 -7.0000000000
24597 -6.0000000000
24841 -5.0000000000
25489 -4.0000000000
25578 -3.0000000000
25906 -2.0000000000
26443 -1.0000000000
27110 571.0000000000
27358 584.0000000000
27498 593.0000000000
27853 600.0000000000
27989 603.0000000000
28278 610.0000000000
29073 612.0000000000
29083 615.0000000000
29305 617.0000000000
29623 619.0000000000
29826 620.0000000000
30180 624.0000000000
30318 629.0000000000
30332 633.0000000000
30814 636.0000000000
30884 637.0000000000
31426 641.0000000000
31499 642.0000000000
31518 654.0000000000
32969 663.0000000000
33337 664.0000000000
33396 670.0000000000
33852 678.0000000000
44070 686.0000000000
46255 688.0000000000
46730 689.0000000000
47429 692.0000000000
48800 694.0000000000
83166 700.0000000000
100000 -1.0000000000
evaluations raw_y
1 -380.0000000000
2 -360.0000000000
7 -339.0000000000
8 -329.0000000000
52 -328.0000000000
168 -327.0000000000
178 -325.0000000000
195 -324.0000000000
205 -323.0000000000
253 -322.0000000000
265 -321.0000000000
298 -320.0000000000
324 -319.0000000000
325 -318.0000000000
361 -316.0000000000
424 -315.0000000000
439 -313.0000000000
467 -312.0000000000
482 -311.0000000000
498 -310.0000000000
510 -309.0000000000
529 -307.0000000000
572 -306.0000000000
594 -305.0000000000
596 -304.0000000000
602 -303.0000000000
640 -302.0000000000
657 -300.0000000000
680 -299.0000000000
717 -298.0000000000
748 -297.0000000000
778 -296.0000000000
788 -295.0000000000
810 -294.0000000000
848 -293.0000000000
860 -291.0000000000
881 -290.0000000000
905 -289.0000000000
966 -288.0000000000
983 -287.0000000000
1017 -286.0000000000
1023 -285.0000000000
1047 -284.0000000000
1096 -283.0000000000
1110 -282.0000000000
1158 -281.0000000000
1186 -280.0000000000
1191 -279.0000000000
1259 -277.0000000000
1282 -276.0000000000
1324 -275.0000000000
1327 -274.0000000000
1369 -273.0000000000
1413 -272.0000000000
1443 -271.0000000000
1453 -270.0000000000
1479 -269.0000000000
1513 -268.0000000000
1525 -267.0000000000
1549 -266.0000000000
1572 -265.0000000000
1594 -264.0000000000
1619 -262.0000000000
1674 -261.0000000000
1702 -260.0000000000
1735 -259.0000000000
1758 -258.0000000000
1824 -257.0000000000
1866 -256.0000000000
1879 -255.0000000000
1905 -254.0000000000
1918 -253.0000000000
1924 -252.0000000000
1925 -251.0000000000
1935 -250.0000000000
1958 -249.0000000000
1978 -248.0000000000
1986 -247.0000000000
2046 -246.0000000000
2050 -245.0000000000
2160 -244.0000000000
2177 -243.0000000000
2216 -241.0000000000
2248 -240.0000000000
2322 -239.0000000000
2349 -238.0000000000
2356 -237.0000000000
2455 -235.0000000000
2517 -234.0000000000
2528 -233.0000000000
2546 -232.0000000000
2575 -230.0000000000
2647 -229.0000000000
2715 -228.0000000000
2745 -227.0000000000
2808 -226.0000000000
2856 -225.0000000000
2896 -224.0000000000
2920 -223.0000000000
2933 -222.0000000000
2961 -221.0000000000
2966 -220.0000000000
2971 -219.0000000000
3035 -218.0000000000
3043 -217.0000000000
3071 -216.0000000000
3104 -215.0000000000
3152 -214.0000000000
3157 -213.0000000000
3173 -212.0000000000
3204 -211.0000000000
3309 -209.0000000000
3381 -208.0000000000
3468 -207.0000000000
3504 -206.0000000000
3536 -205.0000000000
3546 -204.0000000000
3589 -202.0000000000
3673 -201.0000000000
3710 -200.0000000000
3755 -199.0000000000
3810 -198.0000000000
3854 -196.0000000000
3927 -194.0000000000
3982 -193.0000000000
3983 -192.0000000000
4042 -191.0000000000
4064 -190.0000000000
4097 -189.0000000000
4115 -188.0000000000
4215 -187.0000000000
4287 -186.0000000000
4345 -185.0000000000
4405 -184.0000000000
4452 -183.0000000000
4515 -182.0000000000
4558 -181.0000000000
4601 -180.0000000000
4643 -179.0000000000
4686 -178.0000000000
4743 -177.0000000000
4837 -176.0000000000
4925 -175.0000000000
5023 -174.0000000000
5061 -173.0000000000
5087 -172.0000000000
5110 -171.0000000000
5117 -170.0000000000
5225 -169.0000000000
5257 -167.0000000000
5361 -166.0000000000
5425 -165.0000000000
5440 -164.0000000000
5506 -163.0000000000
5534 -162.0000000000
5650 -161.0000000000
5704 -160.0000000000
5756 -159.0000000000
5778 -157.0000000000
5859 -156.0000000000
5912 -155.0000000000
5944 -154.0000000000
5994 -153.0000000000
6006 -152.0000000000
6101 -151.0000000000
6146 -150.0000000000
6173 -149.0000000000
6264 -148.0000000000
6337 -147.0000000000
6372 -146.0000000000
6436 -145.0000000000
6521 -144.0000000000
6585 -143.0000000000
6657 -142.0000000000
6747 -141.0000000000
6795 -140.0000000000
6796 -139.0000000000
6834 -138.0000000000
6891 -137.0000000000
7071 -136.0000000000
7106 -135.0000000000
7168 -134.0000000000
7194 -133.0000000000
7201 -132.0000000000
7297 -131.0000000000
7339 -130.0000000000
7411 -129.0000000000
7438 -128.0000000000
7526 -127.0000000000
7632 -126.0000000000
7633 -125.0000000000
7776 -124.0000000000
7903 -123.0000000000
7946 -121.0000000000
8118 -120.0000000000
8181 -119.0000000000
8192 -118.0000000000
8239 -117.0000000000
8342 -116.0000000000
8493 -115.0000000000
8511 -114.0000000000
8563 -113.0000000000
8679 -112.0000000000
8682 -111.0000000000
8827 -110.0000000000
8874 -109.0000000000
8956 -108.0000000000
9059 -107.0000000000
9093 -106.0000000000
9158 -105.0000000000
9339 -104.0000000000
9427 -103.0000000000
9496 -102.0000000000
9508 -101.0000000000
9600 -100.0000000000
9683 -99.0000000000
9718 -98.0000000000
9751 -97.0000000000
9953 -96.0000000000
9971 -95.0000000000
10087 -94.0000000000
10206 -93.0000000000
10456 -92.0000000000
10471 -90.0000000000
10477 -89.0000000000
10553 -88.0000000000
10639 -87.0000000000
10677 -86.0000000000
10769 -85.0000000000
10855 -84.0000000000
11163 -83.0000000000
11221 -82.0000000000
11301 -81.0000000000
11302 -80.0000000000
11440 -79.0000000000
11464 -78.0000000000
11567 -77.0000000000
11648 -76.0000000000
11710 -75.0000000000
11807 -74.0000000000
11906 -73.0000000000
11950 -72.0000000000
12015 -71.0000000000
12092 -70.0000000000
12179 -69.0000000000
12265 -68.0000000000
12354 -67.0000000000
12402 -66.0000000000
12622 -65.0000000000
12755 -64.0000000000
12827 -63.0000000000
12887 -62.0000000000
13050 -61.0000000000
13070 -60.0000000000
13231 -58.0000000000
13361 -57.0000000000
13524 -56.0000000000
13545 -55.0000000000
13629 -54.0000000000
13676 -53.0000000000
14076 -52.0000000000
14119 -51.0000000000
14189 -50.0000000000
14490 -49.0000000000
14606 -48.0000000000
14614 -47.0000000000
14852 -46.0000000000
14988 -45.0000000000
15184 -44.0000000000
15348 -43.0000000000
15462 -42.0000000000
15611 -41.0000000000
15685 -40.0000000000
15724 -39.0000000000
15737 -38.0000000000
15954 -37.0000000000
16056 -36.0000000000
16194 -35.0000000000
16337 -34.0000000000
16516 -33.0000000000
16594 -32.0000000000
16920 -31.0000000000
17040 -30.0000000000
17406 -29.0000000000
17628 -28.0000000000
18026 -27.0000000000
18428 -26.0000000000
18777 -25.0000000000
18948 -24.0000000000
19031 -23.0000000000
19431 -22.0000000000
19581 -21.0000000000
19711 -20.0000000000
20261 -19.0000000000
20333 -18.0000000000
20542 -17.0000000000
21149 -16.0000000000
21177 -15.0000000000
21264 -14.0000000000
21612 -13.0000000000
21637 -12.0000000000
21762 -11.0000000000
22184 -10.0000000000
22469 -9.0000000000
23041 -8.0000000000
23201 -7.0000000000
24301 -6.0000000000
24394 -5.0000000000
25113 -4.0000000000
25322 -3.0000000000
26619 -2.0000000000
26992 -1.0000000000
27493 546.0000000000
27691 558.0000000000
28060 563.0000000000
28178 571.0000000000
28337 578.0000000000
28377 579.0000000000
28428 580.0000000000
28477 584.0000000000
28795 586.0000000000
28808 603.0000000000
28911 607.0000000000
30253 608.0000000000
30257 610.0000000000
30274 627.0000000000
30619 633.0000000000
30870 635.0000000000
31628 637.0000000000
32092 639.0000000000
32228 642.0000000000
33275 650.0000000000
36106 651.0000000000
37474 657.0000000000
56170 658.0000000000
69223 661.0000000000
72051 662.0000000000
86351 664.0000000000
100000 -1.0000000000
evaluations raw_y
1 -355.0000000000
5 -352.0000000000
18 -349.0000000000
39 -348.0000000000
145 -347.0000000000
154 -346.0000000000
193 -345.0000000000
202 -344.0000000000
217 -342.0000000000
256 -341.0000000000
260 -340.0000000000
292 -339.0000000000
318 -338.0000000000
332 -337.0000000000
336 -336.0000000000
365 -335.0000000000
393 -334.0000000000
412 -333.0000000000
445 -332.0000000000
464 -330.0000000000
477 -329.0000000000
500 -328.0000000000
528 -327.0000000000
549 -326.0000000000
586 -325.0000000000
613 -323.0000000000
617 -321.0000000000
691 -320.0000000000
723 -319.0000000000
734 -318.0000000000
744 -316.0000000000
749 -315.0000000000
759 -314.0000000000
783 -313.0000000000
819 -312.0000000000
830 -310.0000000000
839 -309.0000000000
842 -308.0000000000
878 -305.0000000000
940 -304.0000000000
956 -303.0000000000
1025 -302.0000000000
1059 -301.0000000000
1061 -300.0000000000
1117 -299.0000000000
1122 -298.0000000000
1161 -297.0000000000
1169 -296.0000000000
1186 -295.0000000000
1246 -294.0000000000
1266 -293.0000000000
1282 -292.0000000000
1284 -291.0000000000
1303 -289.0000000000
1361 -288.0000000000
1377 -287.0000000000
1402 -286.0000000000
1412 -285.0000000000
1420 -284.0000000000
1457 -283.0000000000
1495 -282.0000000000
1541 -281.0000000000
1574 -280.0000000000
1610 -279.0000000000
1624 -278.0000000000
1645 -277.0000000000
1664 -275.0000000000
1699 -274.0000000000
1710 -273.0000000000
1724 -272.0000000000
1752 -271.0000000000
1780 -270.0000000000
1828 -269.0000000000
1863 -268.0000000000
1870 -267.0000000000
1898 -266.0000000000
1947 -265.0000000000
1950 -264.0000000000
2025 -263.0000000000
2030 -262.0000000000
2056 -261.0000000000
2108 -260.0000000000
2124 -259.0000000000
2174 -258.0000000000
2200 -257.0000000000
2226 -256.0000000000
2243 -255.0000000000
2269 -254.0000000000
2290 -253.0000000000
2323 -252.0000000000
2329 -251.0000000000
2426 -250.0000000000
2436 -249.0000000000
2449 -248.0000000000
2533 -247.0000000000
2587 -246.0000000000
2632 -245.0000000000
2721 -244.0000000000
2746 -243.0000000000
2777 -242.0000000000
2784 -240.0000000000
2798 -239.0000000000
2811 -238.0000000000
2835 -237.0000000000
2844 -235.0000000000
2875 -234.0000000000
2876 -233.0000000000
2920 -232.0000000000
3003 -231.0000000000
3035 -229.0000000000
3066 -227.0000000000
3185 -226.0000000000
3198 -225.0000000000
3262 -224.0000000000
3291 -223.0000000000
3324 -222.0000000000
3346 -221.0000000000
3350 -220.0000000000
3411 -219.0000000000
3440 -218.0000000000
3478 -217.0000000000
3534 -216.0000000000
3547 -215.0000000000
3594 -214.0000000000
3700 -213.0000000000
3715 -212.0000000000
3801 -211.0000000000
3829 -210.0000000000
3870 -209.0000000000
3888 -208.0000000000
3907 -207.0000000000
3933 -206.0000000000
3974 -205.0000000000
3979 -204.0000000000
3996 -203.0000000000
3997 -202.0000000000
4008 -201.0000000000
4093 -200.0000000000
4117 -199.0000000000
4135 -198.0000000000
4221 -197.0000000000
4237 -196.0000000000
4269 -195.0000000000
4363 -194.0000000000
4392 -193.0000000000
4400 -191.0000000000
4471 -190.0000000000
4505 -189.0000000000
4536 -188.0000000000
4585 -187.0000000000
4610 -186.0000000000
4658 -185.0000000000
4678 -184.0000000000
4743 -183.0000000000
4839 -182.0000000000
4853 -181.0000000000
4885 -180.0000000000
4964 -179.0000000000
5017 -178.0000000000
5065 -177.0000000000
5083 -176.0000000000
5192 -175.0000000000
5228 -174.0000000000
5232 -173.0000000000
5288 -172.0000000000
5340 -171.0000000000
5371 -170.0000000000
5430 -169.0000000000
5538 -168.0000000000
5542 -167.0000000000
5561 -166.0000000000
5654 -165.0000000000
5676 -164.0000000000
5787 -163.0000000000
5812 -162.0000000000
5813 -161.0000000000
5903 -160.0000000000
5955 -159.0000000000
6093 -158.0000000000
6105 -157.0000000000
6183 -156.0000000000
6209 -155.0000000000
6266 -154.0000000000
6313 -153.0000000000
6349 -152.0000000000
6414 -151.0000000000
6485 -150.0000000000
6541 -149.0000000000
6667 -148.0000000000
6699 -147.0000000000
6709 -146.0000000000
6724 -145.0000000000
6853 -144.0000000000
6868 -143.0000000000
6887 -142.0000000000
6973 -141.0000000000
7048 -140.0000000000
7104 -139.0000000000
7109 -138.0000000000
7130 -137.0000000000
7152 -136.0000000000
7291 -135.0000000000
7409 -134.0000000000
7437 -133.0000000000
7509 -131.0000000000
7646 -130.0000000000
7653 -129.0000000000
7788 -127.0000000000
7861 -126.0000000000
7946 -125.0000000000
8062 -124.0000000000
8129 -123.0000000000
8151 -122.0000000000
8327 -121.0000000000
8431 -120.0000000000
8449 -119.0000000000
8491 -118.0000000000
8677 -117.0000000000
8737 -116.0000000000
8790 -115.0000000000
8829 -113.0000000000
9000 -112.0000000000
9030 -111.0000000000
9044 -110.0000000000
9087 -109.0000000000
9103 -108.0000000000
9109 -107.0000000000
9314 -106.0000000000
9381 -105.0000000000
9383 -103.0000000000
9444 -102.0000000000
9485 -101.0000000000
9522 -100.0000000000
9592 -99.0000000000
9750 -98.0000000000
9826 -97.0000000000
9890 -96.0000000000
9981 -95.0000000000
10005 -94.0000000000
10128 -93.0000000000
10187 -92.0000000000
10323 -91.0000000000
10396 -90.0000000000
10464 -89.0000000000
10482 -88.0000000000
10510 -87.0000000000
10572 -86.0000000000
10631 -85.0000000000
10694 -84.0000000000
10822 -83.0000000000
10850 -82.0000000000
10880 -81.0000000000
11121 -80.0000000000
11164 -79.0000000000
11224 -78.0000000000
11333 -77.0000000000
11423 -76.0000000000
11563 -75.0000000000
11674 -74.0000000000
11737 -73.0000000000
11751 -72.0000000000
11851 -71.0000000000
11973 -70.0000000000
12098 -69.0000000000
12169 -68.0000000000
12323 -67.0000000000
12405 -65.0000000000
12507 -64.0000000000
12585 -63.0000000000
12710 -62.0000000000
12980 -61.0000000000
13182 -60.0000000000
13342 -59.0000000000
13443 -58.0000000000
13587 -57.0000000000
13620 -56.0000000000
13655 -55.0000000000
13936 -54.0000000000
13970 -53.0000000000
14149 -52.0000000000
14340 -51.0000000000
14363 -50.0000000000
14591 -49.0000000000
14703 -48.0000000000
14888 -47.0000000000
15135 -46.0000000000
15296 -45.0000000000
15508 -44.0000000000
15587 -43.0000000000
15634 -42.0000000000
15795 -41.0000000000
16062 -40.0000000000
16138 -39.0000000000
16342 -38.0000000000
16435 -37.0000000000
16699 -36.0000000000
17035 -35.0000000000
17127 -34.0000000000
17216 -33.0000000000
17576 -32.0000000000
17610 -31.0000000000
17903 -30.0000000000
18119 -29.0000000000
18344 -28.0000000000
18412 -27.0000000000
18587 -26.0000000000
19033 -25.0000000000
19057 -24.0000000000
19503 -23.0000000000
19657 -22.0000000000
19981 -21.0000000000
20164 -20.0000000000
20448 -19.0000000000
20804 -18.0000000000
20844 -17.0000000000
21228 -16.0000000000
21418 -15.0000000000
21955 -14.0000000000
22389 -13.0000000000
22680 -12.0000000000
23047 -11.0000000000
23337 -10.0000000000
23796 -9.0000000000
23999 -8.0000000000
24413 -7.0000000000
24618 -6.0000000000
24865 -5.0000000000
25217 -4.0000000000
25610 -3.0000000000
26220 -2.0000000000
27399 -1.0000000000
28263 585.0000000000
28585 597.0000000000
28709 616.0000000000
29196 619.0000000000
30056 620.0000000000
33464 622.0000000000
33597 646.0000000000
38002 656.0000000000
42236 660.0000000000
44160 661.0000000000
44566 667.0000000000
44980 668.0000000000
47657 669.0000000000
48056 673.0000000000
49275 680.0000000000
58675 682.0000000000
74423 684.0000000000
100000 -3.0000000000
evaluations raw_y
1 -374.0000000000
4 -356.0000000000
15 -343.0000000000
56 -342.0000000000
81 -341.0000000000
85 -340.0000000000
122 -339.0000000000
136 -337.0000000000
214 -336.0000000000
230 -335.0000000000
240 -333.0000000000
270 -332.0000000000
273 -331.0000000000
276 -330.0000000000
332 -329.0000000000
360 -328.0000000000
361 -327.0000000000
399 -326.0000000000
438 -324.0000000000
482 -323.0000000000
487 -322.0000000000
519 -321.0000000000
522 -320.0000000000
551 -319.0000000000
572 -318.0000000000
575 -317.0000000000
584 -316.0000000000
624 -315.0000000000
637 -314.0000000000
704 -311.0000000000
730 -310.0000000000
754 -309.0000000000
790 -307.0000000000
857 -306.0000000000
866 -305.0000000000
871 -304.0000000000
906 -303.0000000000
918 -301.0000000000
993 -300.0000000000
1033 -299.0000000000
1055 -298.0000000000
1065 -297.0000000000
1102 -296.0000000000
1162 -295.0000000000
1178 -294.0000000000
1180 -293.0000000000
1242 -292.0000000000
1318 -291.0000000000
1338 -290.0000000000
1349 -289.0000000000
1376 -288.0000000000
1404 -287.0000000000
1431 -286.0000000000
1465 -285.0000000000
1469 -284.0000000000
1507 -283.0000000000
1517 -282.0000000000
1555 -281.0000000000
1597 -280.0000000000
1600 -279.0000000000
1623 -278.0000000000
1679 -277.0000000000
1760 -276.0000000000
1795 -275.0000000000
1810 -274.0000000000
1825 -273.0000000000
1844 -272.0000000000
1861 -271.0000000000
1880 -270.0000000000
1918 -269.0000000000
1919 -268.0000000000
1926 -267.0000000000
2005 -266.0000000000
2016 -265.0000000000
2042 -262.0000000000
2139 -261.0000000000
2159 -260.0000000000
2173 -259.0000000000
2219 -258.0000000000
2260 -257.0000000000
2324 -256.0000000000
2361 -255.0000000000
2422 -254.0000000000
2459 -251.0000000000
2525 -250.0000000000
2588 -249.0000000000
2622 -248.0000000000
2640 -246.0000000000
2705 -245.0000000000
2759 -244.0000000000
2763 -243.0000000000
2828 -241.0000000000
2904 -240.0000000000
2928 -239.0000000000
2936 -238.0000000000
2964 -237.0000000000
2998 -236.0000000000
3038 -234.0000000000
3086 -233.0000000000
3133 -232.0000000000
3150 -231.0000000000
3207 -230.0000000000
3242 -229.0000000000
3304 -228.0000000000
3330 -227.0000000000
3335 -226.0000000000
3451 -225.0000000000
3508 -224.0000000000
3529 -223.0000000000
3592 -221.0000000000
3623 -220.0000000000
3629 -219.0000000000
3686 -218.0000000000
3720 -217.0000000000
3768 -215.0000000000
3798 -214.0000000000
3912 -213.0000000000
3944 -212.0000000000
3958 -211.0000000000
4022 -210.0000000000
4085 -209.0000000000
4109 -208.0000000000
4148 -207.0000000000
4150 -206.0000000000
4179 -205.0000000000
4228 -204.0000000000
4234 -203.0000000000
4292 -202.0000000000
4295 -201.0000000000
4325 -200.0000000000
4391 -199.0000000000
4405 -198.0000000000
4448 -197.0000000000
4491 -196.0000000000
4551 -195.0000000000
4609 -194.0000000000
4666 -193.0000000000
4711 -192.0000000000
4723 -191.0000000000
4780 -190.0000000000
4842 -189.0000000000
4877 -187.0000000000
4882 -186.0000000000
4898 -185.0000000000
4918 -184.0000000000
4948 -183.0000000000
4976 -182.0000000000
5011 -181.0000000000
5048 -180.0000000000
5114 -179.0000000000
5125 -178.0000000000
5241 -177.0000000000
5253 -176.0000000000
5341 -175.0000000000
5382 -174.0000000000
5393 -173.0000000000
5458 -171.0000000000
5541 -170.0000000000
5573 -169.0000000000
5672 -168.0000000000
5750 -167.0000000000
5792 -166.0000000000
5809 -165.0000000000
5874 -164.0000000000
5918 -163.0000000000
5974 -162.0000000000
6011 -161.0000000000
6085 -160.0000000000
6136 -159.0000000000
6176 -158.0000000000
6199 -157.0000000000
6216 -155.0000000000
6294 -153.0000000000
6412 -152.0000000000
6465 -151.0000000000
6517 -150.0000000000
6615 -149.0000000000
6632 -148.0000000000
6705 -147.0000000000
6778 -146.0000000000
6847 -145.0000000000
6875 -144.0000000000
6980 -142.0000000000
7112 -141.0000000000
7177 -140.0000000000
7211 -139.0000000000
7260 -138.0000000000
7342 -137.0000000000
7418 -136.0000000000
7437 -135.0000000000
7505 -134.0000000000
7645 -133.0000000000
7700 -132.0000000000
7765 -131.0000000000
7782 -130.0000000000
7910 -129.0000000000
7961 -128.0000000000
7990 -127.0000000000
8056 -126.0000000000
8122 -125.0000000000
8148 -124.0000000000
8166 -123.0000000000
8348 -122.0000000000
8357 -121.0000000000
8408 -120.0000000000
8573 -119.0000000000
8622 -118.0000000000
8705 -117.0000000000
8763 -116.0000000000
8769 -115.0000000000
8895 -114.0000000000
9090 -113.0000000000
9148 -112.0000000000
9209 -111.0000000000
9332 -110.0000000000
9356 -109.0000000000
9426 -108.0000000000
9507 -107.0000000000
9561 -106.0000000000
9614 -105.0000000000
9659 -104.0000000000
9737 -103.0000000000
9947 -102.0000000000
10047 -101.0000000000
10145 -100.0000000000
10218 -99.0000000000
10363 -98.0000000000
10381 -97.0000000000
10565 -96.0000000000
10620 -95.0000000000
10711 -94.0000000000
10737 -93.0000000000
10744 -92.0000000000
10878 -91.0000000000
10921 -90.0000000000
10996 -89.0000000000
11002 -88.0000000000
11160 -87.0000000000
11234 -86.0000000000
11330 -85.0000000000
11387 -84.0000000000
11439 -83.0000000000
11481 -82.0000000000
11660 -81.0000000000
11764 -80.0000000000
11876 -79.0000000000
12021 -78.0000000000
12081 -77.0000000000
12198 -76.0000000000
12274 -75.0000000000
12368 -74.0000000000
12502 -73.0000000000
12677 -72.0000000000
12772 -71.0000000000
12839 -69.0000000000
12996 -68.0000000000
13060 -67.0000000000
13147 -66.0000000000
13204 -65.0000000000
13240 -64.0000000000
13262 -63.0000000000
13342 -62.0000000000
13524 -61.0000000000
13605 -60.0000000000
13665 -59.0000000000
13852 -58.0000000000
13939 -57.0000000000
14089 -56.0000000000
14411 -55.0000000000
14560 -54.0000000000
14834 -53.0000000000
14840 -52.0000000000
15019 -51.0000000000
15111 -50.0000000000
15303 -49.0000000000
15473 -48.0000000000
15494 -47.0000000000
15588 -46.0000000000
15655 -45.0000000000
15913 -44.0000000000
16052 -43.0000000000
16306 -42.0000000000
16393 -41.0000000000
17031 -40.0000000000
17076 -39.0000000000
17337 -38.0000000000
17353 -36.0000000000
17766 -35.0000000000
17813 -33.0000000000
18014 -32.0000000000
18128 -31.0000000000
18535 -30.0000000000
18671 -29.0000000000
18814 -28.0000000000
18937 -27.0000000000
18967 -26.0000000000
19408 -25.0000000000
19737 -24.0000000000
19939 -23.0000000000
20293 -22.0000000000
20557 -21.0000000000
21383 -20.0000000000
21656 -19.0000000000
21928 -18.0000000000
22138 -17.0000000000
22454 -16.0000000000
22880 -15.0000000000
23388 -14.0000000000
23845 -13.0000000000
24185 -12.0000000000
24628 -11.0000000000
24659 -10.0000000000
25358 -9.0000000000
25460 -8.0000000000
25960 -7.0000000000
26129 -6.0000000000
27062 -5.0000000000
27179 -4.0000000000
27826 -3.0000000000
27980 -2.0000000000
28676 -1.0000000000
28953 590.0000000000
28977 630.0000000000
29746 633.0000000000
30072 634.0000000000
30411 638.0000000000
30907 642.0000000000
30967 643.0000000000
31714 651.0000000000
32303 652.0000000000
32925 654.0000000000
33044 665.0000000000
33589 666.0000000000
34473 670.0000000000
34903 672.0000000000
36368 678.0000000000
47784 680.0000000000
100000 -2.0000000000
evaluations raw_y
1 -364.0000000000
2 -363.0000000000
7 -344.0000000000
118 -343.0000000000
119 -342.0000000000
125 -341.0000000000
148 -340.0000000000
151 -339.0000000000
200 -338.0000000000
233 -337.0000000000
236 -336.0000000000
246 -335.0000000000
251 -334.0000000000
277 -333.0000000000
315 -332.0000000000
377 -331.0000000000
419 -330.0000000000
424 -329.0000000000
426 -328.0000000000
449 -327.0000000000
465 -326.0000000000
488 -325.0000000000
492 -324.0000000000
498 -322.0000000000
507 -321.0000000000
537 -320.0000000000
606 -319.0000000000
637 -318.0000000000
641 -316.0000000000
656 -315.0000000000
705 -314.0000000000
731 -313.0000000000
751 -312.0000000000
780 -311.0000000000
807 -310.0000000000
825 -306.0000000000
840 -305.0000000000
862 -303.0000000000
876 -302.0000000000
923 -301.0000000000
934 -300.0000000000
944 -299.0000000000
971 -298.0000000000
999 -297.0000000000
1006 -296.0000000000
1033 -294.0000000000
1113 -293.0000000000
1128 -292.0000000000
1154 -291.0000000000
1198 -289.0000000000
1222 -288.0000000000
1257 -287.0000000000
1278 -286.0000000000
1294 -285.0000000000
1362 -284.0000000000
1393 -282.0000000000
1480 -280.0000000000
1526 -279.0000000000
1535 -278.0000000000
1593 -277.0000000000
1598 -275.0000000000
1607 -274.0000000000
1622 -272.0000000000
1629 -271.0000000000
1699 -270.0000000000
1711 -268.0000000000
1752 -267.0000000000
1771 -265.0000000000
1838 -264.0000000000
1843 -262.0000000000
1938 -261.0000000000
1941 -260.0000000000
1971 -259.0000000000
2036 -258.0000000000
2067 -257.0000000000
2091 -256.0000000000
2111 -255.0000000000
2181 -254.0000000000
2201 -253.0000000000
2232 -252.0000000000
2273 -251.0000000000
2292 -250.0000000000
2327 -249.0000000000
2368 -248.0000000000
2409 -247.0000000000
2440 -246.0000000000
2456 -245.0000000000
2512 -244.0000000000
2528 -243.0000000000
2563 -242.0000000000
2592 -241.0000000000
2631 -240.0000000000
2701 -239.0000000000
2734 -238.0000000000
2766 -237.0000000000
2776 -236.0000000000
2797 -235.0000000000
2856 -234.0000000000
2937 -233.0000000000
2981 -232.0000000000
3013 -231.0000000000
3032 -230.0000000000
3057 -228.0000000000
3080 -226.0000000000
3091 -225.0000000000
3117 -224.0000000000
3130 -223.0000000000
3191 -222.0000000000
3194 -221.0000000000
3230 -220.0000000000
3254 -219.0000000000
3312 -216.0000000000
3409 -215.0000000000
3478 -214.0000000000
3510 -213.0000000000
3579 -212.0000000000
3580 -210.0000000000
3671 -209.0000000000
3704 -208.0000000000
3728 -207.0000000000
3755 -206.0000000000
3842 -205.0000000000
3897 -204.0000000000
3944 -203.0000000000
3949 -202.0000000000
3983 -201.0000000000
3995 -200.0000000000
4091 -199.0000000000
4103 -198.0000000000
4106 -197.0000000000
4194 -196.0000000000
4241 -195.0000000000
4258 -194.0000000000
4354 -193.0000000000
4361 -192.0000000000
4423 -191.0000000000
4456 -190.0000000000
4513 -189.0000000000
4596 -188.0000000000
4611 -187.0000000000
4653 -186.0000000000
4693 -185.0000000000
4701 -184.0000000000
4708 -183.0000000000
4728 -181.0000000000
4842 -180.0000000000
4954 -178.0000000000
4974 -177.0000000000
5049 -176.0000000000
5088 -175.0000000000
5137 -174.0000000000
5167 -173.0000000000
5206 -172.0000000000
5268 -171.0000000000
5310 -170.0000000000
5357 -168.0000000000
5407 -167.0000000000
5481 -166.0000000000
5585 -165.0000000000
5640 -164.0000000000
5693 -162.0000000000
5736 -161.0000000000
5791 -160.0000000000
5836 -159.0000000000
5866 -158.0000000000
5925 -157.0000000000
5979 -156.0000000000
6046 -155.0000000000
6099 -154.0000000000
6126 -153.0000000000
6151 -152.0000000000
6175 -151.0000000000
6180 -150.0000000000
6300 -149.0000000000
6354 -148.0000000000
6398 -147.0000000000
6513 -146.0000000000
6578 -145.0000000000
6620 -144.0000000000
6644 -143.0000000000
6667 -142.0000000000
6691 -141.0000000000
6742 -140.0000000000
6749 -139.0000000000
6825 -138.0000000000
6886 -137.0000000000
6892 -136.0000000000
6926 -135.0000000000
7026 -134.0000000000
7052 -133.0000000000
7081 -132.0000000000
7121 -131.0000000000
7139 -130.0000000000
7247 -129.0000000000
7296 -128.0000000000
7395 -127.0000000000
7441 -126.0000000000
7529 -125.0000000000
7597 -124.0000000000
7659 -123.0000000000
7672 -122.0000000000
7784 -121.0000000000
7809 -120.0000000000
7899 -119.0000000000
7969 -118.0000000000
7981 -117.0000000000
8062 -116.0000000000
8236 -115.0000000000
8278 -114.0000000000
8346 -113.0000000000
8396 -112.0000000000
8427 -111.0000000000
8610 -110.0000000000
8648 -109.0000000000
8767 -108.0000000000
8808 -107.0000000000
8830 -105.0000000000
8940 -104.0000000000
8964 -103.0000000000
9000 -102.0000000000
9112 -101.0000000000
9288 -100.0000000000
9290 -99.0000000000
9387 -98.0000000000
9524 -97.0000000000
9588 -96.0000000000
9737 -95.0000000000
9767 -94.0000000000
9836 -93.0000000000
9884 -92.0000000000
9913 -91.0000000000
9941 -90.0000000000
10187 -89.0000000000
10219 -88.0000000000
10323 -87.0000000000
10372 -86.0000000000
10452 -85.0000000000
10494 -84.0000000000
10508 -83.0000000000
10679 -82.0000000000
10762 -81.0000000000
10858 -80.0000000000
11027 -79.0000000000
11083 -78.0000000000
11101 -77.0000000000
11307 -76.0000000000
11341 -75.0000000000
11421 -74.0000000000
11629 -73.0000000000
11809 -72.0000000000
11835 -71.0000000000
11975 -70.0000000000
12022 -69.0000000000
12032 -68.0000000000
12153 -67.0000000000
12236 -65.0000000000
12325 -64.0000000000
12392 -63.0000000000
12514 -62.0000000000
12727 -61.0000000000
12787 -60.0000000000
12871 -59.0000000000
12979 -58.0000000000
13209 -57.0000000000
13231 -56.0000000000
13372 -55.0000000000
13563 -54.0000000000
13640 -53.0000000000
13684 -52.0000000000
13695 -51.0000000000
13871 -50.0000000000
13908 -49.0000000000
14144 -48.0000000000
14397 -47.0000000000
14481 -46.0000000000
14815 -45.0000000000
14868 -44.0000000000
14913 -43.0000000000
15035 -42.0000000000
15129 -41.0000000000
15212 -40.0000000000
15425 -39.0000000000
15542 -38.0000000000
15893 -37.0000000000
15995 -36.0000000000
16225 -35.0000000000
16404 -34.0000000000
16558 -33.0000000000
16810 -32.0000000000
16882 -31.0000000000
16994 -30.0000000000
17429 -29.0000000000
17628 -28.0000000000
17631 -27.0000000000
17705 -26.0000000000
17878 -25.0000000000
18037 -24.0000000000
18297 -23.0000000000
18523 -22.0000000000
18651 -21.0000000000
18776 -20.0000000000
18954 -19.0000000000
19169 -18.0000000000
19423 -17.0000000000
19798 -16.0000000000
20013 -15.0000000000
20387 -14.0000000000
20429 -13.0000000000
20926 -12.0000000000
21308 -11.0000000000
21644 -10.0000000000
21745 -9.0000000000
21749 -8.0000000000
21954 -7.0000000000
22499 -6.0000000000
22554 -5.0000000000
22684 -4.0000000000
23388 -3.0000000000
23950 -2.0000000000
24387 -1.0000000000
25421 582.0000000000
25668 621.0000000000
27183 624.0000000000
27360 627.0000000000
28029 631.0000000000
29635 635.0000000000
31077 641.0000000000
33201 646.0000000000
34671 649.0000000000
50849 653.0000000000
70083 663.0000000000
73933 666.0000000000
100000 -3.0000000000
evaluations raw_y
1 -385.0000000000
2 -375.0000000000
3 -351.0000000000
8 -344.0000000000
21 -333.0000000000
87 -332.0000000000
100 -331.0000000000
159 -329.0000000000
192 -328.0000000000
221 -327.0000000000
261 -326.0000000000
266 -325.0000000000
304 -324.0000000000
317 -323.0000000000
337 -322.0000000000
343 -321.0000000000
368 -320.0000000000
395 -319.0000000000
399 -318.0000000000
425 -316.0000000000
491 -315.0000000000
519 -314.0000000000
567 -313.0000000000
576 -312.0000000000
600 -311.0000000000
616 -310.0000000000
635 -309.0000000000
668 -308.0000000000
692 -307.0000000000
728 -306.0000000000
729 -305.0000000000
741 -304.0000000000
764 -303.0000000000
838 -302.0000000000
877 -301.0000000000
891 -300.0000000000
907 -299.0000000000
949 -298.0000000000
981 -297.0000000000
1034 -296.0000000000
1059 -295.0000000000
1092 -294.0000000000
1112 -293.0000000000
1137 -292.0000000000
1160 -289.0000000000
1174 -288.0000000000
1227 -287.0000000000
1231 -286.0000000000
1282 -285.0000000000
1326 -284.0000000000
1366 -283.0000000000
1410 -281.0000000000
1429 -280.0000000000
1475 -278.0000000000
1535 -277.0000000000
1586 -275.0000000000
1681 -274.0000000000
1696 -273.0000000000
1718 -271.0000000000
1752 -270.0000000000
1771 -269.0000000000
1781 -268.0000000000
1794 -267.0000000000
1889 -266.0000000000
1938 -264.0000000000
1949 -263.0000000000
1981 -262.0000000000
2009 -261.0000000000
2014 -259.0000000000
2079 -258.0000000000
2122 -257.0000000000
2127 -255.0000000000
2132 -254.0000000000
2141 -253.0000000000
2142 -252.0000000000
2165 -251.0000000000
2312 -250.0000000000
2316 -249.0000000000
2354 -248.0000000000
2356 -247.0000000000
2438 -246.0000000000
2464 -244.0000000000
2487 -243.0000000000
2534 -242.0000000000
2538 -241.0000000000
2573 -240.0000000000
2638 -239.0000000000
2686 -237.0000000000
2689 -236.0000000000
2762 -235.0000000000
2791 -234.0000000000
2826 -233.0000000000
2904 -232.0000000000
2970 -231.0000000000
2971 -229.0000000000
3012 -228.0000000000
3027 -227.0000000000
3065 -226.0000000000
3090 -225.0000000000
3129 -224.0000000000
3150 -223.0000000000
3201 -222.0000000000
3207 -221.0000000000
3232 -220.0000000000
3332 -219.0000000000
3341 -218.0000000000
3403 -217.0000000000
3420 -216.0000000000
3450 -215.0000000000
3466 -214.0000000000
3493 -213.0000000000
3509 -212.0000000000
3521 -211.0000000000
3585 -210.0000000000
3616 -209.0000000000
3627 -208.0000000000
3713 -207.0000000000
3781 -206.0000000000
3838 -205.0000000000
3881 -204.0000000000
3911 -203.0000000000
3939 -202.0000000000
3947 -201.0000000000
4119 -200.0000000000
4160 -199.0000000000
4237 -198.0000000000
4267 -197.0000000000
4317 -196.0000000000
4334 -195.0000000000
4389 -194.0000000000
4396 -193.0000000000
4413 -192.0000000000
4441 -191.0000000000
4495 -190.0000000000
4543 -188.0000000000
4600 -187.0000000000
4606 -186.0000000000
4629 -185.0000000000
4699 -184.0000000000
4730 -183.0000000000
4754 -182.0000000000
4796 -181.0000000000
4859 -180.0000000000
4887 -179.0000000000
4952 -178.0000000000
4989 -177.0000000000
5019 -176.0000000000
5135 -175.0000000000
5222 -174.0000000000
5229 -173.0000000000
5249 -172.0000000000
5254 -171.0000000000
5328 -170.0000000000
5366 -169.0000000000
5435 -168.0000000000
5474 -167.0000000000
5503 -166.0000000000
5539 -165.0000000000
5639 -164.0000000000
5643 -162.0000000000
5664 -161.0000000000
5666 -160.0000000000
5832 -159.0000000000
5947 -158.0000000000
6021 -157.0000000000
6087 -156.0000000000
6098 -155.0000000000
6273 -154.0000000000
6300 -153.0000000000
6312 -152.0000000000
6419 -151.0000000000
6445 -149.0000000000
6580 -148.0000000000
6619 -147.0000000000
6724 -146.0000000000
6758 -145.0000000000
6877 -144.0000000000
6878 -142.0000000000
6917 -141.0000000000
6964 -140.0000000000
7004 -139.0000000000
7109 -138.0000000000
7173 -137.0000000000
7229 -136.0000000000
7332 -135.0000000000
7412 -134.0000000000
7430 -133.0000000000
7454 -132.0000000000
7528 -131.0000000000
7595 -130.0000000000
7641 -129.0000000000
7738 -128.0000000000
7739 -127.0000000000
7899 -126.0000000000
7934 -125.0000000000
7948 -124.0000000000
8198 -123.0000000000
8259 -122.0000000000
8266 -121.0000000000
8305 -120.0000000000
8401 -119.0000000000
8466 -118.0000000000
8525 -117.0000000000
8535 -116.0000000000
8567 -115.0000000000
8572 -114.0000000000
8664 -113.0000000000
8793 -112.0000000000
8878 -111.0000000000
8935 -110.0000000000
9009 -109.0000000000
9024 -108.0000000000
9049 -107.0000000000
9147 -106.0000000000
9244 -105.0000000000
9305 -104.0000000000
9386 -103.0000000000
9559 -102.0000000000
9571 -101.0000000000
9703 -100.0000000000
9746 -99.0000000000
9752 -98.0000000000
9890 -97.0000000000
9988 -96.0000000000
10042 -95.0000000000
10103 -94.0000000000
10220 -93.0000000000
10346 -92.0000000000
10424 -91.0000000000
10541 -90.0000000000
10547 -89.0000000000
10735 -88.0000000000
10817 -87.0000000000
10822 -86.0000000000
10988 -85.0000000000
11042 -84.0000000000
11104 -83.0000000000
11165 -82.0000000000
11366 -81.0000000000
11443 -80.0000000000
11558 -79.0000000000
11630 -78.0000000000
11961 -77.0000000000
12017 -76.0000000000
12032 -75.0000000000
12112 -74.0000000000
12120 -73.0000000000
12262 -72.0000000000
12278 -71.0000000000
12445 -69.0000000000
12575 -68.0000000000
12819 -67.0000000000
13001 -66.0000000000
13036 -65.0000000000
13264 -64.0000000000
13450 -63.0000000000
13561 -62.0000000000
13711 -61.0000000000
13875 -60.0000000000
14019 -59.0000000000
14030 -58.0000000000
14179 -57.0000000000
14372 -55.0000000000
14548 -54.0000000000
14789 -53.0000000000
14914 -52.0000000000
14981 -51.0000000000
15130 -50.0000000000
15329 -49.0000000000
15424 -48.0000000000
15667 -47.0000000000
15847 -46.0000000000
16051 -45.0000000000
16073 -44.0000000000
16131 -43.0000000000
16453 -42.0000000000
16553 -41.0000000000
16724 -40.0000000000
16871 -39.0000000000
17189 -38.0000000000
17219 -37.0000000000
17291 -36.0000000000
17667 -35.0000000000
17757 -34.0000000000
18119 -33.0000000000
18372 -32.0000000000
18455 -31.0000000000
18915 -30.0000000000
19173 -29.0000000000
19309 -28.0000000000
19525 -27.0000000000
19590 -26.0000000000
19720 -25.0000000000
20246 -24.0000000000
20767 -23.0000000000
20789 -22.0000000000
21223 -21.0000000000
21394 -20.0000000000
21836 -19.0000000000
22049 -18.0000000000
22590 -17.0000000000
22816 -16.0000000000
22890 -15.0000000000
23175 -14.0000000000
23507 -13.0000000000
23797 -12.0000000000
24053 -11.0000000000
24201 -10.0000000000
24658 -9.0000000000
24737 -8.0000000000
25352 -7.0000000000
25924 -6.0000000000
26395 -5.0000000000
26933 -4.0000000000
27080 -3.0000000000
27637 -2.0000000000
27855 -1.0000000000
28208 603.0000000000
28497 614.0000000000
29021 618.0000000000
29831 632.0000000000
30241 644.0000000000
32268 647.0000000000
32578 648.0000000000
33395 655.0000000000
36179 656.0000000000
36280 657.0000000000
36997 662.0000000000
55896 675.0000000000
65153 678.0000000000
65253 683.0000000000
65351 684.0000000000
65689 688.0000000000
96838 689.0000000000
100000 -2.0000000000
evaluations raw_y
1 -377.0000000000
2 -367.0000000000
3 -359.0000000000
15 -358.0000000000
22 -351.0000000000
50 -350.0000000000
56 -349.0000000000
79 -347.0000000000
126 -344.0000000000
168 -343.0000000000
218 -341.0000000000
239 -340.0000000000
264 -339.0000000000
293 -338.0000000000
352 -335.0000000000
382 -333.0000000000
411 -332.0000000000
428 -331.0000000000
445 -330.0000000000
452 -329.0000000000
495 -328.0000000000
503 -327.0000000000
518 -326.0000000000
575 -324.0000000000
603 -323.0000000000
616 -322.0000000000
620 -321.0000000000
629 -320.0000000000
666 -318.0000000000
690 -316.0000000000
715 -315.0000000000
764 -314.0000000000
794 -313.0000000000
820 -312.0000000000
830 -311.0000000000
864 -310.0000000000
916 -309.0000000000
946 -308.0000000000
952 -307.0000000000
955 -306.0000000000
981 -305.0000000000
1017 -302.0000000000
1060 -301.0000000000
1076 -300.0000000000
1096 -299.0000000000
1156 -298.0000000000
1157 -297.0000000000
1168 -296.0000000000
1191 -295.0000000000
1216 -294.0000000000
1241 -293.0000000000
1243 -292.0000000000
1279 -291.0000000000
1305 -290.0000000000
1311 -289.0000000000
1326 -288.0000000000
1331 -287.0000000000
1351 -286.0000000000
1374 -285.0000000000
1443 -284.0000000000
1474 -283.0000000000
1522 -282.0000000000
1587 -281.0000000000
1594 -280.0000000000
1606 -279.0000000000
1649 -278.0000000000
1695 -277.0000000000
1699 -276.0000000000
1729 -275.0000000000
1738 -274.0000000000
1776 -273.0000000000
1815 -271.0000000000
1828 -270.0000000000
1844 -269.0000000000
1858 -268.0000000000
1863 -267.0000000000
1871 -266.0000000000
1909 -265.0000000000
1969 -264.0000000000
1971 -263.0000000000
2019 -262.0000000000
2053 -261.0000000000
2101 -260.0000000000
2108 -259.0000000000
2126 -258.0000000000
2179 -257.0000000000
2220 -256.0000000000
2268 -255.0000000000
2303 -254.0000000000
2307 -253.0000000000
2324 -250.0000000000
2356 -249.0000000000
2400 -248.0000000000
2440 -247.0000000000
2487 -246.0000000000
2531 -245.0000000000
2577 -244.0000000000
2606 -243.0000000000
2630 -242.0000000000
2637 -241.0000000000
2662 -240.0000000000
2693 -239.0000000000
2734 -238.0000000000
2743 -237.0000000000
2770 -236.0000000000
2820 -235.0000000000
2825 -234.0000000000
2875 -233.0000000000
2903 -232.0000000000
2982 -231.0000000000
2998 -230.0000000000
3036 -229.0000000000
3039 -228.0000000000
3114 -227.0000000000
3171 -226.0000000000
3179 -225.0000000000
3236 -224.0000000000
3261 -223.0000000000
3269 -222.0000000000
3296 -221.0000000000
3361 -220.0000000000
3420 -219.0000000000
3438 -218.0000000000
3441 -216.0000000000
3483 -215.0000000000
3564 -214.0000000000
3596 -213.0000000000
3678 -212.0000000000
3694 -211.0000000000
3698 -210.0000000000
3749 -207.0000000000
3907 -206.0000000000
3926 -205.0000000000
3952 -204.0000000000
4040 -203.0000000000
4125 -202.0000000000
4166 -201.0000000000
4218 -200.0000000000
4221 -199.0000000000
4275 -198.0000000000
4287 -197.0000000000
4302 -196.0000000000
4330 -193.0000000000
4427 -192.0000000000
4520 -191.0000000000
4551 -190.0000000000
4613 -189.0000000000
4662 -188.0000000000
4699 -187.0000000000
4732 -186.0000000000
4739 -185.0000000000
4757 -184.0000000000
4818 -183.0000000000
4847 -182.0000000000
4916 -181.0000000000
4942 -180.0000000000
4978 -179.0000000000
4992 -178.0000000000
5090 -177.0000000000
5140 -176.0000000000
5178 -175.0000000000
5249 -174.0000000000
5296 -173.0000000000
5318 -172.0000000000
5378 -171.0000000000
5418 -170.0000000000
5458 -169.0000000000
5484 -168.0000000000
5495 -167.0000000000
5534 -166.0000000000
5594 -165.0000000000
5617 -163.0000000000
5713 -162.0000000000
5770 -161.0000000000
5806 -160.0000000000
5820 -159.0000000000
5852 -158.0000000000
5907 -157.0000000000
5960 -156.0000000000
6040 -155.0000000000
6101 -154.0000000000
6154 -153.0000000000
6241 -152.0000000000
6301 -151.0000000000
6343 -150.0000000000
6361 -149.0000000000
6416 -148.0000000000
6452 -147.0000000000
6536 -146.0000000000
6608 -145.0000000000
6721 -144.0000000000
6744 -143.0000000000
6833 -142.0000000000
6842 -141.0000000000
6874 -140.0000000000
6929 -139.0000000000
6974 -138.0000000000
7001 -137.0000000000
7070 -136.0000000000
7111 -135.0000000000
7210 -134.0000000000
7229 -133.0000000000
7291 -132.0000000000
7368 -131.0000000000
7385 -130.0000000000
7516 -129.0000000000
7566 -128.0000000000
7578 -127.0000000000
7764 -126.0000000000
7809 -125.0000000000
7832 -124.0000000000
7920 -123.0000000000
7972 -122.0000000000
8102 -121.0000000000
8145 -120.0000000000
8216 -119.0000000000
8267 -118.0000000000
8313 -117.0000000000
8363 -116.0000000000
8391 -115.0000000000
8457 -114.0000000000
8515 -113.0000000000
8608 -112.0000000000
8642 -111.0000000000
8734 -110.0000000000
8808 -109.0000000000
8877 -108.0000000000
8989 -107.0000000000
9056 -106.0000000000
9178 -105.0000000000
9194 -104.0000000000
9214 -103.0000000000
9241 -102.0000000000
9320 -101.0000000000
9397 -100.0000000000
9596 -99.0000000000
9635 -98.0000000000
9714 -97.0000000000
9725 -96.0000000000
9967 -95.0000000000
10060 -93.0000000000
10092 -92.0000000000
10211 -91.0000000000
10232 -90.0000000000
10393 -89.0000000000
10444 -88.0000000000
10456 -87.0000000000
10560 -86.0000000000
10582 -85.0000000000
10724 -84.0000000000
10751 -83.0000000000
10851 -82.0000000000
10908 -81.0000000000
10946 -80.0000000000
11045 -79.0000000000
11130 -78.0000000000
11135 -77.0000000000
11205 -76.0000000000
11427 -75.0000000000
11435 -74.0000000000
11641 -73.0000000000
11721 -72.0000000000
11732 -71.0000000000
11901 -70.0000000000
11995 -69.0000000000
12157 -68.0000000000
12402 -67.0000000000
12478 -66.0000000000
12595 -65.0000000000
12693 -64.0000000000
12892 -63.0000000000
12921 -62.0000000000
13028 -61.0000000000
13128 -60.0000000000
13255 -59.0000000000
13293 -58.0000000000
13309 -57.0000000000
13374 -56.0000000000
13756 -55.0000000000
13949 -54.0000000000
14201 -53.0000000000
14316 -52.0000000000
14567 -51.0000000000
14700 -50.0000000000
14826 -49.0000000000
14944 -48.0000000000
15171 -47.0000000000
15250 -46.0000000000
15289 -45.0000000000
15399 -44.0000000000
15730 -43.0000000000
15779 -42.0000000000
15844 -41.0000000000
15901 -40.0000000000
16182 -39.0000000000
16344 -38.0000000000
16520 -37.0000000000
16930 -36.0000000000
17210 -35.0000000000
17228 -34.0000000000
17775 -33.0000000000
18048 -32.0000000000
18158 -31.0000000000
18195 -30.0000000000
18202 -29.0000000000
18351 -28.0000000000
18673 -27.0000000000
18926 -26.0000000000
19208 -25.0000000000
19523 -24.0000000000
19979 -23.0000000000
20253 -22.0000000000
20276 -21.0000000000
20394 -19.0000000000
20651 -18.0000000000
20979 -17.0000000000
21334 -16.0000000000
21915 -15.0000000000
22252 -14.0000000000
22575 -13.0000000000
23099 -12.0000000000
23677 -11.0000000000
24311 -10.0000000000
24758 -9.0000000000
25340 -8.0000000000
25905 -7.0000000000
26740 -6.0000000000
27040 -5.0000000000
27441 -4.0000000000
28016 -3.0000000000
28470 -2.0000000000
28946 -1.0000000000
29239 532.0000000000
29286 541.0000000000
29380 569.0000000000
29847 575.0000000000
30676 580.0000000000
31075 587.0000000000
31238 594.0000000000
32009 611.0000000000
32151 614.0000000000
33026 618.0000000000
33110 631.0000000000
33429 633.0000000000
33545 634.0000000000
33785 638.0000000000
33875 640.0000000000
34569 643.0000000000
34707 650.0000000000
35377 656.0000000000
46635 670.0000000000
56105 671.0000000000
56211 672.0000000000
56270 680.0000000000
57008 681.0000000000
60076 685.0000000000
100000 -1.0000000000
evaluations raw_y
1 -367.0000000000
5 -360.0000000000
7 -359.0000000000
9 -335.0000000000
126 -333.0000000000
163 -332.0000000000
213 -331.0000000000
227 -330.0000000000
275 -329.0000000000
300 -328.0000000000
354 -327.0000000000
378 -326.0000000000
380 -325.0000000000
415 -324.0000000000
427 -322.0000000000
489 -321.0000000000
496 -319.0000000000
517 -318.0000000000
537 -315.0000000000
615 -314.0000000000
667 -313.0000000000
709 -312.0000000000
748 -311.0000000000
776 -310.0000000000
780 -309.0000000000
825 -307.0000000000
844 -306.0000000000
872 -305.0000000000
884 -304.0000000000
939 -303.0000000000
946 -302.0000000000
984 -301.0000000000
1027 -300.0000000000
1057 -299.0000000000
1083 -298.0000000000
1127 -296.0000000000
1185 -295.0000000000
1197 -294.0000000000
1209 -293.0000000000
1225 -292.0000000000
1243 -291.0000000000
1269 -290.0000000000
1290 -287.0000000000
1363 -286.0000000000
1407 -285.0000000000
1458 -284.0000000000
1476 -283.0000000000
1489 -282.0000000000
1538 -281.0000000000
1559 -280.0000000000
1561 -279.0000000000
1605 -278.0000000000
1610 -277.0000000000
1620 -276.0000000000
1677 -275.0000000000
1687 -274.0000000000
1710 -273.0000000000
1735 -272.0000000000
1776 -271.0000000000
1810 -270.0000000000
1830 -269.0000000000
1890 -268.0000000000
1931 -266.0000000000
1934 -265.0000000000
1936 -264.0000000000
1950 -263.0000000000
1969 -262.0000000000
2005 -261.0000000000
2078 -260.0000000000
2105 -259.0000000000
2122 -258.0000000000
2142 -257.0000000000
2213 -256.0000000000
2246 -255.0000000000
2253 -254.0000000000
2339 -253.0000000000
2399 -252.0000000000
2409 -251.0000000000
2434 -250.0000000000
2456 -249.0000000000
2490 -248.0000000000
2491 -247.0000000000
2540 -246.0000000000
2550 -245.0000000000
2566 -244.0000000000
2617 -243.0000000000
2638 -242.0000000000
2676 -240.0000000000
2714 -239.0000000000
2717 -238.0000000000
2795 -237.0000000000
2815 -236.0000000000
2878 -235.0000000000
2905 -234.0000000000
2926 -232.0000000000
2984 -231.0000000000
3013 -230.0000000000
3027 -229.0000000000
3050 -226.0000000000
3082 -225.0000000000
3124 -224.0000000000
3201 -223.0000000000
3239 -222.0000000000
3241 -221.0000000000
3257 -219.0000000000
3312 -218.0000000000
3396 -217.0000000000
3419 -216.0000000000
3457 -215.0000000000
3477 -214.0000000000
3515 -213.0000000000
3528 -212.0000000000
3557 -211.0000000000
3632 -210.0000000000
3640 -209.0000000000
3696 -208.0000000000
3710 -207.0000000000
3713 -206.0000000000
3815 -205.0000000000
3819 -204.0000000000
3863 -203.0000000000
3914 -202.0000000000
4041 -201.0000000000
4055 -200.0000000000
4074 -199.0000000000
4115 -198.0000000000
4200 -197.0000000000
4216 -196.0000000000
4292 -195.0000000000
4330 -194.0000000000
4370 -193.0000000000
4377 -192.0000000000
4493 -190.0000000000
4612 -189.0000000000
4651 -188.0000000000
4713 -186.0000000000
4789 -185.0000000000
4864 -184.0000000000
4942 -183.0000000000
4956 -182.0000000000
4989 -181.0000000000
5051 -180.0000000000
5063 -179.0000000000
5076 -178.0000000000
5081 -177.0000000000
5127 -176.0000000000
5196 -175.0000000000
5215 -174.0000000000
5324 -173.0000000000
5349 -172.0000000000
5441 -171.0000000000
5484 -170.0000000000
5557 -168.0000000000
5582 -167.0000000000
5673 -166.0000000000
5688 -165.0000000000
5689 -164.0000000000
5739 -163.0000000000
5766 -162.0000000000
5824 -161.0000000000
5873 -160.0000000000
5916 -159.0000000000
6007 -158.0000000000
6128 -157.0000000000
6207 -156.0000000000
6223 -155.0000000000
6245 -154.0000000000
6378 -153.0000000000
6379 -152.0000000000
6410 -151.0000000000
6429 -150.0000000000
6497 -149.0000000000
6560 -148.0000000000
6565 -147.0000000000
6690 -146.0000000000
6723 -145.0000000000
6803 -144.0000000000
6861 -143.0000000000
6865 -142.0000000000
6976 -141.0000000000
6983 -140.0000000000
7006 -138.0000000000
7047 -137.0000000000
7165 -136.0000000000
7336 -135.0000000000
7375 -134.0000000000
7395 -133.0000000000
7421 -132.0000000000
7572 -131.0000000000
7618 -130.0000000000
7636 -129.0000000000
7677 -128.0000000000
7751 -127.0000000000
7774 -126.0000000000
7874 -125.0000000000
7905 -123.0000000000
7998 -122.0000000000
8006 -121.0000000000
8074 -120.0000000000
8118 -119.0000000000
8219 -118.0000000000
8330 -117.0000000000
8418 -116.0000000000
8438 -115.0000000000
8495 -114.0000000000
8579 -113.0000000000
8670 -112.0000000000
8773 -111.0000000000
8837 -110.0000000000
9009 -108.0000000000
9185 -107.0000000000
9227 -106.0000000000
9321 -105.0000000000
9474 -103.0000000000
9531 -102.0000000000
9695 -101.0000000000
9757 -100.0000000000
9829 -98.0000000000
9925 -97.0000000000
9964 -96.0000000000
10051 -95.0000000000
10157 -94.0000000000
10314 -93.0000000000
10340 -92.0000000000
10468 -91.0000000000
10617 -89.0000000000
10780 -88.0000000000
10841 -87.0000000000
10899 -86.0000000000
10953 -85.0000000000
10999 -84.0000000000
11045 -83.0000000000
11080 -82.0000000000
11118 -81.0000000000
11232 -79.0000000000
11418 -78.0000000000
11525 -77.0000000000
11719 -76.0000000000
11789 -75.0000000000
11965 -74.0000000000
12182 -73.0000000000
12239 -72.0000000000
12409 -71.0000000000
12451 -70.0000000000
12605 -69.0000000000
12811 -68.0000000000
12818 -67.0000000000
12932 -66.0000000000
13102 -65.0000000000
13188 -64.0000000000
13234 -63.0000000000
13407 -62.0000000000
13636 -61.0000000000
13693 -60.0000000000
13769 -58.0000000000
14023 -57.0000000000
14056 -56.0000000000
14239 -55.0000000000
14260 -54.0000000000
14348 -53.0000000000
14459 -52.0000000000
14660 -51.0000000000
14982 -50.0000000000
15286 -49.0000000000
15362 -48.0000000000
15600 -47.0000000000
15894 -46.0000000000
15944 -45.0000000000
16128 -44.0000000000
16484 -43.0000000000
16507 -42.0000000000
16744 -41.0000000000
16902 -40.0000000000
17059 -39.0000000000
17364 -38.0000000000
17392 -37.0000000000
17728 -36.0000000000
17931 -35.0000000000
18066 -34.0000000000
18345 -33.0000000000
18645 -32.0000000000
19083 -31.0000000000
19246 -30.0000000000
19573 -29.0000000000
19652 -28.0000000000
19823 -27.0000000000
19903 -26.0000000000
20208 -25.0000000000
20229 -24.0000000000
20435 -23.0000000000
20576 -22.0000000000
20952 -21.0000000000
21115 -20.0000000000
21471 -19.0000000000
21997 -18.0000000000
22303 -17.0000000000
22752 -16.0000000000
23252 -15.0000000000
23493 -14.0000000000
23598 -13.0000000000
23800 -12.0000000000
24000 -11.0000000000
24103 -10.0000000000
24456 -9.0000000000
25137 -8.0000000000
25426 -7.0000000000
25619 -6.0000000000
26254 -5.0000000000
26723 -4.0000000000
27153 -3.0000000000
27214 -2.0000000000
27636 -1.0000000000
27956 603.0000000000
28073 605.0000000000
29050 608.0000000000
29810 614.0000000000
30374 615.0000000000
31240 622.0000000000
31415 631.0000000000
31583 643.0000000000
33496 647.0000000000
34500 650.0000000000
34507 655.0000000000
41100 656.0000000000
41249 669.0000000000
43149 672.0000000000
49827 673.0000000000
57438 675.0000000000
66345 676.0000000000
84925 678.0000000000
95299 683.0000000000
100000 -4.0000000000
evaluations raw_y
1 -390.0000000000
2 -361.0000000000
5 -358.0000000000
10 -353.0000000000
14 -348.0000000000
46 -343.0000000000
94 -342.0000000000
113 -340.0000000000
164 -337.0000000000
222 -336.0000000000
267 -335.0000000000
287 -334.0000000000
291 -333.0000000000
307 -331.0000000000
382 -330.0000000000
409 -329.0000000000
416 -328.0000000000
476 -327.0000000000
488 -326.0000000000
502 -325.0000000000
523 -324.0000000000
543 -323.0000000000
545 -322.0000000000
602 -321.0000000000
640 -317.0000000000
660 -316.0000000000
706 -315.0000000000
733 -314.0000000000
767 -313.0000000000
778 -312.0000000000
802 -311.0000000000
825 -310.0000000000
849 -309.0000000000
867 -307.0000000000
907 -306.0000000000
932 -305.0000000000
948 -304.0000000000
973 -303.0000000000
1014 -302.0000000000
1041 -301.0000000000
1061 -300.0000000000
1085 -299.0000000000
1096 -298.0000000000
1161 -297.0000000000
1184 -296.0000000000
1185 -294.0000000000
1284 -293.0000000000
1309 -292.0000000000
1343 -291.0000000000
1394 -290.0000000000
1399 -289.0000000000
1435 -287.0000000000
1485 -285.0000000000
1576 -284.0000000000
1599 -283.0000000000
1653 -282.0000000000
1673 -281.0000000000
1742 -280.0000000000
1749 -278.0000000000
1757 -276.0000000000
1820 -275.0000000000
1834 -272.0000000000
1955 -271.0000000000
2023 -270.0000000000
2067 -269.0000000000
2086 -268.0000000000
2098 -267.0000000000
2156 -266.0000000000
2224 -264.0000000000
2285 -263.0000000000
2300 -262.0000000000
2369 -261.0000000000
2406 -260.0000000000
2428 -259.0000000000
2430 -258.0000000000
2443 -257.0000000000
2468 -256.0000000000
2508 -255.0000000000
2553 -254.0000000000
2577 -253.0000000000
2633 -252.0000000000
2647 -250.0000000000
2656 -249.0000000000
2674 -248.0000000000
2718 -246.0000000000
2742 -245.0000000000
2753 -244.0000000000
2776 -243.0000000000
2783 -242.0000000000
2822 -241.0000000000
2828 -240.0000000000
2847 -239.0000000000
2872 -238.0000000000
2894 -237.0000000000
2922 -236.0000000000
2998 -235.0000000000
3051 -234.0000000000
3066 -233.0000000000
3090 -232.0000000000
3126 -231.0000000000
3159 -229.0000000000
3206 -227.0000000000
3300 -226.0000000000
3304 -225.0000000000
3386 -224.0000000000
3422 -223.0000000000
3459 -222.0000000000
3492 -221.0000000000
3513 -220.0000000000
3528 -219.0000000000
3568 -218.0000000000
3646 -217.0000000000
3661 -216.0000000000
3678 -215.0000000000
3700 -214.0000000000
3728 -213.0000000000
3769 -212.0000000000
3790 -211.0000000000
3817 -210.0000000000
3829 -209.0000000000
3838 -208.0000000000
3889 -207.0000000000
3933 -206.0000000000
3954 -205.0000000000
3959 -204.0000000000
4034 -203.0000000000
4059 -202.0000000000
4075 -201.0000000000
4145 -200.0000000000
4184 -199.0000000000
4217 -198.0000000000
4242 -197.0000000000
4268 -196.0000000000
4323 -195.0000000000
4366 -194.0000000000
4388 -193.0000000000
4430 -192.0000000000
4462 -191.0000000000
4517 -190.0000000000
4588 -189.0000000000
4630 -188.0000000000
4683 -187.0000000000
4738 -186.0000000000
4753 -185.0000000000
4796 -184.0000000000
4811 -183.0000000000
4925 -182.0000000000
4969 -181.0000000000
5012 -180.0000000000
5052 -179.0000000000
5095 -178.0000000000
5143 -177.0000000000
5158 -176.0000000000
5199 -175.0000000000
5249 -174.0000000000
5311 -173.0000000000
5313 -172.0000000000
5341 -171.0000000000
5342 -170.0000000000
5376 -169.0000000000
5397 -168.0000000000
5460 -167.0000000000
5539 -166.0000000000
5546 -165.0000000000
5649 -163.0000000000
5687 -162.0000000000
5711 -161.0000000000
5716 -160.0000000000
5747 -159.0000000000
5825 -158.0000000000
5852 -157.0000000000
5893 -156.0000000000
5929 -155.0000000000
5967 -154.0000000000
5979 -153.0000000000
6032 -152.0000000000
6084 -151.0000000000
6117 -150.0000000000
6204 -149.0000000000
6256 -148.0000000000
6333 -147.0000000000
6409 -145.0000000000
6449 -144.0000000000
6450 -143.0000000000
6467 -142.0000000000
6538 -141.0000000000
6639 -140.0000000000
6655 -139.0000000000
6681 -138.0000000000
6730 -137.0000000000
6827 -136.0000000000
6861 -135.0000000000
6894 -134.0000000000
6916 -133.0000000000
6938 -132.0000000000
7045 -131.0000000000
7100 -130.0000000000
7149 -129.0000000000
7185 -128.0000000000
7220 -127.0000000000
7253 -126.0000000000
7325 -125.0000000000
7340 -124.0000000000
7473 -123.0000000000
7511 -122.0000000000
7620 -121.0000000000
7691 -120.0000000000
7760 -119.0000000000
7845 -118.0000000000
7915 -117.0000000000
7941 -116.0000000000
7974 -115.0000000000
7975 -114.0000000000
8166 -113.0000000000
8244 -112.0000000000
8412 -111.0000000000
8444 -110.0000000000
8477 -109.0000000000
8490 -108.0000000000
8512 -107.0000000000
8647 -106.0000000000
8693 -105.0000000000
8761 -104.0000000000
9054 -103.0000000000
9107 -102.0000000000
9128 -101.0000000000
9257 -100.0000000000
9317 -99.0000000000
9338 -98.0000000000
9533 -97.0000000000
9618 -96.0000000000
9723 -95.0000000000
9876 -94.0000000000
9916 -93.0000000000
9943 -92.0000000000
10088 -90.0000000000
10158 -89.0000000000
10194 -88.0000000000
10402 -87.0000000000
10447 -86.0000000000
10570 -85.0000000000
10602 -84.0000000000
10668 -83.0000000000
10768 -82.0000000000
10848 -81.0000000000
10885 -80.0000000000
11043 -79.0000000000
11103 -78.0000000000
11255 -77.0000000000
11306 -76.0000000000
11394 -75.0000000000
11425 -74.0000000000
11498 -72.0000000000
11533 -71.0000000000
11708 -70.0000000000
11846 -69.0000000000
11877 -68.0000000000
11882 -67.0000000000
12052 -66.0000000000
12224 -65.0000000000
12296 -64.0000000000
12333 -63.0000000000
12348 -62.0000000000
12428 -61.0000000000
12578 -60.0000000000
12634 -59.0000000000
12675 -58.0000000000
12777 -57.0000000000
12863 -56.0000000000
12894 -55.0000000000
13134 -54.0000000000
13329 -53.0000000000
13357 -52.0000000000
13475 -51.0000000000
13542 -50.0000000000
13774 -49.0000000000
14148 -48.0000000000
14303 -47.0000000000
14380 -46.0000000000
14518 -45.0000000000
14775 -44.0000000000
14942 -43.0000000000
15152 -42.0000000000
15261 -41.0000000000
15318 -40.0000000000
15736 -39.0000000000
15853 -38.0000000000
15861 -37.0000000000
16013 -36.0000000000
16250 -35.0000000000
16614 -34.0000000000
16670 -33.0000000000
16884 -32.0000000000
17028 -31.0000000000
17171 -30.0000000000
17211 -29.0000000000
17383 -28.0000000000
17828 -27.0000000000
18259 -26.0000000000
18503 -25.0000000000
18575 -24.0000000000
18630 -23.0000000000
18724 -22.0000000000
19209 -21.0000000000
19370 -20.0000000000
19902 -19.0000000000
20204 -18.0000000000
20497 -17.0000000000
20720 -16.0000000000
20990 -15.0000000000
21086 -14.0000000000
21520 -13.0000000000
21859 -12.0000000000
22478 -11.0000000000
22671 -10.0000000000
23132 -9.0000000000
23798 -8.0000000000
24263 -7.0000000000
25017 -6.0000000000
25283 -5.0000000000
25855 -4.0000000000
26331 -3.0000000000
27110 -2.0000000000
27265 -1.0000000000
27957 589.0000000000
28192 592.0000000000
28318 603.0000000000
28480 609.0000000000
29395 614.0000000000
29728 615.0000000000
30178 619.0000000000
30320 625.0000000000
30338 635.0000000000
30456 638.0000000000
31309 639.0000000000
31321 642.0000000000
31709 646.0000000000
32475 648.0000000000
33616 650.0000000000
36817 651.0000000000
37691 658.0000000000
47548 669.0000000000
56456 671.0000000000
64061 673.0000000000
94841 675.0000000000
99866 677.0000000000
100000 -1.0000000000
evaluations raw_y
1 -375.0000000000
2 -358.0000000000
3 -354.0000000000
7 -352.0000000000
13 -344.0000000000
25 -342.0000000000
46 -340.0000000000
128 -339.0000000000
135 -338.0000000000
161 -337.0000000000
164 -336.0000000000
221 -335.0000000000
225 -334.0000000000
263 -333.0000000000
286 -332.0000000000
299 -331.0000000000
315 -330.0000000000
357 -329.0000000000
372 -328.0000000000
379 -327.0000000000
409 -326.0000000000
430 -325.0000000000
473 -324.0000000000
503 -323.0000000000
559 -322.0000000000
569 -321.0000000000
580 -320.0000000000
635 -319.0000000000
654 -317.0000000000
669 -316.0000000000
678 -315.0000000000
681 -314.0000000000
706 -313.0000000000
739 -312.0000000000
748 -311.0000000000
763 -310.0000000000
783 -309.0000000000
814 -308.0000000000
852 -305.0000000000
934 -304.0000000000
970 -303.0000000000
980 -302.0000000000
987 -300.0000000000
1044 -299.0000000000
1090 -298.0000000000
1117 -297.0000000000
1131 -296.0000000000
1150 -295.0000000000
1165 -294.0000000000
1180 -293.0000000000
1202 -292.0000000000
1215 -291.0000000000
1233 -289.0000000000
1268 -287.0000000000
1282 -286.0000000000
1308 -285.0000000000
1352 -284.0000000000
1353 -283.0000000000
1356 -282.0000000000
1410 -281.0000000000
1421 -280.0000000000
1474 -279.0000000000
1514 -278.0000000000
1525 -277.0000000000
1568 -276.0000000000
1635 -275.0000000000
1649 -274.0000000000
1661 -273.0000000000
1747 -272.0000000000
1755 -270.0000000000
1842 -269.0000000000
1875 -268.0000000000
1909 -267.0000000000
1935 -266.0000000000
1971 -265.0000000000
1991 -263.0000000000
2000 -262.0000000000
2010 -261.0000000000
2045 -259.0000000000
2080 -258.0000000000
2115 -257.0000000000
2172 -256.0000000000
2203 -255.0000000000
2243 -254.0000000000
2279 -253.0000000000
2352 -252.0000000000
2385 -251.0000000000
2409 -249.0000000000
2453 -248.0000000000
2465 -247.0000000000
2497 -246.0000000000
2503 -245.0000000000
2569 -244.0000000000
2574 -243.0000000000
2604 -242.0000000000
2642 -241.0000000000
2675 -240.0000000000
2726 -239.0000000000
2755 -237.0000000000
2798 -235.0000000000
2894 -234.0000000000
2946 -233.0000000000
2958 -232.0000000000
2975 -231.0000000000
3018 -230.0000000000
3030 -229.0000000000
3057 -228.0000000000
3121 -227.0000000000
3158 -226.0000000000
3215 -225.0000000000
3272 -224.0000000000
3294 -223.0000000000
3341 -222.0000000000
3380 -221.0000000000
3394 -220.0000000000
3447 -219.0000000000
3517 -218.0000000000
3575 -217.0000000000
3627 -216.0000000000
3644 -215.0000000000
3696 -214.0000000000
3738 -213.0000000000
3760 -212.0000000000
3804 -211.0000000000
3911 -210.0000000000
3940 -209.0000000000
3989 -208.0000000000
4000 -207.0000000000
4066 -206.0000000000
4098 -205.0000000000
4149 -204.0000000000
4167 -203.0000000000
4209 -202.0000000000
4246 -201.0000000000
4258 -200.0000000000
4307 -199.0000000000
4324 -197.0000000000
4424 -196.0000000000
4425 -195.0000000000
4455 -193.0000000000
4528 -192.0000000000
4536 -191.0000000000
4624 -190.0000000000
4631 -189.0000000000
4657 -188.0000000000
4759 -187.0000000000
4792 -185.0000000000
4793 -184.0000000000
4866 -183.0000000000
4906 -182.0000000000
4927 -181.0000000000
4938 -179.0000000000
4947 -178.0000000000
4971 -177.0000000000
5055 -176.0000000000
5096 -175.0000000000
5121 -174.0000000000
5202 -173.0000000000
5217 -172.0000000000
5331 -171.0000000000
5353 -170.0000000000
5406 -169.0000000000
5502 -168.0000000000
5537 -167.0000000000
5618 -166.0000000000
5693 -165.0000000000
5695 -164.0000000000
5785 -163.0000000000
5837 -162.0000000000
5860 -161.0000000000
5929 -160.0000000000
5958 -159.0000000000
5998 -158.0000000000
6001 -156.0000000000
6162 -155.0000000000
6197 -154.0000000000
6221 -152.0000000000
6367 -151.0000000000
6411 -149.0000000000
6450 -148.0000000000
6490 -147.0000000000
6574 -146.0000000000
6594 -145.0000000000
6606 -144.0000000000
6632 -143.0000000000
6711 -142.0000000000
6820 -141.0000000000
6895 -140.0000000000
6979 -139.0000000000
7037 -138.0000000000
7056 -137.0000000000
7103 -136.0000000000
7182 -135.0000000000
7238 -133.0000000000
7328 -132.0000000000
7419 -131.0000000000
7445 -130.0000000000
7455 -129.0000000000
7500 -128.0000000000
7535 -127.0000000000
7723 -126.0000000000
7750 -125.0000000000
7850 -124.0000000000
7950 -123.0000000000
7982 -122.0000000000
8099 -121.0000000000
8199 -120.0000000000
8294 -119.0000000000
8371 -118.0000000000
8419 -117.0000000000
8548 -116.0000000000
8652 -115.0000000000
8668 -114.0000000000
8691 -113.0000000000
8772 -112.0000000000
8849 -111.0000000000
8881 -110.0000000000
8885 -109.0000000000
9071 -108.0000000000
9093 -107.0000000000
9149 -106.0000000000
9203 -105.0000000000
9350 -104.0000000000
9377 -103.0000000000
9456 -102.0000000000
9526 -101.0000000000
9536 -100.0000000000
9597 -99.0000000000
9746 -98.0000000000
9857 -97.0000000000
9968 -96.0000000000
9983 -95.0000000000
10021 -94.0000000000
10052 -93.0000000000
10241 -92.0000000000
10345 -91.0000000000
10491 -90.0000000000
10658 -89.0000000000
10711 -88.0000000000
10804 -87.0000000000
10932 -86.0000000000
11087 -85.0000000000
11225 -84.0000000000
11283 -83.0000000000
11292 -82.0000000000
11332 -81.0000000000
11443 -80.0000000000
11660 -79.0000000000
11837 -78.0000000000
11960 -77.0000000000
12017 -76.0000000000
12285 -75.0000000000
12346 -74.0000000000
12530 -73.0000000000
12543 -72.0000000000
12546 -71.0000000000
12626 -70.0000000000
12813 -69.0000000000
13043 -68.0000000000
13227 -67.0000000000
13254 -66.0000000000
13486 -65.0000000000
13628 -64.0000000000
13842 -63.0000000000
14108 -62.0000000000
14242 -61.0000000000
14275 -60.0000000000
14379 -59.0000000000
14523 -58.0000000000
14828 -57.0000000000
14901 -55.0000000000
14939 -54.0000000000
15005 -53.0000000000
15084 -52.0000000000
15145 -51.0000000000
15240 -50.0000000000
15323 -49.0000000000
15592 -48.0000000000
15634 -47.0000000000
15837 -46.0000000000
15970 -45.0000000000
16085 -44.0000000000
16306 -43.0000000000
16428 -42.0000000000
16670 -41.0000000000
16850 -40.0000000000
16986 -39.0000000000
17219 -38.0000000000
17454 -37.0000000000
17804 -36.0000000000
17893 -35.0000000000
18143 -34.0000000000
18375 -33.0000000000
18458 -32.0000000000
18702 -31.0000000000
18883 -30.0000000000
18929 -29.0000000000
19040 -28.0000000000
19266 -27.0000000000
19592 -26.0000000000
19924 -25.0000000000
20063 -24.0000000000
20360 -23.0000000000
20775 -22.0000000000
20982 -21.0000000000
21414 -20.0000000000
21712 -19.0000000000
21871 -18.0000000000
21881 -17.0000000000
22096 -16.0000000000
22220 -15.0000000000
22563 -14.0000000000
22782 -13.0000000000
22963 -12.0000000000
23529 -11.0000000000
23652 -10.0000000000
23981 -9.0000000000
24231 -8.0000000000
25199 -7.0000000000
25237 -6.0000000000
25886 -5.0000000000
26385 -4.0000000000
26860 -3.0000000000
27452 -2.0000000000
27534 -1.0000000000
28469 580.0000000000
28891 622.0000000000
30961 629.0000000000
32338 633.0000000000
32543 639.0000000000
32769 646.0000000000
33088 647.0000000000
35613 649.0000000000
36015 655.0000000000
36438 657.0000000000
36688 659.0000000000
37949 660.0000000000
42011 666.0000000000
55507 667.0000000000
69213 675.0000000000
100000 -1.0000000000
evaluations raw_y
1 -353.0000000000
26 -347.0000000000
130 -346.0000000000
153 -345.0000000000
185 -344.0000000000
195 -343.0000000000
230 -342.0000000000
239 -341.0000000000
267 -340.0000000000
279 -339.0000000000
320 -338.0000000000
344 -337.0000000000
363 -336.0000000000
403 -335.0000000000
406 -334.0000000000
444 -333.0000000000
460 -332.0000000000
491 -331.0000000000
506 -330.0000000000
520 -329.0000000000
525 -328.0000000000
537 -327.0000000000
563 -326.0000000000
595 -325.0000000000
600 -324.0000000000
608 -322.0000000000
630 -320.0000000000
647 -319.0000000000
689 -318.0000000000
724 -317.0000000000
751 -316.0000000000
766 -315.0000000000
799 -314.0000000000
801 -313.0000000000
822 -312.0000000000
889 -310.0000000000
902 -309.0000000000
932 -308.0000000000
979 -307.0000000000
1012 -306.0000000000
1031 -305.0000000000
1080 -304.0000000000
1120 -303.0000000000
1153 -302.0000000000
1172 -301.0000000000
1189 -300.0000000000
1235 -299.0000000000
1260 -297.0000000000
1289 -296.0000000000
1327 -295.0000000000
1339 -294.0000000000
1342 -293.0000000000
1403 -292.0000000000
1410 -291.0000000000
1468 -290.0000000000
1512 -289.0000000000
1525 -288.0000000000
1539 -287.0000000000
1561 -286.0000000000
1605 -285.0000000000
1607 -284.0000000000
1660 -282.0000000000
1712 -281.0000000000
1723 -280.0000000000
1754 -279.0000000000
1767 -278.0000000000
1820 -277.0000000000
1853 -276.0000000000
1898 -274.0000000000
1962 -273.0000000000
1971 -272.0000000000
2020 -271.0000000000
2036 -270.0000000000
2076 -268.0000000000
2097 -267.0000000000
2111 -265.0000000000
2132 -264.0000000000
2203 -263.0000000000
2228 -262.0000000000
2236 -261.0000000000
2325 -260.0000000000
2354 -259.0000000000
2378 -258.0000000000
2452 -257.0000000000
2453 -256.0000000000
2509 -255.0000000000
2522 -254.0000000000
2572 -253.0000000000
2601 -252.0000000000
2664 -251.0000000000
2691 -250.0000000000
2697 -249.0000000000
2741 -247.0000000000
2742 -246.0000000000
2871 -245.0000000000
2945 -244.0000000000
3001 -243.0000000000
3009 -242.0000000000
3084 -241.0000000000
3109 -240.0000000000
3160 -239.0000000000
3210 -238.0000000000
3247 -236.0000000000
3254 -235.0000000000
3277 -234.0000000000
3318 -233.0000000000
3370 -232.0000000000
3378 -231.0000000000
3422 -230.0000000000
3425 -229.0000000000
3456 -228.0000000000
3484 -227.0000000000
3489 -226.0000000000
3604 -225.0000000000
3625 -224.0000000000
3710 -223.0000000000
3754 -222.0000000000
3763 -221.0000000000
3792 -220.0000000000
3835 -219.0000000000
3871 -218.0000000000
3936 -217.0000000000
3940 -216.0000000000
3989 -215.0000000000
4091 -214.0000000000
4127 -213.0000000000
4169 -212.0000000000
4188 -210.0000000000
4203 -209.0000000000
4213 -208.0000000000
4313 -207.0000000000
4328 -206.0000000000
4368 -205.0000000000
4393 -204.0000000000
4439 -203.0000000000
4442 -202.0000000000
4500 -201.0000000000
4560 -199.0000000000
4564 -198.0000000000
4616 -196.0000000000
4623 -194.0000000000
4683 -193.0000000000
4696 -191.0000000000
4753 -190.0000000000
4848 -189.0000000000
4885 -188.0000000000
4887 -187.0000000000
5017 -186.0000000000
5039 -185.0000000000
5095 -183.0000000000
5185 -182.0000000000
5210 -181.0000000000
5230 -180.0000000000
5252 -179.0000000000
5310 -178.0000000000
5439 -177.0000000000
5476 -176.0000000000
5478 -175.0000000000
5522 -174.0000000000
5557 -173.0000000000
5593 -172.0000000000
5609 -171.0000000000
5625 -170.0000000000
5688 -169.0000000000
5816 -168.0000000000
5829 -167.0000000000
5846 -166.0000000000
5912 -165.0000000000
5949 -164.0000000000
5959 -163.0000000000
5996 -162.0000000000
6124 -161.0000000000
6172 -160.0000000000
6220 -159.0000000000
6324 -158.0000000000
6407 -157.0000000000
6450 -156.0000000000
6458 -155.0000000000
6463 -154.0000000000
6474 -153.0000000000
6576 -152.0000000000
6580 -151.0000000000
6721 -150.0000000000
6761 -149.0000000000
6836 -148.0000000000
6851 -147.0000000000
6874 -146.0000000000
6875 -145.0000000000
6947 -144.0000000000
7001 -143.0000000000
7036 -142.0000000000
7047 -141.0000000000
7193 -140.0000000000
7247 -139.0000000000
7260 -138.0000000000
7266 -137.0000000000
7396 -136.0000000000
7495 -135.0000000000
7503 -134.0000000000
7551 -133.0000000000
7610 -132.0000000000
7662 -131.0000000000
7741 -130.0000000000
7777 -129.0000000000
7810 -128.0000000000
7928 -127.0000000000
7968 -126.0000000000
8005 -125.0000000000
8109 -124.0000000000
8166 -123.0000000000
8207 -122.0000000000
8239 -121.0000000000
8303 -120.0000000000
8342 -119.0000000000
8514 -118.0000000000
8569 -117.0000000000
8624 -116.0000000000
8692 -115.0000000000
8711 -114.0000000000
8807 -113.0000000000
8866 -112.0000000000
8942 -111.0000000000
9070 -110.0000000000
9141 -109.0000000000
9147 -108.0000000000
9348 -107.0000000000
9457 -106.0000000000
9487 -105.0000000000
9577 -104.0000000000
9641 -103.0000000000
9721 -102.0000000000
9799 -101.0000000000
9813 -100.0000000000
9991 -99.0000000000
10111 -98.0000000000
10212 -97.0000000000
10344 -96.0000000000
10383 -95.0000000000
10574 -94.0000000000
10580 -93.0000000000
10695 -92.0000000000
10813 -91.0000000000
10826 -89.0000000000
10994 -88.0000000000
11042 -87.0000000000
11100 -86.0000000000
11319 -85.0000000000
11358 -84.0000000000
11464 -83.0000000000
11561 -82.0000000000
11636 -81.0000000000
11846 -80.0000000000
12017 -79.0000000000
12056 -78.0000000000
12156 -77.0000000000
12193 -76.0000000000
12255 -75.0000000000
12490 -74.0000000000
12528 -72.0000000000
12696 -71.0000000000
12790 -70.0000000000
12953 -69.0000000000
13086 -68.0000000000
13234 -67.0000000000
13405 -66.0000000000
13617 -65.0000000000
13716 -64.0000000000
13947 -63.0000000000
14171 -62.0000000000
14246 -61.0000000000
14470 -60.0000000000
14596 -59.0000000000
14646 -58.0000000000
14744 -57.0000000000
14914 -56.0000000000
14918 -55.0000000000
15069 -54.0000000000
15198 -53.0000000000
15252 -52.0000000000
15472 -51.0000000000
15513 -50.0000000000
15681 -49.0000000000
16010 -48.0000000000
16049 -46.0000000000
16216 -45.0000000000
16445 -44.0000000000
16520 -43.0000000000
16720 -42.0000000000
16911 -41.0000000000
16955 -40.0000000000
17271 -39.0000000000
17341 -38.0000000000
17416 -37.0000000000
17518 -36.0000000000
17667 -35.0000000000
17942 -34.0000000000
17953 -33.0000000000
18088 -32.0000000000
18460 -31.0000000000
18520 -30.0000000000
18782 -29.0000000000
18883 -28.0000000000
19006 -27.0000000000
19139 -26.0000000000
19366 -25.0000000000
19885 -24.0000000000
20141 -23.0000000000
20650 -22.0000000000
20838 -21.0000000000
20889 -20.0000000000
21291 -19.0000000000
21659 -18.0000000000
22228 -17.0000000000
22329 -16.0000000000
22453 -15.0000000000
22847 -14.0000000000
23041 -13.0000000000
23358 -12.0000000000
23669 -11.0000000000
23825 -10.0000000000
24367 -9.0000000000
24656 -8.0000000000
25024 -7.0000000000
25267 -6.0000000000
26213 -5.0000000000
26369 -4.0000000000
27280 -3.0000000000
27859 -2.0000000000
28176 -1.0000000000
28784 628.0000000000
29933 632.0000000000
30605 639.0000000000
30609 643.0000000000
32737 646.0000000000
33002 653.0000000000
36114 654.0000000000
36383 667.0000000000
39455 673.0000000000
45439 681.0000000000
45900 682.0000000000
61837 685.0000000000
100000 -1.0000000000
evaluations raw_y
1 -377.0000000000
2 -364.0000000000
4 -362.0000000000
10 -355.0000000000
32 -325.0000000000
67 -324.0000000000
154 -323.0000000000
160 -322.0000000000
168 -321.0000000000
191 -320.0000000000
203 -319.0000000000
205 -318.0000000000
213 -317.0000000000
255 -316.0000000000
269 -315.0000000000
276 -314.0000000000
292 -313.0000000000
295 -312.0000000000
367 -311.0000000000
380 -310.0000000000
423 -309.0000000000
457 -308.0000000000
460 -307.0000000000
473 -306.0000000000
529 -305.0000000000
534 -304.0000000000
542 -303.0000000000
598 -302.0000000000
636 -301.0000000000
661 -300.0000000000
695 -299.0000000000
696 -298.0000000000
722 -297.0000000000
727 -296.0000000000
770 -295.0000000000
775 -294.0000000000
812 -292.0000000000
873 -291.0000000000
878 -290.0000000000
914 -289.0000000000
966 -288.0000000000
998 -287.0000000000
1023 -286.0000000000
1044 -285.0000000000
1054 -284.0000000000
1066 -283.0000000000
1087 -282.0000000000
1115 -281.0000000000
1154 -280.0000000000
1193 -279.0000000000
1203 -278.0000000000
1224 -277.0000000000
1247 -276.0000000000
1275 -275.0000000000
1282 -273.0000000000
1341 -272.0000000000
1351 -271.0000000000
1365 -270.0000000000
1425 -269.0000000000
1456 -268.0000000000
1497 -267.0000000000
1525 -266.0000000000
1572 -265.0000000000
1608 -264.0000000000
1611 -263.0000000000
1672 -262.0000000000
1680 -261.0000000000
1727 -260.0000000000
1761 -259.0000000000
1788 -258.0000000000
1812 -257.0000000000
1815 -256.0000000000
1860 -255.0000000000
1907 -254.0000000000
1918 -253.0000000000
1991 -252.0000000000
2034 -251.0000000000
2049 -250.0000000000
2067 -249.0000000000
2071 -248.0000000000
2115 -247.0000000000
2153 -246.0000000000
2170 -245.0000000000
2243 -244.0000000000
2279 -243.0000000000
2303 -242.0000000000
2331 -241.0000000000
2395 -240.0000000000
2409 -239.0000000000
2430 -238.0000000000
2456 -237.0000000000
2550 -236.0000000000
2565 -235.0000000000
2619 -234.0000000000
2691 -233.0000000000
2722 -232.0000000000
2740 -231.0000000000
2779 -230.0000000000
2828 -229.0000000000
2853 -228.0000000000
2865 -227.0000000000
2941 -226.0000000000
2974 -225.0000000000
3020 -224.0000000000
3034 -223.0000000000
3076 -222.0000000000
3126 -221.0000000000
3144 -218.0000000000
3215 -217.0000000000
3276 -216.0000000000
3291 -215.0000000000
3355 -214.0000000000
3447 -213.0000000000
3484 -212.0000000000
3509 -211.0000000000
3541 -210.0000000000
3575 -209.0000000000
3593 -207.0000000000
3609 -206.0000000000
3645 -205.0000000000
3667 -204.0000000000
3715 -203.0000000000
3721 -202.0000000000
3773 -201.0000000000
3795 -200.0000000000
3847 -199.0000000000
3866 -198.0000000000
3922 -196.0000000000
3989 -195.0000000000
4016 -194.0000000000
4039 -193.0000000000
4077 -192.0000000000
4140 -191.0000000000
4150 -190.0000000000
4188 -189.0000000000
4219 -188.0000000000
4266 -187.0000000000
4295 -186.0000000000
4360 -185.0000000000
4390 -184.0000000000
4449 -183.0000000000
4511 -182.0000000000
4519 -181.0000000000
4539 -180.0000000000
4591 -179.0000000000
4638 -178.0000000000
4685 -177.0000000000
4771 -176.0000000000
4780 -175.0000000000
4785 -174.0000000000
4804 -173.0000000000
4904 -172.0000000000
4917 -171.0000000000
4971 -170.0000000000
5037 -169.0000000000
5074 -168.0000000000
5078 -167.0000000000
5170 -166.0000000000
5197 -165.0000000000
5261 -164.0000000000
5282 -163.0000000000
5319 -162.0000000000
5340 -161.0000000000
5431 -160.0000000000
5433 -159.0000000000
5461 -158.0000000000
5490 -157.0000000000
5547 -156.0000000000
5651 -155.0000000000
5685 -154.0000000000
5703 -153.0000000000
5765 -152.0000000000
5852 -151.0000000000
5912 -150.0000000000
5997 -149.0000000000
6033 -148.0000000000
6088 -147.0000000000
6156 -146.0000000000
6179 -145.0000000000
6219 -144.0000000000
6254 -143.0000000000
6339 -142.0000000000
6402 -141.0000000000
6407 -140.0000000000
6412 -139.0000000000
6493 -137.0000000000
6600 -136.0000000000
6688 -135.0000000000
6714 -134.0000000000
6722 -133.0000000000
6886 -132.0000000000
6937 -131.0000000000
7078 -130.0000000000
7080 -129.0000000000
7152 -128.0000000000
7225 -127.0000000000
7304 -126.0000000000
7346 -125.0000000000
7421 -124.0000000000
7506 -123.0000000000
7595 -122.0000000000
7665 -121.0000000000
7788 -120.0000000000
7835 -119.0000000000
7855 -118.0000000000
7967 -117.0000000000
8082 -116.0000000000
8135 -115.0000000000
8273 -114.0000000000
8377 -113.0000000000
8435 -112.0000000000
8518 -111.0000000000
8542 -110.0000000000
8572 -109.0000000000
8604 -108.0000000000
8651 -107.0000000000
8702 -106.0000000000
8767 -105.0000000000
8887 -104.0000000000
8945 -103.0000000000
9007 -102.0000000000
9128 -101.0000000000
9148 -100.0000000000
9205 -99.0000000000
9246 -98.0000000000
9266 -97.0000000000
9366 -96.0000000000
9519 -95.0000000000
9650 -94.0000000000
9688 -93.0000000000
9702 -92.0000000000
9836 -91.0000000000
9894 -90.0000000000
9928 -89.0000000000
10103 -88.0000000000
10123 -87.0000000000
10238 -86.0000000000
10251 -85.0000000000
10425 -84.0000000000
10589 -83.0000000000
10745 -82.0000000000
10863 -81.0000000000
10877 -80.0000000000
11108 -79.0000000000
11167 -78.0000000000
11233 -77.0000000000
11294 -76.0000000000
11469 -75.0000000000
11690 -74.0000000000
11704 -72.0000000000
11911 -71.0000000000
11975 -70.0000000000
11980 -69.0000000000
12179 -67.0000000000
12415 -66.0000000000
12481 -65.0000000000
12570 -64.0000000000
12680 -63.0000000000
12796 -62.0000000000
12976 -61.0000000000
13041 -60.0000000000
13264 -59.0000000000
13271 -58.0000000000
13284 -57.0000000000
13418 -56.0000000000
13700 -55.0000000000
13833 -54.0000000000
13896 -53.0000000000
14052 -52.0000000000
14106 -51.0000000000
14332 -50.0000000000
14567 -49.0000000000
14645 -48.0000000000
14794 -47.0000000000
14972 -46.0000000000
15215 -45.0000000000
15240 -44.0000000000
15455 -43.0000000000
15494 -42.0000000000
15661 -41.0000000000
15956 -40.0000000000
16123 -39.0000000000
16161 -38.0000000000
16389 -37.0000000000
16649 -36.0000000000
16771 -35.0000000000
16999 -34.0000000000
17257 -33.0000000000
17509 -32.0000000000
17648 -31.0000000000
17974 -30.0000000000
18155 -29.0000000000
18378 -28.0000000000
18690 -27.0000000000
18907 -26.0000000000
19168 -25.0000000000
19534 -24.0000000000
19657 -23.0000000000
20024 -22.0000000000
20203 -21.0000000000
20799 -20.0000000000
21135 -19.0000000000
21302 -18.0000000000
21475 -17.0000000000
22064 -16.0000000000
22255 -14.0000000000
22753 -13.0000000000
23150 -12.0000000000
23460 -11.0000000000
24229 -10.0000000000
24833 -9.0000000000
25419 -8.0000000000
26065 -7.0000000000
26453 -6.0000000000
26633 -5.0000000000
27256 -4.0000000000
27935 -3.0000000000
28143 -2.0000000000
28410 -1.0000000000
28834 595.0000000000
28866 598.0000000000
29354 606.0000000000
29620 612.0000000000
31183 616.0000000000
31881 637.0000000000
33191 642.0000000000
33386 646.0000000000
33421 649.0000000000
33706 656.0000000000
33949 663.0000000000
34395 667.0000000000
34772 670.0000000000
35861 677.0000000000
50272 679.0000000000
74692 682.0000000000
80863 687.0000000000
100000 -1.0000000000
