evaluations raw_y
1 -294.0000000000
11 -293.0000000000
16 -292.0000000000
34 -291.0000000000
35 -290.0000000000
36 -289.0000000000
37 -288.0000000000
53 -286.0000000000
55 -284.0000000000
59 -282.0000000000
61 -281.0000000000
67 -280.0000000000
72 -279.0000000000
74 -278.0000000000
77 -277.0000000000
81 -276.0000000000
83 -275.0000000000
88 -273.0000000000
92 -272.0000000000
97 -271.0000000000
99 -270.0000000000
100 -269.0000000000
103 -267.0000000000
107 -266.0000000000
109 -265.0000000000
110 -264.0000000000
112 -263.0000000000
114 -262.0000000000
116 -261.0000000000
119 -260.0000000000
126 -259.0000000000
128 -257.0000000000
133 -256.0000000000
137 -255.0000000000
145 -254.0000000000
151 -252.0000000000
152 -251.0000000000
153 -250.0000000000
166 -249.0000000000
174 -248.0000000000
176 -246.0000000000
182 -245.0000000000
183 -243.0000000000
184 -242.0000000000
186 -241.0000000000
189 -240.0000000000
193 -239.0000000000
195 -236.0000000000
199 -235.0000000000
202 -234.0000000000
207 -233.0000000000
210 -232.0000000000
215 -231.0000000000
216 -230.0000000000
220 -228.0000000000
224 -226.0000000000
236 -224.0000000000
246 -223.0000000000
247 -221.0000000000
249 -220.0000000000
251 -218.0000000000
252 -217.0000000000
253 -216.0000000000
255 -215.0000000000
260 -214.0000000000
263 -213.0000000000
266 -212.0000000000
269 -211.0000000000
279 -210.0000000000
292 -208.0000000000
293 -207.0000000000
300 -206.0000000000
301 -205.0000000000
302 -204.0000000000
303 -203.0000000000
317 -202.0000000000
326 -201.0000000000
333 -200.0000000000
338 -199.0000000000
351 -198.0000000000
364 -197.0000000000
365 -196.0000000000
370 -195.0000000000
375 -194.0000000000
380 -193.0000000000
385 -192.0000000000
387 -191.0000000000
396 -190.0000000000
398 -189.0000000000
413 -188.0000000000
417 -187.0000000000
418 -186.0000000000
424 -185.0000000000
432 -184.0000000000
433 -183.0000000000
435 -182.0000000000
444 -181.0000000000
449 -180.0000000000
466 -179.0000000000
467 -178.0000000000
481 -177.0000000000
483 -176.0000000000
484 -174.0000000000
486 -173.0000000000
493 -172.0000000000
497 -170.0000000000
506 -169.0000000000
512 -168.0000000000
516 -167.0000000000
529 -166.0000000000
534 -165.0000000000
536 -164.0000000000
540 -162.0000000000
545 -161.0000000000
557 -160.0000000000
560 -159.0000000000
561 -158.0000000000
567 -157.0000000000
577 -156.0000000000
580 -155.0000000000
584 -154.0000000000
591 -153.0000000000
602 -152.0000000000
612 -150.0000000000
636 -149.0000000000
645 -148.0000000000
673 -147.0000000000
677 -146.0000000000
678 -145.0000000000
679 -144.0000000000
690 -143.0000000000
711 -142.0000000000
722 -141.0000000000
754 -140.0000000000
760 -139.0000000000
766 -138.0000000000
789 -137.0000000000
794 -136.0000000000
795 -135.0000000000
805 -134.0000000000
807 -133.0000000000
824 -132.0000000000
829 -131.0000000000
832 -130.0000000000
847 -129.0000000000
853 -128.0000000000
865 -127.0000000000
886 -126.0000000000
891 -125.0000000000
925 -124.0000000000
928 -123.0000000000
940 -122.0000000000
944 -121.0000000000
977 -120.0000000000
1004 -119.0000000000
1008 -116.0000000000
1019 -115.0000000000
1033 -114.0000000000
1035 -113.0000000000
1041 -112.0000000000
1045 -111.0000000000
1051 -110.0000000000
1053 -109.0000000000
1063 -108.0000000000
1068 -107.0000000000
1085 -106.0000000000
1091 -105.0000000000
1102 -104.0000000000
1108 -103.0000000000
1126 -102.0000000000
1135 -101.0000000000
1146 -100.0000000000
1149 -99.0000000000
1175 -98.0000000000
1190 -97.0000000000
1200 -96.0000000000
1211 -95.0000000000
1212 -94.0000000000
1222 -93.0000000000
1243 -92.0000000000
1258 -91.0000000000
1262 -90.0000000000
1266 -89.0000000000
1281 -88.0000000000
1300 -86.0000000000
1315 -85.0000000000
1317 -84.0000000000
1328 -83.0000000000
1329 -82.0000000000
1334 -81.0000000000
1343 -80.0000000000
1356 -79.0000000000
1394 -78.0000000000
1399 -77.0000000000
1401 -76.0000000000
1407 -75.0000000000
1415 -74.0000000000
1418 -73.0000000000
1421 -72.0000000000
1422 -71.0000000000
1460 -70.0000000000
1465 -69.0000000000
1477 -68.0000000000
1516 -67.0000000000
1520 -66.0000000000
1524 -65.0000000000
1541 -64.0000000000
1545 -63.0000000000
1547 -62.0000000000
1585 -61.0000000000
1648 -60.0000000000
1660 -59.0000000000
1666 -58.0000000000
1716 -57.0000000000
1718 -56.0000000000
1724 -55.0000000000
1730 -54.0000000000
1745 -52.0000000000
1782 -51.0000000000
1823 -50.0000000000
1860 -49.0000000000
1912 -48.0000000000
1983 -47.0000000000
2014 -46.0000000000
2033 -45.0000000000
2036 -44.0000000000
2052 -43.0000000000
2055 -42.0000000000
2066 -41.0000000000
2080 -40.0000000000
2088 -39.0000000000
2092 -38.0000000000
2172 -37.0000000000
2201 -36.0000000000
2232 -35.0000000000
2241 -34.0000000000
2258 -33.0000000000
2273 -32.0000000000
2376 -31.0000000000
2383 -30.0000000000
2400 -29.0000000000
2433 -28.0000000000
2487 -27.0000000000
2531 -26.0000000000
2577 -25.0000000000
2585 -24.0000000000
2592 -23.0000000000
2658 -22.0000000000
2686 -21.0000000000
2708 -20.0000000000
2729 -19.0000000000
2835 -18.0000000000
2899 -17.0000000000
2941 -16.0000000000
3097 -15.0000000000
3277 -14.0000000000
3370 -13.0000000000
3393 -12.0000000000
3453 -11.0000000000
3493 -10.0000000000
3551 -9.0000000000
3593 -8.0000000000
3706 -7.0000000000
3782 -6.0000000000
4004 -5.0000000000
4165 -4.0000000000
4308 -3.0000000000
4318 -2.0000000000
4421 -1.0000000000
4622 482.0000000000
4830 491.0000000000
4979 493.0000000000
5943 502.0000000000
5980 507.0000000000
6126 510.0000000000
6691 516.0000000000
8136 520.0000000000
8856 525.0000000000
10000 -2.0000000000
evaluations raw_y
1 -283.0000000000
2 -282.0000000000
4 -281.0000000000
5 -280.0000000000
11 -276.0000000000
12 -275.0000000000
13 -274.0000000000
14 -273.0000000000
16 -272.0000000000
17 -271.0000000000
25 -270.0000000000
28 -269.0000000000
35 -268.0000000000
37 -266.0000000000
38 -265.0000000000
40 -264.0000000000
41 -263.0000000000
47 -262.0000000000
48 -260.0000000000
49 -259.0000000000
54 -258.0000000000
63 -257.0000000000
64 -255.0000000000
65 -254.0000000000
66 -253.0000000000
67 -252.0000000000
69 -251.0000000000
75 -250.0000000000
78 -249.0000000000
87 -248.0000000000
88 -246.0000000000
90 -245.0000000000
93 -244.0000000000
101 -243.0000000000
104 -242.0000000000
108 -241.0000000000
114 -240.0000000000
119 -239.0000000000
127 -238.0000000000
134 -237.0000000000
144 -236.0000000000
145 -235.0000000000
158 -234.0000000000
162 -233.0000000000
165 -232.0000000000
168 -231.0000000000
172 -229.0000000000
179 -228.0000000000
181 -227.0000000000
183 -226.0000000000
196 -225.0000000000
200 -222.0000000000
204 -219.0000000000
205 -218.0000000000
206 -216.0000000000
209 -215.0000000000
216 -214.0000000000
223 -213.0000000000
225 -212.0000000000
227 -211.0000000000
233 -210.0000000000
236 -209.0000000000
251 -207.0000000000
266 -206.0000000000
267 -205.0000000000
271 -204.0000000000
275 -203.0000000000
278 -202.0000000000
282 -201.0000000000
291 -200.0000000000
303 -197.0000000000
316 -196.0000000000
329 -195.0000000000
330 -194.0000000000
339 -193.0000000000
341 -192.0000000000
346 -191.0000000000
349 -190.0000000000
353 -189.0000000000
357 -188.0000000000
358 -187.0000000000
364 -186.0000000000
367 -185.0000000000
369 -183.0000000000
370 -181.0000000000
376 -180.0000000000
377 -179.0000000000
382 -178.0000000000
386 -177.0000000000
395 -176.0000000000
401 -175.0000000000
411 -174.0000000000
415 -172.0000000000
421 -171.0000000000
422 -169.0000000000
432 -168.0000000000
441 -167.0000000000
442 -166.0000000000
447 -164.0000000000
456 -163.0000000000
472 -162.0000000000
474 -161.0000000000
500 -160.0000000000
504 -159.0000000000
511 -158.0000000000
512 -157.0000000000
517 -156.0000000000
518 -155.0000000000
524 -154.0000000000
531 -153.0000000000
534 -152.0000000000
539 -151.0000000000
555 -149.0000000000
565 -148.0000000000
569 -147.0000000000
589 -146.0000000000
596 -145.0000000000
599 -144.0000000000
604 -143.0000000000
607 -142.0000000000
608 -140.0000000000
625 -139.0000000000
626 -138.0000000000
635 -137.0000000000
651 -135.0000000000
653 -133.0000000000
662 -132.0000000000
681 -131.0000000000
690 -130.0000000000
696 -129.0000000000
697 -128.0000000000
702 -127.0000000000
711 -126.0000000000
733 -125.0000000000
737 -124.0000000000
751 -123.0000000000
758 -122.0000000000
776 -119.0000000000
807 -118.0000000000
826 -117.0000000000
830 -116.0000000000
839 -115.0000000000
861 -113.0000000000
876 -112.0000000000
886 -110.0000000000
894 -109.0000000000
926 -108.0000000000
933 -106.0000000000
945 -104.0000000000
953 -103.0000000000
974 -102.0000000000
990 -101.0000000000
1005 -100.0000000000
1013 -99.0000000000
1036 -98.0000000000
1044 -97.0000000000
1045 -95.0000000000
1092 -94.0000000000
1095 -93.0000000000
1149 -92.0000000000
1162 -91.0000000000
1169 -90.0000000000
1174 -89.0000000000
1195 -87.0000000000
1199 -86.0000000000
1228 -85.0000000000
1250 -84.0000000000
1256 -83.0000000000
1258 -82.0000000000
1275 -81.0000000000
1281 -80.0000000000
1316 -79.0000000000
1331 -78.0000000000
1341 -77.0000000000
1345 -75.0000000000
1358 -74.0000000000
1385 -73.0000000000
1393 -72.0000000000
1396 -71.0000000000
1412 -70.0000000000
1415 -69.0000000000
1441 -68.0000000000
1460 -67.0000000000
1462 -66.0000000000
1467 -65.0000000000
1469 -64.0000000000
1483 -63.0000000000
1519 -62.0000000000
1554 -61.0000000000
1560 -60.0000000000
1587 -59.0000000000
1609 -58.0000000000
1613 -57.0000000000
1630 -56.0000000000
1631 -55.0000000000
1635 -54.0000000000
1656 -53.0000000000
1698 -52.0000000000
1726 -50.0000000000
1735 -49.0000000000
1817 -48.0000000000
1851 -47.0000000000
1854 -46.0000000000
1864 -45.0000000000
1867 -44.0000000000
1872 -43.0000000000
1878 -42.0000000000
1883 -41.0000000000
1892 -40.0000000000
2045 -39.0000000000
2055 -38.0000000000
2077 -37.0000000000
2092 -36.0000000000
2118 -35.0000000000
2121 -34.0000000000
2125 -33.0000000000
2203 -32.0000000000
2320 -31.0000000000
2322 -30.0000000000
2360 -29.0000000000
2374 -28.0000000000
2375 -27.0000000000
2408 -26.0000000000
2410 -25.0000000000
2484 -24.0000000000
2500 -23.0000000000
2507 -22.0000000000
2588 -21.0000000000
2636 -19.0000000000
2684 -18.0000000000
2800 -17.0000000000
2811 -16.0000000000
2919 -15.0000000000
2983 -14.0000000000
3018 -13.0000000000
3161 -12.0000000000
3254 -11.0000000000
3317 -10.0000000000
3401 -9.0000000000
3408 -8.0000000000
3412 -7.0000000000
3413 -6.0000000000
3566 -5.0000000000
3764 -4.0000000000
3861 -3.0000000000
4114 -2.0000000000
4416 -1.0000000000
4725 506.0000000000
5050 511.0000000000
5853 512.0000000000
6630 515.0000000000
6975 518.0000000000
7088 523.0000000000
8955 524.0000000000
9745 528.0000000000
9788 532.0000000000
10000 -1.0000000000
evaluations raw_y
1 -304.0000000000
6 -303.0000000000
7 -302.0000000000
12 -301.0000000000
31 -300.0000000000
32 -299.0000000000
33 -298.0000000000
40 -297.0000000000
44 -296.0000000000
46 -294.0000000000
53 -293.0000000000
64 -292.0000000000
69 -290.0000000000
72 -289.0000000000
75 -288.0000000000
86 -287.0000000000
88 -285.0000000000
89 -282.0000000000
95 -281.0000000000
98 -280.0000000000
102 -279.0000000000
104 -278.0000000000
105 -277.0000000000
107 -276.0000000000
113 -273.0000000000
117 -272.0000000000
119 -271.0000000000
130 -270.0000000000
145 -269.0000000000
150 -268.0000000000
156 -267.0000000000
170 -266.0000000000
177 -264.0000000000
184 -263.0000000000
190 -261.0000000000
192 -259.0000000000
193 -258.0000000000
199 -257.0000000000
219 -255.0000000000
220 -254.0000000000
223 -251.0000000000
224 -250.0000000000
228 -249.0000000000
238 -248.0000000000
243 -247.0000000000
253 -245.0000000000
255 -244.0000000000
257 -242.0000000000
258 -241.0000000000
265 -240.0000000000
267 -239.0000000000
271 -238.0000000000
277 -235.0000000000
280 -234.0000000000
287 -233.0000000000
289 -230.0000000000
296 -229.0000000000
297 -228.0000000000
298 -227.0000000000
300 -226.0000000000
301 -225.0000000000
304 -224.0000000000
305 -223.0000000000
320 -222.0000000000
325 -221.0000000000
330 -220.0000000000
337 -219.0000000000
343 -218.0000000000
352 -217.0000000000
355 -216.0000000000
376 -215.0000000000
379 -214.0000000000
384 -213.0000000000
392 -212.0000000000
399 -211.0000000000
402 -210.0000000000
409 -209.0000000000
412 -208.0000000000
413 -207.0000000000
423 -206.0000000000
430 -205.0000000000
442 -204.0000000000
450 -203.0000000000
452 -202.0000000000
453 -201.0000000000
454 -200.0000000000
456 -199.0000000000
460 -198.0000000000
466 -197.0000000000
467 -196.0000000000
482 -195.0000000000
489 -194.0000000000
493 -193.0000000000
495 -191.0000000000
498 -190.0000000000
501 -189.0000000000
504 -188.0000000000
507 -187.0000000000
530 -186.0000000000
531 -185.0000000000
532 -184.0000000000
535 -181.0000000000
543 -180.0000000000
548 -179.0000000000
549 -178.0000000000
573 -177.0000000000
581 -176.0000000000
588 -175.0000000000
592 -174.0000000000
595 -173.0000000000
596 -172.0000000000
605 -171.0000000000
615 -170.0000000000
622 -169.0000000000
627 -168.0000000000
635 -167.0000000000
636 -166.0000000000
639 -165.0000000000
640 -163.0000000000
646 -162.0000000000
647 -161.0000000000
648 -160.0000000000
651 -159.0000000000
664 -158.0000000000
667 -156.0000000000
680 -155.0000000000
689 -154.0000000000
693 -153.0000000000
695 -152.0000000000
701 -151.0000000000
703 -150.0000000000
704 -148.0000000000
706 -147.0000000000
724 -146.0000000000
725 -145.0000000000
730 -144.0000000000
735 -143.0000000000
741 -142.0000000000
742 -141.0000000000
744 -140.0000000000
759 -138.0000000000
769 -137.0000000000
770 -136.0000000000
789 -135.0000000000
801 -134.0000000000
803 -133.0000000000
821 -131.0000000000
829 -130.0000000000
835 -129.0000000000
839 -128.0000000000
842 -127.0000000000
854 -126.0000000000
856 -125.0000000000
858 -124.0000000000
859 -123.0000000000
878 -122.0000000000
879 -121.0000000000
881 -120.0000000000
888 -119.0000000000
899 -118.0000000000
904 -117.0000000000
930 -116.0000000000
979 -115.0000000000
982 -113.0000000000
990 -112.0000000000
994 -111.0000000000
1004 -110.0000000000
1014 -109.0000000000
1019 -107.0000000000
1021 -106.0000000000
1026 -105.0000000000
1034 -104.0000000000
1040 -103.0000000000
1057 -101.0000000000
1078 -100.0000000000
1094 -99.0000000000
1098 -98.0000000000
1104 -97.0000000000
1110 -96.0000000000
1137 -95.0000000000
1161 -94.0000000000
1171 -93.0000000000
1180 -92.0000000000
1194 -90.0000000000
1204 -89.0000000000
1213 -88.0000000000
1227 -87.0000000000
1229 -86.0000000000
1251 -85.0000000000
1256 -84.0000000000
1278 -83.0000000000
1285 -82.0000000000
1295 -81.0000000000
1332 -80.0000000000
1338 -79.0000000000
1348 -78.0000000000
1356 -77.0000000000
1357 -76.0000000000
1368 -75.0000000000
1377 -74.0000000000
1415 -73.0000000000
1421 -72.0000000000
1422 -71.0000000000
1448 -70.0000000000
1459 -69.0000000000
1460 -68.0000000000
1505 -67.0000000000
1542 -66.0000000000
1557 -65.0000000000
1566 -64.0000000000
1574 -63.0000000000
1599 -62.0000000000
1621 -61.0000000000
1635 -60.0000000000
1640 -59.0000000000
1669 -58.0000000000
1715 -57.0000000000
1724 -56.0000000000
1759 -55.0000000000
1769 -54.0000000000
1776 -53.0000000000
1791 -52.0000000000
1806 -51.0000000000
1810 -50.0000000000
1881 -49.0000000000
1956 -48.0000000000
1985 -47.0000000000
1991 -46.0000000000
1997 -45.0000000000
2024 -44.0000000000
2026 -43.0000000000
2083 -42.0000000000
2175 -41.0000000000
2176 -40.0000000000
2203 -39.0000000000
2222 -38.0000000000
2282 -37.0000000000
2303 -36.0000000000
2340 -35.0000000000
2420 -34.0000000000
2429 -33.0000000000
2442 -32.0000000000
2459 -31.0000000000
2502 -30.0000000000
2564 -29.0000000000
2720 -28.0000000000
2736 -27.0000000000
2793 -26.0000000000
2863 -25.0000000000
2917 -24.0000000000
2941 -23.0000000000
2987 -22.0000000000
3025 -21.0000000000
3042 -20.0000000000
3048 -19.0000000000
3060 -18.0000000000
3128 -17.0000000000
3219 -16.0000000000
3230 -15.0000000000
3360 -14.0000000000
3815 -13.0000000000
3844 -12.0000000000
3875 -11.0000000000
3906 -10.0000000000
3916 -9.0000000000
3940 -8.0000000000
4031 -7.0000000000
4374 -6.0000000000
4451 -5.0000000000
4549 -4.0000000000
4701 -3.0000000000
4984 -2.0000000000
5008 -1.0000000000
5080 466.0000000000
5127 484.0000000000
5151 494.0000000000
5331 496.0000000000
5972 505.0000000000
6199 509.0000000000
6760 516.0000000000
7825 517.0000000000
8574 521.0000000000
10000 -1.0000000000
evaluations raw_y
1 -279.0000000000
6 -278.0000000000
9 -276.0000000000
11 -274.0000000000
13 -272.0000000000
16 -271.0000000000
17 -270.0000000000
18 -269.0000000000
20 -268.0000000000
24 -264.0000000000
35 -263.0000000000
38 -262.0000000000
45 -261.0000000000
47 -260.0000000000
50 -259.0000000000
65 -258.0000000000
67 -257.0000000000
68 -256.0000000000
70 -255.0000000000
75 -254.0000000000
86 -253.0000000000
90 -252.0000000000
96 -251.0000000000
99 -250.0000000000
106 -248.0000000000
107 -246.0000000000
124 -245.0000000000
125 -244.0000000000
129 -243.0000000000
130 -242.0000000000
132 -240.0000000000
134 -239.0000000000
143 -237.0000000000
145 -236.0000000000
147 -235.0000000000
158 -234.0000000000
160 -231.0000000000
161 -230.0000000000
163 -229.0000000000
167 -228.0000000000
175 -227.0000000000
179 -225.0000000000
181 -224.0000000000
189 -223.0000000000
190 -222.0000000000
195 -221.0000000000
196 -220.0000000000
197 -219.0000000000
206 -216.0000000000
215 -215.0000000000
217 -214.0000000000
230 -213.0000000000
232 -212.0000000000
240 -211.0000000000
242 -210.0000000000
265 -208.0000000000
273 -207.0000000000
275 -206.0000000000
278 -204.0000000000
284 -203.0000000000
286 -202.0000000000
294 -200.0000000000
311 -199.0000000000
312 -198.0000000000
315 -197.0000000000
327 -195.0000000000
332 -194.0000000000
333 -193.0000000000
335 -192.0000000000
343 -191.0000000000
349 -190.0000000000
351 -189.0000000000
371 -187.0000000000
374 -186.0000000000
376 -185.0000000000
378 -184.0000000000
383 -183.0000000000
387 -182.0000000000
393 -181.0000000000
407 -180.0000000000
410 -179.0000000000
423 -178.0000000000
427 -177.0000000000
430 -176.0000000000
432 -175.0000000000
440 -174.0000000000
461 -173.0000000000
473 -172.0000000000
474 -171.0000000000
475 -170.0000000000
479 -169.0000000000
487 -168.0000000000
488 -167.0000000000
494 -166.0000000000
506 -164.0000000000
507 -163.0000000000
511 -162.0000000000
514 -159.0000000000
522 -158.0000000000
534 -157.0000000000
543 -156.0000000000
551 -155.0000000000
554 -153.0000000000
556 -152.0000000000
587 -151.0000000000
588 -150.0000000000
606 -149.0000000000
610 -148.0000000000
613 -147.0000000000
643 -146.0000000000
648 -145.0000000000
665 -143.0000000000
674 -142.0000000000
704 -141.0000000000
715 -140.0000000000
722 -139.0000000000
730 -138.0000000000
733 -137.0000000000
742 -136.0000000000
747 -135.0000000000
751 -134.0000000000
755 -133.0000000000
765 -132.0000000000
768 -131.0000000000
780 -130.0000000000
786 -129.0000000000
793 -127.0000000000
801 -126.0000000000
809 -125.0000000000
814 -124.0000000000
816 -122.0000000000
827 -121.0000000000
832 -120.0000000000
834 -119.0000000000
835 -118.0000000000
848 -116.0000000000
850 -115.0000000000
858 -114.0000000000
861 -113.0000000000
903 -112.0000000000
913 -111.0000000000
932 -110.0000000000
934 -109.0000000000
952 -108.0000000000
955 -107.0000000000
968 -105.0000000000
981 -104.0000000000
1021 -103.0000000000
1027 -101.0000000000
1045 -100.0000000000
1061 -99.0000000000
1077 -98.0000000000
1078 -97.0000000000
1080 -96.0000000000
1136 -95.0000000000
1140 -94.0000000000
1146 -93.0000000000
1147 -92.0000000000
1176 -91.0000000000
1182 -90.0000000000
1184 -89.0000000000
1186 -88.0000000000
1203 -87.0000000000
1207 -86.0000000000
1240 -85.0000000000
1241 -84.0000000000
1242 -83.0000000000
1254 -82.0000000000
1257 -80.0000000000
1311 -79.0000000000
1333 -78.0000000000
1351 -77.0000000000
1356 -76.0000000000
1360 -75.0000000000
1369 -74.0000000000
1386 -73.0000000000
1389 -72.0000000000
1424 -71.0000000000
1433 -70.0000000000
1434 -69.0000000000
1444 -68.0000000000
1453 -67.0000000000
1504 -66.0000000000
1514 -65.0000000000
1571 -64.0000000000
1622 -63.0000000000
1628 -62.0000000000
1633 -61.0000000000
1639 -60.0000000000
1655 -59.0000000000
1701 -58.0000000000
1720 -57.0000000000
1721 -56.0000000000
1739 -55.0000000000
1763 -54.0000000000
1777 -53.0000000000
1779 -52.0000000000
1829 -51.0000000000
1916 -50.0000000000
1947 -49.0000000000
2004 -48.0000000000
2035 -47.0000000000
2042 -46.0000000000
2057 -45.0000000000
2092 -44.0000000000
2160 -43.0000000000
2187 -42.0000000000
2207 -41.0000000000
2228 -40.0000000000
2243 -39.0000000000
2280 -38.0000000000
2295 -37.0000000000
2301 -36.0000000000
2304 -35.0000000000
2314 -34.0000000000
2439 -33.0000000000
2442 -32.0000000000
2483 -31.0000000000
2533 -30.0000000000
2534 -29.0000000000
2555 -28.0000000000
2576 -27.0000000000
2600 -26.0000000000
2605 -25.0000000000
2719 -24.0000000000
2728 -23.0000000000
2820 -22.0000000000
2844 -21.0000000000
2847 -20.0000000000
2909 -19.0000000000
2977 -18.0000000000
3012 -17.0000000000
3020 -16.0000000000
3069 -15.0000000000
3141 -14.0000000000
3203 -13.0000000000
3222 -12.0000000000
3235 -11.0000000000
3341 -10.0000000000
3342 -9.0000000000
3374 -8.0000000000
3496 -7.0000000000
3568 -6.0000000000
3573 -5.0000000000
3662 -4.0000000000
3847 -3.0000000000
4112 -2.0000000000
4563 -1.0000000000
4640 482.0000000000
4891 496.0000000000
5558 501.0000000000
5905 503.0000000000
6165 504.0000000000
6574 506.0000000000
9323 512.0000000000
9756 513.0000000000
9956 515.0000000000
10000 515.0000000000
evaluations raw_y
1 -281.0000000000
11 -279.0000000000
15 -278.0000000000
19 -277.0000000000
20 -275.0000000000
21 -273.0000000000
22 -271.0000000000
23 -268.0000000000
26 -267.0000000000
27 -266.0000000000
37 -265.0000000000
44 -264.0000000000
49 -263.0000000000
50 -262.0000000000
51 -260.0000000000
52 -259.0000000000
54 -258.0000000000
59 -257.0000000000
60 -256.0000000000
75 -255.0000000000
77 -254.0000000000
79 -253.0000000000
80 -251.0000000000
86 -250.0000000000
90 -248.0000000000
92 -246.0000000000
97 -244.0000000000
98 -243.0000000000
101 -242.0000000000
108 -241.0000000000
115 -240.0000000000
123 -239.0000000000
131 -237.0000000000
136 -236.0000000000
143 -235.0000000000
147 -234.0000000000
151 -233.0000000000
168 -231.0000000000
170 -229.0000000000
171 -228.0000000000
173 -226.0000000000
179 -225.0000000000
186 -224.0000000000
190 -221.0000000000
191 -220.0000000000
192 -219.0000000000
194 -217.0000000000
203 -216.0000000000
209 -215.0000000000
215 -214.0000000000
225 -212.0000000000
226 -211.0000000000
238 -210.0000000000
239 -209.0000000000
240 -208.0000000000
242 -206.0000000000
243 -205.0000000000
246 -204.0000000000
251 -203.0000000000
255 -202.0000000000
256 -200.0000000000
258 -199.0000000000
260 -198.0000000000
271 -197.0000000000
279 -196.0000000000
281 -195.0000000000
284 -194.0000000000
294 -193.0000000000
300 -192.0000000000
311 -191.0000000000
313 -190.0000000000
324 -188.0000000000
333 -187.0000000000
337 -186.0000000000
341 -185.0000000000
343 -184.0000000000
345 -183.0000000000
356 -181.0000000000
359 -180.0000000000
362 -179.0000000000
367 -178.0000000000
369 -177.0000000000
372 -176.0000000000
382 -175.0000000000
388 -174.0000000000
395 -173.0000000000
398 -172.0000000000
410 -171.0000000000
413 -170.0000000000
418 -169.0000000000
428 -168.0000000000
429 -167.0000000000
446 -166.0000000000
452 -164.0000000000
458 -163.0000000000
463 -161.0000000000
467 -160.0000000000
469 -158.0000000000
483 -157.0000000000
485 -156.0000000000
488 -155.0000000000
495 -154.0000000000
504 -153.0000000000
514 -152.0000000000
531 -150.0000000000
534 -149.0000000000
537 -148.0000000000
555 -147.0000000000
562 -146.0000000000
567 -145.0000000000
580 -144.0000000000
585 -143.0000000000
594 -142.0000000000
595 -141.0000000000
601 -139.0000000000
604 -138.0000000000
628 -137.0000000000
633 -136.0000000000
643 -135.0000000000
644 -134.0000000000
649 -133.0000000000
676 -132.0000000000
683 -131.0000000000
703 -130.0000000000
728 -129.0000000000
747 -128.0000000000
793 -127.0000000000
800 -126.0000000000
808 -125.0000000000
848 -124.0000000000
861 -123.0000000000
872 -122.0000000000
884 -121.0000000000
903 -120.0000000000
910 -119.0000000000
918 -118.0000000000
923 -117.0000000000
952 -115.0000000000
967 -114.0000000000
983 -112.0000000000
987 -111.0000000000
988 -109.0000000000
992 -108.0000000000
1003 -107.0000000000
1007 -106.0000000000
1038 -105.0000000000
1049 -104.0000000000
1085 -103.0000000000
1087 -102.0000000000
1089 -101.0000000000
1102 -100.0000000000
1112 -99.0000000000
1132 -98.0000000000
1158 -96.0000000000
1208 -95.0000000000
1214 -94.0000000000
1216 -93.0000000000
1221 -92.0000000000
1285 -91.0000000000
1293 -90.0000000000
1318 -89.0000000000
1334 -88.0000000000
1339 -87.0000000000
1354 -86.0000000000
1355 -85.0000000000
1394 -84.0000000000
1396 -83.0000000000
1405 -82.0000000000
1407 -81.0000000000
1439 -80.0000000000
1476 -79.0000000000
1480 -78.0000000000
1484 -77.0000000000
1492 -76.0000000000
1499 -75.0000000000
1504 -74.0000000000
1513 -73.0000000000
1549 -72.0000000000
1552 -71.0000000000
1589 -70.0000000000
1596 -69.0000000000
1598 -68.0000000000
1627 -66.0000000000
1630 -65.0000000000
1637 -64.0000000000
1639 -63.0000000000
1660 -62.0000000000
1713 -60.0000000000
1754 -59.0000000000
1768 -58.0000000000
1775 -57.0000000000
1777 -56.0000000000
1790 -55.0000000000
1823 -54.0000000000
1831 -53.0000000000
1866 -52.0000000000
1890 -51.0000000000
1897 -50.0000000000
1910 -49.0000000000
1930 -48.0000000000
1935 -47.0000000000
1942 -46.0000000000
1960 -45.0000000000
1982 -44.0000000000
2009 -43.0000000000
2044 -42.0000000000
2049 -41.0000000000
2107 -40.0000000000
2111 -39.0000000000
2140 -38.0000000000
2162 -37.0000000000
2178 -35.0000000000
2188 -34.0000000000
2233 -33.0000000000
2234 -32.0000000000
2418 -31.0000000000
2543 -30.0000000000
2648 -29.0000000000
2668 -28.0000000000
2693 -27.0000000000
2719 -26.0000000000
2767 -25.0000000000
2774 -24.0000000000
2926 -23.0000000000
3022 -21.0000000000
3068 -20.0000000000
3182 -19.0000000000
3195 -18.0000000000
3604 -17.0000000000
3609 -16.0000000000
3646 -15.0000000000
3731 -14.0000000000
3733 -13.0000000000
3853 -12.0000000000
4107 -11.0000000000
4117 -10.0000000000
4371 -9.0000000000
4607 -8.0000000000
4648 -7.0000000000
4702 -6.0000000000
4722 -5.0000000000
4762 -4.0000000000
4799 -3.0000000000
4844 -2.0000000000
5224 -1.0000000000
5244 485.0000000000
5820 488.0000000000
6397 499.0000000000
6762 505.0000000000
6970 506.0000000000
7825 510.0000000000
8351 513.0000000000
9982 514.0000000000
10000 -5.0000000000
evaluations raw_y
1 -278.0000000000
3 -277.0000000000
8 -276.0000000000
10 -275.0000000000
15 -274.0000000000
17 -273.0000000000
24 -271.0000000000
25 -270.0000000000
33 -269.0000000000
38 -268.0000000000
45 -267.0000000000
47 -266.0000000000
49 -265.0000000000
50 -264.0000000000
52 -263.0000000000
53 -262.0000000000
57 -259.0000000000
62 -258.0000000000
64 -257.0000000000
69 -256.0000000000
71 -255.0000000000
80 -254.0000000000
81 -253.0000000000
84 -251.0000000000
88 -250.0000000000
97 -249.0000000000
105 -248.0000000000
114 -247.0000000000
116 -246.0000000000
119 -245.0000000000
128 -244.0000000000
137 -243.0000000000
143 -242.0000000000
146 -240.0000000000
152 -239.0000000000
153 -238.0000000000
158 -237.0000000000
160 -235.0000000000
164 -233.0000000000
171 -232.0000000000
184 -231.0000000000
189 -229.0000000000
191 -227.0000000000
196 -226.0000000000
199 -225.0000000000
202 -223.0000000000
209 -221.0000000000
217 -220.0000000000
227 -218.0000000000
239 -217.0000000000
242 -216.0000000000
246 -215.0000000000
252 -213.0000000000
258 -212.0000000000
260 -211.0000000000
266 -210.0000000000
276 -209.0000000000
295 -208.0000000000
299 -207.0000000000
307 -206.0000000000
316 -205.0000000000
318 -204.0000000000
327 -202.0000000000
329 -201.0000000000
337 -200.0000000000
348 -199.0000000000
355 -198.0000000000
360 -197.0000000000
370 -196.0000000000
385 -195.0000000000
392 -194.0000000000
393 -193.0000000000
396 -191.0000000000
405 -188.0000000000
417 -187.0000000000
421 -186.0000000000
425 -185.0000000000
426 -183.0000000000
428 -180.0000000000
444 -179.0000000000
447 -178.0000000000
449 -177.0000000000
454 -174.0000000000
456 -173.0000000000
458 -172.0000000000
466 -171.0000000000
469 -170.0000000000
478 -168.0000000000
485 -167.0000000000
488 -166.0000000000
496 -165.0000000000
504 -164.0000000000
506 -163.0000000000
509 -161.0000000000
522 -159.0000000000
534 -157.0000000000
535 -156.0000000000
548 -155.0000000000
549 -154.0000000000
551 -153.0000000000
554 -152.0000000000
572 -151.0000000000
584 -149.0000000000
585 -148.0000000000
593 -147.0000000000
614 -145.0000000000
619 -144.0000000000
629 -143.0000000000
636 -142.0000000000
638 -141.0000000000
645 -140.0000000000
649 -139.0000000000
664 -138.0000000000
668 -137.0000000000
669 -136.0000000000
678 -135.0000000000
682 -134.0000000000
684 -132.0000000000
685 -131.0000000000
686 -129.0000000000
689 -128.0000000000
691 -126.0000000000
699 -125.0000000000
712 -124.0000000000
717 -123.0000000000
727 -122.0000000000
741 -121.0000000000
743 -120.0000000000
763 -119.0000000000
770 -117.0000000000
811 -116.0000000000
815 -115.0000000000
816 -114.0000000000
840 -113.0000000000
878 -112.0000000000
879 -111.0000000000
881 -110.0000000000
893 -108.0000000000
899 -107.0000000000
919 -105.0000000000
924 -104.0000000000
928 -103.0000000000
934 -102.0000000000
936 -101.0000000000
946 -100.0000000000
952 -99.0000000000
961 -98.0000000000
966 -97.0000000000
972 -96.0000000000
1005 -95.0000000000
1031 -94.0000000000
1033 -93.0000000000
1036 -92.0000000000
1039 -91.0000000000
1045 -90.0000000000
1065 -89.0000000000
1066 -88.0000000000
1095 -86.0000000000
1105 -85.0000000000
1108 -84.0000000000
1182 -83.0000000000
1196 -82.0000000000
1208 -81.0000000000
1228 -80.0000000000
1240 -78.0000000000
1300 -77.0000000000
1311 -76.0000000000
1321 -75.0000000000
1338 -74.0000000000
1343 -72.0000000000
1367 -71.0000000000
1401 -70.0000000000
1444 -69.0000000000
1463 -68.0000000000
1472 -67.0000000000
1491 -66.0000000000
1509 -65.0000000000
1527 -64.0000000000
1551 -63.0000000000
1559 -62.0000000000
1566 -61.0000000000
1588 -60.0000000000
1609 -59.0000000000
1619 -58.0000000000
1637 -57.0000000000
1695 -56.0000000000
1824 -54.0000000000
1826 -53.0000000000
1838 -52.0000000000
1839 -51.0000000000
1845 -50.0000000000
1875 -49.0000000000
1877 -48.0000000000
1879 -47.0000000000
1927 -46.0000000000
1951 -45.0000000000
2005 -44.0000000000
2016 -43.0000000000
2050 -42.0000000000
2080 -41.0000000000
2101 -40.0000000000
2154 -39.0000000000
2230 -38.0000000000
2241 -37.0000000000
2303 -36.0000000000
2304 -35.0000000000
2326 -34.0000000000
2341 -33.0000000000
2415 -32.0000000000
2449 -31.0000000000
2482 -30.0000000000
2522 -29.0000000000
2614 -28.0000000000
2617 -27.0000000000
2709 -26.0000000000
2729 -25.0000000000
2742 -24.0000000000
2764 -23.0000000000
2834 -22.0000000000
2862 -21.0000000000
2906 -20.0000000000
2920 -19.0000000000
2940 -18.0000000000
2956 -17.0000000000
2980 -16.0000000000
3032 -15.0000000000
3048 -14.0000000000
3124 -13.0000000000
3303 -12.0000000000
3377 -11.0000000000
3390 -10.0000000000
3429 -9.0000000000
3470 -8.0000000000
3491 -7.0000000000
3524 -6.0000000000
3548 -5.0000000000
3573 -4.0000000000
3595 -3.0000000000
3715 -2.0000000000
3720 -1.0000000000
3899 505.0000000000
6204 510.0000000000
7079 511.0000000000
7813 513.0000000000
7992 518.0000000000
10000 -1.0000000000
evaluations raw_y
1 -284.0000000000
6 -283.0000000000
11 -282.0000000000
14 -281.0000000000
15 -280.0000000000
16 -279.0000000000
17 -278.0000000000
20 -276.0000000000
36 -275.0000000000
37 -274.0000000000
56 -273.0000000000
57 -272.0000000000
60 -271.0000000000
66 -270.0000000000
73 -269.0000000000
75 -268.0000000000
81 -267.0000000000
86 -266.0000000000
89 -265.0000000000
90 -264.0000000000
91 -263.0000000000
95 -262.0000000000
97 -261.0000000000
108 -259.0000000000
113 -258.0000000000
120 -257.0000000000
128 -256.0000000000
129 -255.0000000000
133 -254.0000000000
134 -253.0000000000
135 -252.0000000000
136 -251.0000000000
140 -250.0000000000
144 -249.0000000000
150 -248.0000000000
151 -247.0000000000
157 -245.0000000000
161 -244.0000000000
162 -243.0000000000
163 -242.0000000000
171 -240.0000000000
181 -239.0000000000
183 -238.0000000000
184 -237.0000000000
186 -236.0000000000
190 -234.0000000000
194 -233.0000000000
199 -232.0000000000
205 -231.0000000000
209 -230.0000000000
211 -229.0000000000
216 -227.0000000000
219 -226.0000000000
222 -224.0000000000
225 -223.0000000000
230 -222.0000000000
237 -221.0000000000
239 -220.0000000000
244 -219.0000000000
248 -218.0000000000
249 -217.0000000000
262 -216.0000000000
266 -214.0000000000
269 -213.0000000000
277 -211.0000000000
279 -210.0000000000
281 -209.0000000000
282 -208.0000000000
286 -206.0000000000
307 -205.0000000000
310 -204.0000000000
314 -202.0000000000
318 -201.0000000000
324 -199.0000000000
327 -198.0000000000
338 -197.0000000000
341 -196.0000000000
344 -195.0000000000
356 -194.0000000000
365 -193.0000000000
373 -192.0000000000
378 -191.0000000000
391 -190.0000000000
392 -189.0000000000
395 -188.0000000000
402 -187.0000000000
405 -186.0000000000
419 -185.0000000000
420 -184.0000000000
426 -183.0000000000
435 -182.0000000000
436 -181.0000000000
438 -179.0000000000
449 -178.0000000000
457 -176.0000000000
467 -175.0000000000
484 -174.0000000000
487 -173.0000000000
501 -172.0000000000
505 -171.0000000000
508 -170.0000000000
512 -168.0000000000
519 -167.0000000000
535 -166.0000000000
537 -165.0000000000
543 -164.0000000000
545 -163.0000000000
547 -162.0000000000
552 -161.0000000000
556 -158.0000000000
562 -157.0000000000
569 -156.0000000000
574 -155.0000000000
581 -154.0000000000
584 -152.0000000000
589 -151.0000000000
593 -149.0000000000
600 -148.0000000000
606 -147.0000000000
607 -145.0000000000
615 -144.0000000000
630 -143.0000000000
644 -142.0000000000
649 -141.0000000000
655 -140.0000000000
664 -139.0000000000
665 -138.0000000000
668 -137.0000000000
672 -136.0000000000
710 -135.0000000000
717 -134.0000000000
720 -133.0000000000
723 -131.0000000000
733 -130.0000000000
783 -129.0000000000
798 -128.0000000000
809 -127.0000000000
819 -126.0000000000
828 -125.0000000000
831 -124.0000000000
837 -123.0000000000
840 -122.0000000000
842 -121.0000000000
845 -119.0000000000
852 -118.0000000000
859 -117.0000000000
862 -116.0000000000
866 -115.0000000000
867 -114.0000000000
883 -112.0000000000
891 -110.0000000000
894 -109.0000000000
912 -108.0000000000
913 -107.0000000000
936 -105.0000000000
943 -104.0000000000
945 -103.0000000000
952 -102.0000000000
966 -101.0000000000
969 -100.0000000000
988 -98.0000000000
992 -96.0000000000
994 -95.0000000000
1002 -94.0000000000
1006 -93.0000000000
1013 -91.0000000000
1022 -90.0000000000
1029 -89.0000000000
1058 -88.0000000000
1072 -87.0000000000
1086 -86.0000000000
1088 -85.0000000000
1111 -84.0000000000
1134 -83.0000000000
1137 -80.0000000000
1139 -79.0000000000
1150 -78.0000000000
1151 -77.0000000000
1153 -76.0000000000
1160 -75.0000000000
1172 -74.0000000000
1173 -73.0000000000
1197 -72.0000000000
1224 -71.0000000000
1250 -70.0000000000
1283 -69.0000000000
1290 -68.0000000000
1332 -67.0000000000
1363 -66.0000000000
1386 -65.0000000000
1389 -64.0000000000
1475 -63.0000000000
1484 -62.0000000000
1486 -61.0000000000
1536 -60.0000000000
1538 -58.0000000000
1569 -57.0000000000
1573 -56.0000000000
1594 -55.0000000000
1642 -54.0000000000
1697 -53.0000000000
1704 -52.0000000000
1713 -51.0000000000
1790 -50.0000000000
1794 -49.0000000000
1795 -48.0000000000
1818 -47.0000000000
1842 -46.0000000000
1850 -45.0000000000
1872 -44.0000000000
1958 -43.0000000000
1963 -42.0000000000
1978 -41.0000000000
2022 -40.0000000000
2033 -39.0000000000
2035 -38.0000000000
2071 -37.0000000000
2082 -36.0000000000
2140 -35.0000000000
2167 -34.0000000000
2171 -33.0000000000
2186 -32.0000000000
2281 -31.0000000000
2303 -30.0000000000
2315 -29.0000000000
2334 -28.0000000000
2343 -27.0000000000
2363 -26.0000000000
2429 -25.0000000000
2510 -24.0000000000
2547 -23.0000000000
2584 -22.0000000000
2628 -21.0000000000
2731 -20.0000000000
2746 -19.0000000000
2751 -18.0000000000
2769 -17.0000000000
2785 -16.0000000000
2846 -15.0000000000
2858 -14.0000000000
2921 -13.0000000000
2941 -12.0000000000
3029 -11.0000000000
3258 -10.0000000000
3551 -9.0000000000
3607 -8.0000000000
3653 -7.0000000000
3889 -6.0000000000
3936 -5.0000000000
3955 -4.0000000000
3975 -3.0000000000
3989 -2.0000000000
4376 -1.0000000000
4433 491.0000000000
5432 501.0000000000
5753 505.0000000000
6184 507.0000000000
6785 512.0000000000
9140 516.0000000000
9327 523.0000000000
9507 532.0000000000
10000 532.0000000000
evaluations raw_y
1 -298.0000000000
6 -296.0000000000
8 -295.0000000000
21 -294.0000000000
24 -293.0000000000
26 -292.0000000000
29 -291.0000000000
45 -290.0000000000
46 -289.0000000000
48 -288.0000000000
52 -286.0000000000
61 -285.0000000000
67 -284.0000000000
70 -283.0000000000
79 -281.0000000000
83 -280.0000000000
93 -279.0000000000
95 -278.0000000000
99 -277.0000000000
102 -276.0000000000
108 -275.0000000000
110 -273.0000000000
111 -272.0000000000
116 -271.0000000000
121 -270.0000000000
122 -269.0000000000
123 -266.0000000000
124 -265.0000000000
125 -263.0000000000
126 -262.0000000000
129 -260.0000000000
130 -259.0000000000
135 -258.0000000000
136 -257.0000000000
138 -256.0000000000
142 -255.0000000000
144 -252.0000000000
145 -251.0000000000
146 -250.0000000000
153 -249.0000000000
154 -248.0000000000
161 -247.0000000000
162 -246.0000000000
164 -245.0000000000
165 -244.0000000000
181 -243.0000000000
189 -242.0000000000
193 -240.0000000000
197 -239.0000000000
198 -238.0000000000
216 -237.0000000000
222 -236.0000000000
229 -235.0000000000
230 -233.0000000000
234 -232.0000000000
249 -230.0000000000
251 -229.0000000000
257 -228.0000000000
277 -227.0000000000
285 -226.0000000000
295 -224.0000000000
301 -223.0000000000
302 -222.0000000000
305 -220.0000000000
308 -219.0000000000
310 -218.0000000000
317 -217.0000000000
319 -216.0000000000
321 -215.0000000000
330 -214.0000000000
340 -213.0000000000
358 -211.0000000000
360 -210.0000000000
366 -209.0000000000
379 -208.0000000000
380 -207.0000000000
386 -206.0000000000
387 -204.0000000000
388 -203.0000000000
393 -202.0000000000
396 -201.0000000000
399 -200.0000000000
411 -199.0000000000
414 -198.0000000000
424 -197.0000000000
433 -195.0000000000
435 -194.0000000000
438 -193.0000000000
446 -190.0000000000
461 -188.0000000000
465 -187.0000000000
476 -185.0000000000
500 -184.0000000000
502 -183.0000000000
509 -182.0000000000
514 -181.0000000000
517 -180.0000000000
524 -179.0000000000
534 -178.0000000000
535 -177.0000000000
537 -174.0000000000
538 -173.0000000000
543 -172.0000000000
545 -171.0000000000
557 -170.0000000000
559 -169.0000000000
580 -168.0000000000
581 -167.0000000000
583 -166.0000000000
597 -165.0000000000
619 -164.0000000000
628 -163.0000000000
636 -162.0000000000
642 -160.0000000000
656 -159.0000000000
657 -158.0000000000
658 -157.0000000000
659 -155.0000000000
667 -154.0000000000
673 -153.0000000000
675 -152.0000000000
685 -151.0000000000
707 -150.0000000000
709 -149.0000000000
718 -148.0000000000
732 -147.0000000000
733 -144.0000000000
763 -143.0000000000
770 -142.0000000000
777 -140.0000000000
780 -139.0000000000
788 -138.0000000000
790 -137.0000000000
796 -136.0000000000
817 -135.0000000000
823 -134.0000000000
832 -133.0000000000
834 -131.0000000000
837 -130.0000000000
850 -129.0000000000
856 -128.0000000000
862 -127.0000000000
873 -125.0000000000
876 -123.0000000000
887 -122.0000000000
898 -121.0000000000
924 -120.0000000000
939 -119.0000000000
940 -118.0000000000
944 -117.0000000000
948 -116.0000000000
956 -115.0000000000
957 -114.0000000000
959 -113.0000000000
965 -112.0000000000
982 -111.0000000000
1013 -110.0000000000
1025 -109.0000000000
1028 -108.0000000000
1044 -106.0000000000
1053 -105.0000000000
1062 -104.0000000000
1064 -103.0000000000
1065 -102.0000000000
1083 -101.0000000000
1088 -100.0000000000
1091 -99.0000000000
1116 -98.0000000000
1155 -97.0000000000
1158 -96.0000000000
1174 -95.0000000000
1177 -94.0000000000
1182 -93.0000000000
1198 -92.0000000000
1226 -91.0000000000
1247 -90.0000000000
1256 -88.0000000000
1260 -87.0000000000
1267 -86.0000000000
1272 -85.0000000000
1301 -84.0000000000
1308 -83.0000000000
1315 -82.0000000000
1325 -81.0000000000
1346 -80.0000000000
1350 -79.0000000000
1356 -78.0000000000
1359 -77.0000000000
1372 -76.0000000000
1388 -75.0000000000
1389 -73.0000000000
1442 -72.0000000000
1516 -71.0000000000
1568 -70.0000000000
1576 -69.0000000000
1587 -68.0000000000
1589 -67.0000000000
1595 -66.0000000000
1619 -65.0000000000
1638 -64.0000000000
1645 -63.0000000000
1674 -62.0000000000
1683 -61.0000000000
1701 -60.0000000000
1703 -59.0000000000
1719 -58.0000000000
1736 -57.0000000000
1765 -56.0000000000
1787 -55.0000000000
1790 -54.0000000000
1793 -53.0000000000
1812 -52.0000000000
1846 -51.0000000000
1855 -50.0000000000
1912 -49.0000000000
1913 -48.0000000000
1924 -47.0000000000
1981 -46.0000000000
2001 -45.0000000000
2042 -44.0000000000
2043 -43.0000000000
2044 -42.0000000000
2065 -41.0000000000
2091 -40.0000000000
2101 -39.0000000000
2132 -38.0000000000
2171 -37.0000000000
2180 -36.0000000000
2225 -35.0000000000
2229 -34.0000000000
2280 -33.0000000000
2314 -32.0000000000
2389 -31.0000000000
2414 -30.0000000000
2482 -29.0000000000
2490 -28.0000000000
2505 -27.0000000000
2689 -26.0000000000
2796 -25.0000000000
2816 -24.0000000000
2870 -23.0000000000
2931 -22.0000000000
3001 -21.0000000000
3038 -20.0000000000
3053 -19.0000000000
3079 -18.0000000000
3100 -17.0000000000
3123 -16.0000000000
3195 -15.0000000000
3221 -14.0000000000
3361 -13.0000000000
3399 -12.0000000000
3415 -11.0000000000
3522 -10.0000000000
3688 -9.0000000000
3805 -8.0000000000
3913 -7.0000000000
4001 -6.0000000000
4244 -5.0000000000
4286 -4.0000000000
4332 -3.0000000000
4334 -2.0000000000
4725 -1.0000000000
4800 487.0000000000
4922 492.0000000000
4963 501.0000000000
5911 511.0000000000
6102 515.0000000000
7447 517.0000000000
7541 521.0000000000
7803 525.0000000000
7853 535.0000000000
8257 536.0000000000
8654 537.0000000000
10000 -1.0000000000
evaluations raw_y
1 -284.0000000000
5 -282.0000000000
19 -280.0000000000
25 -279.0000000000
29 -278.0000000000
33 -276.0000000000
34 -275.0000000000
38 -273.0000000000
40 -272.0000000000
43 -270.0000000000
44 -269.0000000000
46 -268.0000000000
47 -266.0000000000
50 -265.0000000000
51 -264.0000000000
54 -263.0000000000
56 -262.0000000000
57 -260.0000000000
59 -259.0000000000
60 -258.0000000000
70 -257.0000000000
72 -256.0000000000
76 -255.0000000000
84 -254.0000000000
93 -253.0000000000
98 -251.0000000000
101 -250.0000000000
103 -249.0000000000
113 -247.0000000000
116 -246.0000000000
122 -245.0000000000
123 -244.0000000000
124 -243.0000000000
126 -242.0000000000
128 -241.0000000000
131 -240.0000000000
132 -239.0000000000
135 -238.0000000000
136 -237.0000000000
138 -236.0000000000
149 -235.0000000000
152 -234.0000000000
165 -233.0000000000
168 -232.0000000000
169 -231.0000000000
170 -230.0000000000
173 -228.0000000000
184 -227.0000000000
200 -226.0000000000
202 -224.0000000000
203 -223.0000000000
205 -222.0000000000
207 -221.0000000000
219 -220.0000000000
224 -219.0000000000
226 -218.0000000000
236 -217.0000000000
239 -216.0000000000
245 -215.0000000000
247 -214.0000000000
248 -213.0000000000
252 -212.0000000000
259 -210.0000000000
263 -209.0000000000
265 -208.0000000000
309 -207.0000000000
311 -205.0000000000
321 -204.0000000000
324 -203.0000000000
325 -202.0000000000
329 -201.0000000000
335 -200.0000000000
353 -198.0000000000
362 -197.0000000000
367 -196.0000000000
368 -195.0000000000
378 -194.0000000000
379 -193.0000000000
388 -192.0000000000
390 -191.0000000000
396 -190.0000000000
397 -189.0000000000
404 -188.0000000000
406 -187.0000000000
407 -186.0000000000
408 -185.0000000000
411 -184.0000000000
413 -183.0000000000
416 -182.0000000000
430 -181.0000000000
436 -180.0000000000
441 -179.0000000000
446 -178.0000000000
455 -177.0000000000
485 -176.0000000000
489 -175.0000000000
507 -174.0000000000
526 -173.0000000000
540 -172.0000000000
549 -171.0000000000
551 -170.0000000000
570 -168.0000000000
572 -167.0000000000
589 -165.0000000000
596 -164.0000000000
598 -163.0000000000
599 -162.0000000000
601 -161.0000000000
613 -160.0000000000
618 -159.0000000000
624 -157.0000000000
628 -156.0000000000
630 -155.0000000000
643 -154.0000000000
644 -152.0000000000
647 -151.0000000000
649 -150.0000000000
665 -149.0000000000
672 -148.0000000000
692 -147.0000000000
693 -146.0000000000
697 -145.0000000000
716 -144.0000000000
717 -143.0000000000
722 -142.0000000000
731 -141.0000000000
744 -140.0000000000
751 -139.0000000000
763 -138.0000000000
770 -137.0000000000
801 -136.0000000000
812 -135.0000000000
832 -134.0000000000
833 -133.0000000000
839 -132.0000000000
867 -131.0000000000
870 -130.0000000000
871 -129.0000000000
874 -128.0000000000
882 -126.0000000000
894 -125.0000000000
898 -124.0000000000
909 -123.0000000000
912 -122.0000000000
915 -121.0000000000
918 -119.0000000000
925 -118.0000000000
939 -117.0000000000
971 -116.0000000000
984 -115.0000000000
988 -114.0000000000
994 -113.0000000000
995 -112.0000000000
1018 -110.0000000000
1021 -109.0000000000
1027 -108.0000000000
1029 -107.0000000000
1035 -106.0000000000
1048 -105.0000000000
1061 -104.0000000000
1063 -103.0000000000
1069 -102.0000000000
1070 -101.0000000000
1072 -100.0000000000
1085 -99.0000000000
1095 -98.0000000000
1117 -97.0000000000
1133 -96.0000000000
1159 -95.0000000000
1163 -94.0000000000
1198 -92.0000000000
1214 -91.0000000000
1218 -90.0000000000
1220 -89.0000000000
1230 -88.0000000000
1264 -86.0000000000
1273 -84.0000000000
1279 -83.0000000000
1281 -82.0000000000
1293 -81.0000000000
1299 -80.0000000000
1306 -79.0000000000
1316 -78.0000000000
1317 -77.0000000000
1318 -76.0000000000
1359 -74.0000000000
1370 -73.0000000000
1388 -72.0000000000
1410 -71.0000000000
1421 -70.0000000000
1431 -69.0000000000
1482 -64.0000000000
1495 -63.0000000000
1534 -62.0000000000
1567 -61.0000000000
1579 -60.0000000000
1593 -59.0000000000
1620 -58.0000000000
1626 -57.0000000000
1628 -56.0000000000
1638 -55.0000000000
1686 -54.0000000000
1692 -53.0000000000
1693 -52.0000000000
1702 -51.0000000000
1704 -50.0000000000
1723 -49.0000000000
1815 -48.0000000000
1828 -47.0000000000
1864 -46.0000000000
1875 -45.0000000000
1924 -44.0000000000
1926 -43.0000000000
1940 -42.0000000000
1980 -41.0000000000
1985 -40.0000000000
2022 -39.0000000000
2059 -38.0000000000
2284 -37.0000000000
2309 -35.0000000000
2370 -34.0000000000
2405 -33.0000000000
2448 -32.0000000000
2467 -31.0000000000
2513 -30.0000000000
2547 -29.0000000000
2554 -28.0000000000
2587 -26.0000000000
2605 -25.0000000000
2606 -24.0000000000
2622 -23.0000000000
2669 -22.0000000000
2670 -21.0000000000
2798 -20.0000000000
2855 -19.0000000000
2858 -18.0000000000
2898 -17.0000000000
2959 -16.0000000000
3015 -15.0000000000
3056 -14.0000000000
3077 -13.0000000000
3118 -12.0000000000
3221 -11.0000000000
3235 -10.0000000000
3250 -9.0000000000
3256 -8.0000000000
3540 -7.0000000000
3807 -6.0000000000
3936 -5.0000000000
4207 -4.0000000000
4504 -3.0000000000
4513 -2.0000000000
4578 -1.0000000000
4800 467.0000000000
4850 468.0000000000
5022 481.0000000000
5150 486.0000000000
5283 495.0000000000
5875 498.0000000000
5908 503.0000000000
6268 506.0000000000
6429 510.0000000000
6773 516.0000000000
8331 522.0000000000
10000 522.0000000000
evaluations raw_y
1 -269.0000000000
2 -268.0000000000
4 -265.0000000000
7 -264.0000000000
9 -262.0000000000
13 -261.0000000000
17 -260.0000000000
20 -259.0000000000
25 -258.0000000000
27 -257.0000000000
28 -256.0000000000
37 -255.0000000000
39 -254.0000000000
41 -253.0000000000
45 -251.0000000000
55 -250.0000000000
57 -249.0000000000
63 -248.0000000000
69 -247.0000000000
77 -246.0000000000
78 -245.0000000000
85 -244.0000000000
91 -243.0000000000
94 -242.0000000000
101 -241.0000000000
109 -239.0000000000
114 -238.0000000000
120 -237.0000000000
128 -236.0000000000
129 -235.0000000000
131 -234.0000000000
133 -233.0000000000
143 -232.0000000000
150 -231.0000000000
156 -229.0000000000
157 -228.0000000000
158 -227.0000000000
167 -225.0000000000
181 -224.0000000000
182 -223.0000000000
184 -222.0000000000
202 -221.0000000000
203 -220.0000000000
204 -218.0000000000
208 -217.0000000000
209 -216.0000000000
218 -215.0000000000
220 -214.0000000000
222 -213.0000000000
228 -212.0000000000
231 -211.0000000000
234 -210.0000000000
240 -209.0000000000
242 -207.0000000000
246 -206.0000000000
248 -205.0000000000
257 -204.0000000000
259 -203.0000000000
260 -202.0000000000
273 -200.0000000000
284 -199.0000000000
300 -197.0000000000
305 -196.0000000000
310 -195.0000000000
337 -194.0000000000
341 -192.0000000000
343 -191.0000000000
353 -190.0000000000
365 -189.0000000000
367 -188.0000000000
382 -187.0000000000
388 -186.0000000000
392 -184.0000000000
397 -183.0000000000
403 -182.0000000000
413 -181.0000000000
428 -180.0000000000
430 -179.0000000000
447 -178.0000000000
449 -177.0000000000
452 -176.0000000000
481 -175.0000000000
488 -174.0000000000
489 -173.0000000000
493 -172.0000000000
503 -171.0000000000
508 -170.0000000000
510 -169.0000000000
511 -168.0000000000
516 -167.0000000000
519 -165.0000000000
521 -163.0000000000
551 -162.0000000000
555 -161.0000000000
556 -159.0000000000
567 -158.0000000000
575 -157.0000000000
586 -156.0000000000
587 -155.0000000000
610 -154.0000000000
623 -153.0000000000
638 -152.0000000000
648 -151.0000000000
657 -150.0000000000
659 -149.0000000000
663 -148.0000000000
671 -146.0000000000
673 -145.0000000000
683 -144.0000000000
684 -143.0000000000
688 -142.0000000000
689 -141.0000000000
712 -140.0000000000
716 -139.0000000000
720 -138.0000000000
727 -137.0000000000
728 -136.0000000000
734 -135.0000000000
760 -134.0000000000
771 -133.0000000000
793 -132.0000000000
794 -131.0000000000
799 -130.0000000000
804 -129.0000000000
815 -128.0000000000
832 -127.0000000000
838 -126.0000000000
844 -125.0000000000
857 -124.0000000000
860 -123.0000000000
865 -122.0000000000
866 -120.0000000000
877 -119.0000000000
886 -117.0000000000
887 -116.0000000000
912 -115.0000000000
923 -114.0000000000
946 -112.0000000000
950 -111.0000000000
960 -110.0000000000
983 -109.0000000000
984 -108.0000000000
1001 -107.0000000000
1005 -106.0000000000
1013 -105.0000000000
1025 -104.0000000000
1049 -103.0000000000
1056 -102.0000000000
1089 -101.0000000000
1100 -100.0000000000
1106 -99.0000000000
1131 -98.0000000000
1146 -97.0000000000
1153 -96.0000000000
1158 -95.0000000000
1159 -94.0000000000
1171 -93.0000000000
1205 -92.0000000000
1218 -91.0000000000
1279 -90.0000000000
1293 -89.0000000000
1306 -88.0000000000
1342 -87.0000000000
1349 -85.0000000000
1354 -84.0000000000
1366 -83.0000000000
1376 -82.0000000000
1402 -80.0000000000
1437 -79.0000000000
1454 -78.0000000000
1490 -77.0000000000
1494 -76.0000000000
1495 -75.0000000000
1498 -74.0000000000
1510 -73.0000000000
1518 -72.0000000000
1526 -71.0000000000
1530 -70.0000000000
1554 -69.0000000000
1570 -68.0000000000
1580 -66.0000000000
1592 -65.0000000000
1624 -64.0000000000
1667 -63.0000000000
1669 -62.0000000000
1677 -61.0000000000
1702 -60.0000000000
1707 -59.0000000000
1712 -58.0000000000
1740 -57.0000000000
1761 -56.0000000000
1767 -55.0000000000
1779 -54.0000000000
1815 -53.0000000000
1825 -52.0000000000
1848 -51.0000000000
1904 -50.0000000000
1932 -49.0000000000
1939 -48.0000000000
1957 -47.0000000000
1958 -46.0000000000
1985 -45.0000000000
1987 -44.0000000000
2013 -43.0000000000
2018 -42.0000000000
2105 -40.0000000000
2125 -39.0000000000
2128 -38.0000000000
2144 -37.0000000000
2163 -35.0000000000
2180 -34.0000000000
2188 -33.0000000000
2190 -32.0000000000
2201 -30.0000000000
2214 -29.0000000000
2217 -28.0000000000
2426 -27.0000000000
2481 -26.0000000000
2486 -25.0000000000
2503 -24.0000000000
2602 -23.0000000000
2607 -22.0000000000
2726 -21.0000000000
2767 -20.0000000000
2828 -19.0000000000
2959 -18.0000000000
3086 -17.0000000000
3107 -16.0000000000
3125 -15.0000000000
3241 -14.0000000000
3242 -13.0000000000
3258 -12.0000000000
3414 -11.0000000000
3578 -10.0000000000
3634 -9.0000000000
3835 -8.0000000000
3900 -7.0000000000
3909 -6.0000000000
4026 -5.0000000000
4364 -4.0000000000
4395 -3.0000000000
4413 -2.0000000000
4501 -1.0000000000
4657 473.0000000000
4748 491.0000000000
5164 500.0000000000
5580 501.0000000000
6547 507.0000000000
8223 508.0000000000
8651 516.0000000000
10000 -2.0000000000
evaluations raw_y
1 -302.0000000000
3 -301.0000000000
8 -300.0000000000
9 -299.0000000000
10 -298.0000000000
12 -297.0000000000
13 -296.0000000000
15 -295.0000000000
17 -294.0000000000
31 -293.0000000000
37 -292.0000000000
40 -290.0000000000
45 -289.0000000000
47 -287.0000000000
50 -285.0000000000
54 -284.0000000000
57 -283.0000000000
69 -282.0000000000
71 -280.0000000000
74 -279.0000000000
83 -278.0000000000
85 -277.0000000000
86 -275.0000000000
89 -274.0000000000
90 -273.0000000000
95 -272.0000000000
96 -271.0000000000
101 -268.0000000000
104 -267.0000000000
106 -266.0000000000
114 -265.0000000000
117 -264.0000000000
121 -263.0000000000
122 -261.0000000000
124 -260.0000000000
127 -259.0000000000
129 -257.0000000000
132 -256.0000000000
135 -255.0000000000
141 -254.0000000000
144 -253.0000000000
159 -252.0000000000
163 -251.0000000000
165 -250.0000000000
167 -249.0000000000
169 -248.0000000000
176 -247.0000000000
181 -246.0000000000
182 -245.0000000000
186 -244.0000000000
192 -243.0000000000
197 -242.0000000000
199 -241.0000000000
204 -240.0000000000
213 -238.0000000000
216 -237.0000000000
224 -236.0000000000
226 -235.0000000000
230 -233.0000000000
232 -231.0000000000
237 -230.0000000000
238 -229.0000000000
240 -228.0000000000
251 -227.0000000000
254 -226.0000000000
256 -225.0000000000
262 -224.0000000000
268 -223.0000000000
270 -222.0000000000
276 -219.0000000000
292 -218.0000000000
305 -217.0000000000
307 -216.0000000000
310 -214.0000000000
315 -213.0000000000
323 -211.0000000000
349 -210.0000000000
350 -208.0000000000
351 -207.0000000000
383 -205.0000000000
385 -204.0000000000
386 -203.0000000000
391 -202.0000000000
392 -201.0000000000
398 -200.0000000000
402 -199.0000000000
408 -198.0000000000
413 -197.0000000000
419 -195.0000000000
426 -194.0000000000
429 -193.0000000000
436 -192.0000000000
438 -190.0000000000
459 -189.0000000000
465 -188.0000000000
479 -187.0000000000
484 -186.0000000000
488 -185.0000000000
490 -184.0000000000
504 -183.0000000000
507 -182.0000000000
512 -181.0000000000
518 -179.0000000000
522 -178.0000000000
554 -177.0000000000
556 -176.0000000000
558 -175.0000000000
570 -174.0000000000
571 -173.0000000000
575 -172.0000000000
581 -171.0000000000
585 -170.0000000000
594 -169.0000000000
603 -168.0000000000
604 -167.0000000000
614 -166.0000000000
616 -165.0000000000
620 -164.0000000000
632 -163.0000000000
645 -162.0000000000
651 -161.0000000000
653 -160.0000000000
675 -159.0000000000
677 -158.0000000000
678 -157.0000000000
681 -156.0000000000
683 -155.0000000000
692 -154.0000000000
695 -153.0000000000
696 -151.0000000000
699 -150.0000000000
701 -149.0000000000
721 -147.0000000000
725 -146.0000000000
726 -145.0000000000
742 -144.0000000000
752 -143.0000000000
756 -142.0000000000
757 -141.0000000000
766 -140.0000000000
772 -139.0000000000
778 -138.0000000000
782 -137.0000000000
805 -136.0000000000
813 -135.0000000000
814 -134.0000000000
816 -133.0000000000
821 -132.0000000000
836 -131.0000000000
840 -130.0000000000
841 -129.0000000000
845 -128.0000000000
849 -127.0000000000
850 -126.0000000000
854 -125.0000000000
867 -123.0000000000
871 -122.0000000000
874 -121.0000000000
876 -120.0000000000
900 -119.0000000000
904 -118.0000000000
907 -117.0000000000
914 -116.0000000000
932 -115.0000000000
938 -114.0000000000
950 -113.0000000000
955 -112.0000000000
968 -111.0000000000
974 -110.0000000000
991 -109.0000000000
993 -108.0000000000
998 -107.0000000000
1000 -106.0000000000
1002 -105.0000000000
1003 -104.0000000000
1005 -103.0000000000
1006 -102.0000000000
1016 -101.0000000000
1017 -99.0000000000
1047 -98.0000000000
1051 -97.0000000000
1055 -95.0000000000
1069 -94.0000000000
1072 -93.0000000000
1077 -92.0000000000
1088 -91.0000000000
1121 -90.0000000000
1124 -89.0000000000
1150 -88.0000000000
1156 -87.0000000000
1175 -86.0000000000
1176 -85.0000000000
1179 -84.0000000000
1182 -83.0000000000
1183 -82.0000000000
1199 -81.0000000000
1201 -80.0000000000
1203 -79.0000000000
1217 -78.0000000000
1218 -77.0000000000
1231 -76.0000000000
1260 -74.0000000000
1265 -73.0000000000
1269 -72.0000000000
1273 -71.0000000000
1299 -70.0000000000
1320 -69.0000000000
1357 -68.0000000000
1365 -67.0000000000
1410 -66.0000000000
1414 -65.0000000000
1433 -64.0000000000
1452 -63.0000000000
1455 -62.0000000000
1462 -61.0000000000
1525 -60.0000000000
1534 -59.0000000000
1551 -58.0000000000
1553 -57.0000000000
1598 -56.0000000000
1600 -55.0000000000
1628 -54.0000000000
1631 -52.0000000000
1648 -51.0000000000
1659 -50.0000000000
1866 -49.0000000000
1908 -48.0000000000
1911 -47.0000000000
1912 -46.0000000000
1940 -45.0000000000
1978 -44.0000000000
2117 -43.0000000000
2139 -42.0000000000
2158 -41.0000000000
2187 -40.0000000000
2197 -39.0000000000
2317 -38.0000000000
2341 -36.0000000000
2387 -35.0000000000
2404 -34.0000000000
2496 -33.0000000000
2550 -32.0000000000
2598 -31.0000000000
2621 -30.0000000000
2703 -29.0000000000
2724 -28.0000000000
2799 -27.0000000000
2828 -26.0000000000
2901 -25.0000000000
2935 -24.0000000000
3081 -23.0000000000
3139 -21.0000000000
3245 -20.0000000000
3284 -19.0000000000
3286 -18.0000000000
3328 -17.0000000000
3440 -16.0000000000
3463 -15.0000000000
3568 -14.0000000000
3617 -13.0000000000
3633 -12.0000000000
3669 -11.0000000000
3671 -10.0000000000
3708 -9.0000000000
3779 -8.0000000000
3848 -7.0000000000
3895 -6.0000000000
4242 -5.0000000000
4248 -4.0000000000
4307 -3.0000000000
4351 -2.0000000000
4486 -1.0000000000
4565 513.0000000000
4829 520.0000000000
5977 521.0000000000
8018 527.0000000000
8806 530.0000000000
10000 -2.0000000000
evaluations raw_y
1 -301.0000000000
4 -300.0000000000
5 -298.0000000000
6 -296.0000000000
8 -294.0000000000
16 -293.0000000000
17 -292.0000000000
18 -291.0000000000
21 -290.0000000000
24 -289.0000000000
26 -288.0000000000
28 -286.0000000000
32 -285.0000000000
39 -284.0000000000
40 -283.0000000000
41 -282.0000000000
44 -280.0000000000
49 -278.0000000000
55 -277.0000000000
56 -276.0000000000
59 -275.0000000000
61 -274.0000000000
67 -273.0000000000
73 -272.0000000000
74 -271.0000000000
83 -270.0000000000
88 -268.0000000000
89 -267.0000000000
90 -266.0000000000
91 -264.0000000000
115 -263.0000000000
119 -262.0000000000
120 -261.0000000000
125 -259.0000000000
129 -258.0000000000
136 -257.0000000000
140 -255.0000000000
141 -254.0000000000
150 -252.0000000000
151 -250.0000000000
158 -248.0000000000
163 -246.0000000000
170 -244.0000000000
178 -243.0000000000
179 -242.0000000000
180 -241.0000000000
182 -240.0000000000
190 -239.0000000000
191 -238.0000000000
194 -237.0000000000
195 -236.0000000000
198 -234.0000000000
199 -233.0000000000
202 -232.0000000000
203 -229.0000000000
204 -227.0000000000
205 -226.0000000000
213 -225.0000000000
214 -223.0000000000
216 -222.0000000000
217 -220.0000000000
222 -218.0000000000
225 -217.0000000000
226 -216.0000000000
230 -215.0000000000
242 -214.0000000000
243 -213.0000000000
250 -212.0000000000
252 -210.0000000000
258 -209.0000000000
268 -207.0000000000
274 -206.0000000000
279 -205.0000000000
280 -204.0000000000
286 -203.0000000000
295 -202.0000000000
296 -201.0000000000
303 -199.0000000000
304 -198.0000000000
313 -197.0000000000
314 -196.0000000000
340 -194.0000000000
344 -193.0000000000
349 -192.0000000000
362 -191.0000000000
364 -190.0000000000
372 -189.0000000000
377 -188.0000000000
379 -187.0000000000
389 -186.0000000000
390 -185.0000000000
394 -184.0000000000
401 -182.0000000000
405 -181.0000000000
416 -180.0000000000
420 -179.0000000000
427 -178.0000000000
429 -177.0000000000
439 -176.0000000000
442 -175.0000000000
453 -174.0000000000
461 -172.0000000000
464 -171.0000000000
465 -170.0000000000
469 -169.0000000000
497 -167.0000000000
503 -166.0000000000
511 -165.0000000000
512 -163.0000000000
513 -162.0000000000
516 -159.0000000000
520 -158.0000000000
524 -157.0000000000
529 -156.0000000000
535 -155.0000000000
538 -154.0000000000
542 -153.0000000000
544 -152.0000000000
551 -151.0000000000
555 -150.0000000000
561 -149.0000000000
565 -148.0000000000
568 -147.0000000000
573 -146.0000000000
575 -145.0000000000
585 -143.0000000000
593 -142.0000000000
595 -141.0000000000
597 -140.0000000000
598 -139.0000000000
613 -138.0000000000
620 -137.0000000000
628 -135.0000000000
629 -134.0000000000
632 -133.0000000000
645 -132.0000000000
648 -131.0000000000
650 -130.0000000000
651 -129.0000000000
655 -128.0000000000
659 -127.0000000000
660 -126.0000000000
666 -125.0000000000
678 -124.0000000000
702 -123.0000000000
709 -122.0000000000
711 -121.0000000000
712 -120.0000000000
718 -119.0000000000
725 -118.0000000000
734 -117.0000000000
744 -116.0000000000
745 -115.0000000000
751 -113.0000000000
753 -112.0000000000
758 -111.0000000000
770 -110.0000000000
774 -109.0000000000
784 -108.0000000000
788 -107.0000000000
818 -106.0000000000
822 -105.0000000000
825 -104.0000000000
827 -103.0000000000
840 -102.0000000000
880 -101.0000000000
905 -100.0000000000
919 -99.0000000000
926 -98.0000000000
935 -97.0000000000
943 -96.0000000000
951 -95.0000000000
973 -94.0000000000
974 -93.0000000000
990 -92.0000000000
994 -91.0000000000
1007 -90.0000000000
1030 -89.0000000000
1032 -88.0000000000
1040 -87.0000000000
1041 -86.0000000000
1056 -85.0000000000
1062 -84.0000000000
1086 -83.0000000000
1093 -81.0000000000
1150 -80.0000000000
1161 -79.0000000000
1164 -78.0000000000
1165 -77.0000000000
1197 -76.0000000000
1210 -75.0000000000
1254 -74.0000000000
1257 -73.0000000000
1259 -72.0000000000
1288 -71.0000000000
1295 -70.0000000000
1313 -69.0000000000
1315 -68.0000000000
1316 -66.0000000000
1333 -65.0000000000
1338 -63.0000000000
1386 -62.0000000000
1401 -61.0000000000
1448 -59.0000000000
1476 -58.0000000000
1478 -57.0000000000
1521 -56.0000000000
1556 -55.0000000000
1578 -53.0000000000
1591 -52.0000000000
1667 -51.0000000000
1689 -50.0000000000
1700 -49.0000000000
1703 -48.0000000000
1715 -47.0000000000
1745 -46.0000000000
1754 -44.0000000000
1759 -43.0000000000
1797 -42.0000000000
1810 -41.0000000000
1867 -40.0000000000
1951 -39.0000000000
1980 -38.0000000000
2058 -37.0000000000
2072 -36.0000000000
2129 -35.0000000000
2271 -33.0000000000
2310 -32.0000000000
2359 -31.0000000000
2456 -30.0000000000
2463 -29.0000000000
2490 -28.0000000000
2511 -27.0000000000
2539 -26.0000000000
2559 -25.0000000000
2564 -24.0000000000
2643 -23.0000000000
2706 -22.0000000000
2817 -20.0000000000
2881 -19.0000000000
2915 -18.0000000000
2929 -17.0000000000
2950 -16.0000000000
2982 -15.0000000000
2992 -14.0000000000
2997 -13.0000000000
3109 -12.0000000000
3241 -11.0000000000
3250 -10.0000000000
3394 -9.0000000000
3465 -8.0000000000
3531 -7.0000000000
3541 -6.0000000000
3710 -5.0000000000
3792 -4.0000000000
3804 -3.0000000000
3930 -2.0000000000
3943 484.0000000000
4193 487.0000000000
4247 492.0000000000
4701 496.0000000000
5048 499.0000000000
5367 500.0000000000
8182 504.0000000000
8773 511.0000000000
9105 512.0000000000
9544 514.0000000000
10000 514.0000000000
evaluations raw_y
1 -285.0000000000
6 -283.0000000000
14 -282.0000000000
20 -281.0000000000
21 -280.0000000000
22 -279.0000000000
27 -277.0000000000
29 -276.0000000000
31 -274.0000000000
34 -272.0000000000
36 -271.0000000000
42 -270.0000000000
49 -269.0000000000
63 -268.0000000000
76 -267.0000000000
78 -266.0000000000
79 -264.0000000000
90 -263.0000000000
91 -262.0000000000
102 -261.0000000000
104 -260.0000000000
105 -259.0000000000
110 -258.0000000000
117 -257.0000000000
124 -256.0000000000
125 -255.0000000000
127 -254.0000000000
129 -253.0000000000
133 -252.0000000000
134 -251.0000000000
136 -250.0000000000
137 -249.0000000000
138 -247.0000000000
139 -246.0000000000
162 -245.0000000000
172 -244.0000000000
174 -243.0000000000
177 -242.0000000000
178 -241.0000000000
182 -240.0000000000
185 -239.0000000000
192 -237.0000000000
193 -236.0000000000
195 -235.0000000000
206 -233.0000000000
208 -232.0000000000
211 -230.0000000000
213 -229.0000000000
218 -228.0000000000
222 -227.0000000000
228 -226.0000000000
236 -224.0000000000
239 -223.0000000000
254 -222.0000000000
255 -221.0000000000
260 -220.0000000000
281 -219.0000000000
286 -217.0000000000
289 -216.0000000000
290 -215.0000000000
291 -214.0000000000
292 -212.0000000000
295 -210.0000000000
300 -209.0000000000
311 -208.0000000000
318 -207.0000000000
324 -206.0000000000
325 -205.0000000000
333 -204.0000000000
344 -202.0000000000
348 -201.0000000000
355 -200.0000000000
356 -199.0000000000
360 -198.0000000000
363 -197.0000000000
370 -196.0000000000
372 -195.0000000000
376 -194.0000000000
378 -193.0000000000
386 -192.0000000000
387 -190.0000000000
389 -189.0000000000
395 -188.0000000000
398 -187.0000000000
401 -186.0000000000
405 -184.0000000000
415 -182.0000000000
422 -181.0000000000
428 -178.0000000000
432 -177.0000000000
435 -176.0000000000
436 -175.0000000000
442 -174.0000000000
449 -173.0000000000
459 -172.0000000000
465 -171.0000000000
469 -170.0000000000
495 -167.0000000000
501 -166.0000000000
502 -165.0000000000
503 -164.0000000000
506 -163.0000000000
507 -162.0000000000
518 -161.0000000000
528 -159.0000000000
529 -158.0000000000
530 -157.0000000000
535 -155.0000000000
541 -154.0000000000
542 -152.0000000000
547 -151.0000000000
556 -150.0000000000
573 -149.0000000000
577 -147.0000000000
583 -146.0000000000
591 -145.0000000000
594 -144.0000000000
640 -143.0000000000
643 -142.0000000000
652 -141.0000000000
675 -139.0000000000
686 -138.0000000000
692 -137.0000000000
710 -136.0000000000
733 -135.0000000000
749 -134.0000000000
770 -133.0000000000
784 -132.0000000000
796 -131.0000000000
799 -130.0000000000
802 -129.0000000000
813 -128.0000000000
837 -127.0000000000
850 -126.0000000000
853 -125.0000000000
859 -124.0000000000
860 -123.0000000000
865 -122.0000000000
868 -121.0000000000
871 -120.0000000000
884 -119.0000000000
899 -118.0000000000
922 -117.0000000000
930 -116.0000000000
942 -115.0000000000
953 -114.0000000000
958 -113.0000000000
962 -112.0000000000
985 -110.0000000000
991 -109.0000000000
992 -108.0000000000
997 -107.0000000000
1011 -106.0000000000
1042 -105.0000000000
1073 -104.0000000000
1076 -103.0000000000
1080 -102.0000000000
1088 -101.0000000000
1091 -99.0000000000
1101 -98.0000000000
1126 -97.0000000000
1132 -96.0000000000
1136 -95.0000000000
1145 -94.0000000000
1148 -93.0000000000
1158 -92.0000000000
1167 -91.0000000000
1185 -90.0000000000
1191 -89.0000000000
1193 -88.0000000000
1212 -87.0000000000
1244 -86.0000000000
1252 -85.0000000000
1261 -84.0000000000
1272 -83.0000000000
1284 -82.0000000000
1293 -81.0000000000
1323 -80.0000000000
1345 -79.0000000000
1354 -78.0000000000
1371 -77.0000000000
1411 -76.0000000000
1429 -75.0000000000
1443 -74.0000000000
1454 -73.0000000000
1478 -71.0000000000
1486 -70.0000000000
1513 -69.0000000000
1652 -68.0000000000
1674 -67.0000000000
1684 -66.0000000000
1685 -65.0000000000
1694 -64.0000000000
1707 -63.0000000000
1709 -62.0000000000
1734 -61.0000000000
1741 -60.0000000000
1805 -59.0000000000
1841 -58.0000000000
1852 -57.0000000000
1854 -56.0000000000
1856 -55.0000000000
1910 -54.0000000000
1917 -53.0000000000
1920 -52.0000000000
1955 -51.0000000000
2030 -50.0000000000
2062 -49.0000000000
2068 -48.0000000000
2097 -47.0000000000
2116 -46.0000000000
2149 -45.0000000000
2166 -44.0000000000
2206 -43.0000000000
2209 -42.0000000000
2217 -41.0000000000
2224 -40.0000000000
2247 -39.0000000000
2257 -38.0000000000
2279 -37.0000000000
2288 -35.0000000000
2369 -34.0000000000
2412 -33.0000000000
2427 -32.0000000000
2498 -31.0000000000
2534 -30.0000000000
2543 -29.0000000000
2573 -28.0000000000
2577 -27.0000000000
2582 -26.0000000000
2596 -25.0000000000
2727 -24.0000000000
2746 -23.0000000000
2756 -22.0000000000
2785 -21.0000000000
2862 -20.0000000000
2902 -19.0000000000
2926 -18.0000000000
2928 -17.0000000000
3020 -16.0000000000
3055 -15.0000000000
3073 -14.0000000000
3103 -13.0000000000
3104 -12.0000000000
3224 -11.0000000000
3593 -10.0000000000
3626 -9.0000000000
3642 -8.0000000000
3663 -7.0000000000
3664 -6.0000000000
3778 -5.0000000000
3847 -4.0000000000
3897 -3.0000000000
4034 -2.0000000000
4433 -1.0000000000
4581 486.0000000000
4875 489.0000000000
4992 498.0000000000
5171 507.0000000000
6557 509.0000000000
6653 512.0000000000
6666 515.0000000000
7907 522.0000000000
8770 526.0000000000
9124 527.0000000000
10000 527.0000000000
evaluations raw_y
1 -288.0000000000
4 -287.0000000000
11 -286.0000000000
13 -285.0000000000
21 -284.0000000000
34 -283.0000000000
38 -281.0000000000
45 -280.0000000000
49 -278.0000000000
56 -277.0000000000
61 -276.0000000000
69 -275.0000000000
70 -274.0000000000
71 -273.0000000000
77 -272.0000000000
86 -271.0000000000
88 -270.0000000000
89 -269.0000000000
90 -267.0000000000
92 -266.0000000000
98 -265.0000000000
99 -264.0000000000
100 -263.0000000000
105 -262.0000000000
112 -260.0000000000
113 -259.0000000000
115 -258.0000000000
117 -256.0000000000
124 -254.0000000000
126 -253.0000000000
130 -252.0000000000
145 -251.0000000000
147 -250.0000000000
149 -249.0000000000
150 -248.0000000000
152 -247.0000000000
155 -246.0000000000
159 -245.0000000000
161 -243.0000000000
165 -242.0000000000
168 -240.0000000000
205 -239.0000000000
217 -238.0000000000
218 -237.0000000000
219 -236.0000000000
221 -235.0000000000
226 -234.0000000000
228 -233.0000000000
229 -232.0000000000
234 -231.0000000000
247 -230.0000000000
251 -229.0000000000
253 -227.0000000000
260 -226.0000000000
262 -225.0000000000
263 -223.0000000000
265 -222.0000000000
281 -221.0000000000
282 -220.0000000000
286 -219.0000000000
299 -218.0000000000
300 -217.0000000000
302 -216.0000000000
309 -215.0000000000
312 -214.0000000000
313 -211.0000000000
315 -209.0000000000
319 -208.0000000000
320 -207.0000000000
326 -206.0000000000
344 -203.0000000000
345 -202.0000000000
348 -201.0000000000
350 -199.0000000000
354 -197.0000000000
358 -196.0000000000
363 -195.0000000000
368 -194.0000000000
369 -193.0000000000
385 -192.0000000000
390 -191.0000000000
393 -190.0000000000
394 -187.0000000000
406 -186.0000000000
420 -185.0000000000
421 -184.0000000000
428 -183.0000000000
430 -182.0000000000
449 -181.0000000000
453 -180.0000000000
474 -179.0000000000
477 -178.0000000000
489 -177.0000000000
491 -176.0000000000
492 -175.0000000000
511 -174.0000000000
539 -173.0000000000
548 -172.0000000000
557 -171.0000000000
573 -170.0000000000
576 -169.0000000000
588 -168.0000000000
591 -167.0000000000
597 -166.0000000000
609 -165.0000000000
617 -163.0000000000
621 -162.0000000000
650 -161.0000000000
657 -160.0000000000
672 -159.0000000000
686 -158.0000000000
689 -157.0000000000
690 -156.0000000000
697 -155.0000000000
700 -154.0000000000
701 -153.0000000000
706 -152.0000000000
727 -151.0000000000
728 -150.0000000000
734 -149.0000000000
743 -148.0000000000
751 -147.0000000000
773 -146.0000000000
791 -145.0000000000
823 -144.0000000000
835 -143.0000000000
838 -142.0000000000
866 -140.0000000000
880 -139.0000000000
882 -138.0000000000
892 -137.0000000000
901 -136.0000000000
915 -135.0000000000
922 -134.0000000000
933 -133.0000000000
951 -132.0000000000
961 -131.0000000000
963 -130.0000000000
964 -129.0000000000
987 -128.0000000000
989 -127.0000000000
1004 -126.0000000000
1008 -125.0000000000
1012 -124.0000000000
1017 -123.0000000000
1048 -122.0000000000
1053 -121.0000000000
1059 -120.0000000000
1061 -119.0000000000
1062 -118.0000000000
1069 -116.0000000000
1072 -115.0000000000
1085 -114.0000000000
1087 -113.0000000000
1088 -112.0000000000
1094 -110.0000000000
1095 -109.0000000000
1109 -108.0000000000
1111 -107.0000000000
1130 -106.0000000000
1150 -105.0000000000
1153 -104.0000000000
1154 -102.0000000000
1176 -101.0000000000
1201 -99.0000000000
1251 -98.0000000000
1255 -96.0000000000
1261 -94.0000000000
1293 -93.0000000000
1310 -92.0000000000
1317 -91.0000000000
1325 -90.0000000000
1335 -89.0000000000
1355 -88.0000000000
1365 -87.0000000000
1368 -86.0000000000
1395 -85.0000000000
1417 -84.0000000000
1474 -83.0000000000
1485 -82.0000000000
1491 -81.0000000000
1505 -79.0000000000
1510 -78.0000000000
1511 -77.0000000000
1527 -76.0000000000
1575 -75.0000000000
1586 -74.0000000000
1635 -73.0000000000
1643 -72.0000000000
1658 -71.0000000000
1677 -70.0000000000
1703 -69.0000000000
1736 -68.0000000000
1780 -67.0000000000
1782 -65.0000000000
1806 -64.0000000000
1813 -63.0000000000
1818 -62.0000000000
1863 -61.0000000000
1886 -60.0000000000
1893 -59.0000000000
1923 -58.0000000000
1926 -57.0000000000
1929 -56.0000000000
1943 -55.0000000000
1946 -53.0000000000
1983 -52.0000000000
2017 -51.0000000000
2041 -50.0000000000
2050 -49.0000000000
2092 -48.0000000000
2099 -47.0000000000
2137 -46.0000000000
2180 -45.0000000000
2198 -44.0000000000
2213 -43.0000000000
2261 -42.0000000000
2268 -41.0000000000
2275 -40.0000000000
2327 -38.0000000000
2360 -37.0000000000
2369 -36.0000000000
2372 -35.0000000000
2399 -34.0000000000
2438 -33.0000000000
2504 -32.0000000000
2507 -31.0000000000
2566 -30.0000000000
2576 -29.0000000000
2580 -28.0000000000
2612 -27.0000000000
2649 -26.0000000000
2677 -25.0000000000
2682 -24.0000000000
2752 -23.0000000000
2788 -22.0000000000
2805 -21.0000000000
2855 -20.0000000000
2929 -19.0000000000
3020 -18.0000000000
3035 -17.0000000000
3069 -16.0000000000
3080 -15.0000000000
3086 -14.0000000000
3241 -13.0000000000
3245 -12.0000000000
3292 -11.0000000000
3357 -10.0000000000
3392 -9.0000000000
3458 -8.0000000000
3532 -7.0000000000
3683 -6.0000000000
3797 -5.0000000000
3891 -4.0000000000
3906 -3.0000000000
4134 -2.0000000000
4311 480.0000000000
4561 485.0000000000
5514 489.0000000000
5928 509.0000000000
6241 511.0000000000
6941 516.0000000000
7302 522.0000000000
7310 542.0000000000
10000 -1.0000000000
evaluations raw_y
1 -294.0000000000
6 -293.0000000000
8 -292.0000000000
10 -291.0000000000
14 -290.0000000000
16 -288.0000000000
20 -287.0000000000
28 -286.0000000000
29 -285.0000000000
31 -283.0000000000
34 -282.0000000000
35 -281.0000000000
40 -280.0000000000
53 -279.0000000000
59 -278.0000000000
64 -277.0000000000
69 -276.0000000000
71 -275.0000000000
72 -274.0000000000
73 -273.0000000000
76 -272.0000000000
84 -271.0000000000
88 -270.0000000000
90 -269.0000000000
92 -267.0000000000
94 -266.0000000000
102 -265.0000000000
108 -264.0000000000
110 -261.0000000000
115 -260.0000000000
122 -259.0000000000
130 -256.0000000000
131 -255.0000000000
132 -254.0000000000
133 -253.0000000000
145 -251.0000000000
146 -249.0000000000
150 -248.0000000000
153 -246.0000000000
154 -245.0000000000
160 -244.0000000000
163 -243.0000000000
175 -242.0000000000
178 -241.0000000000
179 -240.0000000000
184 -239.0000000000
186 -237.0000000000
198 -235.0000000000
203 -234.0000000000
210 -233.0000000000
214 -231.0000000000
224 -230.0000000000
227 -228.0000000000
229 -227.0000000000
231 -226.0000000000
232 -225.0000000000
242 -223.0000000000
253 -222.0000000000
257 -220.0000000000
266 -219.0000000000
270 -218.0000000000
272 -216.0000000000
279 -215.0000000000
282 -214.0000000000
287 -213.0000000000
294 -212.0000000000
315 -210.0000000000
350 -209.0000000000
352 -208.0000000000
355 -207.0000000000
372 -206.0000000000
375 -205.0000000000
378 -204.0000000000
381 -203.0000000000
384 -202.0000000000
389 -201.0000000000
393 -200.0000000000
396 -199.0000000000
406 -198.0000000000
410 -197.0000000000
419 -196.0000000000
421 -195.0000000000
427 -194.0000000000
440 -193.0000000000
448 -192.0000000000
450 -191.0000000000
471 -189.0000000000
478 -188.0000000000
485 -187.0000000000
491 -185.0000000000
492 -183.0000000000
498 -182.0000000000
499 -181.0000000000
500 -180.0000000000
510 -179.0000000000
512 -178.0000000000
520 -177.0000000000
535 -176.0000000000
554 -174.0000000000
557 -173.0000000000
560 -172.0000000000
567 -171.0000000000
572 -169.0000000000
575 -168.0000000000
576 -167.0000000000
577 -166.0000000000
584 -165.0000000000
591 -164.0000000000
602 -163.0000000000
610 -161.0000000000
615 -160.0000000000
642 -159.0000000000
650 -158.0000000000
662 -157.0000000000
663 -156.0000000000
675 -155.0000000000
682 -154.0000000000
684 -153.0000000000
685 -152.0000000000
691 -151.0000000000
696 -150.0000000000
709 -149.0000000000
718 -148.0000000000
722 -147.0000000000
723 -146.0000000000
730 -145.0000000000
747 -144.0000000000
749 -142.0000000000
751 -141.0000000000
757 -140.0000000000
763 -139.0000000000
799 -138.0000000000
808 -137.0000000000
823 -136.0000000000
827 -135.0000000000
828 -134.0000000000
831 -133.0000000000
836 -132.0000000000
842 -131.0000000000
853 -129.0000000000
871 -128.0000000000
888 -127.0000000000
899 -126.0000000000
900 -125.0000000000
901 -124.0000000000
906 -123.0000000000
907 -122.0000000000
933 -121.0000000000
935 -120.0000000000
946 -119.0000000000
948 -118.0000000000
958 -117.0000000000
960 -116.0000000000
965 -115.0000000000
967 -114.0000000000
971 -113.0000000000
977 -112.0000000000
1009 -111.0000000000
1022 -110.0000000000
1065 -109.0000000000
1069 -108.0000000000
1071 -106.0000000000
1096 -105.0000000000
1111 -104.0000000000
1112 -103.0000000000
1114 -102.0000000000
1158 -100.0000000000
1171 -99.0000000000
1210 -98.0000000000
1223 -97.0000000000
1239 -96.0000000000
1278 -95.0000000000
1280 -94.0000000000
1294 -93.0000000000
1297 -91.0000000000
1301 -90.0000000000
1303 -89.0000000000
1309 -88.0000000000
1332 -86.0000000000
1386 -85.0000000000
1392 -84.0000000000
1394 -83.0000000000
1421 -82.0000000000
1453 -81.0000000000
1457 -80.0000000000
1461 -79.0000000000
1465 -78.0000000000
1486 -77.0000000000
1496 -76.0000000000
1499 -75.0000000000
1513 -74.0000000000
1556 -73.0000000000
1571 -72.0000000000
1631 -71.0000000000
1632 -70.0000000000
1642 -69.0000000000
1698 -68.0000000000
1711 -67.0000000000
1721 -66.0000000000
1725 -65.0000000000
1729 -64.0000000000
1743 -63.0000000000
1749 -62.0000000000
1753 -61.0000000000
1763 -60.0000000000
1774 -59.0000000000
1819 -58.0000000000
1850 -57.0000000000
1864 -56.0000000000
1866 -55.0000000000
1880 -54.0000000000
1881 -53.0000000000
1921 -52.0000000000
1968 -51.0000000000
1978 -50.0000000000
1981 -49.0000000000
1984 -48.0000000000
2014 -47.0000000000
2030 -46.0000000000
2042 -45.0000000000
2077 -44.0000000000
2100 -43.0000000000
2131 -42.0000000000
2239 -41.0000000000
2252 -40.0000000000
2261 -39.0000000000
2347 -38.0000000000
2366 -37.0000000000
2375 -36.0000000000
2425 -35.0000000000
2469 -34.0000000000
2546 -33.0000000000
2606 -32.0000000000
2612 -31.0000000000
2618 -30.0000000000
2648 -29.0000000000
2673 -27.0000000000
2703 -26.0000000000
2769 -25.0000000000
2820 -24.0000000000
2821 -23.0000000000
2849 -22.0000000000
2904 -21.0000000000
2955 -20.0000000000
2992 -19.0000000000
2999 -18.0000000000
3005 -17.0000000000
3036 -16.0000000000
3196 -15.0000000000
3261 -14.0000000000
3269 -13.0000000000
3291 -12.0000000000
3360 -11.0000000000
3367 -10.0000000000
3399 -9.0000000000
3545 -8.0000000000
3702 -7.0000000000
3775 -6.0000000000
3790 -5.0000000000
3819 -4.0000000000
3884 -3.0000000000
4157 -2.0000000000
4168 -1.0000000000
4216 476.0000000000
4245 495.0000000000
4292 496.0000000000
4697 503.0000000000
5240 507.0000000000
5382 515.0000000000
5524 518.0000000000
8502 523.0000000000
9509 531.0000000000
9929 532.0000000000
10000 -3.0000000000
evaluations raw_y
1 -290.0000000000
2 -289.0000000000
7 -288.0000000000
10 -287.0000000000
25 -286.0000000000
36 -285.0000000000
46 -283.0000000000
49 -282.0000000000
51 -281.0000000000
52 -280.0000000000
54 -278.0000000000
56 -277.0000000000
61 -276.0000000000
65 -275.0000000000
68 -274.0000000000
70 -273.0000000000
72 -272.0000000000
73 -271.0000000000
79 -269.0000000000
81 -266.0000000000
91 -265.0000000000
94 -264.0000000000
115 -263.0000000000
116 -261.0000000000
120 -260.0000000000
121 -259.0000000000
128 -258.0000000000
129 -257.0000000000
134 -256.0000000000
139 -255.0000000000
156 -251.0000000000
160 -250.0000000000
164 -249.0000000000
166 -247.0000000000
169 -246.0000000000
172 -245.0000000000
173 -244.0000000000
184 -243.0000000000
187 -242.0000000000
193 -241.0000000000
195 -240.0000000000
196 -239.0000000000
198 -237.0000000000
201 -235.0000000000
207 -234.0000000000
211 -233.0000000000
226 -232.0000000000
229 -231.0000000000
230 -230.0000000000
236 -229.0000000000
237 -228.0000000000
239 -227.0000000000
240 -225.0000000000
241 -224.0000000000
258 -223.0000000000
271 -222.0000000000
272 -220.0000000000
273 -219.0000000000
296 -218.0000000000
301 -217.0000000000
303 -216.0000000000
307 -215.0000000000
309 -213.0000000000
336 -212.0000000000
338 -211.0000000000
340 -210.0000000000
344 -209.0000000000
346 -208.0000000000
354 -207.0000000000
358 -206.0000000000
359 -205.0000000000
373 -204.0000000000
376 -203.0000000000
377 -202.0000000000
383 -201.0000000000
385 -200.0000000000
386 -199.0000000000
398 -198.0000000000
399 -197.0000000000
401 -196.0000000000
405 -195.0000000000
413 -194.0000000000
415 -193.0000000000
422 -191.0000000000
428 -190.0000000000
434 -189.0000000000
439 -188.0000000000
440 -187.0000000000
445 -186.0000000000
453 -185.0000000000
454 -184.0000000000
463 -182.0000000000
464 -181.0000000000
465 -180.0000000000
472 -179.0000000000
488 -178.0000000000
489 -177.0000000000
491 -174.0000000000
492 -173.0000000000
500 -172.0000000000
505 -171.0000000000
527 -170.0000000000
537 -169.0000000000
545 -168.0000000000
547 -167.0000000000
567 -166.0000000000
579 -165.0000000000
594 -164.0000000000
595 -163.0000000000
598 -162.0000000000
606 -161.0000000000
615 -160.0000000000
621 -159.0000000000
622 -158.0000000000
631 -156.0000000000
632 -154.0000000000
641 -153.0000000000
642 -152.0000000000
646 -151.0000000000
655 -150.0000000000
659 -149.0000000000
663 -148.0000000000
669 -147.0000000000
687 -146.0000000000
700 -145.0000000000
704 -144.0000000000
714 -143.0000000000
726 -142.0000000000
727 -141.0000000000
730 -139.0000000000
737 -138.0000000000
746 -137.0000000000
756 -136.0000000000
777 -135.0000000000
782 -134.0000000000
830 -133.0000000000
840 -132.0000000000
853 -131.0000000000
859 -130.0000000000
860 -129.0000000000
866 -128.0000000000
869 -127.0000000000
876 -126.0000000000
879 -125.0000000000
892 -124.0000000000
910 -122.0000000000
920 -121.0000000000
922 -119.0000000000
946 -118.0000000000
957 -117.0000000000
961 -115.0000000000
973 -113.0000000000
975 -112.0000000000
981 -110.0000000000
997 -109.0000000000
1010 -108.0000000000
1019 -107.0000000000
1034 -106.0000000000
1065 -105.0000000000
1132 -104.0000000000
1140 -103.0000000000
1144 -102.0000000000
1147 -101.0000000000
1156 -100.0000000000
1159 -99.0000000000
1172 -98.0000000000
1185 -97.0000000000
1200 -96.0000000000
1218 -95.0000000000
1221 -94.0000000000
1228 -93.0000000000
1250 -92.0000000000
1285 -90.0000000000
1313 -89.0000000000
1338 -87.0000000000
1349 -86.0000000000
1364 -85.0000000000
1375 -84.0000000000
1376 -83.0000000000
1378 -82.0000000000
1398 -80.0000000000
1409 -79.0000000000
1482 -78.0000000000
1483 -77.0000000000
1510 -76.0000000000
1518 -75.0000000000
1537 -74.0000000000
1554 -73.0000000000
1577 -72.0000000000
1584 -71.0000000000
1595 -70.0000000000
1598 -69.0000000000
1605 -68.0000000000
1617 -67.0000000000
1619 -66.0000000000
1623 -65.0000000000
1629 -64.0000000000
1652 -63.0000000000
1672 -62.0000000000
1692 -61.0000000000
1696 -60.0000000000
1701 -59.0000000000
1742 -58.0000000000
1755 -57.0000000000
1863 -56.0000000000
1864 -55.0000000000
1898 -54.0000000000
1901 -53.0000000000
1917 -52.0000000000
1918 -51.0000000000
1952 -50.0000000000
1954 -49.0000000000
1986 -48.0000000000
1998 -47.0000000000
2013 -46.0000000000
2084 -44.0000000000
2126 -43.0000000000
2139 -42.0000000000
2206 -41.0000000000
2221 -40.0000000000
2225 -39.0000000000
2255 -38.0000000000
2307 -37.0000000000
2330 -36.0000000000
2336 -35.0000000000
2380 -34.0000000000
2386 -33.0000000000
2406 -32.0000000000
2422 -31.0000000000
2562 -30.0000000000
2627 -29.0000000000
2649 -28.0000000000
2720 -27.0000000000
2724 -26.0000000000
2732 -25.0000000000
2763 -24.0000000000
2773 -23.0000000000
2778 -22.0000000000
2793 -21.0000000000
2812 -20.0000000000
2892 -19.0000000000
2915 -18.0000000000
3017 -17.0000000000
3018 -16.0000000000
3062 -15.0000000000
3268 -14.0000000000
3271 -13.0000000000
3322 -12.0000000000
3356 -11.0000000000
3415 -10.0000000000
3429 -9.0000000000
3431 -8.0000000000
3491 -7.0000000000
3536 -6.0000000000
3569 -5.0000000000
3744 -4.0000000000
3967 -3.0000000000
4062 -2.0000000000
4202 -1.0000000000
4335 488.0000000000
4441 501.0000000000
4666 502.0000000000
4968 507.0000000000
6344 523.0000000000
9410 525.0000000000
10000 -3.0000000000
evaluations raw_y
1 -303.0000000000
4 -302.0000000000
6 -299.0000000000
9 -298.0000000000
12 -297.0000000000
13 -296.0000000000
22 -295.0000000000
25 -293.0000000000
42 -292.0000000000
44 -291.0000000000
50 -290.0000000000
51 -289.0000000000
53 -288.0000000000
56 -287.0000000000
59 -286.0000000000
62 -285.0000000000
63 -284.0000000000
65 -282.0000000000
71 -280.0000000000
74 -279.0000000000
79 -277.0000000000
80 -276.0000000000
92 -275.0000000000
97 -274.0000000000
106 -273.0000000000
112 -270.0000000000
119 -267.0000000000
120 -266.0000000000
123 -265.0000000000
125 -264.0000000000
126 -262.0000000000
135 -261.0000000000
144 -260.0000000000
150 -259.0000000000
154 -257.0000000000
155 -255.0000000000
157 -254.0000000000
158 -253.0000000000
164 -252.0000000000
166 -251.0000000000
169 -250.0000000000
174 -248.0000000000
179 -247.0000000000
183 -246.0000000000
193 -244.0000000000
200 -242.0000000000
206 -241.0000000000
210 -239.0000000000
216 -238.0000000000
219 -237.0000000000
220 -236.0000000000
222 -235.0000000000
224 -233.0000000000
228 -232.0000000000
229 -231.0000000000
232 -230.0000000000
237 -229.0000000000
239 -227.0000000000
241 -226.0000000000
253 -224.0000000000
254 -223.0000000000
256 -222.0000000000
257 -221.0000000000
259 -220.0000000000
264 -219.0000000000
268 -217.0000000000
269 -216.0000000000
274 -215.0000000000
280 -214.0000000000
292 -213.0000000000
296 -212.0000000000
314 -211.0000000000
318 -209.0000000000
319 -208.0000000000
328 -207.0000000000
331 -206.0000000000
336 -205.0000000000
344 -201.0000000000
345 -200.0000000000
346 -199.0000000000
349 -198.0000000000
360 -196.0000000000
366 -195.0000000000
373 -194.0000000000
378 -193.0000000000
379 -192.0000000000
382 -191.0000000000
391 -190.0000000000
404 -189.0000000000
406 -187.0000000000
411 -186.0000000000
415 -185.0000000000
432 -184.0000000000
433 -183.0000000000
434 -182.0000000000
435 -181.0000000000
452 -180.0000000000
457 -179.0000000000
460 -178.0000000000
465 -177.0000000000
475 -176.0000000000
477 -174.0000000000
487 -173.0000000000
497 -172.0000000000
499 -171.0000000000
501 -169.0000000000
510 -168.0000000000
512 -167.0000000000
520 -166.0000000000
521 -165.0000000000
523 -164.0000000000
528 -162.0000000000
535 -161.0000000000
539 -160.0000000000
544 -159.0000000000
557 -158.0000000000
561 -157.0000000000
563 -156.0000000000
572 -155.0000000000
579 -153.0000000000
581 -152.0000000000
597 -151.0000000000
599 -150.0000000000
610 -149.0000000000
615 -148.0000000000
621 -147.0000000000
626 -146.0000000000
633 -145.0000000000
644 -143.0000000000
656 -141.0000000000
661 -140.0000000000
673 -139.0000000000
681 -138.0000000000
686 -137.0000000000
694 -136.0000000000
734 -135.0000000000
757 -134.0000000000
759 -133.0000000000
768 -132.0000000000
772 -131.0000000000
773 -130.0000000000
774 -129.0000000000
782 -128.0000000000
785 -127.0000000000
788 -126.0000000000
795 -125.0000000000
796 -124.0000000000
829 -123.0000000000
834 -121.0000000000
852 -119.0000000000
883 -118.0000000000
897 -117.0000000000
901 -116.0000000000
904 -115.0000000000
920 -114.0000000000
934 -113.0000000000
942 -112.0000000000
958 -111.0000000000
966 -110.0000000000
970 -109.0000000000
982 -108.0000000000
983 -107.0000000000
996 -106.0000000000
1001 -105.0000000000
1007 -104.0000000000
1012 -103.0000000000
1031 -102.0000000000
1047 -101.0000000000
1048 -100.0000000000
1058 -98.0000000000
1060 -96.0000000000
1063 -95.0000000000
1085 -94.0000000000
1093 -93.0000000000
1119 -92.0000000000
1122 -91.0000000000
1124 -90.0000000000
1142 -89.0000000000
1156 -87.0000000000
1185 -86.0000000000
1203 -85.0000000000
1214 -84.0000000000
1251 -83.0000000000
1271 -82.0000000000
1293 -81.0000000000
1300 -80.0000000000
1302 -79.0000000000
1317 -78.0000000000
1332 -77.0000000000
1344 -76.0000000000
1363 -75.0000000000
1372 -74.0000000000
1379 -73.0000000000
1414 -72.0000000000
1423 -71.0000000000
1477 -70.0000000000
1498 -69.0000000000
1501 -68.0000000000
1529 -67.0000000000
1553 -66.0000000000
1589 -65.0000000000
1614 -64.0000000000
1642 -63.0000000000
1665 -62.0000000000
1695 -61.0000000000
1725 -60.0000000000
1734 -59.0000000000
1809 -58.0000000000
1833 -57.0000000000
1855 -56.0000000000
1865 -55.0000000000
1875 -54.0000000000
1882 -53.0000000000
1894 -52.0000000000
1910 -51.0000000000
1920 -50.0000000000
1945 -49.0000000000
1948 -48.0000000000
1986 -47.0000000000
2002 -46.0000000000
2051 -45.0000000000
2076 -44.0000000000
2080 -43.0000000000
2119 -42.0000000000
2130 -41.0000000000
2161 -40.0000000000
2173 -39.0000000000
2181 -38.0000000000
2203 -37.0000000000
2226 -36.0000000000
2351 -35.0000000000
2358 -34.0000000000
2394 -33.0000000000
2399 -32.0000000000
2401 -31.0000000000
2429 -30.0000000000
2473 -29.0000000000
2493 -27.0000000000
2514 -26.0000000000
2593 -24.0000000000
2626 -23.0000000000
2753 -21.0000000000
2762 -20.0000000000
2765 -19.0000000000
2811 -18.0000000000
2862 -17.0000000000
2914 -16.0000000000
2983 -15.0000000000
2988 -14.0000000000
3008 -13.0000000000
3082 -12.0000000000
3122 -11.0000000000
3123 -10.0000000000
3128 -9.0000000000
3191 -8.0000000000
3247 -7.0000000000
3253 -6.0000000000
3393 -5.0000000000
3581 -4.0000000000
3752 -3.0000000000
3932 -2.0000000000
3974 -1.0000000000
3986 499.0000000000
4985 506.0000000000
5242 509.0000000000
6874 513.0000000000
8881 518.0000000000
8903 520.0000000000
10000 520.0000000000
evaluations raw_y
1 -296.0000000000
2 -294.0000000000
9 -292.0000000000
10 -291.0000000000
12 -290.0000000000
15 -289.0000000000
19 -287.0000000000
21 -286.0000000000
22 -285.0000000000
25 -284.0000000000
32 -283.0000000000
33 -282.0000000000
36 -281.0000000000
45 -280.0000000000
47 -279.0000000000
56 -277.0000000000
57 -276.0000000000
69 -275.0000000000
72 -274.0000000000
76 -273.0000000000
78 -271.0000000000
86 -270.0000000000
88 -269.0000000000
99 -268.0000000000
101 -267.0000000000
103 -266.0000000000
106 -265.0000000000
112 -264.0000000000
130 -263.0000000000
136 -262.0000000000
142 -261.0000000000
144 -260.0000000000
147 -259.0000000000
153 -258.0000000000
155 -257.0000000000
156 -255.0000000000
159 -254.0000000000
173 -253.0000000000
174 -251.0000000000
176 -250.0000000000
177 -249.0000000000
180 -248.0000000000
184 -247.0000000000
196 -246.0000000000
198 -245.0000000000
200 -244.0000000000
201 -243.0000000000
202 -242.0000000000
206 -241.0000000000
207 -240.0000000000
212 -239.0000000000
213 -238.0000000000
214 -237.0000000000
218 -236.0000000000
220 -235.0000000000
221 -234.0000000000
222 -233.0000000000
227 -232.0000000000
228 -231.0000000000
232 -229.0000000000
233 -228.0000000000
240 -227.0000000000
245 -226.0000000000
246 -224.0000000000
253 -223.0000000000
254 -222.0000000000
256 -221.0000000000
262 -220.0000000000
266 -219.0000000000
281 -218.0000000000
283 -217.0000000000
285 -216.0000000000
296 -215.0000000000
298 -214.0000000000
299 -213.0000000000
309 -212.0000000000
312 -211.0000000000
313 -210.0000000000
314 -209.0000000000
315 -208.0000000000
317 -207.0000000000
321 -206.0000000000
325 -205.0000000000
326 -204.0000000000
333 -203.0000000000
337 -202.0000000000
339 -201.0000000000
342 -199.0000000000
352 -198.0000000000
353 -197.0000000000
358 -196.0000000000
366 -195.0000000000
373 -194.0000000000
376 -193.0000000000
377 -191.0000000000
378 -190.0000000000
380 -189.0000000000
381 -188.0000000000
382 -186.0000000000
387 -185.0000000000
394 -184.0000000000
404 -183.0000000000
413 -182.0000000000
418 -181.0000000000
419 -180.0000000000
442 -179.0000000000
443 -178.0000000000
464 -177.0000000000
469 -176.0000000000
472 -175.0000000000
480 -174.0000000000
483 -172.0000000000
484 -170.0000000000
486 -169.0000000000
494 -167.0000000000
496 -166.0000000000
502 -165.0000000000
504 -164.0000000000
508 -163.0000000000
511 -162.0000000000
519 -161.0000000000
544 -160.0000000000
546 -159.0000000000
552 -158.0000000000
554 -157.0000000000
556 -156.0000000000
557 -155.0000000000
559 -153.0000000000
562 -152.0000000000
564 -151.0000000000
568 -150.0000000000
570 -149.0000000000
572 -148.0000000000
579 -147.0000000000
586 -146.0000000000
591 -145.0000000000
592 -144.0000000000
601 -143.0000000000
602 -142.0000000000
652 -141.0000000000
666 -140.0000000000
674 -139.0000000000
677 -138.0000000000
682 -137.0000000000
684 -136.0000000000
689 -134.0000000000
691 -133.0000000000
694 -132.0000000000
704 -131.0000000000
725 -129.0000000000
745 -128.0000000000
783 -127.0000000000
808 -126.0000000000
810 -123.0000000000
812 -122.0000000000
816 -121.0000000000
833 -120.0000000000
842 -118.0000000000
854 -116.0000000000
856 -115.0000000000
860 -114.0000000000
894 -113.0000000000
897 -111.0000000000
901 -110.0000000000
907 -109.0000000000
908 -108.0000000000
910 -107.0000000000
912 -106.0000000000
916 -105.0000000000
921 -104.0000000000
930 -103.0000000000
946 -101.0000000000
958 -100.0000000000
961 -99.0000000000
964 -97.0000000000
990 -96.0000000000
997 -95.0000000000
1001 -94.0000000000
1048 -93.0000000000
1077 -92.0000000000
1080 -91.0000000000
1088 -90.0000000000
1094 -89.0000000000
1101 -88.0000000000
1103 -87.0000000000
1132 -86.0000000000
1193 -85.0000000000
1218 -84.0000000000
1221 -83.0000000000
1264 -82.0000000000
1305 -81.0000000000
1314 -80.0000000000
1323 -79.0000000000
1369 -78.0000000000
1386 -76.0000000000
1398 -75.0000000000
1404 -74.0000000000
1416 -73.0000000000
1443 -71.0000000000
1460 -69.0000000000
1502 -68.0000000000
1514 -67.0000000000
1532 -66.0000000000
1548 -65.0000000000
1550 -64.0000000000
1568 -63.0000000000
1573 -62.0000000000
1588 -61.0000000000
1592 -60.0000000000
1597 -59.0000000000
1608 -58.0000000000
1645 -57.0000000000
1653 -56.0000000000
1678 -55.0000000000
1684 -54.0000000000
1735 -53.0000000000
1779 -52.0000000000
1810 -51.0000000000
1842 -50.0000000000
1848 -49.0000000000
1859 -48.0000000000
1992 -47.0000000000
2012 -46.0000000000
2036 -45.0000000000
2061 -44.0000000000
2089 -43.0000000000
2126 -42.0000000000
2140 -41.0000000000
2146 -40.0000000000
2158 -39.0000000000
2246 -38.0000000000
2265 -37.0000000000
2346 -36.0000000000
2380 -35.0000000000
2442 -34.0000000000
2452 -33.0000000000
2479 -32.0000000000
2495 -31.0000000000
2508 -30.0000000000
2565 -29.0000000000
2601 -28.0000000000
2607 -27.0000000000
2635 -26.0000000000
2646 -25.0000000000
2726 -24.0000000000
2783 -23.0000000000
2824 -22.0000000000
2845 -21.0000000000
2926 -20.0000000000
2983 -19.0000000000
3048 -18.0000000000
3088 -17.0000000000
3102 -16.0000000000
3126 -15.0000000000
3182 -14.0000000000
3215 -13.0000000000
3352 -12.0000000000
3480 -11.0000000000
3510 -10.0000000000
3595 -9.0000000000
3789 -8.0000000000
3809 -7.0000000000
3957 -6.0000000000
4117 -5.0000000000
4148 -4.0000000000
4163 -3.0000000000
4528 -2.0000000000
4794 -1.0000000000
4907 489.0000000000
5427 490.0000000000
5611 493.0000000000
5723 502.0000000000
5766 510.0000000000
6304 518.0000000000
6781 519.0000000000
7907 525.0000000000
8718 527.0000000000
9456 528.0000000000
10000 -3.0000000000
evaluations raw_y
1 -280.0000000000
12 -279.0000000000
14 -278.0000000000
17 -277.0000000000
18 -276.0000000000
20 -275.0000000000
22 -273.0000000000
26 -271.0000000000
38 -270.0000000000
40 -269.0000000000
46 -268.0000000000
47 -266.0000000000
48 -265.0000000000
57 -264.0000000000
63 -263.0000000000
64 -262.0000000000
70 -261.0000000000
73 -260.0000000000
74 -259.0000000000
77 -258.0000000000
78 -257.0000000000
84 -256.0000000000
93 -255.0000000000
95 -254.0000000000
97 -253.0000000000
111 -251.0000000000
119 -250.0000000000
128 -249.0000000000
132 -248.0000000000
134 -247.0000000000
143 -246.0000000000
144 -243.0000000000
149 -242.0000000000
151 -241.0000000000
159 -240.0000000000
160 -239.0000000000
167 -238.0000000000
171 -237.0000000000
174 -236.0000000000
175 -235.0000000000
183 -234.0000000000
185 -233.0000000000
187 -232.0000000000
193 -231.0000000000
199 -229.0000000000
200 -228.0000000000
207 -227.0000000000
208 -226.0000000000
209 -225.0000000000
210 -223.0000000000
212 -222.0000000000
225 -220.0000000000
238 -218.0000000000
243 -217.0000000000
253 -216.0000000000
262 -215.0000000000
265 -214.0000000000
271 -212.0000000000
280 -211.0000000000
293 -210.0000000000
298 -209.0000000000
304 -208.0000000000
310 -207.0000000000
313 -206.0000000000
316 -204.0000000000
319 -203.0000000000
321 -202.0000000000
325 -201.0000000000
335 -200.0000000000
340 -198.0000000000
343 -195.0000000000
347 -194.0000000000
351 -193.0000000000
367 -192.0000000000
371 -191.0000000000
386 -190.0000000000
393 -188.0000000000
397 -187.0000000000
404 -186.0000000000
407 -184.0000000000
408 -183.0000000000
429 -182.0000000000
435 -181.0000000000
442 -180.0000000000
464 -179.0000000000
486 -178.0000000000
495 -177.0000000000
502 -176.0000000000
512 -175.0000000000
513 -174.0000000000
531 -172.0000000000
536 -171.0000000000
551 -170.0000000000
564 -169.0000000000
565 -168.0000000000
570 -167.0000000000
571 -166.0000000000
577 -165.0000000000
580 -164.0000000000
581 -163.0000000000
589 -162.0000000000
601 -161.0000000000
621 -160.0000000000
622 -159.0000000000
627 -158.0000000000
629 -157.0000000000
634 -156.0000000000
636 -155.0000000000
638 -154.0000000000
645 -153.0000000000
648 -152.0000000000
663 -151.0000000000
664 -150.0000000000
670 -149.0000000000
675 -148.0000000000
677 -147.0000000000
684 -145.0000000000
686 -144.0000000000
693 -143.0000000000
695 -142.0000000000
700 -141.0000000000
701 -140.0000000000
706 -139.0000000000
713 -138.0000000000
719 -137.0000000000
720 -135.0000000000
733 -134.0000000000
756 -133.0000000000
764 -132.0000000000
778 -131.0000000000
780 -130.0000000000
791 -129.0000000000
793 -128.0000000000
794 -127.0000000000
800 -126.0000000000
807 -125.0000000000
828 -124.0000000000
834 -123.0000000000
854 -122.0000000000
863 -121.0000000000
864 -119.0000000000
866 -118.0000000000
881 -117.0000000000
896 -116.0000000000
944 -115.0000000000
945 -114.0000000000
951 -113.0000000000
952 -112.0000000000
984 -111.0000000000
989 -110.0000000000
991 -109.0000000000
996 -108.0000000000
1028 -107.0000000000
1035 -106.0000000000
1036 -105.0000000000
1069 -104.0000000000
1095 -103.0000000000
1101 -102.0000000000
1107 -101.0000000000
1109 -100.0000000000
1119 -99.0000000000
1139 -98.0000000000
1146 -97.0000000000
1150 -96.0000000000
1169 -95.0000000000
1189 -94.0000000000
1192 -93.0000000000
1201 -92.0000000000
1223 -91.0000000000
1227 -90.0000000000
1247 -88.0000000000
1284 -87.0000000000
1314 -86.0000000000
1322 -85.0000000000
1324 -84.0000000000
1326 -83.0000000000
1342 -82.0000000000
1361 -81.0000000000
1362 -80.0000000000
1367 -79.0000000000
1377 -78.0000000000
1387 -77.0000000000
1400 -75.0000000000
1417 -74.0000000000
1419 -73.0000000000
1482 -72.0000000000
1497 -71.0000000000
1507 -70.0000000000
1527 -69.0000000000
1531 -68.0000000000
1539 -67.0000000000
1547 -66.0000000000
1578 -65.0000000000
1584 -64.0000000000
1611 -63.0000000000
1628 -62.0000000000
1650 -60.0000000000
1700 -59.0000000000
1717 -58.0000000000
1767 -57.0000000000
1776 -56.0000000000
1818 -55.0000000000
1830 -54.0000000000
1868 -53.0000000000
1877 -52.0000000000
1935 -51.0000000000
2034 -50.0000000000
2071 -49.0000000000
2085 -48.0000000000
2101 -47.0000000000
2195 -46.0000000000
2201 -44.0000000000
2237 -43.0000000000
2245 -42.0000000000
2271 -41.0000000000
2272 -40.0000000000
2282 -38.0000000000
2341 -37.0000000000
2472 -36.0000000000
2493 -35.0000000000
2529 -34.0000000000
2551 -33.0000000000
2563 -32.0000000000
2570 -31.0000000000
2576 -30.0000000000
2620 -29.0000000000
2645 -28.0000000000
2650 -27.0000000000
2688 -26.0000000000
2717 -25.0000000000
2829 -24.0000000000
2836 -23.0000000000
3065 -21.0000000000
3085 -20.0000000000
3129 -19.0000000000
3143 -18.0000000000
3213 -17.0000000000
3343 -16.0000000000
3425 -15.0000000000
3553 -14.0000000000
3593 -13.0000000000
3599 -12.0000000000
3641 -11.0000000000
3845 -10.0000000000
3868 -9.0000000000
3900 -8.0000000000
3978 -7.0000000000
4002 -6.0000000000
4118 -5.0000000000
4156 -4.0000000000
4230 -3.0000000000
4253 -2.0000000000
4448 -1.0000000000
4469 453.0000000000
4592 466.0000000000
4787 478.0000000000
4916 491.0000000000
5579 492.0000000000
6193 494.0000000000
6303 498.0000000000
6651 504.0000000000
7144 509.0000000000
7341 514.0000000000
7688 517.0000000000
8115 519.0000000000
8634 522.0000000000
8653 527.0000000000
9953 529.0000000000
10000 -2.0000000000
evaluations raw_y
1 -288.0000000000
2 -287.0000000000
9 -285.0000000000
10 -284.0000000000
11 -283.0000000000
12 -282.0000000000
19 -281.0000000000
20 -279.0000000000
22 -278.0000000000
28 -276.0000000000
40 -275.0000000000
44 -273.0000000000
46 -272.0000000000
47 -271.0000000000
51 -270.0000000000
52 -269.0000000000
57 -268.0000000000
60 -267.0000000000
62 -265.0000000000
65 -264.0000000000
67 -262.0000000000
70 -261.0000000000
74 -259.0000000000
75 -257.0000000000
76 -256.0000000000
81 -255.0000000000
84 -254.0000000000
89 -253.0000000000
96 -252.0000000000
98 -250.0000000000
100 -249.0000000000
101 -248.0000000000
103 -247.0000000000
104 -246.0000000000
107 -245.0000000000
115 -244.0000000000
116 -243.0000000000
145 -242.0000000000
146 -241.0000000000
147 -240.0000000000
149 -239.0000000000
152 -238.0000000000
164 -237.0000000000
168 -236.0000000000
170 -235.0000000000
174 -234.0000000000
177 -233.0000000000
181 -232.0000000000
184 -230.0000000000
186 -229.0000000000
189 -228.0000000000
190 -227.0000000000
194 -226.0000000000
199 -225.0000000000
200 -224.0000000000
203 -223.0000000000
205 -221.0000000000
209 -220.0000000000
222 -219.0000000000
230 -218.0000000000
232 -217.0000000000
234 -216.0000000000
236 -215.0000000000
243 -214.0000000000
247 -213.0000000000
252 -212.0000000000
258 -210.0000000000
259 -209.0000000000
267 -208.0000000000
272 -207.0000000000
282 -204.0000000000
283 -202.0000000000
284 -201.0000000000
288 -200.0000000000
293 -198.0000000000
294 -197.0000000000
296 -196.0000000000
309 -195.0000000000
322 -194.0000000000
324 -193.0000000000
326 -192.0000000000
328 -191.0000000000
335 -190.0000000000
339 -189.0000000000
348 -188.0000000000
363 -187.0000000000
367 -186.0000000000
385 -185.0000000000
386 -184.0000000000
392 -183.0000000000
397 -182.0000000000
411 -181.0000000000
413 -180.0000000000
422 -178.0000000000
428 -177.0000000000
443 -176.0000000000
446 -175.0000000000
458 -174.0000000000
462 -173.0000000000
464 -172.0000000000
470 -171.0000000000
472 -170.0000000000
495 -169.0000000000
496 -167.0000000000
514 -166.0000000000
532 -165.0000000000
541 -164.0000000000
542 -163.0000000000
548 -162.0000000000
551 -159.0000000000
588 -158.0000000000
606 -157.0000000000
610 -156.0000000000
616 -155.0000000000
623 -153.0000000000
635 -152.0000000000
636 -151.0000000000
645 -150.0000000000
648 -149.0000000000
655 -148.0000000000
657 -147.0000000000
665 -146.0000000000
688 -145.0000000000
701 -144.0000000000
709 -143.0000000000
718 -142.0000000000
723 -141.0000000000
731 -140.0000000000
740 -139.0000000000
756 -138.0000000000
758 -137.0000000000
767 -136.0000000000
790 -135.0000000000
796 -134.0000000000
797 -133.0000000000
807 -132.0000000000
829 -131.0000000000
845 -130.0000000000
860 -129.0000000000
863 -128.0000000000
866 -127.0000000000
880 -126.0000000000
904 -125.0000000000
918 -124.0000000000
928 -123.0000000000
931 -122.0000000000
943 -121.0000000000
947 -120.0000000000
962 -119.0000000000
964 -117.0000000000
972 -116.0000000000
974 -115.0000000000
975 -114.0000000000
976 -113.0000000000
989 -112.0000000000
990 -110.0000000000
994 -109.0000000000
998 -108.0000000000
1012 -107.0000000000
1015 -106.0000000000
1038 -105.0000000000
1043 -104.0000000000
1050 -103.0000000000
1071 -102.0000000000
1095 -101.0000000000
1104 -99.0000000000
1137 -98.0000000000
1152 -97.0000000000
1154 -96.0000000000
1161 -95.0000000000
1162 -94.0000000000
1165 -93.0000000000
1170 -92.0000000000
1184 -91.0000000000
1185 -90.0000000000
1196 -89.0000000000
1210 -88.0000000000
1232 -87.0000000000
1253 -86.0000000000
1271 -85.0000000000
1282 -84.0000000000
1286 -83.0000000000
1302 -82.0000000000
1324 -81.0000000000
1326 -80.0000000000
1329 -79.0000000000
1330 -77.0000000000
1338 -76.0000000000
1339 -75.0000000000
1352 -74.0000000000
1360 -73.0000000000
1364 -72.0000000000
1373 -71.0000000000
1375 -70.0000000000
1400 -69.0000000000
1405 -68.0000000000
1416 -67.0000000000
1425 -66.0000000000
1441 -64.0000000000
1447 -63.0000000000
1483 -62.0000000000
1570 -61.0000000000
1605 -59.0000000000
1613 -58.0000000000
1630 -57.0000000000
1658 -56.0000000000
1671 -55.0000000000
1834 -54.0000000000
1853 -53.0000000000
1864 -52.0000000000
1879 -51.0000000000
1881 -50.0000000000
1887 -49.0000000000
1893 -47.0000000000
1914 -46.0000000000
1958 -45.0000000000
1961 -44.0000000000
1978 -43.0000000000
2065 -42.0000000000
2136 -41.0000000000
2191 -40.0000000000
2211 -39.0000000000
2217 -38.0000000000
2224 -37.0000000000
2230 -36.0000000000
2252 -35.0000000000
2282 -34.0000000000
2306 -33.0000000000
2355 -32.0000000000
2370 -31.0000000000
2421 -30.0000000000
2429 -29.0000000000
2440 -28.0000000000
2445 -27.0000000000
2456 -26.0000000000
2495 -25.0000000000
2598 -24.0000000000
2616 -23.0000000000
2637 -22.0000000000
2647 -21.0000000000
2686 -20.0000000000
2716 -19.0000000000
2769 -18.0000000000
2916 -17.0000000000
2934 -16.0000000000
3029 -15.0000000000
3063 -14.0000000000
3140 -13.0000000000
3280 -12.0000000000
3312 -11.0000000000
3338 -10.0000000000
3424 -9.0000000000
3455 -8.0000000000
3593 -7.0000000000
3603 -6.0000000000
3681 -5.0000000000
4018 -4.0000000000
4163 -3.0000000000
4205 -2.0000000000
4256 -1.0000000000
4259 483.0000000000
4783 486.0000000000
5207 490.0000000000
5890 499.0000000000
6322 503.0000000000
6644 508.0000000000
8914 509.0000000000
9014 516.0000000000
10000 -1.0000000000
evaluations raw_y
1 -270.0000000000
4 -269.0000000000
8 -268.0000000000
12 -267.0000000000
15 -266.0000000000
17 -265.0000000000
19 -263.0000000000
20 -262.0000000000
22 -261.0000000000
26 -260.0000000000
32 -259.0000000000
33 -258.0000000000
38 -257.0000000000
45 -256.0000000000
50 -255.0000000000
55 -254.0000000000
60 -253.0000000000
61 -251.0000000000
64 -248.0000000000
70 -246.0000000000
71 -245.0000000000
77 -243.0000000000
91 -242.0000000000
93 -241.0000000000
95 -239.0000000000
108 -238.0000000000
116 -237.0000000000
122 -236.0000000000
131 -235.0000000000
136 -234.0000000000
138 -233.0000000000
144 -232.0000000000
158 -231.0000000000
159 -229.0000000000
160 -228.0000000000
163 -227.0000000000
177 -226.0000000000
181 -225.0000000000
193 -224.0000000000
226 -223.0000000000
229 -222.0000000000
242 -221.0000000000
244 -220.0000000000
254 -219.0000000000
259 -218.0000000000
260 -217.0000000000
272 -216.0000000000
278 -215.0000000000
283 -214.0000000000
284 -213.0000000000
287 -212.0000000000
314 -211.0000000000
323 -209.0000000000
345 -208.0000000000
348 -207.0000000000
355 -205.0000000000
356 -203.0000000000
363 -202.0000000000
367 -200.0000000000
369 -199.0000000000
403 -198.0000000000
406 -197.0000000000
415 -196.0000000000
422 -194.0000000000
429 -193.0000000000
443 -192.0000000000
446 -191.0000000000
450 -190.0000000000
454 -189.0000000000
455 -188.0000000000
456 -187.0000000000
457 -186.0000000000
462 -183.0000000000
463 -181.0000000000
476 -179.0000000000
477 -178.0000000000
479 -177.0000000000
483 -176.0000000000
486 -175.0000000000
491 -173.0000000000
494 -172.0000000000
495 -171.0000000000
509 -169.0000000000
512 -167.0000000000
523 -165.0000000000
528 -163.0000000000
531 -162.0000000000
532 -161.0000000000
533 -160.0000000000
535 -159.0000000000
543 -157.0000000000
546 -156.0000000000
553 -155.0000000000
573 -154.0000000000
592 -153.0000000000
604 -152.0000000000
639 -151.0000000000
665 -150.0000000000
676 -148.0000000000
700 -147.0000000000
707 -146.0000000000
712 -145.0000000000
715 -143.0000000000
719 -142.0000000000
723 -141.0000000000
727 -140.0000000000
729 -139.0000000000
734 -138.0000000000
740 -137.0000000000
748 -136.0000000000
749 -134.0000000000
760 -133.0000000000
766 -132.0000000000
782 -131.0000000000
783 -130.0000000000
784 -129.0000000000
830 -128.0000000000
831 -127.0000000000
833 -126.0000000000
853 -125.0000000000
859 -124.0000000000
862 -123.0000000000
882 -122.0000000000
900 -121.0000000000
904 -120.0000000000
907 -119.0000000000
913 -118.0000000000
918 -117.0000000000
941 -116.0000000000
943 -115.0000000000
949 -114.0000000000
951 -113.0000000000
959 -112.0000000000
967 -111.0000000000
970 -110.0000000000
974 -108.0000000000
990 -107.0000000000
996 -106.0000000000
1003 -105.0000000000
1005 -104.0000000000
1014 -103.0000000000
1035 -102.0000000000
1037 -101.0000000000
1039 -100.0000000000
1053 -99.0000000000
1066 -98.0000000000
1070 -96.0000000000
1084 -95.0000000000
1092 -94.0000000000
1110 -93.0000000000
1111 -92.0000000000
1115 -90.0000000000
1123 -89.0000000000
1124 -88.0000000000
1140 -87.0000000000
1156 -86.0000000000
1157 -85.0000000000
1170 -84.0000000000
1196 -83.0000000000
1199 -82.0000000000
1203 -81.0000000000
1213 -80.0000000000
1218 -78.0000000000
1284 -77.0000000000
1301 -76.0000000000
1321 -75.0000000000
1332 -74.0000000000
1354 -73.0000000000
1356 -72.0000000000
1368 -71.0000000000
1374 -70.0000000000
1381 -69.0000000000
1392 -67.0000000000
1403 -66.0000000000
1437 -65.0000000000
1445 -63.0000000000
1453 -62.0000000000
1526 -61.0000000000
1633 -59.0000000000
1647 -58.0000000000
1675 -57.0000000000
1696 -56.0000000000
1725 -55.0000000000
1727 -54.0000000000
1733 -53.0000000000
1776 -52.0000000000
1782 -51.0000000000
1784 -50.0000000000
1822 -49.0000000000
1825 -48.0000000000
1838 -47.0000000000
1839 -46.0000000000
1861 -45.0000000000
1865 -44.0000000000
1871 -43.0000000000
1936 -42.0000000000
1991 -41.0000000000
2040 -40.0000000000
2057 -39.0000000000
2060 -38.0000000000
2062 -37.0000000000
2071 -36.0000000000
2118 -35.0000000000
2146 -34.0000000000
2181 -33.0000000000
2187 -31.0000000000
2191 -30.0000000000
2193 -29.0000000000
2278 -28.0000000000
2288 -27.0000000000
2363 -26.0000000000
2384 -25.0000000000
2466 -24.0000000000
2545 -23.0000000000
2556 -22.0000000000
2563 -21.0000000000
2622 -20.0000000000
2640 -19.0000000000
2642 -18.0000000000
2709 -17.0000000000
2717 -16.0000000000
2725 -15.0000000000
2869 -14.0000000000
2925 -13.0000000000
3122 -12.0000000000
3211 -11.0000000000
3281 -10.0000000000
3437 -9.0000000000
3525 -8.0000000000
3614 -7.0000000000
3735 -6.0000000000
4200 -5.0000000000
4229 -4.0000000000
4259 -3.0000000000
4277 -2.0000000000
4359 -1.0000000000
4363 482.0000000000
4447 495.0000000000
5036 499.0000000000
5470 501.0000000000
5885 506.0000000000
6978 516.0000000000
9753 518.0000000000
10000 518.0000000000
evaluations raw_y
1 -282.0000000000
2 -281.0000000000
3 -279.0000000000
5 -278.0000000000
6 -277.0000000000
11 -276.0000000000
18 -275.0000000000
21 -274.0000000000
24 -273.0000000000
27 -272.0000000000
28 -269.0000000000
30 -268.0000000000
33 -267.0000000000
34 -266.0000000000
40 -265.0000000000
48 -264.0000000000
51 -263.0000000000
53 -262.0000000000
56 -261.0000000000
59 -260.0000000000
60 -259.0000000000
81 -258.0000000000
89 -257.0000000000
92 -256.0000000000
101 -255.0000000000
106 -254.0000000000
107 -253.0000000000
122 -251.0000000000
140 -250.0000000000
143 -249.0000000000
144 -248.0000000000
151 -246.0000000000
152 -245.0000000000
160 -244.0000000000
162 -243.0000000000
167 -242.0000000000
170 -241.0000000000
173 -240.0000000000
175 -239.0000000000
176 -238.0000000000
177 -237.0000000000
194 -236.0000000000
197 -235.0000000000
208 -233.0000000000
214 -230.0000000000
216 -228.0000000000
220 -227.0000000000
224 -226.0000000000
228 -225.0000000000
236 -223.0000000000
237 -222.0000000000
243 -221.0000000000
245 -220.0000000000
246 -219.0000000000
247 -218.0000000000
257 -217.0000000000
258 -214.0000000000
266 -213.0000000000
270 -212.0000000000
271 -211.0000000000
273 -210.0000000000
276 -207.0000000000
308 -205.0000000000
309 -203.0000000000
313 -202.0000000000
316 -201.0000000000
323 -200.0000000000
324 -199.0000000000
326 -198.0000000000
336 -197.0000000000
337 -196.0000000000
351 -195.0000000000
355 -194.0000000000
361 -193.0000000000
370 -192.0000000000
380 -191.0000000000
381 -190.0000000000
382 -189.0000000000
412 -187.0000000000
420 -186.0000000000
431 -185.0000000000
433 -184.0000000000
436 -183.0000000000
442 -182.0000000000
443 -181.0000000000
449 -180.0000000000
470 -179.0000000000
475 -177.0000000000
483 -176.0000000000
487 -174.0000000000
493 -173.0000000000
520 -172.0000000000
525 -171.0000000000
537 -170.0000000000
540 -169.0000000000
541 -168.0000000000
581 -167.0000000000
582 -166.0000000000
595 -165.0000000000
604 -164.0000000000
605 -163.0000000000
617 -162.0000000000
648 -161.0000000000
650 -160.0000000000
652 -158.0000000000
655 -157.0000000000
680 -155.0000000000
686 -154.0000000000
691 -153.0000000000
692 -152.0000000000
694 -151.0000000000
704 -150.0000000000
718 -149.0000000000
720 -148.0000000000
724 -147.0000000000
739 -146.0000000000
743 -145.0000000000
764 -144.0000000000
775 -143.0000000000
787 -142.0000000000
798 -141.0000000000
811 -140.0000000000
819 -139.0000000000
835 -138.0000000000
837 -136.0000000000
842 -135.0000000000
848 -134.0000000000
854 -133.0000000000
855 -132.0000000000
868 -131.0000000000
871 -130.0000000000
873 -129.0000000000
881 -127.0000000000
882 -126.0000000000
885 -125.0000000000
890 -124.0000000000
931 -123.0000000000
952 -122.0000000000
956 -121.0000000000
958 -120.0000000000
960 -118.0000000000
965 -117.0000000000
975 -116.0000000000
980 -115.0000000000
992 -114.0000000000
996 -113.0000000000
1024 -112.0000000000
1047 -111.0000000000
1059 -110.0000000000
1073 -109.0000000000
1086 -108.0000000000
1095 -107.0000000000
1117 -106.0000000000
1118 -105.0000000000
1132 -104.0000000000
1134 -103.0000000000
1141 -102.0000000000
1144 -101.0000000000
1148 -100.0000000000
1153 -99.0000000000
1169 -98.0000000000
1196 -97.0000000000
1205 -96.0000000000
1219 -95.0000000000
1224 -94.0000000000
1225 -92.0000000000
1226 -91.0000000000
1264 -89.0000000000
1270 -88.0000000000
1283 -87.0000000000
1296 -86.0000000000
1307 -84.0000000000
1310 -83.0000000000
1320 -82.0000000000
1344 -81.0000000000
1350 -80.0000000000
1358 -79.0000000000
1368 -78.0000000000
1426 -77.0000000000
1432 -76.0000000000
1499 -75.0000000000
1544 -74.0000000000
1554 -73.0000000000
1574 -72.0000000000
1582 -71.0000000000
1620 -70.0000000000
1622 -68.0000000000
1635 -67.0000000000
1647 -66.0000000000
1657 -64.0000000000
1686 -63.0000000000
1689 -62.0000000000
1707 -61.0000000000
1725 -60.0000000000
1737 -59.0000000000
1772 -58.0000000000
1814 -57.0000000000
1860 -56.0000000000
1861 -55.0000000000
1885 -54.0000000000
1886 -53.0000000000
1933 -51.0000000000
1945 -50.0000000000
1946 -49.0000000000
1969 -48.0000000000
1971 -47.0000000000
1982 -46.0000000000
1996 -45.0000000000
2010 -44.0000000000
2041 -43.0000000000
2065 -42.0000000000
2083 -41.0000000000
2124 -40.0000000000
2141 -39.0000000000
2179 -38.0000000000
2205 -37.0000000000
2210 -36.0000000000
2212 -35.0000000000
2258 -34.0000000000
2286 -33.0000000000
2348 -32.0000000000
2376 -31.0000000000
2441 -30.0000000000
2573 -29.0000000000
2639 -28.0000000000
2697 -27.0000000000
2815 -26.0000000000
2829 -25.0000000000
2846 -24.0000000000
2951 -23.0000000000
3050 -22.0000000000
3085 -21.0000000000
3090 -20.0000000000
3111 -19.0000000000
3139 -18.0000000000
3173 -17.0000000000
3194 -16.0000000000
3440 -15.0000000000
3542 -14.0000000000
3553 -13.0000000000
3679 -12.0000000000
3715 -11.0000000000
3796 -10.0000000000
3918 -9.0000000000
3942 -7.0000000000
4041 -6.0000000000
4044 -5.0000000000
4114 -4.0000000000
4172 -3.0000000000
4204 -2.0000000000
4262 -1.0000000000
4750 500.0000000000
5294 516.0000000000
6808 519.0000000000
7361 526.0000000000
8963 530.0000000000
9170 531.0000000000
10000 531.0000000000
evaluations raw_y
1 -297.0000000000
5 -296.0000000000
11 -295.0000000000
15 -294.0000000000
22 -293.0000000000
23 -292.0000000000
26 -291.0000000000
28 -289.0000000000
31 -286.0000000000
32 -284.0000000000
37 -283.0000000000
40 -282.0000000000
48 -281.0000000000
49 -280.0000000000
52 -279.0000000000
58 -278.0000000000
67 -277.0000000000
76 -276.0000000000
84 -275.0000000000
90 -274.0000000000
94 -273.0000000000
95 -272.0000000000
96 -270.0000000000
106 -269.0000000000
107 -268.0000000000
110 -266.0000000000
120 -265.0000000000
122 -264.0000000000
124 -263.0000000000
129 -262.0000000000
130 -261.0000000000
132 -260.0000000000
137 -259.0000000000
140 -258.0000000000
142 -257.0000000000
144 -256.0000000000
146 -254.0000000000
150 -252.0000000000
157 -250.0000000000
160 -249.0000000000
167 -248.0000000000
172 -247.0000000000
179 -245.0000000000
190 -244.0000000000
192 -243.0000000000
197 -241.0000000000
200 -239.0000000000
202 -238.0000000000
209 -236.0000000000
213 -235.0000000000
214 -234.0000000000
218 -233.0000000000
221 -232.0000000000
227 -231.0000000000
229 -230.0000000000
231 -229.0000000000
239 -227.0000000000
254 -226.0000000000
255 -225.0000000000
259 -224.0000000000
267 -223.0000000000
271 -221.0000000000
278 -220.0000000000
279 -219.0000000000
288 -218.0000000000
289 -216.0000000000
293 -215.0000000000
300 -214.0000000000
301 -213.0000000000
309 -212.0000000000
331 -211.0000000000
332 -210.0000000000
334 -209.0000000000
343 -208.0000000000
345 -206.0000000000
348 -205.0000000000
358 -204.0000000000
365 -203.0000000000
378 -201.0000000000
381 -200.0000000000
382 -199.0000000000
383 -198.0000000000
384 -195.0000000000
387 -194.0000000000
400 -193.0000000000
409 -192.0000000000
411 -191.0000000000
413 -190.0000000000
414 -188.0000000000
419 -187.0000000000
426 -186.0000000000
430 -185.0000000000
441 -184.0000000000
444 -183.0000000000
453 -182.0000000000
454 -181.0000000000
460 -180.0000000000
461 -179.0000000000
464 -178.0000000000
468 -177.0000000000
486 -176.0000000000
490 -175.0000000000
492 -174.0000000000
494 -173.0000000000
497 -172.0000000000
500 -171.0000000000
510 -170.0000000000
511 -169.0000000000
519 -168.0000000000
545 -167.0000000000
562 -166.0000000000
573 -165.0000000000
577 -163.0000000000
598 -162.0000000000
601 -161.0000000000
602 -159.0000000000
603 -158.0000000000
604 -157.0000000000
626 -156.0000000000
629 -155.0000000000
636 -154.0000000000
641 -153.0000000000
642 -152.0000000000
643 -150.0000000000
658 -149.0000000000
669 -148.0000000000
673 -147.0000000000
679 -146.0000000000
680 -145.0000000000
709 -144.0000000000
715 -143.0000000000
720 -142.0000000000
756 -141.0000000000
760 -139.0000000000
763 -138.0000000000
765 -137.0000000000
777 -136.0000000000
782 -135.0000000000
789 -134.0000000000
801 -133.0000000000
803 -131.0000000000
807 -130.0000000000
808 -129.0000000000
812 -127.0000000000
823 -126.0000000000
827 -124.0000000000
828 -123.0000000000
830 -122.0000000000
843 -121.0000000000
846 -120.0000000000
847 -119.0000000000
853 -118.0000000000
855 -117.0000000000
861 -116.0000000000
873 -115.0000000000
876 -114.0000000000
885 -113.0000000000
915 -112.0000000000
916 -111.0000000000
930 -110.0000000000
941 -109.0000000000
970 -108.0000000000
1014 -107.0000000000
1017 -106.0000000000
1022 -105.0000000000
1029 -104.0000000000
1035 -103.0000000000
1043 -102.0000000000
1049 -101.0000000000
1068 -100.0000000000
1077 -99.0000000000
1106 -97.0000000000
1107 -96.0000000000
1109 -95.0000000000
1132 -94.0000000000
1136 -93.0000000000
1148 -92.0000000000
1151 -91.0000000000
1160 -90.0000000000
1195 -89.0000000000
1220 -88.0000000000
1249 -87.0000000000
1270 -86.0000000000
1279 -85.0000000000
1288 -84.0000000000
1294 -83.0000000000
1303 -82.0000000000
1346 -81.0000000000
1349 -80.0000000000
1355 -78.0000000000
1368 -77.0000000000
1371 -76.0000000000
1373 -75.0000000000
1398 -74.0000000000
1404 -73.0000000000
1458 -72.0000000000
1485 -71.0000000000
1503 -70.0000000000
1517 -69.0000000000
1519 -68.0000000000
1532 -67.0000000000
1563 -66.0000000000
1571 -65.0000000000
1579 -64.0000000000
1597 -63.0000000000
1599 -62.0000000000
1612 -61.0000000000
1614 -60.0000000000
1627 -59.0000000000
1629 -58.0000000000
1688 -57.0000000000
1704 -56.0000000000
1711 -55.0000000000
1719 -54.0000000000
1724 -53.0000000000
1730 -52.0000000000
1740 -51.0000000000
1760 -50.0000000000
1767 -49.0000000000
1778 -48.0000000000
1796 -47.0000000000
1806 -46.0000000000
1831 -45.0000000000
1849 -44.0000000000
1883 -43.0000000000
1891 -42.0000000000
1893 -41.0000000000
1951 -40.0000000000
1954 -39.0000000000
1965 -38.0000000000
2103 -37.0000000000
2125 -36.0000000000
2152 -35.0000000000
2191 -34.0000000000
2252 -33.0000000000
2265 -31.0000000000
2299 -30.0000000000
2318 -29.0000000000
2356 -28.0000000000
2365 -27.0000000000
2404 -26.0000000000
2433 -25.0000000000
2509 -24.0000000000
2583 -23.0000000000
2698 -22.0000000000
2718 -21.0000000000
2720 -20.0000000000
2728 -19.0000000000
2743 -18.0000000000
2745 -17.0000000000
2763 -16.0000000000
2804 -15.0000000000
2890 -14.0000000000
2901 -13.0000000000
2954 -12.0000000000
2985 -11.0000000000
3042 -10.0000000000
3250 -9.0000000000
3363 -8.0000000000
3644 -7.0000000000
3919 -6.0000000000
4098 -5.0000000000
4117 -4.0000000000
4138 -3.0000000000
4321 -2.0000000000
4645 -1.0000000000
4959 483.0000000000
4999 485.0000000000
5269 489.0000000000
5356 492.0000000000
5405 494.0000000000
5675 499.0000000000
5786 500.0000000000
6271 506.0000000000
8467 516.0000000000
8497 521.0000000000
10000 -1.0000000000
evaluations raw_y
1 -289.0000000000
4 -288.0000000000
5 -287.0000000000
7 -286.0000000000
10 -285.0000000000
11 -284.0000000000
15 -282.0000000000
24 -280.0000000000
25 -279.0000000000
27 -278.0000000000
28 -277.0000000000
32 -276.0000000000
41 -275.0000000000
45 -274.0000000000
49 -273.0000000000
56 -272.0000000000
57 -271.0000000000
61 -269.0000000000
63 -267.0000000000
64 -266.0000000000
66 -265.0000000000
70 -263.0000000000
71 -262.0000000000
74 -261.0000000000
79 -259.0000000000
82 -258.0000000000
85 -257.0000000000
91 -256.0000000000
92 -254.0000000000
93 -253.0000000000
98 -252.0000000000
105 -251.0000000000
113 -250.0000000000
115 -249.0000000000
116 -248.0000000000
119 -247.0000000000
128 -246.0000000000
131 -245.0000000000
135 -244.0000000000
140 -242.0000000000
142 -241.0000000000
144 -240.0000000000
146 -239.0000000000
148 -238.0000000000
153 -234.0000000000
163 -233.0000000000
166 -232.0000000000
167 -231.0000000000
177 -230.0000000000
178 -229.0000000000
181 -228.0000000000
189 -227.0000000000
199 -225.0000000000
200 -224.0000000000
201 -223.0000000000
202 -222.0000000000
203 -221.0000000000
212 -220.0000000000
226 -219.0000000000
227 -217.0000000000
228 -215.0000000000
229 -213.0000000000
246 -212.0000000000
247 -211.0000000000
251 -210.0000000000
252 -209.0000000000
257 -207.0000000000
271 -205.0000000000
277 -204.0000000000
278 -203.0000000000
280 -202.0000000000
281 -201.0000000000
291 -200.0000000000
293 -199.0000000000
295 -198.0000000000
296 -195.0000000000
320 -194.0000000000
325 -193.0000000000
326 -192.0000000000
335 -191.0000000000
343 -190.0000000000
349 -189.0000000000
352 -188.0000000000
355 -187.0000000000
364 -186.0000000000
371 -185.0000000000
382 -184.0000000000
391 -183.0000000000
400 -182.0000000000
406 -181.0000000000
422 -179.0000000000
423 -177.0000000000
438 -176.0000000000
442 -175.0000000000
443 -174.0000000000
448 -173.0000000000
465 -172.0000000000
466 -171.0000000000
470 -170.0000000000
471 -169.0000000000
476 -168.0000000000
488 -167.0000000000
496 -165.0000000000
499 -164.0000000000
531 -163.0000000000
535 -162.0000000000
539 -161.0000000000
562 -158.0000000000
581 -157.0000000000
584 -155.0000000000
586 -154.0000000000
592 -153.0000000000
593 -152.0000000000
622 -151.0000000000
623 -150.0000000000
636 -149.0000000000
642 -148.0000000000
648 -147.0000000000
660 -146.0000000000
669 -145.0000000000
670 -144.0000000000
672 -142.0000000000
680 -140.0000000000
681 -139.0000000000
718 -137.0000000000
725 -136.0000000000
734 -135.0000000000
741 -134.0000000000
752 -133.0000000000
778 -132.0000000000
783 -130.0000000000
784 -129.0000000000
799 -128.0000000000
822 -127.0000000000
829 -126.0000000000
833 -125.0000000000
852 -124.0000000000
862 -123.0000000000
866 -122.0000000000
876 -121.0000000000
917 -120.0000000000
926 -119.0000000000
944 -117.0000000000
945 -116.0000000000
946 -115.0000000000
948 -114.0000000000
956 -113.0000000000
961 -112.0000000000
995 -110.0000000000
1006 -109.0000000000
1018 -107.0000000000
1052 -106.0000000000
1056 -105.0000000000
1083 -104.0000000000
1111 -103.0000000000
1133 -101.0000000000
1138 -100.0000000000
1155 -99.0000000000
1180 -98.0000000000
1200 -97.0000000000
1230 -95.0000000000
1233 -94.0000000000
1239 -93.0000000000
1271 -92.0000000000
1279 -91.0000000000
1285 -90.0000000000
1304 -89.0000000000
1309 -88.0000000000
1320 -87.0000000000
1355 -86.0000000000
1359 -85.0000000000
1361 -84.0000000000
1383 -83.0000000000
1384 -82.0000000000
1388 -81.0000000000
1393 -80.0000000000
1410 -79.0000000000
1418 -78.0000000000
1435 -77.0000000000
1481 -76.0000000000
1484 -75.0000000000
1498 -74.0000000000
1509 -73.0000000000
1517 -72.0000000000
1526 -71.0000000000
1530 -70.0000000000
1555 -69.0000000000
1556 -68.0000000000
1581 -67.0000000000
1588 -66.0000000000
1600 -65.0000000000
1610 -64.0000000000
1627 -63.0000000000
1632 -62.0000000000
1633 -60.0000000000
1643 -59.0000000000
1653 -58.0000000000
1668 -57.0000000000
1670 -56.0000000000
1673 -55.0000000000
1728 -54.0000000000
1787 -53.0000000000
1834 -52.0000000000
1853 -51.0000000000
1922 -50.0000000000
1940 -49.0000000000
1953 -48.0000000000
1956 -47.0000000000
1971 -46.0000000000
2021 -45.0000000000
2024 -44.0000000000
2031 -43.0000000000
2038 -42.0000000000
2045 -40.0000000000
2142 -39.0000000000
2154 -38.0000000000
2170 -37.0000000000
2176 -36.0000000000
2182 -35.0000000000
2205 -34.0000000000
2266 -33.0000000000
2277 -32.0000000000
2318 -31.0000000000
2323 -30.0000000000
2330 -29.0000000000
2390 -28.0000000000
2392 -27.0000000000
2416 -26.0000000000
2424 -25.0000000000
2432 -24.0000000000
2443 -23.0000000000
2499 -22.0000000000
2626 -21.0000000000
2678 -20.0000000000
2822 -19.0000000000
2848 -18.0000000000
2871 -17.0000000000
2877 -16.0000000000
2921 -15.0000000000
2965 -14.0000000000
3019 -13.0000000000
3087 -12.0000000000
3159 -11.0000000000
3161 -10.0000000000
3210 -9.0000000000
3325 -8.0000000000
3335 -7.0000000000
3354 -6.0000000000
3401 -5.0000000000
3473 -4.0000000000
3526 -3.0000000000
3618 -2.0000000000
3677 -1.0000000000
3709 513.0000000000
3863 518.0000000000
5385 526.0000000000
10000 -2.0000000000
evaluations raw_y
1 -288.0000000000
4 -285.0000000000
5 -284.0000000000
6 -283.0000000000
11 -281.0000000000
27 -280.0000000000
28 -279.0000000000
29 -278.0000000000
30 -277.0000000000
33 -276.0000000000
37 -275.0000000000
38 -274.0000000000
43 -273.0000000000
45 -272.0000000000
46 -269.0000000000
48 -268.0000000000
51 -266.0000000000
54 -265.0000000000
55 -264.0000000000
57 -263.0000000000
62 -262.0000000000
74 -261.0000000000
75 -260.0000000000
78 -258.0000000000
80 -257.0000000000
82 -256.0000000000
96 -255.0000000000
97 -254.0000000000
98 -253.0000000000
104 -252.0000000000
111 -250.0000000000
115 -249.0000000000
118 -248.0000000000
119 -246.0000000000
120 -245.0000000000
122 -243.0000000000
133 -242.0000000000
134 -241.0000000000
136 -240.0000000000
150 -239.0000000000
151 -238.0000000000
160 -237.0000000000
161 -236.0000000000
163 -235.0000000000
164 -233.0000000000
166 -230.0000000000
170 -229.0000000000
171 -228.0000000000
180 -227.0000000000
188 -226.0000000000
201 -225.0000000000
229 -224.0000000000
239 -223.0000000000
240 -219.0000000000
247 -218.0000000000
249 -217.0000000000
251 -216.0000000000
253 -215.0000000000
267 -214.0000000000
269 -213.0000000000
270 -212.0000000000
275 -210.0000000000
283 -209.0000000000
289 -208.0000000000
295 -207.0000000000
298 -206.0000000000
304 -205.0000000000
305 -204.0000000000
318 -203.0000000000
329 -202.0000000000
333 -201.0000000000
342 -200.0000000000
346 -199.0000000000
353 -198.0000000000
365 -197.0000000000
368 -195.0000000000
374 -194.0000000000
375 -193.0000000000
376 -192.0000000000
378 -191.0000000000
382 -190.0000000000
388 -189.0000000000
404 -188.0000000000
406 -187.0000000000
410 -186.0000000000
413 -184.0000000000
420 -183.0000000000
437 -181.0000000000
438 -180.0000000000
449 -178.0000000000
454 -176.0000000000
459 -175.0000000000
463 -174.0000000000
468 -172.0000000000
487 -170.0000000000
515 -169.0000000000
522 -167.0000000000
531 -166.0000000000
532 -165.0000000000
533 -164.0000000000
537 -163.0000000000
543 -161.0000000000
567 -160.0000000000
568 -159.0000000000
588 -158.0000000000
597 -157.0000000000
603 -156.0000000000
607 -154.0000000000
616 -153.0000000000
636 -152.0000000000
639 -151.0000000000
642 -149.0000000000
651 -148.0000000000
668 -147.0000000000
682 -145.0000000000
685 -144.0000000000
707 -143.0000000000
720 -142.0000000000
725 -141.0000000000
740 -140.0000000000
754 -139.0000000000
767 -138.0000000000
774 -136.0000000000
776 -135.0000000000
778 -134.0000000000
796 -133.0000000000
800 -132.0000000000
808 -130.0000000000
814 -129.0000000000
824 -128.0000000000
842 -127.0000000000
845 -126.0000000000
855 -124.0000000000
858 -123.0000000000
866 -122.0000000000
871 -121.0000000000
891 -120.0000000000
893 -119.0000000000
894 -118.0000000000
896 -117.0000000000
897 -116.0000000000
903 -115.0000000000
913 -114.0000000000
916 -113.0000000000
922 -112.0000000000
942 -111.0000000000
946 -110.0000000000
951 -109.0000000000
952 -108.0000000000
953 -107.0000000000
966 -106.0000000000
972 -105.0000000000
995 -103.0000000000
1009 -102.0000000000
1012 -101.0000000000
1017 -100.0000000000
1056 -98.0000000000
1081 -97.0000000000
1088 -96.0000000000
1095 -95.0000000000
1107 -94.0000000000
1110 -93.0000000000
1128 -92.0000000000
1129 -91.0000000000
1132 -89.0000000000
1145 -88.0000000000
1153 -87.0000000000
1161 -86.0000000000
1169 -85.0000000000
1191 -84.0000000000
1200 -83.0000000000
1257 -82.0000000000
1281 -81.0000000000
1375 -79.0000000000
1379 -78.0000000000
1380 -77.0000000000
1416 -76.0000000000
1420 -75.0000000000
1450 -74.0000000000
1459 -73.0000000000
1465 -72.0000000000
1473 -71.0000000000
1502 -70.0000000000
1503 -69.0000000000
1511 -68.0000000000
1531 -67.0000000000
1566 -66.0000000000
1571 -65.0000000000
1586 -63.0000000000
1607 -62.0000000000
1624 -61.0000000000
1631 -60.0000000000
1657 -59.0000000000
1666 -58.0000000000
1683 -57.0000000000
1707 -55.0000000000
1710 -54.0000000000
1747 -53.0000000000
1762 -52.0000000000
1800 -51.0000000000
1803 -50.0000000000
1854 -49.0000000000
1876 -48.0000000000
1916 -47.0000000000
1923 -46.0000000000
1947 -45.0000000000
1951 -44.0000000000
1968 -43.0000000000
2037 -42.0000000000
2044 -41.0000000000
2135 -40.0000000000
2182 -39.0000000000
2188 -38.0000000000
2224 -37.0000000000
2292 -36.0000000000
2327 -35.0000000000
2328 -33.0000000000
2405 -32.0000000000
2408 -31.0000000000
2418 -30.0000000000
2460 -29.0000000000
2472 -28.0000000000
2475 -27.0000000000
2490 -26.0000000000
2626 -25.0000000000
2642 -24.0000000000
2674 -23.0000000000
2727 -22.0000000000
2729 -21.0000000000
2758 -20.0000000000
2771 -19.0000000000
2892 -18.0000000000
2903 -17.0000000000
2907 -16.0000000000
2962 -15.0000000000
2966 -14.0000000000
2968 -13.0000000000
3026 -12.0000000000
3103 -11.0000000000
3237 -10.0000000000
3295 -9.0000000000
3370 -8.0000000000
3417 -7.0000000000
3520 -6.0000000000
3620 -5.0000000000
3670 -4.0000000000
3767 -3.0000000000
3958 -2.0000000000
3968 -1.0000000000
4205 479.0000000000
4585 483.0000000000
4765 495.0000000000
5160 506.0000000000
5608 517.0000000000
5654 520.0000000000
9048 525.0000000000
10000 525.0000000000
evaluations raw_y
1 -297.0000000000
10 -296.0000000000
16 -295.0000000000
21 -294.0000000000
22 -293.0000000000
27 -292.0000000000
28 -291.0000000000
29 -290.0000000000
30 -289.0000000000
31 -288.0000000000
34 -286.0000000000
37 -285.0000000000
65 -283.0000000000
67 -281.0000000000
72 -280.0000000000
74 -279.0000000000
80 -278.0000000000
92 -277.0000000000
99 -276.0000000000
103 -275.0000000000
107 -274.0000000000
114 -272.0000000000
116 -271.0000000000
119 -270.0000000000
126 -269.0000000000
131 -268.0000000000
135 -267.0000000000
141 -264.0000000000
144 -263.0000000000
153 -262.0000000000
154 -261.0000000000
158 -260.0000000000
162 -259.0000000000
170 -258.0000000000
173 -257.0000000000
176 -256.0000000000
181 -255.0000000000
196 -254.0000000000
197 -253.0000000000
205 -252.0000000000
215 -251.0000000000
236 -250.0000000000
244 -249.0000000000
245 -247.0000000000
267 -246.0000000000
269 -245.0000000000
282 -244.0000000000
285 -243.0000000000
288 -242.0000000000
291 -241.0000000000
296 -240.0000000000
300 -239.0000000000
301 -238.0000000000
303 -237.0000000000
304 -236.0000000000
310 -235.0000000000
313 -233.0000000000
315 -232.0000000000
319 -231.0000000000
323 -230.0000000000
327 -229.0000000000
330 -228.0000000000
337 -227.0000000000
341 -225.0000000000
346 -224.0000000000
348 -223.0000000000
349 -222.0000000000
366 -220.0000000000
371 -219.0000000000
381 -218.0000000000
389 -216.0000000000
390 -215.0000000000
392 -214.0000000000
401 -213.0000000000
417 -212.0000000000
419 -211.0000000000
420 -209.0000000000
422 -208.0000000000
423 -207.0000000000
425 -206.0000000000
426 -205.0000000000
427 -204.0000000000
433 -203.0000000000
440 -202.0000000000
441 -200.0000000000
444 -199.0000000000
447 -198.0000000000
448 -197.0000000000
454 -196.0000000000
461 -195.0000000000
468 -194.0000000000
473 -192.0000000000
475 -190.0000000000
480 -189.0000000000
485 -188.0000000000
486 -187.0000000000
494 -185.0000000000
497 -184.0000000000
498 -183.0000000000
504 -181.0000000000
511 -180.0000000000
514 -178.0000000000
515 -177.0000000000
518 -176.0000000000
534 -175.0000000000
535 -173.0000000000
559 -172.0000000000
560 -171.0000000000
567 -170.0000000000
573 -168.0000000000
574 -166.0000000000
585 -165.0000000000
589 -164.0000000000
597 -163.0000000000
602 -162.0000000000
603 -161.0000000000
608 -160.0000000000
620 -159.0000000000
624 -158.0000000000
631 -156.0000000000
650 -155.0000000000
653 -154.0000000000
656 -152.0000000000
657 -151.0000000000
666 -150.0000000000
667 -149.0000000000
681 -148.0000000000
682 -147.0000000000
700 -146.0000000000
705 -145.0000000000
725 -144.0000000000
735 -143.0000000000
736 -141.0000000000
744 -140.0000000000
745 -139.0000000000
750 -138.0000000000
758 -137.0000000000
776 -136.0000000000
790 -135.0000000000
791 -133.0000000000
808 -132.0000000000
811 -131.0000000000
832 -130.0000000000
843 -129.0000000000
855 -128.0000000000
867 -127.0000000000
869 -126.0000000000
873 -125.0000000000
891 -124.0000000000
893 -123.0000000000
895 -120.0000000000
901 -119.0000000000
905 -118.0000000000
907 -117.0000000000
923 -116.0000000000
929 -114.0000000000
935 -112.0000000000
945 -111.0000000000
946 -110.0000000000
949 -109.0000000000
973 -108.0000000000
991 -107.0000000000
995 -106.0000000000
998 -105.0000000000
1059 -104.0000000000
1083 -103.0000000000
1107 -102.0000000000
1135 -101.0000000000
1140 -99.0000000000
1171 -98.0000000000
1199 -97.0000000000
1211 -95.0000000000
1217 -94.0000000000
1230 -93.0000000000
1273 -92.0000000000
1312 -91.0000000000
1319 -90.0000000000
1321 -88.0000000000
1332 -87.0000000000
1410 -86.0000000000
1415 -85.0000000000
1442 -83.0000000000
1493 -82.0000000000
1509 -81.0000000000
1518 -80.0000000000
1534 -79.0000000000
1567 -78.0000000000
1592 -77.0000000000
1601 -76.0000000000
1604 -74.0000000000
1639 -73.0000000000
1695 -72.0000000000
1702 -71.0000000000
1756 -69.0000000000
1761 -68.0000000000
1766 -67.0000000000
1775 -66.0000000000
1777 -65.0000000000
1802 -64.0000000000
1843 -63.0000000000
1846 -62.0000000000
1850 -61.0000000000
1925 -60.0000000000
1926 -58.0000000000
1950 -57.0000000000
1983 -56.0000000000
2013 -55.0000000000
2065 -54.0000000000
2088 -53.0000000000
2101 -51.0000000000
2116 -50.0000000000
2134 -49.0000000000
2138 -48.0000000000
2173 -47.0000000000
2218 -46.0000000000
2232 -45.0000000000
2245 -44.0000000000
2287 -43.0000000000
2305 -42.0000000000
2330 -41.0000000000
2394 -40.0000000000
2407 -39.0000000000
2422 -38.0000000000
2429 -37.0000000000
2456 -36.0000000000
2464 -35.0000000000
2500 -34.0000000000
2509 -33.0000000000
2521 -32.0000000000
2538 -31.0000000000
2559 -30.0000000000
2575 -29.0000000000
2577 -28.0000000000
2597 -27.0000000000
2782 -26.0000000000
2851 -25.0000000000
2996 -24.0000000000
3054 -23.0000000000
3075 -22.0000000000
3096 -21.0000000000
3160 -20.0000000000
3247 -19.0000000000
3395 -18.0000000000
3493 -17.0000000000
3509 -16.0000000000
3510 -15.0000000000
3526 -14.0000000000
3528 -13.0000000000
3671 -12.0000000000
3753 -11.0000000000
3759 -10.0000000000
3777 -9.0000000000
3817 -8.0000000000
3835 -7.0000000000
3868 -6.0000000000
3886 -5.0000000000
4013 -4.0000000000
4019 -3.0000000000
4031 -2.0000000000
4209 -1.0000000000
4410 456.0000000000
4556 458.0000000000
4867 475.0000000000
5259 485.0000000000
5283 496.0000000000
5369 498.0000000000
7388 512.0000000000
7479 516.0000000000
8672 519.0000000000
9744 524.0000000000
10000 -2.0000000000
evaluations raw_y
1 -311.0000000000
11 -309.0000000000
13 -308.0000000000
16 -307.0000000000
18 -306.0000000000
21 -305.0000000000
22 -304.0000000000
24 -303.0000000000
25 -302.0000000000
26 -301.0000000000
30 -300.0000000000
32 -299.0000000000
33 -298.0000000000
37 -297.0000000000
41 -296.0000000000
49 -295.0000000000
51 -294.0000000000
52 -293.0000000000
53 -292.0000000000
58 -290.0000000000
60 -288.0000000000
63 -287.0000000000
65 -286.0000000000
72 -285.0000000000
74 -283.0000000000
75 -282.0000000000
77 -281.0000000000
79 -280.0000000000
80 -279.0000000000
82 -277.0000000000
83 -276.0000000000
84 -275.0000000000
86 -274.0000000000
90 -273.0000000000
92 -270.0000000000
98 -268.0000000000
100 -266.0000000000
106 -265.0000000000
114 -264.0000000000
116 -263.0000000000
118 -262.0000000000
121 -261.0000000000
124 -260.0000000000
126 -259.0000000000
130 -258.0000000000
135 -257.0000000000
139 -256.0000000000
143 -255.0000000000
144 -254.0000000000
146 -253.0000000000
149 -252.0000000000
153 -251.0000000000
154 -250.0000000000
155 -249.0000000000
157 -248.0000000000
159 -247.0000000000
169 -245.0000000000
173 -244.0000000000
178 -243.0000000000
184 -242.0000000000
189 -241.0000000000
191 -240.0000000000
194 -239.0000000000
196 -238.0000000000
208 -237.0000000000
209 -235.0000000000
215 -234.0000000000
219 -232.0000000000
223 -231.0000000000
225 -230.0000000000
230 -229.0000000000
234 -228.0000000000
235 -226.0000000000
246 -224.0000000000
247 -223.0000000000
252 -222.0000000000
257 -221.0000000000
261 -220.0000000000
262 -219.0000000000
266 -218.0000000000
268 -217.0000000000
273 -216.0000000000
287 -215.0000000000
288 -214.0000000000
299 -213.0000000000
308 -212.0000000000
310 -211.0000000000
319 -210.0000000000
322 -207.0000000000
323 -206.0000000000
339 -205.0000000000
343 -203.0000000000
344 -202.0000000000
347 -201.0000000000
355 -199.0000000000
358 -198.0000000000
359 -197.0000000000
362 -196.0000000000
382 -195.0000000000
384 -194.0000000000
393 -192.0000000000
397 -191.0000000000
399 -190.0000000000
404 -189.0000000000
416 -188.0000000000
417 -187.0000000000
423 -186.0000000000
427 -185.0000000000
437 -184.0000000000
438 -183.0000000000
450 -181.0000000000
452 -180.0000000000
453 -179.0000000000
461 -177.0000000000
472 -176.0000000000
476 -175.0000000000
477 -174.0000000000
506 -173.0000000000
539 -172.0000000000
542 -169.0000000000
552 -168.0000000000
553 -167.0000000000
555 -166.0000000000
559 -165.0000000000
564 -164.0000000000
580 -163.0000000000
584 -162.0000000000
596 -160.0000000000
602 -159.0000000000
615 -158.0000000000
623 -157.0000000000
624 -156.0000000000
639 -155.0000000000
650 -154.0000000000
661 -152.0000000000
670 -151.0000000000
672 -150.0000000000
676 -149.0000000000
685 -148.0000000000
705 -146.0000000000
709 -145.0000000000
728 -144.0000000000
731 -143.0000000000
739 -142.0000000000
748 -141.0000000000
749 -140.0000000000
758 -139.0000000000
774 -138.0000000000
779 -137.0000000000
795 -135.0000000000
796 -134.0000000000
804 -133.0000000000
810 -132.0000000000
813 -131.0000000000
815 -129.0000000000
824 -128.0000000000
834 -127.0000000000
837 -126.0000000000
840 -125.0000000000
849 -124.0000000000
862 -123.0000000000
868 -122.0000000000
885 -121.0000000000
902 -120.0000000000
918 -119.0000000000
923 -118.0000000000
939 -117.0000000000
949 -116.0000000000
952 -115.0000000000
979 -114.0000000000
985 -113.0000000000
999 -112.0000000000
1038 -110.0000000000
1040 -109.0000000000
1045 -108.0000000000
1049 -107.0000000000
1091 -106.0000000000
1098 -105.0000000000
1102 -103.0000000000
1108 -102.0000000000
1129 -100.0000000000
1131 -98.0000000000
1133 -97.0000000000
1140 -96.0000000000
1141 -95.0000000000
1152 -94.0000000000
1167 -93.0000000000
1184 -92.0000000000
1186 -90.0000000000
1225 -89.0000000000
1228 -87.0000000000
1263 -86.0000000000
1275 -85.0000000000
1322 -84.0000000000
1329 -83.0000000000
1331 -82.0000000000
1340 -81.0000000000
1365 -80.0000000000
1384 -79.0000000000
1389 -78.0000000000
1408 -77.0000000000
1409 -76.0000000000
1411 -75.0000000000
1445 -74.0000000000
1486 -73.0000000000
1508 -72.0000000000
1518 -71.0000000000
1530 -70.0000000000
1557 -69.0000000000
1561 -68.0000000000
1592 -67.0000000000
1622 -66.0000000000
1664 -65.0000000000
1665 -64.0000000000
1690 -63.0000000000
1703 -61.0000000000
1735 -60.0000000000
1756 -58.0000000000
1759 -57.0000000000
1772 -56.0000000000
1780 -55.0000000000
1785 -54.0000000000
1800 -53.0000000000
1845 -52.0000000000
1854 -51.0000000000
1924 -50.0000000000
1932 -49.0000000000
1950 -48.0000000000
1986 -47.0000000000
2005 -46.0000000000
2048 -45.0000000000
2064 -44.0000000000
2093 -43.0000000000
2099 -42.0000000000
2111 -41.0000000000
2116 -40.0000000000
2122 -39.0000000000
2164 -38.0000000000
2207 -37.0000000000
2210 -36.0000000000
2212 -35.0000000000
2238 -33.0000000000
2259 -32.0000000000
2308 -31.0000000000
2556 -30.0000000000
2568 -29.0000000000
2777 -28.0000000000
2783 -27.0000000000
2860 -26.0000000000
2913 -25.0000000000
2956 -24.0000000000
2958 -23.0000000000
2980 -22.0000000000
3063 -21.0000000000
3075 -20.0000000000
3080 -19.0000000000
3182 -18.0000000000
3209 -17.0000000000
3226 -16.0000000000
3314 -15.0000000000
3380 -14.0000000000
3569 -13.0000000000
3659 -12.0000000000
3700 -11.0000000000
3729 -10.0000000000
3837 -9.0000000000
3847 -8.0000000000
3874 -7.0000000000
3960 -6.0000000000
3979 -5.0000000000
4240 -4.0000000000
4243 -3.0000000000
4267 -2.0000000000
4344 -1.0000000000
4374 495.0000000000
4846 503.0000000000
5881 506.0000000000
6005 510.0000000000
6654 513.0000000000
7105 514.0000000000
7723 518.0000000000
9536 523.0000000000
10000 -3.0000000000
evaluations raw_y
1 -286.0000000000
2 -285.0000000000
15 -284.0000000000
19 -282.0000000000
26 -281.0000000000
30 -280.0000000000
33 -279.0000000000
38 -278.0000000000
46 -277.0000000000
68 -276.0000000000
71 -274.0000000000
72 -273.0000000000
75 -272.0000000000
77 -271.0000000000
84 -270.0000000000
87 -268.0000000000
88 -267.0000000000
94 -265.0000000000
95 -264.0000000000
100 -263.0000000000
101 -262.0000000000
103 -261.0000000000
107 -260.0000000000
110 -258.0000000000
116 -256.0000000000
117 -255.0000000000
119 -254.0000000000
122 -253.0000000000
125 -251.0000000000
126 -250.0000000000
131 -249.0000000000
132 -247.0000000000
138 -245.0000000000
141 -243.0000000000
143 -242.0000000000
148 -240.0000000000
152 -239.0000000000
160 -238.0000000000
162 -237.0000000000
167 -236.0000000000
175 -235.0000000000
176 -233.0000000000
183 -232.0000000000
184 -231.0000000000
199 -230.0000000000
205 -229.0000000000
207 -227.0000000000
216 -226.0000000000
217 -225.0000000000
237 -224.0000000000
240 -223.0000000000
243 -222.0000000000
244 -221.0000000000
248 -220.0000000000
259 -219.0000000000
260 -218.0000000000
261 -214.0000000000
265 -213.0000000000
276 -212.0000000000
277 -211.0000000000
278 -210.0000000000
280 -209.0000000000
286 -208.0000000000
289 -207.0000000000
293 -205.0000000000
297 -204.0000000000
304 -203.0000000000
311 -201.0000000000
314 -199.0000000000
324 -198.0000000000
328 -197.0000000000
332 -195.0000000000
333 -194.0000000000
336 -193.0000000000
337 -192.0000000000
339 -191.0000000000
346 -190.0000000000
348 -188.0000000000
352 -187.0000000000
355 -186.0000000000
360 -184.0000000000
374 -183.0000000000
385 -182.0000000000
392 -181.0000000000
398 -180.0000000000
399 -179.0000000000
417 -177.0000000000
424 -176.0000000000
430 -175.0000000000
432 -174.0000000000
433 -173.0000000000
439 -172.0000000000
451 -171.0000000000
455 -170.0000000000
463 -169.0000000000
465 -168.0000000000
481 -166.0000000000
515 -165.0000000000
521 -164.0000000000
531 -161.0000000000
547 -160.0000000000
553 -159.0000000000
556 -158.0000000000
560 -157.0000000000
580 -156.0000000000
586 -155.0000000000
599 -154.0000000000
600 -153.0000000000
603 -152.0000000000
607 -151.0000000000
608 -150.0000000000
631 -149.0000000000
639 -148.0000000000
643 -147.0000000000
666 -146.0000000000
670 -145.0000000000
679 -144.0000000000
680 -143.0000000000
688 -142.0000000000
693 -141.0000000000
699 -140.0000000000
709 -138.0000000000
710 -137.0000000000
712 -136.0000000000
727 -134.0000000000
734 -133.0000000000
739 -132.0000000000
749 -131.0000000000
755 -130.0000000000
769 -128.0000000000
776 -127.0000000000
779 -126.0000000000
795 -125.0000000000
796 -124.0000000000
805 -123.0000000000
811 -122.0000000000
860 -120.0000000000
866 -118.0000000000
867 -117.0000000000
876 -116.0000000000
887 -115.0000000000
889 -113.0000000000
893 -112.0000000000
909 -111.0000000000
930 -110.0000000000
945 -109.0000000000
959 -108.0000000000
960 -107.0000000000
967 -106.0000000000
979 -105.0000000000
984 -104.0000000000
993 -102.0000000000
994 -101.0000000000
995 -100.0000000000
1005 -99.0000000000
1015 -98.0000000000
1026 -97.0000000000
1044 -96.0000000000
1051 -95.0000000000
1057 -94.0000000000
1065 -93.0000000000
1084 -92.0000000000
1100 -91.0000000000
1101 -90.0000000000
1109 -89.0000000000
1112 -88.0000000000
1120 -87.0000000000
1153 -86.0000000000
1154 -85.0000000000
1165 -84.0000000000
1177 -83.0000000000
1184 -82.0000000000
1185 -81.0000000000
1213 -80.0000000000
1226 -79.0000000000
1305 -78.0000000000
1316 -77.0000000000
1326 -76.0000000000
1352 -75.0000000000
1362 -74.0000000000
1369 -73.0000000000
1426 -72.0000000000
1447 -71.0000000000
1450 -69.0000000000
1453 -68.0000000000
1470 -67.0000000000
1472 -66.0000000000
1488 -65.0000000000
1508 -64.0000000000
1513 -63.0000000000
1536 -62.0000000000
1541 -61.0000000000
1554 -60.0000000000
1576 -59.0000000000
1581 -58.0000000000
1621 -57.0000000000
1702 -55.0000000000
1710 -54.0000000000
1721 -53.0000000000
1744 -52.0000000000
1781 -51.0000000000
1796 -50.0000000000
1808 -49.0000000000
1818 -48.0000000000
1838 -47.0000000000
1851 -46.0000000000
1877 -45.0000000000
1903 -44.0000000000
1954 -43.0000000000
1960 -42.0000000000
1984 -41.0000000000
2006 -40.0000000000
2038 -39.0000000000
2117 -38.0000000000
2128 -37.0000000000
2142 -36.0000000000
2168 -35.0000000000
2207 -34.0000000000
2333 -33.0000000000
2362 -32.0000000000
2445 -31.0000000000
2483 -30.0000000000
2484 -29.0000000000
2490 -28.0000000000
2501 -27.0000000000
2533 -26.0000000000
2567 -25.0000000000
2603 -24.0000000000
2737 -23.0000000000
2778 -22.0000000000
2817 -21.0000000000
2835 -20.0000000000
2841 -19.0000000000
2853 -18.0000000000
2883 -17.0000000000
2938 -16.0000000000
3010 -15.0000000000
3031 -14.0000000000
3067 -13.0000000000
3097 -11.0000000000
3162 -10.0000000000
3219 -8.0000000000
3284 -7.0000000000
3303 -6.0000000000
3441 -5.0000000000
3448 -4.0000000000
3465 -3.0000000000
3490 -2.0000000000
3492 -1.0000000000
3529 500.0000000000
3767 502.0000000000
4275 515.0000000000
6306 523.0000000000
7374 525.0000000000
7704 527.0000000000
10000 527.0000000000
evaluations raw_y
1 -298.0000000000
7 -297.0000000000
11 -296.0000000000
17 -295.0000000000
20 -294.0000000000
21 -293.0000000000
22 -291.0000000000
24 -290.0000000000
28 -288.0000000000
42 -286.0000000000
61 -285.0000000000
62 -284.0000000000
64 -283.0000000000
65 -282.0000000000
77 -281.0000000000
84 -280.0000000000
99 -279.0000000000
105 -278.0000000000
112 -277.0000000000
114 -275.0000000000
115 -274.0000000000
116 -272.0000000000
126 -271.0000000000
131 -270.0000000000
133 -268.0000000000
141 -267.0000000000
154 -266.0000000000
160 -265.0000000000
163 -264.0000000000
164 -263.0000000000
171 -262.0000000000
172 -261.0000000000
173 -260.0000000000
180 -259.0000000000
181 -258.0000000000
182 -256.0000000000
185 -255.0000000000
187 -253.0000000000
191 -252.0000000000
193 -249.0000000000
197 -247.0000000000
200 -246.0000000000
201 -245.0000000000
202 -244.0000000000
211 -243.0000000000
217 -242.0000000000
219 -241.0000000000
220 -240.0000000000
228 -239.0000000000
229 -238.0000000000
230 -237.0000000000
231 -235.0000000000
240 -234.0000000000
241 -232.0000000000
243 -231.0000000000
251 -230.0000000000
253 -229.0000000000
256 -228.0000000000
276 -227.0000000000
277 -226.0000000000
278 -225.0000000000
288 -224.0000000000
289 -223.0000000000
293 -222.0000000000
294 -221.0000000000
300 -220.0000000000
307 -219.0000000000
308 -218.0000000000
310 -217.0000000000
311 -216.0000000000
315 -215.0000000000
317 -214.0000000000
318 -212.0000000000
321 -211.0000000000
334 -210.0000000000
336 -209.0000000000
337 -208.0000000000
343 -207.0000000000
356 -206.0000000000
359 -205.0000000000
361 -204.0000000000
366 -203.0000000000
385 -202.0000000000
409 -201.0000000000
427 -200.0000000000
428 -199.0000000000
430 -198.0000000000
435 -196.0000000000
440 -195.0000000000
444 -193.0000000000
453 -192.0000000000
457 -190.0000000000
475 -189.0000000000
478 -188.0000000000
480 -187.0000000000
498 -186.0000000000
500 -185.0000000000
504 -184.0000000000
506 -183.0000000000
508 -182.0000000000
509 -181.0000000000
511 -179.0000000000
515 -178.0000000000
535 -177.0000000000
544 -175.0000000000
557 -174.0000000000
562 -173.0000000000
565 -172.0000000000
571 -171.0000000000
580 -170.0000000000
598 -169.0000000000
599 -168.0000000000
606 -167.0000000000
621 -166.0000000000
623 -165.0000000000
628 -164.0000000000
633 -163.0000000000
643 -162.0000000000
645 -161.0000000000
651 -160.0000000000
656 -159.0000000000
658 -158.0000000000
662 -157.0000000000
666 -156.0000000000
668 -155.0000000000
677 -154.0000000000
687 -153.0000000000
694 -152.0000000000
721 -150.0000000000
732 -148.0000000000
735 -146.0000000000
741 -145.0000000000
754 -143.0000000000
774 -142.0000000000
779 -141.0000000000
783 -140.0000000000
786 -139.0000000000
789 -138.0000000000
793 -136.0000000000
798 -135.0000000000
799 -134.0000000000
805 -133.0000000000
807 -132.0000000000
817 -131.0000000000
820 -130.0000000000
830 -129.0000000000
836 -128.0000000000
847 -127.0000000000
872 -126.0000000000
873 -125.0000000000
882 -124.0000000000
887 -123.0000000000
921 -122.0000000000
936 -120.0000000000
950 -119.0000000000
952 -118.0000000000
963 -117.0000000000
972 -116.0000000000
987 -115.0000000000
996 -114.0000000000
1020 -113.0000000000
1029 -112.0000000000
1030 -111.0000000000
1032 -110.0000000000
1071 -108.0000000000
1089 -107.0000000000
1096 -105.0000000000
1138 -104.0000000000
1151 -102.0000000000
1152 -101.0000000000
1162 -100.0000000000
1192 -99.0000000000
1194 -98.0000000000
1208 -97.0000000000
1215 -96.0000000000
1221 -95.0000000000
1231 -94.0000000000
1247 -93.0000000000
1258 -92.0000000000
1262 -90.0000000000
1273 -89.0000000000
1274 -88.0000000000
1275 -86.0000000000
1278 -85.0000000000
1292 -84.0000000000
1308 -83.0000000000
1336 -82.0000000000
1338 -81.0000000000
1383 -80.0000000000
1407 -79.0000000000
1416 -78.0000000000
1417 -77.0000000000
1424 -75.0000000000
1433 -74.0000000000
1439 -73.0000000000
1452 -72.0000000000
1459 -71.0000000000
1468 -70.0000000000
1502 -69.0000000000
1510 -68.0000000000
1516 -67.0000000000
1531 -66.0000000000
1595 -65.0000000000
1609 -64.0000000000
1647 -63.0000000000
1651 -62.0000000000
1679 -61.0000000000
1742 -60.0000000000
1755 -59.0000000000
1783 -57.0000000000
1806 -56.0000000000
1811 -55.0000000000
1813 -54.0000000000
1821 -53.0000000000
1862 -52.0000000000
1877 -51.0000000000
1909 -50.0000000000
1923 -49.0000000000
1926 -48.0000000000
1945 -47.0000000000
2008 -46.0000000000
2038 -45.0000000000
2082 -44.0000000000
2226 -43.0000000000
2234 -42.0000000000
2323 -41.0000000000
2324 -40.0000000000
2326 -39.0000000000
2351 -38.0000000000
2407 -37.0000000000
2460 -36.0000000000
2543 -35.0000000000
2595 -34.0000000000
2632 -33.0000000000
2684 -32.0000000000
2709 -31.0000000000
2748 -30.0000000000
2808 -29.0000000000
2852 -28.0000000000
2940 -27.0000000000
2966 -26.0000000000
2973 -25.0000000000
2978 -24.0000000000
2979 -23.0000000000
2980 -22.0000000000
3040 -21.0000000000
3068 -20.0000000000
3162 -19.0000000000
3195 -18.0000000000
3259 -17.0000000000
3364 -16.0000000000
3397 -15.0000000000
3518 -14.0000000000
3522 -12.0000000000
3575 -11.0000000000
3578 -10.0000000000
3631 -9.0000000000
3659 -8.0000000000
3710 -7.0000000000
3850 -6.0000000000
3875 -5.0000000000
4219 -4.0000000000
4229 -3.0000000000
4382 -2.0000000000
4557 -1.0000000000
4768 491.0000000000
4956 492.0000000000
5349 494.0000000000
6100 509.0000000000
6236 513.0000000000
6864 518.0000000000
7583 522.0000000000
10000 -3.0000000000
evaluations raw_y
1 -284.0000000000
5 -282.0000000000
7 -280.0000000000
11 -279.0000000000
16 -278.0000000000
18 -276.0000000000
20 -275.0000000000
29 -274.0000000000
30 -273.0000000000
36 -269.0000000000
37 -268.0000000000
40 -266.0000000000
45 -265.0000000000
49 -263.0000000000
53 -261.0000000000
55 -260.0000000000
56 -259.0000000000
67 -258.0000000000
68 -257.0000000000
69 -256.0000000000
76 -254.0000000000
78 -253.0000000000
86 -252.0000000000
90 -251.0000000000
96 -250.0000000000
105 -249.0000000000
106 -248.0000000000
109 -246.0000000000
110 -245.0000000000
124 -244.0000000000
125 -243.0000000000
128 -242.0000000000
138 -240.0000000000
140 -239.0000000000
145 -238.0000000000
154 -236.0000000000
158 -234.0000000000
166 -233.0000000000
168 -232.0000000000
181 -231.0000000000
185 -230.0000000000
191 -229.0000000000
193 -228.0000000000
200 -227.0000000000
204 -226.0000000000
205 -225.0000000000
216 -222.0000000000
223 -221.0000000000
229 -220.0000000000
230 -219.0000000000
235 -218.0000000000
236 -217.0000000000
242 -216.0000000000
243 -215.0000000000
246 -214.0000000000
247 -213.0000000000
251 -212.0000000000
267 -211.0000000000
274 -209.0000000000
282 -208.0000000000
289 -207.0000000000
293 -206.0000000000
299 -205.0000000000
303 -204.0000000000
313 -202.0000000000
319 -201.0000000000
329 -200.0000000000
337 -199.0000000000
342 -198.0000000000
352 -197.0000000000
357 -196.0000000000
361 -195.0000000000
367 -194.0000000000
369 -193.0000000000
374 -192.0000000000
382 -191.0000000000
383 -190.0000000000
384 -189.0000000000
388 -188.0000000000
390 -187.0000000000
400 -186.0000000000
412 -185.0000000000
425 -184.0000000000
457 -183.0000000000
458 -182.0000000000
469 -181.0000000000
471 -180.0000000000
476 -179.0000000000
480 -178.0000000000
481 -177.0000000000
498 -176.0000000000
507 -174.0000000000
513 -173.0000000000
517 -172.0000000000
526 -171.0000000000
527 -170.0000000000
531 -169.0000000000
533 -168.0000000000
534 -166.0000000000
558 -165.0000000000
578 -164.0000000000
581 -163.0000000000
589 -162.0000000000
598 -161.0000000000
599 -160.0000000000
601 -159.0000000000
603 -158.0000000000
614 -157.0000000000
629 -156.0000000000
630 -155.0000000000
635 -154.0000000000
638 -153.0000000000
663 -151.0000000000
672 -149.0000000000
673 -148.0000000000
687 -147.0000000000
692 -146.0000000000
700 -145.0000000000
701 -144.0000000000
702 -143.0000000000
704 -142.0000000000
724 -141.0000000000
727 -140.0000000000
746 -139.0000000000
753 -138.0000000000
757 -137.0000000000
767 -136.0000000000
770 -135.0000000000
774 -134.0000000000
781 -133.0000000000
789 -131.0000000000
801 -130.0000000000
820 -128.0000000000
831 -126.0000000000
849 -125.0000000000
854 -124.0000000000
857 -122.0000000000
874 -121.0000000000
890 -120.0000000000
895 -119.0000000000
923 -118.0000000000
936 -117.0000000000
940 -116.0000000000
952 -115.0000000000
966 -114.0000000000
968 -113.0000000000
992 -112.0000000000
1000 -111.0000000000
1083 -110.0000000000
1114 -109.0000000000
1137 -108.0000000000
1166 -107.0000000000
1176 -106.0000000000
1179 -105.0000000000
1193 -104.0000000000
1202 -103.0000000000
1229 -102.0000000000
1254 -101.0000000000
1256 -100.0000000000
1258 -99.0000000000
1262 -98.0000000000
1266 -97.0000000000
1281 -96.0000000000
1289 -95.0000000000
1317 -94.0000000000
1331 -93.0000000000
1345 -92.0000000000
1354 -91.0000000000
1388 -90.0000000000
1425 -89.0000000000
1458 -88.0000000000
1480 -87.0000000000
1495 -86.0000000000
1497 -85.0000000000
1509 -84.0000000000
1520 -82.0000000000
1534 -81.0000000000
1542 -80.0000000000
1547 -79.0000000000
1562 -78.0000000000
1575 -76.0000000000
1595 -75.0000000000
1626 -74.0000000000
1647 -73.0000000000
1708 -72.0000000000
1719 -71.0000000000
1721 -70.0000000000
1798 -69.0000000000
1799 -67.0000000000
1809 -66.0000000000
1838 -65.0000000000
1842 -64.0000000000
1871 -63.0000000000
1878 -62.0000000000
1926 -61.0000000000
1951 -60.0000000000
1966 -59.0000000000
1980 -57.0000000000
2008 -56.0000000000
2022 -55.0000000000
2038 -54.0000000000
2063 -53.0000000000
2067 -51.0000000000
2072 -50.0000000000
2074 -49.0000000000
2089 -47.0000000000
2116 -46.0000000000
2120 -45.0000000000
2122 -44.0000000000
2160 -43.0000000000
2249 -42.0000000000
2280 -41.0000000000
2286 -40.0000000000
2307 -39.0000000000
2340 -38.0000000000
2344 -37.0000000000
2358 -35.0000000000
2430 -34.0000000000
2451 -32.0000000000
2458 -31.0000000000
2468 -30.0000000000
2473 -29.0000000000
2573 -28.0000000000
2606 -27.0000000000
2607 -26.0000000000
2702 -25.0000000000
2800 -24.0000000000
2815 -23.0000000000
2918 -22.0000000000
2965 -21.0000000000
2998 -20.0000000000
3022 -19.0000000000
3093 -18.0000000000
3117 -17.0000000000
3253 -16.0000000000
3322 -15.0000000000
3393 -14.0000000000
3448 -13.0000000000
3524 -12.0000000000
3659 -11.0000000000
3708 -10.0000000000
3756 -9.0000000000
3885 -8.0000000000
3957 -7.0000000000
4022 -6.0000000000
4050 -5.0000000000
4235 -4.0000000000
4279 -3.0000000000
4497 -2.0000000000
4503 -1.0000000000
4525 475.0000000000
5443 478.0000000000
5607 480.0000000000
5812 481.0000000000
5863 487.0000000000
5941 491.0000000000
6289 500.0000000000
6416 507.0000000000
7223 519.0000000000
8437 522.0000000000
10000 522.0000000000
