evaluations raw_y
1 -2009.0000000000
2 -1981.0000000000
11 -1942.0000000000
20 -1938.0000000000
24 -1888.0000000000
64 -1879.0000000000
74 -1873.0000000000
97 -1866.0000000000
105 -1837.0000000000
148 -1834.0000000000
183 -1822.0000000000
213 -1820.0000000000
224 -1819.0000000000
226 -1816.0000000000
248 -1815.0000000000
256 -1812.0000000000
259 -1805.0000000000
261 -1796.0000000000
285 -1795.0000000000
287 -1793.0000000000
302 -1778.0000000000
342 -1766.0000000000
367 -1765.0000000000
384 -1764.0000000000
406 -1762.0000000000
416 -1760.0000000000
430 -1757.0000000000
431 -1756.0000000000
435 -1755.0000000000
440 -1742.0000000000
474 -1739.0000000000
478 -1736.0000000000
512 -1734.0000000000
518 -1729.0000000000
541 -1728.0000000000
546 -1726.0000000000
558 -1720.0000000000
581 -1710.0000000000
625 -1708.0000000000
630 -1707.0000000000
666 -1697.0000000000
718 -1692.0000000000
742 -1690.0000000000
745 -1688.0000000000
781 -1684.0000000000
833 -1682.0000000000
854 -1678.0000000000
861 -1677.0000000000
880 -1673.0000000000
904 -1672.0000000000
922 -1671.0000000000
930 -1667.0000000000
963 -1666.0000000000
965 -1664.0000000000
981 -1663.0000000000
983 -1662.0000000000
995 -1658.0000000000
1031 -1657.0000000000
1034 -1656.0000000000
1039 -1652.0000000000
1102 -1648.0000000000
1144 -1647.0000000000
1162 -1646.0000000000
1181 -1645.0000000000
1213 -1644.0000000000
1218 -1641.0000000000
1262 -1640.0000000000
1270 -1638.0000000000
1306 -1637.0000000000
1336 -1636.0000000000
1341 -1632.0000000000
1357 -1631.0000000000
1392 -1630.0000000000
1424 -1629.0000000000
1432 -1628.0000000000
1460 -1626.0000000000
1467 -1625.0000000000
1521 -1624.0000000000
1536 -1623.0000000000
1543 -1621.0000000000
1595 -1619.0000000000
1600 -1617.0000000000
1633 -1614.0000000000
1671 -1613.0000000000
1702 -1612.0000000000
1728 -1610.0000000000
1748 -1608.0000000000
1804 -1607.0000000000
1815 -1606.0000000000
1828 -1605.0000000000
1835 -1603.0000000000
1853 -1602.0000000000
1875 -1601.0000000000
1904 -1599.0000000000
1938 -1597.0000000000
1956 -1596.0000000000
1995 -1595.0000000000
1999 -1594.0000000000
2010 -1593.0000000000
2027 -1590.0000000000
2068 -1589.0000000000
2070 -1588.0000000000
2083 -1587.0000000000
2105 -1586.0000000000
2114 -1585.0000000000
2147 -1584.0000000000
2182 -1583.0000000000
2184 -1582.0000000000
2189 -1581.0000000000
2193 -1580.0000000000
2225 -1579.0000000000
2246 -1578.0000000000
2277 -1577.0000000000
2280 -1576.0000000000
2306 -1575.0000000000
2315 -1572.0000000000
2341 -1571.0000000000
2381 -1569.0000000000
2427 -1568.0000000000
2450 -1567.0000000000
2463 -1566.0000000000
2499 -1564.0000000000
2512 -1562.0000000000
2541 -1561.0000000000
2549 -1559.0000000000
2555 -1558.0000000000
2584 -1557.0000000000
2603 -1555.0000000000
2642 -1552.0000000000
2681 -1551.0000000000
2700 -1548.0000000000
2735 -1546.0000000000
2763 -1543.0000000000
2786 -1541.0000000000
2824 -1539.0000000000
2826 -1537.0000000000
2875 -1535.0000000000
2881 -1534.0000000000
2908 -1533.0000000000
2942 -1530.0000000000
2982 -1527.0000000000
3048 -1525.0000000000
3074 -1524.0000000000
3099 -1522.0000000000
3107 -1519.0000000000
3182 -1518.0000000000
3203 -1517.0000000000
3221 -1516.0000000000
3224 -1514.0000000000
3285 -1513.0000000000
3310 -1510.0000000000
3355 -1509.0000000000
3363 -1508.0000000000
3387 -1507.0000000000
3408 -1505.0000000000
3423 -1503.0000000000
3441 -1502.0000000000
3479 -1501.0000000000
3500 -1500.0000000000
3520 -1498.0000000000
3546 -1497.0000000000
3563 -1496.0000000000
3571 -1495.0000000000
3583 -1493.0000000000
3626 -1492.0000000000
3627 -1491.0000000000
3642 -1489.0000000000
3662 -1488.0000000000
3681 -1487.0000000000
3704 -1486.0000000000
3715 -1485.0000000000
3752 -1484.0000000000
3753 -1483.0000000000
3783 -1482.0000000000
3798 -1481.0000000000
3802 -1480.0000000000
3821 -1478.0000000000
3891 -1477.0000000000
3901 -1476.0000000000
3909 -1475.0000000000
3941 -1472.0000000000
3946 -1471.0000000000
3986 -1469.0000000000
3999 -1468.0000000000
4042 -1467.0000000000
4062 -1465.0000000000
4094 -1463.0000000000
4114 -1461.0000000000
4161 -1458.0000000000
4189 -1456.0000000000
4228 -1455.0000000000
4259 -1454.0000000000
4272 -1452.0000000000
4303 -1448.0000000000
4337 -1447.0000000000
4343 -1444.0000000000
4407 -1443.0000000000
4421 -1442.0000000000
4435 -1439.0000000000
4466 -1437.0000000000
4545 -1436.0000000000
4551 -1435.0000000000
4556 -1434.0000000000
4586 -1433.0000000000
4589 -1432.0000000000
4631 -1430.0000000000
4661 -1427.0000000000
4700 -1426.0000000000
4723 -1422.0000000000
4745 -1421.0000000000
4779 -1419.0000000000
4809 -1418.0000000000
4825 -1416.0000000000
4866 -1414.0000000000
4906 -1413.0000000000
4941 -1412.0000000000
4964 -1411.0000000000
4965 -1410.0000000000
4988 -1408.0000000000
5056 -1407.0000000000
5071 -1406.0000000000
5078 -1404.0000000000
5124 -1403.0000000000
5150 -1400.0000000000
5197 -1399.0000000000
5223 -1398.0000000000
5252 -1396.0000000000
5255 -1393.0000000000
5269 -1392.0000000000
5311 -1390.0000000000
5332 -1388.0000000000
5351 -1386.0000000000
5385 -1385.0000000000
5409 -1384.0000000000
5423 -1383.0000000000
5457 -1382.0000000000
5464 -1381.0000000000
5489 -1379.0000000000
5538 -1378.0000000000
5543 -1377.0000000000
5555 -1374.0000000000
5615 -1373.0000000000
5623 -1370.0000000000
5664 -1369.0000000000
5673 -1367.0000000000
5707 -1365.0000000000
5720 -1364.0000000000
5754 -1362.0000000000
5765 -1361.0000000000
5781 -1358.0000000000
5826 -1357.0000000000
5833 -1356.0000000000
5872 -1355.0000000000
5893 -1354.0000000000
5910 -1353.0000000000
5915 -1351.0000000000
5953 -1348.0000000000
5988 -1347.0000000000
6021 -1346.0000000000
6023 -1345.0000000000
6026 -1344.0000000000
6058 -1343.0000000000
6069 -1342.0000000000
6073 -1340.0000000000
6103 -1338.0000000000
6141 -1337.0000000000
6146 -1336.0000000000
6188 -1335.0000000000
6190 -1334.0000000000
6225 -1332.0000000000
6262 -1331.0000000000
6291 -1330.0000000000
6310 -1328.0000000000
6331 -1327.0000000000
6341 -1325.0000000000
6396 -1324.0000000000
6401 -1323.0000000000
6434 -1322.0000000000
6466 -1321.0000000000
6482 -1317.0000000000
6504 -1315.0000000000
6549 -1314.0000000000
6586 -1311.0000000000
6631 -1310.0000000000
6636 -1309.0000000000
6665 -1308.0000000000
6671 -1307.0000000000
6702 -1306.0000000000
6721 -1305.0000000000
6725 -1304.0000000000
6742 -1303.0000000000
6743 -1301.0000000000
6786 -1299.0000000000
6838 -1294.0000000000
6864 -1293.0000000000
6868 -1291.0000000000
6938 -1290.0000000000
6974 -1288.0000000000
6982 -1287.0000000000
7024 -1286.0000000000
7045 -1285.0000000000
7048 -1284.0000000000
7064 -1283.0000000000
7102 -1282.0000000000
7133 -1281.0000000000
7146 -1280.0000000000
7150 -1279.0000000000
7152 -1278.0000000000
7182 -1277.0000000000
7194 -1275.0000000000
7252 -1273.0000000000
7275 -1272.0000000000
7308 -1271.0000000000
7317 -1270.0000000000
7331 -1269.0000000000
7341 -1268.0000000000
7387 -1266.0000000000
7395 -1263.0000000000
7429 -1262.0000000000
7490 -1260.0000000000
7520 -1259.0000000000
7551 -1257.0000000000
7582 -1256.0000000000
7588 -1255.0000000000
7589 -1254.0000000000
7661 -1253.0000000000
7665 -1252.0000000000
7669 -1250.0000000000
7708 -1249.0000000000
7753 -1247.0000000000
7781 -1245.0000000000
7805 -1244.0000000000
7826 -1242.0000000000
7866 -1241.0000000000
7890 -1239.0000000000
7938 -1238.0000000000
7956 -1236.0000000000
7990 -1235.0000000000
8020 -1234.0000000000
8021 -1233.0000000000
8061 -1228.0000000000
8136 -1227.0000000000
8145 -1225.0000000000
8201 -1224.0000000000
8221 -1222.0000000000
8260 -1220.0000000000
8271 -1219.0000000000
8311 -1218.0000000000
8323 -1217.0000000000
8338 -1216.0000000000
8344 -1214.0000000000
8360 -1213.0000000000
8425 -1211.0000000000
8442 -1210.0000000000
8444 -1209.0000000000
8491 -1207.0000000000
8502 -1206.0000000000
8546 -1203.0000000000
8584 -1202.0000000000
8610 -1200.0000000000
8633 -1199.0000000000
8669 -1198.0000000000
8682 -1197.0000000000
8703 -1195.0000000000
8709 -1193.0000000000
8741 -1192.0000000000
8756 -1191.0000000000
8803 -1188.0000000000
8863 -1186.0000000000
8871 -1185.0000000000
8911 -1181.0000000000
8947 -1180.0000000000
8948 -1179.0000000000
8993 -1178.0000000000
9027 -1174.0000000000
9077 -1173.0000000000
9111 -1172.0000000000
9146 -1171.0000000000
9150 -1170.0000000000
9183 -1169.0000000000
9186 -1168.0000000000
9197 -1167.0000000000
9225 -1166.0000000000
9232 -1165.0000000000
9262 -1162.0000000000
9278 -1161.0000000000
9301 -1159.0000000000
9348 -1158.0000000000
9349 -1157.0000000000
9387 -1156.0000000000
9420 -1154.0000000000
9422 -1153.0000000000
9423 -1152.0000000000
9471 -1150.0000000000
9507 -1149.0000000000
9541 -1148.0000000000
9562 -1147.0000000000
9567 -1145.0000000000
9599 -1141.0000000000
9671 -1140.0000000000
9675 -1139.0000000000
9706 -1138.0000000000
9708 -1137.0000000000
9743 -1136.0000000000
9775 -1135.0000000000
9781 -1133.0000000000
9862 -1131.0000000000
9866 -1130.0000000000
9904 -1129.0000000000
9925 -1127.0000000000
9969 -1125.0000000000
10002 -1123.0000000000
10020 -1124.0000000000
evaluations raw_y
1 -1999.0000000000
14 -1988.0000000000
18 -1915.0000000000
63 -1914.0000000000
65 -1889.0000000000
104 -1883.0000000000
114 -1882.0000000000
155 -1839.0000000000
198 -1830.0000000000
222 -1829.0000000000
225 -1828.0000000000
227 -1821.0000000000
250 -1812.0000000000
255 -1810.0000000000
263 -1800.0000000000
304 -1792.0000000000
311 -1790.0000000000
353 -1766.0000000000
407 -1765.0000000000
425 -1760.0000000000
441 -1759.0000000000
462 -1747.0000000000
468 -1744.0000000000
472 -1743.0000000000
506 -1726.0000000000
547 -1724.0000000000
574 -1723.0000000000
582 -1715.0000000000
618 -1713.0000000000
629 -1710.0000000000
637 -1708.0000000000
664 -1706.0000000000
669 -1704.0000000000
676 -1696.0000000000
708 -1692.0000000000
741 -1691.0000000000
760 -1684.0000000000
824 -1682.0000000000
839 -1673.0000000000
882 -1672.0000000000
905 -1670.0000000000
908 -1667.0000000000
935 -1665.0000000000
952 -1662.0000000000
984 -1658.0000000000
990 -1657.0000000000
1013 -1656.0000000000
1033 -1655.0000000000
1037 -1652.0000000000
1069 -1650.0000000000
1112 -1649.0000000000
1113 -1648.0000000000
1116 -1644.0000000000
1143 -1643.0000000000
1159 -1642.0000000000
1190 -1639.0000000000
1196 -1637.0000000000
1221 -1634.0000000000
1237 -1632.0000000000
1270 -1631.0000000000
1280 -1629.0000000000
1286 -1627.0000000000
1338 -1626.0000000000
1352 -1625.0000000000
1386 -1624.0000000000
1404 -1621.0000000000
1452 -1620.0000000000
1461 -1619.0000000000
1468 -1616.0000000000
1501 -1615.0000000000
1510 -1614.0000000000
1542 -1612.0000000000
1582 -1611.0000000000
1589 -1610.0000000000
1602 -1609.0000000000
1625 -1608.0000000000
1640 -1607.0000000000
1662 -1606.0000000000
1664 -1605.0000000000
1670 -1603.0000000000
1701 -1601.0000000000
1728 -1600.0000000000
1743 -1596.0000000000
1781 -1594.0000000000
1841 -1593.0000000000
1845 -1592.0000000000
1860 -1590.0000000000
1902 -1588.0000000000
1908 -1586.0000000000
1942 -1585.0000000000
1983 -1583.0000000000
2021 -1582.0000000000
2027 -1580.0000000000
2070 -1579.0000000000
2071 -1577.0000000000
2101 -1574.0000000000
2157 -1573.0000000000
2187 -1571.0000000000
2207 -1569.0000000000
2244 -1567.0000000000
2270 -1566.0000000000
2283 -1564.0000000000
2329 -1563.0000000000
2352 -1562.0000000000
2370 -1560.0000000000
2413 -1559.0000000000
2415 -1558.0000000000
2434 -1556.0000000000
2464 -1552.0000000000
2511 -1550.0000000000
2551 -1549.0000000000
2584 -1547.0000000000
2607 -1546.0000000000
2622 -1545.0000000000
2624 -1544.0000000000
2671 -1543.0000000000
2673 -1542.0000000000
2704 -1541.0000000000
2711 -1539.0000000000
2747 -1538.0000000000
2769 -1535.0000000000
2801 -1534.0000000000
2811 -1533.0000000000
2828 -1531.0000000000
2862 -1530.0000000000
2875 -1526.0000000000
2906 -1524.0000000000
2969 -1523.0000000000
2971 -1521.0000000000
3007 -1520.0000000000
3030 -1518.0000000000
3076 -1516.0000000000
3107 -1515.0000000000
3122 -1513.0000000000
3150 -1510.0000000000
3190 -1507.0000000000
3241 -1506.0000000000
3243 -1505.0000000000
3264 -1504.0000000000
3269 -1502.0000000000
3309 -1499.0000000000
3364 -1497.0000000000
3381 -1496.0000000000
3401 -1495.0000000000
3422 -1493.0000000000
3435 -1491.0000000000
3464 -1488.0000000000
3534 -1487.0000000000
3547 -1486.0000000000
3581 -1485.0000000000
3584 -1484.0000000000
3612 -1483.0000000000
3623 -1482.0000000000
3637 -1480.0000000000
3676 -1477.0000000000
3703 -1476.0000000000
3726 -1474.0000000000
3744 -1473.0000000000
3788 -1471.0000000000
3826 -1467.0000000000
3865 -1466.0000000000
3869 -1464.0000000000
3910 -1463.0000000000
3916 -1460.0000000000
3941 -1459.0000000000
3994 -1456.0000000000
4025 -1454.0000000000
4052 -1453.0000000000
4073 -1451.0000000000
4084 -1450.0000000000
4109 -1449.0000000000
4113 -1446.0000000000
4174 -1443.0000000000
4186 -1442.0000000000
4210 -1441.0000000000
4224 -1440.0000000000
4230 -1438.0000000000
4274 -1437.0000000000
4283 -1434.0000000000
4349 -1433.0000000000
4353 -1432.0000000000
4381 -1431.0000000000
4391 -1429.0000000000
4397 -1428.0000000000
4423 -1426.0000000000
4466 -1425.0000000000
4504 -1423.0000000000
4551 -1422.0000000000
4570 -1421.0000000000
4581 -1420.0000000000
4622 -1415.0000000000
4684 -1412.0000000000
4701 -1411.0000000000
4749 -1410.0000000000
4778 -1408.0000000000
4779 -1407.0000000000
4793 -1406.0000000000
4795 -1405.0000000000
4847 -1404.0000000000
4876 -1403.0000000000
4901 -1402.0000000000
4906 -1401.0000000000
4943 -1400.0000000000
4961 -1399.0000000000
4975 -1398.0000000000
5003 -1397.0000000000
5019 -1395.0000000000
5024 -1394.0000000000
5063 -1392.0000000000
5075 -1389.0000000000
5111 -1388.0000000000
5163 -1387.0000000000
5188 -1386.0000000000
5225 -1384.0000000000
5267 -1382.0000000000
5272 -1381.0000000000
5301 -1380.0000000000
5304 -1379.0000000000
5321 -1378.0000000000
5341 -1376.0000000000
5382 -1375.0000000000
5383 -1374.0000000000
5423 -1372.0000000000
5463 -1371.0000000000
5513 -1370.0000000000
5532 -1369.0000000000
5550 -1368.0000000000
5568 -1364.0000000000
5627 -1363.0000000000
5662 -1362.0000000000
5667 -1360.0000000000
5701 -1359.0000000000
5713 -1357.0000000000
5780 -1355.0000000000
5822 -1352.0000000000
5862 -1350.0000000000
5898 -1349.0000000000
5942 -1348.0000000000
5969 -1347.0000000000
5974 -1346.0000000000
5997 -1345.0000000000
6013 -1344.0000000000
6031 -1342.0000000000
6067 -1341.0000000000
6090 -1340.0000000000
6109 -1339.0000000000
6112 -1338.0000000000
6117 -1336.0000000000
6147 -1335.0000000000
6176 -1333.0000000000
6197 -1332.0000000000
6233 -1331.0000000000
6236 -1328.0000000000
6243 -1327.0000000000
6266 -1325.0000000000
6328 -1323.0000000000
6344 -1322.0000000000
6381 -1321.0000000000
6400 -1320.0000000000
6425 -1319.0000000000
6464 -1318.0000000000
6473 -1317.0000000000
6503 -1316.0000000000
6532 -1315.0000000000
6546 -1314.0000000000
6551 -1313.0000000000
6583 -1312.0000000000
6587 -1310.0000000000
6627 -1309.0000000000
6668 -1308.0000000000
6674 -1305.0000000000
6737 -1303.0000000000
6778 -1301.0000000000
6792 -1300.0000000000
6822 -1299.0000000000
6844 -1294.0000000000
6916 -1293.0000000000
6922 -1292.0000000000
6950 -1291.0000000000
6986 -1290.0000000000
7022 -1289.0000000000
7045 -1288.0000000000
7076 -1287.0000000000
7103 -1286.0000000000
7110 -1284.0000000000
7168 -1283.0000000000
7186 -1280.0000000000
7224 -1279.0000000000
7233 -1277.0000000000
7255 -1276.0000000000
7269 -1275.0000000000
7302 -1274.0000000000
7322 -1273.0000000000
7334 -1272.0000000000
7371 -1270.0000000000
7404 -1268.0000000000
7426 -1266.0000000000
7445 -1265.0000000000
7486 -1261.0000000000
7525 -1260.0000000000
7547 -1257.0000000000
7583 -1256.0000000000
7625 -1255.0000000000
7638 -1254.0000000000
7664 -1253.0000000000
7675 -1252.0000000000
7705 -1251.0000000000
7724 -1249.0000000000
7727 -1247.0000000000
7747 -1246.0000000000
7788 -1245.0000000000
7822 -1243.0000000000
7861 -1241.0000000000
7904 -1238.0000000000
7943 -1237.0000000000
8015 -1236.0000000000
8021 -1233.0000000000
8071 -1231.0000000000
8111 -1230.0000000000
8127 -1229.0000000000
8141 -1228.0000000000
8146 -1227.0000000000
8181 -1226.0000000000
8190 -1225.0000000000
8204 -1224.0000000000
8227 -1223.0000000000
8257 -1222.0000000000
8261 -1221.0000000000
8306 -1219.0000000000
8311 -1217.0000000000
8348 -1216.0000000000
8390 -1215.0000000000
8427 -1213.0000000000
8430 -1212.0000000000
8461 -1211.0000000000
8484 -1210.0000000000
8503 -1209.0000000000
8507 -1207.0000000000
8545 -1206.0000000000
8566 -1205.0000000000
8599 -1203.0000000000
8619 -1202.0000000000
8638 -1200.0000000000
8682 -1198.0000000000
8686 -1197.0000000000
8701 -1196.0000000000
8743 -1195.0000000000
8773 -1193.0000000000
8787 -1191.0000000000
8828 -1190.0000000000
8866 -1189.0000000000
8902 -1188.0000000000
8907 -1186.0000000000
8927 -1185.0000000000
8964 -1184.0000000000
8985 -1183.0000000000
9026 -1182.0000000000
9045 -1181.0000000000
9067 -1180.0000000000
9105 -1179.0000000000
9134 -1178.0000000000
9164 -1176.0000000000
9199 -1175.0000000000
9226 -1174.0000000000
9243 -1173.0000000000
9267 -1172.0000000000
9285 -1170.0000000000
9300 -1169.0000000000
9334 -1168.0000000000
9346 -1167.0000000000
9356 -1164.0000000000
9422 -1163.0000000000
9430 -1162.0000000000
9459 -1160.0000000000
9463 -1157.0000000000
9536 -1155.0000000000
9546 -1154.0000000000
9587 -1153.0000000000
9622 -1151.0000000000
9649 -1150.0000000000
9669 -1147.0000000000
9703 -1141.0000000000
9771 -1140.0000000000
9817 -1138.0000000000
9835 -1137.0000000000
9864 -1134.0000000000
9943 -1132.0000000000
9975 -1131.0000000000
9990 -1128.0000000000
10020 -1131.0000000000
evaluations raw_y
1 -2024.0000000000
4 -2019.0000000000
7 -1982.0000000000
16 -1980.0000000000
19 -1933.0000000000
23 -1930.0000000000
27 -1908.0000000000
65 -1899.0000000000
81 -1885.0000000000
106 -1880.0000000000
117 -1871.0000000000
133 -1858.0000000000
182 -1857.0000000000
183 -1849.0000000000
188 -1836.0000000000
222 -1822.0000000000
243 -1802.0000000000
262 -1783.0000000000
340 -1782.0000000000
346 -1779.0000000000
358 -1775.0000000000
382 -1772.0000000000
388 -1769.0000000000
398 -1766.0000000000
425 -1752.0000000000
451 -1750.0000000000
464 -1748.0000000000
470 -1744.0000000000
511 -1741.0000000000
525 -1739.0000000000
532 -1737.0000000000
542 -1726.0000000000
589 -1725.0000000000
616 -1719.0000000000
633 -1717.0000000000
635 -1714.0000000000
667 -1708.0000000000
702 -1699.0000000000
742 -1695.0000000000
798 -1691.0000000000
825 -1689.0000000000
857 -1688.0000000000
865 -1684.0000000000
901 -1678.0000000000
965 -1676.0000000000
967 -1675.0000000000
981 -1674.0000000000
1004 -1671.0000000000
1016 -1670.0000000000
1023 -1669.0000000000
1062 -1666.0000000000
1067 -1665.0000000000
1071 -1661.0000000000
1114 -1659.0000000000
1120 -1658.0000000000
1156 -1655.0000000000
1161 -1654.0000000000
1171 -1651.0000000000
1182 -1650.0000000000
1221 -1646.0000000000
1269 -1645.0000000000
1302 -1643.0000000000
1325 -1642.0000000000
1342 -1640.0000000000
1356 -1639.0000000000
1390 -1638.0000000000
1391 -1633.0000000000
1424 -1631.0000000000
1478 -1629.0000000000
1505 -1628.0000000000
1509 -1627.0000000000
1540 -1624.0000000000
1544 -1623.0000000000
1585 -1622.0000000000
1616 -1618.0000000000
1669 -1617.0000000000
1675 -1614.0000000000
1701 -1613.0000000000
1733 -1612.0000000000
1741 -1610.0000000000
1782 -1608.0000000000
1811 -1607.0000000000
1829 -1605.0000000000
1861 -1604.0000000000
1870 -1602.0000000000
1912 -1601.0000000000
1942 -1600.0000000000
1945 -1598.0000000000
1956 -1597.0000000000
1982 -1596.0000000000
2010 -1595.0000000000
2042 -1594.0000000000
2054 -1593.0000000000
2062 -1591.0000000000
2109 -1589.0000000000
2123 -1588.0000000000
2142 -1587.0000000000
2148 -1586.0000000000
2155 -1583.0000000000
2200 -1582.0000000000
2202 -1581.0000000000
2224 -1578.0000000000
2265 -1577.0000000000
2267 -1576.0000000000
2345 -1575.0000000000
2347 -1574.0000000000
2351 -1572.0000000000
2381 -1570.0000000000
2402 -1569.0000000000
2431 -1566.0000000000
2439 -1565.0000000000
2462 -1564.0000000000
2473 -1562.0000000000
2504 -1561.0000000000
2512 -1560.0000000000
2526 -1559.0000000000
2552 -1557.0000000000
2562 -1556.0000000000
2589 -1554.0000000000
2599 -1553.0000000000
2615 -1551.0000000000
2627 -1550.0000000000
2655 -1549.0000000000
2670 -1547.0000000000
2717 -1545.0000000000
2737 -1543.0000000000
2749 -1541.0000000000
2751 -1539.0000000000
2754 -1538.0000000000
2811 -1535.0000000000
2833 -1534.0000000000
2849 -1532.0000000000
2873 -1531.0000000000
2908 -1527.0000000000
2944 -1526.0000000000
2949 -1523.0000000000
3024 -1522.0000000000
3071 -1519.0000000000
3104 -1517.0000000000
3127 -1515.0000000000
3150 -1514.0000000000
3192 -1513.0000000000
3202 -1512.0000000000
3248 -1511.0000000000
3262 -1510.0000000000
3284 -1509.0000000000
3302 -1505.0000000000
3349 -1504.0000000000
3386 -1503.0000000000
3430 -1502.0000000000
3438 -1501.0000000000
3450 -1500.0000000000
3470 -1499.0000000000
3495 -1498.0000000000
3505 -1497.0000000000
3532 -1496.0000000000
3540 -1495.0000000000
3559 -1494.0000000000
3566 -1493.0000000000
3624 -1492.0000000000
3627 -1491.0000000000
3639 -1489.0000000000
3662 -1488.0000000000
3664 -1487.0000000000
3707 -1486.0000000000
3742 -1482.0000000000
3830 -1480.0000000000
3836 -1479.0000000000
3854 -1478.0000000000
3868 -1476.0000000000
3901 -1472.0000000000
3961 -1471.0000000000
3993 -1470.0000000000
3997 -1467.0000000000
4040 -1466.0000000000
4064 -1465.0000000000
4089 -1464.0000000000
4093 -1463.0000000000
4116 -1461.0000000000
4142 -1460.0000000000
4182 -1459.0000000000
4184 -1456.0000000000
4243 -1454.0000000000
4265 -1453.0000000000
4308 -1451.0000000000
4327 -1449.0000000000
4383 -1447.0000000000
4422 -1444.0000000000
4474 -1443.0000000000
4499 -1440.0000000000
4528 -1438.0000000000
4585 -1435.0000000000
4648 -1433.0000000000
4661 -1432.0000000000
4695 -1430.0000000000
4711 -1429.0000000000
4722 -1428.0000000000
4753 -1427.0000000000
4762 -1426.0000000000
4782 -1424.0000000000
4793 -1423.0000000000
4829 -1422.0000000000
4858 -1420.0000000000
4870 -1419.0000000000
4874 -1418.0000000000
4910 -1414.0000000000
4968 -1413.0000000000
4985 -1412.0000000000
5002 -1411.0000000000
5021 -1410.0000000000
5023 -1409.0000000000
5045 -1407.0000000000
5062 -1406.0000000000
5103 -1405.0000000000
5113 -1403.0000000000
5147 -1402.0000000000
5168 -1401.0000000000
5184 -1399.0000000000
5238 -1398.0000000000
5266 -1396.0000000000
5270 -1395.0000000000
5305 -1393.0000000000
5332 -1390.0000000000
5353 -1388.0000000000
5382 -1386.0000000000
5398 -1385.0000000000
5437 -1382.0000000000
5483 -1378.0000000000
5525 -1377.0000000000
5527 -1376.0000000000
5552 -1375.0000000000
5582 -1374.0000000000
5617 -1373.0000000000
5652 -1372.0000000000
5653 -1371.0000000000
5658 -1370.0000000000
5672 -1366.0000000000
5717 -1364.0000000000
5760 -1363.0000000000
5796 -1362.0000000000
5822 -1361.0000000000
5827 -1359.0000000000
5835 -1358.0000000000
5903 -1356.0000000000
5913 -1354.0000000000
5941 -1353.0000000000
5947 -1352.0000000000
5965 -1351.0000000000
5992 -1350.0000000000
6021 -1349.0000000000
6031 -1346.0000000000
6080 -1344.0000000000
6106 -1343.0000000000
6112 -1342.0000000000
6141 -1341.0000000000
6148 -1340.0000000000
6169 -1339.0000000000
6189 -1338.0000000000
6203 -1337.0000000000
6211 -1336.0000000000
6228 -1335.0000000000
6262 -1334.0000000000
6281 -1332.0000000000
6303 -1330.0000000000
6355 -1329.0000000000
6382 -1328.0000000000
6392 -1327.0000000000
6421 -1323.0000000000
6465 -1322.0000000000
6504 -1321.0000000000
6516 -1320.0000000000
6539 -1318.0000000000
6554 -1316.0000000000
6586 -1315.0000000000
6629 -1314.0000000000
6641 -1313.0000000000
6669 -1311.0000000000
6709 -1309.0000000000
6736 -1308.0000000000
6753 -1306.0000000000
6784 -1305.0000000000
6789 -1303.0000000000
6825 -1301.0000000000
6848 -1298.0000000000
6861 -1295.0000000000
6907 -1294.0000000000
6914 -1292.0000000000
6954 -1291.0000000000
7010 -1290.0000000000
7034 -1289.0000000000
7036 -1288.0000000000
7040 -1285.0000000000
7099 -1284.0000000000
7111 -1282.0000000000
7149 -1280.0000000000
7181 -1279.0000000000
7187 -1278.0000000000
7213 -1277.0000000000
7242 -1276.0000000000
7258 -1274.0000000000
7301 -1273.0000000000
7307 -1272.0000000000
7341 -1271.0000000000
7351 -1268.0000000000
7390 -1267.0000000000
7432 -1265.0000000000
7470 -1261.0000000000
7508 -1259.0000000000
7540 -1257.0000000000
7549 -1255.0000000000
7591 -1254.0000000000
7612 -1251.0000000000
7621 -1249.0000000000
7667 -1245.0000000000
7704 -1242.0000000000
7749 -1241.0000000000
7799 -1240.0000000000
7854 -1239.0000000000
7866 -1237.0000000000
7897 -1236.0000000000
7943 -1235.0000000000
7957 -1234.0000000000
7999 -1233.0000000000
8027 -1231.0000000000
8056 -1230.0000000000
8064 -1228.0000000000
8123 -1226.0000000000
8141 -1225.0000000000
8180 -1222.0000000000
8222 -1221.0000000000
8234 -1220.0000000000
8253 -1219.0000000000
8281 -1218.0000000000
8296 -1215.0000000000
8342 -1213.0000000000
8343 -1212.0000000000
8394 -1210.0000000000
8420 -1208.0000000000
8432 -1204.0000000000
8508 -1202.0000000000
8538 -1201.0000000000
8541 -1200.0000000000
8583 -1199.0000000000
8587 -1198.0000000000
8629 -1197.0000000000
8669 -1194.0000000000
8707 -1193.0000000000
8750 -1192.0000000000
8782 -1191.0000000000
8794 -1190.0000000000
8821 -1188.0000000000
8870 -1186.0000000000
8903 -1184.0000000000
8993 -1183.0000000000
8999 -1182.0000000000
9036 -1178.0000000000
9089 -1177.0000000000
9106 -1176.0000000000
9156 -1174.0000000000
9165 -1172.0000000000
9225 -1171.0000000000
9259 -1170.0000000000
9271 -1169.0000000000
9281 -1168.0000000000
9300 -1167.0000000000
9329 -1166.0000000000
9346 -1165.0000000000
9381 -1162.0000000000
9428 -1161.0000000000
9435 -1160.0000000000
9466 -1159.0000000000
9475 -1158.0000000000
9514 -1157.0000000000
9516 -1156.0000000000
9552 -1155.0000000000
9556 -1154.0000000000
9584 -1151.0000000000
9645 -1150.0000000000
9654 -1149.0000000000
9666 -1148.0000000000
9702 -1146.0000000000
9751 -1144.0000000000
9784 -1143.0000000000
9827 -1142.0000000000
9833 -1141.0000000000
9842 -1140.0000000000
9863 -1139.0000000000
9907 -1138.0000000000
9932 -1137.0000000000
9956 -1135.0000000000
9981 -1134.0000000000
10018 -1133.0000000000
10020 -1138.0000000000
evaluations raw_y
1 -2069.0000000000
2 -2038.0000000000
4 -2012.0000000000
5 -1987.0000000000
6 -1973.0000000000
24 -1961.0000000000
33 -1960.0000000000
65 -1959.0000000000
67 -1928.0000000000
101 -1927.0000000000
116 -1899.0000000000
141 -1896.0000000000
148 -1886.0000000000
188 -1875.0000000000
189 -1868.0000000000
220 -1840.0000000000
267 -1831.0000000000
293 -1822.0000000000
302 -1818.0000000000
303 -1813.0000000000
330 -1810.0000000000
342 -1802.0000000000
347 -1798.0000000000
352 -1797.0000000000
359 -1792.0000000000
382 -1791.0000000000
397 -1780.0000000000
403 -1771.0000000000
444 -1761.0000000000
450 -1757.0000000000
468 -1756.0000000000
470 -1748.0000000000
476 -1747.0000000000
518 -1743.0000000000
520 -1735.0000000000
555 -1734.0000000000
569 -1732.0000000000
576 -1726.0000000000
592 -1720.0000000000
622 -1717.0000000000
657 -1715.0000000000
665 -1704.0000000000
701 -1703.0000000000
704 -1699.0000000000
708 -1698.0000000000
711 -1693.0000000000
755 -1682.0000000000
786 -1674.0000000000
824 -1672.0000000000
827 -1671.0000000000
849 -1665.0000000000
862 -1664.0000000000
887 -1657.0000000000
934 -1651.0000000000
941 -1650.0000000000
982 -1649.0000000000
984 -1648.0000000000
986 -1647.0000000000
997 -1646.0000000000
1008 -1645.0000000000
1023 -1640.0000000000
1061 -1638.0000000000
1064 -1637.0000000000
1102 -1635.0000000000
1114 -1633.0000000000
1146 -1630.0000000000
1152 -1627.0000000000
1190 -1625.0000000000
1197 -1624.0000000000
1216 -1620.0000000000
1234 -1618.0000000000
1258 -1617.0000000000
1261 -1614.0000000000
1284 -1610.0000000000
1314 -1609.0000000000
1324 -1607.0000000000
1337 -1606.0000000000
1360 -1605.0000000000
1379 -1604.0000000000
1384 -1602.0000000000
1406 -1601.0000000000
1432 -1600.0000000000
1449 -1598.0000000000
1465 -1594.0000000000
1506 -1592.0000000000
1527 -1590.0000000000
1545 -1589.0000000000
1560 -1585.0000000000
1634 -1584.0000000000
1639 -1583.0000000000
1659 -1582.0000000000
1663 -1581.0000000000
1703 -1578.0000000000
1711 -1576.0000000000
1748 -1575.0000000000
1765 -1574.0000000000
1799 -1572.0000000000
1804 -1571.0000000000
1824 -1569.0000000000
1878 -1568.0000000000
1924 -1567.0000000000
1929 -1565.0000000000
1968 -1564.0000000000
1989 -1562.0000000000
2005 -1561.0000000000
2021 -1560.0000000000
2034 -1558.0000000000
2080 -1557.0000000000
2118 -1554.0000000000
2141 -1553.0000000000
2183 -1552.0000000000
2190 -1550.0000000000
2203 -1549.0000000000
2227 -1548.0000000000
2235 -1547.0000000000
2244 -1546.0000000000
2261 -1545.0000000000
2263 -1544.0000000000
2278 -1543.0000000000
2301 -1542.0000000000
2345 -1541.0000000000
2349 -1537.0000000000
2412 -1536.0000000000
2460 -1535.0000000000
2463 -1534.0000000000
2475 -1533.0000000000
2482 -1532.0000000000
2508 -1531.0000000000
2542 -1530.0000000000
2544 -1527.0000000000
2606 -1526.0000000000
2613 -1524.0000000000
2665 -1521.0000000000
2722 -1518.0000000000
2785 -1517.0000000000
2802 -1516.0000000000
2826 -1515.0000000000
2831 -1514.0000000000
2837 -1513.0000000000
2863 -1512.0000000000
2902 -1511.0000000000
2907 -1509.0000000000
2946 -1507.0000000000
2983 -1504.0000000000
3026 -1501.0000000000
3065 -1500.0000000000
3094 -1499.0000000000
3104 -1497.0000000000
3144 -1496.0000000000
3181 -1494.0000000000
3205 -1493.0000000000
3220 -1490.0000000000
3263 -1488.0000000000
3277 -1487.0000000000
3279 -1486.0000000000
3284 -1485.0000000000
3319 -1484.0000000000
3343 -1482.0000000000
3410 -1481.0000000000
3427 -1480.0000000000
3431 -1479.0000000000
3463 -1478.0000000000
3501 -1475.0000000000
3543 -1471.0000000000
3597 -1470.0000000000
3627 -1469.0000000000
3634 -1465.0000000000
3683 -1464.0000000000
3707 -1462.0000000000
3735 -1460.0000000000
3771 -1459.0000000000
3791 -1458.0000000000
3807 -1457.0000000000
3818 -1454.0000000000
3868 -1452.0000000000
3902 -1449.0000000000
3956 -1448.0000000000
3983 -1442.0000000000
4031 -1441.0000000000
4096 -1439.0000000000
4105 -1437.0000000000
4124 -1435.0000000000
4188 -1433.0000000000
4232 -1432.0000000000
4234 -1431.0000000000
4267 -1428.0000000000
4284 -1427.0000000000
4288 -1426.0000000000
4312 -1425.0000000000
4341 -1423.0000000000
4346 -1420.0000000000
4407 -1418.0000000000
4422 -1417.0000000000
4462 -1414.0000000000
4506 -1412.0000000000
4543 -1411.0000000000
4580 -1409.0000000000
4583 -1408.0000000000
4622 -1407.0000000000
4635 -1406.0000000000
4655 -1404.0000000000
4692 -1403.0000000000
4725 -1402.0000000000
4728 -1401.0000000000
4749 -1399.0000000000
4799 -1398.0000000000
4803 -1397.0000000000
4853 -1396.0000000000
4861 -1394.0000000000
4882 -1393.0000000000
4904 -1390.0000000000
4982 -1388.0000000000
5047 -1387.0000000000
5064 -1386.0000000000
5075 -1384.0000000000
5139 -1382.0000000000
5150 -1381.0000000000
5180 -1380.0000000000
5192 -1379.0000000000
5204 -1378.0000000000
5248 -1377.0000000000
5285 -1375.0000000000
5304 -1373.0000000000
5342 -1372.0000000000
5350 -1369.0000000000
5381 -1368.0000000000
5423 -1366.0000000000
5452 -1364.0000000000
5470 -1361.0000000000
5490 -1360.0000000000
5519 -1359.0000000000
5541 -1358.0000000000
5551 -1354.0000000000
5599 -1352.0000000000
5647 -1350.0000000000
5661 -1349.0000000000
5710 -1348.0000000000
5717 -1347.0000000000
5726 -1345.0000000000
5755 -1344.0000000000
5781 -1343.0000000000
5783 -1342.0000000000
5824 -1340.0000000000
5870 -1338.0000000000
5891 -1336.0000000000
5941 -1335.0000000000
5955 -1334.0000000000
5967 -1333.0000000000
5988 -1332.0000000000
5991 -1331.0000000000
6039 -1329.0000000000
6075 -1326.0000000000
6104 -1325.0000000000
6111 -1324.0000000000
6144 -1321.0000000000
6197 -1320.0000000000
6201 -1319.0000000000
6235 -1316.0000000000
6266 -1315.0000000000
6270 -1313.0000000000
6301 -1311.0000000000
6323 -1310.0000000000
6343 -1308.0000000000
6396 -1307.0000000000
6429 -1303.0000000000
6463 -1300.0000000000
6511 -1297.0000000000
6558 -1295.0000000000
6608 -1294.0000000000
6624 -1293.0000000000
6638 -1291.0000000000
6653 -1290.0000000000
6670 -1289.0000000000
6694 -1288.0000000000
6701 -1286.0000000000
6744 -1285.0000000000
6793 -1283.0000000000
6837 -1278.0000000000
6877 -1277.0000000000
6923 -1275.0000000000
6942 -1274.0000000000
6982 -1273.0000000000
6991 -1272.0000000000
7031 -1271.0000000000
7051 -1270.0000000000
7067 -1269.0000000000
7089 -1267.0000000000
7112 -1265.0000000000
7181 -1264.0000000000
7194 -1263.0000000000
7197 -1262.0000000000
7224 -1261.0000000000
7250 -1259.0000000000
7261 -1258.0000000000
7290 -1257.0000000000
7310 -1256.0000000000
7344 -1254.0000000000
7364 -1253.0000000000
7391 -1252.0000000000
7432 -1251.0000000000
7435 -1250.0000000000
7462 -1247.0000000000
7507 -1244.0000000000
7549 -1243.0000000000
7582 -1242.0000000000
7599 -1241.0000000000
7618 -1240.0000000000
7629 -1239.0000000000
7669 -1237.0000000000
7687 -1236.0000000000
7716 -1235.0000000000
7776 -1234.0000000000
7781 -1232.0000000000
7836 -1230.0000000000
7865 -1229.0000000000
7870 -1228.0000000000
7885 -1227.0000000000
7905 -1226.0000000000
7924 -1225.0000000000
7938 -1224.0000000000
7945 -1223.0000000000
7965 -1222.0000000000
7994 -1221.0000000000
7998 -1220.0000000000
8025 -1217.0000000000
8068 -1216.0000000000
8101 -1215.0000000000
8106 -1213.0000000000
8183 -1212.0000000000
8184 -1211.0000000000
8186 -1210.0000000000
8224 -1207.0000000000
8263 -1205.0000000000
8278 -1204.0000000000
8306 -1201.0000000000
8344 -1199.0000000000
8397 -1198.0000000000
8423 -1196.0000000000
8462 -1194.0000000000
8510 -1189.0000000000
8597 -1188.0000000000
8628 -1187.0000000000
8660 -1186.0000000000
8698 -1185.0000000000
8710 -1184.0000000000
8737 -1182.0000000000
8781 -1179.0000000000
8830 -1177.0000000000
8871 -1176.0000000000
8907 -1173.0000000000
8928 -1172.0000000000
8941 -1170.0000000000
8971 -1169.0000000000
8987 -1168.0000000000
8989 -1167.0000000000
9007 -1166.0000000000
9065 -1165.0000000000
9079 -1164.0000000000
9081 -1163.0000000000
9134 -1162.0000000000
9135 -1161.0000000000
9142 -1160.0000000000
9145 -1157.0000000000
9199 -1156.0000000000
9223 -1155.0000000000
9270 -1154.0000000000
9302 -1152.0000000000
9303 -1150.0000000000
9348 -1149.0000000000
9369 -1148.0000000000
9403 -1146.0000000000
9435 -1145.0000000000
9463 -1144.0000000000
9492 -1141.0000000000
9509 -1140.0000000000
9548 -1139.0000000000
9581 -1136.0000000000
9667 -1135.0000000000
9680 -1134.0000000000
9721 -1133.0000000000
9748 -1132.0000000000
9782 -1130.0000000000
9867 -1128.0000000000
9895 -1127.0000000000
9906 -1125.0000000000
9931 -1124.0000000000
9950 -1123.0000000000
9977 -1122.0000000000
10020 -1125.0000000000
evaluations raw_y
1 -2002.0000000000
3 -1973.0000000000
7 -1970.0000000000
8 -1936.0000000000
20 -1926.0000000000
35 -1924.0000000000
44 -1917.0000000000
57 -1907.0000000000
63 -1900.0000000000
72 -1892.0000000000
78 -1849.0000000000
145 -1843.0000000000
164 -1832.0000000000
183 -1826.0000000000
185 -1823.0000000000
209 -1822.0000000000
217 -1819.0000000000
224 -1808.0000000000
235 -1807.0000000000
240 -1802.0000000000
242 -1796.0000000000
267 -1786.0000000000
285 -1781.0000000000
302 -1777.0000000000
314 -1776.0000000000
335 -1772.0000000000
341 -1766.0000000000
352 -1762.0000000000
357 -1760.0000000000
384 -1744.0000000000
424 -1739.0000000000
431 -1725.0000000000
493 -1724.0000000000
505 -1723.0000000000
512 -1713.0000000000
551 -1708.0000000000
582 -1707.0000000000
587 -1706.0000000000
593 -1703.0000000000
602 -1700.0000000000
627 -1697.0000000000
636 -1694.0000000000
643 -1692.0000000000
675 -1683.0000000000
712 -1680.0000000000
721 -1677.0000000000
741 -1676.0000000000
744 -1675.0000000000
789 -1674.0000000000
792 -1673.0000000000
818 -1669.0000000000
827 -1668.0000000000
849 -1667.0000000000
875 -1666.0000000000
878 -1665.0000000000
883 -1664.0000000000
898 -1663.0000000000
907 -1661.0000000000
941 -1656.0000000000
990 -1655.0000000000
1005 -1654.0000000000
1022 -1653.0000000000
1051 -1649.0000000000
1074 -1646.0000000000
1122 -1645.0000000000
1130 -1643.0000000000
1152 -1642.0000000000
1184 -1641.0000000000
1185 -1639.0000000000
1222 -1638.0000000000
1227 -1636.0000000000
1280 -1635.0000000000
1306 -1631.0000000000
1348 -1629.0000000000
1382 -1626.0000000000
1424 -1625.0000000000
1427 -1624.0000000000
1443 -1622.0000000000
1466 -1621.0000000000
1470 -1620.0000000000
1501 -1618.0000000000
1521 -1616.0000000000
1582 -1615.0000000000
1589 -1614.0000000000
1599 -1612.0000000000
1625 -1609.0000000000
1662 -1608.0000000000
1677 -1607.0000000000
1691 -1606.0000000000
1708 -1604.0000000000
1714 -1603.0000000000
1751 -1602.0000000000
1768 -1600.0000000000
1793 -1599.0000000000
1815 -1598.0000000000
1831 -1596.0000000000
1854 -1595.0000000000
1872 -1594.0000000000
1898 -1593.0000000000
1907 -1590.0000000000
1950 -1587.0000000000
1991 -1586.0000000000
2005 -1584.0000000000
2021 -1580.0000000000
2106 -1575.0000000000
2157 -1574.0000000000
2182 -1572.0000000000
2222 -1571.0000000000
2229 -1570.0000000000
2269 -1568.0000000000
2291 -1567.0000000000
2308 -1565.0000000000
2346 -1564.0000000000
2349 -1561.0000000000
2383 -1560.0000000000
2426 -1558.0000000000
2427 -1554.0000000000
2501 -1553.0000000000
2504 -1552.0000000000
2536 -1551.0000000000
2547 -1550.0000000000
2551 -1548.0000000000
2581 -1547.0000000000
2597 -1546.0000000000
2621 -1542.0000000000
2688 -1541.0000000000
2697 -1540.0000000000
2704 -1539.0000000000
2743 -1537.0000000000
2774 -1536.0000000000
2781 -1534.0000000000
2821 -1532.0000000000
2874 -1530.0000000000
2899 -1529.0000000000
2909 -1526.0000000000
2927 -1523.0000000000
2977 -1521.0000000000
2995 -1520.0000000000
3005 -1519.0000000000
3028 -1517.0000000000
3064 -1515.0000000000
3101 -1513.0000000000
3129 -1512.0000000000
3141 -1510.0000000000
3148 -1508.0000000000
3187 -1507.0000000000
3224 -1505.0000000000
3227 -1504.0000000000
3261 -1502.0000000000
3265 -1500.0000000000
3344 -1499.0000000000
3367 -1498.0000000000
3369 -1497.0000000000
3391 -1494.0000000000
3441 -1493.0000000000
3464 -1492.0000000000
3475 -1489.0000000000
3482 -1488.0000000000
3509 -1486.0000000000
3580 -1483.0000000000
3616 -1482.0000000000
3625 -1480.0000000000
3664 -1477.0000000000
3666 -1476.0000000000
3702 -1475.0000000000
3710 -1471.0000000000
3790 -1470.0000000000
3804 -1466.0000000000
3852 -1464.0000000000
3898 -1463.0000000000
3911 -1462.0000000000
3925 -1459.0000000000
3956 -1458.0000000000
3990 -1455.0000000000
4040 -1454.0000000000
4065 -1452.0000000000
4101 -1450.0000000000
4141 -1448.0000000000
4181 -1447.0000000000
4192 -1445.0000000000
4208 -1444.0000000000
4219 -1443.0000000000
4224 -1442.0000000000
4229 -1441.0000000000
4241 -1440.0000000000
4264 -1436.0000000000
4346 -1435.0000000000
4348 -1433.0000000000
4385 -1426.0000000000
4505 -1424.0000000000
4542 -1421.0000000000
4596 -1419.0000000000
4613 -1418.0000000000
4642 -1416.0000000000
4652 -1414.0000000000
4666 -1413.0000000000
4723 -1412.0000000000
4766 -1411.0000000000
4779 -1410.0000000000
4783 -1409.0000000000
4828 -1408.0000000000
4835 -1407.0000000000
4841 -1406.0000000000
4866 -1405.0000000000
4872 -1404.0000000000
4905 -1403.0000000000
4936 -1402.0000000000
4943 -1401.0000000000
4971 -1399.0000000000
5014 -1398.0000000000
5027 -1396.0000000000
5043 -1394.0000000000
5072 -1393.0000000000
5075 -1392.0000000000
5105 -1391.0000000000
5136 -1389.0000000000
5158 -1387.0000000000
5188 -1386.0000000000
5196 -1385.0000000000
5203 -1384.0000000000
5222 -1382.0000000000
5229 -1381.0000000000
5248 -1380.0000000000
5282 -1378.0000000000
5285 -1376.0000000000
5325 -1375.0000000000
5363 -1374.0000000000
5384 -1373.0000000000
5387 -1372.0000000000
5430 -1370.0000000000
5438 -1369.0000000000
5460 -1368.0000000000
5467 -1367.0000000000
5469 -1366.0000000000
5504 -1365.0000000000
5519 -1363.0000000000
5547 -1362.0000000000
5565 -1361.0000000000
5594 -1357.0000000000
5646 -1356.0000000000
5667 -1355.0000000000
5675 -1354.0000000000
5706 -1351.0000000000
5747 -1350.0000000000
5775 -1349.0000000000
5781 -1347.0000000000
5792 -1345.0000000000
5844 -1344.0000000000
5845 -1343.0000000000
5861 -1342.0000000000
5866 -1339.0000000000
5936 -1338.0000000000
5942 -1337.0000000000
5977 -1335.0000000000
5987 -1334.0000000000
5990 -1333.0000000000
6041 -1332.0000000000
6061 -1329.0000000000
6129 -1328.0000000000
6144 -1327.0000000000
6180 -1326.0000000000
6189 -1325.0000000000
6212 -1324.0000000000
6228 -1322.0000000000
6261 -1321.0000000000
6283 -1319.0000000000
6305 -1318.0000000000
6348 -1317.0000000000
6353 -1316.0000000000
6384 -1315.0000000000
6393 -1314.0000000000
6399 -1313.0000000000
6421 -1312.0000000000
6448 -1310.0000000000
6461 -1309.0000000000
6503 -1308.0000000000
6510 -1306.0000000000
6558 -1303.0000000000
6591 -1301.0000000000
6601 -1300.0000000000
6605 -1299.0000000000
6662 -1298.0000000000
6681 -1294.0000000000
6719 -1293.0000000000
6734 -1292.0000000000
6741 -1291.0000000000
6781 -1290.0000000000
6788 -1288.0000000000
6840 -1287.0000000000
6841 -1286.0000000000
6863 -1285.0000000000
6890 -1284.0000000000
6924 -1283.0000000000
6943 -1282.0000000000
6964 -1280.0000000000
6999 -1279.0000000000
7021 -1278.0000000000
7030 -1277.0000000000
7036 -1276.0000000000
7062 -1275.0000000000
7086 -1272.0000000000
7111 -1270.0000000000
7141 -1268.0000000000
7178 -1267.0000000000
7186 -1266.0000000000
7191 -1265.0000000000
7224 -1263.0000000000
7271 -1261.0000000000
7283 -1259.0000000000
7307 -1258.0000000000
7343 -1257.0000000000
7369 -1255.0000000000
7417 -1251.0000000000
7441 -1250.0000000000
7474 -1248.0000000000
7476 -1247.0000000000
7516 -1246.0000000000
7534 -1244.0000000000
7551 -1243.0000000000
7594 -1242.0000000000
7620 -1240.0000000000
7622 -1239.0000000000
7684 -1238.0000000000
7702 -1237.0000000000
7710 -1236.0000000000
7744 -1234.0000000000
7756 -1230.0000000000
7784 -1228.0000000000
7827 -1226.0000000000
7869 -1225.0000000000
7893 -1223.0000000000
7924 -1222.0000000000
7949 -1220.0000000000
7983 -1219.0000000000
7986 -1218.0000000000
7993 -1217.0000000000
8025 -1214.0000000000
8078 -1213.0000000000
8103 -1212.0000000000
8132 -1210.0000000000
8148 -1209.0000000000
8164 -1208.0000000000
8197 -1206.0000000000
8214 -1204.0000000000
8224 -1203.0000000000
8232 -1202.0000000000
8261 -1201.0000000000
8307 -1199.0000000000
8343 -1197.0000000000
8374 -1196.0000000000
8388 -1195.0000000000
8390 -1194.0000000000
8422 -1193.0000000000
8448 -1189.0000000000
8461 -1188.0000000000
8501 -1182.0000000000
8570 -1181.0000000000
8588 -1180.0000000000
8613 -1179.0000000000
8652 -1177.0000000000
8694 -1175.0000000000
8726 -1174.0000000000
8743 -1173.0000000000
8782 -1171.0000000000
8833 -1170.0000000000
8841 -1169.0000000000
8863 -1168.0000000000
8892 -1167.0000000000
8913 -1166.0000000000
8945 -1164.0000000000
8952 -1162.0000000000
8987 -1160.0000000000
9068 -1159.0000000000
9072 -1158.0000000000
9099 -1155.0000000000
9143 -1154.0000000000
9151 -1153.0000000000
9153 -1152.0000000000
9206 -1151.0000000000
9223 -1150.0000000000
9234 -1149.0000000000
9263 -1148.0000000000
9282 -1147.0000000000
9306 -1146.0000000000
9347 -1143.0000000000
9388 -1142.0000000000
9417 -1141.0000000000
9428 -1140.0000000000
9468 -1138.0000000000
9470 -1137.0000000000
9507 -1136.0000000000
9510 -1135.0000000000
9558 -1134.0000000000
9566 -1132.0000000000
9604 -1129.0000000000
9664 -1128.0000000000
9669 -1123.0000000000
9707 -1122.0000000000
9768 -1120.0000000000
9826 -1119.0000000000
9834 -1118.0000000000
9868 -1116.0000000000
9915 -1114.0000000000
9953 -1113.0000000000
9985 -1112.0000000000
10003 -1111.0000000000
10020 -1115.0000000000
evaluations raw_y
1 -1980.0000000000
2 -1942.0000000000
12 -1929.0000000000
29 -1922.0000000000
33 -1917.0000000000
79 -1884.0000000000
121 -1879.0000000000
135 -1867.0000000000
145 -1866.0000000000
155 -1855.0000000000
181 -1844.0000000000
220 -1826.0000000000
258 -1824.0000000000
266 -1815.0000000000
278 -1803.0000000000
301 -1793.0000000000
326 -1776.0000000000
351 -1762.0000000000
382 -1758.0000000000
384 -1750.0000000000
421 -1741.0000000000
427 -1739.0000000000
473 -1732.0000000000
485 -1729.0000000000
500 -1726.0000000000
508 -1722.0000000000
546 -1707.0000000000
583 -1702.0000000000
586 -1701.0000000000
612 -1700.0000000000
638 -1699.0000000000
647 -1698.0000000000
654 -1692.0000000000
665 -1691.0000000000
694 -1684.0000000000
717 -1679.0000000000
724 -1678.0000000000
747 -1677.0000000000
757 -1676.0000000000
759 -1673.0000000000
781 -1668.0000000000
783 -1665.0000000000
829 -1663.0000000000
833 -1660.0000000000
844 -1658.0000000000
867 -1657.0000000000
873 -1651.0000000000
905 -1648.0000000000
916 -1645.0000000000
947 -1644.0000000000
964 -1642.0000000000
981 -1641.0000000000
993 -1640.0000000000
1017 -1639.0000000000
1022 -1638.0000000000
1023 -1636.0000000000
1031 -1635.0000000000
1060 -1634.0000000000
1066 -1633.0000000000
1085 -1631.0000000000
1090 -1630.0000000000
1101 -1625.0000000000
1140 -1624.0000000000
1160 -1623.0000000000
1181 -1622.0000000000
1189 -1621.0000000000
1200 -1620.0000000000
1212 -1619.0000000000
1222 -1617.0000000000
1228 -1615.0000000000
1264 -1609.0000000000
1335 -1607.0000000000
1378 -1604.0000000000
1390 -1603.0000000000
1424 -1602.0000000000
1438 -1600.0000000000
1467 -1599.0000000000
1492 -1597.0000000000
1502 -1593.0000000000
1545 -1592.0000000000
1556 -1591.0000000000
1584 -1588.0000000000
1629 -1587.0000000000
1662 -1585.0000000000
1674 -1583.0000000000
1718 -1582.0000000000
1748 -1581.0000000000
1761 -1580.0000000000
1780 -1579.0000000000
1794 -1578.0000000000
1816 -1577.0000000000
1832 -1575.0000000000
1860 -1574.0000000000
1869 -1572.0000000000
1902 -1571.0000000000
1910 -1570.0000000000
1966 -1568.0000000000
1982 -1567.0000000000
1984 -1566.0000000000
2025 -1561.0000000000
2063 -1560.0000000000
2085 -1557.0000000000
2142 -1556.0000000000
2156 -1554.0000000000
2186 -1553.0000000000
2222 -1551.0000000000
2261 -1550.0000000000
2288 -1549.0000000000
2297 -1548.0000000000
2305 -1544.0000000000
2382 -1543.0000000000
2403 -1542.0000000000
2414 -1540.0000000000
2452 -1538.0000000000
2463 -1537.0000000000
2466 -1535.0000000000
2490 -1534.0000000000
2512 -1528.0000000000
2588 -1526.0000000000
2609 -1525.0000000000
2625 -1524.0000000000
2630 -1523.0000000000
2662 -1522.0000000000
2680 -1521.0000000000
2715 -1520.0000000000
2724 -1519.0000000000
2743 -1518.0000000000
2758 -1517.0000000000
2791 -1516.0000000000
2816 -1515.0000000000
2823 -1514.0000000000
2826 -1512.0000000000
2876 -1509.0000000000
2913 -1507.0000000000
2945 -1506.0000000000
2958 -1504.0000000000
2989 -1502.0000000000
3032 -1501.0000000000
3044 -1500.0000000000
3079 -1499.0000000000
3101 -1497.0000000000
3110 -1496.0000000000
3142 -1493.0000000000
3208 -1491.0000000000
3240 -1490.0000000000
3248 -1488.0000000000
3265 -1487.0000000000
3280 -1486.0000000000
3295 -1485.0000000000
3308 -1484.0000000000
3326 -1483.0000000000
3346 -1481.0000000000
3356 -1480.0000000000
3420 -1478.0000000000
3441 -1477.0000000000
3462 -1476.0000000000
3474 -1475.0000000000
3505 -1471.0000000000
3518 -1469.0000000000
3582 -1467.0000000000
3609 -1466.0000000000
3632 -1465.0000000000
3652 -1464.0000000000
3670 -1463.0000000000
3689 -1462.0000000000
3710 -1459.0000000000
3722 -1458.0000000000
3752 -1457.0000000000
3782 -1455.0000000000
3821 -1454.0000000000
3856 -1453.0000000000
3866 -1449.0000000000
3901 -1448.0000000000
3935 -1447.0000000000
3941 -1446.0000000000
3981 -1443.0000000000
3989 -1441.0000000000
4021 -1440.0000000000
4064 -1439.0000000000
4074 -1438.0000000000
4108 -1437.0000000000
4143 -1436.0000000000
4149 -1435.0000000000
4198 -1434.0000000000
4203 -1433.0000000000
4228 -1432.0000000000
4238 -1429.0000000000
4270 -1428.0000000000
4301 -1427.0000000000
4312 -1426.0000000000
4317 -1425.0000000000
4341 -1424.0000000000
4355 -1423.0000000000
4379 -1422.0000000000
4387 -1421.0000000000
4392 -1420.0000000000
4425 -1419.0000000000
4427 -1417.0000000000
4438 -1416.0000000000
4471 -1414.0000000000
4502 -1413.0000000000
4535 -1411.0000000000
4545 -1409.0000000000
4599 -1408.0000000000
4601 -1407.0000000000
4603 -1405.0000000000
4622 -1400.0000000000
4684 -1399.0000000000
4696 -1398.0000000000
4702 -1395.0000000000
4758 -1394.0000000000
4771 -1393.0000000000
4791 -1391.0000000000
4849 -1390.0000000000
4867 -1388.0000000000
4919 -1387.0000000000
4950 -1385.0000000000
4984 -1381.0000000000
4992 -1380.0000000000
5024 -1378.0000000000
5068 -1377.0000000000
5070 -1374.0000000000
5103 -1373.0000000000
5148 -1369.0000000000
5183 -1368.0000000000
5224 -1367.0000000000
5226 -1366.0000000000
5272 -1365.0000000000
5278 -1364.0000000000
5300 -1362.0000000000
5306 -1361.0000000000
5311 -1359.0000000000
5343 -1357.0000000000
5385 -1355.0000000000
5401 -1354.0000000000
5424 -1353.0000000000
5459 -1352.0000000000
5469 -1351.0000000000
5476 -1350.0000000000
5505 -1348.0000000000
5542 -1347.0000000000
5555 -1346.0000000000
5616 -1345.0000000000
5628 -1344.0000000000
5667 -1342.0000000000
5701 -1339.0000000000
5720 -1337.0000000000
5723 -1335.0000000000
5787 -1333.0000000000
5804 -1332.0000000000
5838 -1328.0000000000
5879 -1326.0000000000
5923 -1325.0000000000
5945 -1324.0000000000
5968 -1323.0000000000
5981 -1322.0000000000
5987 -1321.0000000000
6025 -1319.0000000000
6047 -1318.0000000000
6062 -1316.0000000000
6089 -1315.0000000000
6144 -1313.0000000000
6192 -1312.0000000000
6203 -1311.0000000000
6221 -1310.0000000000
6239 -1309.0000000000
6270 -1308.0000000000
6273 -1307.0000000000
6316 -1306.0000000000
6321 -1304.0000000000
6365 -1303.0000000000
6383 -1301.0000000000
6423 -1300.0000000000
6425 -1299.0000000000
6470 -1296.0000000000
6508 -1295.0000000000
6549 -1294.0000000000
6557 -1292.0000000000
6608 -1291.0000000000
6628 -1290.0000000000
6629 -1289.0000000000
6648 -1287.0000000000
6689 -1285.0000000000
6708 -1284.0000000000
6743 -1283.0000000000
6761 -1282.0000000000
6765 -1280.0000000000
6795 -1277.0000000000
6860 -1276.0000000000
6871 -1275.0000000000
6914 -1272.0000000000
6950 -1269.0000000000
6994 -1268.0000000000
7009 -1267.0000000000
7025 -1265.0000000000
7063 -1263.0000000000
7102 -1262.0000000000
7115 -1261.0000000000
7141 -1260.0000000000
7168 -1259.0000000000
7170 -1258.0000000000
7189 -1257.0000000000
7191 -1256.0000000000
7221 -1254.0000000000
7263 -1252.0000000000
7297 -1249.0000000000
7352 -1247.0000000000
7383 -1245.0000000000
7390 -1243.0000000000
7422 -1242.0000000000
7430 -1240.0000000000
7481 -1239.0000000000
7505 -1238.0000000000
7518 -1236.0000000000
7526 -1235.0000000000
7545 -1233.0000000000
7588 -1232.0000000000
7623 -1231.0000000000
7662 -1229.0000000000
7705 -1228.0000000000
7728 -1227.0000000000
7738 -1225.0000000000
7785 -1224.0000000000
7793 -1222.0000000000
7822 -1221.0000000000
7833 -1219.0000000000
7885 -1218.0000000000
7919 -1217.0000000000
7941 -1213.0000000000
7982 -1212.0000000000
8024 -1211.0000000000
8040 -1210.0000000000
8066 -1209.0000000000
8072 -1208.0000000000
8129 -1207.0000000000
8143 -1205.0000000000
8182 -1203.0000000000
8234 -1202.0000000000
8243 -1201.0000000000
8271 -1200.0000000000
8307 -1199.0000000000
8311 -1198.0000000000
8337 -1197.0000000000
8342 -1196.0000000000
8378 -1195.0000000000
8381 -1194.0000000000
8390 -1193.0000000000
8396 -1191.0000000000
8401 -1190.0000000000
8445 -1189.0000000000
8484 -1187.0000000000
8504 -1184.0000000000
8560 -1183.0000000000
8596 -1182.0000000000
8619 -1180.0000000000
8624 -1179.0000000000
8631 -1178.0000000000
8664 -1176.0000000000
8683 -1174.0000000000
8731 -1172.0000000000
8759 -1171.0000000000
8773 -1170.0000000000
8796 -1169.0000000000
8809 -1168.0000000000
8835 -1167.0000000000
8875 -1165.0000000000
8904 -1162.0000000000
8972 -1160.0000000000
8986 -1159.0000000000
9029 -1158.0000000000
9067 -1156.0000000000
9127 -1155.0000000000
9147 -1153.0000000000
9182 -1152.0000000000
9225 -1151.0000000000
9240 -1150.0000000000
9262 -1149.0000000000
9270 -1148.0000000000
9311 -1147.0000000000
9346 -1145.0000000000
9388 -1144.0000000000
9394 -1143.0000000000
9405 -1142.0000000000
9427 -1139.0000000000
9501 -1138.0000000000
9512 -1136.0000000000
9541 -1134.0000000000
9593 -1133.0000000000
9622 -1132.0000000000
9654 -1131.0000000000
9680 -1130.0000000000
9706 -1129.0000000000
9737 -1128.0000000000
9780 -1127.0000000000
9785 -1126.0000000000
9792 -1125.0000000000
9824 -1123.0000000000
9840 -1122.0000000000
9875 -1120.0000000000
9924 -1119.0000000000
9938 -1118.0000000000
9948 -1116.0000000000
9953 -1115.0000000000
9972 -1114.0000000000
10016 -1113.0000000000
10020 -1122.0000000000
evaluations raw_y
1 -1958.0000000000
4 -1952.0000000000
11 -1948.0000000000
25 -1932.0000000000
43 -1898.0000000000
107 -1892.0000000000
114 -1862.0000000000
145 -1852.0000000000
166 -1844.0000000000
186 -1831.0000000000
204 -1830.0000000000
229 -1829.0000000000
238 -1809.0000000000
264 -1802.0000000000
277 -1785.0000000000
316 -1776.0000000000
341 -1770.0000000000
358 -1766.0000000000
383 -1765.0000000000
385 -1752.0000000000
422 -1749.0000000000
426 -1728.0000000000
505 -1723.0000000000
507 -1711.0000000000
541 -1708.0000000000
581 -1705.0000000000
584 -1701.0000000000
625 -1700.0000000000
636 -1693.0000000000
662 -1692.0000000000
667 -1688.0000000000
674 -1686.0000000000
698 -1685.0000000000
703 -1684.0000000000
704 -1683.0000000000
712 -1682.0000000000
744 -1678.0000000000
750 -1675.0000000000
789 -1674.0000000000
795 -1670.0000000000
823 -1669.0000000000
837 -1668.0000000000
845 -1665.0000000000
861 -1661.0000000000
908 -1659.0000000000
911 -1653.0000000000
953 -1650.0000000000
962 -1649.0000000000
991 -1644.0000000000
1025 -1642.0000000000
1070 -1641.0000000000
1072 -1637.0000000000
1102 -1634.0000000000
1147 -1631.0000000000
1151 -1628.0000000000
1200 -1627.0000000000
1224 -1626.0000000000
1225 -1622.0000000000
1265 -1621.0000000000
1296 -1620.0000000000
1305 -1619.0000000000
1317 -1617.0000000000
1328 -1615.0000000000
1346 -1614.0000000000
1382 -1613.0000000000
1390 -1612.0000000000
1414 -1611.0000000000
1422 -1609.0000000000
1462 -1608.0000000000
1487 -1607.0000000000
1503 -1606.0000000000
1521 -1605.0000000000
1544 -1604.0000000000
1549 -1601.0000000000
1583 -1596.0000000000
1650 -1595.0000000000
1662 -1593.0000000000
1715 -1589.0000000000
1753 -1588.0000000000
1783 -1587.0000000000
1793 -1586.0000000000
1795 -1585.0000000000
1817 -1584.0000000000
1827 -1583.0000000000
1883 -1581.0000000000
1911 -1580.0000000000
1913 -1579.0000000000
1950 -1578.0000000000
1961 -1577.0000000000
1979 -1576.0000000000
1985 -1575.0000000000
2008 -1574.0000000000
2023 -1572.0000000000
2027 -1569.0000000000
2081 -1568.0000000000
2085 -1566.0000000000
2113 -1564.0000000000
2156 -1562.0000000000
2167 -1560.0000000000
2188 -1559.0000000000
2226 -1557.0000000000
2262 -1553.0000000000
2306 -1551.0000000000
2353 -1550.0000000000
2382 -1549.0000000000
2391 -1548.0000000000
2393 -1545.0000000000
2462 -1544.0000000000
2482 -1541.0000000000
2504 -1540.0000000000
2508 -1537.0000000000
2543 -1536.0000000000
2558 -1535.0000000000
2591 -1533.0000000000
2604 -1532.0000000000
2613 -1531.0000000000
2629 -1530.0000000000
2630 -1529.0000000000
2645 -1527.0000000000
2704 -1526.0000000000
2716 -1524.0000000000
2741 -1521.0000000000
2781 -1519.0000000000
2824 -1517.0000000000
2848 -1516.0000000000
2869 -1515.0000000000
2901 -1514.0000000000
2906 -1513.0000000000
2946 -1512.0000000000
2956 -1511.0000000000
2995 -1508.0000000000
3021 -1505.0000000000
3106 -1504.0000000000
3107 -1503.0000000000
3144 -1502.0000000000
3177 -1500.0000000000
3188 -1499.0000000000
3229 -1498.0000000000
3236 -1497.0000000000
3237 -1495.0000000000
3264 -1494.0000000000
3267 -1493.0000000000
3307 -1492.0000000000
3323 -1491.0000000000
3344 -1490.0000000000
3360 -1488.0000000000
3382 -1487.0000000000
3389 -1486.0000000000
3395 -1484.0000000000
3428 -1482.0000000000
3434 -1481.0000000000
3468 -1480.0000000000
3486 -1478.0000000000
3492 -1477.0000000000
3504 -1475.0000000000
3546 -1473.0000000000
3581 -1471.0000000000
3594 -1470.0000000000
3598 -1469.0000000000
3624 -1468.0000000000
3670 -1467.0000000000
3684 -1466.0000000000
3706 -1462.0000000000
3763 -1458.0000000000
3803 -1457.0000000000
3821 -1456.0000000000
3862 -1453.0000000000
3903 -1452.0000000000
3929 -1450.0000000000
3944 -1448.0000000000
3989 -1446.0000000000
4025 -1444.0000000000
4033 -1443.0000000000
4089 -1441.0000000000
4103 -1440.0000000000
4119 -1439.0000000000
4141 -1437.0000000000
4181 -1436.0000000000
4188 -1435.0000000000
4192 -1433.0000000000
4231 -1432.0000000000
4265 -1431.0000000000
4269 -1430.0000000000
4282 -1428.0000000000
4308 -1427.0000000000
4321 -1425.0000000000
4341 -1422.0000000000
4381 -1421.0000000000
4434 -1420.0000000000
4461 -1419.0000000000
4475 -1418.0000000000
4485 -1417.0000000000
4508 -1416.0000000000
4530 -1415.0000000000
4542 -1412.0000000000
4584 -1410.0000000000
4594 -1408.0000000000
4621 -1407.0000000000
4665 -1404.0000000000
4677 -1401.0000000000
4726 -1399.0000000000
4742 -1397.0000000000
4797 -1395.0000000000
4822 -1394.0000000000
4824 -1392.0000000000
4878 -1391.0000000000
4885 -1390.0000000000
4902 -1389.0000000000
4927 -1384.0000000000
4988 -1382.0000000000
5027 -1381.0000000000
5042 -1380.0000000000
5065 -1379.0000000000
5080 -1378.0000000000
5090 -1377.0000000000
5111 -1376.0000000000
5143 -1375.0000000000
5148 -1374.0000000000
5185 -1372.0000000000
5221 -1370.0000000000
5277 -1369.0000000000
5300 -1368.0000000000
5318 -1366.0000000000
5346 -1364.0000000000
5400 -1362.0000000000
5419 -1360.0000000000
5429 -1359.0000000000
5434 -1358.0000000000
5471 -1357.0000000000
5474 -1356.0000000000
5492 -1352.0000000000
5558 -1350.0000000000
5582 -1349.0000000000
5602 -1347.0000000000
5640 -1344.0000000000
5699 -1343.0000000000
5707 -1342.0000000000
5741 -1341.0000000000
5757 -1340.0000000000
5802 -1339.0000000000
5804 -1338.0000000000
5808 -1337.0000000000
5823 -1336.0000000000
5828 -1335.0000000000
5861 -1333.0000000000
5907 -1332.0000000000
5918 -1331.0000000000
5942 -1330.0000000000
5954 -1328.0000000000
5997 -1327.0000000000
6031 -1323.0000000000
6068 -1322.0000000000
6085 -1321.0000000000
6103 -1320.0000000000
6110 -1317.0000000000
6159 -1315.0000000000
6182 -1314.0000000000
6235 -1312.0000000000
6266 -1311.0000000000
6274 -1309.0000000000
6298 -1308.0000000000
6303 -1307.0000000000
6355 -1306.0000000000
6363 -1305.0000000000
6381 -1304.0000000000
6390 -1303.0000000000
6423 -1301.0000000000
6463 -1300.0000000000
6508 -1298.0000000000
6567 -1297.0000000000
6589 -1296.0000000000
6635 -1293.0000000000
6673 -1292.0000000000
6723 -1291.0000000000
6730 -1290.0000000000
6751 -1289.0000000000
6766 -1287.0000000000
6817 -1286.0000000000
6832 -1281.0000000000
6903 -1280.0000000000
6944 -1278.0000000000
6999 -1277.0000000000
7020 -1276.0000000000
7034 -1275.0000000000
7060 -1274.0000000000
7062 -1273.0000000000
7063 -1272.0000000000
7102 -1269.0000000000
7127 -1268.0000000000
7147 -1267.0000000000
7183 -1266.0000000000
7208 -1264.0000000000
7269 -1261.0000000000
7327 -1260.0000000000
7335 -1258.0000000000
7343 -1257.0000000000
7392 -1256.0000000000
7401 -1255.0000000000
7439 -1253.0000000000
7461 -1251.0000000000
7512 -1248.0000000000
7542 -1247.0000000000
7621 -1246.0000000000
7629 -1245.0000000000
7651 -1244.0000000000
7679 -1243.0000000000
7690 -1241.0000000000
7742 -1240.0000000000
7755 -1238.0000000000
7789 -1236.0000000000
7802 -1234.0000000000
7838 -1233.0000000000
7861 -1232.0000000000
7867 -1231.0000000000
7902 -1229.0000000000
7948 -1228.0000000000
7963 -1227.0000000000
7990 -1224.0000000000
8049 -1223.0000000000
8062 -1222.0000000000
8071 -1221.0000000000
8102 -1220.0000000000
8114 -1219.0000000000
8154 -1217.0000000000
8162 -1216.0000000000
8182 -1215.0000000000
8223 -1214.0000000000
8227 -1213.0000000000
8230 -1212.0000000000
8274 -1210.0000000000
8302 -1209.0000000000
8334 -1208.0000000000
8349 -1205.0000000000
8352 -1204.0000000000
8390 -1203.0000000000
8425 -1202.0000000000
8432 -1198.0000000000
8465 -1197.0000000000
8498 -1196.0000000000
8506 -1195.0000000000
8533 -1194.0000000000
8544 -1193.0000000000
8585 -1191.0000000000
8597 -1190.0000000000
8646 -1189.0000000000
8647 -1188.0000000000
8662 -1187.0000000000
8677 -1183.0000000000
8746 -1182.0000000000
8753 -1180.0000000000
8782 -1179.0000000000
8792 -1178.0000000000
8858 -1177.0000000000
8859 -1176.0000000000
8866 -1175.0000000000
8907 -1171.0000000000
8921 -1169.0000000000
8984 -1166.0000000000
9027 -1165.0000000000
9062 -1164.0000000000
9067 -1163.0000000000
9073 -1160.0000000000
9103 -1158.0000000000
9149 -1157.0000000000
9184 -1155.0000000000
9193 -1153.0000000000
9232 -1152.0000000000
9264 -1150.0000000000
9311 -1145.0000000000
9396 -1144.0000000000
9415 -1142.0000000000
9422 -1141.0000000000
9431 -1140.0000000000
9452 -1138.0000000000
9518 -1136.0000000000
9541 -1135.0000000000
9557 -1133.0000000000
9582 -1132.0000000000
9585 -1131.0000000000
9626 -1130.0000000000
9661 -1128.0000000000
9703 -1127.0000000000
9711 -1126.0000000000
9730 -1124.0000000000
9794 -1123.0000000000
9814 -1122.0000000000
9828 -1121.0000000000
9838 -1120.0000000000
9863 -1119.0000000000
9872 -1118.0000000000
9922 -1116.0000000000
9947 -1115.0000000000
9985 -1114.0000000000
9992 -1113.0000000000
10020 -1119.0000000000
evaluations raw_y
1 -2013.0000000000
4 -1946.0000000000
22 -1935.0000000000
31 -1924.0000000000
73 -1908.0000000000
85 -1887.0000000000
88 -1884.0000000000
89 -1883.0000000000
104 -1879.0000000000
128 -1857.0000000000
171 -1854.0000000000
180 -1850.0000000000
181 -1844.0000000000
200 -1841.0000000000
222 -1827.0000000000
224 -1822.0000000000
258 -1821.0000000000
262 -1797.0000000000
301 -1796.0000000000
312 -1782.0000000000
343 -1779.0000000000
349 -1759.0000000000
388 -1756.0000000000
390 -1740.0000000000
435 -1728.0000000000
474 -1719.0000000000
542 -1718.0000000000
543 -1717.0000000000
548 -1709.0000000000
566 -1703.0000000000
581 -1702.0000000000
593 -1698.0000000000
647 -1693.0000000000
652 -1692.0000000000
661 -1688.0000000000
673 -1680.0000000000
701 -1679.0000000000
719 -1677.0000000000
736 -1675.0000000000
762 -1674.0000000000
764 -1670.0000000000
784 -1668.0000000000
791 -1667.0000000000
813 -1666.0000000000
823 -1665.0000000000
831 -1662.0000000000
842 -1661.0000000000
859 -1658.0000000000
877 -1650.0000000000
944 -1645.0000000000
945 -1644.0000000000
986 -1643.0000000000
993 -1641.0000000000
1022 -1639.0000000000
1064 -1637.0000000000
1066 -1634.0000000000
1112 -1633.0000000000
1144 -1632.0000000000
1145 -1631.0000000000
1161 -1630.0000000000
1202 -1629.0000000000
1206 -1627.0000000000
1214 -1625.0000000000
1228 -1624.0000000000
1243 -1622.0000000000
1276 -1621.0000000000
1298 -1620.0000000000
1316 -1619.0000000000
1339 -1616.0000000000
1358 -1615.0000000000
1384 -1611.0000000000
1421 -1606.0000000000
1481 -1605.0000000000
1485 -1604.0000000000
1518 -1603.0000000000
1548 -1602.0000000000
1563 -1600.0000000000
1581 -1599.0000000000
1622 -1598.0000000000
1626 -1595.0000000000
1662 -1593.0000000000
1701 -1592.0000000000
1705 -1591.0000000000
1750 -1589.0000000000
1761 -1588.0000000000
1786 -1587.0000000000
1795 -1586.0000000000
1825 -1584.0000000000
1870 -1583.0000000000
1885 -1580.0000000000
1926 -1579.0000000000
1949 -1578.0000000000
1981 -1577.0000000000
2023 -1575.0000000000
2063 -1574.0000000000
2073 -1573.0000000000
2102 -1572.0000000000
2118 -1571.0000000000
2147 -1569.0000000000
2156 -1568.0000000000
2181 -1564.0000000000
2229 -1563.0000000000
2261 -1562.0000000000
2266 -1560.0000000000
2305 -1559.0000000000
2311 -1558.0000000000
2316 -1557.0000000000
2345 -1556.0000000000
2352 -1554.0000000000
2381 -1553.0000000000
2386 -1552.0000000000
2412 -1551.0000000000
2426 -1548.0000000000
2470 -1545.0000000000
2513 -1544.0000000000
2527 -1543.0000000000
2541 -1542.0000000000
2559 -1541.0000000000
2582 -1540.0000000000
2590 -1539.0000000000
2626 -1536.0000000000
2636 -1535.0000000000
2668 -1534.0000000000
2683 -1533.0000000000
2685 -1529.0000000000
2714 -1528.0000000000
2751 -1527.0000000000
2782 -1526.0000000000
2790 -1525.0000000000
2826 -1524.0000000000
2827 -1523.0000000000
2847 -1522.0000000000
2861 -1519.0000000000
2907 -1518.0000000000
2937 -1517.0000000000
2944 -1516.0000000000
2946 -1515.0000000000
2961 -1514.0000000000
2984 -1512.0000000000
3006 -1511.0000000000
3021 -1509.0000000000
3078 -1507.0000000000
3108 -1506.0000000000
3126 -1504.0000000000
3182 -1503.0000000000
3206 -1501.0000000000
3256 -1499.0000000000
3265 -1497.0000000000
3310 -1496.0000000000
3319 -1495.0000000000
3343 -1493.0000000000
3353 -1492.0000000000
3382 -1490.0000000000
3445 -1489.0000000000
3447 -1488.0000000000
3466 -1487.0000000000
3472 -1486.0000000000
3503 -1485.0000000000
3518 -1484.0000000000
3548 -1483.0000000000
3568 -1482.0000000000
3581 -1480.0000000000
3621 -1478.0000000000
3663 -1477.0000000000
3676 -1476.0000000000
3693 -1475.0000000000
3709 -1473.0000000000
3746 -1471.0000000000
3786 -1469.0000000000
3800 -1468.0000000000
3823 -1467.0000000000
3836 -1465.0000000000
3865 -1464.0000000000
3871 -1462.0000000000
3902 -1457.0000000000
3974 -1455.0000000000
3980 -1454.0000000000
4026 -1452.0000000000
4032 -1451.0000000000
4086 -1450.0000000000
4087 -1449.0000000000
4107 -1447.0000000000
4125 -1446.0000000000
4154 -1444.0000000000
4182 -1443.0000000000
4198 -1442.0000000000
4215 -1441.0000000000
4229 -1439.0000000000
4249 -1438.0000000000
4264 -1437.0000000000
4267 -1436.0000000000
4312 -1435.0000000000
4332 -1434.0000000000
4347 -1433.0000000000
4361 -1432.0000000000
4384 -1430.0000000000
4402 -1429.0000000000
4424 -1428.0000000000
4452 -1426.0000000000
4461 -1425.0000000000
4484 -1424.0000000000
4509 -1423.0000000000
4524 -1421.0000000000
4548 -1418.0000000000
4593 -1417.0000000000
4611 -1416.0000000000
4664 -1414.0000000000
4674 -1413.0000000000
4702 -1411.0000000000
4716 -1409.0000000000
4781 -1407.0000000000
4792 -1404.0000000000
4843 -1402.0000000000
4878 -1401.0000000000
4922 -1399.0000000000
4942 -1397.0000000000
4986 -1395.0000000000
5028 -1393.0000000000
5036 -1391.0000000000
5078 -1389.0000000000
5113 -1388.0000000000
5141 -1386.0000000000
5185 -1385.0000000000
5199 -1384.0000000000
5221 -1383.0000000000
5234 -1381.0000000000
5261 -1378.0000000000
5301 -1376.0000000000
5354 -1373.0000000000
5393 -1372.0000000000
5428 -1370.0000000000
5468 -1364.0000000000
5511 -1363.0000000000
5541 -1362.0000000000
5589 -1361.0000000000
5620 -1360.0000000000
5621 -1359.0000000000
5625 -1358.0000000000
5653 -1357.0000000000
5664 -1356.0000000000
5677 -1354.0000000000
5709 -1350.0000000000
5776 -1348.0000000000
5801 -1347.0000000000
5843 -1344.0000000000
5876 -1342.0000000000
5900 -1340.0000000000
5902 -1339.0000000000
5946 -1338.0000000000
5981 -1337.0000000000
5993 -1336.0000000000
6013 -1335.0000000000
6027 -1334.0000000000
6039 -1333.0000000000
6078 -1331.0000000000
6105 -1330.0000000000
6148 -1329.0000000000
6149 -1328.0000000000
6182 -1326.0000000000
6195 -1325.0000000000
6198 -1324.0000000000
6224 -1322.0000000000
6245 -1320.0000000000
6298 -1319.0000000000
6335 -1318.0000000000
6346 -1315.0000000000
6386 -1314.0000000000
6390 -1313.0000000000
6424 -1312.0000000000
6457 -1311.0000000000
6466 -1310.0000000000
6471 -1309.0000000000
6513 -1307.0000000000
6549 -1306.0000000000
6597 -1304.0000000000
6628 -1303.0000000000
6676 -1302.0000000000
6703 -1301.0000000000
6705 -1299.0000000000
6752 -1298.0000000000
6779 -1297.0000000000
6783 -1296.0000000000
6786 -1295.0000000000
6855 -1294.0000000000
6879 -1292.0000000000
6911 -1290.0000000000
6974 -1288.0000000000
7022 -1286.0000000000
7035 -1285.0000000000
7075 -1284.0000000000
7102 -1283.0000000000
7112 -1281.0000000000
7148 -1280.0000000000
7155 -1278.0000000000
7169 -1277.0000000000
7198 -1275.0000000000
7207 -1274.0000000000
7266 -1273.0000000000
7275 -1271.0000000000
7314 -1269.0000000000
7344 -1267.0000000000
7361 -1265.0000000000
7428 -1264.0000000000
7444 -1262.0000000000
7482 -1261.0000000000
7490 -1259.0000000000
7544 -1258.0000000000
7581 -1257.0000000000
7623 -1256.0000000000
7663 -1255.0000000000
7672 -1252.0000000000
7719 -1251.0000000000
7733 -1250.0000000000
7740 -1249.0000000000
7742 -1247.0000000000
7814 -1245.0000000000
7850 -1244.0000000000
7869 -1243.0000000000
7872 -1242.0000000000
7890 -1241.0000000000
7911 -1240.0000000000
7912 -1239.0000000000
7946 -1237.0000000000
7955 -1236.0000000000
7991 -1235.0000000000
8000 -1232.0000000000
8030 -1230.0000000000
8088 -1229.0000000000
8114 -1228.0000000000
8125 -1227.0000000000
8155 -1226.0000000000
8167 -1225.0000000000
8197 -1224.0000000000
8214 -1222.0000000000
8233 -1220.0000000000
8262 -1218.0000000000
8278 -1217.0000000000
8309 -1216.0000000000
8342 -1215.0000000000
8351 -1214.0000000000
8382 -1212.0000000000
8425 -1209.0000000000
8441 -1208.0000000000
8470 -1205.0000000000
8544 -1204.0000000000
8546 -1203.0000000000
8571 -1202.0000000000
8589 -1201.0000000000
8607 -1200.0000000000
8622 -1196.0000000000
8640 -1195.0000000000
8685 -1194.0000000000
8705 -1191.0000000000
8742 -1190.0000000000
8752 -1186.0000000000
8786 -1185.0000000000
8821 -1183.0000000000
8866 -1180.0000000000
8898 -1177.0000000000
8923 -1175.0000000000
8930 -1174.0000000000
8963 -1173.0000000000
8983 -1171.0000000000
9042 -1169.0000000000
9067 -1168.0000000000
9081 -1167.0000000000
9102 -1166.0000000000
9130 -1164.0000000000
9146 -1163.0000000000
9158 -1161.0000000000
9178 -1160.0000000000
9207 -1159.0000000000
9252 -1158.0000000000
9260 -1157.0000000000
9269 -1156.0000000000
9307 -1155.0000000000
9341 -1153.0000000000
9382 -1151.0000000000
9421 -1150.0000000000
9462 -1147.0000000000
9476 -1146.0000000000
9534 -1143.0000000000
9578 -1141.0000000000
9597 -1140.0000000000
9625 -1139.0000000000
9650 -1138.0000000000
9661 -1137.0000000000
9674 -1136.0000000000
9695 -1135.0000000000
9742 -1134.0000000000
9759 -1133.0000000000
9799 -1131.0000000000
9827 -1130.0000000000
9829 -1129.0000000000
9864 -1128.0000000000
9899 -1127.0000000000
9932 -1126.0000000000
9941 -1125.0000000000
9944 -1123.0000000000
9982 -1122.0000000000
10003 -1121.0000000000
10012 -1120.0000000000
10020 -1129.0000000000
evaluations raw_y
1 -1970.0000000000
5 -1954.0000000000
27 -1932.0000000000
78 -1929.0000000000
79 -1925.0000000000
101 -1924.0000000000
113 -1921.0000000000
131 -1898.0000000000
138 -1896.0000000000
144 -1871.0000000000
158 -1857.0000000000
184 -1856.0000000000
194 -1855.0000000000
237 -1848.0000000000
246 -1844.0000000000
248 -1840.0000000000
251 -1826.0000000000
289 -1794.0000000000
306 -1792.0000000000
346 -1785.0000000000
397 -1775.0000000000
426 -1768.0000000000
468 -1766.0000000000
476 -1763.0000000000
501 -1757.0000000000
505 -1754.0000000000
521 -1747.0000000000
543 -1741.0000000000
555 -1740.0000000000
557 -1738.0000000000
559 -1737.0000000000
583 -1731.0000000000
590 -1725.0000000000
633 -1722.0000000000
651 -1719.0000000000
672 -1718.0000000000
680 -1717.0000000000
696 -1711.0000000000
699 -1710.0000000000
702 -1709.0000000000
713 -1701.0000000000
748 -1698.0000000000
767 -1689.0000000000
826 -1686.0000000000
861 -1681.0000000000
893 -1677.0000000000
915 -1675.0000000000
929 -1673.0000000000
941 -1672.0000000000
971 -1671.0000000000
987 -1665.0000000000
1029 -1661.0000000000
1036 -1660.0000000000
1064 -1658.0000000000
1104 -1656.0000000000
1111 -1655.0000000000
1146 -1654.0000000000
1156 -1652.0000000000
1174 -1651.0000000000
1189 -1648.0000000000
1225 -1646.0000000000
1264 -1644.0000000000
1306 -1643.0000000000
1307 -1641.0000000000
1327 -1640.0000000000
1351 -1638.0000000000
1365 -1636.0000000000
1389 -1633.0000000000
1423 -1631.0000000000
1462 -1629.0000000000
1513 -1628.0000000000
1516 -1626.0000000000
1568 -1625.0000000000
1579 -1623.0000000000
1604 -1622.0000000000
1622 -1620.0000000000
1660 -1618.0000000000
1679 -1617.0000000000
1705 -1615.0000000000
1741 -1611.0000000000
1781 -1609.0000000000
1836 -1607.0000000000
1841 -1606.0000000000
1877 -1603.0000000000
1947 -1601.0000000000
1960 -1599.0000000000
1984 -1597.0000000000
2029 -1596.0000000000
2042 -1594.0000000000
2066 -1593.0000000000
2072 -1592.0000000000
2104 -1591.0000000000
2138 -1590.0000000000
2163 -1588.0000000000
2180 -1587.0000000000
2195 -1585.0000000000
2234 -1582.0000000000
2262 -1581.0000000000
2304 -1580.0000000000
2313 -1579.0000000000
2341 -1578.0000000000
2348 -1577.0000000000
2394 -1576.0000000000
2400 -1573.0000000000
2424 -1571.0000000000
2436 -1570.0000000000
2473 -1569.0000000000
2499 -1568.0000000000
2506 -1566.0000000000
2549 -1564.0000000000
2556 -1563.0000000000
2572 -1562.0000000000
2597 -1561.0000000000
2624 -1558.0000000000
2665 -1556.0000000000
2703 -1552.0000000000
2741 -1550.0000000000
2783 -1548.0000000000
2824 -1547.0000000000
2836 -1546.0000000000
2839 -1544.0000000000
2887 -1541.0000000000
2913 -1540.0000000000
2946 -1539.0000000000
2952 -1537.0000000000
2989 -1536.0000000000
3035 -1534.0000000000
3071 -1533.0000000000
3102 -1532.0000000000
3117 -1530.0000000000
3142 -1529.0000000000
3144 -1527.0000000000
3151 -1524.0000000000
3236 -1520.0000000000
3262 -1519.0000000000
3306 -1518.0000000000
3322 -1516.0000000000
3341 -1515.0000000000
3352 -1514.0000000000
3379 -1512.0000000000
3390 -1509.0000000000
3429 -1508.0000000000
3463 -1507.0000000000
3497 -1506.0000000000
3508 -1505.0000000000
3551 -1504.0000000000
3582 -1503.0000000000
3585 -1501.0000000000
3607 -1500.0000000000
3633 -1499.0000000000
3674 -1498.0000000000
3709 -1497.0000000000
3730 -1496.0000000000
3749 -1495.0000000000
3759 -1494.0000000000
3783 -1493.0000000000
3812 -1492.0000000000
3832 -1491.0000000000
3845 -1489.0000000000
3880 -1487.0000000000
3902 -1486.0000000000
3922 -1485.0000000000
3926 -1483.0000000000
3961 -1482.0000000000
3982 -1480.0000000000
4021 -1479.0000000000
4027 -1478.0000000000
4043 -1477.0000000000
4067 -1476.0000000000
4103 -1473.0000000000
4123 -1472.0000000000
4160 -1470.0000000000
4183 -1469.0000000000
4217 -1467.0000000000
4222 -1463.0000000000
4262 -1462.0000000000
4270 -1461.0000000000
4314 -1460.0000000000
4345 -1457.0000000000
4389 -1456.0000000000
4397 -1455.0000000000
4422 -1449.0000000000
4471 -1446.0000000000
4510 -1445.0000000000
4541 -1444.0000000000
4552 -1443.0000000000
4580 -1442.0000000000
4585 -1441.0000000000
4621 -1438.0000000000
4663 -1437.0000000000
4702 -1435.0000000000
4740 -1433.0000000000
4748 -1432.0000000000
4789 -1430.0000000000
4820 -1429.0000000000
4828 -1428.0000000000
4851 -1426.0000000000
4869 -1423.0000000000
4948 -1422.0000000000
4952 -1421.0000000000
4957 -1418.0000000000
5016 -1417.0000000000
5020 -1416.0000000000
5033 -1415.0000000000
5060 -1414.0000000000
5069 -1413.0000000000
5072 -1410.0000000000
5149 -1409.0000000000
5164 -1408.0000000000
5192 -1407.0000000000
5214 -1406.0000000000
5223 -1405.0000000000
5244 -1404.0000000000
5250 -1403.0000000000
5262 -1402.0000000000
5280 -1401.0000000000
5302 -1400.0000000000
5304 -1399.0000000000
5343 -1398.0000000000
5370 -1396.0000000000
5371 -1395.0000000000
5374 -1394.0000000000
5385 -1393.0000000000
5425 -1390.0000000000
5437 -1389.0000000000
5486 -1388.0000000000
5489 -1386.0000000000
5508 -1385.0000000000
5529 -1383.0000000000
5553 -1382.0000000000
5585 -1381.0000000000
5617 -1380.0000000000
5621 -1376.0000000000
5663 -1373.0000000000
5714 -1372.0000000000
5718 -1369.0000000000
5783 -1368.0000000000
5819 -1366.0000000000
5862 -1364.0000000000
5903 -1362.0000000000
5957 -1361.0000000000
5985 -1360.0000000000
5996 -1358.0000000000
6016 -1357.0000000000
6055 -1356.0000000000
6069 -1355.0000000000
6101 -1353.0000000000
6143 -1350.0000000000
6182 -1349.0000000000
6185 -1348.0000000000
6188 -1346.0000000000
6221 -1345.0000000000
6243 -1343.0000000000
6264 -1342.0000000000
6312 -1341.0000000000
6319 -1335.0000000000
6394 -1334.0000000000
6402 -1331.0000000000
6421 -1330.0000000000
6466 -1329.0000000000
6507 -1328.0000000000
6527 -1327.0000000000
6536 -1326.0000000000
6559 -1323.0000000000
6599 -1322.0000000000
6603 -1319.0000000000
6640 -1318.0000000000
6646 -1317.0000000000
6668 -1316.0000000000
6684 -1314.0000000000
6709 -1313.0000000000
6744 -1312.0000000000
6751 -1311.0000000000
6779 -1308.0000000000
6826 -1305.0000000000
6863 -1304.0000000000
6866 -1303.0000000000
6905 -1302.0000000000
6942 -1300.0000000000
6981 -1297.0000000000
7022 -1296.0000000000
7061 -1293.0000000000
7101 -1292.0000000000
7113 -1291.0000000000
7151 -1289.0000000000
7182 -1287.0000000000
7206 -1285.0000000000
7230 -1284.0000000000
7262 -1283.0000000000
7280 -1281.0000000000
7305 -1280.0000000000
7307 -1279.0000000000
7356 -1277.0000000000
7385 -1276.0000000000
7404 -1275.0000000000
7430 -1273.0000000000
7464 -1271.0000000000
7507 -1270.0000000000
7521 -1269.0000000000
7545 -1268.0000000000
7559 -1267.0000000000
7577 -1266.0000000000
7582 -1264.0000000000
7621 -1263.0000000000
7664 -1261.0000000000
7692 -1260.0000000000
7703 -1259.0000000000
7716 -1258.0000000000
7750 -1255.0000000000
7804 -1253.0000000000
7866 -1252.0000000000
7888 -1251.0000000000
7911 -1250.0000000000
7957 -1249.0000000000
7982 -1248.0000000000
7987 -1247.0000000000
7996 -1246.0000000000
8027 -1245.0000000000
8062 -1244.0000000000
8068 -1243.0000000000
8074 -1240.0000000000
8151 -1238.0000000000
8187 -1236.0000000000
8215 -1234.0000000000
8264 -1233.0000000000
8266 -1232.0000000000
8268 -1228.0000000000
8303 -1225.0000000000
8355 -1224.0000000000
8392 -1223.0000000000
8411 -1222.0000000000
8432 -1221.0000000000
8441 -1220.0000000000
8455 -1217.0000000000
8488 -1215.0000000000
8530 -1213.0000000000
8565 -1212.0000000000
8584 -1211.0000000000
8621 -1209.0000000000
8632 -1208.0000000000
8663 -1206.0000000000
8704 -1205.0000000000
8706 -1204.0000000000
8760 -1202.0000000000
8786 -1199.0000000000
8829 -1198.0000000000
8862 -1197.0000000000
8867 -1196.0000000000
8872 -1193.0000000000
8915 -1192.0000000000
8943 -1190.0000000000
8970 -1186.0000000000
9040 -1184.0000000000
9061 -1182.0000000000
9090 -1181.0000000000
9112 -1179.0000000000
9146 -1178.0000000000
9186 -1177.0000000000
9191 -1176.0000000000
9213 -1175.0000000000
9221 -1174.0000000000
9236 -1173.0000000000
9265 -1171.0000000000
9310 -1170.0000000000
9331 -1167.0000000000
9365 -1166.0000000000
9386 -1165.0000000000
9389 -1164.0000000000
9398 -1163.0000000000
9425 -1162.0000000000
9440 -1161.0000000000
9481 -1159.0000000000
9495 -1156.0000000000
9541 -1154.0000000000
9571 -1151.0000000000
9644 -1150.0000000000
9655 -1148.0000000000
9687 -1147.0000000000
9719 -1146.0000000000
9728 -1145.0000000000
9745 -1144.0000000000
9753 -1143.0000000000
9768 -1142.0000000000
9819 -1141.0000000000
9829 -1140.0000000000
9866 -1139.0000000000
9905 -1138.0000000000
9928 -1137.0000000000
9942 -1136.0000000000
9992 -1135.0000000000
10020 -1138.0000000000
evaluations raw_y
1 -2003.0000000000
3 -1945.0000000000
10 -1942.0000000000
32 -1909.0000000000
65 -1905.0000000000
70 -1897.0000000000
116 -1886.0000000000
119 -1850.0000000000
174 -1846.0000000000
184 -1844.0000000000
186 -1834.0000000000
193 -1824.0000000000
222 -1823.0000000000
224 -1820.0000000000
226 -1812.0000000000
266 -1811.0000000000
268 -1800.0000000000
277 -1794.0000000000
303 -1782.0000000000
342 -1781.0000000000
363 -1766.0000000000
383 -1765.0000000000
386 -1761.0000000000
405 -1758.0000000000
408 -1757.0000000000
433 -1753.0000000000
438 -1746.0000000000
462 -1745.0000000000
477 -1744.0000000000
488 -1738.0000000000
503 -1719.0000000000
583 -1717.0000000000
589 -1715.0000000000
624 -1707.0000000000
641 -1705.0000000000
663 -1703.0000000000
669 -1701.0000000000
702 -1699.0000000000
724 -1693.0000000000
787 -1689.0000000000
796 -1687.0000000000
807 -1686.0000000000
828 -1685.0000000000
845 -1681.0000000000
863 -1679.0000000000
910 -1675.0000000000
926 -1674.0000000000
943 -1673.0000000000
950 -1672.0000000000
962 -1669.0000000000
1020 -1665.0000000000
1021 -1663.0000000000
1066 -1660.0000000000
1101 -1658.0000000000
1151 -1655.0000000000
1188 -1654.0000000000
1201 -1653.0000000000
1221 -1652.0000000000
1236 -1651.0000000000
1265 -1647.0000000000
1342 -1646.0000000000
1356 -1645.0000000000
1371 -1641.0000000000
1422 -1637.0000000000
1461 -1636.0000000000
1471 -1635.0000000000
1500 -1634.0000000000
1524 -1633.0000000000
1526 -1632.0000000000
1535 -1631.0000000000
1543 -1628.0000000000
1582 -1625.0000000000
1663 -1624.0000000000
1682 -1623.0000000000
1696 -1622.0000000000
1733 -1621.0000000000
1740 -1620.0000000000
1754 -1616.0000000000
1785 -1615.0000000000
1823 -1613.0000000000
1835 -1611.0000000000
1870 -1609.0000000000
1902 -1607.0000000000
1952 -1602.0000000000
1990 -1600.0000000000
2026 -1599.0000000000
2039 -1597.0000000000
2061 -1595.0000000000
2107 -1593.0000000000
2130 -1592.0000000000
2145 -1590.0000000000
2183 -1589.0000000000
2190 -1588.0000000000
2206 -1587.0000000000
2233 -1586.0000000000
2235 -1585.0000000000
2263 -1584.0000000000
2265 -1583.0000000000
2276 -1582.0000000000
2302 -1580.0000000000
2321 -1579.0000000000
2345 -1577.0000000000
2355 -1575.0000000000
2399 -1574.0000000000
2404 -1573.0000000000
2436 -1570.0000000000
2440 -1569.0000000000
2462 -1568.0000000000
2502 -1566.0000000000
2518 -1565.0000000000
2548 -1564.0000000000
2552 -1562.0000000000
2586 -1557.0000000000
2645 -1556.0000000000
2648 -1555.0000000000
2663 -1554.0000000000
2702 -1551.0000000000
2744 -1549.0000000000
2752 -1548.0000000000
2766 -1547.0000000000
2792 -1546.0000000000
2846 -1544.0000000000
2876 -1543.0000000000
2882 -1542.0000000000
2897 -1541.0000000000
2903 -1540.0000000000
2941 -1538.0000000000
2945 -1536.0000000000
2982 -1533.0000000000
3024 -1531.0000000000
3075 -1530.0000000000
3111 -1529.0000000000
3115 -1528.0000000000
3158 -1527.0000000000
3178 -1526.0000000000
3181 -1525.0000000000
3216 -1523.0000000000
3235 -1522.0000000000
3263 -1520.0000000000
3278 -1519.0000000000
3305 -1516.0000000000
3352 -1515.0000000000
3384 -1514.0000000000
3388 -1513.0000000000
3418 -1512.0000000000
3425 -1511.0000000000
3432 -1510.0000000000
3435 -1509.0000000000
3479 -1508.0000000000
3488 -1507.0000000000
3502 -1506.0000000000
3512 -1505.0000000000
3519 -1504.0000000000
3549 -1502.0000000000
3589 -1500.0000000000
3591 -1497.0000000000
3672 -1496.0000000000
3678 -1495.0000000000
3696 -1493.0000000000
3716 -1492.0000000000
3717 -1490.0000000000
3744 -1488.0000000000
3783 -1487.0000000000
3788 -1484.0000000000
3841 -1483.0000000000
3862 -1482.0000000000
3902 -1481.0000000000
3913 -1480.0000000000
3927 -1479.0000000000
3957 -1476.0000000000
3987 -1474.0000000000
4046 -1471.0000000000
4087 -1470.0000000000
4116 -1469.0000000000
4146 -1468.0000000000
4153 -1467.0000000000
4186 -1466.0000000000
4194 -1465.0000000000
4220 -1464.0000000000
4243 -1463.0000000000
4261 -1462.0000000000
4266 -1460.0000000000
4294 -1459.0000000000
4318 -1458.0000000000
4322 -1454.0000000000
4373 -1452.0000000000
4416 -1450.0000000000
4464 -1449.0000000000
4514 -1448.0000000000
4523 -1447.0000000000
4545 -1446.0000000000
4558 -1445.0000000000
4578 -1443.0000000000
4583 -1440.0000000000
4655 -1439.0000000000
4661 -1438.0000000000
4683 -1437.0000000000
4702 -1435.0000000000
4720 -1434.0000000000
4750 -1433.0000000000
4752 -1432.0000000000
4782 -1431.0000000000
4793 -1428.0000000000
4848 -1427.0000000000
4849 -1426.0000000000
4869 -1425.0000000000
4910 -1424.0000000000
4925 -1421.0000000000
4984 -1418.0000000000
5016 -1416.0000000000
5030 -1414.0000000000
5072 -1413.0000000000
5092 -1410.0000000000
5114 -1406.0000000000
5181 -1404.0000000000
5215 -1401.0000000000
5266 -1398.0000000000
5328 -1397.0000000000
5341 -1396.0000000000
5348 -1395.0000000000
5352 -1394.0000000000
5391 -1392.0000000000
5429 -1391.0000000000
5441 -1390.0000000000
5479 -1389.0000000000
5506 -1387.0000000000
5542 -1384.0000000000
5579 -1383.0000000000
5582 -1382.0000000000
5606 -1380.0000000000
5645 -1378.0000000000
5689 -1376.0000000000
5703 -1373.0000000000
5753 -1372.0000000000
5788 -1371.0000000000
5811 -1369.0000000000
5846 -1368.0000000000
5849 -1366.0000000000
5888 -1365.0000000000
5891 -1364.0000000000
5941 -1363.0000000000
5944 -1361.0000000000
5986 -1360.0000000000
5988 -1359.0000000000
6021 -1356.0000000000
6069 -1355.0000000000
6109 -1354.0000000000
6113 -1353.0000000000
6134 -1352.0000000000
6152 -1351.0000000000
6189 -1349.0000000000
6207 -1348.0000000000
6233 -1347.0000000000
6263 -1346.0000000000
6268 -1343.0000000000
6307 -1342.0000000000
6345 -1340.0000000000
6350 -1338.0000000000
6387 -1337.0000000000
6409 -1336.0000000000
6430 -1334.0000000000
6495 -1332.0000000000
6522 -1330.0000000000
6587 -1329.0000000000
6593 -1328.0000000000
6622 -1327.0000000000
6645 -1325.0000000000
6668 -1324.0000000000
6683 -1322.0000000000
6733 -1321.0000000000
6738 -1319.0000000000
6756 -1317.0000000000
6796 -1316.0000000000
6823 -1315.0000000000
6825 -1314.0000000000
6863 -1313.0000000000
6866 -1312.0000000000
6870 -1311.0000000000
6875 -1310.0000000000
6913 -1307.0000000000
6953 -1305.0000000000
7002 -1303.0000000000
7034 -1302.0000000000
7050 -1300.0000000000
7061 -1299.0000000000
7117 -1298.0000000000
7146 -1297.0000000000
7148 -1296.0000000000
7150 -1295.0000000000
7199 -1292.0000000000
7224 -1291.0000000000
7231 -1290.0000000000
7275 -1288.0000000000
7302 -1285.0000000000
7346 -1284.0000000000
7386 -1282.0000000000
7421 -1281.0000000000
7424 -1278.0000000000
7467 -1277.0000000000
7469 -1276.0000000000
7501 -1275.0000000000
7528 -1274.0000000000
7543 -1273.0000000000
7546 -1272.0000000000
7584 -1271.0000000000
7593 -1269.0000000000
7635 -1267.0000000000
7664 -1266.0000000000
7694 -1264.0000000000
7704 -1263.0000000000
7709 -1262.0000000000
7750 -1261.0000000000
7787 -1260.0000000000
7803 -1259.0000000000
7849 -1258.0000000000
7853 -1257.0000000000
7878 -1254.0000000000
7904 -1253.0000000000
7921 -1252.0000000000
7942 -1250.0000000000
7989 -1249.0000000000
7995 -1246.0000000000
8023 -1245.0000000000
8052 -1244.0000000000
8070 -1243.0000000000
8104 -1242.0000000000
8148 -1240.0000000000
8155 -1239.0000000000
8188 -1238.0000000000
8224 -1236.0000000000
8231 -1235.0000000000
8243 -1232.0000000000
8290 -1229.0000000000
8315 -1228.0000000000
8316 -1227.0000000000
8370 -1226.0000000000
8400 -1225.0000000000
8405 -1224.0000000000
8442 -1222.0000000000
8471 -1219.0000000000
8541 -1218.0000000000
8550 -1217.0000000000
8582 -1216.0000000000
8594 -1215.0000000000
8602 -1214.0000000000
8662 -1211.0000000000
8702 -1209.0000000000
8715 -1208.0000000000
8741 -1206.0000000000
8808 -1205.0000000000
8815 -1204.0000000000
8832 -1202.0000000000
8890 -1200.0000000000
8896 -1199.0000000000
8904 -1195.0000000000
8942 -1194.0000000000
8993 -1193.0000000000
9004 -1192.0000000000
9034 -1191.0000000000
9070 -1190.0000000000
9142 -1189.0000000000
9157 -1188.0000000000
9183 -1187.0000000000
9202 -1185.0000000000
9231 -1184.0000000000
9268 -1183.0000000000
9273 -1182.0000000000
9286 -1181.0000000000
9305 -1180.0000000000
9317 -1177.0000000000
9379 -1176.0000000000
9381 -1175.0000000000
9390 -1174.0000000000
9393 -1173.0000000000
9430 -1171.0000000000
9433 -1170.0000000000
9502 -1167.0000000000
9530 -1164.0000000000
9555 -1162.0000000000
9581 -1161.0000000000
9635 -1160.0000000000
9644 -1159.0000000000
9650 -1157.0000000000
9668 -1156.0000000000
9705 -1155.0000000000
9720 -1154.0000000000
9741 -1152.0000000000
9770 -1151.0000000000
9781 -1150.0000000000
9862 -1149.0000000000
9867 -1148.0000000000
9890 -1147.0000000000
9902 -1146.0000000000
9910 -1145.0000000000
9948 -1144.0000000000
9953 -1143.0000000000
9988 -1142.0000000000
9994 -1141.0000000000
10020 -1141.0000000000
evaluations raw_y
1 -2039.0000000000
2 -2034.0000000000
5 -2033.0000000000
6 -2011.0000000000
8 -1969.0000000000
13 -1963.0000000000
29 -1959.0000000000
36 -1954.0000000000
42 -1940.0000000000
67 -1934.0000000000
78 -1906.0000000000
87 -1901.0000000000
112 -1889.0000000000
129 -1878.0000000000
163 -1874.0000000000
178 -1864.0000000000
185 -1852.0000000000
198 -1843.0000000000
200 -1832.0000000000
235 -1818.0000000000
268 -1814.0000000000
271 -1795.0000000000
301 -1784.0000000000
343 -1782.0000000000
351 -1764.0000000000
364 -1758.0000000000
384 -1757.0000000000
389 -1755.0000000000
401 -1749.0000000000
412 -1738.0000000000
422 -1737.0000000000
444 -1736.0000000000
453 -1729.0000000000
462 -1728.0000000000
464 -1725.0000000000
483 -1719.0000000000
509 -1715.0000000000
511 -1712.0000000000
527 -1709.0000000000
542 -1708.0000000000
546 -1706.0000000000
551 -1705.0000000000
589 -1704.0000000000
594 -1700.0000000000
619 -1695.0000000000
622 -1692.0000000000
636 -1690.0000000000
670 -1689.0000000000
677 -1681.0000000000
708 -1674.0000000000
715 -1669.0000000000
744 -1660.0000000000
784 -1657.0000000000
830 -1653.0000000000
863 -1644.0000000000
901 -1643.0000000000
923 -1642.0000000000
935 -1641.0000000000
946 -1640.0000000000
954 -1638.0000000000
972 -1637.0000000000
999 -1636.0000000000
1007 -1635.0000000000
1025 -1634.0000000000
1031 -1633.0000000000
1061 -1630.0000000000
1068 -1627.0000000000
1138 -1624.0000000000
1174 -1623.0000000000
1175 -1622.0000000000
1185 -1621.0000000000
1201 -1620.0000000000
1221 -1619.0000000000
1258 -1618.0000000000
1266 -1614.0000000000
1309 -1612.0000000000
1345 -1611.0000000000
1382 -1609.0000000000
1389 -1608.0000000000
1426 -1606.0000000000
1466 -1604.0000000000
1516 -1599.0000000000
1582 -1598.0000000000
1613 -1597.0000000000
1624 -1595.0000000000
1661 -1591.0000000000
1698 -1590.0000000000
1716 -1588.0000000000
1744 -1587.0000000000
1771 -1586.0000000000
1787 -1585.0000000000
1821 -1584.0000000000
1827 -1583.0000000000
1862 -1581.0000000000
1882 -1580.0000000000
1901 -1577.0000000000
1952 -1576.0000000000
1953 -1574.0000000000
1995 -1572.0000000000
2035 -1571.0000000000
2081 -1570.0000000000
2091 -1569.0000000000
2098 -1567.0000000000
2141 -1565.0000000000
2158 -1564.0000000000
2183 -1562.0000000000
2188 -1561.0000000000
2221 -1560.0000000000
2261 -1559.0000000000
2269 -1558.0000000000
2287 -1557.0000000000
2301 -1555.0000000000
2358 -1554.0000000000
2384 -1553.0000000000
2401 -1550.0000000000
2422 -1549.0000000000
2436 -1546.0000000000
2486 -1545.0000000000
2510 -1543.0000000000
2515 -1542.0000000000
2548 -1540.0000000000
2556 -1538.0000000000
2587 -1536.0000000000
2606 -1535.0000000000
2629 -1534.0000000000
2666 -1533.0000000000
2682 -1532.0000000000
2683 -1531.0000000000
2709 -1529.0000000000
2730 -1528.0000000000
2755 -1525.0000000000
2773 -1524.0000000000
2786 -1523.0000000000
2820 -1522.0000000000
2830 -1521.0000000000
2846 -1519.0000000000
2861 -1517.0000000000
2904 -1515.0000000000
2932 -1512.0000000000
2965 -1511.0000000000
2971 -1510.0000000000
3003 -1509.0000000000
3021 -1507.0000000000
3046 -1506.0000000000
3063 -1502.0000000000
3101 -1501.0000000000
3143 -1498.0000000000
3182 -1497.0000000000
3221 -1495.0000000000
3233 -1494.0000000000
3264 -1491.0000000000
3303 -1490.0000000000
3352 -1489.0000000000
3358 -1486.0000000000
3376 -1484.0000000000
3395 -1482.0000000000
3422 -1480.0000000000
3447 -1479.0000000000
3470 -1476.0000000000
3503 -1474.0000000000
3551 -1471.0000000000
3621 -1469.0000000000
3668 -1468.0000000000
3690 -1466.0000000000
3706 -1465.0000000000
3707 -1464.0000000000
3736 -1463.0000000000
3748 -1462.0000000000
3781 -1461.0000000000
3799 -1460.0000000000
3821 -1459.0000000000
3872 -1457.0000000000
3898 -1455.0000000000
3956 -1454.0000000000
3966 -1451.0000000000
4027 -1447.0000000000
4071 -1445.0000000000
4113 -1444.0000000000
4125 -1442.0000000000
4155 -1441.0000000000
4181 -1440.0000000000
4223 -1438.0000000000
4237 -1437.0000000000
4261 -1435.0000000000
4313 -1434.0000000000
4344 -1432.0000000000
4353 -1430.0000000000
4385 -1429.0000000000
4395 -1428.0000000000
4422 -1425.0000000000
4458 -1424.0000000000
4463 -1422.0000000000
4506 -1421.0000000000
4543 -1420.0000000000
4547 -1419.0000000000
4582 -1418.0000000000
4607 -1417.0000000000
4611 -1416.0000000000
4624 -1415.0000000000
4637 -1413.0000000000
4661 -1412.0000000000
4682 -1411.0000000000
4701 -1410.0000000000
4742 -1407.0000000000
4782 -1406.0000000000
4785 -1404.0000000000
4804 -1403.0000000000
4833 -1399.0000000000
4867 -1398.0000000000
4904 -1395.0000000000
4969 -1393.0000000000
4994 -1392.0000000000
5003 -1389.0000000000
5060 -1387.0000000000
5069 -1385.0000000000
5106 -1384.0000000000
5157 -1382.0000000000
5188 -1381.0000000000
5198 -1378.0000000000
5264 -1374.0000000000
5319 -1373.0000000000
5342 -1372.0000000000
5383 -1369.0000000000
5434 -1368.0000000000
5452 -1367.0000000000
5472 -1366.0000000000
5481 -1365.0000000000
5501 -1364.0000000000
5549 -1362.0000000000
5600 -1361.0000000000
5623 -1360.0000000000
5640 -1359.0000000000
5669 -1357.0000000000
5692 -1356.0000000000
5718 -1354.0000000000
5721 -1352.0000000000
5744 -1351.0000000000
5791 -1350.0000000000
5821 -1348.0000000000
5843 -1347.0000000000
5861 -1345.0000000000
5906 -1344.0000000000
5918 -1343.0000000000
5937 -1342.0000000000
5944 -1340.0000000000
5971 -1338.0000000000
5983 -1336.0000000000
6025 -1332.0000000000
6069 -1331.0000000000
6072 -1330.0000000000
6114 -1329.0000000000
6118 -1328.0000000000
6144 -1324.0000000000
6203 -1323.0000000000
6205 -1319.0000000000
6260 -1318.0000000000
6280 -1314.0000000000
6349 -1313.0000000000
6383 -1312.0000000000
6391 -1311.0000000000
6408 -1310.0000000000
6430 -1309.0000000000
6449 -1308.0000000000
6461 -1306.0000000000
6464 -1305.0000000000
6503 -1304.0000000000
6526 -1303.0000000000
6558 -1302.0000000000
6584 -1300.0000000000
6615 -1299.0000000000
6632 -1297.0000000000
6665 -1294.0000000000
6719 -1293.0000000000
6745 -1291.0000000000
6792 -1288.0000000000
6806 -1287.0000000000
6841 -1285.0000000000
6903 -1284.0000000000
6912 -1283.0000000000
6944 -1282.0000000000
6959 -1280.0000000000
6984 -1279.0000000000
7029 -1277.0000000000
7068 -1276.0000000000
7071 -1275.0000000000
7077 -1274.0000000000
7113 -1273.0000000000
7145 -1272.0000000000
7154 -1271.0000000000
7173 -1270.0000000000
7189 -1268.0000000000
7222 -1267.0000000000
7236 -1266.0000000000
7261 -1265.0000000000
7269 -1263.0000000000
7282 -1262.0000000000
7317 -1261.0000000000
7343 -1259.0000000000
7413 -1258.0000000000
7418 -1256.0000000000
7422 -1255.0000000000
7468 -1254.0000000000
7472 -1253.0000000000
7513 -1251.0000000000
7559 -1250.0000000000
7587 -1248.0000000000
7626 -1245.0000000000
7692 -1243.0000000000
7715 -1242.0000000000
7752 -1239.0000000000
7765 -1238.0000000000
7792 -1236.0000000000
7824 -1235.0000000000
7867 -1233.0000000000
7902 -1232.0000000000
7933 -1230.0000000000
7966 -1229.0000000000
7969 -1228.0000000000
7983 -1227.0000000000
7994 -1223.0000000000
8028 -1222.0000000000
8085 -1221.0000000000
8102 -1220.0000000000
8146 -1219.0000000000
8173 -1218.0000000000
8182 -1216.0000000000
8219 -1215.0000000000
8247 -1213.0000000000
8262 -1212.0000000000
8280 -1211.0000000000
8316 -1210.0000000000
8341 -1207.0000000000
8384 -1206.0000000000
8393 -1204.0000000000
8421 -1203.0000000000
8464 -1201.0000000000
8519 -1199.0000000000
8542 -1198.0000000000
8583 -1197.0000000000
8609 -1196.0000000000
8640 -1195.0000000000
8647 -1193.0000000000
8661 -1192.0000000000
8698 -1191.0000000000
8711 -1190.0000000000
8745 -1189.0000000000
8757 -1187.0000000000
8803 -1185.0000000000
8822 -1181.0000000000
8904 -1178.0000000000
8961 -1177.0000000000
8989 -1176.0000000000
9003 -1174.0000000000
9053 -1173.0000000000
9078 -1171.0000000000
9105 -1170.0000000000
9114 -1169.0000000000
9143 -1168.0000000000
9155 -1166.0000000000
9214 -1165.0000000000
9228 -1163.0000000000
9244 -1162.0000000000
9261 -1161.0000000000
9304 -1160.0000000000
9317 -1158.0000000000
9352 -1155.0000000000
9409 -1154.0000000000
9427 -1153.0000000000
9447 -1151.0000000000
9487 -1150.0000000000
9548 -1149.0000000000
9557 -1148.0000000000
9583 -1147.0000000000
9610 -1145.0000000000
9633 -1144.0000000000
9683 -1142.0000000000
9692 -1141.0000000000
9703 -1140.0000000000
9780 -1139.0000000000
9784 -1138.0000000000
9813 -1137.0000000000
9827 -1136.0000000000
9867 -1134.0000000000
9890 -1133.0000000000
9924 -1131.0000000000
9992 -1129.0000000000
10015 -1128.0000000000
10020 -1130.0000000000
evaluations raw_y
1 -2006.0000000000
2 -1951.0000000000
4 -1945.0000000000
21 -1943.0000000000
24 -1935.0000000000
26 -1914.0000000000
32 -1909.0000000000
55 -1899.0000000000
65 -1884.0000000000
102 -1877.0000000000
107 -1876.0000000000
123 -1870.0000000000
142 -1844.0000000000
183 -1837.0000000000
203 -1827.0000000000
205 -1825.0000000000
209 -1816.0000000000
233 -1800.0000000000
262 -1798.0000000000
282 -1792.0000000000
283 -1787.0000000000
303 -1785.0000000000
308 -1777.0000000000
314 -1763.0000000000
346 -1761.0000000000
350 -1750.0000000000
366 -1748.0000000000
376 -1735.0000000000
382 -1729.0000000000
396 -1727.0000000000
419 -1722.0000000000
430 -1721.0000000000
448 -1720.0000000000
449 -1713.0000000000
463 -1711.0000000000
470 -1703.0000000000
473 -1699.0000000000
510 -1695.0000000000
518 -1692.0000000000
543 -1689.0000000000
545 -1688.0000000000
547 -1686.0000000000
564 -1682.0000000000
588 -1680.0000000000
598 -1676.0000000000
613 -1671.0000000000
618 -1667.0000000000
632 -1658.0000000000
673 -1657.0000000000
676 -1656.0000000000
704 -1652.0000000000
710 -1646.0000000000
743 -1645.0000000000
745 -1640.0000000000
772 -1635.0000000000
821 -1629.0000000000
833 -1627.0000000000
887 -1624.0000000000
905 -1623.0000000000
913 -1621.0000000000
937 -1619.0000000000
949 -1617.0000000000
974 -1616.0000000000
984 -1614.0000000000
986 -1613.0000000000
990 -1611.0000000000
1026 -1608.0000000000
1063 -1606.0000000000
1070 -1605.0000000000
1101 -1602.0000000000
1139 -1600.0000000000
1142 -1599.0000000000
1146 -1597.0000000000
1182 -1593.0000000000
1221 -1589.0000000000
1248 -1588.0000000000
1264 -1585.0000000000
1305 -1584.0000000000
1322 -1583.0000000000
1343 -1582.0000000000
1364 -1579.0000000000
1386 -1578.0000000000
1416 -1577.0000000000
1421 -1575.0000000000
1424 -1574.0000000000
1469 -1573.0000000000
1503 -1572.0000000000
1516 -1570.0000000000
1525 -1567.0000000000
1543 -1566.0000000000
1601 -1565.0000000000
1605 -1564.0000000000
1637 -1562.0000000000
1676 -1561.0000000000
1678 -1560.0000000000
1708 -1558.0000000000
1742 -1556.0000000000
1751 -1554.0000000000
1785 -1553.0000000000
1796 -1552.0000000000
1805 -1551.0000000000
1821 -1550.0000000000
1862 -1549.0000000000
1867 -1547.0000000000
1905 -1546.0000000000
1927 -1545.0000000000
1943 -1543.0000000000
1985 -1542.0000000000
1997 -1541.0000000000
1999 -1539.0000000000
2027 -1537.0000000000
2062 -1536.0000000000
2075 -1535.0000000000
2081 -1534.0000000000
2103 -1532.0000000000
2151 -1531.0000000000
2176 -1530.0000000000
2184 -1528.0000000000
2222 -1527.0000000000
2240 -1525.0000000000
2262 -1524.0000000000
2301 -1521.0000000000
2324 -1519.0000000000
2359 -1518.0000000000
2392 -1516.0000000000
2421 -1513.0000000000
2461 -1512.0000000000
2463 -1511.0000000000
2494 -1510.0000000000
2514 -1509.0000000000
2515 -1508.0000000000
2523 -1507.0000000000
2544 -1505.0000000000
2554 -1501.0000000000
2587 -1499.0000000000
2646 -1498.0000000000
2666 -1497.0000000000
2671 -1496.0000000000
2687 -1495.0000000000
2721 -1492.0000000000
2760 -1491.0000000000
2772 -1490.0000000000
2792 -1489.0000000000
2824 -1488.0000000000
2863 -1487.0000000000
2865 -1486.0000000000
2906 -1484.0000000000
2941 -1483.0000000000
2951 -1482.0000000000
2962 -1481.0000000000
2986 -1480.0000000000
2999 -1478.0000000000
3073 -1476.0000000000
3101 -1475.0000000000
3118 -1474.0000000000
3141 -1473.0000000000
3153 -1472.0000000000
3176 -1471.0000000000
3201 -1470.0000000000
3244 -1469.0000000000
3257 -1468.0000000000
3269 -1467.0000000000
3279 -1466.0000000000
3323 -1464.0000000000
3326 -1463.0000000000
3343 -1461.0000000000
3381 -1460.0000000000
3407 -1459.0000000000
3426 -1458.0000000000
3429 -1456.0000000000
3477 -1455.0000000000
3497 -1454.0000000000
3525 -1453.0000000000
3547 -1451.0000000000
3585 -1449.0000000000
3590 -1448.0000000000
3624 -1446.0000000000
3658 -1445.0000000000
3661 -1444.0000000000
3670 -1443.0000000000
3706 -1441.0000000000
3717 -1439.0000000000
3747 -1438.0000000000
3763 -1437.0000000000
3781 -1436.0000000000
3793 -1435.0000000000
3824 -1434.0000000000
3856 -1431.0000000000
3863 -1430.0000000000
3867 -1429.0000000000
3886 -1427.0000000000
3934 -1426.0000000000
3948 -1424.0000000000
3986 -1423.0000000000
3987 -1422.0000000000
4023 -1420.0000000000
4049 -1419.0000000000
4083 -1416.0000000000
4101 -1415.0000000000
4143 -1414.0000000000
4146 -1411.0000000000
4189 -1410.0000000000
4222 -1409.0000000000
4223 -1408.0000000000
4262 -1407.0000000000
4273 -1406.0000000000
4279 -1402.0000000000
4322 -1401.0000000000
4366 -1400.0000000000
4368 -1399.0000000000
4398 -1397.0000000000
4406 -1395.0000000000
4461 -1394.0000000000
4491 -1393.0000000000
4505 -1392.0000000000
4548 -1390.0000000000
4603 -1389.0000000000
4613 -1388.0000000000
4647 -1386.0000000000
4689 -1385.0000000000
4706 -1384.0000000000
4708 -1383.0000000000
4764 -1382.0000000000
4772 -1381.0000000000
4802 -1380.0000000000
4822 -1379.0000000000
4862 -1378.0000000000
4870 -1377.0000000000
4873 -1376.0000000000
4903 -1375.0000000000
4907 -1372.0000000000
4942 -1371.0000000000
4947 -1370.0000000000
4986 -1369.0000000000
5013 -1368.0000000000
5029 -1366.0000000000
5083 -1363.0000000000
5106 -1361.0000000000
5147 -1359.0000000000
5152 -1358.0000000000
5167 -1357.0000000000
5188 -1356.0000000000
5221 -1353.0000000000
5249 -1351.0000000000
5320 -1350.0000000000
5341 -1348.0000000000
5376 -1347.0000000000
5396 -1345.0000000000
5400 -1344.0000000000
5427 -1343.0000000000
5479 -1342.0000000000
5510 -1339.0000000000
5553 -1337.0000000000
5586 -1335.0000000000
5622 -1333.0000000000
5627 -1332.0000000000
5667 -1330.0000000000
5714 -1329.0000000000
5741 -1327.0000000000
5750 -1326.0000000000
5751 -1325.0000000000
5785 -1320.0000000000
5882 -1319.0000000000
5901 -1318.0000000000
5948 -1317.0000000000
5961 -1316.0000000000
5976 -1315.0000000000
5991 -1314.0000000000
6023 -1312.0000000000
6072 -1311.0000000000
6091 -1309.0000000000
6123 -1307.0000000000
6162 -1304.0000000000
6187 -1303.0000000000
6224 -1302.0000000000
6225 -1301.0000000000
6227 -1300.0000000000
6261 -1299.0000000000
6284 -1298.0000000000
6312 -1296.0000000000
6341 -1295.0000000000
6372 -1294.0000000000
6385 -1293.0000000000
6400 -1290.0000000000
6431 -1289.0000000000
6462 -1288.0000000000
6503 -1287.0000000000
6521 -1286.0000000000
6534 -1285.0000000000
6545 -1283.0000000000
6594 -1282.0000000000
6599 -1280.0000000000
6654 -1277.0000000000
6667 -1275.0000000000
6723 -1274.0000000000
6731 -1273.0000000000
6742 -1272.0000000000
6785 -1271.0000000000
6790 -1269.0000000000
6827 -1268.0000000000
6861 -1267.0000000000
6870 -1265.0000000000
6892 -1264.0000000000
6902 -1261.0000000000
6980 -1259.0000000000
7004 -1257.0000000000
7025 -1256.0000000000
7072 -1255.0000000000
7101 -1254.0000000000
7109 -1253.0000000000
7111 -1252.0000000000
7120 -1249.0000000000
7167 -1248.0000000000
7196 -1247.0000000000
7223 -1244.0000000000
7261 -1243.0000000000
7302 -1242.0000000000
7311 -1241.0000000000
7345 -1240.0000000000
7387 -1238.0000000000
7404 -1235.0000000000
7458 -1234.0000000000
7464 -1233.0000000000
7492 -1232.0000000000
7518 -1231.0000000000
7522 -1230.0000000000
7557 -1228.0000000000
7582 -1227.0000000000
7584 -1226.0000000000
7645 -1224.0000000000
7661 -1223.0000000000
7701 -1222.0000000000
7741 -1219.0000000000
7794 -1218.0000000000
7795 -1217.0000000000
7842 -1216.0000000000
7849 -1215.0000000000
7871 -1214.0000000000
7879 -1213.0000000000
7942 -1210.0000000000
7949 -1209.0000000000
7990 -1207.0000000000
7996 -1206.0000000000
8035 -1205.0000000000
8040 -1202.0000000000
8069 -1201.0000000000
8114 -1200.0000000000
8120 -1199.0000000000
8143 -1198.0000000000
8181 -1193.0000000000
8225 -1192.0000000000
8230 -1191.0000000000
8232 -1190.0000000000
8293 -1189.0000000000
8303 -1188.0000000000
8346 -1185.0000000000
8382 -1183.0000000000
8428 -1181.0000000000
8443 -1178.0000000000
8486 -1176.0000000000
8496 -1175.0000000000
8527 -1173.0000000000
8545 -1172.0000000000
8605 -1170.0000000000
8637 -1169.0000000000
8664 -1168.0000000000
8672 -1167.0000000000
8702 -1166.0000000000
8704 -1162.0000000000
8747 -1158.0000000000
8805 -1157.0000000000
8844 -1156.0000000000
8845 -1154.0000000000
8867 -1153.0000000000
8919 -1152.0000000000
8947 -1151.0000000000
8949 -1148.0000000000
9022 -1146.0000000000
9030 -1145.0000000000
9064 -1144.0000000000
9071 -1143.0000000000
9105 -1141.0000000000
9142 -1140.0000000000
9144 -1139.0000000000
9179 -1138.0000000000
9185 -1135.0000000000
9221 -1133.0000000000
9264 -1132.0000000000
9274 -1130.0000000000
9308 -1128.0000000000
9324 -1127.0000000000
9362 -1126.0000000000
9392 -1125.0000000000
9426 -1123.0000000000
9437 -1122.0000000000
9462 -1121.0000000000
9491 -1120.0000000000
9506 -1119.0000000000
9527 -1118.0000000000
9555 -1117.0000000000
9561 -1116.0000000000
9599 -1115.0000000000
9612 -1114.0000000000
9638 -1110.0000000000
9677 -1108.0000000000
9703 -1107.0000000000
9742 -1105.0000000000
9750 -1104.0000000000
9774 -1102.0000000000
9823 -1099.0000000000
9827 -1098.0000000000
9863 -1096.0000000000
9897 -1095.0000000000
9907 -1094.0000000000
9927 -1092.0000000000
9965 -1091.0000000000
9995 -1090.0000000000
10020 -1094.0000000000
evaluations raw_y
1 -1955.0000000000
23 -1948.0000000000
61 -1915.0000000000
101 -1912.0000000000
131 -1901.0000000000
160 -1886.0000000000
182 -1881.0000000000
184 -1872.0000000000
190 -1867.0000000000
222 -1835.0000000000
268 -1830.0000000000
293 -1824.0000000000
314 -1817.0000000000
317 -1811.0000000000
346 -1802.0000000000
380 -1790.0000000000
388 -1789.0000000000
415 -1787.0000000000
425 -1786.0000000000
430 -1783.0000000000
434 -1779.0000000000
442 -1769.0000000000
477 -1764.0000000000
505 -1763.0000000000
512 -1757.0000000000
535 -1756.0000000000
551 -1753.0000000000
584 -1746.0000000000
619 -1742.0000000000
622 -1740.0000000000
634 -1738.0000000000
663 -1732.0000000000
691 -1731.0000000000
702 -1730.0000000000
707 -1729.0000000000
716 -1724.0000000000
757 -1723.0000000000
784 -1720.0000000000
804 -1717.0000000000
822 -1716.0000000000
823 -1714.0000000000
861 -1703.0000000000
946 -1702.0000000000
967 -1697.0000000000
1005 -1692.0000000000
1031 -1689.0000000000
1037 -1688.0000000000
1083 -1687.0000000000
1090 -1686.0000000000
1102 -1681.0000000000
1159 -1679.0000000000
1197 -1678.0000000000
1222 -1677.0000000000
1223 -1676.0000000000
1227 -1675.0000000000
1269 -1674.0000000000
1284 -1673.0000000000
1304 -1672.0000000000
1307 -1671.0000000000
1335 -1670.0000000000
1341 -1668.0000000000
1382 -1666.0000000000
1397 -1664.0000000000
1423 -1662.0000000000
1465 -1660.0000000000
1475 -1659.0000000000
1485 -1658.0000000000
1501 -1657.0000000000
1516 -1656.0000000000
1539 -1655.0000000000
1550 -1654.0000000000
1553 -1653.0000000000
1576 -1651.0000000000
1582 -1649.0000000000
1606 -1647.0000000000
1625 -1646.0000000000
1662 -1640.0000000000
1708 -1638.0000000000
1753 -1637.0000000000
1785 -1634.0000000000
1831 -1632.0000000000
1862 -1629.0000000000
1905 -1627.0000000000
1935 -1625.0000000000
1959 -1623.0000000000
1982 -1622.0000000000
1983 -1620.0000000000
2031 -1617.0000000000
2062 -1616.0000000000
2082 -1614.0000000000
2116 -1613.0000000000
2143 -1612.0000000000
2147 -1610.0000000000
2195 -1606.0000000000
2223 -1601.0000000000
2301 -1600.0000000000
2315 -1599.0000000000
2348 -1596.0000000000
2385 -1595.0000000000
2408 -1594.0000000000
2421 -1593.0000000000
2454 -1592.0000000000
2462 -1591.0000000000
2495 -1590.0000000000
2502 -1589.0000000000
2504 -1587.0000000000
2519 -1586.0000000000
2543 -1585.0000000000
2553 -1584.0000000000
2559 -1583.0000000000
2584 -1582.0000000000
2611 -1581.0000000000
2636 -1579.0000000000
2645 -1578.0000000000
2661 -1575.0000000000
2670 -1574.0000000000
2726 -1573.0000000000
2736 -1572.0000000000
2743 -1570.0000000000
2781 -1569.0000000000
2793 -1567.0000000000
2825 -1565.0000000000
2833 -1564.0000000000
2874 -1563.0000000000
2902 -1559.0000000000
2943 -1558.0000000000
2988 -1555.0000000000
3016 -1554.0000000000
3028 -1553.0000000000
3063 -1552.0000000000
3074 -1550.0000000000
3104 -1548.0000000000
3143 -1547.0000000000
3159 -1545.0000000000
3201 -1543.0000000000
3230 -1540.0000000000
3283 -1539.0000000000
3288 -1535.0000000000
3357 -1534.0000000000
3373 -1530.0000000000
3422 -1529.0000000000
3462 -1527.0000000000
3512 -1524.0000000000
3543 -1523.0000000000
3581 -1522.0000000000
3586 -1521.0000000000
3603 -1519.0000000000
3630 -1518.0000000000
3658 -1516.0000000000
3673 -1515.0000000000
3709 -1514.0000000000
3713 -1511.0000000000
3742 -1508.0000000000
3807 -1507.0000000000
3826 -1506.0000000000
3860 -1505.0000000000
3863 -1502.0000000000
3904 -1501.0000000000
3906 -1500.0000000000
3910 -1499.0000000000
3950 -1498.0000000000
3970 -1496.0000000000
3987 -1494.0000000000
4052 -1493.0000000000
4066 -1492.0000000000
4098 -1491.0000000000
4103 -1490.0000000000
4114 -1487.0000000000
4142 -1486.0000000000
4184 -1484.0000000000
4215 -1483.0000000000
4246 -1482.0000000000
4264 -1479.0000000000
4323 -1477.0000000000
4344 -1476.0000000000
4346 -1475.0000000000
4402 -1474.0000000000
4404 -1472.0000000000
4425 -1471.0000000000
4465 -1470.0000000000
4507 -1469.0000000000
4523 -1467.0000000000
4546 -1465.0000000000
4585 -1464.0000000000
4622 -1462.0000000000
4664 -1460.0000000000
4694 -1459.0000000000
4703 -1458.0000000000
4738 -1457.0000000000
4745 -1456.0000000000
4758 -1455.0000000000
4797 -1454.0000000000
4807 -1452.0000000000
4826 -1451.0000000000
4854 -1450.0000000000
4876 -1449.0000000000
4879 -1447.0000000000
4916 -1445.0000000000
4932 -1443.0000000000
4961 -1442.0000000000
4981 -1441.0000000000
4998 -1440.0000000000
5028 -1438.0000000000
5061 -1437.0000000000
5084 -1436.0000000000
5102 -1434.0000000000
5142 -1431.0000000000
5165 -1430.0000000000
5187 -1429.0000000000
5221 -1427.0000000000
5236 -1425.0000000000
5277 -1422.0000000000
5316 -1421.0000000000
5355 -1418.0000000000
5369 -1417.0000000000
5422 -1416.0000000000
5426 -1415.0000000000
5467 -1412.0000000000
5474 -1411.0000000000
5527 -1407.0000000000
5529 -1406.0000000000
5567 -1405.0000000000
5582 -1404.0000000000
5583 -1403.0000000000
5601 -1402.0000000000
5630 -1401.0000000000
5669 -1400.0000000000
5672 -1399.0000000000
5720 -1398.0000000000
5721 -1397.0000000000
5732 -1396.0000000000
5745 -1394.0000000000
5758 -1392.0000000000
5795 -1391.0000000000
5801 -1390.0000000000
5816 -1389.0000000000
5821 -1386.0000000000
5866 -1385.0000000000
5872 -1382.0000000000
5905 -1381.0000000000
5951 -1380.0000000000
5961 -1378.0000000000
5977 -1377.0000000000
6010 -1376.0000000000
6046 -1374.0000000000
6066 -1373.0000000000
6102 -1372.0000000000
6104 -1370.0000000000
6150 -1369.0000000000
6175 -1368.0000000000
6198 -1366.0000000000
6202 -1364.0000000000
6234 -1363.0000000000
6238 -1362.0000000000
6311 -1361.0000000000
6315 -1358.0000000000
6342 -1356.0000000000
6378 -1355.0000000000
6406 -1354.0000000000
6417 -1353.0000000000
6428 -1352.0000000000
6435 -1351.0000000000
6474 -1350.0000000000
6501 -1349.0000000000
6510 -1347.0000000000
6520 -1346.0000000000
6541 -1345.0000000000
6568 -1344.0000000000
6571 -1343.0000000000
6587 -1342.0000000000
6608 -1340.0000000000
6636 -1338.0000000000
6662 -1337.0000000000
6663 -1336.0000000000
6676 -1335.0000000000
6701 -1334.0000000000
6710 -1330.0000000000
6742 -1329.0000000000
6788 -1328.0000000000
6815 -1327.0000000000
6825 -1325.0000000000
6839 -1324.0000000000
6863 -1321.0000000000
6915 -1320.0000000000
6935 -1319.0000000000
6947 -1317.0000000000
7022 -1316.0000000000
7034 -1315.0000000000
7055 -1313.0000000000
7073 -1312.0000000000
7101 -1311.0000000000
7118 -1310.0000000000
7148 -1308.0000000000
7150 -1306.0000000000
7199 -1304.0000000000
7241 -1303.0000000000
7279 -1302.0000000000
7287 -1301.0000000000
7309 -1300.0000000000
7338 -1298.0000000000
7344 -1297.0000000000
7362 -1296.0000000000
7388 -1294.0000000000
7396 -1293.0000000000
7426 -1291.0000000000
7477 -1290.0000000000
7512 -1289.0000000000
7521 -1288.0000000000
7559 -1287.0000000000
7578 -1286.0000000000
7590 -1285.0000000000
7624 -1284.0000000000
7631 -1283.0000000000
7686 -1281.0000000000
7728 -1280.0000000000
7745 -1279.0000000000
7757 -1278.0000000000
7781 -1277.0000000000
7783 -1275.0000000000
7832 -1274.0000000000
7833 -1273.0000000000
7874 -1272.0000000000
7877 -1271.0000000000
7904 -1270.0000000000
7944 -1268.0000000000
7948 -1267.0000000000
7972 -1266.0000000000
7988 -1264.0000000000
8033 -1262.0000000000
8038 -1261.0000000000
8074 -1258.0000000000
8116 -1257.0000000000
8134 -1256.0000000000
8150 -1255.0000000000
8157 -1254.0000000000
8172 -1252.0000000000
8222 -1251.0000000000
8230 -1250.0000000000
8269 -1249.0000000000
8301 -1247.0000000000
8307 -1246.0000000000
8343 -1243.0000000000
8359 -1242.0000000000
8408 -1241.0000000000
8422 -1240.0000000000
8430 -1239.0000000000
8465 -1237.0000000000
8480 -1236.0000000000
8503 -1234.0000000000
8543 -1233.0000000000
8548 -1232.0000000000
8574 -1231.0000000000
8592 -1228.0000000000
8595 -1227.0000000000
8636 -1225.0000000000
8670 -1223.0000000000
8702 -1222.0000000000
8703 -1221.0000000000
8745 -1218.0000000000
8759 -1217.0000000000
8798 -1216.0000000000
8831 -1215.0000000000
8859 -1212.0000000000
8883 -1211.0000000000
8903 -1209.0000000000
8946 -1207.0000000000
8981 -1205.0000000000
8997 -1204.0000000000
9064 -1203.0000000000
9067 -1202.0000000000
9132 -1200.0000000000
9137 -1197.0000000000
9191 -1196.0000000000
9206 -1195.0000000000
9228 -1193.0000000000
9263 -1192.0000000000
9279 -1191.0000000000
9284 -1190.0000000000
9302 -1188.0000000000
9332 -1187.0000000000
9372 -1186.0000000000
9381 -1182.0000000000
9421 -1179.0000000000
9505 -1177.0000000000
9551 -1176.0000000000
9592 -1174.0000000000
9644 -1173.0000000000
9663 -1172.0000000000
9675 -1171.0000000000
9679 -1170.0000000000
9703 -1168.0000000000
9738 -1167.0000000000
9748 -1166.0000000000
9778 -1163.0000000000
9800 -1162.0000000000
9821 -1160.0000000000
9879 -1159.0000000000
9886 -1158.0000000000
9917 -1157.0000000000
9941 -1156.0000000000
9962 -1155.0000000000
9980 -1154.0000000000
9994 -1153.0000000000
10004 -1152.0000000000
10020 -1157.0000000000
evaluations raw_y
1 -2018.0000000000
3 -1970.0000000000
13 -1963.0000000000
22 -1944.0000000000
59 -1936.0000000000
63 -1921.0000000000
105 -1902.0000000000
119 -1899.0000000000
131 -1884.0000000000
144 -1883.0000000000
152 -1872.0000000000
182 -1870.0000000000
190 -1856.0000000000
198 -1848.0000000000
204 -1845.0000000000
225 -1838.0000000000
230 -1835.0000000000
236 -1815.0000000000
261 -1809.0000000000
268 -1807.0000000000
282 -1806.0000000000
303 -1796.0000000000
306 -1791.0000000000
326 -1788.0000000000
334 -1782.0000000000
341 -1761.0000000000
350 -1755.0000000000
358 -1752.0000000000
382 -1738.0000000000
401 -1731.0000000000
421 -1722.0000000000
448 -1719.0000000000
461 -1701.0000000000
492 -1698.0000000000
513 -1695.0000000000
517 -1694.0000000000
545 -1693.0000000000
548 -1691.0000000000
550 -1687.0000000000
562 -1686.0000000000
566 -1684.0000000000
574 -1682.0000000000
581 -1676.0000000000
584 -1668.0000000000
625 -1667.0000000000
635 -1665.0000000000
663 -1660.0000000000
672 -1657.0000000000
678 -1653.0000000000
699 -1652.0000000000
706 -1650.0000000000
713 -1645.0000000000
721 -1644.0000000000
733 -1641.0000000000
741 -1640.0000000000
781 -1636.0000000000
787 -1631.0000000000
834 -1627.0000000000
838 -1617.0000000000
880 -1612.0000000000
901 -1608.0000000000
907 -1606.0000000000
921 -1605.0000000000
942 -1604.0000000000
944 -1598.0000000000
987 -1594.0000000000
1024 -1592.0000000000
1025 -1588.0000000000
1060 -1582.0000000000
1094 -1581.0000000000
1101 -1577.0000000000
1114 -1576.0000000000
1134 -1575.0000000000
1146 -1574.0000000000
1177 -1567.0000000000
1218 -1565.0000000000
1228 -1563.0000000000
1240 -1562.0000000000
1261 -1561.0000000000
1273 -1560.0000000000
1306 -1557.0000000000
1313 -1556.0000000000
1323 -1554.0000000000
1341 -1553.0000000000
1368 -1551.0000000000
1405 -1550.0000000000
1429 -1547.0000000000
1465 -1543.0000000000
1514 -1541.0000000000
1544 -1537.0000000000
1596 -1536.0000000000
1623 -1534.0000000000
1670 -1533.0000000000
1688 -1530.0000000000
1717 -1529.0000000000
1754 -1528.0000000000
1781 -1527.0000000000
1795 -1525.0000000000
1811 -1523.0000000000
1846 -1521.0000000000
1891 -1519.0000000000
1929 -1518.0000000000
1945 -1516.0000000000
1960 -1515.0000000000
1991 -1514.0000000000
2024 -1513.0000000000
2036 -1512.0000000000
2041 -1511.0000000000
2064 -1510.0000000000
2106 -1508.0000000000
2146 -1507.0000000000
2158 -1506.0000000000
2160 -1504.0000000000
2185 -1502.0000000000
2213 -1501.0000000000
2227 -1499.0000000000
2229 -1498.0000000000
2262 -1497.0000000000
2302 -1495.0000000000
2313 -1494.0000000000
2346 -1493.0000000000
2386 -1492.0000000000
2394 -1490.0000000000
2428 -1489.0000000000
2438 -1488.0000000000
2464 -1486.0000000000
2476 -1485.0000000000
2482 -1484.0000000000
2502 -1483.0000000000
2541 -1481.0000000000
2561 -1480.0000000000
2573 -1479.0000000000
2587 -1476.0000000000
2630 -1475.0000000000
2648 -1474.0000000000
2663 -1473.0000000000
2701 -1472.0000000000
2707 -1471.0000000000
2749 -1470.0000000000
2751 -1469.0000000000
2785 -1466.0000000000
2836 -1464.0000000000
2861 -1462.0000000000
2917 -1460.0000000000
2953 -1457.0000000000
2958 -1456.0000000000
2990 -1454.0000000000
3032 -1451.0000000000
3068 -1450.0000000000
3069 -1449.0000000000
3106 -1446.0000000000
3125 -1445.0000000000
3165 -1441.0000000000
3227 -1440.0000000000
3245 -1437.0000000000
3269 -1436.0000000000
3289 -1435.0000000000
3305 -1434.0000000000
3313 -1429.0000000000
3343 -1428.0000000000
3392 -1425.0000000000
3413 -1424.0000000000
3427 -1423.0000000000
3466 -1422.0000000000
3488 -1421.0000000000
3496 -1420.0000000000
3509 -1419.0000000000
3540 -1418.0000000000
3544 -1417.0000000000
3568 -1416.0000000000
3622 -1415.0000000000
3627 -1414.0000000000
3640 -1413.0000000000
3642 -1411.0000000000
3694 -1410.0000000000
3709 -1408.0000000000
3741 -1407.0000000000
3754 -1406.0000000000
3784 -1405.0000000000
3787 -1404.0000000000
3808 -1403.0000000000
3831 -1401.0000000000
3854 -1400.0000000000
3861 -1398.0000000000
3914 -1397.0000000000
3917 -1396.0000000000
3927 -1394.0000000000
3954 -1393.0000000000
3983 -1389.0000000000
4052 -1386.0000000000
4070 -1385.0000000000
4141 -1382.0000000000
4183 -1379.0000000000
4223 -1377.0000000000
4270 -1376.0000000000
4272 -1375.0000000000
4278 -1372.0000000000
4344 -1369.0000000000
4409 -1367.0000000000
4454 -1366.0000000000
4455 -1364.0000000000
4492 -1363.0000000000
4506 -1362.0000000000
4525 -1360.0000000000
4545 -1359.0000000000
4572 -1357.0000000000
4592 -1355.0000000000
4665 -1354.0000000000
4673 -1351.0000000000
4703 -1349.0000000000
4742 -1346.0000000000
4800 -1345.0000000000
4801 -1343.0000000000
4832 -1342.0000000000
4857 -1341.0000000000
4862 -1339.0000000000
4886 -1338.0000000000
4909 -1335.0000000000
4962 -1334.0000000000
4990 -1331.0000000000
5021 -1330.0000000000
5026 -1329.0000000000
5037 -1328.0000000000
5089 -1327.0000000000
5096 -1326.0000000000
5111 -1325.0000000000
5148 -1324.0000000000
5161 -1322.0000000000
5179 -1321.0000000000
5192 -1317.0000000000
5236 -1315.0000000000
5264 -1313.0000000000
5304 -1312.0000000000
5320 -1311.0000000000
5339 -1309.0000000000
5345 -1307.0000000000
5365 -1306.0000000000
5381 -1305.0000000000
5425 -1304.0000000000
5439 -1303.0000000000
5471 -1301.0000000000
5506 -1300.0000000000
5545 -1299.0000000000
5586 -1298.0000000000
5587 -1297.0000000000
5602 -1296.0000000000
5628 -1295.0000000000
5629 -1291.0000000000
5706 -1290.0000000000
5717 -1288.0000000000
5741 -1287.0000000000
5765 -1286.0000000000
5797 -1284.0000000000
5822 -1282.0000000000
5864 -1279.0000000000
5934 -1277.0000000000
5943 -1276.0000000000
5984 -1274.0000000000
6016 -1273.0000000000
6036 -1272.0000000000
6064 -1268.0000000000
6116 -1267.0000000000
6153 -1266.0000000000
6158 -1265.0000000000
6168 -1264.0000000000
6182 -1263.0000000000
6191 -1261.0000000000
6240 -1260.0000000000
6254 -1258.0000000000
6271 -1254.0000000000
6302 -1251.0000000000
6356 -1250.0000000000
6386 -1247.0000000000
6401 -1246.0000000000
6437 -1245.0000000000
6466 -1244.0000000000
6471 -1241.0000000000
6506 -1238.0000000000
6558 -1237.0000000000
6574 -1236.0000000000
6591 -1232.0000000000
6637 -1231.0000000000
6662 -1229.0000000000
6704 -1227.0000000000
6741 -1226.0000000000
6754 -1225.0000000000
6786 -1223.0000000000
6821 -1221.0000000000
6870 -1220.0000000000
6905 -1219.0000000000
6911 -1217.0000000000
6953 -1214.0000000000
7011 -1212.0000000000
7032 -1210.0000000000
7083 -1209.0000000000
7089 -1208.0000000000
7108 -1207.0000000000
7139 -1206.0000000000
7158 -1205.0000000000
7181 -1204.0000000000
7184 -1203.0000000000
7228 -1201.0000000000
7267 -1200.0000000000
7305 -1199.0000000000
7309 -1196.0000000000
7375 -1195.0000000000
7387 -1193.0000000000
7424 -1191.0000000000
7458 -1190.0000000000
7492 -1189.0000000000
7507 -1188.0000000000
7526 -1187.0000000000
7547 -1186.0000000000
7556 -1185.0000000000
7569 -1184.0000000000
7627 -1183.0000000000
7650 -1182.0000000000
7662 -1181.0000000000
7707 -1179.0000000000
7731 -1178.0000000000
7741 -1177.0000000000
7754 -1175.0000000000
7783 -1174.0000000000
7837 -1173.0000000000
7839 -1170.0000000000
7870 -1167.0000000000
7876 -1166.0000000000
7913 -1165.0000000000
7935 -1164.0000000000
7949 -1163.0000000000
7961 -1162.0000000000
7997 -1160.0000000000
8057 -1159.0000000000
8063 -1157.0000000000
8102 -1151.0000000000
8188 -1150.0000000000
8224 -1149.0000000000
8269 -1148.0000000000
8278 -1146.0000000000
8314 -1145.0000000000
8351 -1144.0000000000
8363 -1143.0000000000
8391 -1141.0000000000
8423 -1139.0000000000
8473 -1138.0000000000
8495 -1137.0000000000
8516 -1136.0000000000
8542 -1134.0000000000
8572 -1133.0000000000
8598 -1132.0000000000
8634 -1130.0000000000
8664 -1127.0000000000
8682 -1125.0000000000
8726 -1123.0000000000
8762 -1121.0000000000
8765 -1118.0000000000
8797 -1117.0000000000
8800 -1116.0000000000
8859 -1115.0000000000
8864 -1114.0000000000
8869 -1112.0000000000
8911 -1108.0000000000
8947 -1107.0000000000
8990 -1106.0000000000
8991 -1104.0000000000
9028 -1103.0000000000
9073 -1102.0000000000
9087 -1101.0000000000
9090 -1100.0000000000
9126 -1099.0000000000
9166 -1098.0000000000
9182 -1097.0000000000
9185 -1094.0000000000
9224 -1092.0000000000
9248 -1091.0000000000
9270 -1090.0000000000
9298 -1089.0000000000
9332 -1086.0000000000
9386 -1085.0000000000
9387 -1082.0000000000
9422 -1080.0000000000
9468 -1076.0000000000
9526 -1075.0000000000
9541 -1074.0000000000
9566 -1073.0000000000
9593 -1072.0000000000
9596 -1070.0000000000
9649 -1069.0000000000
9676 -1068.0000000000
9677 -1067.0000000000
9703 -1066.0000000000
9709 -1065.0000000000
9761 -1063.0000000000
9787 -1061.0000000000
9822 -1060.0000000000
9823 -1058.0000000000
9861 -1057.0000000000
9902 -1056.0000000000
9910 -1055.0000000000
9961 -1054.0000000000
9971 -1053.0000000000
9983 -1050.0000000000
10020 -1055.0000000000
evaluations raw_y
1 -2052.0000000000
2 -2012.0000000000
7 -2008.0000000000
8 -2005.0000000000
12 -1968.0000000000
28 -1942.0000000000
69 -1930.0000000000
79 -1925.0000000000
91 -1922.0000000000
94 -1921.0000000000
111 -1919.0000000000
121 -1917.0000000000
124 -1904.0000000000
125 -1894.0000000000
143 -1893.0000000000
153 -1892.0000000000
162 -1888.0000000000
164 -1887.0000000000
183 -1869.0000000000
223 -1865.0000000000
231 -1856.0000000000
269 -1836.0000000000
279 -1830.0000000000
326 -1828.0000000000
341 -1826.0000000000
344 -1817.0000000000
356 -1810.0000000000
381 -1793.0000000000
422 -1790.0000000000
460 -1785.0000000000
467 -1782.0000000000
469 -1779.0000000000
514 -1775.0000000000
521 -1772.0000000000
535 -1765.0000000000
567 -1764.0000000000
585 -1758.0000000000
614 -1756.0000000000
615 -1751.0000000000
632 -1750.0000000000
661 -1749.0000000000
673 -1743.0000000000
704 -1737.0000000000
707 -1735.0000000000
744 -1734.0000000000
745 -1732.0000000000
761 -1727.0000000000
797 -1724.0000000000
810 -1722.0000000000
827 -1721.0000000000
833 -1720.0000000000
844 -1717.0000000000
864 -1716.0000000000
868 -1711.0000000000
908 -1710.0000000000
927 -1709.0000000000
946 -1708.0000000000
948 -1706.0000000000
949 -1703.0000000000
992 -1700.0000000000
1023 -1699.0000000000
1027 -1697.0000000000
1029 -1695.0000000000
1062 -1693.0000000000
1102 -1690.0000000000
1114 -1689.0000000000
1142 -1688.0000000000
1148 -1687.0000000000
1181 -1684.0000000000
1228 -1683.0000000000
1241 -1682.0000000000
1250 -1680.0000000000
1278 -1678.0000000000
1313 -1676.0000000000
1323 -1675.0000000000
1344 -1673.0000000000
1356 -1672.0000000000
1390 -1667.0000000000
1465 -1665.0000000000
1468 -1663.0000000000
1506 -1658.0000000000
1542 -1657.0000000000
1584 -1656.0000000000
1590 -1654.0000000000
1627 -1652.0000000000
1664 -1650.0000000000
1704 -1649.0000000000
1710 -1647.0000000000
1717 -1644.0000000000
1758 -1641.0000000000
1816 -1639.0000000000
1842 -1638.0000000000
1868 -1637.0000000000
1870 -1634.0000000000
1912 -1633.0000000000
1944 -1632.0000000000
1960 -1631.0000000000
1983 -1629.0000000000
1986 -1628.0000000000
1993 -1625.0000000000
2047 -1624.0000000000
2071 -1623.0000000000
2076 -1622.0000000000
2093 -1621.0000000000
2101 -1620.0000000000
2106 -1618.0000000000
2152 -1616.0000000000
2182 -1615.0000000000
2183 -1614.0000000000
2222 -1613.0000000000
2225 -1611.0000000000
2247 -1610.0000000000
2262 -1609.0000000000
2303 -1606.0000000000
2334 -1605.0000000000
2349 -1603.0000000000
2398 -1602.0000000000
2422 -1600.0000000000
2431 -1597.0000000000
2506 -1594.0000000000
2552 -1592.0000000000
2587 -1591.0000000000
2614 -1590.0000000000
2625 -1589.0000000000
2635 -1588.0000000000
2639 -1587.0000000000
2666 -1585.0000000000
2685 -1584.0000000000
2727 -1583.0000000000
2764 -1582.0000000000
2769 -1580.0000000000
2798 -1579.0000000000
2818 -1576.0000000000
2828 -1575.0000000000
2866 -1571.0000000000
2907 -1570.0000000000
2943 -1567.0000000000
2982 -1566.0000000000
2989 -1565.0000000000
2991 -1563.0000000000
3038 -1562.0000000000
3043 -1561.0000000000
3062 -1558.0000000000
3106 -1556.0000000000
3121 -1554.0000000000
3183 -1552.0000000000
3199 -1550.0000000000
3239 -1548.0000000000
3276 -1544.0000000000
3306 -1543.0000000000
3349 -1542.0000000000
3362 -1540.0000000000
3395 -1539.0000000000
3421 -1537.0000000000
3468 -1535.0000000000
3489 -1534.0000000000
3525 -1533.0000000000
3544 -1532.0000000000
3551 -1531.0000000000
3567 -1530.0000000000
3583 -1529.0000000000
3590 -1528.0000000000
3613 -1525.0000000000
3644 -1524.0000000000
3662 -1522.0000000000
3683 -1521.0000000000
3722 -1520.0000000000
3726 -1517.0000000000
3776 -1516.0000000000
3786 -1515.0000000000
3791 -1513.0000000000
3821 -1512.0000000000
3830 -1511.0000000000
3866 -1510.0000000000
3871 -1507.0000000000
3939 -1506.0000000000
3941 -1505.0000000000
3948 -1504.0000000000
3967 -1501.0000000000
3997 -1500.0000000000
4039 -1499.0000000000
4057 -1496.0000000000
4062 -1495.0000000000
4070 -1494.0000000000
4126 -1493.0000000000
4141 -1490.0000000000
4181 -1486.0000000000
4229 -1485.0000000000
4246 -1484.0000000000
4249 -1482.0000000000
4262 -1481.0000000000
4310 -1480.0000000000
4342 -1479.0000000000
4355 -1478.0000000000
4359 -1476.0000000000
4432 -1475.0000000000
4439 -1473.0000000000
4464 -1472.0000000000
4485 -1469.0000000000
4535 -1468.0000000000
4553 -1467.0000000000
4584 -1466.0000000000
4586 -1463.0000000000
4625 -1462.0000000000
4666 -1461.0000000000
4683 -1460.0000000000
4703 -1459.0000000000
4719 -1457.0000000000
4744 -1456.0000000000
4751 -1452.0000000000
4790 -1451.0000000000
4822 -1449.0000000000
4861 -1446.0000000000
4905 -1445.0000000000
4932 -1444.0000000000
4949 -1443.0000000000
4957 -1442.0000000000
4969 -1441.0000000000
5014 -1440.0000000000
5021 -1439.0000000000
5024 -1437.0000000000
5060 -1436.0000000000
5061 -1435.0000000000
5082 -1433.0000000000
5114 -1432.0000000000
5127 -1431.0000000000
5164 -1430.0000000000
5187 -1426.0000000000
5233 -1425.0000000000
5264 -1423.0000000000
5268 -1422.0000000000
5309 -1421.0000000000
5311 -1420.0000000000
5346 -1416.0000000000
5407 -1414.0000000000
5421 -1413.0000000000
5464 -1412.0000000000
5470 -1411.0000000000
5492 -1410.0000000000
5503 -1408.0000000000
5542 -1405.0000000000
5592 -1404.0000000000
5593 -1403.0000000000
5621 -1402.0000000000
5629 -1400.0000000000
5687 -1398.0000000000
5712 -1396.0000000000
5728 -1394.0000000000
5789 -1393.0000000000
5801 -1392.0000000000
5805 -1390.0000000000
5836 -1389.0000000000
5859 -1388.0000000000
5897 -1387.0000000000
5904 -1384.0000000000
6000 -1383.0000000000
6001 -1382.0000000000
6025 -1381.0000000000
6049 -1380.0000000000
6075 -1379.0000000000
6108 -1377.0000000000
6137 -1376.0000000000
6146 -1373.0000000000
6193 -1372.0000000000
6236 -1371.0000000000
6240 -1369.0000000000
6293 -1368.0000000000
6302 -1366.0000000000
6314 -1365.0000000000
6325 -1364.0000000000
6350 -1363.0000000000
6383 -1361.0000000000
6439 -1360.0000000000
6456 -1359.0000000000
6462 -1358.0000000000
6477 -1357.0000000000
6484 -1356.0000000000
6520 -1355.0000000000
6522 -1354.0000000000
6542 -1353.0000000000
6555 -1352.0000000000
6568 -1351.0000000000
6596 -1350.0000000000
6610 -1349.0000000000
6621 -1347.0000000000
6667 -1345.0000000000
6671 -1344.0000000000
6712 -1341.0000000000
6743 -1339.0000000000
6784 -1335.0000000000
6824 -1333.0000000000
6862 -1330.0000000000
6905 -1329.0000000000
6912 -1328.0000000000
6953 -1327.0000000000
6977 -1326.0000000000
6983 -1325.0000000000
6989 -1324.0000000000
7004 -1323.0000000000
7021 -1322.0000000000
7071 -1321.0000000000
7091 -1320.0000000000
7107 -1319.0000000000
7154 -1318.0000000000
7182 -1317.0000000000
7222 -1316.0000000000
7224 -1315.0000000000
7280 -1314.0000000000
7283 -1313.0000000000
7333 -1312.0000000000
7358 -1310.0000000000
7399 -1309.0000000000
7403 -1307.0000000000
7431 -1306.0000000000
7446 -1305.0000000000
7482 -1301.0000000000
7519 -1300.0000000000
7542 -1299.0000000000
7581 -1296.0000000000
7624 -1295.0000000000
7644 -1294.0000000000
7668 -1293.0000000000
7678 -1292.0000000000
7704 -1291.0000000000
7745 -1290.0000000000
7746 -1289.0000000000
7769 -1288.0000000000
7781 -1287.0000000000
7792 -1286.0000000000
7811 -1285.0000000000
7825 -1282.0000000000
7867 -1281.0000000000
7916 -1280.0000000000
7933 -1279.0000000000
7942 -1277.0000000000
7961 -1276.0000000000
7986 -1274.0000000000
8041 -1272.0000000000
8049 -1271.0000000000
8064 -1270.0000000000
8110 -1269.0000000000
8135 -1264.0000000000
8143 -1263.0000000000
8185 -1262.0000000000
8188 -1261.0000000000
8230 -1260.0000000000
8236 -1258.0000000000
8277 -1256.0000000000
8315 -1255.0000000000
8329 -1254.0000000000
8345 -1253.0000000000
8382 -1251.0000000000
8407 -1250.0000000000
8433 -1249.0000000000
8435 -1248.0000000000
8462 -1247.0000000000
8475 -1246.0000000000
8506 -1245.0000000000
8520 -1244.0000000000
8539 -1243.0000000000
8564 -1241.0000000000
8572 -1238.0000000000
8627 -1237.0000000000
8648 -1236.0000000000
8666 -1234.0000000000
8704 -1232.0000000000
8747 -1231.0000000000
8782 -1229.0000000000
8827 -1228.0000000000
8836 -1225.0000000000
8905 -1222.0000000000
8945 -1221.0000000000
8987 -1219.0000000000
9004 -1215.0000000000
9061 -1210.0000000000
9122 -1209.0000000000
9132 -1206.0000000000
9182 -1205.0000000000
9193 -1203.0000000000
9221 -1201.0000000000
9277 -1199.0000000000
9302 -1197.0000000000
9355 -1196.0000000000
9370 -1192.0000000000
9431 -1191.0000000000
9449 -1190.0000000000
9467 -1189.0000000000
9503 -1188.0000000000
9544 -1187.0000000000
9578 -1186.0000000000
9586 -1185.0000000000
9610 -1184.0000000000
9622 -1183.0000000000
9624 -1182.0000000000
9672 -1180.0000000000
9713 -1179.0000000000
9718 -1177.0000000000
9764 -1176.0000000000
9787 -1175.0000000000
9790 -1174.0000000000
9821 -1172.0000000000
9861 -1167.0000000000
9944 -1163.0000000000
9999 -1162.0000000000
10020 -1162.0000000000
evaluations raw_y
1 -1981.0000000000
3 -1978.0000000000
6 -1960.0000000000
17 -1956.0000000000
37 -1945.0000000000
48 -1937.0000000000
61 -1926.0000000000
63 -1916.0000000000
65 -1905.0000000000
102 -1894.0000000000
119 -1889.0000000000
135 -1886.0000000000
143 -1877.0000000000
146 -1873.0000000000
153 -1869.0000000000
162 -1864.0000000000
184 -1834.0000000000
225 -1824.0000000000
258 -1815.0000000000
266 -1791.0000000000
303 -1790.0000000000
314 -1773.0000000000
319 -1772.0000000000
348 -1759.0000000000
356 -1739.0000000000
391 -1738.0000000000
398 -1731.0000000000
439 -1730.0000000000
448 -1729.0000000000
451 -1725.0000000000
458 -1722.0000000000
474 -1720.0000000000
482 -1719.0000000000
488 -1717.0000000000
504 -1714.0000000000
508 -1710.0000000000
528 -1703.0000000000
541 -1702.0000000000
548 -1692.0000000000
592 -1689.0000000000
608 -1688.0000000000
626 -1679.0000000000
633 -1675.0000000000
671 -1672.0000000000
705 -1670.0000000000
714 -1666.0000000000
747 -1664.0000000000
784 -1660.0000000000
804 -1656.0000000000
840 -1655.0000000000
862 -1654.0000000000
865 -1653.0000000000
887 -1652.0000000000
899 -1651.0000000000
901 -1648.0000000000
906 -1646.0000000000
944 -1644.0000000000
947 -1643.0000000000
984 -1642.0000000000
986 -1641.0000000000
1004 -1639.0000000000
1016 -1634.0000000000
1026 -1633.0000000000
1063 -1632.0000000000
1067 -1631.0000000000
1106 -1630.0000000000
1122 -1629.0000000000
1125 -1628.0000000000
1151 -1627.0000000000
1185 -1626.0000000000
1195 -1625.0000000000
1221 -1623.0000000000
1255 -1622.0000000000
1258 -1621.0000000000
1264 -1620.0000000000
1301 -1619.0000000000
1312 -1618.0000000000
1318 -1617.0000000000
1344 -1615.0000000000
1375 -1612.0000000000
1422 -1611.0000000000
1424 -1608.0000000000
1470 -1607.0000000000
1511 -1604.0000000000
1514 -1603.0000000000
1560 -1602.0000000000
1587 -1601.0000000000
1596 -1600.0000000000
1616 -1599.0000000000
1636 -1597.0000000000
1683 -1596.0000000000
1703 -1595.0000000000
1724 -1594.0000000000
1748 -1591.0000000000
1788 -1588.0000000000
1852 -1587.0000000000
1862 -1583.0000000000
1930 -1581.0000000000
1948 -1580.0000000000
1992 -1579.0000000000
1995 -1578.0000000000
2027 -1577.0000000000
2041 -1576.0000000000
2075 -1574.0000000000
2101 -1572.0000000000
2148 -1571.0000000000
2160 -1570.0000000000
2182 -1569.0000000000
2185 -1568.0000000000
2187 -1567.0000000000
2235 -1566.0000000000
2242 -1565.0000000000
2271 -1563.0000000000
2276 -1561.0000000000
2333 -1559.0000000000
2345 -1558.0000000000
2373 -1556.0000000000
2402 -1554.0000000000
2441 -1551.0000000000
2481 -1550.0000000000
2506 -1545.0000000000
2557 -1543.0000000000
2581 -1542.0000000000
2584 -1541.0000000000
2627 -1539.0000000000
2648 -1537.0000000000
2674 -1536.0000000000
2695 -1535.0000000000
2710 -1534.0000000000
2716 -1533.0000000000
2741 -1530.0000000000
2761 -1527.0000000000
2783 -1526.0000000000
2806 -1525.0000000000
2825 -1524.0000000000
2847 -1523.0000000000
2863 -1522.0000000000
2881 -1520.0000000000
2901 -1519.0000000000
2931 -1518.0000000000
2933 -1515.0000000000
2966 -1513.0000000000
2982 -1509.0000000000
3022 -1507.0000000000
3041 -1506.0000000000
3072 -1504.0000000000
3102 -1503.0000000000
3105 -1502.0000000000
3110 -1501.0000000000
3150 -1499.0000000000
3158 -1496.0000000000
3183 -1495.0000000000
3208 -1492.0000000000
3264 -1489.0000000000
3304 -1488.0000000000
3339 -1487.0000000000
3351 -1485.0000000000
3386 -1482.0000000000
3429 -1480.0000000000
3466 -1477.0000000000
3506 -1474.0000000000
3547 -1471.0000000000
3588 -1470.0000000000
3624 -1469.0000000000
3646 -1467.0000000000
3665 -1466.0000000000
3704 -1465.0000000000
3706 -1464.0000000000
3727 -1463.0000000000
3741 -1462.0000000000
3756 -1460.0000000000
3786 -1457.0000000000
3798 -1456.0000000000
3864 -1455.0000000000
3870 -1453.0000000000
3883 -1452.0000000000
3910 -1451.0000000000
3920 -1450.0000000000
3955 -1448.0000000000
3981 -1447.0000000000
4020 -1446.0000000000
4024 -1445.0000000000
4028 -1444.0000000000
4029 -1443.0000000000
4061 -1440.0000000000
4102 -1439.0000000000
4151 -1438.0000000000
4181 -1437.0000000000
4195 -1436.0000000000
4198 -1435.0000000000
4222 -1434.0000000000
4236 -1432.0000000000
4276 -1430.0000000000
4306 -1428.0000000000
4343 -1426.0000000000
4361 -1425.0000000000
4364 -1422.0000000000
4383 -1421.0000000000
4399 -1419.0000000000
4428 -1418.0000000000
4440 -1417.0000000000
4493 -1416.0000000000
4502 -1413.0000000000
4540 -1412.0000000000
4543 -1411.0000000000
4573 -1410.0000000000
4595 -1409.0000000000
4620 -1408.0000000000
4628 -1406.0000000000
4682 -1405.0000000000
4686 -1402.0000000000
4721 -1400.0000000000
4746 -1398.0000000000
4808 -1397.0000000000
4821 -1396.0000000000
4824 -1395.0000000000
4851 -1394.0000000000
4884 -1391.0000000000
4921 -1388.0000000000
4978 -1387.0000000000
4986 -1386.0000000000
5025 -1384.0000000000
5043 -1382.0000000000
5069 -1381.0000000000
5106 -1379.0000000000
5118 -1378.0000000000
5160 -1377.0000000000
5183 -1375.0000000000
5224 -1374.0000000000
5256 -1372.0000000000
5284 -1370.0000000000
5301 -1368.0000000000
5348 -1365.0000000000
5382 -1364.0000000000
5422 -1362.0000000000
5455 -1361.0000000000
5465 -1359.0000000000
5505 -1358.0000000000
5513 -1357.0000000000
5549 -1356.0000000000
5559 -1355.0000000000
5587 -1353.0000000000
5605 -1352.0000000000
5668 -1351.0000000000
5671 -1349.0000000000
5699 -1348.0000000000
5706 -1347.0000000000
5742 -1346.0000000000
5748 -1345.0000000000
5754 -1344.0000000000
5784 -1343.0000000000
5788 -1341.0000000000
5826 -1340.0000000000
5858 -1339.0000000000
5876 -1337.0000000000
5911 -1336.0000000000
5930 -1335.0000000000
5954 -1334.0000000000
5982 -1333.0000000000
5996 -1331.0000000000
6027 -1330.0000000000
6033 -1329.0000000000
6063 -1327.0000000000
6102 -1326.0000000000
6112 -1325.0000000000
6113 -1324.0000000000
6146 -1323.0000000000
6153 -1322.0000000000
6181 -1321.0000000000
6197 -1320.0000000000
6221 -1318.0000000000
6257 -1317.0000000000
6279 -1314.0000000000
6314 -1313.0000000000
6369 -1312.0000000000
6370 -1309.0000000000
6372 -1307.0000000000
6462 -1306.0000000000
6464 -1304.0000000000
6502 -1303.0000000000
6512 -1302.0000000000
6517 -1300.0000000000
6584 -1296.0000000000
6626 -1295.0000000000
6669 -1294.0000000000
6703 -1293.0000000000
6706 -1291.0000000000
6741 -1290.0000000000
6787 -1289.0000000000
6795 -1288.0000000000
6800 -1287.0000000000
6825 -1285.0000000000
6883 -1284.0000000000
6906 -1282.0000000000
6955 -1281.0000000000
6981 -1279.0000000000
6986 -1277.0000000000
7044 -1276.0000000000
7109 -1275.0000000000
7114 -1273.0000000000
7160 -1272.0000000000
7188 -1271.0000000000
7190 -1270.0000000000
7191 -1269.0000000000
7221 -1266.0000000000
7303 -1265.0000000000
7309 -1263.0000000000
7341 -1261.0000000000
7352 -1260.0000000000
7372 -1259.0000000000
7387 -1257.0000000000
7432 -1256.0000000000
7470 -1255.0000000000
7504 -1254.0000000000
7534 -1253.0000000000
7543 -1252.0000000000
7548 -1250.0000000000
7586 -1248.0000000000
7624 -1245.0000000000
7636 -1244.0000000000
7664 -1243.0000000000
7680 -1241.0000000000
7740 -1238.0000000000
7776 -1237.0000000000
7803 -1235.0000000000
7860 -1232.0000000000
7908 -1231.0000000000
7942 -1229.0000000000
7971 -1228.0000000000
7992 -1226.0000000000
8013 -1224.0000000000
8034 -1223.0000000000
8063 -1222.0000000000
8067 -1221.0000000000
8110 -1219.0000000000
8165 -1217.0000000000
8207 -1216.0000000000
8224 -1215.0000000000
8245 -1212.0000000000
8280 -1211.0000000000
8303 -1210.0000000000
8336 -1209.0000000000
8342 -1208.0000000000
8385 -1207.0000000000
8394 -1206.0000000000
8470 -1205.0000000000
8482 -1204.0000000000
8486 -1202.0000000000
8508 -1201.0000000000
8556 -1199.0000000000
8587 -1198.0000000000
8615 -1197.0000000000
8622 -1195.0000000000
8662 -1194.0000000000
8702 -1193.0000000000
8744 -1192.0000000000
8754 -1191.0000000000
8756 -1190.0000000000
8828 -1189.0000000000
8858 -1188.0000000000
8871 -1187.0000000000
8904 -1185.0000000000
8905 -1184.0000000000
8951 -1183.0000000000
8989 -1181.0000000000
9022 -1180.0000000000
9065 -1179.0000000000
9067 -1178.0000000000
9079 -1176.0000000000
9121 -1174.0000000000
9142 -1173.0000000000
9156 -1172.0000000000
9210 -1170.0000000000
9238 -1168.0000000000
9272 -1167.0000000000
9273 -1166.0000000000
9308 -1163.0000000000
9349 -1162.0000000000
9360 -1159.0000000000
9397 -1158.0000000000
9415 -1157.0000000000
9433 -1156.0000000000
9457 -1155.0000000000
9466 -1151.0000000000
9514 -1148.0000000000
9558 -1147.0000000000
9591 -1146.0000000000
9592 -1145.0000000000
9629 -1143.0000000000
9677 -1142.0000000000
9688 -1140.0000000000
9710 -1139.0000000000
9714 -1138.0000000000
9766 -1137.0000000000
9768 -1136.0000000000
9781 -1135.0000000000
9784 -1134.0000000000
9830 -1133.0000000000
9838 -1131.0000000000
9862 -1129.0000000000
9900 -1128.0000000000
9903 -1126.0000000000
9950 -1123.0000000000
9992 -1121.0000000000
10020 -1126.0000000000
evaluations raw_y
1 -1988.0000000000
7 -1950.0000000000
28 -1943.0000000000
30 -1934.0000000000
54 -1921.0000000000
84 -1902.0000000000
113 -1877.0000000000
127 -1876.0000000000
143 -1865.0000000000
162 -1853.0000000000
168 -1852.0000000000
178 -1832.0000000000
197 -1817.0000000000
212 -1803.0000000000
248 -1802.0000000000
261 -1776.0000000000
304 -1770.0000000000
321 -1764.0000000000
326 -1761.0000000000
339 -1751.0000000000
344 -1745.0000000000
389 -1729.0000000000
421 -1725.0000000000
469 -1720.0000000000
475 -1719.0000000000
478 -1716.0000000000
488 -1715.0000000000
507 -1705.0000000000
514 -1701.0000000000
523 -1699.0000000000
540 -1696.0000000000
545 -1683.0000000000
584 -1678.0000000000
587 -1674.0000000000
633 -1664.0000000000
650 -1661.0000000000
723 -1656.0000000000
727 -1653.0000000000
747 -1652.0000000000
755 -1641.0000000000
783 -1640.0000000000
804 -1634.0000000000
824 -1632.0000000000
863 -1631.0000000000
874 -1626.0000000000
924 -1624.0000000000
946 -1623.0000000000
957 -1621.0000000000
986 -1620.0000000000
991 -1619.0000000000
998 -1618.0000000000
1009 -1617.0000000000
1024 -1616.0000000000
1028 -1614.0000000000
1063 -1612.0000000000
1085 -1611.0000000000
1092 -1609.0000000000
1132 -1604.0000000000
1172 -1603.0000000000
1213 -1602.0000000000
1224 -1601.0000000000
1247 -1600.0000000000
1254 -1599.0000000000
1261 -1598.0000000000
1266 -1597.0000000000
1301 -1595.0000000000
1309 -1594.0000000000
1344 -1593.0000000000
1351 -1592.0000000000
1386 -1590.0000000000
1394 -1589.0000000000
1432 -1588.0000000000
1438 -1586.0000000000
1456 -1585.0000000000
1463 -1583.0000000000
1489 -1580.0000000000
1524 -1578.0000000000
1545 -1577.0000000000
1550 -1576.0000000000
1581 -1575.0000000000
1590 -1574.0000000000
1624 -1573.0000000000
1630 -1572.0000000000
1662 -1568.0000000000
1701 -1567.0000000000
1715 -1565.0000000000
1771 -1564.0000000000
1775 -1563.0000000000
1795 -1562.0000000000
1797 -1561.0000000000
1818 -1560.0000000000
1831 -1555.0000000000
1908 -1553.0000000000
1941 -1551.0000000000
1943 -1550.0000000000
2016 -1549.0000000000
2028 -1548.0000000000
2062 -1547.0000000000
2064 -1545.0000000000
2112 -1543.0000000000
2143 -1542.0000000000
2159 -1539.0000000000
2195 -1538.0000000000
2200 -1537.0000000000
2232 -1536.0000000000
2246 -1534.0000000000
2267 -1532.0000000000
2305 -1529.0000000000
2350 -1528.0000000000
2357 -1526.0000000000
2387 -1525.0000000000
2410 -1524.0000000000
2455 -1522.0000000000
2468 -1519.0000000000
2503 -1517.0000000000
2542 -1514.0000000000
2590 -1512.0000000000
2623 -1509.0000000000
2684 -1508.0000000000
2698 -1505.0000000000
2714 -1504.0000000000
2749 -1503.0000000000
2778 -1502.0000000000
2786 -1501.0000000000
2818 -1498.0000000000
2863 -1497.0000000000
2873 -1496.0000000000
2879 -1495.0000000000
2913 -1494.0000000000
2936 -1493.0000000000
2951 -1492.0000000000
2953 -1491.0000000000
2960 -1490.0000000000
2982 -1489.0000000000
3023 -1488.0000000000
3033 -1487.0000000000
3062 -1486.0000000000
3076 -1485.0000000000
3084 -1483.0000000000
3125 -1482.0000000000
3153 -1481.0000000000
3159 -1480.0000000000
3178 -1479.0000000000
3197 -1478.0000000000
3213 -1477.0000000000
3226 -1476.0000000000
3230 -1473.0000000000
3264 -1472.0000000000
3301 -1470.0000000000
3354 -1469.0000000000
3355 -1467.0000000000
3383 -1466.0000000000
3415 -1465.0000000000
3419 -1464.0000000000
3432 -1463.0000000000
3468 -1462.0000000000
3474 -1459.0000000000
3504 -1458.0000000000
3507 -1457.0000000000
3541 -1455.0000000000
3565 -1453.0000000000
3583 -1449.0000000000
3638 -1448.0000000000
3654 -1446.0000000000
3673 -1443.0000000000
3717 -1442.0000000000
3741 -1441.0000000000
3749 -1440.0000000000
3759 -1439.0000000000
3764 -1438.0000000000
3774 -1437.0000000000
3793 -1436.0000000000
3825 -1433.0000000000
3867 -1432.0000000000
3889 -1431.0000000000
3911 -1430.0000000000
3935 -1427.0000000000
3950 -1426.0000000000
3994 -1422.0000000000
4022 -1421.0000000000
4065 -1420.0000000000
4069 -1419.0000000000
4136 -1418.0000000000
4150 -1417.0000000000
4157 -1414.0000000000
4248 -1412.0000000000
4264 -1410.0000000000
4303 -1408.0000000000
4361 -1407.0000000000
4410 -1406.0000000000
4437 -1405.0000000000
4464 -1404.0000000000
4479 -1403.0000000000
4481 -1401.0000000000
4501 -1400.0000000000
4525 -1399.0000000000
4546 -1397.0000000000
4551 -1396.0000000000
4604 -1395.0000000000
4628 -1393.0000000000
4662 -1392.0000000000
4684 -1391.0000000000
4697 -1388.0000000000
4718 -1387.0000000000
4743 -1383.0000000000
4792 -1381.0000000000
4823 -1378.0000000000
4835 -1377.0000000000
4875 -1374.0000000000
4944 -1371.0000000000
4962 -1369.0000000000
4989 -1368.0000000000
5023 -1367.0000000000
5058 -1365.0000000000
5081 -1364.0000000000
5110 -1362.0000000000
5144 -1361.0000000000
5155 -1359.0000000000
5205 -1358.0000000000
5227 -1356.0000000000
5236 -1354.0000000000
5278 -1352.0000000000
5316 -1351.0000000000
5335 -1350.0000000000
5343 -1349.0000000000
5386 -1348.0000000000
5391 -1347.0000000000
5422 -1345.0000000000
5423 -1344.0000000000
5456 -1342.0000000000
5473 -1341.0000000000
5493 -1340.0000000000
5538 -1339.0000000000
5546 -1337.0000000000
5596 -1336.0000000000
5614 -1335.0000000000
5621 -1334.0000000000
5663 -1333.0000000000
5675 -1332.0000000000
5700 -1331.0000000000
5713 -1330.0000000000
5729 -1329.0000000000
5781 -1328.0000000000
5794 -1325.0000000000
5850 -1322.0000000000
5873 -1320.0000000000
5908 -1319.0000000000
5929 -1318.0000000000
5953 -1317.0000000000
5983 -1316.0000000000
5989 -1315.0000000000
5998 -1314.0000000000
6022 -1313.0000000000
6035 -1311.0000000000
6052 -1310.0000000000
6089 -1308.0000000000
6102 -1307.0000000000
6112 -1306.0000000000
6149 -1305.0000000000
6165 -1304.0000000000
6177 -1303.0000000000
6183 -1301.0000000000
6222 -1300.0000000000
6232 -1299.0000000000
6252 -1298.0000000000
6266 -1295.0000000000
6344 -1294.0000000000
6348 -1293.0000000000
6356 -1292.0000000000
6372 -1291.0000000000
6394 -1289.0000000000
6439 -1287.0000000000
6456 -1286.0000000000
6466 -1285.0000000000
6501 -1283.0000000000
6528 -1282.0000000000
6542 -1281.0000000000
6568 -1280.0000000000
6582 -1279.0000000000
6609 -1278.0000000000
6622 -1276.0000000000
6650 -1275.0000000000
6662 -1268.0000000000
6748 -1266.0000000000
6793 -1265.0000000000
6796 -1264.0000000000
6812 -1263.0000000000
6833 -1261.0000000000
6866 -1260.0000000000
6869 -1259.0000000000
6902 -1256.0000000000
6975 -1255.0000000000
6996 -1254.0000000000
7018 -1253.0000000000
7021 -1252.0000000000
7053 -1251.0000000000
7061 -1249.0000000000
7076 -1248.0000000000
7084 -1247.0000000000
7106 -1246.0000000000
7112 -1245.0000000000
7145 -1240.0000000000
7234 -1239.0000000000
7243 -1238.0000000000
7265 -1237.0000000000
7289 -1236.0000000000
7301 -1235.0000000000
7306 -1234.0000000000
7324 -1233.0000000000
7353 -1232.0000000000
7392 -1230.0000000000
7422 -1226.0000000000
7461 -1224.0000000000
7515 -1223.0000000000
7544 -1221.0000000000
7590 -1220.0000000000
7599 -1219.0000000000
7626 -1216.0000000000
7663 -1215.0000000000
7711 -1214.0000000000
7753 -1213.0000000000
7779 -1212.0000000000
7814 -1210.0000000000
7832 -1209.0000000000
7873 -1208.0000000000
7875 -1206.0000000000
7906 -1205.0000000000
7946 -1202.0000000000
7990 -1201.0000000000
7998 -1200.0000000000
8004 -1199.0000000000
8042 -1197.0000000000
8074 -1195.0000000000
8105 -1192.0000000000
8190 -1191.0000000000
8199 -1190.0000000000
8230 -1188.0000000000
8256 -1187.0000000000
8264 -1186.0000000000
8315 -1185.0000000000
8336 -1184.0000000000
8345 -1183.0000000000
8367 -1181.0000000000
8386 -1179.0000000000
8422 -1177.0000000000
8425 -1175.0000000000
8491 -1173.0000000000
8511 -1171.0000000000
8539 -1170.0000000000
8552 -1169.0000000000
8584 -1168.0000000000
8589 -1167.0000000000
8628 -1164.0000000000
8659 -1163.0000000000
8667 -1162.0000000000
8713 -1161.0000000000
8717 -1159.0000000000
8772 -1158.0000000000
8776 -1156.0000000000
8807 -1153.0000000000
8809 -1152.0000000000
8863 -1151.0000000000
8893 -1150.0000000000
8918 -1149.0000000000
8945 -1147.0000000000
8988 -1146.0000000000
9026 -1144.0000000000
9052 -1142.0000000000
9087 -1141.0000000000
9126 -1140.0000000000
9142 -1139.0000000000
9160 -1138.0000000000
9167 -1137.0000000000
9184 -1135.0000000000
9222 -1134.0000000000
9263 -1132.0000000000
9314 -1131.0000000000
9342 -1129.0000000000
9390 -1127.0000000000
9428 -1126.0000000000
9437 -1125.0000000000
9463 -1124.0000000000
9480 -1122.0000000000
9509 -1121.0000000000
9547 -1120.0000000000
9572 -1119.0000000000
9583 -1118.0000000000
9602 -1116.0000000000
9632 -1114.0000000000
9676 -1112.0000000000
9704 -1111.0000000000
9760 -1110.0000000000
9761 -1109.0000000000
9770 -1107.0000000000
9793 -1104.0000000000
9835 -1102.0000000000
9892 -1101.0000000000
9943 -1099.0000000000
9963 -1098.0000000000
9988 -1097.0000000000
10014 -1095.0000000000
10020 -1101.0000000000
evaluations raw_y
1 -2024.0000000000
2 -2007.0000000000
3 -1999.0000000000
4 -1969.0000000000
9 -1968.0000000000
23 -1960.0000000000
36 -1947.0000000000
48 -1924.0000000000
64 -1917.0000000000
72 -1912.0000000000
77 -1909.0000000000
117 -1906.0000000000
127 -1887.0000000000
145 -1873.0000000000
147 -1866.0000000000
181 -1862.0000000000
190 -1852.0000000000
217 -1848.0000000000
235 -1830.0000000000
288 -1826.0000000000
297 -1824.0000000000
302 -1821.0000000000
303 -1808.0000000000
342 -1804.0000000000
351 -1799.0000000000
353 -1798.0000000000
360 -1797.0000000000
385 -1796.0000000000
391 -1783.0000000000
408 -1773.0000000000
429 -1764.0000000000
432 -1762.0000000000
464 -1748.0000000000
501 -1746.0000000000
513 -1739.0000000000
536 -1738.0000000000
546 -1734.0000000000
571 -1733.0000000000
597 -1730.0000000000
615 -1725.0000000000
621 -1724.0000000000
638 -1719.0000000000
654 -1715.0000000000
668 -1710.0000000000
681 -1708.0000000000
709 -1706.0000000000
716 -1704.0000000000
744 -1703.0000000000
765 -1701.0000000000
768 -1699.0000000000
789 -1698.0000000000
793 -1693.0000000000
822 -1692.0000000000
827 -1691.0000000000
834 -1689.0000000000
863 -1684.0000000000
899 -1683.0000000000
909 -1682.0000000000
916 -1679.0000000000
938 -1678.0000000000
941 -1675.0000000000
977 -1673.0000000000
993 -1671.0000000000
1024 -1668.0000000000
1066 -1666.0000000000
1075 -1664.0000000000
1092 -1662.0000000000
1120 -1660.0000000000
1145 -1658.0000000000
1166 -1657.0000000000
1170 -1655.0000000000
1186 -1654.0000000000
1222 -1653.0000000000
1238 -1652.0000000000
1239 -1650.0000000000
1266 -1647.0000000000
1276 -1645.0000000000
1306 -1644.0000000000
1307 -1643.0000000000
1352 -1642.0000000000
1360 -1640.0000000000
1384 -1637.0000000000
1450 -1634.0000000000
1462 -1633.0000000000
1514 -1631.0000000000
1541 -1629.0000000000
1550 -1627.0000000000
1615 -1625.0000000000
1621 -1622.0000000000
1675 -1620.0000000000
1718 -1619.0000000000
1726 -1615.0000000000
1794 -1614.0000000000
1807 -1613.0000000000
1822 -1611.0000000000
1865 -1607.0000000000
1914 -1605.0000000000
1921 -1604.0000000000
1943 -1603.0000000000
1982 -1602.0000000000
1989 -1601.0000000000
1995 -1600.0000000000
1997 -1599.0000000000
2013 -1598.0000000000
2026 -1596.0000000000
2061 -1594.0000000000
2070 -1592.0000000000
2082 -1590.0000000000
2113 -1589.0000000000
2153 -1588.0000000000
2158 -1587.0000000000
2160 -1583.0000000000
2222 -1582.0000000000
2232 -1580.0000000000
2265 -1579.0000000000
2268 -1576.0000000000
2305 -1573.0000000000
2347 -1571.0000000000
2364 -1570.0000000000
2384 -1567.0000000000
2423 -1565.0000000000
2454 -1562.0000000000
2508 -1561.0000000000
2519 -1559.0000000000
2544 -1558.0000000000
2548 -1556.0000000000
2562 -1555.0000000000
2581 -1554.0000000000
2626 -1553.0000000000
2627 -1551.0000000000
2641 -1549.0000000000
2701 -1548.0000000000
2703 -1547.0000000000
2726 -1545.0000000000
2742 -1543.0000000000
2782 -1542.0000000000
2794 -1536.0000000000
2851 -1535.0000000000
2871 -1533.0000000000
2880 -1532.0000000000
2907 -1530.0000000000
2930 -1528.0000000000
2945 -1527.0000000000
2958 -1526.0000000000
2987 -1525.0000000000
3022 -1524.0000000000
3047 -1523.0000000000
3058 -1522.0000000000
3063 -1521.0000000000
3086 -1520.0000000000
3092 -1519.0000000000
3124 -1518.0000000000
3146 -1517.0000000000
3155 -1516.0000000000
3179 -1515.0000000000
3185 -1514.0000000000
3223 -1508.0000000000
3263 -1507.0000000000
3272 -1506.0000000000
3351 -1503.0000000000
3383 -1502.0000000000
3389 -1500.0000000000
3426 -1499.0000000000
3471 -1496.0000000000
3511 -1495.0000000000
3542 -1494.0000000000
3558 -1493.0000000000
3582 -1492.0000000000
3583 -1491.0000000000
3592 -1490.0000000000
3636 -1488.0000000000
3664 -1487.0000000000
3693 -1486.0000000000
3700 -1484.0000000000
3744 -1483.0000000000
3745 -1482.0000000000
3751 -1480.0000000000
3791 -1479.0000000000
3821 -1478.0000000000
3831 -1477.0000000000
3834 -1473.0000000000
3873 -1472.0000000000
3890 -1470.0000000000
3907 -1468.0000000000
3944 -1467.0000000000
3958 -1466.0000000000
3980 -1463.0000000000
4002 -1462.0000000000
4024 -1460.0000000000
4072 -1459.0000000000
4104 -1458.0000000000
4110 -1457.0000000000
4136 -1456.0000000000
4142 -1453.0000000000
4206 -1452.0000000000
4207 -1450.0000000000
4225 -1449.0000000000
4261 -1445.0000000000
4301 -1442.0000000000
4335 -1441.0000000000
4348 -1440.0000000000
4365 -1439.0000000000
4381 -1437.0000000000
4385 -1435.0000000000
4426 -1429.0000000000
4504 -1428.0000000000
4510 -1427.0000000000
4541 -1426.0000000000
4548 -1424.0000000000
4583 -1423.0000000000
4585 -1422.0000000000
4606 -1420.0000000000
4625 -1419.0000000000
4627 -1417.0000000000
4665 -1416.0000000000
4706 -1414.0000000000
4742 -1413.0000000000
4757 -1412.0000000000
4782 -1410.0000000000
4810 -1409.0000000000
4861 -1407.0000000000
4910 -1403.0000000000
4974 -1401.0000000000
4991 -1400.0000000000
5025 -1398.0000000000
5049 -1396.0000000000
5095 -1393.0000000000
5112 -1391.0000000000
5166 -1388.0000000000
5204 -1387.0000000000
5213 -1385.0000000000
5235 -1381.0000000000
5309 -1380.0000000000
5334 -1379.0000000000
5347 -1377.0000000000
5388 -1376.0000000000
5392 -1375.0000000000
5461 -1374.0000000000
5467 -1373.0000000000
5502 -1371.0000000000
5517 -1370.0000000000
5575 -1369.0000000000
5583 -1368.0000000000
5586 -1366.0000000000
5603 -1364.0000000000
5639 -1363.0000000000
5661 -1362.0000000000
5664 -1360.0000000000
5711 -1357.0000000000
5739 -1356.0000000000
5755 -1352.0000000000
5782 -1350.0000000000
5845 -1349.0000000000
5848 -1348.0000000000
5862 -1345.0000000000
5897 -1344.0000000000
5935 -1343.0000000000
5943 -1342.0000000000
5950 -1340.0000000000
5982 -1339.0000000000
5990 -1338.0000000000
6022 -1336.0000000000
6036 -1335.0000000000
6092 -1334.0000000000
6093 -1333.0000000000
6096 -1331.0000000000
6145 -1329.0000000000
6221 -1327.0000000000
6231 -1325.0000000000
6266 -1323.0000000000
6320 -1322.0000000000
6325 -1321.0000000000
6368 -1319.0000000000
6383 -1317.0000000000
6422 -1316.0000000000
6458 -1315.0000000000
6469 -1312.0000000000
6512 -1311.0000000000
6529 -1310.0000000000
6555 -1309.0000000000
6571 -1308.0000000000
6615 -1307.0000000000
6627 -1306.0000000000
6636 -1305.0000000000
6664 -1304.0000000000
6666 -1303.0000000000
6687 -1302.0000000000
6713 -1299.0000000000
6784 -1298.0000000000
6825 -1296.0000000000
6855 -1293.0000000000
6892 -1291.0000000000
6921 -1290.0000000000
6941 -1289.0000000000
6955 -1288.0000000000
6985 -1285.0000000000
6998 -1283.0000000000
7043 -1281.0000000000
7068 -1280.0000000000
7083 -1278.0000000000
7123 -1277.0000000000
7148 -1276.0000000000
7181 -1275.0000000000
7196 -1274.0000000000
7231 -1273.0000000000
7234 -1272.0000000000
7242 -1270.0000000000
7262 -1269.0000000000
7300 -1268.0000000000
7311 -1267.0000000000
7314 -1266.0000000000
7342 -1265.0000000000
7344 -1263.0000000000
7374 -1262.0000000000
7421 -1259.0000000000
7464 -1257.0000000000
7508 -1256.0000000000
7517 -1254.0000000000
7546 -1253.0000000000
7582 -1251.0000000000
7608 -1250.0000000000
7627 -1249.0000000000
7667 -1248.0000000000
7679 -1247.0000000000
7704 -1244.0000000000
7728 -1243.0000000000
7742 -1242.0000000000
7787 -1241.0000000000
7791 -1240.0000000000
7796 -1239.0000000000
7823 -1238.0000000000
7847 -1237.0000000000
7869 -1236.0000000000
7871 -1234.0000000000
7874 -1233.0000000000
7902 -1232.0000000000
7945 -1231.0000000000
7975 -1230.0000000000
7982 -1229.0000000000
7998 -1228.0000000000
8023 -1225.0000000000
8068 -1224.0000000000
8070 -1222.0000000000
8073 -1221.0000000000
8108 -1220.0000000000
8123 -1218.0000000000
8155 -1216.0000000000
8192 -1215.0000000000
8225 -1213.0000000000
8256 -1212.0000000000
8262 -1211.0000000000
8304 -1209.0000000000
8314 -1208.0000000000
8375 -1207.0000000000
8385 -1205.0000000000
8421 -1204.0000000000
8426 -1203.0000000000
8436 -1201.0000000000
8465 -1200.0000000000
8501 -1197.0000000000
8503 -1196.0000000000
8551 -1195.0000000000
8572 -1194.0000000000
8581 -1193.0000000000
8588 -1192.0000000000
8623 -1190.0000000000
8663 -1189.0000000000
8668 -1188.0000000000
8704 -1185.0000000000
8756 -1183.0000000000
8805 -1179.0000000000
8862 -1178.0000000000
8863 -1175.0000000000
8908 -1173.0000000000
8952 -1172.0000000000
8962 -1171.0000000000
8990 -1168.0000000000
9030 -1167.0000000000
9070 -1166.0000000000
9089 -1165.0000000000
9101 -1163.0000000000
9140 -1162.0000000000
9141 -1160.0000000000
9148 -1159.0000000000
9156 -1158.0000000000
9198 -1156.0000000000
9223 -1155.0000000000
9253 -1154.0000000000
9265 -1153.0000000000
9283 -1152.0000000000
9305 -1151.0000000000
9308 -1150.0000000000
9312 -1147.0000000000
9360 -1146.0000000000
9389 -1145.0000000000
9404 -1142.0000000000
9447 -1140.0000000000
9469 -1139.0000000000
9472 -1137.0000000000
9517 -1135.0000000000
9569 -1133.0000000000
9593 -1132.0000000000
9602 -1131.0000000000
9629 -1129.0000000000
9659 -1128.0000000000
9669 -1127.0000000000
9727 -1126.0000000000
9737 -1125.0000000000
9742 -1124.0000000000
9752 -1123.0000000000
9790 -1122.0000000000
9800 -1121.0000000000
9824 -1119.0000000000
9838 -1117.0000000000
9905 -1116.0000000000
9942 -1115.0000000000
9958 -1113.0000000000
9983 -1112.0000000000
10020 -1117.0000000000
evaluations raw_y
1 -2010.0000000000
5 -1974.0000000000
16 -1961.0000000000
28 -1938.0000000000
62 -1937.0000000000
63 -1929.0000000000
99 -1928.0000000000
101 -1913.0000000000
106 -1904.0000000000
141 -1903.0000000000
145 -1880.0000000000
154 -1871.0000000000
181 -1864.0000000000
185 -1849.0000000000
234 -1834.0000000000
263 -1833.0000000000
272 -1823.0000000000
304 -1816.0000000000
309 -1806.0000000000
342 -1802.0000000000
354 -1799.0000000000
371 -1798.0000000000
383 -1796.0000000000
390 -1785.0000000000
429 -1784.0000000000
434 -1782.0000000000
449 -1774.0000000000
469 -1760.0000000000
473 -1753.0000000000
526 -1748.0000000000
564 -1745.0000000000
585 -1743.0000000000
593 -1742.0000000000
621 -1740.0000000000
634 -1733.0000000000
661 -1732.0000000000
665 -1729.0000000000
702 -1722.0000000000
741 -1719.0000000000
786 -1717.0000000000
812 -1716.0000000000
821 -1713.0000000000
863 -1711.0000000000
886 -1707.0000000000
908 -1702.0000000000
945 -1700.0000000000
966 -1698.0000000000
996 -1693.0000000000
1028 -1692.0000000000
1038 -1691.0000000000
1056 -1690.0000000000
1061 -1689.0000000000
1070 -1688.0000000000
1095 -1686.0000000000
1112 -1685.0000000000
1115 -1684.0000000000
1144 -1683.0000000000
1176 -1682.0000000000
1178 -1679.0000000000
1199 -1676.0000000000
1230 -1675.0000000000
1233 -1672.0000000000
1288 -1671.0000000000
1301 -1670.0000000000
1304 -1668.0000000000
1343 -1665.0000000000
1388 -1662.0000000000
1429 -1661.0000000000
1431 -1660.0000000000
1468 -1659.0000000000
1473 -1653.0000000000
1530 -1652.0000000000
1536 -1651.0000000000
1558 -1650.0000000000
1563 -1649.0000000000
1600 -1648.0000000000
1614 -1645.0000000000
1634 -1644.0000000000
1650 -1641.0000000000
1685 -1640.0000000000
1703 -1639.0000000000
1730 -1635.0000000000
1787 -1634.0000000000
1797 -1633.0000000000
1823 -1630.0000000000
1838 -1628.0000000000
1864 -1627.0000000000
1869 -1626.0000000000
1906 -1625.0000000000
1909 -1622.0000000000
1943 -1620.0000000000
1981 -1619.0000000000
2002 -1616.0000000000
2018 -1613.0000000000
2060 -1610.0000000000
2065 -1609.0000000000
2071 -1607.0000000000
2103 -1606.0000000000
2112 -1605.0000000000
2115 -1604.0000000000
2151 -1601.0000000000
2205 -1600.0000000000
2237 -1599.0000000000
2244 -1597.0000000000
2269 -1596.0000000000
2301 -1595.0000000000
2304 -1594.0000000000
2329 -1592.0000000000
2349 -1590.0000000000
2382 -1589.0000000000
2422 -1585.0000000000
2466 -1582.0000000000
2515 -1580.0000000000
2542 -1579.0000000000
2591 -1578.0000000000
2593 -1576.0000000000
2627 -1575.0000000000
2649 -1573.0000000000
2682 -1571.0000000000
2703 -1570.0000000000
2733 -1567.0000000000
2777 -1566.0000000000
2789 -1565.0000000000
2818 -1563.0000000000
2829 -1562.0000000000
2848 -1561.0000000000
2866 -1560.0000000000
2883 -1559.0000000000
2906 -1557.0000000000
2943 -1555.0000000000
2976 -1554.0000000000
2988 -1553.0000000000
3022 -1552.0000000000
3042 -1550.0000000000
3061 -1549.0000000000
3110 -1548.0000000000
3130 -1544.0000000000
3159 -1542.0000000000
3199 -1541.0000000000
3223 -1540.0000000000
3226 -1539.0000000000
3266 -1538.0000000000
3291 -1537.0000000000
3304 -1535.0000000000
3353 -1534.0000000000
3376 -1533.0000000000
3381 -1532.0000000000
3429 -1531.0000000000
3432 -1529.0000000000
3462 -1528.0000000000
3503 -1525.0000000000
3526 -1524.0000000000
3551 -1523.0000000000
3567 -1522.0000000000
3587 -1518.0000000000
3646 -1517.0000000000
3665 -1516.0000000000
3706 -1511.0000000000
3783 -1510.0000000000
3793 -1509.0000000000
3821 -1506.0000000000
3873 -1504.0000000000
3880 -1501.0000000000
3919 -1500.0000000000
3948 -1497.0000000000
3985 -1495.0000000000
4004 -1494.0000000000
4014 -1492.0000000000
4057 -1490.0000000000
4090 -1489.0000000000
4094 -1488.0000000000
4102 -1487.0000000000
4141 -1484.0000000000
4197 -1483.0000000000
4210 -1482.0000000000
4221 -1481.0000000000
4228 -1479.0000000000
4265 -1475.0000000000
4302 -1473.0000000000
4344 -1472.0000000000
4369 -1471.0000000000
4388 -1469.0000000000
4414 -1467.0000000000
4423 -1466.0000000000
4478 -1465.0000000000
4487 -1463.0000000000
4502 -1462.0000000000
4508 -1461.0000000000
4509 -1459.0000000000
4551 -1456.0000000000
4581 -1455.0000000000
4624 -1454.0000000000
4641 -1452.0000000000
4665 -1450.0000000000
4743 -1449.0000000000
4748 -1448.0000000000
4767 -1447.0000000000
4795 -1446.0000000000
4803 -1445.0000000000
4823 -1444.0000000000
4852 -1443.0000000000
4853 -1442.0000000000
4862 -1439.0000000000
4912 -1437.0000000000
4942 -1435.0000000000
4986 -1434.0000000000
4990 -1433.0000000000
5025 -1432.0000000000
5036 -1431.0000000000
5051 -1430.0000000000
5062 -1427.0000000000
5106 -1426.0000000000
5131 -1425.0000000000
5141 -1424.0000000000
5170 -1423.0000000000
5188 -1422.0000000000
5200 -1421.0000000000
5224 -1420.0000000000
5243 -1418.0000000000
5268 -1416.0000000000
5311 -1414.0000000000
5343 -1412.0000000000
5381 -1410.0000000000
5454 -1408.0000000000
5483 -1407.0000000000
5494 -1406.0000000000
5501 -1404.0000000000
5514 -1403.0000000000
5554 -1401.0000000000
5591 -1400.0000000000
5611 -1398.0000000000
5627 -1397.0000000000
5661 -1395.0000000000
5670 -1392.0000000000
5704 -1391.0000000000
5740 -1390.0000000000
5763 -1389.0000000000
5768 -1387.0000000000
5794 -1386.0000000000
5824 -1383.0000000000
5861 -1382.0000000000
5868 -1381.0000000000
5881 -1380.0000000000
5916 -1378.0000000000
5917 -1376.0000000000
5982 -1374.0000000000
6014 -1373.0000000000
6026 -1372.0000000000
6038 -1371.0000000000
6051 -1370.0000000000
6061 -1369.0000000000
6067 -1367.0000000000
6094 -1366.0000000000
6132 -1365.0000000000
6141 -1360.0000000000
6187 -1359.0000000000
6221 -1357.0000000000
6264 -1356.0000000000
6269 -1355.0000000000
6272 -1354.0000000000
6306 -1352.0000000000
6318 -1351.0000000000
6354 -1348.0000000000
6390 -1347.0000000000
6421 -1345.0000000000
6452 -1343.0000000000
6462 -1342.0000000000
6491 -1341.0000000000
6507 -1340.0000000000
6519 -1339.0000000000
6546 -1338.0000000000
6558 -1334.0000000000
6585 -1333.0000000000
6627 -1332.0000000000
6645 -1331.0000000000
6662 -1330.0000000000
6715 -1329.0000000000
6722 -1327.0000000000
6743 -1325.0000000000
6812 -1324.0000000000
6822 -1323.0000000000
6826 -1322.0000000000
6864 -1321.0000000000
6871 -1318.0000000000
6901 -1317.0000000000
6923 -1316.0000000000
6927 -1314.0000000000
6947 -1312.0000000000
6950 -1310.0000000000
7022 -1307.0000000000
7070 -1306.0000000000
7102 -1305.0000000000
7111 -1304.0000000000
7143 -1302.0000000000
7163 -1301.0000000000
7199 -1300.0000000000
7208 -1299.0000000000
7229 -1297.0000000000
7279 -1295.0000000000
7302 -1294.0000000000
7324 -1293.0000000000
7347 -1292.0000000000
7387 -1291.0000000000
7419 -1290.0000000000
7427 -1289.0000000000
7463 -1287.0000000000
7506 -1286.0000000000
7542 -1285.0000000000
7553 -1284.0000000000
7585 -1283.0000000000
7615 -1282.0000000000
7620 -1281.0000000000
7637 -1280.0000000000
7646 -1279.0000000000
7662 -1277.0000000000
7704 -1276.0000000000
7728 -1275.0000000000
7745 -1273.0000000000
7782 -1271.0000000000
7822 -1269.0000000000
7877 -1268.0000000000
7879 -1267.0000000000
7885 -1266.0000000000
7908 -1265.0000000000
7919 -1264.0000000000
7927 -1263.0000000000
7948 -1262.0000000000
7982 -1261.0000000000
7986 -1260.0000000000
7992 -1257.0000000000
8028 -1255.0000000000
8063 -1254.0000000000
8101 -1250.0000000000
8146 -1248.0000000000
8197 -1244.0000000000
8221 -1243.0000000000
8275 -1242.0000000000
8302 -1241.0000000000
8310 -1238.0000000000
8313 -1237.0000000000
8341 -1236.0000000000
8356 -1233.0000000000
8402 -1232.0000000000
8428 -1228.0000000000
8501 -1226.0000000000
8514 -1225.0000000000
8545 -1223.0000000000
8577 -1222.0000000000
8590 -1219.0000000000
8599 -1216.0000000000
8648 -1215.0000000000
8650 -1214.0000000000
8666 -1211.0000000000
8710 -1210.0000000000
8715 -1208.0000000000
8780 -1207.0000000000
8783 -1205.0000000000
8823 -1201.0000000000
8887 -1200.0000000000
8902 -1199.0000000000
8936 -1198.0000000000
8941 -1197.0000000000
8955 -1195.0000000000
9007 -1194.0000000000
9048 -1193.0000000000
9055 -1191.0000000000
9065 -1190.0000000000
9100 -1189.0000000000
9109 -1188.0000000000
9129 -1185.0000000000
9153 -1184.0000000000
9194 -1182.0000000000
9221 -1180.0000000000
9244 -1179.0000000000
9262 -1178.0000000000
9267 -1177.0000000000
9302 -1173.0000000000
9352 -1172.0000000000
9384 -1171.0000000000
9398 -1170.0000000000
9434 -1167.0000000000
9443 -1166.0000000000
9476 -1163.0000000000
9502 -1162.0000000000
9514 -1160.0000000000
9571 -1159.0000000000
9583 -1158.0000000000
9588 -1156.0000000000
9631 -1154.0000000000
9681 -1152.0000000000
9707 -1151.0000000000
9721 -1150.0000000000
9747 -1149.0000000000
9793 -1147.0000000000
9832 -1145.0000000000
9904 -1143.0000000000
9941 -1142.0000000000
9974 -1141.0000000000
10003 -1140.0000000000
10007 -1139.0000000000
10020 -1141.0000000000
evaluations raw_y
1 -2040.0000000000
2 -2019.0000000000
4 -1997.0000000000
6 -1995.0000000000
7 -1972.0000000000
19 -1948.0000000000
22 -1947.0000000000
23 -1943.0000000000
45 -1942.0000000000
60 -1930.0000000000
78 -1918.0000000000
106 -1910.0000000000
125 -1905.0000000000
143 -1901.0000000000
149 -1896.0000000000
154 -1881.0000000000
181 -1860.0000000000
200 -1855.0000000000
225 -1853.0000000000
243 -1852.0000000000
246 -1849.0000000000
262 -1844.0000000000
271 -1833.0000000000
287 -1832.0000000000
301 -1828.0000000000
307 -1826.0000000000
313 -1817.0000000000
328 -1810.0000000000
342 -1802.0000000000
350 -1800.0000000000
390 -1792.0000000000
413 -1791.0000000000
423 -1778.0000000000
464 -1767.0000000000
501 -1758.0000000000
545 -1757.0000000000
558 -1748.0000000000
604 -1745.0000000000
639 -1739.0000000000
648 -1724.0000000000
669 -1723.0000000000
683 -1717.0000000000
714 -1716.0000000000
738 -1715.0000000000
743 -1713.0000000000
762 -1712.0000000000
775 -1707.0000000000
781 -1704.0000000000
822 -1700.0000000000
861 -1697.0000000000
872 -1696.0000000000
883 -1691.0000000000
906 -1679.0000000000
943 -1677.0000000000
980 -1676.0000000000
989 -1672.0000000000
1009 -1671.0000000000
1025 -1670.0000000000
1029 -1668.0000000000
1034 -1667.0000000000
1068 -1665.0000000000
1081 -1664.0000000000
1088 -1663.0000000000
1109 -1662.0000000000
1116 -1661.0000000000
1142 -1659.0000000000
1150 -1658.0000000000
1162 -1656.0000000000
1183 -1654.0000000000
1207 -1652.0000000000
1244 -1651.0000000000
1254 -1650.0000000000
1268 -1647.0000000000
1270 -1646.0000000000
1285 -1645.0000000000
1304 -1644.0000000000
1305 -1641.0000000000
1356 -1640.0000000000
1369 -1638.0000000000
1376 -1637.0000000000
1378 -1636.0000000000
1394 -1634.0000000000
1421 -1633.0000000000
1450 -1631.0000000000
1494 -1630.0000000000
1502 -1629.0000000000
1528 -1628.0000000000
1544 -1627.0000000000
1559 -1626.0000000000
1563 -1625.0000000000
1586 -1624.0000000000
1588 -1623.0000000000
1625 -1622.0000000000
1630 -1619.0000000000
1692 -1617.0000000000
1741 -1614.0000000000
1787 -1613.0000000000
1804 -1612.0000000000
1830 -1611.0000000000
1865 -1610.0000000000
1882 -1609.0000000000
1885 -1607.0000000000
1920 -1605.0000000000
1948 -1604.0000000000
1952 -1601.0000000000
2004 -1599.0000000000
2018 -1598.0000000000
2043 -1597.0000000000
2052 -1596.0000000000
2089 -1595.0000000000
2099 -1593.0000000000
2102 -1592.0000000000
2141 -1591.0000000000
2148 -1589.0000000000
2185 -1587.0000000000
2226 -1586.0000000000
2227 -1585.0000000000
2237 -1584.0000000000
2267 -1583.0000000000
2278 -1582.0000000000
2304 -1577.0000000000
2354 -1576.0000000000
2373 -1575.0000000000
2387 -1574.0000000000
2392 -1573.0000000000
2416 -1571.0000000000
2427 -1570.0000000000
2462 -1569.0000000000
2502 -1567.0000000000
2539 -1565.0000000000
2563 -1564.0000000000
2573 -1563.0000000000
2608 -1562.0000000000
2621 -1559.0000000000
2666 -1558.0000000000
2701 -1556.0000000000
2721 -1553.0000000000
2742 -1552.0000000000
2792 -1551.0000000000
2793 -1550.0000000000
2802 -1549.0000000000
2814 -1546.0000000000
2861 -1542.0000000000
2905 -1540.0000000000
2950 -1539.0000000000
2952 -1538.0000000000
2980 -1537.0000000000
2994 -1536.0000000000
2997 -1534.0000000000
3024 -1533.0000000000
3034 -1532.0000000000
3072 -1531.0000000000
3091 -1529.0000000000
3107 -1528.0000000000
3109 -1527.0000000000
3112 -1526.0000000000
3151 -1523.0000000000
3208 -1522.0000000000
3228 -1521.0000000000
3243 -1519.0000000000
3261 -1518.0000000000
3282 -1514.0000000000
3319 -1513.0000000000
3341 -1512.0000000000
3352 -1510.0000000000
3382 -1509.0000000000
3406 -1508.0000000000
3421 -1507.0000000000
3433 -1505.0000000000
3467 -1502.0000000000
3510 -1501.0000000000
3540 -1499.0000000000
3555 -1498.0000000000
3573 -1496.0000000000
3582 -1495.0000000000
3624 -1494.0000000000
3625 -1493.0000000000
3681 -1491.0000000000
3718 -1489.0000000000
3725 -1488.0000000000
3751 -1487.0000000000
3760 -1486.0000000000
3776 -1483.0000000000
3802 -1481.0000000000
3853 -1480.0000000000
3862 -1479.0000000000
3880 -1478.0000000000
3923 -1476.0000000000
3963 -1474.0000000000
3985 -1473.0000000000
3992 -1471.0000000000
4032 -1466.0000000000
4114 -1465.0000000000
4125 -1463.0000000000
4164 -1462.0000000000
4190 -1459.0000000000
4255 -1458.0000000000
4274 -1455.0000000000
4278 -1451.0000000000
4354 -1450.0000000000
4361 -1448.0000000000
4386 -1447.0000000000
4393 -1446.0000000000
4424 -1444.0000000000
4482 -1442.0000000000
4486 -1441.0000000000
4518 -1438.0000000000
4592 -1437.0000000000
4625 -1436.0000000000
4641 -1434.0000000000
4672 -1433.0000000000
4687 -1432.0000000000
4729 -1431.0000000000
4735 -1429.0000000000
4754 -1428.0000000000
4766 -1425.0000000000
4806 -1421.0000000000
4823 -1420.0000000000
4864 -1419.0000000000
4908 -1418.0000000000
4942 -1416.0000000000
4952 -1415.0000000000
4990 -1414.0000000000
5001 -1413.0000000000
5024 -1412.0000000000
5029 -1410.0000000000
5066 -1408.0000000000
5103 -1407.0000000000
5132 -1406.0000000000
5151 -1405.0000000000
5175 -1404.0000000000
5190 -1402.0000000000
5258 -1400.0000000000
5262 -1399.0000000000
5312 -1398.0000000000
5342 -1397.0000000000
5349 -1395.0000000000
5384 -1393.0000000000
5425 -1392.0000000000
5428 -1391.0000000000
5444 -1390.0000000000
5454 -1389.0000000000
5471 -1386.0000000000
5546 -1385.0000000000
5568 -1384.0000000000
5593 -1382.0000000000
5600 -1380.0000000000
5628 -1376.0000000000
5664 -1374.0000000000
5706 -1371.0000000000
5757 -1369.0000000000
5788 -1368.0000000000
5822 -1367.0000000000
5864 -1366.0000000000
5868 -1364.0000000000
5908 -1363.0000000000
5945 -1362.0000000000
5952 -1360.0000000000
5992 -1359.0000000000
6016 -1358.0000000000
6017 -1357.0000000000
6030 -1356.0000000000
6063 -1354.0000000000
6106 -1352.0000000000
6143 -1350.0000000000
6173 -1349.0000000000
6196 -1347.0000000000
6227 -1346.0000000000
6229 -1345.0000000000
6273 -1344.0000000000
6308 -1343.0000000000
6314 -1342.0000000000
6326 -1340.0000000000
6383 -1337.0000000000
6403 -1336.0000000000
6424 -1334.0000000000
6429 -1333.0000000000
6470 -1329.0000000000
6504 -1328.0000000000
6509 -1326.0000000000
6534 -1325.0000000000
6544 -1324.0000000000
6545 -1320.0000000000
6615 -1317.0000000000
6628 -1316.0000000000
6632 -1315.0000000000
6671 -1314.0000000000
6674 -1311.0000000000
6729 -1310.0000000000
6741 -1309.0000000000
6746 -1304.0000000000
6788 -1301.0000000000
6874 -1300.0000000000
6898 -1296.0000000000
6935 -1295.0000000000
6954 -1294.0000000000
6990 -1293.0000000000
7010 -1291.0000000000
7031 -1290.0000000000
7036 -1289.0000000000
7059 -1288.0000000000
7064 -1286.0000000000
7111 -1285.0000000000
7139 -1284.0000000000
7146 -1283.0000000000
7178 -1282.0000000000
7218 -1279.0000000000
7267 -1278.0000000000
7281 -1277.0000000000
7288 -1276.0000000000
7301 -1271.0000000000
7383 -1270.0000000000
7387 -1269.0000000000
7414 -1266.0000000000
7421 -1265.0000000000
7442 -1264.0000000000
7464 -1262.0000000000
7516 -1260.0000000000
7535 -1258.0000000000
7548 -1256.0000000000
7566 -1255.0000000000
7584 -1253.0000000000
7645 -1252.0000000000
7649 -1250.0000000000
7677 -1249.0000000000
7686 -1247.0000000000
7741 -1245.0000000000
7781 -1244.0000000000
7789 -1242.0000000000
7861 -1240.0000000000
7878 -1239.0000000000
7905 -1235.0000000000
7943 -1234.0000000000
7960 -1233.0000000000
8014 -1232.0000000000
8015 -1231.0000000000
8033 -1230.0000000000
8050 -1228.0000000000
8081 -1227.0000000000
8108 -1225.0000000000
8111 -1223.0000000000
8165 -1220.0000000000
8184 -1219.0000000000
8221 -1218.0000000000
8264 -1217.0000000000
8303 -1215.0000000000
8308 -1214.0000000000
8345 -1211.0000000000
8355 -1210.0000000000
8385 -1208.0000000000
8435 -1206.0000000000
8463 -1205.0000000000
8505 -1202.0000000000
8560 -1201.0000000000
8566 -1200.0000000000
8599 -1198.0000000000
8678 -1194.0000000000
8729 -1192.0000000000
8757 -1190.0000000000
8783 -1189.0000000000
8839 -1185.0000000000
8906 -1184.0000000000
8907 -1182.0000000000
8949 -1181.0000000000
8987 -1180.0000000000
9021 -1179.0000000000
9042 -1178.0000000000
9084 -1177.0000000000
9107 -1176.0000000000
9144 -1174.0000000000
9181 -1173.0000000000
9215 -1172.0000000000
9227 -1171.0000000000
9239 -1169.0000000000
9262 -1168.0000000000
9293 -1167.0000000000
9301 -1166.0000000000
9335 -1165.0000000000
9350 -1164.0000000000
9363 -1163.0000000000
9391 -1161.0000000000
9430 -1159.0000000000
9496 -1154.0000000000
9553 -1151.0000000000
9610 -1150.0000000000
9638 -1149.0000000000
9667 -1147.0000000000
9707 -1146.0000000000
9719 -1145.0000000000
9753 -1142.0000000000
9783 -1140.0000000000
9821 -1139.0000000000
9839 -1138.0000000000
9861 -1137.0000000000
9866 -1136.0000000000
9894 -1135.0000000000
9932 -1134.0000000000
9945 -1132.0000000000
9997 -1129.0000000000
10000 -1128.0000000000
10020 -1135.0000000000
evaluations raw_y
1 -2016.0000000000
3 -2015.0000000000
4 -1971.0000000000
7 -1923.0000000000
40 -1922.0000000000
62 -1904.0000000000
75 -1891.0000000000
79 -1886.0000000000
107 -1879.0000000000
115 -1867.0000000000
141 -1865.0000000000
143 -1860.0000000000
164 -1851.0000000000
172 -1850.0000000000
175 -1843.0000000000
181 -1828.0000000000
229 -1826.0000000000
238 -1808.0000000000
247 -1806.0000000000
266 -1799.0000000000
301 -1791.0000000000
305 -1787.0000000000
311 -1784.0000000000
329 -1773.0000000000
348 -1762.0000000000
384 -1758.0000000000
390 -1754.0000000000
404 -1748.0000000000
410 -1733.0000000000
454 -1718.0000000000
463 -1713.0000000000
501 -1707.0000000000
525 -1705.0000000000
558 -1698.0000000000
561 -1693.0000000000
596 -1692.0000000000
604 -1689.0000000000
611 -1678.0000000000
645 -1676.0000000000
661 -1670.0000000000
664 -1661.0000000000
702 -1657.0000000000
742 -1648.0000000000
790 -1646.0000000000
816 -1644.0000000000
818 -1643.0000000000
835 -1642.0000000000
865 -1640.0000000000
887 -1639.0000000000
899 -1634.0000000000
946 -1633.0000000000
980 -1632.0000000000
992 -1630.0000000000
1025 -1628.0000000000
1054 -1627.0000000000
1077 -1626.0000000000
1104 -1625.0000000000
1129 -1624.0000000000
1142 -1623.0000000000
1182 -1622.0000000000
1200 -1621.0000000000
1213 -1620.0000000000
1248 -1619.0000000000
1258 -1618.0000000000
1286 -1617.0000000000
1312 -1614.0000000000
1345 -1612.0000000000
1372 -1611.0000000000
1385 -1610.0000000000
1424 -1608.0000000000
1436 -1607.0000000000
1470 -1605.0000000000
1519 -1604.0000000000
1533 -1603.0000000000
1542 -1600.0000000000
1586 -1599.0000000000
1595 -1598.0000000000
1622 -1597.0000000000
1629 -1596.0000000000
1662 -1594.0000000000
1676 -1593.0000000000
1677 -1592.0000000000
1706 -1590.0000000000
1708 -1589.0000000000
1740 -1588.0000000000
1767 -1587.0000000000
1783 -1583.0000000000
1833 -1582.0000000000
1845 -1580.0000000000
1866 -1578.0000000000
1925 -1577.0000000000
1927 -1576.0000000000
1934 -1575.0000000000
1947 -1570.0000000000
2001 -1569.0000000000
2017 -1568.0000000000
2049 -1565.0000000000
2075 -1564.0000000000
2096 -1563.0000000000
2115 -1562.0000000000
2146 -1559.0000000000
2181 -1558.0000000000
2223 -1557.0000000000
2225 -1555.0000000000
2227 -1553.0000000000
2288 -1549.0000000000
2331 -1548.0000000000
2339 -1547.0000000000
2368 -1545.0000000000
2394 -1544.0000000000
2408 -1543.0000000000
2422 -1542.0000000000
2453 -1541.0000000000
2462 -1538.0000000000
2512 -1537.0000000000
2520 -1536.0000000000
2559 -1534.0000000000
2561 -1533.0000000000
2590 -1532.0000000000
2598 -1531.0000000000
2622 -1527.0000000000
2684 -1526.0000000000
2706 -1525.0000000000
2710 -1524.0000000000
2746 -1521.0000000000
2781 -1520.0000000000
2807 -1519.0000000000
2817 -1517.0000000000
2841 -1515.0000000000
2863 -1514.0000000000
2892 -1512.0000000000
2922 -1509.0000000000
2976 -1508.0000000000
2981 -1507.0000000000
2999 -1506.0000000000
3021 -1505.0000000000
3058 -1504.0000000000
3068 -1503.0000000000
3106 -1502.0000000000
3111 -1501.0000000000
3121 -1500.0000000000
3146 -1497.0000000000
3186 -1496.0000000000
3197 -1494.0000000000
3226 -1493.0000000000
3257 -1492.0000000000
3262 -1491.0000000000
3263 -1490.0000000000
3301 -1489.0000000000
3320 -1488.0000000000
3326 -1487.0000000000
3341 -1485.0000000000
3382 -1483.0000000000
3405 -1480.0000000000
3423 -1478.0000000000
3454 -1477.0000000000
3502 -1475.0000000000
3541 -1471.0000000000
3565 -1469.0000000000
3586 -1468.0000000000
3621 -1465.0000000000
3662 -1464.0000000000
3717 -1462.0000000000
3742 -1460.0000000000
3778 -1458.0000000000
3812 -1455.0000000000
3862 -1454.0000000000
3867 -1453.0000000000
3901 -1450.0000000000
3945 -1449.0000000000
3953 -1446.0000000000
3991 -1445.0000000000
4003 -1444.0000000000
4043 -1443.0000000000
4054 -1438.0000000000
4061 -1436.0000000000
4115 -1435.0000000000
4144 -1434.0000000000
4147 -1433.0000000000
4174 -1432.0000000000
4188 -1430.0000000000
4221 -1427.0000000000
4264 -1425.0000000000
4312 -1424.0000000000
4323 -1423.0000000000
4326 -1420.0000000000
4344 -1419.0000000000
4395 -1418.0000000000
4423 -1413.0000000000
4471 -1412.0000000000
4509 -1411.0000000000
4513 -1410.0000000000
4544 -1407.0000000000
4593 -1405.0000000000
4625 -1404.0000000000
4636 -1402.0000000000
4668 -1400.0000000000
4704 -1397.0000000000
4751 -1396.0000000000
4782 -1395.0000000000
4804 -1394.0000000000
4805 -1393.0000000000
4829 -1391.0000000000
4868 -1390.0000000000
4881 -1388.0000000000
4912 -1387.0000000000
4952 -1385.0000000000
4988 -1384.0000000000
5026 -1382.0000000000
5036 -1381.0000000000
5062 -1380.0000000000
5066 -1379.0000000000
5109 -1378.0000000000
5148 -1375.0000000000
5149 -1373.0000000000
5183 -1371.0000000000
5206 -1370.0000000000
5241 -1367.0000000000
5261 -1366.0000000000
5269 -1365.0000000000
5305 -1364.0000000000
5318 -1363.0000000000
5324 -1362.0000000000
5331 -1361.0000000000
5350 -1359.0000000000
5396 -1358.0000000000
5409 -1357.0000000000
5445 -1356.0000000000
5463 -1354.0000000000
5512 -1351.0000000000
5578 -1350.0000000000
5588 -1348.0000000000
5624 -1347.0000000000
5643 -1345.0000000000
5694 -1344.0000000000
5702 -1343.0000000000
5715 -1342.0000000000
5743 -1339.0000000000
5797 -1337.0000000000
5831 -1336.0000000000
5858 -1335.0000000000
5881 -1332.0000000000
5901 -1330.0000000000
5942 -1329.0000000000
5957 -1328.0000000000
5985 -1327.0000000000
6004 -1325.0000000000
6034 -1324.0000000000
6061 -1323.0000000000
6073 -1321.0000000000
6115 -1318.0000000000
6142 -1316.0000000000
6190 -1315.0000000000
6197 -1313.0000000000
6216 -1312.0000000000
6246 -1311.0000000000
6262 -1308.0000000000
6304 -1307.0000000000
6312 -1305.0000000000
6333 -1303.0000000000
6378 -1302.0000000000
6401 -1301.0000000000
6425 -1300.0000000000
6434 -1297.0000000000
6461 -1296.0000000000
6505 -1294.0000000000
6534 -1293.0000000000
6552 -1292.0000000000
6583 -1291.0000000000
6585 -1290.0000000000
6621 -1287.0000000000
6623 -1284.0000000000
6690 -1283.0000000000
6706 -1281.0000000000
6782 -1279.0000000000
6801 -1278.0000000000
6824 -1277.0000000000
6835 -1276.0000000000
6861 -1275.0000000000
6902 -1273.0000000000
6941 -1272.0000000000
6967 -1270.0000000000
7016 -1267.0000000000
7049 -1266.0000000000
7086 -1263.0000000000
7119 -1262.0000000000
7137 -1261.0000000000
7147 -1260.0000000000
7200 -1259.0000000000
7208 -1258.0000000000
7221 -1257.0000000000
7226 -1254.0000000000
7303 -1252.0000000000
7358 -1251.0000000000
7378 -1250.0000000000
7390 -1249.0000000000
7421 -1248.0000000000
7423 -1247.0000000000
7437 -1246.0000000000
7462 -1245.0000000000
7500 -1244.0000000000
7531 -1243.0000000000
7541 -1241.0000000000
7547 -1240.0000000000
7561 -1239.0000000000
7593 -1236.0000000000
7665 -1235.0000000000
7674 -1234.0000000000
7678 -1233.0000000000
7679 -1232.0000000000
7730 -1230.0000000000
7780 -1226.0000000000
7825 -1225.0000000000
7846 -1224.0000000000
7864 -1223.0000000000
7897 -1222.0000000000
7902 -1221.0000000000
7946 -1219.0000000000
7982 -1217.0000000000
8002 -1215.0000000000
8032 -1214.0000000000
8072 -1213.0000000000
8083 -1210.0000000000
8124 -1209.0000000000
8146 -1207.0000000000
8175 -1205.0000000000
8191 -1203.0000000000
8259 -1202.0000000000
8271 -1201.0000000000
8282 -1199.0000000000
8314 -1198.0000000000
8343 -1197.0000000000
8368 -1196.0000000000
8385 -1195.0000000000
8402 -1194.0000000000
8423 -1193.0000000000
8432 -1190.0000000000
8468 -1189.0000000000
8474 -1188.0000000000
8515 -1187.0000000000
8528 -1186.0000000000
8560 -1185.0000000000
8564 -1182.0000000000
8623 -1181.0000000000
8643 -1179.0000000000
8653 -1178.0000000000
8668 -1176.0000000000
8676 -1174.0000000000
8717 -1172.0000000000
8755 -1171.0000000000
8761 -1170.0000000000
8790 -1169.0000000000
8828 -1168.0000000000
8836 -1166.0000000000
8897 -1165.0000000000
8916 -1164.0000000000
8937 -1162.0000000000
8987 -1161.0000000000
8989 -1160.0000000000
9029 -1159.0000000000
9053 -1155.0000000000
9106 -1153.0000000000
9109 -1151.0000000000
9149 -1150.0000000000
9182 -1146.0000000000
9252 -1145.0000000000
9269 -1144.0000000000
9308 -1142.0000000000
9338 -1141.0000000000
9352 -1139.0000000000
9356 -1138.0000000000
9383 -1137.0000000000
9423 -1136.0000000000
9450 -1135.0000000000
9469 -1134.0000000000
9486 -1133.0000000000
9498 -1132.0000000000
9525 -1129.0000000000
9578 -1128.0000000000
9588 -1127.0000000000
9631 -1126.0000000000
9643 -1125.0000000000
9651 -1124.0000000000
9669 -1123.0000000000
9706 -1122.0000000000
9718 -1120.0000000000
9743 -1116.0000000000
9779 -1115.0000000000
9787 -1113.0000000000
9796 -1111.0000000000
9834 -1110.0000000000
9868 -1108.0000000000
9905 -1106.0000000000
9945 -1105.0000000000
9955 -1104.0000000000
9983 -1101.0000000000
10020 -1106.0000000000
evaluations raw_y
1 -1999.0000000000
2 -1982.0000000000
10 -1978.0000000000
16 -1963.0000000000
22 -1950.0000000000
34 -1949.0000000000
51 -1921.0000000000
75 -1907.0000000000
104 -1890.0000000000
154 -1862.0000000000
183 -1848.0000000000
223 -1841.0000000000
239 -1836.0000000000
266 -1834.0000000000
269 -1825.0000000000
293 -1821.0000000000
308 -1820.0000000000
311 -1815.0000000000
315 -1803.0000000000
347 -1798.0000000000
353 -1795.0000000000
357 -1794.0000000000
361 -1793.0000000000
366 -1774.0000000000
382 -1769.0000000000
391 -1760.0000000000
426 -1754.0000000000
431 -1745.0000000000
463 -1744.0000000000
467 -1737.0000000000
469 -1729.0000000000
509 -1725.0000000000
546 -1717.0000000000
584 -1714.0000000000
601 -1697.0000000000
677 -1696.0000000000
686 -1692.0000000000
701 -1688.0000000000
727 -1682.0000000000
743 -1680.0000000000
756 -1676.0000000000
762 -1672.0000000000
766 -1671.0000000000
799 -1670.0000000000
816 -1667.0000000000
828 -1665.0000000000
846 -1664.0000000000
857 -1660.0000000000
862 -1659.0000000000
866 -1658.0000000000
901 -1655.0000000000
911 -1654.0000000000
920 -1652.0000000000
941 -1646.0000000000
982 -1645.0000000000
991 -1644.0000000000
997 -1641.0000000000
1031 -1637.0000000000
1078 -1634.0000000000
1089 -1628.0000000000
1104 -1627.0000000000
1150 -1626.0000000000
1182 -1624.0000000000
1204 -1623.0000000000
1221 -1620.0000000000
1228 -1619.0000000000
1262 -1618.0000000000
1309 -1617.0000000000
1324 -1616.0000000000
1341 -1615.0000000000
1359 -1614.0000000000
1389 -1612.0000000000
1421 -1608.0000000000
1471 -1606.0000000000
1508 -1603.0000000000
1535 -1602.0000000000
1545 -1601.0000000000
1551 -1600.0000000000
1585 -1598.0000000000
1598 -1595.0000000000
1639 -1593.0000000000
1696 -1590.0000000000
1707 -1588.0000000000
1774 -1587.0000000000
1780 -1585.0000000000
1800 -1584.0000000000
1823 -1583.0000000000
1847 -1581.0000000000
1864 -1580.0000000000
1866 -1579.0000000000
1877 -1578.0000000000
1910 -1577.0000000000
1942 -1575.0000000000
1955 -1573.0000000000
2006 -1572.0000000000
2021 -1571.0000000000
2029 -1569.0000000000
2064 -1567.0000000000
2094 -1566.0000000000
2101 -1565.0000000000
2148 -1563.0000000000
2174 -1561.0000000000
2181 -1560.0000000000
2221 -1559.0000000000
2230 -1556.0000000000
2273 -1555.0000000000
2276 -1554.0000000000
2291 -1553.0000000000
2312 -1551.0000000000
2345 -1550.0000000000
2364 -1549.0000000000
2382 -1547.0000000000
2408 -1546.0000000000
2423 -1545.0000000000
2437 -1544.0000000000
2462 -1543.0000000000
2475 -1540.0000000000
2522 -1539.0000000000
2531 -1537.0000000000
2561 -1535.0000000000
2578 -1533.0000000000
2613 -1532.0000000000
2625 -1531.0000000000
2662 -1529.0000000000
2679 -1528.0000000000
2711 -1527.0000000000
2743 -1526.0000000000
2750 -1524.0000000000
2784 -1522.0000000000
2810 -1521.0000000000
2832 -1519.0000000000
2859 -1518.0000000000
2864 -1517.0000000000
2896 -1516.0000000000
2901 -1513.0000000000
2913 -1510.0000000000
2942 -1507.0000000000
2982 -1505.0000000000
3050 -1503.0000000000
3065 -1502.0000000000
3101 -1501.0000000000
3103 -1500.0000000000
3133 -1499.0000000000
3141 -1496.0000000000
3181 -1495.0000000000
3202 -1494.0000000000
3226 -1493.0000000000
3233 -1492.0000000000
3239 -1490.0000000000
3261 -1489.0000000000
3286 -1488.0000000000
3312 -1485.0000000000
3325 -1484.0000000000
3358 -1481.0000000000
3420 -1480.0000000000
3430 -1479.0000000000
3432 -1478.0000000000
3473 -1477.0000000000
3501 -1475.0000000000
3507 -1474.0000000000
3527 -1473.0000000000
3560 -1471.0000000000
3582 -1469.0000000000
3592 -1468.0000000000
3640 -1467.0000000000
3662 -1463.0000000000
3700 -1461.0000000000
3742 -1460.0000000000
3772 -1459.0000000000
3784 -1457.0000000000
3826 -1456.0000000000
3849 -1455.0000000000
3865 -1454.0000000000
3906 -1453.0000000000
3908 -1452.0000000000
3915 -1451.0000000000
3938 -1448.0000000000
3964 -1447.0000000000
4000 -1446.0000000000
4004 -1444.0000000000
4061 -1442.0000000000
4082 -1441.0000000000
4126 -1440.0000000000
4137 -1439.0000000000
4142 -1437.0000000000
4197 -1436.0000000000
4202 -1434.0000000000
4229 -1433.0000000000
4239 -1432.0000000000
4264 -1430.0000000000
4303 -1428.0000000000
4342 -1427.0000000000
4352 -1425.0000000000
4385 -1422.0000000000
4436 -1421.0000000000
4467 -1418.0000000000
4526 -1416.0000000000
4527 -1415.0000000000
4529 -1413.0000000000
4543 -1412.0000000000
4555 -1411.0000000000
4598 -1410.0000000000
4618 -1409.0000000000
4623 -1408.0000000000
4630 -1406.0000000000
4701 -1405.0000000000
4716 -1404.0000000000
4744 -1402.0000000000
4787 -1401.0000000000
4824 -1399.0000000000
4862 -1397.0000000000
4910 -1396.0000000000
4923 -1395.0000000000
4942 -1394.0000000000
4947 -1393.0000000000
4953 -1392.0000000000
4982 -1391.0000000000
4984 -1390.0000000000
5016 -1388.0000000000
5048 -1386.0000000000
5088 -1384.0000000000
5101 -1383.0000000000
5103 -1382.0000000000
5152 -1381.0000000000
5156 -1379.0000000000
5181 -1376.0000000000
5259 -1375.0000000000
5273 -1374.0000000000
5302 -1370.0000000000
5344 -1368.0000000000
5383 -1366.0000000000
5444 -1365.0000000000
5457 -1364.0000000000
5478 -1363.0000000000
5485 -1362.0000000000
5506 -1360.0000000000
5539 -1359.0000000000
5552 -1358.0000000000
5574 -1355.0000000000
5622 -1351.0000000000
5690 -1348.0000000000
5742 -1344.0000000000
5782 -1343.0000000000
5795 -1342.0000000000
5829 -1341.0000000000
5844 -1339.0000000000
5864 -1337.0000000000
5902 -1336.0000000000
5912 -1335.0000000000
5945 -1334.0000000000
5971 -1332.0000000000
5998 -1331.0000000000
6025 -1330.0000000000
6028 -1326.0000000000
6085 -1324.0000000000
6148 -1323.0000000000
6181 -1321.0000000000
6192 -1318.0000000000
6233 -1317.0000000000
6261 -1316.0000000000
6303 -1314.0000000000
6318 -1313.0000000000
6343 -1310.0000000000
6424 -1309.0000000000
6425 -1308.0000000000
6459 -1307.0000000000
6464 -1306.0000000000
6473 -1305.0000000000
6509 -1304.0000000000
6518 -1302.0000000000
6546 -1298.0000000000
6595 -1297.0000000000
6628 -1296.0000000000
6662 -1294.0000000000
6682 -1292.0000000000
6703 -1291.0000000000
6749 -1289.0000000000
6790 -1288.0000000000
6822 -1285.0000000000
6893 -1283.0000000000
6903 -1282.0000000000
6926 -1281.0000000000
6943 -1279.0000000000
7004 -1277.0000000000
7009 -1276.0000000000
7022 -1275.0000000000
7052 -1274.0000000000
7070 -1273.0000000000
7080 -1271.0000000000
7083 -1269.0000000000
7129 -1265.0000000000
7195 -1264.0000000000
7210 -1263.0000000000
7222 -1262.0000000000
7246 -1259.0000000000
7285 -1258.0000000000
7289 -1257.0000000000
7305 -1254.0000000000
7376 -1253.0000000000
7377 -1252.0000000000
7383 -1251.0000000000
7406 -1250.0000000000
7425 -1249.0000000000
7435 -1248.0000000000
7462 -1247.0000000000
7478 -1245.0000000000
7536 -1243.0000000000
7545 -1242.0000000000
7579 -1241.0000000000
7582 -1240.0000000000
7624 -1239.0000000000
7629 -1238.0000000000
7663 -1236.0000000000
7704 -1235.0000000000
7742 -1234.0000000000
7751 -1233.0000000000
7782 -1232.0000000000
7805 -1230.0000000000
7872 -1229.0000000000
7880 -1228.0000000000
7923 -1227.0000000000
7925 -1225.0000000000
7959 -1224.0000000000
7992 -1221.0000000000
8030 -1220.0000000000
8061 -1218.0000000000
8070 -1217.0000000000
8105 -1216.0000000000
8125 -1215.0000000000
8137 -1213.0000000000
8152 -1212.0000000000
8189 -1211.0000000000
8213 -1207.0000000000
8284 -1206.0000000000
8287 -1205.0000000000
8310 -1204.0000000000
8327 -1203.0000000000
8341 -1202.0000000000
8346 -1199.0000000000
8382 -1198.0000000000
8443 -1197.0000000000
8466 -1195.0000000000
8489 -1194.0000000000
8506 -1191.0000000000
8562 -1188.0000000000
8601 -1186.0000000000
8639 -1185.0000000000
8684 -1184.0000000000
8702 -1182.0000000000
8744 -1179.0000000000
8767 -1177.0000000000
8790 -1176.0000000000
8822 -1175.0000000000
8863 -1174.0000000000
8896 -1171.0000000000
8934 -1170.0000000000
8958 -1169.0000000000
8962 -1168.0000000000
8992 -1167.0000000000
9021 -1166.0000000000
9032 -1165.0000000000
9080 -1164.0000000000
9109 -1163.0000000000
9141 -1162.0000000000
9165 -1160.0000000000
9185 -1159.0000000000
9222 -1158.0000000000
9261 -1156.0000000000
9280 -1155.0000000000
9290 -1153.0000000000
9308 -1152.0000000000
9332 -1151.0000000000
9374 -1148.0000000000
9389 -1147.0000000000
9429 -1146.0000000000
9444 -1143.0000000000
9488 -1142.0000000000
9495 -1141.0000000000
9512 -1140.0000000000
9528 -1139.0000000000
9544 -1138.0000000000
9576 -1135.0000000000
9592 -1134.0000000000
9634 -1133.0000000000
9664 -1131.0000000000
9693 -1130.0000000000
9720 -1129.0000000000
9738 -1128.0000000000
9756 -1126.0000000000
9803 -1125.0000000000
9823 -1124.0000000000
9825 -1123.0000000000
9836 -1121.0000000000
9874 -1120.0000000000
9891 -1119.0000000000
9898 -1118.0000000000
9940 -1117.0000000000
9941 -1116.0000000000
9943 -1115.0000000000
9956 -1114.0000000000
9993 -1113.0000000000
10020 -1117.0000000000
evaluations raw_y
1 -1976.0000000000
3 -1956.0000000000
20 -1950.0000000000
22 -1946.0000000000
23 -1943.0000000000
38 -1942.0000000000
39 -1930.0000000000
68 -1917.0000000000
73 -1916.0000000000
75 -1914.0000000000
86 -1901.0000000000
92 -1900.0000000000
104 -1896.0000000000
108 -1882.0000000000
114 -1879.0000000000
143 -1865.0000000000
162 -1852.0000000000
189 -1848.0000000000
197 -1836.0000000000
210 -1832.0000000000
225 -1825.0000000000
228 -1818.0000000000
261 -1803.0000000000
295 -1782.0000000000
303 -1774.0000000000
312 -1766.0000000000
342 -1755.0000000000
387 -1736.0000000000
427 -1734.0000000000
429 -1730.0000000000
438 -1721.0000000000
481 -1706.0000000000
544 -1703.0000000000
558 -1687.0000000000
570 -1685.0000000000
591 -1682.0000000000
620 -1681.0000000000
621 -1677.0000000000
625 -1666.0000000000
664 -1663.0000000000
667 -1655.0000000000
704 -1650.0000000000
724 -1647.0000000000
742 -1639.0000000000
784 -1632.0000000000
831 -1627.0000000000
841 -1625.0000000000
863 -1620.0000000000
918 -1618.0000000000
950 -1617.0000000000
970 -1616.0000000000
981 -1615.0000000000
988 -1611.0000000000
1017 -1610.0000000000
1025 -1609.0000000000
1029 -1606.0000000000
1077 -1604.0000000000
1117 -1603.0000000000
1121 -1602.0000000000
1136 -1601.0000000000
1162 -1600.0000000000
1171 -1598.0000000000
1181 -1596.0000000000
1189 -1595.0000000000
1238 -1594.0000000000
1242 -1593.0000000000
1262 -1592.0000000000
1268 -1591.0000000000
1285 -1588.0000000000
1307 -1586.0000000000
1374 -1585.0000000000
1386 -1581.0000000000
1388 -1580.0000000000
1429 -1578.0000000000
1467 -1576.0000000000
1478 -1574.0000000000
1512 -1573.0000000000
1529 -1571.0000000000
1546 -1570.0000000000
1553 -1569.0000000000
1586 -1568.0000000000
1607 -1566.0000000000
1622 -1565.0000000000
1625 -1563.0000000000
1661 -1562.0000000000
1670 -1561.0000000000
1674 -1560.0000000000
1702 -1559.0000000000
1722 -1557.0000000000
1749 -1555.0000000000
1766 -1554.0000000000
1792 -1550.0000000000
1829 -1549.0000000000
1875 -1548.0000000000
1878 -1546.0000000000
1929 -1543.0000000000
1941 -1542.0000000000
1950 -1541.0000000000
1986 -1540.0000000000
1992 -1539.0000000000
1997 -1537.0000000000
2047 -1536.0000000000
2071 -1533.0000000000
2073 -1531.0000000000
2135 -1530.0000000000
2141 -1529.0000000000
2175 -1528.0000000000
2188 -1527.0000000000
2201 -1526.0000000000
2229 -1523.0000000000
2265 -1521.0000000000
2291 -1520.0000000000
2305 -1519.0000000000
2334 -1518.0000000000
2361 -1516.0000000000
2384 -1515.0000000000
2385 -1514.0000000000
2389 -1513.0000000000
2438 -1511.0000000000
2463 -1510.0000000000
2480 -1509.0000000000
2510 -1507.0000000000
2544 -1506.0000000000
2566 -1505.0000000000
2574 -1503.0000000000
2595 -1502.0000000000
2623 -1500.0000000000
2663 -1498.0000000000
2702 -1497.0000000000
2704 -1495.0000000000
2742 -1492.0000000000
2793 -1491.0000000000
2798 -1490.0000000000
2826 -1487.0000000000
2904 -1486.0000000000
2912 -1485.0000000000
2916 -1483.0000000000
2951 -1479.0000000000
3005 -1478.0000000000
3021 -1476.0000000000
3062 -1474.0000000000
3103 -1471.0000000000
3158 -1470.0000000000
3184 -1469.0000000000
3188 -1466.0000000000
3240 -1464.0000000000
3264 -1463.0000000000
3280 -1462.0000000000
3281 -1461.0000000000
3307 -1460.0000000000
3310 -1459.0000000000
3341 -1458.0000000000
3356 -1456.0000000000
3394 -1455.0000000000
3422 -1454.0000000000
3452 -1453.0000000000
3459 -1452.0000000000
3469 -1451.0000000000
3491 -1450.0000000000
3508 -1449.0000000000
3518 -1448.0000000000
3544 -1447.0000000000
3557 -1446.0000000000
3581 -1445.0000000000
3595 -1443.0000000000
3639 -1442.0000000000
3656 -1439.0000000000
3694 -1436.0000000000
3736 -1435.0000000000
3782 -1434.0000000000
3801 -1433.0000000000
3826 -1432.0000000000
3838 -1431.0000000000
3861 -1429.0000000000
3928 -1428.0000000000
3973 -1427.0000000000
3982 -1425.0000000000
4008 -1423.0000000000
4034 -1422.0000000000
4065 -1419.0000000000
4107 -1418.0000000000
4119 -1417.0000000000
4157 -1414.0000000000
4183 -1413.0000000000
4236 -1408.0000000000
4298 -1407.0000000000
4305 -1406.0000000000
4337 -1405.0000000000
4348 -1403.0000000000
4387 -1400.0000000000
4442 -1396.0000000000
4450 -1395.0000000000
4491 -1391.0000000000
4509 -1390.0000000000
4550 -1389.0000000000
4559 -1388.0000000000
4591 -1387.0000000000
4622 -1386.0000000000
4657 -1385.0000000000
4661 -1382.0000000000
4715 -1381.0000000000
4741 -1380.0000000000
4755 -1378.0000000000
4763 -1377.0000000000
4781 -1376.0000000000
4810 -1374.0000000000
4860 -1373.0000000000
4864 -1370.0000000000
4879 -1369.0000000000
4910 -1366.0000000000
4957 -1361.0000000000
5027 -1360.0000000000
5051 -1358.0000000000
5068 -1357.0000000000
5085 -1356.0000000000
5101 -1353.0000000000
5152 -1352.0000000000
5181 -1349.0000000000
5217 -1348.0000000000
5223 -1347.0000000000
5266 -1346.0000000000
5267 -1345.0000000000
5273 -1344.0000000000
5278 -1343.0000000000
5310 -1342.0000000000
5341 -1341.0000000000
5350 -1339.0000000000
5382 -1338.0000000000
5424 -1337.0000000000
5435 -1336.0000000000
5463 -1335.0000000000
5478 -1333.0000000000
5505 -1332.0000000000
5553 -1331.0000000000
5562 -1330.0000000000
5592 -1329.0000000000
5598 -1328.0000000000
5631 -1327.0000000000
5661 -1326.0000000000
5668 -1324.0000000000
5686 -1323.0000000000
5693 -1322.0000000000
5733 -1320.0000000000
5754 -1317.0000000000
5794 -1316.0000000000
5827 -1314.0000000000
5863 -1312.0000000000
5924 -1311.0000000000
5925 -1310.0000000000
5956 -1309.0000000000
5964 -1308.0000000000
5990 -1307.0000000000
6022 -1306.0000000000
6068 -1305.0000000000
6079 -1303.0000000000
6097 -1301.0000000000
6108 -1299.0000000000
6156 -1298.0000000000
6188 -1297.0000000000
6190 -1296.0000000000
6196 -1294.0000000000
6254 -1293.0000000000
6263 -1292.0000000000
6275 -1291.0000000000
6311 -1288.0000000000
6360 -1287.0000000000
6373 -1285.0000000000
6388 -1284.0000000000
6422 -1282.0000000000
6444 -1280.0000000000
6490 -1279.0000000000
6502 -1278.0000000000
6507 -1275.0000000000
6563 -1273.0000000000
6587 -1271.0000000000
6616 -1269.0000000000
6659 -1268.0000000000
6669 -1267.0000000000
6724 -1264.0000000000
6776 -1263.0000000000
6795 -1261.0000000000
6806 -1260.0000000000
6826 -1259.0000000000
6863 -1258.0000000000
6882 -1257.0000000000
6923 -1255.0000000000
6960 -1254.0000000000
6985 -1252.0000000000
7022 -1250.0000000000
7054 -1247.0000000000
7094 -1246.0000000000
7104 -1245.0000000000
7154 -1244.0000000000
7180 -1242.0000000000
7184 -1241.0000000000
7218 -1239.0000000000
7247 -1238.0000000000
7260 -1237.0000000000
7263 -1235.0000000000
7265 -1234.0000000000
7279 -1233.0000000000
7314 -1232.0000000000
7348 -1231.0000000000
7382 -1227.0000000000
7442 -1226.0000000000
7445 -1223.0000000000
7491 -1222.0000000000
7504 -1221.0000000000
7522 -1220.0000000000
7549 -1219.0000000000
7557 -1218.0000000000
7559 -1215.0000000000
7604 -1213.0000000000
7630 -1212.0000000000
7666 -1207.0000000000
7681 -1206.0000000000
7741 -1204.0000000000
7782 -1203.0000000000
7787 -1201.0000000000
7808 -1200.0000000000
7823 -1199.0000000000
7861 -1198.0000000000
7876 -1197.0000000000
7880 -1195.0000000000
7908 -1192.0000000000
8006 -1190.0000000000
8021 -1187.0000000000
8103 -1184.0000000000
8158 -1183.0000000000
8180 -1182.0000000000
8202 -1181.0000000000
8228 -1179.0000000000
8273 -1176.0000000000
8306 -1175.0000000000
8311 -1174.0000000000
8380 -1173.0000000000
8396 -1171.0000000000
8425 -1168.0000000000
8446 -1167.0000000000
8467 -1166.0000000000
8484 -1165.0000000000
8524 -1164.0000000000
8551 -1163.0000000000
8559 -1162.0000000000
8584 -1160.0000000000
8592 -1159.0000000000
8636 -1158.0000000000
8669 -1155.0000000000
8739 -1153.0000000000
8751 -1152.0000000000
8790 -1151.0000000000
8808 -1150.0000000000
8822 -1148.0000000000
8869 -1147.0000000000
8891 -1146.0000000000
8910 -1145.0000000000
8941 -1144.0000000000
8947 -1143.0000000000
8992 -1141.0000000000
9040 -1140.0000000000
9056 -1139.0000000000
9071 -1138.0000000000
9100 -1137.0000000000
9105 -1135.0000000000
9147 -1131.0000000000
9188 -1130.0000000000
9233 -1129.0000000000
9273 -1128.0000000000
9305 -1127.0000000000
9345 -1124.0000000000
9399 -1123.0000000000
9422 -1118.0000000000
9508 -1117.0000000000
9528 -1116.0000000000
9551 -1115.0000000000
9553 -1114.0000000000
9584 -1113.0000000000
9594 -1111.0000000000
9624 -1109.0000000000
9662 -1108.0000000000
9675 -1107.0000000000
9719 -1106.0000000000
9724 -1105.0000000000
9744 -1104.0000000000
9769 -1103.0000000000
9797 -1101.0000000000
9820 -1100.0000000000
9857 -1099.0000000000
9865 -1097.0000000000
9908 -1095.0000000000
9951 -1094.0000000000
9998 -1093.0000000000
10012 -1092.0000000000
10020 -1097.0000000000
evaluations raw_y
1 -1957.0000000000
31 -1939.0000000000
42 -1922.0000000000
69 -1908.0000000000
90 -1907.0000000000
104 -1900.0000000000
114 -1884.0000000000
129 -1881.0000000000
144 -1876.0000000000
146 -1872.0000000000
152 -1870.0000000000
157 -1863.0000000000
184 -1862.0000000000
191 -1857.0000000000
194 -1853.0000000000
197 -1850.0000000000
221 -1834.0000000000
236 -1829.0000000000
237 -1822.0000000000
261 -1817.0000000000
264 -1811.0000000000
301 -1808.0000000000
314 -1805.0000000000
316 -1799.0000000000
337 -1798.0000000000
342 -1783.0000000000
372 -1781.0000000000
388 -1776.0000000000
400 -1772.0000000000
405 -1769.0000000000
423 -1767.0000000000
435 -1759.0000000000
443 -1746.0000000000
458 -1745.0000000000
467 -1739.0000000000
470 -1730.0000000000
502 -1728.0000000000
513 -1725.0000000000
515 -1721.0000000000
527 -1711.0000000000
542 -1710.0000000000
543 -1707.0000000000
561 -1705.0000000000
571 -1701.0000000000
604 -1700.0000000000
621 -1688.0000000000
638 -1685.0000000000
665 -1679.0000000000
673 -1677.0000000000
721 -1672.0000000000
732 -1671.0000000000
735 -1666.0000000000
748 -1663.0000000000
771 -1654.0000000000
824 -1650.0000000000
831 -1649.0000000000
866 -1646.0000000000
909 -1645.0000000000
942 -1644.0000000000
950 -1639.0000000000
982 -1636.0000000000
1025 -1635.0000000000
1057 -1632.0000000000
1078 -1631.0000000000
1081 -1630.0000000000
1102 -1627.0000000000
1107 -1624.0000000000
1163 -1621.0000000000
1188 -1618.0000000000
1224 -1617.0000000000
1241 -1615.0000000000
1248 -1614.0000000000
1263 -1612.0000000000
1287 -1610.0000000000
1314 -1607.0000000000
1344 -1606.0000000000
1355 -1605.0000000000
1359 -1602.0000000000
1382 -1601.0000000000
1399 -1598.0000000000
1421 -1597.0000000000
1424 -1593.0000000000
1479 -1592.0000000000
1480 -1591.0000000000
1502 -1590.0000000000
1541 -1589.0000000000
1550 -1587.0000000000
1580 -1586.0000000000
1588 -1585.0000000000
1608 -1584.0000000000
1624 -1581.0000000000
1665 -1578.0000000000
1704 -1577.0000000000
1746 -1575.0000000000
1785 -1574.0000000000
1789 -1572.0000000000
1824 -1571.0000000000
1827 -1569.0000000000
1832 -1568.0000000000
1863 -1567.0000000000
1869 -1564.0000000000
1906 -1562.0000000000
1948 -1561.0000000000
1963 -1560.0000000000
1988 -1558.0000000000
1991 -1557.0000000000
2030 -1556.0000000000
2059 -1555.0000000000
2072 -1554.0000000000
2104 -1552.0000000000
2112 -1550.0000000000
2156 -1549.0000000000
2184 -1548.0000000000
2202 -1547.0000000000
2212 -1545.0000000000
2231 -1543.0000000000
2275 -1542.0000000000
2278 -1540.0000000000
2310 -1539.0000000000
2313 -1538.0000000000
2349 -1537.0000000000
2356 -1536.0000000000
2383 -1533.0000000000
2402 -1532.0000000000
2421 -1530.0000000000
2425 -1529.0000000000
2470 -1527.0000000000
2512 -1524.0000000000
2542 -1522.0000000000
2582 -1521.0000000000
2585 -1520.0000000000
2627 -1516.0000000000
2668 -1515.0000000000
2669 -1512.0000000000
2762 -1509.0000000000
2835 -1508.0000000000
2859 -1507.0000000000
2861 -1504.0000000000
2934 -1503.0000000000
2946 -1502.0000000000
2987 -1500.0000000000
3005 -1499.0000000000
3036 -1497.0000000000
3092 -1496.0000000000
3104 -1495.0000000000
3105 -1493.0000000000
3133 -1492.0000000000
3143 -1491.0000000000
3161 -1490.0000000000
3185 -1488.0000000000
3205 -1487.0000000000
3231 -1486.0000000000
3269 -1484.0000000000
3278 -1482.0000000000
3283 -1481.0000000000
3319 -1479.0000000000
3347 -1478.0000000000
3377 -1477.0000000000
3382 -1476.0000000000
3419 -1474.0000000000
3421 -1473.0000000000
3432 -1472.0000000000
3487 -1470.0000000000
3489 -1469.0000000000
3511 -1465.0000000000
3551 -1464.0000000000
3584 -1459.0000000000
3629 -1458.0000000000
3661 -1453.0000000000
3745 -1451.0000000000
3787 -1449.0000000000
3828 -1446.0000000000
3875 -1445.0000000000
3882 -1443.0000000000
3907 -1440.0000000000
3971 -1437.0000000000
3996 -1436.0000000000
4047 -1435.0000000000
4066 -1432.0000000000
4112 -1428.0000000000
4221 -1425.0000000000
4267 -1424.0000000000
4277 -1422.0000000000
4290 -1421.0000000000
4318 -1420.0000000000
4350 -1418.0000000000
4385 -1417.0000000000
4387 -1416.0000000000
4438 -1412.0000000000
4494 -1411.0000000000
4502 -1409.0000000000
4541 -1407.0000000000
4559 -1406.0000000000
4580 -1404.0000000000
4625 -1403.0000000000
4642 -1401.0000000000
4676 -1399.0000000000
4707 -1398.0000000000
4720 -1397.0000000000
4747 -1396.0000000000
4751 -1395.0000000000
4781 -1393.0000000000
4820 -1392.0000000000
4842 -1391.0000000000
4870 -1390.0000000000
4884 -1388.0000000000
4906 -1387.0000000000
4946 -1385.0000000000
4973 -1383.0000000000
4988 -1382.0000000000
5001 -1379.0000000000
5029 -1378.0000000000
5091 -1376.0000000000
5106 -1373.0000000000
5137 -1372.0000000000
5148 -1371.0000000000
5224 -1370.0000000000
5231 -1369.0000000000
5245 -1368.0000000000
5276 -1367.0000000000
5308 -1366.0000000000
5316 -1365.0000000000
5356 -1363.0000000000
5404 -1362.0000000000
5423 -1360.0000000000
5428 -1359.0000000000
5480 -1357.0000000000
5511 -1356.0000000000
5518 -1355.0000000000
5542 -1354.0000000000
5554 -1353.0000000000
5583 -1352.0000000000
5585 -1351.0000000000
5625 -1348.0000000000
5633 -1347.0000000000
5687 -1345.0000000000
5707 -1343.0000000000
5713 -1342.0000000000
5748 -1341.0000000000
5783 -1340.0000000000
5798 -1338.0000000000
5838 -1337.0000000000
5854 -1336.0000000000
5882 -1335.0000000000
5893 -1333.0000000000
5920 -1332.0000000000
5925 -1331.0000000000
5945 -1330.0000000000
5967 -1329.0000000000
5991 -1328.0000000000
6006 -1327.0000000000
6021 -1326.0000000000
6052 -1323.0000000000
6114 -1322.0000000000
6127 -1319.0000000000
6182 -1317.0000000000
6221 -1315.0000000000
6226 -1314.0000000000
6288 -1313.0000000000
6292 -1311.0000000000
6305 -1310.0000000000
6345 -1309.0000000000
6348 -1308.0000000000
6385 -1307.0000000000
6420 -1306.0000000000
6424 -1305.0000000000
6428 -1304.0000000000
6463 -1303.0000000000
6475 -1302.0000000000
6510 -1301.0000000000
6516 -1300.0000000000
6517 -1299.0000000000
6544 -1298.0000000000
6549 -1296.0000000000
6610 -1295.0000000000
6626 -1292.0000000000
6671 -1290.0000000000
6702 -1288.0000000000
6737 -1287.0000000000
6764 -1286.0000000000
6796 -1285.0000000000
6828 -1284.0000000000
6838 -1282.0000000000
6866 -1281.0000000000
6875 -1280.0000000000
6886 -1279.0000000000
6926 -1278.0000000000
6941 -1277.0000000000
6988 -1276.0000000000
6995 -1274.0000000000
7050 -1273.0000000000
7055 -1272.0000000000
7070 -1271.0000000000
7111 -1269.0000000000
7139 -1268.0000000000
7163 -1267.0000000000
7177 -1263.0000000000
7234 -1261.0000000000
7263 -1260.0000000000
7303 -1259.0000000000
7323 -1258.0000000000
7343 -1256.0000000000
7364 -1255.0000000000
7387 -1253.0000000000
7428 -1251.0000000000
7453 -1248.0000000000
7472 -1246.0000000000
7536 -1243.0000000000
7546 -1242.0000000000
7614 -1241.0000000000
7632 -1240.0000000000
7666 -1239.0000000000
7677 -1238.0000000000
7702 -1237.0000000000
7728 -1236.0000000000
7754 -1233.0000000000
7789 -1232.0000000000
7854 -1231.0000000000
7868 -1229.0000000000
7876 -1228.0000000000
7906 -1227.0000000000
7913 -1226.0000000000
7944 -1225.0000000000
7950 -1224.0000000000
7990 -1222.0000000000
8019 -1219.0000000000
8025 -1218.0000000000
8083 -1217.0000000000
8105 -1216.0000000000
8137 -1215.0000000000
8142 -1214.0000000000
8150 -1212.0000000000
8190 -1211.0000000000
8227 -1209.0000000000
8266 -1208.0000000000
8272 -1207.0000000000
8317 -1206.0000000000
8339 -1205.0000000000
8343 -1202.0000000000
8402 -1201.0000000000
8423 -1198.0000000000
8472 -1196.0000000000
8505 -1195.0000000000
8531 -1194.0000000000
8546 -1193.0000000000
8584 -1191.0000000000
8610 -1190.0000000000
8660 -1188.0000000000
8670 -1187.0000000000
8724 -1186.0000000000
8777 -1185.0000000000
8793 -1184.0000000000
8821 -1183.0000000000
8824 -1181.0000000000
8865 -1180.0000000000
8903 -1177.0000000000
8949 -1176.0000000000
8982 -1174.0000000000
8999 -1171.0000000000
9043 -1170.0000000000
9071 -1168.0000000000
9114 -1165.0000000000
9149 -1163.0000000000
9218 -1162.0000000000
9222 -1161.0000000000
9239 -1160.0000000000
9264 -1159.0000000000
9274 -1158.0000000000
9305 -1157.0000000000
9315 -1156.0000000000
9345 -1155.0000000000
9372 -1154.0000000000
9394 -1153.0000000000
9406 -1152.0000000000
9430 -1151.0000000000
9462 -1150.0000000000
9475 -1149.0000000000
9495 -1148.0000000000
9506 -1146.0000000000
9519 -1144.0000000000
9564 -1143.0000000000
9586 -1141.0000000000
9622 -1138.0000000000
9669 -1137.0000000000
9679 -1135.0000000000
9681 -1134.0000000000
9702 -1133.0000000000
9714 -1132.0000000000
9742 -1128.0000000000
9782 -1127.0000000000
9812 -1126.0000000000
9826 -1124.0000000000
9862 -1120.0000000000
9904 -1118.0000000000
9944 -1117.0000000000
9946 -1115.0000000000
10008 -1114.0000000000
10020 -1120.0000000000
evaluations raw_y
1 -1977.0000000000
2 -1976.0000000000
16 -1975.0000000000
20 -1971.0000000000
22 -1966.0000000000
37 -1954.0000000000
43 -1939.0000000000
72 -1922.0000000000
73 -1920.0000000000
103 -1902.0000000000
105 -1889.0000000000
152 -1846.0000000000
187 -1844.0000000000
193 -1836.0000000000
217 -1825.0000000000
227 -1824.0000000000
249 -1811.0000000000
269 -1780.0000000000
328 -1767.0000000000
368 -1766.0000000000
387 -1765.0000000000
392 -1764.0000000000
396 -1752.0000000000
427 -1739.0000000000
435 -1729.0000000000
476 -1724.0000000000
501 -1720.0000000000
512 -1713.0000000000
544 -1705.0000000000
551 -1700.0000000000
598 -1699.0000000000
615 -1698.0000000000
618 -1695.0000000000
624 -1692.0000000000
662 -1691.0000000000
666 -1681.0000000000
688 -1680.0000000000
701 -1678.0000000000
707 -1673.0000000000
738 -1672.0000000000
748 -1669.0000000000
752 -1668.0000000000
767 -1667.0000000000
787 -1658.0000000000
807 -1657.0000000000
822 -1654.0000000000
826 -1650.0000000000
860 -1648.0000000000
861 -1647.0000000000
906 -1646.0000000000
909 -1645.0000000000
921 -1644.0000000000
941 -1635.0000000000
989 -1633.0000000000
1022 -1627.0000000000
1065 -1624.0000000000
1090 -1622.0000000000
1115 -1621.0000000000
1120 -1620.0000000000
1143 -1617.0000000000
1192 -1616.0000000000
1209 -1615.0000000000
1234 -1613.0000000000
1254 -1611.0000000000
1268 -1608.0000000000
1303 -1607.0000000000
1307 -1605.0000000000
1334 -1604.0000000000
1354 -1603.0000000000
1384 -1601.0000000000
1389 -1599.0000000000
1399 -1598.0000000000
1430 -1596.0000000000
1465 -1595.0000000000
1482 -1593.0000000000
1501 -1592.0000000000
1510 -1591.0000000000
1542 -1587.0000000000
1550 -1586.0000000000
1597 -1584.0000000000
1625 -1582.0000000000
1656 -1581.0000000000
1666 -1580.0000000000
1692 -1579.0000000000
1711 -1578.0000000000
1720 -1576.0000000000
1745 -1574.0000000000
1781 -1573.0000000000
1795 -1571.0000000000
1827 -1570.0000000000
1842 -1568.0000000000
1860 -1567.0000000000
1882 -1566.0000000000
1893 -1565.0000000000
1906 -1564.0000000000
1914 -1563.0000000000
1923 -1562.0000000000
1931 -1559.0000000000
1953 -1558.0000000000
1983 -1557.0000000000
1993 -1556.0000000000
2014 -1555.0000000000
2021 -1553.0000000000
2025 -1552.0000000000
2049 -1550.0000000000
2066 -1548.0000000000
2105 -1547.0000000000
2143 -1542.0000000000
2190 -1541.0000000000
2199 -1540.0000000000
2214 -1539.0000000000
2224 -1538.0000000000
2226 -1536.0000000000
2261 -1535.0000000000
2301 -1534.0000000000
2305 -1530.0000000000
2343 -1529.0000000000
2390 -1527.0000000000
2404 -1524.0000000000
2431 -1522.0000000000
2468 -1521.0000000000
2503 -1519.0000000000
2522 -1517.0000000000
2578 -1516.0000000000
2585 -1515.0000000000
2607 -1514.0000000000
2635 -1513.0000000000
2656 -1511.0000000000
2670 -1508.0000000000
2744 -1507.0000000000
2745 -1506.0000000000
2761 -1505.0000000000
2781 -1503.0000000000
2806 -1501.0000000000
2858 -1500.0000000000
2863 -1498.0000000000
2884 -1497.0000000000
2904 -1496.0000000000
2905 -1495.0000000000
2944 -1494.0000000000
2951 -1490.0000000000
3022 -1489.0000000000
3033 -1488.0000000000
3056 -1487.0000000000
3064 -1486.0000000000
3107 -1483.0000000000
3114 -1482.0000000000
3152 -1480.0000000000
3204 -1479.0000000000
3214 -1478.0000000000
3229 -1476.0000000000
3267 -1475.0000000000
3293 -1473.0000000000
3307 -1471.0000000000
3340 -1470.0000000000
3350 -1467.0000000000
3402 -1466.0000000000
3438 -1465.0000000000
3446 -1464.0000000000
3479 -1462.0000000000
3504 -1461.0000000000
3544 -1460.0000000000
3552 -1458.0000000000
3582 -1457.0000000000
3591 -1456.0000000000
3596 -1455.0000000000
3623 -1454.0000000000
3640 -1453.0000000000
3663 -1452.0000000000
3704 -1450.0000000000
3714 -1448.0000000000
3741 -1446.0000000000
3768 -1445.0000000000
3785 -1443.0000000000
3804 -1442.0000000000
3831 -1441.0000000000
3845 -1440.0000000000
3861 -1439.0000000000
3901 -1438.0000000000
3914 -1437.0000000000
3917 -1435.0000000000
3944 -1434.0000000000
3989 -1432.0000000000
4011 -1429.0000000000
4068 -1424.0000000000
4114 -1423.0000000000
4121 -1422.0000000000
4144 -1421.0000000000
4146 -1420.0000000000
4183 -1419.0000000000
4199 -1417.0000000000
4228 -1415.0000000000
4241 -1414.0000000000
4262 -1412.0000000000
4304 -1411.0000000000
4327 -1410.0000000000
4336 -1409.0000000000
4355 -1408.0000000000
4397 -1407.0000000000
4414 -1406.0000000000
4427 -1404.0000000000
4472 -1402.0000000000
4474 -1401.0000000000
4533 -1400.0000000000
4546 -1399.0000000000
4558 -1398.0000000000
4599 -1395.0000000000
4647 -1392.0000000000
4703 -1391.0000000000
4720 -1390.0000000000
4743 -1389.0000000000
4744 -1388.0000000000
4758 -1387.0000000000
4782 -1383.0000000000
4870 -1382.0000000000
4901 -1381.0000000000
4912 -1380.0000000000
4931 -1379.0000000000
4981 -1377.0000000000
5023 -1375.0000000000
5061 -1374.0000000000
5102 -1372.0000000000
5119 -1371.0000000000
5143 -1370.0000000000
5148 -1366.0000000000
5199 -1364.0000000000
5256 -1363.0000000000
5257 -1362.0000000000
5284 -1360.0000000000
5299 -1357.0000000000
5357 -1356.0000000000
5361 -1354.0000000000
5386 -1353.0000000000
5415 -1352.0000000000
5436 -1351.0000000000
5450 -1350.0000000000
5476 -1348.0000000000
5516 -1345.0000000000
5559 -1344.0000000000
5582 -1341.0000000000
5627 -1340.0000000000
5636 -1339.0000000000
5647 -1337.0000000000
5664 -1336.0000000000
5705 -1334.0000000000
5708 -1333.0000000000
5745 -1332.0000000000
5760 -1329.0000000000
5783 -1326.0000000000
5837 -1324.0000000000
5883 -1323.0000000000
5907 -1320.0000000000
5982 -1319.0000000000
6006 -1318.0000000000
6025 -1316.0000000000
6055 -1314.0000000000
6067 -1313.0000000000
6086 -1312.0000000000
6102 -1311.0000000000
6137 -1310.0000000000
6141 -1309.0000000000
6185 -1308.0000000000
6187 -1307.0000000000
6222 -1305.0000000000
6262 -1302.0000000000
6303 -1298.0000000000
6389 -1297.0000000000
6396 -1295.0000000000
6424 -1294.0000000000
6440 -1293.0000000000
6468 -1292.0000000000
6469 -1289.0000000000
6541 -1288.0000000000
6545 -1287.0000000000
6560 -1286.0000000000
6588 -1285.0000000000
6611 -1284.0000000000
6636 -1281.0000000000
6666 -1280.0000000000
6676 -1278.0000000000
6717 -1277.0000000000
6719 -1276.0000000000
6756 -1274.0000000000
6783 -1271.0000000000
6824 -1270.0000000000
6829 -1269.0000000000
6862 -1268.0000000000
6897 -1267.0000000000
6902 -1266.0000000000
6907 -1265.0000000000
6935 -1264.0000000000
6946 -1261.0000000000
6986 -1260.0000000000
7005 -1257.0000000000
7043 -1254.0000000000
7084 -1253.0000000000
7101 -1251.0000000000
7135 -1250.0000000000
7160 -1249.0000000000
7182 -1248.0000000000
7190 -1247.0000000000
7232 -1245.0000000000
7261 -1244.0000000000
7301 -1241.0000000000
7341 -1240.0000000000
7384 -1239.0000000000
7385 -1238.0000000000
7400 -1237.0000000000
7424 -1235.0000000000
7465 -1234.0000000000
7474 -1233.0000000000
7492 -1232.0000000000
7541 -1231.0000000000
7543 -1230.0000000000
7561 -1226.0000000000
7590 -1224.0000000000
7630 -1221.0000000000
7680 -1220.0000000000
7700 -1219.0000000000
7710 -1216.0000000000
7752 -1212.0000000000
7798 -1211.0000000000
7824 -1210.0000000000
7878 -1209.0000000000
7896 -1206.0000000000
7948 -1204.0000000000
7951 -1202.0000000000
8005 -1201.0000000000
8024 -1200.0000000000
8029 -1199.0000000000
8046 -1197.0000000000
8064 -1195.0000000000
8101 -1193.0000000000
8155 -1192.0000000000
8169 -1191.0000000000
8177 -1190.0000000000
8188 -1189.0000000000
8219 -1187.0000000000
8265 -1186.0000000000
8304 -1185.0000000000
8309 -1184.0000000000
8344 -1181.0000000000
8355 -1180.0000000000
8389 -1179.0000000000
8464 -1178.0000000000
8473 -1177.0000000000
8504 -1175.0000000000
8530 -1174.0000000000
8542 -1172.0000000000
8560 -1170.0000000000
8623 -1169.0000000000
8667 -1167.0000000000
8704 -1166.0000000000
8731 -1165.0000000000
8773 -1164.0000000000
8778 -1163.0000000000
8806 -1159.0000000000
8827 -1158.0000000000
8861 -1156.0000000000
8883 -1155.0000000000
8925 -1152.0000000000
8960 -1151.0000000000
8965 -1150.0000000000
9023 -1149.0000000000
9026 -1148.0000000000
9044 -1147.0000000000
9074 -1145.0000000000
9101 -1143.0000000000
9153 -1142.0000000000
9181 -1141.0000000000
9220 -1137.0000000000
9225 -1136.0000000000
9282 -1134.0000000000
9333 -1133.0000000000
9353 -1131.0000000000
9391 -1129.0000000000
9403 -1128.0000000000
9434 -1126.0000000000
9462 -1125.0000000000
9465 -1124.0000000000
9478 -1123.0000000000
9542 -1120.0000000000
9589 -1119.0000000000
9607 -1118.0000000000
9614 -1117.0000000000
9623 -1116.0000000000
9640 -1115.0000000000
9682 -1113.0000000000
9746 -1112.0000000000
9761 -1110.0000000000
9815 -1109.0000000000
9826 -1107.0000000000
9865 -1106.0000000000
9867 -1105.0000000000
9901 -1104.0000000000
9941 -1103.0000000000
9953 -1102.0000000000
9990 -1100.0000000000
10020 -1101.0000000000
evaluations raw_y
1 -2061.0000000000
2 -1981.0000000000
4 -1964.0000000000
29 -1956.0000000000
44 -1955.0000000000
54 -1951.0000000000
63 -1928.0000000000
72 -1913.0000000000
78 -1912.0000000000
111 -1901.0000000000
142 -1885.0000000000
163 -1873.0000000000
174 -1863.0000000000
182 -1861.0000000000
199 -1850.0000000000
239 -1844.0000000000
245 -1830.0000000000
262 -1818.0000000000
304 -1813.0000000000
310 -1807.0000000000
319 -1797.0000000000
328 -1796.0000000000
345 -1787.0000000000
369 -1781.0000000000
383 -1770.0000000000
407 -1769.0000000000
422 -1749.0000000000
478 -1747.0000000000
501 -1746.0000000000
503 -1743.0000000000
506 -1737.0000000000
547 -1735.0000000000
551 -1728.0000000000
597 -1722.0000000000
633 -1719.0000000000
657 -1704.0000000000
679 -1703.0000000000
701 -1701.0000000000
704 -1689.0000000000
744 -1688.0000000000
781 -1687.0000000000
813 -1685.0000000000
832 -1684.0000000000
861 -1677.0000000000
943 -1676.0000000000
945 -1674.0000000000
951 -1673.0000000000
985 -1672.0000000000
998 -1668.0000000000
1031 -1665.0000000000
1066 -1662.0000000000
1105 -1660.0000000000
1142 -1659.0000000000
1166 -1658.0000000000
1167 -1657.0000000000
1186 -1656.0000000000
1217 -1655.0000000000
1223 -1653.0000000000
1227 -1652.0000000000
1263 -1650.0000000000
1294 -1649.0000000000
1310 -1648.0000000000
1340 -1647.0000000000
1343 -1646.0000000000
1369 -1645.0000000000
1372 -1641.0000000000
1386 -1639.0000000000
1428 -1638.0000000000
1465 -1637.0000000000
1485 -1636.0000000000
1511 -1635.0000000000
1537 -1634.0000000000
1542 -1633.0000000000
1554 -1632.0000000000
1582 -1631.0000000000
1601 -1630.0000000000
1622 -1628.0000000000
1670 -1623.0000000000
1747 -1621.0000000000
1781 -1618.0000000000
1826 -1617.0000000000
1850 -1615.0000000000
1866 -1614.0000000000
1874 -1613.0000000000
1901 -1612.0000000000
1916 -1610.0000000000
1941 -1609.0000000000
1950 -1608.0000000000
1958 -1607.0000000000
1988 -1606.0000000000
1992 -1604.0000000000
2023 -1603.0000000000
2043 -1601.0000000000
2067 -1598.0000000000
2110 -1596.0000000000
2142 -1595.0000000000
2145 -1594.0000000000
2181 -1593.0000000000
2192 -1590.0000000000
2223 -1589.0000000000
2261 -1587.0000000000
2307 -1586.0000000000
2314 -1585.0000000000
2315 -1584.0000000000
2342 -1583.0000000000
2347 -1582.0000000000
2349 -1580.0000000000
2370 -1578.0000000000
2389 -1576.0000000000
2443 -1574.0000000000
2465 -1571.0000000000
2501 -1570.0000000000
2507 -1566.0000000000
2543 -1560.0000000000
2609 -1557.0000000000
2627 -1556.0000000000
2641 -1555.0000000000
2645 -1554.0000000000
2709 -1552.0000000000
2741 -1549.0000000000
2784 -1548.0000000000
2788 -1547.0000000000
2825 -1545.0000000000
2849 -1544.0000000000
2870 -1543.0000000000
2872 -1542.0000000000
2882 -1540.0000000000
2913 -1539.0000000000
2917 -1538.0000000000
2941 -1537.0000000000
2982 -1536.0000000000
2985 -1534.0000000000
3026 -1531.0000000000
3033 -1530.0000000000
3086 -1527.0000000000
3107 -1526.0000000000
3110 -1524.0000000000
3142 -1522.0000000000
3177 -1521.0000000000
3185 -1516.0000000000
3232 -1513.0000000000
3301 -1511.0000000000
3338 -1509.0000000000
3342 -1507.0000000000
3389 -1506.0000000000
3422 -1505.0000000000
3426 -1504.0000000000
3451 -1503.0000000000
3461 -1502.0000000000
3472 -1501.0000000000
3508 -1497.0000000000
3545 -1496.0000000000
3597 -1494.0000000000
3604 -1493.0000000000
3618 -1492.0000000000
3636 -1491.0000000000
3664 -1490.0000000000
3702 -1488.0000000000
3707 -1486.0000000000
3755 -1485.0000000000
3761 -1484.0000000000
3787 -1479.0000000000
3828 -1478.0000000000
3870 -1477.0000000000
3875 -1476.0000000000
3908 -1475.0000000000
3910 -1473.0000000000
3943 -1471.0000000000
3981 -1470.0000000000
3986 -1469.0000000000
3993 -1468.0000000000
4024 -1465.0000000000
4038 -1464.0000000000
4067 -1463.0000000000
4070 -1462.0000000000
4108 -1461.0000000000
4110 -1459.0000000000
4147 -1458.0000000000
4165 -1457.0000000000
4182 -1456.0000000000
4186 -1454.0000000000
4187 -1453.0000000000
4214 -1452.0000000000
4256 -1450.0000000000
4269 -1449.0000000000
4303 -1448.0000000000
4308 -1446.0000000000
4352 -1445.0000000000
4362 -1443.0000000000
4413 -1441.0000000000
4422 -1440.0000000000
4424 -1439.0000000000
4464 -1438.0000000000
4504 -1437.0000000000
4506 -1436.0000000000
4513 -1434.0000000000
4545 -1433.0000000000
4584 -1431.0000000000
4618 -1430.0000000000
4622 -1428.0000000000
4628 -1427.0000000000
4665 -1426.0000000000
4711 -1425.0000000000
4716 -1424.0000000000
4720 -1422.0000000000
4733 -1421.0000000000
4785 -1420.0000000000
4790 -1419.0000000000
4814 -1418.0000000000
4822 -1417.0000000000
4846 -1416.0000000000
4876 -1415.0000000000
4890 -1414.0000000000
4910 -1413.0000000000
4927 -1411.0000000000
4949 -1409.0000000000
5006 -1406.0000000000
5029 -1405.0000000000
5062 -1404.0000000000
5068 -1403.0000000000
5105 -1401.0000000000
5142 -1400.0000000000
5185 -1399.0000000000
5189 -1398.0000000000
5222 -1397.0000000000
5225 -1395.0000000000
5263 -1394.0000000000
5279 -1392.0000000000
5294 -1391.0000000000
5300 -1390.0000000000
5304 -1389.0000000000
5311 -1388.0000000000
5352 -1385.0000000000
5382 -1383.0000000000
5385 -1382.0000000000
5442 -1381.0000000000
5462 -1380.0000000000
5463 -1379.0000000000
5468 -1378.0000000000
5502 -1377.0000000000
5507 -1375.0000000000
5558 -1373.0000000000
5568 -1372.0000000000
5587 -1370.0000000000
5607 -1368.0000000000
5623 -1367.0000000000
5628 -1366.0000000000
5663 -1365.0000000000
5670 -1364.0000000000
5697 -1363.0000000000
5722 -1362.0000000000
5731 -1359.0000000000
5745 -1358.0000000000
5781 -1357.0000000000
5786 -1356.0000000000
5800 -1353.0000000000
5826 -1352.0000000000
5851 -1350.0000000000
5865 -1349.0000000000
5892 -1348.0000000000
5916 -1347.0000000000
5922 -1345.0000000000
5949 -1344.0000000000
5958 -1343.0000000000
5993 -1340.0000000000
6022 -1339.0000000000
6037 -1338.0000000000
6040 -1335.0000000000
6098 -1334.0000000000
6101 -1331.0000000000
6122 -1330.0000000000
6159 -1329.0000000000
6176 -1327.0000000000
6190 -1326.0000000000
6221 -1325.0000000000
6234 -1324.0000000000
6261 -1323.0000000000
6275 -1322.0000000000
6296 -1321.0000000000
6314 -1320.0000000000
6361 -1319.0000000000
6365 -1318.0000000000
6382 -1317.0000000000
6405 -1316.0000000000
6425 -1314.0000000000
6469 -1312.0000000000
6484 -1310.0000000000
6506 -1308.0000000000
6513 -1307.0000000000
6566 -1305.0000000000
6592 -1304.0000000000
6605 -1303.0000000000
6623 -1302.0000000000
6634 -1300.0000000000
6662 -1298.0000000000
6666 -1297.0000000000
6715 -1295.0000000000
6734 -1292.0000000000
6779 -1288.0000000000
6836 -1287.0000000000
6865 -1286.0000000000
6892 -1285.0000000000
6900 -1282.0000000000
6915 -1280.0000000000
6949 -1278.0000000000
6988 -1277.0000000000
7021 -1276.0000000000
7031 -1275.0000000000
7064 -1273.0000000000
7103 -1272.0000000000
7106 -1269.0000000000
7142 -1267.0000000000
7191 -1265.0000000000
7198 -1264.0000000000
7241 -1261.0000000000
7302 -1260.0000000000
7305 -1258.0000000000
7347 -1257.0000000000
7365 -1256.0000000000
7411 -1255.0000000000
7418 -1254.0000000000
7444 -1253.0000000000
7458 -1252.0000000000
7465 -1251.0000000000
7470 -1249.0000000000
7529 -1248.0000000000
7551 -1247.0000000000
7567 -1244.0000000000
7621 -1243.0000000000
7629 -1242.0000000000
7638 -1241.0000000000
7693 -1240.0000000000
7702 -1239.0000000000
7711 -1238.0000000000
7742 -1237.0000000000
7748 -1235.0000000000
7781 -1233.0000000000
7784 -1232.0000000000
7833 -1231.0000000000
7835 -1230.0000000000
7865 -1228.0000000000
7904 -1226.0000000000
7944 -1223.0000000000
7945 -1222.0000000000
7990 -1220.0000000000
8034 -1219.0000000000
8061 -1218.0000000000
8080 -1216.0000000000
8107 -1215.0000000000
8110 -1213.0000000000
8144 -1212.0000000000
8177 -1210.0000000000
8221 -1208.0000000000
8251 -1207.0000000000
8263 -1206.0000000000
8278 -1205.0000000000
8284 -1203.0000000000
8339 -1202.0000000000
8348 -1201.0000000000
8380 -1200.0000000000
8405 -1199.0000000000
8407 -1198.0000000000
8423 -1196.0000000000
8465 -1194.0000000000
8513 -1192.0000000000
8549 -1191.0000000000
8565 -1190.0000000000
8581 -1189.0000000000
8591 -1187.0000000000
8630 -1186.0000000000
8648 -1185.0000000000
8674 -1183.0000000000
8704 -1181.0000000000
8774 -1180.0000000000
8782 -1179.0000000000
8805 -1176.0000000000
8821 -1174.0000000000
8877 -1173.0000000000
8907 -1172.0000000000
8914 -1171.0000000000
8947 -1170.0000000000
8977 -1169.0000000000
8980 -1168.0000000000
9009 -1167.0000000000
9029 -1166.0000000000
9034 -1164.0000000000
9104 -1162.0000000000
9144 -1160.0000000000
9157 -1159.0000000000
9184 -1158.0000000000
9228 -1157.0000000000
9255 -1156.0000000000
9280 -1155.0000000000
9303 -1153.0000000000
9314 -1151.0000000000
9359 -1150.0000000000
9372 -1149.0000000000
9432 -1148.0000000000
9462 -1147.0000000000
9476 -1145.0000000000
9501 -1143.0000000000
9542 -1141.0000000000
9582 -1139.0000000000
9618 -1138.0000000000
9630 -1137.0000000000
9641 -1136.0000000000
9671 -1135.0000000000
9689 -1134.0000000000
9705 -1133.0000000000
9742 -1132.0000000000
9755 -1131.0000000000
9781 -1129.0000000000
9805 -1128.0000000000
9821 -1127.0000000000
9827 -1126.0000000000
9831 -1125.0000000000
9886 -1123.0000000000
9917 -1121.0000000000
9951 -1119.0000000000
9982 -1118.0000000000
10020 -1127.0000000000
evaluations raw_y
1 -1994.0000000000
3 -1984.0000000000
4 -1965.0000000000
30 -1955.0000000000
49 -1952.0000000000
56 -1935.0000000000
75 -1926.0000000000
96 -1913.0000000000
102 -1902.0000000000
129 -1898.0000000000
142 -1872.0000000000
151 -1866.0000000000
170 -1854.0000000000
182 -1830.0000000000
196 -1829.0000000000
230 -1828.0000000000
250 -1821.0000000000
262 -1776.0000000000
314 -1772.0000000000
346 -1759.0000000000
358 -1752.0000000000
385 -1744.0000000000
397 -1739.0000000000
424 -1729.0000000000
469 -1725.0000000000
472 -1719.0000000000
483 -1715.0000000000
499 -1703.0000000000
504 -1699.0000000000
519 -1693.0000000000
557 -1689.0000000000
574 -1688.0000000000
586 -1687.0000000000
592 -1684.0000000000
609 -1682.0000000000
626 -1679.0000000000
631 -1669.0000000000
667 -1666.0000000000
682 -1665.0000000000
686 -1659.0000000000
709 -1653.0000000000
741 -1642.0000000000
781 -1641.0000000000
785 -1640.0000000000
790 -1637.0000000000
835 -1636.0000000000
843 -1632.0000000000
876 -1627.0000000000
901 -1624.0000000000
925 -1623.0000000000
927 -1618.0000000000
960 -1616.0000000000
990 -1614.0000000000
992 -1610.0000000000
1021 -1606.0000000000
1047 -1603.0000000000
1085 -1601.0000000000
1105 -1598.0000000000
1143 -1594.0000000000
1165 -1593.0000000000
1187 -1592.0000000000
1217 -1590.0000000000
1232 -1589.0000000000
1261 -1588.0000000000
1264 -1587.0000000000
1271 -1586.0000000000
1314 -1585.0000000000
1317 -1584.0000000000
1337 -1582.0000000000
1371 -1581.0000000000
1374 -1579.0000000000
1384 -1577.0000000000
1416 -1576.0000000000
1435 -1573.0000000000
1491 -1572.0000000000
1503 -1569.0000000000
1584 -1567.0000000000
1611 -1566.0000000000
1625 -1565.0000000000
1642 -1564.0000000000
1646 -1562.0000000000
1663 -1561.0000000000
1666 -1560.0000000000
1706 -1559.0000000000
1707 -1557.0000000000
1749 -1555.0000000000
1778 -1553.0000000000
1790 -1547.0000000000
1866 -1546.0000000000
1888 -1545.0000000000
1903 -1544.0000000000
1938 -1543.0000000000
1950 -1542.0000000000
1966 -1540.0000000000
2020 -1539.0000000000
2023 -1537.0000000000
2040 -1536.0000000000
2088 -1535.0000000000
2108 -1534.0000000000
2109 -1533.0000000000
2133 -1532.0000000000
2145 -1531.0000000000
2147 -1530.0000000000
2177 -1529.0000000000
2191 -1528.0000000000
2206 -1526.0000000000
2232 -1524.0000000000
2263 -1523.0000000000
2281 -1519.0000000000
2320 -1517.0000000000
2342 -1515.0000000000
2389 -1514.0000000000
2406 -1513.0000000000
2410 -1512.0000000000
2426 -1511.0000000000
2441 -1510.0000000000
2443 -1508.0000000000
2465 -1507.0000000000
2487 -1506.0000000000
2502 -1505.0000000000
2512 -1502.0000000000
2546 -1501.0000000000
2584 -1499.0000000000
2594 -1497.0000000000
2623 -1492.0000000000
2661 -1491.0000000000
2696 -1490.0000000000
2701 -1489.0000000000
2704 -1487.0000000000
2736 -1486.0000000000
2760 -1485.0000000000
2784 -1484.0000000000
2821 -1483.0000000000
2829 -1481.0000000000
2868 -1480.0000000000
2874 -1479.0000000000
2906 -1476.0000000000
2942 -1475.0000000000
2944 -1471.0000000000
2991 -1470.0000000000
3034 -1469.0000000000
3036 -1467.0000000000
3064 -1466.0000000000
3075 -1463.0000000000
3112 -1462.0000000000
3143 -1460.0000000000
3153 -1458.0000000000
3176 -1457.0000000000
3183 -1456.0000000000
3203 -1455.0000000000
3229 -1454.0000000000
3253 -1453.0000000000
3276 -1451.0000000000
3287 -1448.0000000000
3301 -1447.0000000000
3318 -1446.0000000000
3342 -1444.0000000000
3396 -1443.0000000000
3406 -1441.0000000000
3427 -1440.0000000000
3463 -1439.0000000000
3476 -1437.0000000000
3494 -1436.0000000000
3526 -1434.0000000000
3559 -1433.0000000000
3570 -1431.0000000000
3609 -1430.0000000000
3622 -1428.0000000000
3661 -1424.0000000000
3703 -1421.0000000000
3759 -1420.0000000000
3783 -1419.0000000000
3822 -1418.0000000000
3868 -1417.0000000000
3869 -1415.0000000000
3884 -1414.0000000000
3890 -1412.0000000000
3901 -1411.0000000000
3968 -1409.0000000000
3995 -1408.0000000000
4000 -1407.0000000000
4025 -1406.0000000000
4046 -1403.0000000000
4087 -1402.0000000000
4122 -1401.0000000000
4129 -1398.0000000000
4146 -1396.0000000000
4211 -1392.0000000000
4261 -1391.0000000000
4264 -1390.0000000000
4319 -1388.0000000000
4327 -1387.0000000000
4347 -1385.0000000000
4377 -1383.0000000000
4381 -1382.0000000000
4431 -1380.0000000000
4433 -1379.0000000000
4491 -1378.0000000000
4518 -1377.0000000000
4529 -1375.0000000000
4543 -1374.0000000000
4568 -1372.0000000000
4585 -1371.0000000000
4643 -1369.0000000000
4645 -1368.0000000000
4693 -1367.0000000000
4701 -1366.0000000000
4726 -1365.0000000000
4736 -1364.0000000000
4762 -1363.0000000000
4768 -1362.0000000000
4781 -1359.0000000000
4820 -1357.0000000000
4840 -1354.0000000000
4866 -1353.0000000000
4906 -1352.0000000000
4910 -1351.0000000000
4944 -1350.0000000000
4945 -1349.0000000000
4964 -1348.0000000000
4992 -1345.0000000000
4994 -1344.0000000000
5030 -1343.0000000000
5048 -1342.0000000000
5067 -1339.0000000000
5111 -1338.0000000000
5141 -1337.0000000000
5169 -1336.0000000000
5186 -1333.0000000000
5202 -1331.0000000000
5223 -1328.0000000000
5268 -1327.0000000000
5321 -1326.0000000000
5323 -1325.0000000000
5338 -1323.0000000000
5345 -1322.0000000000
5371 -1321.0000000000
5385 -1318.0000000000
5421 -1317.0000000000
5440 -1316.0000000000
5464 -1314.0000000000
5505 -1313.0000000000
5515 -1312.0000000000
5541 -1309.0000000000
5581 -1307.0000000000
5597 -1306.0000000000
5623 -1305.0000000000
5631 -1304.0000000000
5663 -1303.0000000000
5667 -1301.0000000000
5710 -1300.0000000000
5725 -1298.0000000000
5746 -1297.0000000000
5768 -1295.0000000000
5785 -1293.0000000000
5838 -1291.0000000000
5847 -1290.0000000000
5861 -1289.0000000000
5902 -1288.0000000000
5911 -1287.0000000000
5924 -1286.0000000000
5940 -1285.0000000000
5951 -1283.0000000000
6022 -1282.0000000000
6025 -1280.0000000000
6068 -1278.0000000000
6101 -1276.0000000000
6103 -1275.0000000000
6148 -1274.0000000000
6155 -1273.0000000000
6223 -1272.0000000000
6233 -1271.0000000000
6263 -1270.0000000000
6268 -1268.0000000000
6270 -1267.0000000000
6316 -1266.0000000000
6329 -1265.0000000000
6341 -1264.0000000000
6346 -1262.0000000000
6399 -1261.0000000000
6434 -1260.0000000000
6450 -1259.0000000000
6451 -1258.0000000000
6468 -1257.0000000000
6502 -1254.0000000000
6547 -1253.0000000000
6559 -1251.0000000000
6593 -1250.0000000000
6599 -1249.0000000000
6630 -1248.0000000000
6638 -1246.0000000000
6661 -1245.0000000000
6703 -1244.0000000000
6722 -1243.0000000000
6741 -1242.0000000000
6760 -1241.0000000000
6802 -1240.0000000000
6820 -1239.0000000000
6849 -1238.0000000000
6858 -1237.0000000000
6869 -1235.0000000000
6875 -1234.0000000000
6906 -1232.0000000000
6947 -1231.0000000000
6968 -1230.0000000000
6980 -1228.0000000000
6992 -1227.0000000000
7034 -1226.0000000000
7048 -1225.0000000000
7061 -1223.0000000000
7081 -1221.0000000000
7116 -1218.0000000000
7179 -1217.0000000000
7207 -1216.0000000000
7222 -1215.0000000000
7250 -1214.0000000000
7293 -1212.0000000000
7300 -1211.0000000000
7301 -1210.0000000000
7341 -1209.0000000000
7344 -1208.0000000000
7401 -1204.0000000000
7433 -1201.0000000000
7504 -1200.0000000000
7544 -1199.0000000000
7559 -1198.0000000000
7580 -1197.0000000000
7614 -1196.0000000000
7626 -1194.0000000000
7640 -1193.0000000000
7661 -1192.0000000000
7665 -1191.0000000000
7686 -1190.0000000000
7704 -1189.0000000000
7723 -1188.0000000000
7753 -1187.0000000000
7781 -1186.0000000000
7810 -1185.0000000000
7830 -1184.0000000000
7843 -1183.0000000000
7889 -1182.0000000000
7911 -1180.0000000000
7949 -1179.0000000000
7981 -1178.0000000000
8012 -1177.0000000000
8016 -1176.0000000000
8023 -1174.0000000000
8074 -1173.0000000000
8084 -1172.0000000000
8103 -1171.0000000000
8124 -1170.0000000000
8147 -1168.0000000000
8184 -1165.0000000000
8237 -1164.0000000000
8273 -1163.0000000000
8278 -1161.0000000000
8320 -1160.0000000000
8343 -1158.0000000000
8359 -1157.0000000000
8408 -1156.0000000000
8423 -1155.0000000000
8463 -1154.0000000000
8483 -1149.0000000000
8523 -1148.0000000000
8545 -1147.0000000000
8555 -1146.0000000000
8595 -1145.0000000000
8601 -1144.0000000000
8639 -1143.0000000000
8661 -1141.0000000000
8704 -1140.0000000000
8741 -1135.0000000000
8790 -1134.0000000000
8868 -1133.0000000000
8880 -1132.0000000000
8902 -1131.0000000000
8942 -1130.0000000000
8964 -1129.0000000000
8978 -1128.0000000000
8995 -1127.0000000000
9019 -1126.0000000000
9029 -1123.0000000000
9096 -1119.0000000000
9155 -1117.0000000000
9186 -1116.0000000000
9224 -1115.0000000000
9226 -1114.0000000000
9227 -1113.0000000000
9262 -1111.0000000000
9309 -1110.0000000000
9320 -1109.0000000000
9347 -1108.0000000000
9365 -1107.0000000000
9381 -1106.0000000000
9422 -1105.0000000000
9462 -1104.0000000000
9496 -1103.0000000000
9508 -1102.0000000000
9524 -1101.0000000000
9551 -1100.0000000000
9555 -1099.0000000000
9618 -1098.0000000000
9622 -1096.0000000000
9630 -1095.0000000000
9667 -1094.0000000000
9708 -1093.0000000000
9722 -1092.0000000000
9751 -1091.0000000000
9787 -1089.0000000000
9790 -1088.0000000000
9832 -1084.0000000000
9889 -1083.0000000000
9899 -1082.0000000000
9903 -1080.0000000000
9944 -1078.0000000000
9986 -1077.0000000000
10020 -1080.0000000000
evaluations raw_y
1 -1977.0000000000
5 -1973.0000000000
7 -1962.0000000000
18 -1906.0000000000
61 -1903.0000000000
64 -1893.0000000000
85 -1880.0000000000
102 -1870.0000000000
129 -1867.0000000000
145 -1862.0000000000
165 -1860.0000000000
181 -1843.0000000000
222 -1817.0000000000
268 -1808.0000000000
277 -1798.0000000000
304 -1782.0000000000
310 -1778.0000000000
344 -1776.0000000000
364 -1774.0000000000
376 -1770.0000000000
384 -1763.0000000000
421 -1759.0000000000
424 -1753.0000000000
446 -1752.0000000000
449 -1751.0000000000
461 -1750.0000000000
477 -1747.0000000000
489 -1740.0000000000
509 -1737.0000000000
532 -1735.0000000000
551 -1731.0000000000
567 -1730.0000000000
585 -1727.0000000000
591 -1724.0000000000
611 -1723.0000000000
622 -1720.0000000000
633 -1716.0000000000
635 -1714.0000000000
661 -1709.0000000000
676 -1708.0000000000
692 -1705.0000000000
710 -1699.0000000000
763 -1694.0000000000
769 -1690.0000000000
781 -1687.0000000000
788 -1684.0000000000
792 -1683.0000000000
829 -1679.0000000000
861 -1678.0000000000
871 -1675.0000000000
901 -1674.0000000000
905 -1670.0000000000
924 -1668.0000000000
945 -1666.0000000000
969 -1664.0000000000
984 -1660.0000000000
1022 -1658.0000000000
1030 -1656.0000000000
1069 -1654.0000000000
1102 -1650.0000000000
1162 -1649.0000000000
1181 -1648.0000000000
1188 -1647.0000000000
1207 -1643.0000000000
1234 -1642.0000000000
1267 -1641.0000000000
1270 -1639.0000000000
1308 -1638.0000000000
1333 -1636.0000000000
1348 -1634.0000000000
1381 -1633.0000000000
1422 -1629.0000000000
1466 -1628.0000000000
1484 -1627.0000000000
1509 -1623.0000000000
1557 -1621.0000000000
1575 -1620.0000000000
1582 -1618.0000000000
1625 -1616.0000000000
1661 -1615.0000000000
1675 -1614.0000000000
1704 -1612.0000000000
1719 -1611.0000000000
1747 -1610.0000000000
1779 -1609.0000000000
1784 -1607.0000000000
1794 -1606.0000000000
1819 -1604.0000000000
1827 -1603.0000000000
1851 -1599.0000000000
1872 -1598.0000000000
1915 -1597.0000000000
1947 -1596.0000000000
1991 -1595.0000000000
1993 -1594.0000000000
2030 -1592.0000000000
2033 -1591.0000000000
2070 -1590.0000000000
2075 -1588.0000000000
2126 -1587.0000000000
2149 -1586.0000000000
2186 -1585.0000000000
2188 -1584.0000000000
2195 -1583.0000000000
2205 -1582.0000000000
2221 -1581.0000000000
2227 -1580.0000000000
2265 -1579.0000000000
2267 -1578.0000000000
2305 -1577.0000000000
2311 -1576.0000000000
2338 -1575.0000000000
2345 -1570.0000000000
2424 -1567.0000000000
2477 -1566.0000000000
2503 -1564.0000000000
2516 -1561.0000000000
2547 -1560.0000000000
2591 -1558.0000000000
2623 -1556.0000000000
2647 -1554.0000000000
2709 -1553.0000000000
2726 -1552.0000000000
2752 -1551.0000000000
2753 -1549.0000000000
2800 -1548.0000000000
2814 -1547.0000000000
2850 -1546.0000000000
2861 -1545.0000000000
2866 -1543.0000000000
2919 -1542.0000000000
2921 -1541.0000000000
2962 -1540.0000000000
2968 -1539.0000000000
2977 -1538.0000000000
2987 -1535.0000000000
3062 -1533.0000000000
3080 -1531.0000000000
3122 -1530.0000000000
3142 -1527.0000000000
3182 -1525.0000000000
3198 -1524.0000000000
3232 -1523.0000000000
3233 -1520.0000000000
3302 -1518.0000000000
3306 -1516.0000000000
3333 -1515.0000000000
3343 -1514.0000000000
3378 -1513.0000000000
3384 -1512.0000000000
3385 -1511.0000000000
3394 -1510.0000000000
3439 -1509.0000000000
3442 -1508.0000000000
3444 -1506.0000000000
3513 -1503.0000000000
3557 -1501.0000000000
3588 -1500.0000000000
3595 -1499.0000000000
3633 -1498.0000000000
3645 -1497.0000000000
3662 -1495.0000000000
3703 -1493.0000000000
3746 -1490.0000000000
3815 -1488.0000000000
3841 -1487.0000000000
3864 -1486.0000000000
3865 -1485.0000000000
3902 -1483.0000000000
3924 -1482.0000000000
3948 -1481.0000000000
3949 -1480.0000000000
3979 -1478.0000000000
3989 -1477.0000000000
4014 -1476.0000000000
4027 -1475.0000000000
4034 -1474.0000000000
4081 -1472.0000000000
4086 -1471.0000000000
4104 -1470.0000000000
4112 -1468.0000000000
4144 -1467.0000000000
4159 -1465.0000000000
4184 -1464.0000000000
4204 -1463.0000000000
4226 -1460.0000000000
4263 -1459.0000000000
4283 -1458.0000000000
4297 -1457.0000000000
4320 -1456.0000000000
4349 -1455.0000000000
4366 -1454.0000000000
4377 -1451.0000000000
4388 -1450.0000000000
4422 -1449.0000000000
4446 -1448.0000000000
4461 -1447.0000000000
4479 -1446.0000000000
4488 -1445.0000000000
4508 -1444.0000000000
4551 -1443.0000000000
4569 -1441.0000000000
4608 -1440.0000000000
4639 -1439.0000000000
4661 -1438.0000000000
4676 -1437.0000000000
4704 -1436.0000000000
4705 -1435.0000000000
4734 -1434.0000000000
4744 -1432.0000000000
4783 -1428.0000000000
4852 -1427.0000000000
4867 -1425.0000000000
4938 -1424.0000000000
4940 -1423.0000000000
4952 -1421.0000000000
4984 -1420.0000000000
5032 -1418.0000000000
5066 -1417.0000000000
5070 -1416.0000000000
5103 -1415.0000000000
5108 -1414.0000000000
5150 -1412.0000000000
5174 -1411.0000000000
5181 -1410.0000000000
5221 -1407.0000000000
5262 -1405.0000000000
5307 -1402.0000000000
5384 -1400.0000000000
5421 -1398.0000000000
5436 -1397.0000000000
5468 -1396.0000000000
5472 -1392.0000000000
5544 -1391.0000000000
5545 -1390.0000000000
5551 -1389.0000000000
5584 -1388.0000000000
5622 -1387.0000000000
5623 -1386.0000000000
5658 -1384.0000000000
5667 -1383.0000000000
5669 -1381.0000000000
5721 -1380.0000000000
5759 -1376.0000000000
5816 -1374.0000000000
5822 -1373.0000000000
5853 -1372.0000000000
5861 -1370.0000000000
5878 -1367.0000000000
5907 -1365.0000000000
5941 -1364.0000000000
5951 -1363.0000000000
5988 -1362.0000000000
5991 -1358.0000000000
6038 -1357.0000000000
6061 -1356.0000000000
6068 -1355.0000000000
6094 -1354.0000000000
6144 -1353.0000000000
6154 -1350.0000000000
6183 -1349.0000000000
6201 -1348.0000000000
6225 -1346.0000000000
6270 -1345.0000000000
6294 -1344.0000000000
6295 -1343.0000000000
6301 -1342.0000000000
6331 -1341.0000000000
6341 -1339.0000000000
6385 -1338.0000000000
6393 -1337.0000000000
6401 -1336.0000000000
6426 -1333.0000000000
6459 -1331.0000000000
6499 -1330.0000000000
6503 -1328.0000000000
6541 -1326.0000000000
6556 -1325.0000000000
6576 -1323.0000000000
6601 -1322.0000000000
6627 -1321.0000000000
6641 -1320.0000000000
6669 -1319.0000000000
6674 -1318.0000000000
6704 -1317.0000000000
6710 -1315.0000000000
6755 -1314.0000000000
6793 -1311.0000000000
6822 -1310.0000000000
6827 -1309.0000000000
6869 -1307.0000000000
6876 -1306.0000000000
6941 -1305.0000000000
6943 -1304.0000000000
6961 -1303.0000000000
6989 -1302.0000000000
7022 -1301.0000000000
7025 -1300.0000000000
7029 -1299.0000000000
7081 -1298.0000000000
7090 -1297.0000000000
7108 -1296.0000000000
7135 -1295.0000000000
7141 -1294.0000000000
7164 -1293.0000000000
7183 -1292.0000000000
7221 -1291.0000000000
7223 -1288.0000000000
7272 -1287.0000000000
7286 -1286.0000000000
7305 -1285.0000000000
7337 -1283.0000000000
7354 -1281.0000000000
7381 -1280.0000000000
7405 -1279.0000000000
7440 -1278.0000000000
7450 -1276.0000000000
7481 -1274.0000000000
7510 -1270.0000000000
7577 -1269.0000000000
7592 -1268.0000000000
7630 -1267.0000000000
7655 -1266.0000000000
7693 -1265.0000000000
7715 -1264.0000000000
7765 -1263.0000000000
7772 -1262.0000000000
7782 -1261.0000000000
7784 -1259.0000000000
7845 -1258.0000000000
7848 -1257.0000000000
7863 -1256.0000000000
7882 -1255.0000000000
7887 -1254.0000000000
7908 -1253.0000000000
7938 -1251.0000000000
7943 -1249.0000000000
7951 -1248.0000000000
7989 -1247.0000000000
8000 -1246.0000000000
8027 -1244.0000000000
8076 -1243.0000000000
8103 -1240.0000000000
8144 -1239.0000000000
8183 -1238.0000000000
8202 -1237.0000000000
8223 -1236.0000000000
8231 -1234.0000000000
8270 -1231.0000000000
8344 -1230.0000000000
8347 -1229.0000000000
8396 -1228.0000000000
8399 -1227.0000000000
8459 -1225.0000000000
8466 -1223.0000000000
8532 -1222.0000000000
8546 -1221.0000000000
8566 -1220.0000000000
8583 -1217.0000000000
8640 -1215.0000000000
8708 -1214.0000000000
8713 -1213.0000000000
8722 -1212.0000000000
8749 -1211.0000000000
8763 -1209.0000000000
8782 -1208.0000000000
8826 -1205.0000000000
8857 -1204.0000000000
8869 -1202.0000000000
8888 -1201.0000000000
8912 -1200.0000000000
8944 -1199.0000000000
8947 -1198.0000000000
8982 -1197.0000000000
8990 -1196.0000000000
9012 -1195.0000000000
9023 -1192.0000000000
9062 -1191.0000000000
9064 -1189.0000000000
9112 -1188.0000000000
9126 -1187.0000000000
9129 -1186.0000000000
9152 -1185.0000000000
9182 -1184.0000000000
9227 -1183.0000000000
9234 -1180.0000000000
9276 -1178.0000000000
9301 -1177.0000000000
9334 -1176.0000000000
9342 -1173.0000000000
9398 -1172.0000000000
9401 -1171.0000000000
9439 -1170.0000000000
9466 -1169.0000000000
9503 -1168.0000000000
9529 -1167.0000000000
9548 -1165.0000000000
9591 -1164.0000000000
9606 -1163.0000000000
9624 -1162.0000000000
9661 -1161.0000000000
9676 -1160.0000000000
9698 -1159.0000000000
9703 -1158.0000000000
9713 -1157.0000000000
9742 -1154.0000000000
9781 -1153.0000000000
9828 -1152.0000000000
9837 -1151.0000000000
9867 -1148.0000000000
9931 -1147.0000000000
9941 -1146.0000000000
9983 -1145.0000000000
9985 -1144.0000000000
10020 -1147.0000000000
evaluations raw_y
1 -1962.0000000000
37 -1946.0000000000
61 -1913.0000000000
132 -1896.0000000000
141 -1883.0000000000
143 -1860.0000000000
186 -1858.0000000000
194 -1852.0000000000
217 -1849.0000000000
219 -1845.0000000000
224 -1822.0000000000
266 -1809.0000000000
292 -1808.0000000000
302 -1792.0000000000
325 -1788.0000000000
328 -1777.0000000000
383 -1773.0000000000
390 -1770.0000000000
391 -1766.0000000000
394 -1751.0000000000
423 -1741.0000000000
427 -1738.0000000000
468 -1722.0000000000
503 -1718.0000000000
508 -1710.0000000000
542 -1690.0000000000
618 -1679.0000000000
625 -1678.0000000000
662 -1675.0000000000
670 -1665.0000000000
702 -1664.0000000000
708 -1652.0000000000
719 -1650.0000000000
745 -1641.0000000000
795 -1639.0000000000
808 -1629.0000000000
821 -1626.0000000000
827 -1625.0000000000
862 -1624.0000000000
864 -1619.0000000000
887 -1618.0000000000
902 -1612.0000000000
913 -1603.0000000000
949 -1600.0000000000
983 -1598.0000000000
986 -1594.0000000000
1024 -1589.0000000000
1032 -1586.0000000000
1069 -1579.0000000000
1105 -1578.0000000000
1150 -1574.0000000000
1184 -1570.0000000000
1185 -1569.0000000000
1232 -1568.0000000000
1236 -1565.0000000000
1263 -1564.0000000000
1278 -1563.0000000000
1285 -1562.0000000000
1311 -1560.0000000000
1344 -1557.0000000000
1355 -1556.0000000000
1368 -1555.0000000000
1421 -1550.0000000000
1440 -1548.0000000000
1465 -1544.0000000000
1511 -1543.0000000000
1543 -1542.0000000000
1554 -1541.0000000000
1584 -1540.0000000000
1585 -1539.0000000000
1628 -1538.0000000000
1646 -1535.0000000000
1697 -1534.0000000000
1701 -1532.0000000000
1733 -1531.0000000000
1743 -1530.0000000000
1752 -1529.0000000000
1785 -1528.0000000000
1801 -1524.0000000000
1848 -1523.0000000000
1862 -1522.0000000000
1902 -1519.0000000000
1934 -1518.0000000000
1963 -1515.0000000000
2011 -1514.0000000000
2016 -1513.0000000000
2022 -1511.0000000000
2063 -1510.0000000000
2073 -1509.0000000000
2108 -1504.0000000000
2157 -1503.0000000000
2172 -1501.0000000000
2193 -1500.0000000000
2225 -1499.0000000000
2235 -1498.0000000000
2240 -1497.0000000000
2251 -1496.0000000000
2268 -1494.0000000000
2308 -1493.0000000000
2310 -1492.0000000000
2345 -1491.0000000000
2347 -1490.0000000000
2363 -1489.0000000000
2381 -1486.0000000000
2421 -1485.0000000000
2437 -1483.0000000000
2464 -1482.0000000000
2468 -1481.0000000000
2472 -1479.0000000000
2521 -1477.0000000000
2553 -1475.0000000000
2586 -1474.0000000000
2621 -1472.0000000000
2639 -1471.0000000000
2670 -1470.0000000000
2671 -1469.0000000000
2714 -1466.0000000000
2741 -1464.0000000000
2783 -1463.0000000000
2824 -1462.0000000000
2837 -1461.0000000000
2848 -1459.0000000000
2868 -1458.0000000000
2889 -1457.0000000000
2905 -1456.0000000000
2910 -1455.0000000000
2936 -1454.0000000000
2951 -1453.0000000000
2984 -1451.0000000000
3025 -1450.0000000000
3029 -1447.0000000000
3061 -1445.0000000000
3077 -1444.0000000000
3104 -1442.0000000000
3171 -1440.0000000000
3181 -1439.0000000000
3185 -1438.0000000000
3241 -1437.0000000000
3266 -1436.0000000000
3273 -1435.0000000000
3291 -1433.0000000000
3344 -1431.0000000000
3367 -1430.0000000000
3416 -1429.0000000000
3423 -1428.0000000000
3462 -1424.0000000000
3501 -1422.0000000000
3543 -1421.0000000000
3562 -1419.0000000000
3600 -1418.0000000000
3621 -1416.0000000000
3654 -1415.0000000000
3662 -1414.0000000000
3668 -1412.0000000000
3726 -1411.0000000000
3732 -1409.0000000000
3740 -1408.0000000000
3741 -1407.0000000000
3769 -1405.0000000000
3818 -1403.0000000000
3819 -1402.0000000000
3862 -1401.0000000000
3866 -1399.0000000000
3903 -1397.0000000000
3906 -1396.0000000000
3943 -1394.0000000000
3956 -1393.0000000000
3996 -1391.0000000000
4026 -1389.0000000000
4064 -1386.0000000000
4113 -1384.0000000000
4120 -1383.0000000000
4147 -1382.0000000000
4186 -1380.0000000000
4240 -1379.0000000000
4259 -1378.0000000000
4274 -1377.0000000000
4301 -1376.0000000000
4312 -1375.0000000000
4346 -1374.0000000000
4347 -1373.0000000000
4381 -1372.0000000000
4386 -1370.0000000000
4422 -1368.0000000000
4436 -1367.0000000000
4465 -1365.0000000000
4475 -1364.0000000000
4501 -1362.0000000000
4522 -1359.0000000000
4565 -1358.0000000000
4582 -1357.0000000000
4588 -1356.0000000000
4620 -1353.0000000000
4645 -1352.0000000000
4648 -1351.0000000000
4656 -1349.0000000000
4695 -1348.0000000000
4705 -1347.0000000000
4712 -1346.0000000000
4741 -1345.0000000000
4783 -1344.0000000000
4787 -1342.0000000000
4813 -1340.0000000000
4890 -1339.0000000000
4908 -1338.0000000000
4925 -1336.0000000000
4960 -1335.0000000000
4999 -1334.0000000000
5011 -1332.0000000000
5026 -1330.0000000000
5069 -1329.0000000000
5077 -1327.0000000000
5110 -1325.0000000000
5128 -1323.0000000000
5141 -1320.0000000000
5198 -1319.0000000000
5221 -1318.0000000000
5226 -1317.0000000000
5243 -1316.0000000000
5265 -1315.0000000000
5305 -1313.0000000000
5309 -1312.0000000000
5344 -1310.0000000000
5393 -1308.0000000000
5428 -1307.0000000000
5448 -1304.0000000000
5505 -1302.0000000000
5531 -1301.0000000000
5557 -1300.0000000000
5583 -1298.0000000000
5601 -1297.0000000000
5665 -1294.0000000000
5734 -1290.0000000000
5766 -1289.0000000000
5781 -1287.0000000000
5822 -1284.0000000000
5870 -1283.0000000000
5894 -1281.0000000000
5908 -1279.0000000000
5962 -1278.0000000000
5981 -1277.0000000000
5991 -1276.0000000000
6023 -1275.0000000000
6030 -1274.0000000000
6100 -1273.0000000000
6112 -1272.0000000000
6119 -1271.0000000000
6153 -1270.0000000000
6173 -1269.0000000000
6177 -1268.0000000000
6193 -1267.0000000000
6200 -1265.0000000000
6223 -1264.0000000000
6242 -1261.0000000000
6267 -1258.0000000000
6304 -1256.0000000000
6370 -1255.0000000000
6383 -1254.0000000000
6405 -1253.0000000000
6407 -1251.0000000000
6449 -1250.0000000000
6454 -1249.0000000000
6474 -1248.0000000000
6476 -1247.0000000000
6511 -1245.0000000000
6541 -1244.0000000000
6556 -1240.0000000000
6589 -1238.0000000000
6643 -1236.0000000000
6702 -1235.0000000000
6708 -1234.0000000000
6733 -1232.0000000000
6752 -1231.0000000000
6784 -1230.0000000000
6802 -1229.0000000000
6823 -1228.0000000000
6846 -1227.0000000000
6862 -1226.0000000000
6902 -1225.0000000000
6921 -1224.0000000000
6923 -1221.0000000000
6970 -1220.0000000000
6999 -1219.0000000000
7006 -1217.0000000000
7030 -1216.0000000000
7043 -1215.0000000000
7068 -1214.0000000000
7102 -1213.0000000000
7145 -1209.0000000000
7210 -1208.0000000000
7246 -1205.0000000000
7289 -1204.0000000000
7302 -1203.0000000000
7342 -1198.0000000000
7421 -1197.0000000000
7434 -1195.0000000000
7490 -1194.0000000000
7520 -1192.0000000000
7550 -1191.0000000000
7561 -1190.0000000000
7574 -1189.0000000000
7598 -1188.0000000000
7600 -1186.0000000000
7621 -1185.0000000000
7669 -1184.0000000000
7676 -1183.0000000000
7701 -1182.0000000000
7749 -1181.0000000000
7783 -1180.0000000000
7814 -1179.0000000000
7818 -1178.0000000000
7825 -1177.0000000000
7859 -1176.0000000000
7865 -1174.0000000000
7904 -1173.0000000000
7947 -1172.0000000000
7985 -1171.0000000000
7994 -1169.0000000000
8025 -1168.0000000000
8047 -1167.0000000000
8102 -1166.0000000000
8110 -1164.0000000000
8144 -1162.0000000000
8185 -1161.0000000000
8223 -1158.0000000000
8246 -1155.0000000000
8319 -1154.0000000000
8332 -1153.0000000000
8358 -1151.0000000000
8384 -1150.0000000000
8397 -1149.0000000000
8403 -1148.0000000000
8431 -1147.0000000000
8451 -1146.0000000000
8465 -1144.0000000000
8512 -1142.0000000000
8530 -1141.0000000000
8574 -1139.0000000000
8586 -1136.0000000000
8648 -1135.0000000000
8694 -1134.0000000000
8708 -1133.0000000000
8737 -1132.0000000000
8744 -1131.0000000000
8782 -1130.0000000000
8784 -1128.0000000000
8836 -1127.0000000000
8842 -1126.0000000000
8875 -1124.0000000000
8902 -1123.0000000000
8906 -1122.0000000000
8936 -1120.0000000000
8955 -1119.0000000000
8986 -1118.0000000000
8993 -1117.0000000000
9026 -1115.0000000000
9058 -1114.0000000000
9086 -1110.0000000000
9141 -1109.0000000000
9187 -1108.0000000000
9197 -1106.0000000000
9233 -1105.0000000000
9240 -1104.0000000000
9264 -1102.0000000000
9292 -1101.0000000000
9313 -1100.0000000000
9321 -1099.0000000000
9356 -1096.0000000000
9385 -1095.0000000000
9421 -1094.0000000000
9447 -1093.0000000000
9468 -1092.0000000000
9511 -1091.0000000000
9522 -1088.0000000000
9582 -1087.0000000000
9593 -1086.0000000000
9623 -1085.0000000000
9663 -1084.0000000000
9665 -1081.0000000000
9730 -1080.0000000000
9732 -1079.0000000000
9744 -1078.0000000000
9781 -1076.0000000000
9832 -1075.0000000000
9867 -1071.0000000000
9929 -1069.0000000000
9983 -1067.0000000000
10020 -1071.0000000000
evaluations raw_y
1 -2047.0000000000
2 -1952.0000000000
8 -1940.0000000000
10 -1932.0000000000
27 -1918.0000000000
58 -1906.0000000000
64 -1889.0000000000
98 -1886.0000000000
106 -1865.0000000000
144 -1842.0000000000
181 -1841.0000000000
184 -1822.0000000000
226 -1812.0000000000
231 -1811.0000000000
264 -1797.0000000000
273 -1793.0000000000
293 -1772.0000000000
334 -1768.0000000000
347 -1766.0000000000
354 -1760.0000000000
366 -1755.0000000000
392 -1749.0000000000
395 -1737.0000000000
421 -1728.0000000000
431 -1717.0000000000
510 -1709.0000000000
531 -1708.0000000000
545 -1704.0000000000
564 -1699.0000000000
565 -1688.0000000000
590 -1685.0000000000
624 -1684.0000000000
633 -1678.0000000000
668 -1677.0000000000
674 -1676.0000000000
686 -1665.0000000000
718 -1662.0000000000
742 -1661.0000000000
749 -1653.0000000000
821 -1646.0000000000
861 -1644.0000000000
866 -1639.0000000000
901 -1637.0000000000
904 -1635.0000000000
922 -1629.0000000000
985 -1628.0000000000
992 -1626.0000000000
1025 -1624.0000000000
1070 -1621.0000000000
1105 -1617.0000000000
1147 -1615.0000000000
1152 -1614.0000000000
1177 -1613.0000000000
1185 -1611.0000000000
1223 -1609.0000000000
1267 -1605.0000000000
1271 -1604.0000000000
1301 -1602.0000000000
1341 -1599.0000000000
1351 -1598.0000000000
1396 -1597.0000000000
1431 -1595.0000000000
1463 -1593.0000000000
1471 -1592.0000000000
1500 -1591.0000000000
1506 -1589.0000000000
1544 -1588.0000000000
1559 -1587.0000000000
1598 -1585.0000000000
1627 -1584.0000000000
1635 -1583.0000000000
1661 -1582.0000000000
1694 -1581.0000000000
1701 -1579.0000000000
1742 -1578.0000000000
1754 -1577.0000000000
1768 -1576.0000000000
1783 -1575.0000000000
1829 -1574.0000000000
1843 -1573.0000000000
1871 -1572.0000000000
1907 -1568.0000000000
1928 -1567.0000000000
1948 -1566.0000000000
1967 -1562.0000000000
1997 -1560.0000000000
2029 -1557.0000000000
2067 -1555.0000000000
2070 -1554.0000000000
2104 -1552.0000000000
2164 -1550.0000000000
2181 -1549.0000000000
2211 -1548.0000000000
2222 -1544.0000000000
2269 -1543.0000000000
2272 -1542.0000000000
2321 -1541.0000000000
2336 -1540.0000000000
2361 -1539.0000000000
2372 -1538.0000000000
2390 -1537.0000000000
2416 -1536.0000000000
2423 -1534.0000000000
2435 -1533.0000000000
2463 -1531.0000000000
2465 -1530.0000000000
2503 -1529.0000000000
2520 -1527.0000000000
2524 -1526.0000000000
2565 -1523.0000000000
2589 -1522.0000000000
2612 -1521.0000000000
2624 -1520.0000000000
2653 -1518.0000000000
2669 -1517.0000000000
2695 -1514.0000000000
2725 -1513.0000000000
2759 -1510.0000000000
2784 -1508.0000000000
2844 -1506.0000000000
2895 -1502.0000000000
2902 -1501.0000000000
2948 -1500.0000000000
2955 -1499.0000000000
2983 -1497.0000000000
3024 -1496.0000000000
3063 -1495.0000000000
3072 -1494.0000000000
3101 -1491.0000000000
3168 -1490.0000000000
3170 -1489.0000000000
3186 -1488.0000000000
3227 -1485.0000000000
3268 -1483.0000000000
3304 -1482.0000000000
3320 -1481.0000000000
3352 -1480.0000000000
3357 -1479.0000000000
3362 -1477.0000000000
3422 -1474.0000000000
3467 -1471.0000000000
3528 -1470.0000000000
3531 -1469.0000000000
3551 -1468.0000000000
3582 -1467.0000000000
3588 -1466.0000000000
3603 -1465.0000000000
3631 -1464.0000000000
3635 -1463.0000000000
3646 -1462.0000000000
3675 -1459.0000000000
3704 -1458.0000000000
3731 -1456.0000000000
3754 -1454.0000000000
3781 -1450.0000000000
3829 -1449.0000000000
3858 -1448.0000000000
3862 -1447.0000000000
3878 -1446.0000000000
3914 -1443.0000000000
3922 -1442.0000000000
3934 -1440.0000000000
3942 -1439.0000000000
3996 -1438.0000000000
4005 -1437.0000000000
4023 -1436.0000000000
4062 -1435.0000000000
4070 -1434.0000000000
4072 -1432.0000000000
4139 -1431.0000000000
4149 -1428.0000000000
4231 -1427.0000000000
4251 -1426.0000000000
4265 -1425.0000000000
4280 -1424.0000000000
4330 -1423.0000000000
4343 -1420.0000000000
4389 -1417.0000000000
4435 -1416.0000000000
4451 -1414.0000000000
4474 -1411.0000000000
4512 -1408.0000000000
4548 -1407.0000000000
4582 -1406.0000000000
4595 -1405.0000000000
4605 -1404.0000000000
4652 -1403.0000000000
4663 -1402.0000000000
4696 -1399.0000000000
4753 -1398.0000000000
4757 -1397.0000000000
4767 -1396.0000000000
4781 -1395.0000000000
4804 -1394.0000000000
4824 -1390.0000000000
4866 -1389.0000000000
4881 -1388.0000000000
4915 -1386.0000000000
4925 -1383.0000000000
4948 -1382.0000000000
4981 -1380.0000000000
4990 -1379.0000000000
5027 -1378.0000000000
5030 -1377.0000000000
5034 -1376.0000000000
5061 -1375.0000000000
5070 -1373.0000000000
5117 -1371.0000000000
5144 -1370.0000000000
5150 -1365.0000000000
5221 -1362.0000000000
5293 -1361.0000000000
5301 -1360.0000000000
5342 -1359.0000000000
5348 -1358.0000000000
5359 -1356.0000000000
5424 -1355.0000000000
5425 -1354.0000000000
5471 -1352.0000000000
5491 -1351.0000000000
5501 -1349.0000000000
5541 -1347.0000000000
5588 -1346.0000000000
5600 -1345.0000000000
5635 -1343.0000000000
5651 -1342.0000000000
5661 -1340.0000000000
5725 -1338.0000000000
5767 -1337.0000000000
5784 -1336.0000000000
5786 -1335.0000000000
5791 -1333.0000000000
5843 -1332.0000000000
5863 -1330.0000000000
5867 -1329.0000000000
5877 -1327.0000000000
5911 -1325.0000000000
5943 -1323.0000000000
6011 -1322.0000000000
6027 -1321.0000000000
6030 -1320.0000000000
6062 -1319.0000000000
6089 -1317.0000000000
6110 -1316.0000000000
6117 -1315.0000000000
6145 -1312.0000000000
6189 -1311.0000000000
6210 -1310.0000000000
6222 -1308.0000000000
6270 -1307.0000000000
6307 -1305.0000000000
6349 -1304.0000000000
6358 -1303.0000000000
6386 -1302.0000000000
6426 -1301.0000000000
6427 -1300.0000000000
6464 -1298.0000000000
6504 -1293.0000000000
6558 -1290.0000000000
6586 -1289.0000000000
6602 -1287.0000000000
6630 -1286.0000000000
6667 -1285.0000000000
6678 -1284.0000000000
6684 -1283.0000000000
6707 -1282.0000000000
6709 -1280.0000000000
6751 -1279.0000000000
6781 -1275.0000000000
6855 -1274.0000000000
6876 -1273.0000000000
6887 -1272.0000000000
6910 -1270.0000000000
6954 -1269.0000000000
7002 -1266.0000000000
7021 -1264.0000000000
7068 -1262.0000000000
7102 -1261.0000000000
7141 -1259.0000000000
7184 -1258.0000000000
7200 -1257.0000000000
7222 -1255.0000000000
7277 -1254.0000000000
7298 -1253.0000000000
7299 -1252.0000000000
7313 -1251.0000000000
7332 -1250.0000000000
7371 -1249.0000000000
7381 -1248.0000000000
7400 -1247.0000000000
7424 -1246.0000000000
7438 -1245.0000000000
7467 -1243.0000000000
7507 -1241.0000000000
7513 -1240.0000000000
7521 -1239.0000000000
7542 -1238.0000000000
7558 -1237.0000000000
7605 -1235.0000000000
7624 -1231.0000000000
7662 -1230.0000000000
7678 -1229.0000000000
7684 -1228.0000000000
7707 -1226.0000000000
7741 -1225.0000000000
7782 -1223.0000000000
7785 -1222.0000000000
7795 -1221.0000000000
7826 -1220.0000000000
7833 -1219.0000000000
7866 -1218.0000000000
7903 -1217.0000000000
7910 -1214.0000000000
7948 -1213.0000000000
7983 -1212.0000000000
8022 -1211.0000000000
8036 -1210.0000000000
8063 -1209.0000000000
8084 -1207.0000000000
8115 -1206.0000000000
8128 -1205.0000000000
8141 -1204.0000000000
8185 -1203.0000000000
8193 -1202.0000000000
8215 -1201.0000000000
8229 -1199.0000000000
8268 -1198.0000000000
8273 -1195.0000000000
8305 -1194.0000000000
8349 -1193.0000000000
8360 -1192.0000000000
8422 -1191.0000000000
8423 -1190.0000000000
8443 -1186.0000000000
8502 -1184.0000000000
8545 -1183.0000000000
8582 -1181.0000000000
8629 -1179.0000000000
8689 -1175.0000000000
8764 -1174.0000000000
8768 -1173.0000000000
8785 -1172.0000000000
8818 -1171.0000000000
8821 -1169.0000000000
8863 -1168.0000000000
8866 -1167.0000000000
8872 -1166.0000000000
8906 -1165.0000000000
8930 -1164.0000000000
8937 -1163.0000000000
8943 -1162.0000000000
8957 -1160.0000000000
9004 -1159.0000000000
9027 -1158.0000000000
9061 -1157.0000000000
9084 -1156.0000000000
9086 -1155.0000000000
9133 -1154.0000000000
9144 -1152.0000000000
9181 -1151.0000000000
9190 -1150.0000000000
9240 -1149.0000000000
9264 -1147.0000000000
9331 -1146.0000000000
9342 -1145.0000000000
9343 -1144.0000000000
9388 -1139.0000000000
9423 -1138.0000000000
9455 -1137.0000000000
9479 -1136.0000000000
9488 -1135.0000000000
9504 -1133.0000000000
9516 -1131.0000000000
9545 -1129.0000000000
9557 -1128.0000000000
9583 -1127.0000000000
9617 -1126.0000000000
9636 -1125.0000000000
9664 -1124.0000000000
9701 -1123.0000000000
9717 -1121.0000000000
9738 -1120.0000000000
9757 -1119.0000000000
9782 -1118.0000000000
9783 -1117.0000000000
9795 -1116.0000000000
9830 -1114.0000000000
9861 -1113.0000000000
9875 -1111.0000000000
9910 -1110.0000000000
9934 -1107.0000000000
9981 -1105.0000000000
10010 -1104.0000000000
10020 -1110.0000000000
