evaluations raw_y
1 -1937.0000000000
3 -1936.0000000000
7 -1935.0000000000
8 -1933.0000000000
10 -1932.0000000000
11 -1931.0000000000
19 -1929.0000000000
20 -1928.0000000000
25 -1927.0000000000
26 -1926.0000000000
28 -1925.0000000000
31 -1924.0000000000
32 -1923.0000000000
36 -1922.0000000000
42 -1920.0000000000
44 -1919.0000000000
52 -1918.0000000000
55 -1917.0000000000
56 -1916.0000000000
58 -1914.0000000000
64 -1913.0000000000
67 -1912.0000000000
76 -1911.0000000000
79 -1910.0000000000
80 -1909.0000000000
82 -1908.0000000000
89 -1907.0000000000
101 -1906.0000000000
106 -1905.0000000000
111 -1903.0000000000
112 -1902.0000000000
113 -1901.0000000000
126 -1900.0000000000
131 -1899.0000000000
139 -1898.0000000000
143 -1897.0000000000
145 -1896.0000000000
148 -1894.0000000000
152 -1893.0000000000
154 -1892.0000000000
156 -1890.0000000000
161 -1888.0000000000
164 -1887.0000000000
166 -1886.0000000000
168 -1885.0000000000
186 -1884.0000000000
194 -1883.0000000000
197 -1882.0000000000
204 -1879.0000000000
205 -1878.0000000000
207 -1877.0000000000
210 -1876.0000000000
212 -1875.0000000000
216 -1874.0000000000
218 -1873.0000000000
219 -1871.0000000000
221 -1870.0000000000
223 -1869.0000000000
230 -1868.0000000000
233 -1867.0000000000
237 -1866.0000000000
238 -1865.0000000000
247 -1864.0000000000
249 -1863.0000000000
250 -1861.0000000000
257 -1860.0000000000
258 -1859.0000000000
263 -1857.0000000000
265 -1856.0000000000
266 -1854.0000000000
270 -1850.0000000000
272 -1849.0000000000
275 -1848.0000000000
277 -1847.0000000000
279 -1846.0000000000
282 -1845.0000000000
284 -1843.0000000000
285 -1842.0000000000
295 -1841.0000000000
302 -1840.0000000000
309 -1839.0000000000
310 -1838.0000000000
319 -1837.0000000000
321 -1836.0000000000
327 -1834.0000000000
333 -1833.0000000000
350 -1832.0000000000
353 -1830.0000000000
356 -1829.0000000000
363 -1827.0000000000
367 -1826.0000000000
376 -1825.0000000000
377 -1824.0000000000
382 -1823.0000000000
384 -1822.0000000000
385 -1820.0000000000
393 -1819.0000000000
403 -1818.0000000000
407 -1817.0000000000
411 -1816.0000000000
412 -1812.0000000000
415 -1811.0000000000
418 -1809.0000000000
421 -1807.0000000000
435 -1806.0000000000
437 -1805.0000000000
440 -1804.0000000000
445 -1803.0000000000
447 -1802.0000000000
448 -1801.0000000000
450 -1800.0000000000
451 -1798.0000000000
452 -1797.0000000000
453 -1796.0000000000
456 -1794.0000000000
459 -1793.0000000000
465 -1792.0000000000
469 -1791.0000000000
478 -1789.0000000000
481 -1788.0000000000
488 -1787.0000000000
490 -1786.0000000000
496 -1785.0000000000
497 -1784.0000000000
500 -1783.0000000000
501 -1782.0000000000
506 -1781.0000000000
507 -1780.0000000000
508 -1779.0000000000
509 -1778.0000000000
519 -1777.0000000000
526 -1775.0000000000
528 -1774.0000000000
533 -1773.0000000000
536 -1772.0000000000
541 -1771.0000000000
542 -1770.0000000000
546 -1769.0000000000
547 -1768.0000000000
549 -1767.0000000000
552 -1766.0000000000
561 -1764.0000000000
566 -1763.0000000000
569 -1762.0000000000
575 -1761.0000000000
577 -1760.0000000000
579 -1759.0000000000
583 -1758.0000000000
584 -1757.0000000000
586 -1756.0000000000
601 -1755.0000000000
602 -1754.0000000000
606 -1753.0000000000
615 -1751.0000000000
617 -1750.0000000000
624 -1749.0000000000
628 -1748.0000000000
637 -1747.0000000000
643 -1745.0000000000
644 -1744.0000000000
646 -1743.0000000000
648 -1742.0000000000
650 -1741.0000000000
655 -1740.0000000000
670 -1739.0000000000
677 -1738.0000000000
678 -1737.0000000000
680 -1736.0000000000
683 -1735.0000000000
684 -1734.0000000000
685 -1732.0000000000
686 -1731.0000000000
687 -1730.0000000000
692 -1728.0000000000
694 -1727.0000000000
703 -1725.0000000000
706 -1724.0000000000
707 -1723.0000000000
710 -1722.0000000000
711 -1720.0000000000
714 -1719.0000000000
727 -1718.0000000000
729 -1716.0000000000
733 -1715.0000000000
740 -1714.0000000000
741 -1713.0000000000
744 -1711.0000000000
749 -1710.0000000000
751 -1709.0000000000
758 -1708.0000000000
766 -1707.0000000000
767 -1706.0000000000
772 -1705.0000000000
786 -1704.0000000000
792 -1703.0000000000
802 -1702.0000000000
806 -1700.0000000000
808 -1699.0000000000
813 -1697.0000000000
818 -1695.0000000000
824 -1694.0000000000
825 -1693.0000000000
827 -1692.0000000000
830 -1691.0000000000
838 -1690.0000000000
839 -1689.0000000000
845 -1688.0000000000
847 -1687.0000000000
849 -1686.0000000000
850 -1685.0000000000
853 -1684.0000000000
854 -1683.0000000000
866 -1682.0000000000
873 -1681.0000000000
876 -1680.0000000000
879 -1678.0000000000
883 -1676.0000000000
886 -1675.0000000000
896 -1674.0000000000
899 -1673.0000000000
909 -1672.0000000000
912 -1671.0000000000
920 -1669.0000000000
931 -1668.0000000000
936 -1667.0000000000
953 -1665.0000000000
955 -1664.0000000000
960 -1662.0000000000
961 -1661.0000000000
962 -1659.0000000000
970 -1658.0000000000
978 -1656.0000000000
979 -1654.0000000000
980 -1653.0000000000
987 -1652.0000000000
989 -1651.0000000000
995 -1650.0000000000
1001 -1648.0000000000
1005 -1647.0000000000
1008 -1646.0000000000
1009 -1645.0000000000
1010 -1644.0000000000
1014 -1643.0000000000
1016 -1640.0000000000
1018 -1639.0000000000
1019 -1638.0000000000
1021 -1637.0000000000
1022 -1636.0000000000
1027 -1635.0000000000
1035 -1634.0000000000
1043 -1633.0000000000
1044 -1632.0000000000
1062 -1631.0000000000
1064 -1630.0000000000
1074 -1629.0000000000
1081 -1628.0000000000
1083 -1627.0000000000
1085 -1626.0000000000
1097 -1625.0000000000
1098 -1624.0000000000
1099 -1623.0000000000
1106 -1621.0000000000
1113 -1620.0000000000
1114 -1618.0000000000
1125 -1617.0000000000
1128 -1615.0000000000
1129 -1614.0000000000
1136 -1613.0000000000
1141 -1612.0000000000
1144 -1611.0000000000
1145 -1609.0000000000
1147 -1608.0000000000
1148 -1607.0000000000
1154 -1606.0000000000
1160 -1605.0000000000
1171 -1604.0000000000
1172 -1603.0000000000
1174 -1601.0000000000
1176 -1600.0000000000
1177 -1598.0000000000
1179 -1597.0000000000
1180 -1596.0000000000
1183 -1595.0000000000
1188 -1594.0000000000
1194 -1593.0000000000
1196 -1592.0000000000
1203 -1591.0000000000
1206 -1589.0000000000
1208 -1588.0000000000
1209 -1586.0000000000
1214 -1585.0000000000
1225 -1584.0000000000
1226 -1583.0000000000
1233 -1582.0000000000
1235 -1581.0000000000
1245 -1580.0000000000
1249 -1579.0000000000
1250 -1578.0000000000
1254 -1577.0000000000
1256 -1575.0000000000
1282 -1574.0000000000
1283 -1573.0000000000
1286 -1572.0000000000
1295 -1571.0000000000
1302 -1568.0000000000
1303 -1567.0000000000
1309 -1566.0000000000
1314 -1565.0000000000
1320 -1564.0000000000
1326 -1562.0000000000
1328 -1561.0000000000
1331 -1560.0000000000
1347 -1559.0000000000
1355 -1558.0000000000
1356 -1557.0000000000
1363 -1556.0000000000
1366 -1555.0000000000
1376 -1553.0000000000
1380 -1552.0000000000
1381 -1551.0000000000
1384 -1550.0000000000
1398 -1549.0000000000
1399 -1547.0000000000
1401 -1546.0000000000
1403 -1545.0000000000
1412 -1544.0000000000
1417 -1543.0000000000
1421 -1542.0000000000
1426 -1541.0000000000
1429 -1540.0000000000
1439 -1539.0000000000
1448 -1538.0000000000
1451 -1537.0000000000
1453 -1536.0000000000
1455 -1534.0000000000
1457 -1533.0000000000
1464 -1532.0000000000
1470 -1531.0000000000
1476 -1530.0000000000
1481 -1529.0000000000
1485 -1526.0000000000
1488 -1525.0000000000
1493 -1524.0000000000
1497 -1523.0000000000
1508 -1522.0000000000
1511 -1521.0000000000
1527 -1520.0000000000
1529 -1519.0000000000
1531 -1518.0000000000
1536 -1516.0000000000
1540 -1515.0000000000
1549 -1514.0000000000
1553 -1513.0000000000
1564 -1512.0000000000
1578 -1511.0000000000
1581 -1509.0000000000
1584 -1508.0000000000
1588 -1507.0000000000
1595 -1506.0000000000
1596 -1505.0000000000
1605 -1504.0000000000
1608 -1503.0000000000
1612 -1502.0000000000
1613 -1501.0000000000
1614 -1500.0000000000
1631 -1499.0000000000
1632 -1498.0000000000
1633 -1497.0000000000
1636 -1496.0000000000
1637 -1495.0000000000
1641 -1493.0000000000
1651 -1491.0000000000
1659 -1490.0000000000
1661 -1489.0000000000
1663 -1485.0000000000
1669 -1482.0000000000
1675 -1481.0000000000
1679 -1480.0000000000
1685 -1479.0000000000
1686 -1478.0000000000
1692 -1477.0000000000
1701 -1476.0000000000
1718 -1475.0000000000
1721 -1474.0000000000
1722 -1473.0000000000
1724 -1471.0000000000
1728 -1469.0000000000
1742 -1468.0000000000
1744 -1467.0000000000
1745 -1466.0000000000
1748 -1465.0000000000
1754 -1464.0000000000
1755 -1463.0000000000
1764 -1462.0000000000
1769 -1461.0000000000
1774 -1460.0000000000
1779 -1459.0000000000
1780 -1458.0000000000
1783 -1457.0000000000
1791 -1456.0000000000
1792 -1455.0000000000
1799 -1453.0000000000
1800 -1451.0000000000
1802 -1450.0000000000
1821 -1449.0000000000
1831 -1447.0000000000
1855 -1446.0000000000
1856 -1445.0000000000
1860 -1443.0000000000
1862 -1442.0000000000
1867 -1439.0000000000
1880 -1437.0000000000
1889 -1436.0000000000
1892 -1435.0000000000
1893 -1434.0000000000
1895 -1433.0000000000
1897 -1432.0000000000
1902 -1431.0000000000
1913 -1430.0000000000
1915 -1429.0000000000
1932 -1428.0000000000
1935 -1427.0000000000
1936 -1425.0000000000
1942 -1423.0000000000
1952 -1422.0000000000
1957 -1421.0000000000
1958 -1420.0000000000
1968 -1419.0000000000
1969 -1418.0000000000
1970 -1417.0000000000
1974 -1416.0000000000
1976 -1415.0000000000
1980 -1414.0000000000
1989 -1413.0000000000
1990 -1412.0000000000
1993 -1411.0000000000
1994 -1410.0000000000
1999 -1408.0000000000
2003 -1407.0000000000
2010 -1406.0000000000
2012 -1405.0000000000
2015 -1403.0000000000
2022 -1402.0000000000
2023 -1399.0000000000
2036 -1398.0000000000
2037 -1397.0000000000
2045 -1395.0000000000
2049 -1394.0000000000
2058 -1391.0000000000
2060 -1390.0000000000
2063 -1389.0000000000
2069 -1388.0000000000
2079 -1386.0000000000
2085 -1384.0000000000
2090 -1382.0000000000
2092 -1381.0000000000
2105 -1380.0000000000
2107 -1379.0000000000
2116 -1378.0000000000
2121 -1377.0000000000
2123 -1376.0000000000
2127 -1375.0000000000
2135 -1373.0000000000
2147 -1371.0000000000
2152 -1370.0000000000
2153 -1369.0000000000
2157 -1368.0000000000
2177 -1366.0000000000
2180 -1365.0000000000
2183 -1363.0000000000
2189 -1362.0000000000
2196 -1361.0000000000
2220 -1360.0000000000
2234 -1359.0000000000
2243 -1358.0000000000
2250 -1356.0000000000
2251 -1354.0000000000
2253 -1353.0000000000
2254 -1352.0000000000
2255 -1351.0000000000
2257 -1348.0000000000
2258 -1347.0000000000
2267 -1346.0000000000
2277 -1345.0000000000
2278 -1344.0000000000
2282 -1343.0000000000
2286 -1342.0000000000
2287 -1340.0000000000
2289 -1339.0000000000
2294 -1338.0000000000
2296 -1337.0000000000
2303 -1336.0000000000
2308 -1335.0000000000
2312 -1334.0000000000
2313 -1333.0000000000
2314 -1332.0000000000
2315 -1331.0000000000
2316 -1330.0000000000
2318 -1329.0000000000
2321 -1328.0000000000
2322 -1327.0000000000
2327 -1326.0000000000
2347 -1325.0000000000
2352 -1323.0000000000
2357 -1322.0000000000
2362 -1321.0000000000
2374 -1320.0000000000
2379 -1319.0000000000
2382 -1318.0000000000
2386 -1317.0000000000
2399 -1316.0000000000
2409 -1315.0000000000
2411 -1314.0000000000
2419 -1313.0000000000
2420 -1312.0000000000
2424 -1311.0000000000
2432 -1310.0000000000
2439 -1309.0000000000
2442 -1308.0000000000
2444 -1307.0000000000
2450 -1303.0000000000
2454 -1301.0000000000
2455 -1299.0000000000
2459 -1298.0000000000
2464 -1296.0000000000
2470 -1293.0000000000
2471 -1292.0000000000
2476 -1291.0000000000
2477 -1290.0000000000
2482 -1289.0000000000
2489 -1288.0000000000
2504 -1287.0000000000
2506 -1286.0000000000
2512 -1285.0000000000
2515 -1284.0000000000
2519 -1283.0000000000
2522 -1282.0000000000
2524 -1281.0000000000
2528 -1279.0000000000
2531 -1277.0000000000
2533 -1276.0000000000
2540 -1274.0000000000
2541 -1273.0000000000
2553 -1272.0000000000
2565 -1271.0000000000
2580 -1270.0000000000
2582 -1269.0000000000
2583 -1268.0000000000
2586 -1267.0000000000
2588 -1266.0000000000
2593 -1265.0000000000
2597 -1263.0000000000
2606 -1262.0000000000
2608 -1261.0000000000
2616 -1260.0000000000
2621 -1259.0000000000
2624 -1257.0000000000
2632 -1256.0000000000
2650 -1255.0000000000
2654 -1253.0000000000
2658 -1252.0000000000
2665 -1251.0000000000
2670 -1249.0000000000
2681 -1248.0000000000
2683 -1247.0000000000
2698 -1246.0000000000
2707 -1245.0000000000
2717 -1244.0000000000
2719 -1243.0000000000
2720 -1242.0000000000
2731 -1241.0000000000
2739 -1240.0000000000
2742 -1239.0000000000
2745 -1236.0000000000
2748 -1235.0000000000
2749 -1234.0000000000
2751 -1233.0000000000
2764 -1232.0000000000
2771 -1231.0000000000
2774 -1230.0000000000
2789 -1228.0000000000
2800 -1227.0000000000
2805 -1226.0000000000
2808 -1225.0000000000
2834 -1224.0000000000
2850 -1223.0000000000
2853 -1221.0000000000
2855 -1220.0000000000
2858 -1219.0000000000
2863 -1218.0000000000
2874 -1217.0000000000
2876 -1216.0000000000
2882 -1215.0000000000
2888 -1214.0000000000
2889 -1212.0000000000
2891 -1211.0000000000
2905 -1210.0000000000
2907 -1207.0000000000
2911 -1206.0000000000
2913 -1205.0000000000
2917 -1204.0000000000
2919 -1203.0000000000
2945 -1202.0000000000
2947 -1201.0000000000
2951 -1199.0000000000
2960 -1198.0000000000
2992 -1197.0000000000
2994 -1196.0000000000
2997 -1195.0000000000
3004 -1194.0000000000
3009 -1193.0000000000
3018 -1192.0000000000
3019 -1191.0000000000
3027 -1190.0000000000
3065 -1189.0000000000
3070 -1188.0000000000
3074 -1187.0000000000
3079 -1186.0000000000
3080 -1184.0000000000
3084 -1183.0000000000
3086 -1182.0000000000
3092 -1180.0000000000
3099 -1179.0000000000
3101 -1178.0000000000
3105 -1177.0000000000
3114 -1176.0000000000
3119 -1175.0000000000
3128 -1174.0000000000
3135 -1173.0000000000
3136 -1172.0000000000
3137 -1170.0000000000
3138 -1169.0000000000
3139 -1168.0000000000
3140 -1166.0000000000
3141 -1165.0000000000
3168 -1163.0000000000
3173 -1162.0000000000
3183 -1161.0000000000
3206 -1160.0000000000
3224 -1159.0000000000
3225 -1158.0000000000
3227 -1157.0000000000
3230 -1156.0000000000
3232 -1155.0000000000
3240 -1154.0000000000
3242 -1153.0000000000
3251 -1152.0000000000
3252 -1151.0000000000
3259 -1150.0000000000
3261 -1149.0000000000
3263 -1148.0000000000
3264 -1147.0000000000
3265 -1146.0000000000
3269 -1145.0000000000
3270 -1143.0000000000
3278 -1142.0000000000
3282 -1141.0000000000
3293 -1140.0000000000
3296 -1139.0000000000
3302 -1137.0000000000
3324 -1136.0000000000
3325 -1134.0000000000
3331 -1133.0000000000
3332 -1132.0000000000
3334 -1131.0000000000
3339 -1130.0000000000
3359 -1129.0000000000
3371 -1128.0000000000
3373 -1127.0000000000
3378 -1126.0000000000
3385 -1125.0000000000
3388 -1123.0000000000
3390 -1122.0000000000
3391 -1121.0000000000
3398 -1120.0000000000
3404 -1119.0000000000
3407 -1115.0000000000
3419 -1114.0000000000
3450 -1113.0000000000
3457 -1112.0000000000
3464 -1110.0000000000
3468 -1109.0000000000
3480 -1108.0000000000
3482 -1106.0000000000
3491 -1105.0000000000
3515 -1104.0000000000
3517 -1103.0000000000
3548 -1102.0000000000
3552 -1100.0000000000
3558 -1099.0000000000
3560 -1098.0000000000
3568 -1097.0000000000
3571 -1096.0000000000
3583 -1094.0000000000
3584 -1093.0000000000
3595 -1092.0000000000
3611 -1091.0000000000
3616 -1090.0000000000
3634 -1089.0000000000
3647 -1087.0000000000
3684 -1085.0000000000
3695 -1084.0000000000
3705 -1083.0000000000
3709 -1081.0000000000
3714 -1079.0000000000
3755 -1078.0000000000
3761 -1077.0000000000
3763 -1076.0000000000
3769 -1074.0000000000
3772 -1072.0000000000
3782 -1071.0000000000
3793 -1069.0000000000
3796 -1068.0000000000
3798 -1067.0000000000
3809 -1066.0000000000
3815 -1065.0000000000
3821 -1063.0000000000
3832 -1062.0000000000
3833 -1061.0000000000
3837 -1060.0000000000
3840 -1059.0000000000
3842 -1058.0000000000
3843 -1057.0000000000
3847 -1056.0000000000
3852 -1055.0000000000
3871 -1054.0000000000
3874 -1053.0000000000
3877 -1052.0000000000
3883 -1051.0000000000
3887 -1050.0000000000
3894 -1049.0000000000
3902 -1048.0000000000
3908 -1047.0000000000
3932 -1046.0000000000
3959 -1045.0000000000
3984 -1044.0000000000
3990 -1043.0000000000
3997 -1042.0000000000
4008 -1040.0000000000
4019 -1039.0000000000
4026 -1038.0000000000
4034 -1037.0000000000
4040 -1036.0000000000
4053 -1034.0000000000
4058 -1033.0000000000
4063 -1032.0000000000
4064 -1031.0000000000
4088 -1030.0000000000
4090 -1029.0000000000
4095 -1028.0000000000
4096 -1027.0000000000
4109 -1026.0000000000
4133 -1024.0000000000
4161 -1022.0000000000
4163 -1021.0000000000
4173 -1020.0000000000
4198 -1019.0000000000
4209 -1018.0000000000
4210 -1017.0000000000
4215 -1016.0000000000
4220 -1015.0000000000
4227 -1013.0000000000
4231 -1012.0000000000
4235 -1011.0000000000
4236 -1010.0000000000
4243 -1009.0000000000
4274 -1008.0000000000
4281 -1007.0000000000
4282 -1005.0000000000
4291 -1004.0000000000
4318 -1003.0000000000
4319 -1002.0000000000
4327 -1001.0000000000
4328 -1000.0000000000
4332 -999.0000000000
4336 -998.0000000000
4340 -997.0000000000
4342 -996.0000000000
4346 -995.0000000000
4355 -994.0000000000
4364 -992.0000000000
4378 -991.0000000000
4414 -990.0000000000
4417 -989.0000000000
4445 -988.0000000000
4446 -985.0000000000
4471 -984.0000000000
4482 -983.0000000000
4489 -982.0000000000
4490 -981.0000000000
4491 -980.0000000000
4492 -978.0000000000
4498 -977.0000000000
4505 -976.0000000000
4508 -975.0000000000
4530 -974.0000000000
4537 -973.0000000000
4544 -972.0000000000
4550 -971.0000000000
4560 -970.0000000000
4566 -969.0000000000
4567 -968.0000000000
4570 -967.0000000000
4580 -966.0000000000
4581 -964.0000000000
4583 -963.0000000000
4589 -962.0000000000
4604 -960.0000000000
4605 -958.0000000000
4611 -957.0000000000
4628 -956.0000000000
4661 -955.0000000000
4677 -954.0000000000
4689 -953.0000000000
4714 -952.0000000000
4717 -951.0000000000
4727 -950.0000000000
4738 -949.0000000000
4739 -948.0000000000
4747 -947.0000000000
4754 -946.0000000000
4762 -945.0000000000
4770 -944.0000000000
4773 -943.0000000000
4774 -942.0000000000
4782 -941.0000000000
4784 -940.0000000000
4799 -938.0000000000
4812 -937.0000000000
4831 -936.0000000000
4839 -935.0000000000
4866 -934.0000000000
4868 -933.0000000000
4879 -932.0000000000
4885 -931.0000000000
4887 -930.0000000000
4890 -928.0000000000
4897 -927.0000000000
4898 -926.0000000000
4909 -925.0000000000
4935 -924.0000000000
4947 -923.0000000000
4955 -922.0000000000
4957 -921.0000000000
4960 -920.0000000000
4962 -919.0000000000
4974 -917.0000000000
4976 -916.0000000000
4982 -915.0000000000
4993 -914.0000000000
4999 -913.0000000000
5004 -912.0000000000
5009 -911.0000000000
5028 -910.0000000000
5032 -909.0000000000
5033 -908.0000000000
5041 -907.0000000000
5050 -906.0000000000
5052 -905.0000000000
5054 -904.0000000000
5060 -903.0000000000
5079 -901.0000000000
5094 -900.0000000000
5097 -898.0000000000
5100 -897.0000000000
5110 -896.0000000000
5111 -895.0000000000
5113 -894.0000000000
5118 -893.0000000000
5120 -892.0000000000
5124 -891.0000000000
5135 -889.0000000000
5136 -888.0000000000
5151 -886.0000000000
5179 -885.0000000000
5180 -884.0000000000
5181 -883.0000000000
5187 -882.0000000000
5193 -881.0000000000
5200 -880.0000000000
5202 -878.0000000000
5203 -877.0000000000
5213 -876.0000000000
5226 -875.0000000000
5228 -874.0000000000
5231 -873.0000000000
5240 -871.0000000000
5243 -870.0000000000
5263 -869.0000000000
5272 -868.0000000000
5274 -867.0000000000
5289 -866.0000000000
5303 -864.0000000000
5304 -863.0000000000
5316 -861.0000000000
5331 -860.0000000000
5340 -859.0000000000
5345 -858.0000000000
5348 -857.0000000000
5355 -856.0000000000
5362 -855.0000000000
5369 -854.0000000000
5376 -853.0000000000
5382 -852.0000000000
5394 -851.0000000000
5395 -850.0000000000
5399 -849.0000000000
5408 -848.0000000000
5417 -847.0000000000
5419 -846.0000000000
5433 -844.0000000000
5441 -843.0000000000
5448 -842.0000000000
5470 -841.0000000000
5476 -840.0000000000
5499 -839.0000000000
5501 -838.0000000000
5506 -837.0000000000
5524 -836.0000000000
5556 -834.0000000000
5560 -830.0000000000
5577 -829.0000000000
5587 -828.0000000000
5602 -827.0000000000
5606 -825.0000000000
5612 -824.0000000000
5615 -823.0000000000
5619 -822.0000000000
5625 -821.0000000000
5628 -820.0000000000
5631 -819.0000000000
5638 -818.0000000000
5657 -817.0000000000
5661 -816.0000000000
5677 -815.0000000000
5682 -814.0000000000
5697 -813.0000000000
5709 -811.0000000000
5712 -810.0000000000
5731 -808.0000000000
5735 -807.0000000000
5743 -806.0000000000
5750 -805.0000000000
5751 -804.0000000000
5767 -803.0000000000
5770 -802.0000000000
5776 -801.0000000000
5798 -800.0000000000
5801 -799.0000000000
5810 -798.0000000000
5827 -797.0000000000
5833 -796.0000000000
5871 -795.0000000000
5872 -794.0000000000
5874 -793.0000000000
5875 -792.0000000000
5879 -791.0000000000
5900 -790.0000000000
5914 -788.0000000000
5918 -786.0000000000
5927 -785.0000000000
5933 -784.0000000000
5939 -783.0000000000
5940 -782.0000000000
5966 -781.0000000000
5986 -779.0000000000
6021 -777.0000000000
6049 -776.0000000000
6061 -775.0000000000
6079 -774.0000000000
6098 -773.0000000000
6109 -772.0000000000
6110 -771.0000000000
6136 -768.0000000000
6150 -767.0000000000
6162 -766.0000000000
6184 -765.0000000000
6185 -764.0000000000
6191 -763.0000000000
6212 -762.0000000000
6215 -761.0000000000
6219 -760.0000000000
6232 -759.0000000000
6241 -758.0000000000
6249 -757.0000000000
6254 -756.0000000000
6257 -755.0000000000
6276 -754.0000000000
6291 -753.0000000000
6303 -752.0000000000
6304 -750.0000000000
6314 -749.0000000000
6320 -748.0000000000
6341 -747.0000000000
6350 -746.0000000000
6366 -745.0000000000
6369 -744.0000000000
6373 -742.0000000000
6374 -741.0000000000
6378 -740.0000000000
6393 -738.0000000000
6398 -737.0000000000
6405 -736.0000000000
6410 -735.0000000000
6414 -734.0000000000
6434 -732.0000000000
6450 -731.0000000000
6458 -730.0000000000
6462 -729.0000000000
6468 -728.0000000000
6492 -727.0000000000
6517 -726.0000000000
6523 -724.0000000000
6528 -722.0000000000
6538 -721.0000000000
6543 -720.0000000000
6547 -719.0000000000
6554 -718.0000000000
6569 -717.0000000000
6580 -716.0000000000
6644 -715.0000000000
6668 -714.0000000000
6676 -713.0000000000
6703 -712.0000000000
6716 -711.0000000000
6726 -710.0000000000
6749 -709.0000000000
6761 -708.0000000000
6769 -707.0000000000
6771 -706.0000000000
6775 -705.0000000000
6780 -704.0000000000
6792 -703.0000000000
6807 -702.0000000000
6821 -701.0000000000
6829 -700.0000000000
6838 -699.0000000000
6840 -698.0000000000
6849 -696.0000000000
6858 -694.0000000000
6865 -693.0000000000
6872 -692.0000000000
6873 -691.0000000000
6877 -690.0000000000
6879 -687.0000000000
6883 -686.0000000000
6891 -685.0000000000
6896 -684.0000000000
6908 -683.0000000000
6912 -682.0000000000
6918 -681.0000000000
6935 -680.0000000000
6969 -678.0000000000
6984 -677.0000000000
6995 -676.0000000000
7004 -675.0000000000
7025 -674.0000000000
7033 -673.0000000000
7046 -672.0000000000
7052 -671.0000000000
7056 -670.0000000000
7059 -669.0000000000
7072 -667.0000000000
7073 -666.0000000000
7085 -665.0000000000
7089 -664.0000000000
7092 -663.0000000000
7101 -662.0000000000
7110 -661.0000000000
7114 -660.0000000000
7145 -658.0000000000
7175 -657.0000000000
7179 -656.0000000000
7186 -655.0000000000
7206 -654.0000000000
7208 -653.0000000000
7214 -652.0000000000
7235 -651.0000000000
7237 -650.0000000000
7248 -649.0000000000
7261 -648.0000000000
7269 -647.0000000000
7273 -646.0000000000
7326 -645.0000000000
7347 -644.0000000000
7352 -643.0000000000
7374 -642.0000000000
7382 -641.0000000000
7387 -640.0000000000
7391 -639.0000000000
7392 -638.0000000000
7403 -637.0000000000
7409 -636.0000000000
7425 -635.0000000000
7429 -634.0000000000
7461 -633.0000000000
7469 -632.0000000000
7471 -631.0000000000
7494 -630.0000000000
7537 -629.0000000000
7539 -628.0000000000
7555 -627.0000000000
7563 -626.0000000000
7608 -624.0000000000
7612 -623.0000000000
7620 -622.0000000000
7624 -621.0000000000
7634 -620.0000000000
7655 -619.0000000000
7672 -618.0000000000
7677 -617.0000000000
7678 -616.0000000000
7695 -615.0000000000
7708 -614.0000000000
7719 -613.0000000000
7728 -612.0000000000
7730 -611.0000000000
7779 -610.0000000000
7780 -609.0000000000
7795 -608.0000000000
7824 -607.0000000000
7840 -606.0000000000
7844 -605.0000000000
7863 -603.0000000000
7891 -602.0000000000
7918 -601.0000000000
7922 -600.0000000000
7967 -599.0000000000
7973 -598.0000000000
7977 -597.0000000000
7998 -596.0000000000
8001 -595.0000000000
8016 -594.0000000000
8020 -593.0000000000
8050 -592.0000000000
8057 -591.0000000000
8088 -590.0000000000
8104 -589.0000000000
8107 -588.0000000000
8120 -587.0000000000
8130 -586.0000000000
8188 -585.0000000000
8223 -584.0000000000
8224 -583.0000000000
8232 -582.0000000000
8256 -581.0000000000
8266 -579.0000000000
8278 -578.0000000000
8282 -577.0000000000
8312 -576.0000000000
8320 -575.0000000000
8328 -574.0000000000
8330 -573.0000000000
8340 -572.0000000000
8341 -571.0000000000
8344 -570.0000000000
8395 -569.0000000000
8417 -568.0000000000
8462 -567.0000000000
8471 -566.0000000000
8485 -565.0000000000
8486 -564.0000000000
8489 -563.0000000000
8501 -562.0000000000
8526 -561.0000000000
8549 -560.0000000000
8560 -559.0000000000
8585 -557.0000000000
8606 -556.0000000000
8660 -555.0000000000
8663 -554.0000000000
8666 -553.0000000000
8672 -552.0000000000
8679 -550.0000000000
8680 -549.0000000000
8691 -548.0000000000
8702 -547.0000000000
8719 -546.0000000000
8732 -545.0000000000
8742 -544.0000000000
8797 -542.0000000000
8810 -541.0000000000
8825 -540.0000000000
8874 -539.0000000000
8887 -538.0000000000
8900 -537.0000000000
8909 -536.0000000000
8910 -535.0000000000
8915 -534.0000000000
8932 -533.0000000000
8938 -532.0000000000
8953 -531.0000000000
8971 -530.0000000000
8975 -529.0000000000
8990 -528.0000000000
8995 -527.0000000000
9021 -526.0000000000
9043 -525.0000000000
9050 -524.0000000000
9057 -523.0000000000
9113 -522.0000000000
9124 -521.0000000000
9126 -520.0000000000
9156 -519.0000000000
9158 -518.0000000000
9160 -517.0000000000
9161 -515.0000000000
9178 -514.0000000000
9197 -513.0000000000
9200 -512.0000000000
9205 -511.0000000000
9209 -510.0000000000
9211 -509.0000000000
9233 -507.0000000000
9273 -506.0000000000
9352 -505.0000000000
9358 -504.0000000000
9364 -503.0000000000
9375 -502.0000000000
9387 -501.0000000000
9394 -500.0000000000
9426 -499.0000000000
9441 -498.0000000000
9442 -497.0000000000
9471 -496.0000000000
9477 -495.0000000000
9516 -494.0000000000
9524 -493.0000000000
9541 -492.0000000000
9557 -491.0000000000
9625 -490.0000000000
9640 -489.0000000000
9641 -488.0000000000
9649 -487.0000000000
9650 -486.0000000000
9672 -485.0000000000
9683 -484.0000000000
9691 -483.0000000000
9754 -482.0000000000
9763 -481.0000000000
9778 -480.0000000000
9790 -479.0000000000
9791 -478.0000000000
9793 -477.0000000000
9795 -476.0000000000
9798 -475.0000000000
9848 -474.0000000000
9900 -473.0000000000
9916 -472.0000000000
9929 -471.0000000000
9934 -470.0000000000
9970 -469.0000000000
9990 -468.0000000000
10000 -470.0000000000
evaluations raw_y
1 -1926.0000000000
4 -1925.0000000000
7 -1924.0000000000
8 -1923.0000000000
10 -1922.0000000000
14 -1919.0000000000
15 -1918.0000000000
20 -1916.0000000000
23 -1915.0000000000
26 -1914.0000000000
35 -1911.0000000000
40 -1910.0000000000
42 -1909.0000000000
51 -1908.0000000000
54 -1907.0000000000
55 -1906.0000000000
57 -1905.0000000000
58 -1904.0000000000
62 -1903.0000000000
63 -1902.0000000000
64 -1901.0000000000
65 -1900.0000000000
66 -1899.0000000000
69 -1898.0000000000
71 -1897.0000000000
74 -1896.0000000000
78 -1895.0000000000
80 -1894.0000000000
82 -1893.0000000000
84 -1892.0000000000
87 -1891.0000000000
93 -1890.0000000000
95 -1888.0000000000
99 -1887.0000000000
104 -1886.0000000000
116 -1885.0000000000
120 -1884.0000000000
127 -1881.0000000000
128 -1880.0000000000
130 -1879.0000000000
135 -1878.0000000000
139 -1877.0000000000
140 -1875.0000000000
143 -1874.0000000000
149 -1871.0000000000
155 -1870.0000000000
156 -1869.0000000000
168 -1868.0000000000
173 -1867.0000000000
176 -1866.0000000000
183 -1865.0000000000
186 -1864.0000000000
190 -1863.0000000000
192 -1862.0000000000
193 -1861.0000000000
194 -1858.0000000000
198 -1857.0000000000
200 -1855.0000000000
207 -1854.0000000000
210 -1852.0000000000
220 -1851.0000000000
223 -1850.0000000000
224 -1849.0000000000
226 -1848.0000000000
227 -1847.0000000000
228 -1846.0000000000
229 -1844.0000000000
230 -1843.0000000000
234 -1842.0000000000
244 -1841.0000000000
248 -1840.0000000000
253 -1838.0000000000
254 -1837.0000000000
255 -1836.0000000000
258 -1834.0000000000
261 -1833.0000000000
267 -1831.0000000000
272 -1830.0000000000
274 -1829.0000000000
275 -1828.0000000000
280 -1827.0000000000
284 -1826.0000000000
288 -1824.0000000000
290 -1822.0000000000
293 -1821.0000000000
296 -1820.0000000000
305 -1819.0000000000
308 -1817.0000000000
310 -1815.0000000000
311 -1814.0000000000
314 -1813.0000000000
317 -1812.0000000000
325 -1809.0000000000
333 -1808.0000000000
334 -1806.0000000000
342 -1805.0000000000
343 -1803.0000000000
346 -1802.0000000000
347 -1800.0000000000
355 -1798.0000000000
356 -1797.0000000000
361 -1795.0000000000
363 -1794.0000000000
368 -1793.0000000000
369 -1792.0000000000
379 -1791.0000000000
382 -1790.0000000000
384 -1789.0000000000
390 -1787.0000000000
392 -1785.0000000000
395 -1784.0000000000
396 -1783.0000000000
403 -1782.0000000000
404 -1780.0000000000
405 -1779.0000000000
408 -1778.0000000000
409 -1777.0000000000
418 -1776.0000000000
421 -1775.0000000000
425 -1774.0000000000
428 -1773.0000000000
432 -1771.0000000000
435 -1770.0000000000
436 -1769.0000000000
442 -1768.0000000000
447 -1767.0000000000
448 -1766.0000000000
449 -1764.0000000000
452 -1763.0000000000
461 -1762.0000000000
463 -1761.0000000000
470 -1760.0000000000
476 -1758.0000000000
478 -1757.0000000000
484 -1755.0000000000
490 -1754.0000000000
500 -1752.0000000000
507 -1751.0000000000
509 -1749.0000000000
510 -1748.0000000000
514 -1747.0000000000
515 -1746.0000000000
518 -1745.0000000000
523 -1744.0000000000
527 -1743.0000000000
529 -1741.0000000000
533 -1740.0000000000
541 -1738.0000000000
545 -1737.0000000000
547 -1736.0000000000
556 -1735.0000000000
561 -1734.0000000000
569 -1733.0000000000
573 -1731.0000000000
577 -1730.0000000000
583 -1729.0000000000
587 -1728.0000000000
590 -1727.0000000000
595 -1724.0000000000
597 -1723.0000000000
604 -1721.0000000000
606 -1720.0000000000
608 -1719.0000000000
610 -1718.0000000000
617 -1717.0000000000
618 -1716.0000000000
634 -1715.0000000000
636 -1714.0000000000
643 -1713.0000000000
648 -1712.0000000000
651 -1711.0000000000
652 -1710.0000000000
654 -1709.0000000000
661 -1706.0000000000
666 -1705.0000000000
670 -1704.0000000000
674 -1703.0000000000
676 -1702.0000000000
677 -1701.0000000000
679 -1700.0000000000
684 -1699.0000000000
689 -1698.0000000000
691 -1697.0000000000
693 -1696.0000000000
698 -1695.0000000000
707 -1694.0000000000
708 -1693.0000000000
709 -1692.0000000000
722 -1690.0000000000
726 -1689.0000000000
728 -1687.0000000000
731 -1685.0000000000
732 -1684.0000000000
735 -1682.0000000000
741 -1681.0000000000
743 -1680.0000000000
747 -1679.0000000000
753 -1678.0000000000
757 -1677.0000000000
761 -1676.0000000000
775 -1675.0000000000
778 -1674.0000000000
785 -1673.0000000000
787 -1672.0000000000
791 -1671.0000000000
799 -1670.0000000000
807 -1669.0000000000
808 -1668.0000000000
814 -1667.0000000000
815 -1666.0000000000
821 -1665.0000000000
828 -1664.0000000000
830 -1663.0000000000
833 -1661.0000000000
839 -1659.0000000000
840 -1657.0000000000
845 -1656.0000000000
851 -1655.0000000000
871 -1654.0000000000
875 -1653.0000000000
877 -1650.0000000000
878 -1648.0000000000
880 -1647.0000000000
881 -1645.0000000000
883 -1644.0000000000
887 -1643.0000000000
896 -1642.0000000000
898 -1640.0000000000
901 -1639.0000000000
902 -1638.0000000000
906 -1637.0000000000
909 -1636.0000000000
913 -1635.0000000000
914 -1634.0000000000
915 -1633.0000000000
925 -1632.0000000000
929 -1631.0000000000
930 -1630.0000000000
931 -1629.0000000000
934 -1628.0000000000
938 -1627.0000000000
948 -1626.0000000000
952 -1624.0000000000
954 -1623.0000000000
966 -1622.0000000000
970 -1621.0000000000
971 -1620.0000000000
973 -1619.0000000000
976 -1618.0000000000
981 -1617.0000000000
985 -1616.0000000000
990 -1615.0000000000
992 -1613.0000000000
1000 -1612.0000000000
1003 -1611.0000000000
1004 -1610.0000000000
1007 -1609.0000000000
1017 -1608.0000000000
1021 -1607.0000000000
1022 -1606.0000000000
1030 -1605.0000000000
1031 -1604.0000000000
1039 -1603.0000000000
1048 -1601.0000000000
1052 -1600.0000000000
1061 -1599.0000000000
1062 -1598.0000000000
1068 -1597.0000000000
1070 -1595.0000000000
1081 -1594.0000000000
1091 -1593.0000000000
1092 -1592.0000000000
1094 -1591.0000000000
1095 -1590.0000000000
1097 -1589.0000000000
1102 -1585.0000000000
1111 -1583.0000000000
1112 -1582.0000000000
1133 -1581.0000000000
1135 -1580.0000000000
1137 -1579.0000000000
1146 -1578.0000000000
1149 -1576.0000000000
1156 -1574.0000000000
1160 -1573.0000000000
1163 -1571.0000000000
1164 -1570.0000000000
1178 -1569.0000000000
1196 -1568.0000000000
1200 -1567.0000000000
1201 -1566.0000000000
1203 -1565.0000000000
1205 -1564.0000000000
1207 -1561.0000000000
1219 -1560.0000000000
1224 -1559.0000000000
1227 -1556.0000000000
1228 -1555.0000000000
1230 -1554.0000000000
1233 -1553.0000000000
1235 -1552.0000000000
1240 -1551.0000000000
1246 -1550.0000000000
1251 -1549.0000000000
1253 -1548.0000000000
1254 -1547.0000000000
1257 -1546.0000000000
1259 -1544.0000000000
1263 -1543.0000000000
1269 -1542.0000000000
1274 -1541.0000000000
1295 -1540.0000000000
1298 -1539.0000000000
1304 -1538.0000000000
1307 -1536.0000000000
1329 -1535.0000000000
1332 -1534.0000000000
1336 -1533.0000000000
1347 -1532.0000000000
1351 -1531.0000000000
1356 -1530.0000000000
1359 -1529.0000000000
1360 -1528.0000000000
1374 -1527.0000000000
1375 -1526.0000000000
1380 -1524.0000000000
1381 -1522.0000000000
1382 -1521.0000000000
1384 -1520.0000000000
1385 -1518.0000000000
1390 -1517.0000000000
1391 -1516.0000000000
1405 -1515.0000000000
1407 -1514.0000000000
1413 -1512.0000000000
1414 -1511.0000000000
1424 -1510.0000000000
1453 -1509.0000000000
1457 -1508.0000000000
1458 -1507.0000000000
1460 -1506.0000000000
1470 -1505.0000000000
1471 -1503.0000000000
1473 -1502.0000000000
1476 -1501.0000000000
1481 -1500.0000000000
1483 -1499.0000000000
1485 -1497.0000000000
1489 -1496.0000000000
1490 -1495.0000000000
1493 -1494.0000000000
1499 -1493.0000000000
1514 -1491.0000000000
1516 -1490.0000000000
1519 -1489.0000000000
1522 -1488.0000000000
1526 -1487.0000000000
1529 -1486.0000000000
1533 -1485.0000000000
1536 -1484.0000000000
1537 -1483.0000000000
1543 -1482.0000000000
1547 -1481.0000000000
1555 -1480.0000000000
1560 -1479.0000000000
1561 -1478.0000000000
1574 -1474.0000000000
1579 -1473.0000000000
1588 -1471.0000000000
1589 -1470.0000000000
1597 -1469.0000000000
1610 -1467.0000000000
1612 -1466.0000000000
1614 -1465.0000000000
1616 -1464.0000000000
1618 -1463.0000000000
1636 -1462.0000000000
1637 -1461.0000000000
1641 -1460.0000000000
1668 -1459.0000000000
1671 -1458.0000000000
1673 -1457.0000000000
1676 -1456.0000000000
1684 -1455.0000000000
1686 -1454.0000000000
1691 -1453.0000000000
1692 -1452.0000000000
1696 -1451.0000000000
1700 -1450.0000000000
1703 -1449.0000000000
1716 -1448.0000000000
1723 -1447.0000000000
1724 -1446.0000000000
1727 -1445.0000000000
1729 -1444.0000000000
1735 -1443.0000000000
1751 -1442.0000000000
1754 -1441.0000000000
1759 -1440.0000000000
1765 -1438.0000000000
1766 -1437.0000000000
1772 -1436.0000000000
1793 -1435.0000000000
1796 -1433.0000000000
1797 -1432.0000000000
1806 -1431.0000000000
1807 -1430.0000000000
1808 -1429.0000000000
1809 -1428.0000000000
1812 -1427.0000000000
1814 -1426.0000000000
1818 -1425.0000000000
1820 -1424.0000000000
1822 -1423.0000000000
1828 -1422.0000000000
1835 -1421.0000000000
1840 -1420.0000000000
1846 -1419.0000000000
1847 -1418.0000000000
1849 -1417.0000000000
1853 -1416.0000000000
1859 -1415.0000000000
1867 -1414.0000000000
1873 -1413.0000000000
1882 -1412.0000000000
1892 -1410.0000000000
1905 -1409.0000000000
1906 -1408.0000000000
1909 -1406.0000000000
1916 -1405.0000000000
1921 -1403.0000000000
1925 -1402.0000000000
1928 -1401.0000000000
1936 -1400.0000000000
1938 -1399.0000000000
1941 -1398.0000000000
1944 -1397.0000000000
1954 -1396.0000000000
1957 -1395.0000000000
1961 -1394.0000000000
1974 -1393.0000000000
1983 -1391.0000000000
1986 -1389.0000000000
1989 -1388.0000000000
1991 -1387.0000000000
1997 -1386.0000000000
1998 -1385.0000000000
2002 -1384.0000000000
2008 -1383.0000000000
2009 -1382.0000000000
2013 -1381.0000000000
2019 -1380.0000000000
2021 -1379.0000000000
2024 -1378.0000000000
2026 -1377.0000000000
2033 -1376.0000000000
2044 -1373.0000000000
2047 -1372.0000000000
2061 -1371.0000000000
2062 -1370.0000000000
2071 -1368.0000000000
2079 -1365.0000000000
2083 -1364.0000000000
2084 -1363.0000000000
2091 -1362.0000000000
2094 -1360.0000000000
2102 -1359.0000000000
2109 -1358.0000000000
2111 -1357.0000000000
2112 -1356.0000000000
2113 -1355.0000000000
2120 -1353.0000000000
2129 -1352.0000000000
2130 -1351.0000000000
2134 -1350.0000000000
2137 -1349.0000000000
2148 -1348.0000000000
2156 -1347.0000000000
2168 -1345.0000000000
2173 -1344.0000000000
2182 -1343.0000000000
2190 -1342.0000000000
2197 -1340.0000000000
2205 -1339.0000000000
2219 -1338.0000000000
2223 -1337.0000000000
2224 -1336.0000000000
2229 -1335.0000000000
2230 -1334.0000000000
2237 -1333.0000000000
2243 -1332.0000000000
2245 -1331.0000000000
2252 -1330.0000000000
2255 -1329.0000000000
2257 -1328.0000000000
2265 -1325.0000000000
2274 -1323.0000000000
2275 -1322.0000000000
2278 -1321.0000000000
2279 -1320.0000000000
2293 -1319.0000000000
2301 -1318.0000000000
2312 -1317.0000000000
2326 -1316.0000000000
2327 -1315.0000000000
2332 -1314.0000000000
2333 -1313.0000000000
2334 -1312.0000000000
2347 -1310.0000000000
2350 -1309.0000000000
2353 -1307.0000000000
2354 -1306.0000000000
2364 -1305.0000000000
2368 -1304.0000000000
2369 -1303.0000000000
2376 -1302.0000000000
2380 -1299.0000000000
2393 -1298.0000000000
2398 -1297.0000000000
2409 -1296.0000000000
2413 -1295.0000000000
2414 -1294.0000000000
2418 -1292.0000000000
2419 -1290.0000000000
2422 -1289.0000000000
2426 -1288.0000000000
2427 -1285.0000000000
2434 -1284.0000000000
2437 -1283.0000000000
2440 -1282.0000000000
2445 -1281.0000000000
2450 -1280.0000000000
2455 -1279.0000000000
2459 -1277.0000000000
2462 -1276.0000000000
2465 -1274.0000000000
2474 -1273.0000000000
2478 -1272.0000000000
2481 -1271.0000000000
2485 -1270.0000000000
2488 -1268.0000000000
2499 -1267.0000000000
2505 -1266.0000000000
2508 -1265.0000000000
2554 -1264.0000000000
2556 -1262.0000000000
2560 -1260.0000000000
2561 -1259.0000000000
2569 -1258.0000000000
2570 -1257.0000000000
2571 -1256.0000000000
2580 -1255.0000000000
2591 -1254.0000000000
2599 -1253.0000000000
2600 -1252.0000000000
2610 -1251.0000000000
2612 -1249.0000000000
2625 -1246.0000000000
2640 -1245.0000000000
2646 -1244.0000000000
2648 -1243.0000000000
2650 -1242.0000000000
2658 -1240.0000000000
2663 -1239.0000000000
2665 -1238.0000000000
2667 -1237.0000000000
2670 -1235.0000000000
2680 -1234.0000000000
2695 -1233.0000000000
2701 -1232.0000000000
2727 -1231.0000000000
2745 -1230.0000000000
2748 -1228.0000000000
2754 -1227.0000000000
2758 -1226.0000000000
2760 -1225.0000000000
2766 -1224.0000000000
2771 -1223.0000000000
2778 -1222.0000000000
2784 -1221.0000000000
2785 -1220.0000000000
2788 -1219.0000000000
2790 -1217.0000000000
2792 -1216.0000000000
2799 -1215.0000000000
2807 -1213.0000000000
2821 -1212.0000000000
2822 -1211.0000000000
2825 -1210.0000000000
2831 -1209.0000000000
2838 -1208.0000000000
2839 -1207.0000000000
2849 -1206.0000000000
2852 -1205.0000000000
2854 -1203.0000000000
2868 -1202.0000000000
2876 -1201.0000000000
2884 -1198.0000000000
2906 -1195.0000000000
2916 -1194.0000000000
2920 -1192.0000000000
2926 -1190.0000000000
2927 -1189.0000000000
2937 -1188.0000000000
2942 -1187.0000000000
2969 -1186.0000000000
2975 -1185.0000000000
2976 -1183.0000000000
2977 -1182.0000000000
2978 -1181.0000000000
2981 -1180.0000000000
2985 -1179.0000000000
2993 -1177.0000000000
2998 -1176.0000000000
3000 -1175.0000000000
3013 -1174.0000000000
3030 -1173.0000000000
3033 -1172.0000000000
3049 -1171.0000000000
3056 -1170.0000000000
3062 -1167.0000000000
3063 -1165.0000000000
3066 -1164.0000000000
3082 -1163.0000000000
3086 -1162.0000000000
3093 -1161.0000000000
3104 -1160.0000000000
3111 -1159.0000000000
3115 -1157.0000000000
3116 -1156.0000000000
3136 -1155.0000000000
3142 -1154.0000000000
3157 -1153.0000000000
3161 -1152.0000000000
3165 -1150.0000000000
3175 -1149.0000000000
3181 -1148.0000000000
3201 -1147.0000000000
3209 -1146.0000000000
3214 -1145.0000000000
3237 -1144.0000000000
3238 -1143.0000000000
3239 -1141.0000000000
3242 -1140.0000000000
3250 -1139.0000000000
3258 -1138.0000000000
3273 -1136.0000000000
3294 -1135.0000000000
3319 -1134.0000000000
3322 -1133.0000000000
3323 -1131.0000000000
3344 -1130.0000000000
3353 -1129.0000000000
3356 -1128.0000000000
3366 -1127.0000000000
3367 -1126.0000000000
3412 -1123.0000000000
3423 -1121.0000000000
3425 -1120.0000000000
3426 -1119.0000000000
3428 -1118.0000000000
3439 -1117.0000000000
3440 -1116.0000000000
3448 -1115.0000000000
3450 -1114.0000000000
3451 -1113.0000000000
3472 -1112.0000000000
3485 -1111.0000000000
3488 -1110.0000000000
3497 -1108.0000000000
3505 -1107.0000000000
3518 -1106.0000000000
3543 -1105.0000000000
3546 -1104.0000000000
3548 -1103.0000000000
3551 -1102.0000000000
3566 -1101.0000000000
3568 -1100.0000000000
3582 -1099.0000000000
3587 -1098.0000000000
3592 -1097.0000000000
3597 -1096.0000000000
3600 -1094.0000000000
3612 -1093.0000000000
3613 -1092.0000000000
3619 -1091.0000000000
3620 -1089.0000000000
3638 -1088.0000000000
3646 -1087.0000000000
3667 -1085.0000000000
3674 -1084.0000000000
3678 -1082.0000000000
3684 -1080.0000000000
3685 -1077.0000000000
3708 -1075.0000000000
3710 -1074.0000000000
3715 -1073.0000000000
3718 -1072.0000000000
3742 -1071.0000000000
3744 -1070.0000000000
3756 -1069.0000000000
3758 -1068.0000000000
3759 -1067.0000000000
3761 -1066.0000000000
3768 -1064.0000000000
3771 -1062.0000000000
3781 -1061.0000000000
3791 -1060.0000000000
3795 -1059.0000000000
3796 -1058.0000000000
3807 -1057.0000000000
3814 -1056.0000000000
3819 -1055.0000000000
3825 -1054.0000000000
3834 -1052.0000000000
3850 -1051.0000000000
3852 -1050.0000000000
3869 -1049.0000000000
3884 -1048.0000000000
3914 -1047.0000000000
3915 -1046.0000000000
3918 -1045.0000000000
3923 -1044.0000000000
3934 -1043.0000000000
3937 -1042.0000000000
3991 -1041.0000000000
3997 -1040.0000000000
4011 -1039.0000000000
4017 -1038.0000000000
4019 -1037.0000000000
4021 -1036.0000000000
4025 -1035.0000000000
4036 -1034.0000000000
4037 -1033.0000000000
4038 -1032.0000000000
4043 -1031.0000000000
4050 -1030.0000000000
4061 -1029.0000000000
4062 -1028.0000000000
4063 -1027.0000000000
4064 -1026.0000000000
4090 -1025.0000000000
4126 -1023.0000000000
4132 -1022.0000000000
4136 -1021.0000000000
4141 -1020.0000000000
4156 -1018.0000000000
4159 -1017.0000000000
4163 -1016.0000000000
4193 -1015.0000000000
4209 -1014.0000000000
4220 -1013.0000000000
4232 -1012.0000000000
4242 -1011.0000000000
4246 -1009.0000000000
4251 -1008.0000000000
4257 -1007.0000000000
4277 -1006.0000000000
4278 -1005.0000000000
4282 -1004.0000000000
4286 -1003.0000000000
4300 -1001.0000000000
4301 -1000.0000000000
4314 -999.0000000000
4333 -997.0000000000
4343 -996.0000000000
4378 -995.0000000000
4380 -994.0000000000
4389 -993.0000000000
4424 -992.0000000000
4440 -991.0000000000
4454 -989.0000000000
4463 -988.0000000000
4470 -987.0000000000
4473 -986.0000000000
4474 -985.0000000000
4478 -984.0000000000
4482 -983.0000000000
4483 -982.0000000000
4496 -981.0000000000
4498 -979.0000000000
4500 -977.0000000000
4502 -975.0000000000
4504 -974.0000000000
4505 -973.0000000000
4511 -972.0000000000
4524 -971.0000000000
4528 -970.0000000000
4530 -969.0000000000
4532 -968.0000000000
4535 -967.0000000000
4541 -966.0000000000
4543 -964.0000000000
4572 -963.0000000000
4589 -962.0000000000
4595 -961.0000000000
4599 -959.0000000000
4605 -957.0000000000
4607 -956.0000000000
4623 -955.0000000000
4631 -954.0000000000
4645 -953.0000000000
4647 -952.0000000000
4651 -951.0000000000
4666 -950.0000000000
4685 -949.0000000000
4690 -948.0000000000
4711 -947.0000000000
4712 -946.0000000000
4720 -944.0000000000
4724 -943.0000000000
4735 -941.0000000000
4741 -940.0000000000
4744 -939.0000000000
4746 -938.0000000000
4750 -937.0000000000
4781 -936.0000000000
4786 -935.0000000000
4794 -934.0000000000
4801 -933.0000000000
4808 -932.0000000000
4820 -931.0000000000
4834 -930.0000000000
4843 -929.0000000000
4846 -928.0000000000
4849 -926.0000000000
4859 -925.0000000000
4868 -923.0000000000
4876 -922.0000000000
4881 -921.0000000000
4891 -920.0000000000
4900 -919.0000000000
4905 -918.0000000000
4908 -917.0000000000
4914 -916.0000000000
4921 -915.0000000000
4923 -914.0000000000
4928 -912.0000000000
4931 -911.0000000000
4934 -910.0000000000
4944 -908.0000000000
4947 -907.0000000000
4952 -906.0000000000
4961 -905.0000000000
4962 -904.0000000000
4978 -903.0000000000
5015 -902.0000000000
5038 -901.0000000000
5043 -900.0000000000
5053 -899.0000000000
5055 -898.0000000000
5057 -897.0000000000
5075 -896.0000000000
5084 -895.0000000000
5091 -894.0000000000
5108 -893.0000000000
5112 -892.0000000000
5117 -891.0000000000
5123 -890.0000000000
5132 -889.0000000000
5154 -887.0000000000
5168 -886.0000000000
5178 -885.0000000000
5184 -884.0000000000
5201 -883.0000000000
5252 -882.0000000000
5270 -881.0000000000
5272 -880.0000000000
5280 -879.0000000000
5282 -878.0000000000
5292 -876.0000000000
5297 -875.0000000000
5310 -874.0000000000
5311 -873.0000000000
5319 -872.0000000000
5346 -871.0000000000
5349 -870.0000000000
5390 -869.0000000000
5402 -868.0000000000
5412 -867.0000000000
5418 -866.0000000000
5420 -865.0000000000
5429 -864.0000000000
5432 -862.0000000000
5452 -861.0000000000
5457 -860.0000000000
5461 -859.0000000000
5465 -858.0000000000
5467 -857.0000000000
5470 -856.0000000000
5479 -855.0000000000
5482 -854.0000000000
5487 -853.0000000000
5494 -852.0000000000
5496 -851.0000000000
5534 -850.0000000000
5537 -849.0000000000
5539 -848.0000000000
5558 -847.0000000000
5560 -846.0000000000
5565 -845.0000000000
5570 -844.0000000000
5596 -843.0000000000
5598 -842.0000000000
5604 -841.0000000000
5611 -840.0000000000
5631 -839.0000000000
5640 -838.0000000000
5644 -836.0000000000
5651 -835.0000000000
5653 -834.0000000000
5694 -833.0000000000
5716 -832.0000000000
5720 -831.0000000000
5728 -830.0000000000
5729 -829.0000000000
5737 -828.0000000000
5739 -827.0000000000
5740 -826.0000000000
5745 -825.0000000000
5747 -824.0000000000
5752 -822.0000000000
5787 -821.0000000000
5788 -819.0000000000
5794 -818.0000000000
5796 -817.0000000000
5803 -816.0000000000
5806 -815.0000000000
5818 -814.0000000000
5820 -813.0000000000
5823 -812.0000000000
5837 -811.0000000000
5840 -809.0000000000
5850 -808.0000000000
5885 -807.0000000000
5890 -806.0000000000
5905 -805.0000000000
5910 -804.0000000000
5921 -803.0000000000
5940 -802.0000000000
5943 -801.0000000000
5944 -800.0000000000
5949 -798.0000000000
5959 -797.0000000000
5965 -796.0000000000
5972 -795.0000000000
5975 -794.0000000000
5987 -793.0000000000
5994 -792.0000000000
6001 -791.0000000000
6009 -789.0000000000
6020 -788.0000000000
6030 -787.0000000000
6050 -786.0000000000
6054 -785.0000000000
6070 -784.0000000000
6079 -783.0000000000
6094 -782.0000000000
6097 -781.0000000000
6098 -779.0000000000
6103 -778.0000000000
6105 -777.0000000000
6125 -776.0000000000
6148 -774.0000000000
6168 -772.0000000000
6196 -771.0000000000
6204 -770.0000000000
6205 -769.0000000000
6216 -768.0000000000
6228 -767.0000000000
6231 -766.0000000000
6239 -765.0000000000
6246 -764.0000000000
6265 -763.0000000000
6275 -762.0000000000
6278 -761.0000000000
6279 -760.0000000000
6280 -759.0000000000
6288 -758.0000000000
6289 -757.0000000000
6292 -756.0000000000
6298 -755.0000000000
6303 -754.0000000000
6308 -753.0000000000
6321 -752.0000000000
6328 -751.0000000000
6330 -750.0000000000
6339 -749.0000000000
6340 -748.0000000000
6355 -747.0000000000
6363 -746.0000000000
6367 -745.0000000000
6374 -743.0000000000
6377 -742.0000000000
6381 -741.0000000000
6410 -739.0000000000
6420 -738.0000000000
6422 -737.0000000000
6435 -736.0000000000
6441 -735.0000000000
6452 -734.0000000000
6472 -733.0000000000
6482 -732.0000000000
6497 -730.0000000000
6501 -729.0000000000
6516 -728.0000000000
6517 -727.0000000000
6536 -726.0000000000
6555 -725.0000000000
6573 -724.0000000000
6587 -723.0000000000
6624 -722.0000000000
6654 -721.0000000000
6660 -720.0000000000
6663 -719.0000000000
6667 -718.0000000000
6680 -717.0000000000
6684 -715.0000000000
6687 -714.0000000000
6698 -713.0000000000
6705 -712.0000000000
6733 -711.0000000000
6735 -710.0000000000
6748 -709.0000000000
6759 -708.0000000000
6771 -707.0000000000
6778 -706.0000000000
6782 -705.0000000000
6797 -704.0000000000
6803 -703.0000000000
6824 -701.0000000000
6863 -700.0000000000
6877 -699.0000000000
6884 -698.0000000000
6902 -697.0000000000
6925 -696.0000000000
6946 -695.0000000000
6981 -694.0000000000
6985 -693.0000000000
7001 -692.0000000000
7024 -691.0000000000
7033 -689.0000000000
7043 -688.0000000000
7054 -687.0000000000
7060 -685.0000000000
7066 -684.0000000000
7071 -683.0000000000
7072 -682.0000000000
7110 -681.0000000000
7123 -680.0000000000
7131 -679.0000000000
7139 -678.0000000000
7142 -677.0000000000
7168 -676.0000000000
7176 -675.0000000000
7185 -674.0000000000
7200 -673.0000000000
7206 -672.0000000000
7214 -671.0000000000
7224 -670.0000000000
7228 -669.0000000000
7234 -668.0000000000
7236 -667.0000000000
7250 -666.0000000000
7269 -665.0000000000
7270 -664.0000000000
7273 -663.0000000000
7292 -662.0000000000
7299 -661.0000000000
7305 -660.0000000000
7314 -659.0000000000
7322 -658.0000000000
7329 -657.0000000000
7337 -656.0000000000
7377 -655.0000000000
7403 -653.0000000000
7408 -652.0000000000
7412 -651.0000000000
7425 -650.0000000000
7429 -649.0000000000
7447 -648.0000000000
7450 -647.0000000000
7456 -646.0000000000
7457 -645.0000000000
7478 -644.0000000000
7500 -642.0000000000
7508 -641.0000000000
7533 -640.0000000000
7565 -639.0000000000
7612 -638.0000000000
7636 -637.0000000000
7639 -636.0000000000
7640 -635.0000000000
7651 -634.0000000000
7653 -633.0000000000
7663 -632.0000000000
7666 -630.0000000000
7691 -629.0000000000
7694 -628.0000000000
7788 -627.0000000000
7793 -626.0000000000
7808 -625.0000000000
7821 -624.0000000000
7842 -623.0000000000
7857 -622.0000000000
7864 -620.0000000000
7875 -619.0000000000
7876 -618.0000000000
7904 -617.0000000000
7910 -616.0000000000
7915 -615.0000000000
7934 -614.0000000000
7955 -613.0000000000
7958 -612.0000000000
7960 -611.0000000000
7979 -610.0000000000
7982 -609.0000000000
8010 -607.0000000000
8021 -606.0000000000
8029 -605.0000000000
8037 -604.0000000000
8076 -603.0000000000
8085 -602.0000000000
8088 -600.0000000000
8127 -599.0000000000
8134 -598.0000000000
8137 -597.0000000000
8161 -596.0000000000
8164 -595.0000000000
8180 -594.0000000000
8187 -593.0000000000
8213 -592.0000000000
8243 -591.0000000000
8252 -590.0000000000
8256 -589.0000000000
8257 -588.0000000000
8265 -587.0000000000
8273 -586.0000000000
8279 -585.0000000000
8303 -584.0000000000
8312 -583.0000000000
8365 -582.0000000000
8384 -581.0000000000
8400 -580.0000000000
8428 -579.0000000000
8434 -578.0000000000
8435 -577.0000000000
8464 -576.0000000000
8484 -575.0000000000
8499 -574.0000000000
8506 -573.0000000000
8549 -572.0000000000
8567 -570.0000000000
8604 -569.0000000000
8615 -568.0000000000
8653 -567.0000000000
8659 -566.0000000000
8664 -565.0000000000
8671 -564.0000000000
8692 -563.0000000000
8708 -562.0000000000
8712 -561.0000000000
8714 -560.0000000000
8726 -559.0000000000
8753 -558.0000000000
8754 -557.0000000000
8776 -556.0000000000
8792 -555.0000000000
8796 -554.0000000000
8798 -553.0000000000
8814 -552.0000000000
8832 -551.0000000000
8839 -550.0000000000
8859 -549.0000000000
8870 -548.0000000000
8879 -546.0000000000
8881 -545.0000000000
8883 -544.0000000000
8889 -543.0000000000
8898 -541.0000000000
8906 -540.0000000000
8975 -539.0000000000
8982 -538.0000000000
8989 -537.0000000000
9072 -536.0000000000
9073 -535.0000000000
9091 -534.0000000000
9106 -533.0000000000
9109 -532.0000000000
9110 -530.0000000000
9126 -529.0000000000
9127 -528.0000000000
9140 -527.0000000000
9143 -526.0000000000
9192 -525.0000000000
9196 -524.0000000000
9198 -523.0000000000
9202 -522.0000000000
9204 -521.0000000000
9212 -520.0000000000
9240 -519.0000000000
9241 -518.0000000000
9249 -517.0000000000
9291 -514.0000000000
9303 -513.0000000000
9332 -512.0000000000
9343 -511.0000000000
9359 -510.0000000000
9366 -509.0000000000
9388 -508.0000000000
9441 -507.0000000000
9479 -506.0000000000
9505 -505.0000000000
9523 -504.0000000000
9558 -503.0000000000
9573 -502.0000000000
9575 -501.0000000000
9579 -500.0000000000
9587 -499.0000000000
9602 -498.0000000000
9609 -496.0000000000
9622 -495.0000000000
9623 -494.0000000000
9626 -493.0000000000
9637 -492.0000000000
9640 -491.0000000000
9643 -490.0000000000
9657 -489.0000000000
9658 -488.0000000000
9679 -487.0000000000
9735 -486.0000000000
9760 -485.0000000000
9779 -484.0000000000
9786 -483.0000000000
9787 -481.0000000000
9805 -480.0000000000
9828 -478.0000000000
9830 -477.0000000000
9854 -476.0000000000
9864 -475.0000000000
9866 -474.0000000000
9890 -473.0000000000
9900 -471.0000000000
9912 -469.0000000000
9955 -468.0000000000
9960 -467.0000000000
9963 -466.0000000000
9967 -465.0000000000
9981 -464.0000000000
9989 -462.0000000000
9998 -461.0000000000
10000 -464.0000000000
evaluations raw_y
1 -1914.0000000000
2 -1912.0000000000
4 -1911.0000000000
5 -1910.0000000000
8 -1909.0000000000
15 -1908.0000000000
17 -1906.0000000000
20 -1905.0000000000
21 -1904.0000000000
28 -1902.0000000000
32 -1901.0000000000
35 -1900.0000000000
40 -1899.0000000000
41 -1898.0000000000
43 -1897.0000000000
50 -1896.0000000000
51 -1894.0000000000
56 -1893.0000000000
71 -1892.0000000000
78 -1891.0000000000
82 -1890.0000000000
85 -1889.0000000000
87 -1888.0000000000
90 -1886.0000000000
96 -1885.0000000000
109 -1883.0000000000
119 -1881.0000000000
128 -1880.0000000000
136 -1878.0000000000
141 -1877.0000000000
142 -1875.0000000000
150 -1874.0000000000
155 -1872.0000000000
161 -1871.0000000000
164 -1870.0000000000
171 -1868.0000000000
172 -1867.0000000000
180 -1865.0000000000
188 -1864.0000000000
197 -1863.0000000000
204 -1862.0000000000
205 -1861.0000000000
206 -1860.0000000000
208 -1859.0000000000
213 -1858.0000000000
214 -1857.0000000000
216 -1856.0000000000
217 -1855.0000000000
227 -1854.0000000000
233 -1853.0000000000
238 -1852.0000000000
240 -1851.0000000000
242 -1850.0000000000
245 -1848.0000000000
250 -1846.0000000000
253 -1845.0000000000
258 -1844.0000000000
263 -1843.0000000000
267 -1842.0000000000
273 -1841.0000000000
277 -1840.0000000000
278 -1839.0000000000
280 -1838.0000000000
287 -1837.0000000000
292 -1835.0000000000
301 -1834.0000000000
308 -1833.0000000000
312 -1832.0000000000
324 -1831.0000000000
334 -1830.0000000000
335 -1829.0000000000
342 -1828.0000000000
343 -1826.0000000000
345 -1825.0000000000
352 -1823.0000000000
356 -1821.0000000000
357 -1820.0000000000
365 -1819.0000000000
367 -1817.0000000000
379 -1816.0000000000
380 -1814.0000000000
384 -1812.0000000000
386 -1811.0000000000
390 -1810.0000000000
391 -1808.0000000000
393 -1807.0000000000
395 -1805.0000000000
397 -1804.0000000000
398 -1803.0000000000
409 -1802.0000000000
418 -1800.0000000000
420 -1797.0000000000
421 -1796.0000000000
425 -1795.0000000000
428 -1794.0000000000
442 -1793.0000000000
443 -1792.0000000000
449 -1791.0000000000
459 -1790.0000000000
460 -1788.0000000000
464 -1787.0000000000
468 -1786.0000000000
479 -1785.0000000000
483 -1784.0000000000
487 -1782.0000000000
488 -1781.0000000000
493 -1780.0000000000
496 -1779.0000000000
499 -1778.0000000000
503 -1777.0000000000
505 -1776.0000000000
513 -1775.0000000000
520 -1774.0000000000
521 -1773.0000000000
526 -1772.0000000000
528 -1770.0000000000
544 -1769.0000000000
545 -1768.0000000000
546 -1767.0000000000
547 -1766.0000000000
560 -1765.0000000000
563 -1764.0000000000
565 -1763.0000000000
573 -1760.0000000000
574 -1759.0000000000
575 -1758.0000000000
577 -1757.0000000000
581 -1756.0000000000
582 -1755.0000000000
593 -1754.0000000000
596 -1753.0000000000
599 -1752.0000000000
600 -1751.0000000000
602 -1749.0000000000
607 -1748.0000000000
608 -1747.0000000000
616 -1746.0000000000
618 -1745.0000000000
622 -1744.0000000000
623 -1743.0000000000
624 -1742.0000000000
629 -1741.0000000000
634 -1740.0000000000
636 -1739.0000000000
638 -1737.0000000000
640 -1736.0000000000
642 -1735.0000000000
643 -1734.0000000000
646 -1733.0000000000
650 -1732.0000000000
652 -1731.0000000000
653 -1730.0000000000
654 -1729.0000000000
662 -1728.0000000000
663 -1726.0000000000
665 -1724.0000000000
670 -1723.0000000000
671 -1721.0000000000
679 -1720.0000000000
682 -1718.0000000000
684 -1717.0000000000
685 -1716.0000000000
686 -1715.0000000000
701 -1714.0000000000
713 -1713.0000000000
718 -1712.0000000000
725 -1711.0000000000
742 -1709.0000000000
743 -1708.0000000000
745 -1707.0000000000
746 -1706.0000000000
753 -1703.0000000000
756 -1702.0000000000
761 -1701.0000000000
770 -1700.0000000000
771 -1699.0000000000
774 -1696.0000000000
775 -1695.0000000000
776 -1694.0000000000
779 -1693.0000000000
782 -1690.0000000000
788 -1689.0000000000
789 -1688.0000000000
791 -1687.0000000000
795 -1686.0000000000
800 -1685.0000000000
803 -1684.0000000000
806 -1683.0000000000
808 -1682.0000000000
809 -1681.0000000000
810 -1680.0000000000
814 -1679.0000000000
815 -1678.0000000000
829 -1677.0000000000
834 -1675.0000000000
836 -1673.0000000000
840 -1671.0000000000
861 -1670.0000000000
867 -1668.0000000000
873 -1667.0000000000
877 -1666.0000000000
878 -1665.0000000000
897 -1664.0000000000
899 -1663.0000000000
900 -1662.0000000000
909 -1657.0000000000
916 -1656.0000000000
918 -1655.0000000000
921 -1654.0000000000
922 -1653.0000000000
923 -1652.0000000000
938 -1651.0000000000
942 -1650.0000000000
949 -1649.0000000000
968 -1647.0000000000
973 -1645.0000000000
977 -1643.0000000000
983 -1642.0000000000
984 -1641.0000000000
987 -1640.0000000000
993 -1638.0000000000
998 -1637.0000000000
999 -1636.0000000000
1000 -1635.0000000000
1004 -1634.0000000000
1005 -1632.0000000000
1007 -1631.0000000000
1017 -1630.0000000000
1018 -1629.0000000000
1036 -1628.0000000000
1039 -1627.0000000000
1043 -1626.0000000000
1052 -1625.0000000000
1059 -1624.0000000000
1061 -1623.0000000000
1066 -1622.0000000000
1068 -1621.0000000000
1074 -1619.0000000000
1078 -1618.0000000000
1080 -1617.0000000000
1081 -1615.0000000000
1082 -1613.0000000000
1085 -1612.0000000000
1086 -1611.0000000000
1087 -1609.0000000000
1089 -1607.0000000000
1092 -1606.0000000000
1094 -1604.0000000000
1103 -1603.0000000000
1107 -1601.0000000000
1110 -1600.0000000000
1112 -1599.0000000000
1114 -1598.0000000000
1115 -1597.0000000000
1117 -1596.0000000000
1118 -1594.0000000000
1120 -1593.0000000000
1123 -1592.0000000000
1124 -1591.0000000000
1130 -1590.0000000000
1134 -1588.0000000000
1138 -1586.0000000000
1140 -1585.0000000000
1150 -1584.0000000000
1154 -1583.0000000000
1163 -1582.0000000000
1164 -1581.0000000000
1172 -1580.0000000000
1175 -1579.0000000000
1178 -1578.0000000000
1181 -1577.0000000000
1185 -1576.0000000000
1192 -1575.0000000000
1199 -1574.0000000000
1201 -1573.0000000000
1207 -1571.0000000000
1208 -1570.0000000000
1211 -1569.0000000000
1218 -1566.0000000000
1222 -1565.0000000000
1225 -1564.0000000000
1228 -1563.0000000000
1232 -1562.0000000000
1236 -1561.0000000000
1241 -1560.0000000000
1247 -1559.0000000000
1248 -1558.0000000000
1257 -1557.0000000000
1258 -1555.0000000000
1262 -1554.0000000000
1266 -1553.0000000000
1269 -1551.0000000000
1272 -1549.0000000000
1279 -1547.0000000000
1284 -1546.0000000000
1285 -1544.0000000000
1286 -1542.0000000000
1294 -1541.0000000000
1296 -1540.0000000000
1298 -1539.0000000000
1300 -1538.0000000000
1302 -1537.0000000000
1303 -1535.0000000000
1306 -1533.0000000000
1309 -1532.0000000000
1310 -1531.0000000000
1313 -1530.0000000000
1314 -1529.0000000000
1316 -1528.0000000000
1321 -1527.0000000000
1322 -1526.0000000000
1327 -1525.0000000000
1328 -1524.0000000000
1333 -1523.0000000000
1334 -1522.0000000000
1337 -1521.0000000000
1338 -1520.0000000000
1341 -1518.0000000000
1344 -1516.0000000000
1358 -1515.0000000000
1366 -1514.0000000000
1372 -1513.0000000000
1376 -1512.0000000000
1384 -1510.0000000000
1387 -1509.0000000000
1388 -1508.0000000000
1391 -1507.0000000000
1394 -1506.0000000000
1402 -1505.0000000000
1418 -1504.0000000000
1421 -1502.0000000000
1425 -1501.0000000000
1430 -1500.0000000000
1432 -1499.0000000000
1433 -1498.0000000000
1436 -1497.0000000000
1437 -1496.0000000000
1456 -1495.0000000000
1458 -1494.0000000000
1460 -1492.0000000000
1467 -1491.0000000000
1469 -1490.0000000000
1474 -1488.0000000000
1478 -1487.0000000000
1480 -1486.0000000000
1485 -1485.0000000000
1499 -1484.0000000000
1511 -1483.0000000000
1517 -1482.0000000000
1518 -1481.0000000000
1524 -1479.0000000000
1535 -1478.0000000000
1537 -1477.0000000000
1542 -1476.0000000000
1547 -1475.0000000000
1549 -1474.0000000000
1553 -1473.0000000000
1566 -1469.0000000000
1570 -1467.0000000000
1580 -1466.0000000000
1581 -1465.0000000000
1587 -1463.0000000000
1592 -1462.0000000000
1601 -1461.0000000000
1604 -1459.0000000000
1623 -1457.0000000000
1631 -1456.0000000000
1632 -1455.0000000000
1633 -1454.0000000000
1635 -1453.0000000000
1636 -1452.0000000000
1638 -1451.0000000000
1640 -1449.0000000000
1645 -1448.0000000000
1647 -1444.0000000000
1649 -1443.0000000000
1669 -1442.0000000000
1676 -1441.0000000000
1678 -1440.0000000000
1680 -1438.0000000000
1687 -1436.0000000000
1688 -1433.0000000000
1726 -1432.0000000000
1727 -1431.0000000000
1732 -1430.0000000000
1739 -1429.0000000000
1740 -1428.0000000000
1741 -1426.0000000000
1744 -1425.0000000000
1745 -1423.0000000000
1752 -1422.0000000000
1756 -1421.0000000000
1764 -1420.0000000000
1769 -1419.0000000000
1773 -1416.0000000000
1774 -1415.0000000000
1780 -1414.0000000000
1783 -1413.0000000000
1785 -1412.0000000000
1786 -1410.0000000000
1794 -1408.0000000000
1799 -1407.0000000000
1800 -1406.0000000000
1802 -1405.0000000000
1809 -1404.0000000000
1811 -1403.0000000000
1827 -1402.0000000000
1834 -1400.0000000000
1835 -1399.0000000000
1859 -1398.0000000000
1861 -1397.0000000000
1862 -1396.0000000000
1864 -1395.0000000000
1868 -1394.0000000000
1873 -1393.0000000000
1874 -1392.0000000000
1894 -1391.0000000000
1901 -1390.0000000000
1908 -1389.0000000000
1912 -1388.0000000000
1914 -1387.0000000000
1916 -1386.0000000000
1917 -1385.0000000000
1919 -1384.0000000000
1930 -1381.0000000000
1937 -1378.0000000000
1943 -1377.0000000000
1949 -1376.0000000000
1958 -1374.0000000000
1959 -1373.0000000000
1964 -1372.0000000000
1967 -1369.0000000000
1970 -1368.0000000000
1972 -1367.0000000000
1976 -1366.0000000000
2000 -1365.0000000000
2004 -1364.0000000000
2013 -1363.0000000000
2019 -1362.0000000000
2024 -1361.0000000000
2031 -1360.0000000000
2033 -1359.0000000000
2041 -1358.0000000000
2042 -1357.0000000000
2045 -1356.0000000000
2051 -1355.0000000000
2052 -1354.0000000000
2054 -1353.0000000000
2059 -1352.0000000000
2060 -1351.0000000000
2067 -1350.0000000000
2068 -1349.0000000000
2069 -1348.0000000000
2073 -1347.0000000000
2074 -1345.0000000000
2094 -1344.0000000000
2096 -1342.0000000000
2109 -1341.0000000000
2113 -1340.0000000000
2114 -1339.0000000000
2120 -1338.0000000000
2121 -1337.0000000000
2124 -1336.0000000000
2129 -1335.0000000000
2130 -1333.0000000000
2133 -1332.0000000000
2135 -1330.0000000000
2138 -1329.0000000000
2146 -1328.0000000000
2148 -1327.0000000000
2164 -1326.0000000000
2165 -1325.0000000000
2174 -1324.0000000000
2179 -1323.0000000000
2187 -1322.0000000000
2188 -1321.0000000000
2205 -1320.0000000000
2218 -1319.0000000000
2227 -1318.0000000000
2241 -1317.0000000000
2244 -1316.0000000000
2247 -1315.0000000000
2252 -1314.0000000000
2259 -1313.0000000000
2263 -1312.0000000000
2276 -1311.0000000000
2285 -1310.0000000000
2289 -1308.0000000000
2311 -1305.0000000000
2313 -1304.0000000000
2315 -1303.0000000000
2320 -1302.0000000000
2327 -1301.0000000000
2329 -1300.0000000000
2340 -1299.0000000000
2341 -1298.0000000000
2350 -1297.0000000000
2351 -1296.0000000000
2353 -1295.0000000000
2354 -1293.0000000000
2359 -1292.0000000000
2367 -1291.0000000000
2381 -1290.0000000000
2384 -1289.0000000000
2395 -1288.0000000000
2401 -1287.0000000000
2402 -1286.0000000000
2406 -1285.0000000000
2407 -1284.0000000000
2410 -1283.0000000000
2411 -1282.0000000000
2444 -1281.0000000000
2449 -1280.0000000000
2457 -1279.0000000000
2462 -1277.0000000000
2466 -1276.0000000000
2473 -1274.0000000000
2476 -1273.0000000000
2485 -1272.0000000000
2510 -1271.0000000000
2522 -1270.0000000000
2523 -1268.0000000000
2525 -1267.0000000000
2528 -1265.0000000000
2538 -1264.0000000000
2547 -1263.0000000000
2552 -1262.0000000000
2563 -1260.0000000000
2568 -1258.0000000000
2571 -1257.0000000000
2580 -1256.0000000000
2582 -1255.0000000000
2583 -1254.0000000000
2588 -1253.0000000000
2589 -1252.0000000000
2591 -1251.0000000000
2605 -1249.0000000000
2611 -1248.0000000000
2616 -1247.0000000000
2617 -1246.0000000000
2621 -1245.0000000000
2622 -1244.0000000000
2625 -1242.0000000000
2630 -1241.0000000000
2646 -1239.0000000000
2649 -1238.0000000000
2651 -1237.0000000000
2653 -1236.0000000000
2668 -1235.0000000000
2675 -1234.0000000000
2682 -1233.0000000000
2687 -1232.0000000000
2693 -1231.0000000000
2695 -1230.0000000000
2699 -1229.0000000000
2701 -1227.0000000000
2711 -1226.0000000000
2720 -1225.0000000000
2725 -1224.0000000000
2731 -1223.0000000000
2733 -1222.0000000000
2752 -1221.0000000000
2765 -1220.0000000000
2769 -1219.0000000000
2771 -1218.0000000000
2774 -1217.0000000000
2777 -1216.0000000000
2778 -1214.0000000000
2780 -1213.0000000000
2785 -1212.0000000000
2793 -1211.0000000000
2796 -1210.0000000000
2803 -1209.0000000000
2813 -1208.0000000000
2815 -1207.0000000000
2818 -1206.0000000000
2821 -1205.0000000000
2826 -1204.0000000000
2828 -1203.0000000000
2833 -1202.0000000000
2843 -1201.0000000000
2845 -1200.0000000000
2846 -1199.0000000000
2847 -1198.0000000000
2867 -1197.0000000000
2874 -1196.0000000000
2876 -1195.0000000000
2878 -1194.0000000000
2879 -1193.0000000000
2888 -1190.0000000000
2893 -1188.0000000000
2898 -1187.0000000000
2903 -1186.0000000000
2912 -1185.0000000000
2917 -1184.0000000000
2922 -1183.0000000000
2924 -1182.0000000000
2928 -1181.0000000000
2931 -1180.0000000000
2932 -1178.0000000000
2935 -1177.0000000000
2942 -1176.0000000000
2945 -1175.0000000000
2970 -1174.0000000000
2973 -1173.0000000000
2974 -1171.0000000000
2982 -1170.0000000000
2983 -1169.0000000000
2990 -1168.0000000000
2992 -1167.0000000000
2997 -1166.0000000000
2999 -1165.0000000000
3003 -1164.0000000000
3008 -1163.0000000000
3027 -1162.0000000000
3028 -1161.0000000000
3029 -1160.0000000000
3030 -1159.0000000000
3034 -1158.0000000000
3040 -1157.0000000000
3054 -1156.0000000000
3061 -1155.0000000000
3062 -1153.0000000000
3064 -1152.0000000000
3065 -1151.0000000000
3069 -1150.0000000000
3073 -1147.0000000000
3075 -1146.0000000000
3081 -1145.0000000000
3098 -1144.0000000000
3105 -1143.0000000000
3123 -1142.0000000000
3133 -1141.0000000000
3134 -1140.0000000000
3135 -1139.0000000000
3136 -1138.0000000000
3145 -1136.0000000000
3162 -1135.0000000000
3164 -1134.0000000000
3170 -1133.0000000000
3179 -1132.0000000000
3189 -1131.0000000000
3191 -1130.0000000000
3198 -1129.0000000000
3204 -1128.0000000000
3207 -1127.0000000000
3219 -1126.0000000000
3221 -1125.0000000000
3230 -1124.0000000000
3236 -1123.0000000000
3246 -1122.0000000000
3262 -1120.0000000000
3266 -1119.0000000000
3272 -1117.0000000000
3276 -1116.0000000000
3281 -1115.0000000000
3282 -1113.0000000000
3284 -1112.0000000000
3291 -1111.0000000000
3294 -1110.0000000000
3296 -1109.0000000000
3300 -1108.0000000000
3315 -1107.0000000000
3326 -1106.0000000000
3331 -1104.0000000000
3335 -1103.0000000000
3336 -1102.0000000000
3343 -1101.0000000000
3350 -1100.0000000000
3366 -1099.0000000000
3375 -1098.0000000000
3394 -1097.0000000000
3397 -1096.0000000000
3404 -1095.0000000000
3408 -1094.0000000000
3414 -1092.0000000000
3425 -1091.0000000000
3440 -1089.0000000000
3466 -1088.0000000000
3475 -1087.0000000000
3476 -1086.0000000000
3479 -1085.0000000000
3484 -1084.0000000000
3486 -1083.0000000000
3498 -1082.0000000000
3502 -1081.0000000000
3504 -1080.0000000000
3513 -1079.0000000000
3523 -1078.0000000000
3538 -1077.0000000000
3539 -1076.0000000000
3544 -1075.0000000000
3578 -1074.0000000000
3594 -1072.0000000000
3606 -1071.0000000000
3613 -1070.0000000000
3616 -1069.0000000000
3619 -1068.0000000000
3621 -1067.0000000000
3625 -1066.0000000000
3636 -1065.0000000000
3657 -1064.0000000000
3659 -1063.0000000000
3666 -1062.0000000000
3669 -1061.0000000000
3671 -1060.0000000000
3677 -1058.0000000000
3696 -1057.0000000000
3703 -1055.0000000000
3704 -1054.0000000000
3709 -1053.0000000000
3716 -1052.0000000000
3721 -1051.0000000000
3729 -1050.0000000000
3730 -1046.0000000000
3782 -1045.0000000000
3790 -1044.0000000000
3792 -1043.0000000000
3794 -1042.0000000000
3797 -1041.0000000000
3803 -1040.0000000000
3804 -1039.0000000000
3812 -1038.0000000000
3822 -1037.0000000000
3829 -1036.0000000000
3844 -1034.0000000000
3848 -1033.0000000000
3851 -1032.0000000000
3855 -1031.0000000000
3859 -1030.0000000000
3865 -1029.0000000000
3877 -1028.0000000000
3891 -1027.0000000000
3901 -1026.0000000000
3906 -1025.0000000000
3909 -1024.0000000000
3915 -1023.0000000000
3921 -1022.0000000000
3926 -1021.0000000000
3928 -1020.0000000000
3960 -1019.0000000000
3962 -1017.0000000000
3980 -1016.0000000000
3981 -1015.0000000000
3996 -1014.0000000000
4002 -1013.0000000000
4012 -1012.0000000000
4017 -1011.0000000000
4021 -1010.0000000000
4024 -1009.0000000000
4040 -1008.0000000000
4046 -1007.0000000000
4047 -1006.0000000000
4048 -1005.0000000000
4053 -1002.0000000000
4062 -1001.0000000000
4063 -1000.0000000000
4071 -999.0000000000
4073 -998.0000000000
4113 -997.0000000000
4120 -996.0000000000
4122 -995.0000000000
4124 -993.0000000000
4125 -992.0000000000
4132 -991.0000000000
4161 -990.0000000000
4163 -988.0000000000
4173 -986.0000000000
4178 -984.0000000000
4180 -983.0000000000
4182 -981.0000000000
4184 -980.0000000000
4205 -979.0000000000
4214 -978.0000000000
4225 -977.0000000000
4229 -976.0000000000
4233 -975.0000000000
4236 -973.0000000000
4250 -972.0000000000
4254 -971.0000000000
4255 -970.0000000000
4271 -969.0000000000
4274 -968.0000000000
4277 -966.0000000000
4281 -965.0000000000
4290 -964.0000000000
4296 -963.0000000000
4312 -962.0000000000
4320 -961.0000000000
4325 -960.0000000000
4344 -959.0000000000
4355 -958.0000000000
4367 -957.0000000000
4371 -956.0000000000
4381 -955.0000000000
4386 -954.0000000000
4388 -953.0000000000
4402 -952.0000000000
4404 -949.0000000000
4426 -948.0000000000
4450 -947.0000000000
4466 -946.0000000000
4467 -944.0000000000
4468 -943.0000000000
4469 -942.0000000000
4485 -940.0000000000
4488 -939.0000000000
4490 -938.0000000000
4507 -937.0000000000
4508 -936.0000000000
4528 -935.0000000000
4541 -934.0000000000
4544 -933.0000000000
4553 -932.0000000000
4564 -930.0000000000
4566 -929.0000000000
4571 -928.0000000000
4576 -927.0000000000
4578 -926.0000000000
4584 -925.0000000000
4595 -924.0000000000
4608 -923.0000000000
4615 -921.0000000000
4617 -920.0000000000
4637 -919.0000000000
4650 -918.0000000000
4676 -917.0000000000
4680 -916.0000000000
4691 -915.0000000000
4695 -914.0000000000
4704 -913.0000000000
4709 -912.0000000000
4725 -911.0000000000
4730 -910.0000000000
4759 -909.0000000000
4760 -908.0000000000
4777 -907.0000000000
4779 -906.0000000000
4784 -905.0000000000
4800 -904.0000000000
4809 -903.0000000000
4810 -902.0000000000
4822 -901.0000000000
4824 -900.0000000000
4839 -899.0000000000
4840 -898.0000000000
4841 -897.0000000000
4847 -896.0000000000
4854 -895.0000000000
4858 -894.0000000000
4871 -893.0000000000
4874 -892.0000000000
4878 -891.0000000000
4885 -890.0000000000
4887 -888.0000000000
4888 -886.0000000000
4893 -885.0000000000
4896 -884.0000000000
4904 -883.0000000000
4918 -882.0000000000
4929 -881.0000000000
4930 -880.0000000000
4932 -879.0000000000
4934 -878.0000000000
4940 -876.0000000000
4974 -875.0000000000
4983 -874.0000000000
4994 -873.0000000000
5009 -872.0000000000
5010 -871.0000000000
5012 -870.0000000000
5053 -869.0000000000
5067 -868.0000000000
5069 -867.0000000000
5094 -866.0000000000
5118 -865.0000000000
5119 -864.0000000000
5132 -862.0000000000
5143 -860.0000000000
5149 -859.0000000000
5156 -856.0000000000
5158 -855.0000000000
5162 -854.0000000000
5163 -853.0000000000
5171 -852.0000000000
5176 -850.0000000000
5191 -849.0000000000
5198 -848.0000000000
5225 -847.0000000000
5229 -846.0000000000
5230 -844.0000000000
5237 -843.0000000000
5238 -842.0000000000
5244 -841.0000000000
5263 -840.0000000000
5269 -839.0000000000
5282 -838.0000000000
5299 -837.0000000000
5301 -836.0000000000
5305 -834.0000000000
5307 -833.0000000000
5317 -832.0000000000
5318 -831.0000000000
5335 -830.0000000000
5344 -829.0000000000
5353 -828.0000000000
5356 -827.0000000000
5363 -826.0000000000
5371 -825.0000000000
5379 -824.0000000000
5383 -823.0000000000
5397 -822.0000000000
5406 -821.0000000000
5417 -820.0000000000
5426 -819.0000000000
5429 -818.0000000000
5434 -817.0000000000
5472 -816.0000000000
5483 -814.0000000000
5494 -813.0000000000
5512 -812.0000000000
5515 -811.0000000000
5521 -810.0000000000
5532 -809.0000000000
5540 -808.0000000000
5566 -807.0000000000
5567 -806.0000000000
5572 -805.0000000000
5576 -803.0000000000
5584 -802.0000000000
5585 -801.0000000000
5588 -800.0000000000
5598 -799.0000000000
5606 -798.0000000000
5612 -797.0000000000
5646 -796.0000000000
5652 -795.0000000000
5653 -794.0000000000
5654 -793.0000000000
5659 -792.0000000000
5661 -791.0000000000
5665 -790.0000000000
5671 -789.0000000000
5674 -788.0000000000
5696 -787.0000000000
5701 -786.0000000000
5709 -785.0000000000
5713 -784.0000000000
5725 -783.0000000000
5747 -782.0000000000
5765 -780.0000000000
5766 -779.0000000000
5775 -778.0000000000
5800 -776.0000000000
5803 -775.0000000000
5809 -774.0000000000
5815 -773.0000000000
5817 -772.0000000000
5824 -771.0000000000
5830 -770.0000000000
5861 -768.0000000000
5865 -767.0000000000
5866 -766.0000000000
5871 -765.0000000000
5876 -764.0000000000
5882 -763.0000000000
5885 -762.0000000000
5887 -761.0000000000
5895 -760.0000000000
5896 -759.0000000000
5899 -758.0000000000
5926 -757.0000000000
5928 -756.0000000000
5929 -755.0000000000
5935 -754.0000000000
5944 -752.0000000000
5963 -751.0000000000
5980 -750.0000000000
5981 -749.0000000000
5984 -747.0000000000
6049 -745.0000000000
6060 -744.0000000000
6066 -743.0000000000
6077 -742.0000000000
6087 -741.0000000000
6106 -740.0000000000
6109 -738.0000000000
6144 -737.0000000000
6147 -736.0000000000
6175 -735.0000000000
6188 -734.0000000000
6224 -733.0000000000
6227 -732.0000000000
6236 -731.0000000000
6246 -729.0000000000
6250 -728.0000000000
6284 -727.0000000000
6307 -726.0000000000
6312 -724.0000000000
6325 -723.0000000000
6341 -722.0000000000
6350 -721.0000000000
6365 -720.0000000000
6367 -719.0000000000
6378 -718.0000000000
6381 -717.0000000000
6386 -716.0000000000
6408 -715.0000000000
6410 -714.0000000000
6445 -713.0000000000
6452 -712.0000000000
6461 -711.0000000000
6466 -710.0000000000
6472 -709.0000000000
6476 -708.0000000000
6482 -707.0000000000
6487 -706.0000000000
6512 -705.0000000000
6524 -704.0000000000
6537 -703.0000000000
6559 -702.0000000000
6581 -700.0000000000
6586 -699.0000000000
6597 -698.0000000000
6630 -697.0000000000
6637 -695.0000000000
6644 -694.0000000000
6667 -693.0000000000
6675 -691.0000000000
6676 -690.0000000000
6679 -689.0000000000
6681 -688.0000000000
6702 -687.0000000000
6731 -686.0000000000
6732 -684.0000000000
6742 -683.0000000000
6757 -681.0000000000
6801 -680.0000000000
6806 -679.0000000000
6856 -678.0000000000
6857 -677.0000000000
6878 -676.0000000000
6883 -675.0000000000
6911 -674.0000000000
6914 -673.0000000000
6916 -672.0000000000
6919 -671.0000000000
6921 -670.0000000000
6924 -669.0000000000
6931 -668.0000000000
6944 -667.0000000000
6960 -666.0000000000
6962 -665.0000000000
6985 -664.0000000000
6992 -663.0000000000
7006 -662.0000000000
7023 -661.0000000000
7038 -660.0000000000
7047 -659.0000000000
7052 -658.0000000000
7067 -657.0000000000
7090 -656.0000000000
7106 -655.0000000000
7113 -654.0000000000
7114 -653.0000000000
7152 -652.0000000000
7160 -651.0000000000
7161 -650.0000000000
7162 -649.0000000000
7181 -648.0000000000
7191 -647.0000000000
7211 -646.0000000000
7213 -645.0000000000
7217 -644.0000000000
7226 -642.0000000000
7247 -641.0000000000
7260 -640.0000000000
7261 -639.0000000000
7266 -637.0000000000
7277 -636.0000000000
7284 -635.0000000000
7285 -634.0000000000
7309 -632.0000000000
7360 -631.0000000000
7371 -630.0000000000
7381 -629.0000000000
7391 -628.0000000000
7392 -626.0000000000
7404 -624.0000000000
7416 -623.0000000000
7428 -622.0000000000
7457 -621.0000000000
7462 -620.0000000000
7512 -618.0000000000
7538 -617.0000000000
7546 -616.0000000000
7590 -615.0000000000
7592 -614.0000000000
7612 -613.0000000000
7639 -612.0000000000
7641 -611.0000000000
7658 -610.0000000000
7662 -609.0000000000
7688 -608.0000000000
7690 -607.0000000000
7691 -606.0000000000
7713 -605.0000000000
7716 -604.0000000000
7720 -603.0000000000
7726 -602.0000000000
7730 -601.0000000000
7743 -600.0000000000
7756 -599.0000000000
7760 -598.0000000000
7767 -597.0000000000
7772 -596.0000000000
7795 -595.0000000000
7839 -594.0000000000
7853 -593.0000000000
7866 -592.0000000000
7868 -591.0000000000
7870 -590.0000000000
7877 -589.0000000000
7882 -588.0000000000
7897 -586.0000000000
7899 -585.0000000000
7905 -584.0000000000
7906 -583.0000000000
7911 -582.0000000000
7927 -581.0000000000
7944 -580.0000000000
7946 -579.0000000000
7983 -578.0000000000
7988 -575.0000000000
7992 -574.0000000000
8013 -573.0000000000
8014 -572.0000000000
8054 -571.0000000000
8057 -570.0000000000
8062 -569.0000000000
8068 -568.0000000000
8079 -567.0000000000
8115 -566.0000000000
8145 -565.0000000000
8158 -564.0000000000
8175 -563.0000000000
8183 -561.0000000000
8202 -560.0000000000
8235 -559.0000000000
8246 -557.0000000000
8249 -556.0000000000
8253 -555.0000000000
8269 -554.0000000000
8293 -552.0000000000
8297 -551.0000000000
8323 -550.0000000000
8328 -549.0000000000
8347 -548.0000000000
8404 -547.0000000000
8411 -546.0000000000
8428 -545.0000000000
8434 -544.0000000000
8435 -543.0000000000
8456 -542.0000000000
8457 -541.0000000000
8498 -540.0000000000
8531 -539.0000000000
8538 -538.0000000000
8541 -537.0000000000
8548 -536.0000000000
8551 -535.0000000000
8564 -534.0000000000
8594 -533.0000000000
8633 -532.0000000000
8634 -531.0000000000
8637 -530.0000000000
8638 -529.0000000000
8667 -528.0000000000
8688 -527.0000000000
8697 -526.0000000000
8700 -525.0000000000
8706 -524.0000000000
8761 -523.0000000000
8770 -522.0000000000
8798 -521.0000000000
8803 -520.0000000000
8842 -519.0000000000
8870 -518.0000000000
8871 -517.0000000000
8888 -516.0000000000
8916 -515.0000000000
8919 -514.0000000000
8948 -513.0000000000
8969 -512.0000000000
8970 -510.0000000000
8995 -508.0000000000
9007 -507.0000000000
9010 -506.0000000000
9014 -505.0000000000
9041 -504.0000000000
9047 -503.0000000000
9070 -502.0000000000
9074 -501.0000000000
9086 -500.0000000000
9099 -499.0000000000
9138 -498.0000000000
9142 -497.0000000000
9159 -496.0000000000
9160 -495.0000000000
9166 -494.0000000000
9210 -493.0000000000
9217 -492.0000000000
9227 -491.0000000000
9242 -490.0000000000
9252 -489.0000000000
9290 -488.0000000000
9308 -487.0000000000
9355 -486.0000000000
9359 -485.0000000000
9371 -484.0000000000
9385 -483.0000000000
9403 -482.0000000000
9417 -481.0000000000
9448 -480.0000000000
9468 -479.0000000000
9491 -478.0000000000
9497 -476.0000000000
9499 -475.0000000000
9503 -474.0000000000
9508 -473.0000000000
9511 -472.0000000000
9514 -470.0000000000
9522 -469.0000000000
9540 -468.0000000000
9550 -467.0000000000
9598 -466.0000000000
9634 -465.0000000000
9646 -464.0000000000
9661 -463.0000000000
9669 -462.0000000000
9672 -460.0000000000
9695 -459.0000000000
9698 -458.0000000000
9702 -457.0000000000
9713 -456.0000000000
9772 -455.0000000000
9780 -454.0000000000
9813 -453.0000000000
9828 -452.0000000000
9832 -451.0000000000
9876 -450.0000000000
9881 -449.0000000000
9884 -448.0000000000
9905 -447.0000000000
9951 -446.0000000000
9954 -444.0000000000
9956 -443.0000000000
9966 -442.0000000000
9969 -441.0000000000
9982 -440.0000000000
9988 -439.0000000000
10000 -438.0000000000
evaluations raw_y
1 -1877.0000000000
6 -1875.0000000000
8 -1874.0000000000
14 -1873.0000000000
18 -1872.0000000000
29 -1871.0000000000
36 -1870.0000000000
39 -1869.0000000000
54 -1868.0000000000
58 -1867.0000000000
59 -1866.0000000000
60 -1865.0000000000
62 -1864.0000000000
69 -1862.0000000000
73 -1861.0000000000
87 -1860.0000000000
89 -1858.0000000000
90 -1856.0000000000
92 -1854.0000000000
96 -1853.0000000000
103 -1852.0000000000
107 -1851.0000000000
110 -1850.0000000000
111 -1849.0000000000
115 -1846.0000000000
118 -1845.0000000000
124 -1844.0000000000
130 -1842.0000000000
136 -1841.0000000000
138 -1839.0000000000
139 -1838.0000000000
140 -1837.0000000000
142 -1836.0000000000
144 -1835.0000000000
146 -1834.0000000000
149 -1833.0000000000
151 -1832.0000000000
152 -1831.0000000000
156 -1830.0000000000
157 -1829.0000000000
158 -1828.0000000000
160 -1827.0000000000
161 -1826.0000000000
162 -1825.0000000000
174 -1823.0000000000
175 -1822.0000000000
176 -1821.0000000000
179 -1819.0000000000
180 -1816.0000000000
197 -1815.0000000000
198 -1814.0000000000
205 -1812.0000000000
212 -1810.0000000000
217 -1809.0000000000
218 -1808.0000000000
222 -1807.0000000000
226 -1806.0000000000
227 -1805.0000000000
228 -1804.0000000000
230 -1803.0000000000
234 -1802.0000000000
236 -1801.0000000000
241 -1800.0000000000
248 -1799.0000000000
250 -1798.0000000000
253 -1797.0000000000
254 -1796.0000000000
257 -1795.0000000000
261 -1794.0000000000
265 -1793.0000000000
267 -1792.0000000000
268 -1791.0000000000
269 -1790.0000000000
270 -1789.0000000000
274 -1788.0000000000
282 -1786.0000000000
286 -1785.0000000000
295 -1784.0000000000
299 -1783.0000000000
302 -1781.0000000000
305 -1780.0000000000
311 -1779.0000000000
312 -1778.0000000000
313 -1777.0000000000
327 -1776.0000000000
329 -1775.0000000000
330 -1774.0000000000
341 -1773.0000000000
342 -1772.0000000000
350 -1771.0000000000
353 -1770.0000000000
360 -1769.0000000000
363 -1768.0000000000
372 -1766.0000000000
375 -1765.0000000000
380 -1763.0000000000
381 -1762.0000000000
385 -1761.0000000000
390 -1760.0000000000
391 -1759.0000000000
394 -1758.0000000000
396 -1756.0000000000
398 -1755.0000000000
402 -1754.0000000000
411 -1753.0000000000
416 -1752.0000000000
417 -1751.0000000000
419 -1750.0000000000
422 -1749.0000000000
437 -1748.0000000000
439 -1747.0000000000
444 -1746.0000000000
447 -1744.0000000000
468 -1743.0000000000
471 -1742.0000000000
475 -1740.0000000000
482 -1738.0000000000
488 -1737.0000000000
492 -1736.0000000000
497 -1735.0000000000
505 -1734.0000000000
509 -1733.0000000000
515 -1732.0000000000
517 -1731.0000000000
525 -1730.0000000000
526 -1729.0000000000
529 -1728.0000000000
530 -1727.0000000000
531 -1726.0000000000
540 -1725.0000000000
541 -1724.0000000000
543 -1723.0000000000
545 -1722.0000000000
546 -1720.0000000000
561 -1718.0000000000
565 -1717.0000000000
568 -1716.0000000000
575 -1714.0000000000
579 -1713.0000000000
581 -1712.0000000000
584 -1710.0000000000
586 -1709.0000000000
587 -1708.0000000000
593 -1706.0000000000
597 -1704.0000000000
599 -1703.0000000000
600 -1701.0000000000
604 -1700.0000000000
611 -1699.0000000000
616 -1698.0000000000
621 -1697.0000000000
626 -1696.0000000000
633 -1694.0000000000
634 -1693.0000000000
640 -1691.0000000000
645 -1689.0000000000
654 -1688.0000000000
657 -1687.0000000000
661 -1685.0000000000
665 -1684.0000000000
666 -1683.0000000000
667 -1681.0000000000
670 -1680.0000000000
676 -1679.0000000000
678 -1678.0000000000
682 -1677.0000000000
685 -1676.0000000000
692 -1675.0000000000
694 -1674.0000000000
700 -1673.0000000000
705 -1672.0000000000
716 -1671.0000000000
721 -1670.0000000000
725 -1668.0000000000
728 -1667.0000000000
730 -1666.0000000000
732 -1665.0000000000
735 -1664.0000000000
740 -1663.0000000000
742 -1662.0000000000
743 -1661.0000000000
748 -1660.0000000000
750 -1659.0000000000
752 -1658.0000000000
753 -1657.0000000000
757 -1656.0000000000
758 -1655.0000000000
762 -1654.0000000000
764 -1653.0000000000
766 -1652.0000000000
773 -1651.0000000000
774 -1649.0000000000
794 -1648.0000000000
802 -1646.0000000000
807 -1645.0000000000
813 -1644.0000000000
826 -1643.0000000000
835 -1642.0000000000
842 -1641.0000000000
847 -1640.0000000000
853 -1639.0000000000
856 -1638.0000000000
869 -1637.0000000000
875 -1636.0000000000
876 -1635.0000000000
882 -1634.0000000000
891 -1633.0000000000
893 -1632.0000000000
897 -1631.0000000000
898 -1630.0000000000
900 -1629.0000000000
901 -1628.0000000000
905 -1627.0000000000
906 -1625.0000000000
909 -1623.0000000000
919 -1622.0000000000
932 -1621.0000000000
935 -1620.0000000000
949 -1619.0000000000
950 -1618.0000000000
958 -1617.0000000000
960 -1616.0000000000
962 -1615.0000000000
964 -1614.0000000000
966 -1613.0000000000
972 -1612.0000000000
978 -1610.0000000000
988 -1609.0000000000
996 -1608.0000000000
1001 -1607.0000000000
1005 -1605.0000000000
1006 -1604.0000000000
1012 -1603.0000000000
1014 -1602.0000000000
1018 -1601.0000000000
1020 -1597.0000000000
1022 -1596.0000000000
1024 -1595.0000000000
1030 -1594.0000000000
1032 -1592.0000000000
1034 -1591.0000000000
1037 -1589.0000000000
1048 -1588.0000000000
1049 -1587.0000000000
1051 -1586.0000000000
1052 -1585.0000000000
1057 -1584.0000000000
1069 -1582.0000000000
1071 -1580.0000000000
1077 -1579.0000000000
1087 -1578.0000000000
1097 -1576.0000000000
1107 -1575.0000000000
1108 -1574.0000000000
1109 -1572.0000000000
1112 -1571.0000000000
1113 -1569.0000000000
1114 -1568.0000000000
1125 -1567.0000000000
1128 -1566.0000000000
1130 -1564.0000000000
1131 -1563.0000000000
1133 -1562.0000000000
1136 -1561.0000000000
1143 -1560.0000000000
1145 -1559.0000000000
1146 -1557.0000000000
1151 -1556.0000000000
1155 -1554.0000000000
1158 -1553.0000000000
1166 -1552.0000000000
1167 -1551.0000000000
1168 -1550.0000000000
1184 -1549.0000000000
1187 -1548.0000000000
1199 -1547.0000000000
1200 -1546.0000000000
1201 -1545.0000000000
1213 -1544.0000000000
1217 -1543.0000000000
1218 -1541.0000000000
1224 -1540.0000000000
1229 -1539.0000000000
1233 -1538.0000000000
1234 -1537.0000000000
1236 -1536.0000000000
1239 -1535.0000000000
1242 -1534.0000000000
1243 -1533.0000000000
1249 -1532.0000000000
1254 -1531.0000000000
1256 -1530.0000000000
1257 -1528.0000000000
1261 -1527.0000000000
1263 -1526.0000000000
1266 -1525.0000000000
1268 -1524.0000000000
1276 -1523.0000000000
1277 -1522.0000000000
1278 -1521.0000000000
1282 -1520.0000000000
1287 -1519.0000000000
1296 -1518.0000000000
1301 -1517.0000000000
1309 -1516.0000000000
1315 -1514.0000000000
1328 -1513.0000000000
1329 -1511.0000000000
1333 -1510.0000000000
1334 -1509.0000000000
1336 -1508.0000000000
1341 -1507.0000000000
1344 -1506.0000000000
1348 -1505.0000000000
1350 -1504.0000000000
1355 -1503.0000000000
1358 -1501.0000000000
1368 -1500.0000000000
1370 -1499.0000000000
1372 -1497.0000000000
1374 -1496.0000000000
1381 -1495.0000000000
1387 -1494.0000000000
1397 -1493.0000000000
1401 -1492.0000000000
1411 -1491.0000000000
1419 -1490.0000000000
1430 -1489.0000000000
1445 -1488.0000000000
1446 -1487.0000000000
1458 -1486.0000000000
1480 -1485.0000000000
1481 -1483.0000000000
1486 -1482.0000000000
1488 -1481.0000000000
1506 -1480.0000000000
1510 -1479.0000000000
1511 -1478.0000000000
1515 -1476.0000000000
1516 -1475.0000000000
1517 -1474.0000000000
1518 -1473.0000000000
1521 -1472.0000000000
1528 -1470.0000000000
1529 -1469.0000000000
1533 -1468.0000000000
1539 -1467.0000000000
1546 -1466.0000000000
1548 -1465.0000000000
1550 -1464.0000000000
1561 -1463.0000000000
1564 -1462.0000000000
1565 -1460.0000000000
1570 -1459.0000000000
1577 -1458.0000000000
1582 -1457.0000000000
1586 -1456.0000000000
1587 -1455.0000000000
1589 -1454.0000000000
1592 -1453.0000000000
1595 -1452.0000000000
1597 -1451.0000000000
1602 -1449.0000000000
1613 -1447.0000000000
1614 -1446.0000000000
1617 -1445.0000000000
1631 -1444.0000000000
1633 -1443.0000000000
1639 -1442.0000000000
1647 -1441.0000000000
1658 -1440.0000000000
1659 -1439.0000000000
1669 -1438.0000000000
1671 -1437.0000000000
1680 -1436.0000000000
1682 -1435.0000000000
1690 -1433.0000000000
1691 -1430.0000000000
1695 -1429.0000000000
1704 -1428.0000000000
1718 -1426.0000000000
1722 -1425.0000000000
1729 -1423.0000000000
1741 -1422.0000000000
1744 -1421.0000000000
1746 -1420.0000000000
1754 -1419.0000000000
1761 -1418.0000000000
1763 -1417.0000000000
1767 -1416.0000000000
1770 -1414.0000000000
1776 -1413.0000000000
1778 -1412.0000000000
1784 -1411.0000000000
1786 -1409.0000000000
1789 -1408.0000000000
1796 -1407.0000000000
1805 -1406.0000000000
1807 -1405.0000000000
1810 -1404.0000000000
1820 -1403.0000000000
1825 -1402.0000000000
1833 -1401.0000000000
1840 -1400.0000000000
1841 -1399.0000000000
1851 -1398.0000000000
1858 -1397.0000000000
1861 -1396.0000000000
1870 -1395.0000000000
1879 -1394.0000000000
1881 -1393.0000000000
1882 -1392.0000000000
1887 -1391.0000000000
1908 -1390.0000000000
1911 -1388.0000000000
1914 -1387.0000000000
1917 -1386.0000000000
1924 -1385.0000000000
1925 -1384.0000000000
1933 -1383.0000000000
1934 -1382.0000000000
1937 -1381.0000000000
1939 -1380.0000000000
1941 -1379.0000000000
1943 -1378.0000000000
1944 -1377.0000000000
1947 -1376.0000000000
1956 -1375.0000000000
1957 -1374.0000000000
1961 -1373.0000000000
1964 -1371.0000000000
1969 -1370.0000000000
1974 -1369.0000000000
1983 -1368.0000000000
1984 -1367.0000000000
1991 -1366.0000000000
1998 -1365.0000000000
2001 -1364.0000000000
2002 -1363.0000000000
2024 -1361.0000000000
2025 -1359.0000000000
2031 -1358.0000000000
2044 -1357.0000000000
2062 -1356.0000000000
2067 -1355.0000000000
2069 -1354.0000000000
2087 -1353.0000000000
2094 -1352.0000000000
2098 -1351.0000000000
2102 -1349.0000000000
2108 -1348.0000000000
2109 -1347.0000000000
2110 -1346.0000000000
2113 -1345.0000000000
2119 -1344.0000000000
2124 -1343.0000000000
2129 -1342.0000000000
2131 -1341.0000000000
2142 -1340.0000000000
2149 -1339.0000000000
2150 -1338.0000000000
2165 -1337.0000000000
2167 -1336.0000000000
2169 -1335.0000000000
2170 -1334.0000000000
2181 -1333.0000000000
2183 -1332.0000000000
2194 -1331.0000000000
2210 -1330.0000000000
2219 -1329.0000000000
2220 -1328.0000000000
2226 -1327.0000000000
2230 -1326.0000000000
2232 -1325.0000000000
2238 -1324.0000000000
2252 -1323.0000000000
2261 -1322.0000000000
2266 -1321.0000000000
2281 -1320.0000000000
2282 -1318.0000000000
2284 -1317.0000000000
2288 -1316.0000000000
2289 -1315.0000000000
2295 -1314.0000000000
2298 -1313.0000000000
2310 -1312.0000000000
2314 -1311.0000000000
2318 -1310.0000000000
2321 -1309.0000000000
2324 -1308.0000000000
2332 -1307.0000000000
2337 -1306.0000000000
2347 -1305.0000000000
2355 -1304.0000000000
2359 -1302.0000000000
2372 -1301.0000000000
2379 -1300.0000000000
2381 -1299.0000000000
2382 -1298.0000000000
2388 -1297.0000000000
2394 -1296.0000000000
2401 -1295.0000000000
2402 -1294.0000000000
2408 -1292.0000000000
2410 -1291.0000000000
2419 -1290.0000000000
2447 -1287.0000000000
2450 -1286.0000000000
2451 -1285.0000000000
2455 -1284.0000000000
2459 -1282.0000000000
2461 -1281.0000000000
2477 -1280.0000000000
2479 -1279.0000000000
2489 -1278.0000000000
2498 -1277.0000000000
2505 -1276.0000000000
2506 -1275.0000000000
2512 -1274.0000000000
2521 -1273.0000000000
2546 -1272.0000000000
2547 -1271.0000000000
2567 -1270.0000000000
2572 -1269.0000000000
2573 -1268.0000000000
2580 -1266.0000000000
2582 -1265.0000000000
2588 -1264.0000000000
2591 -1263.0000000000
2593 -1262.0000000000
2606 -1261.0000000000
2608 -1260.0000000000
2609 -1259.0000000000
2612 -1258.0000000000
2614 -1257.0000000000
2615 -1256.0000000000
2623 -1255.0000000000
2626 -1254.0000000000
2631 -1253.0000000000
2647 -1252.0000000000
2649 -1250.0000000000
2651 -1249.0000000000
2654 -1248.0000000000
2659 -1247.0000000000
2662 -1246.0000000000
2682 -1245.0000000000
2684 -1244.0000000000
2685 -1243.0000000000
2687 -1242.0000000000
2703 -1241.0000000000
2705 -1240.0000000000
2710 -1238.0000000000
2714 -1237.0000000000
2716 -1236.0000000000
2721 -1235.0000000000
2723 -1234.0000000000
2733 -1233.0000000000
2738 -1232.0000000000
2741 -1231.0000000000
2754 -1230.0000000000
2758 -1229.0000000000
2762 -1228.0000000000
2763 -1227.0000000000
2765 -1225.0000000000
2779 -1223.0000000000
2780 -1222.0000000000
2789 -1221.0000000000
2793 -1220.0000000000
2804 -1219.0000000000
2809 -1218.0000000000
2818 -1217.0000000000
2830 -1216.0000000000
2840 -1215.0000000000
2853 -1214.0000000000
2859 -1213.0000000000
2867 -1212.0000000000
2868 -1211.0000000000
2869 -1209.0000000000
2870 -1208.0000000000
2872 -1207.0000000000
2875 -1206.0000000000
2876 -1205.0000000000
2889 -1204.0000000000
2899 -1203.0000000000
2903 -1202.0000000000
2914 -1201.0000000000
2918 -1200.0000000000
2926 -1199.0000000000
2931 -1198.0000000000
2963 -1197.0000000000
2968 -1196.0000000000
2969 -1193.0000000000
2976 -1192.0000000000
2980 -1191.0000000000
2985 -1190.0000000000
2988 -1189.0000000000
3000 -1188.0000000000
3001 -1187.0000000000
3015 -1186.0000000000
3030 -1184.0000000000
3037 -1183.0000000000
3054 -1182.0000000000
3056 -1181.0000000000
3059 -1180.0000000000
3062 -1179.0000000000
3070 -1177.0000000000
3079 -1176.0000000000
3087 -1175.0000000000
3096 -1174.0000000000
3097 -1173.0000000000
3099 -1171.0000000000
3107 -1169.0000000000
3116 -1168.0000000000
3117 -1166.0000000000
3129 -1165.0000000000
3151 -1164.0000000000
3152 -1163.0000000000
3153 -1162.0000000000
3155 -1161.0000000000
3157 -1160.0000000000
3160 -1159.0000000000
3172 -1158.0000000000
3177 -1155.0000000000
3178 -1154.0000000000
3179 -1152.0000000000
3186 -1151.0000000000
3187 -1150.0000000000
3240 -1149.0000000000
3248 -1148.0000000000
3267 -1147.0000000000
3294 -1146.0000000000
3295 -1145.0000000000
3304 -1144.0000000000
3333 -1143.0000000000
3334 -1142.0000000000
3335 -1141.0000000000
3336 -1140.0000000000
3347 -1139.0000000000
3352 -1138.0000000000
3367 -1137.0000000000
3371 -1136.0000000000
3373 -1135.0000000000
3384 -1134.0000000000
3390 -1133.0000000000
3399 -1131.0000000000
3404 -1130.0000000000
3408 -1129.0000000000
3429 -1128.0000000000
3435 -1127.0000000000
3439 -1126.0000000000
3443 -1125.0000000000
3445 -1124.0000000000
3451 -1121.0000000000
3453 -1120.0000000000
3465 -1119.0000000000
3470 -1118.0000000000
3498 -1116.0000000000
3503 -1115.0000000000
3514 -1114.0000000000
3516 -1113.0000000000
3518 -1112.0000000000
3519 -1111.0000000000
3530 -1110.0000000000
3544 -1108.0000000000
3547 -1107.0000000000
3554 -1106.0000000000
3557 -1105.0000000000
3570 -1103.0000000000
3571 -1102.0000000000
3574 -1101.0000000000
3584 -1100.0000000000
3585 -1099.0000000000
3586 -1098.0000000000
3594 -1096.0000000000
3598 -1095.0000000000
3606 -1094.0000000000
3615 -1093.0000000000
3619 -1092.0000000000
3637 -1091.0000000000
3641 -1090.0000000000
3646 -1089.0000000000
3660 -1088.0000000000
3662 -1087.0000000000
3666 -1086.0000000000
3689 -1084.0000000000
3706 -1083.0000000000
3708 -1082.0000000000
3713 -1081.0000000000
3716 -1080.0000000000
3720 -1079.0000000000
3724 -1078.0000000000
3735 -1077.0000000000
3740 -1075.0000000000
3744 -1074.0000000000
3747 -1073.0000000000
3750 -1072.0000000000
3753 -1071.0000000000
3759 -1070.0000000000
3769 -1069.0000000000
3777 -1068.0000000000
3778 -1067.0000000000
3785 -1066.0000000000
3790 -1065.0000000000
3796 -1064.0000000000
3803 -1063.0000000000
3806 -1062.0000000000
3816 -1061.0000000000
3821 -1060.0000000000
3828 -1059.0000000000
3833 -1058.0000000000
3836 -1057.0000000000
3838 -1056.0000000000
3869 -1055.0000000000
3880 -1054.0000000000
3892 -1053.0000000000
3895 -1052.0000000000
3918 -1051.0000000000
3929 -1050.0000000000
3940 -1049.0000000000
3946 -1047.0000000000
3949 -1046.0000000000
3973 -1045.0000000000
3975 -1044.0000000000
3982 -1043.0000000000
3983 -1041.0000000000
3986 -1040.0000000000
3992 -1039.0000000000
3996 -1037.0000000000
3998 -1036.0000000000
4005 -1035.0000000000
4008 -1034.0000000000
4032 -1032.0000000000
4045 -1031.0000000000
4047 -1029.0000000000
4058 -1028.0000000000
4067 -1027.0000000000
4068 -1026.0000000000
4097 -1025.0000000000
4106 -1023.0000000000
4108 -1022.0000000000
4116 -1021.0000000000
4122 -1020.0000000000
4137 -1019.0000000000
4142 -1018.0000000000
4159 -1017.0000000000
4170 -1016.0000000000
4176 -1015.0000000000
4178 -1013.0000000000
4187 -1012.0000000000
4192 -1011.0000000000
4199 -1010.0000000000
4213 -1009.0000000000
4221 -1008.0000000000
4226 -1007.0000000000
4244 -1006.0000000000
4261 -1005.0000000000
4266 -1004.0000000000
4283 -1003.0000000000
4287 -1002.0000000000
4289 -1001.0000000000
4303 -998.0000000000
4312 -997.0000000000
4319 -996.0000000000
4326 -994.0000000000
4341 -993.0000000000
4351 -992.0000000000
4373 -991.0000000000
4381 -989.0000000000
4384 -988.0000000000
4409 -987.0000000000
4425 -986.0000000000
4428 -985.0000000000
4430 -984.0000000000
4431 -983.0000000000
4432 -981.0000000000
4435 -980.0000000000
4448 -979.0000000000
4450 -978.0000000000
4451 -977.0000000000
4455 -976.0000000000
4472 -975.0000000000
4473 -974.0000000000
4477 -973.0000000000
4478 -972.0000000000
4498 -971.0000000000
4507 -970.0000000000
4508 -969.0000000000
4516 -968.0000000000
4519 -967.0000000000
4532 -966.0000000000
4533 -964.0000000000
4537 -963.0000000000
4558 -962.0000000000
4559 -961.0000000000
4574 -960.0000000000
4575 -959.0000000000
4577 -958.0000000000
4590 -957.0000000000
4591 -956.0000000000
4594 -953.0000000000
4596 -952.0000000000
4600 -950.0000000000
4610 -949.0000000000
4630 -948.0000000000
4637 -946.0000000000
4655 -945.0000000000
4670 -944.0000000000
4672 -943.0000000000
4674 -941.0000000000
4680 -939.0000000000
4688 -938.0000000000
4728 -937.0000000000
4729 -936.0000000000
4733 -935.0000000000
4740 -933.0000000000
4743 -932.0000000000
4745 -931.0000000000
4746 -930.0000000000
4759 -929.0000000000
4769 -928.0000000000
4775 -926.0000000000
4776 -925.0000000000
4781 -924.0000000000
4810 -923.0000000000
4812 -922.0000000000
4816 -921.0000000000
4817 -920.0000000000
4821 -919.0000000000
4853 -918.0000000000
4867 -917.0000000000
4883 -916.0000000000
4892 -915.0000000000
4898 -914.0000000000
4913 -913.0000000000
4918 -912.0000000000
4928 -911.0000000000
4929 -910.0000000000
4930 -909.0000000000
4938 -908.0000000000
4953 -907.0000000000
4957 -906.0000000000
4960 -905.0000000000
4961 -904.0000000000
4966 -903.0000000000
4971 -902.0000000000
5000 -901.0000000000
5004 -900.0000000000
5006 -899.0000000000
5010 -898.0000000000
5029 -897.0000000000
5032 -896.0000000000
5043 -895.0000000000
5046 -894.0000000000
5051 -893.0000000000
5065 -892.0000000000
5067 -891.0000000000
5092 -889.0000000000
5095 -887.0000000000
5103 -886.0000000000
5108 -885.0000000000
5124 -884.0000000000
5126 -883.0000000000
5128 -882.0000000000
5133 -881.0000000000
5134 -880.0000000000
5144 -879.0000000000
5148 -878.0000000000
5149 -877.0000000000
5153 -876.0000000000
5182 -875.0000000000
5198 -874.0000000000
5218 -873.0000000000
5219 -872.0000000000
5227 -871.0000000000
5244 -870.0000000000
5255 -868.0000000000
5266 -867.0000000000
5274 -866.0000000000
5275 -864.0000000000
5281 -863.0000000000
5282 -862.0000000000
5286 -861.0000000000
5298 -859.0000000000
5319 -858.0000000000
5330 -857.0000000000
5331 -856.0000000000
5332 -854.0000000000
5357 -853.0000000000
5370 -852.0000000000
5378 -851.0000000000
5393 -850.0000000000
5396 -849.0000000000
5417 -848.0000000000
5426 -847.0000000000
5430 -846.0000000000
5435 -845.0000000000
5438 -844.0000000000
5442 -843.0000000000
5455 -842.0000000000
5464 -841.0000000000
5492 -840.0000000000
5503 -838.0000000000
5519 -837.0000000000
5527 -836.0000000000
5533 -835.0000000000
5559 -834.0000000000
5570 -833.0000000000
5576 -832.0000000000
5582 -831.0000000000
5584 -830.0000000000
5585 -829.0000000000
5587 -828.0000000000
5595 -827.0000000000
5619 -826.0000000000
5622 -825.0000000000
5646 -824.0000000000
5648 -823.0000000000
5652 -822.0000000000
5654 -821.0000000000
5661 -820.0000000000
5675 -819.0000000000
5677 -818.0000000000
5694 -817.0000000000
5697 -816.0000000000
5712 -815.0000000000
5720 -814.0000000000
5729 -813.0000000000
5741 -812.0000000000
5746 -811.0000000000
5750 -809.0000000000
5753 -808.0000000000
5758 -807.0000000000
5760 -806.0000000000
5763 -805.0000000000
5766 -804.0000000000
5769 -803.0000000000
5790 -802.0000000000
5791 -801.0000000000
5805 -800.0000000000
5806 -799.0000000000
5821 -798.0000000000
5826 -797.0000000000
5827 -796.0000000000
5838 -795.0000000000
5846 -794.0000000000
5847 -793.0000000000
5864 -792.0000000000
5874 -791.0000000000
5876 -790.0000000000
5895 -789.0000000000
5903 -788.0000000000
5907 -787.0000000000
5908 -786.0000000000
5934 -785.0000000000
5935 -784.0000000000
5937 -783.0000000000
5942 -782.0000000000
5955 -781.0000000000
5968 -780.0000000000
5976 -779.0000000000
5989 -778.0000000000
5998 -777.0000000000
6022 -776.0000000000
6035 -775.0000000000
6039 -774.0000000000
6051 -773.0000000000
6069 -772.0000000000
6080 -771.0000000000
6082 -770.0000000000
6086 -769.0000000000
6091 -768.0000000000
6093 -767.0000000000
6098 -766.0000000000
6101 -765.0000000000
6105 -764.0000000000
6138 -763.0000000000
6150 -762.0000000000
6183 -760.0000000000
6207 -758.0000000000
6208 -756.0000000000
6221 -755.0000000000
6226 -754.0000000000
6235 -753.0000000000
6243 -752.0000000000
6258 -751.0000000000
6280 -750.0000000000
6290 -749.0000000000
6294 -748.0000000000
6295 -747.0000000000
6318 -746.0000000000
6330 -745.0000000000
6334 -744.0000000000
6350 -743.0000000000
6357 -742.0000000000
6365 -741.0000000000
6368 -740.0000000000
6378 -739.0000000000
6383 -738.0000000000
6394 -737.0000000000
6395 -736.0000000000
6401 -735.0000000000
6427 -734.0000000000
6432 -733.0000000000
6440 -732.0000000000
6453 -731.0000000000
6461 -728.0000000000
6524 -727.0000000000
6525 -726.0000000000
6539 -725.0000000000
6551 -724.0000000000
6558 -723.0000000000
6561 -722.0000000000
6576 -721.0000000000
6580 -720.0000000000
6588 -719.0000000000
6597 -718.0000000000
6600 -717.0000000000
6606 -716.0000000000
6618 -715.0000000000
6621 -714.0000000000
6629 -713.0000000000
6644 -712.0000000000
6647 -710.0000000000
6657 -709.0000000000
6663 -708.0000000000
6666 -707.0000000000
6676 -705.0000000000
6682 -704.0000000000
6720 -703.0000000000
6732 -702.0000000000
6733 -701.0000000000
6736 -700.0000000000
6739 -698.0000000000
6743 -697.0000000000
6755 -696.0000000000
6764 -695.0000000000
6773 -694.0000000000
6785 -693.0000000000
6790 -692.0000000000
6794 -691.0000000000
6805 -690.0000000000
6812 -689.0000000000
6813 -687.0000000000
6816 -686.0000000000
6827 -684.0000000000
6837 -683.0000000000
6841 -682.0000000000
6848 -681.0000000000
6849 -680.0000000000
6916 -679.0000000000
6932 -677.0000000000
6941 -676.0000000000
6948 -675.0000000000
6962 -674.0000000000
6972 -673.0000000000
6988 -672.0000000000
6991 -670.0000000000
7009 -669.0000000000
7017 -667.0000000000
7032 -666.0000000000
7046 -665.0000000000
7049 -664.0000000000
7060 -663.0000000000
7086 -662.0000000000
7088 -661.0000000000
7092 -660.0000000000
7102 -659.0000000000
7151 -658.0000000000
7159 -657.0000000000
7166 -656.0000000000
7169 -655.0000000000
7174 -654.0000000000
7195 -653.0000000000
7197 -652.0000000000
7225 -650.0000000000
7231 -649.0000000000
7234 -648.0000000000
7242 -647.0000000000
7244 -646.0000000000
7248 -645.0000000000
7255 -643.0000000000
7269 -642.0000000000
7284 -641.0000000000
7287 -640.0000000000
7309 -639.0000000000
7319 -638.0000000000
7349 -637.0000000000
7354 -636.0000000000
7390 -635.0000000000
7412 -634.0000000000
7421 -633.0000000000
7426 -632.0000000000
7429 -631.0000000000
7436 -630.0000000000
7466 -629.0000000000
7501 -628.0000000000
7514 -627.0000000000
7563 -626.0000000000
7577 -625.0000000000
7586 -624.0000000000
7609 -623.0000000000
7612 -622.0000000000
7686 -621.0000000000
7687 -620.0000000000
7704 -619.0000000000
7708 -618.0000000000
7718 -617.0000000000
7738 -616.0000000000
7752 -615.0000000000
7787 -614.0000000000
7797 -613.0000000000
7801 -612.0000000000
7821 -611.0000000000
7822 -610.0000000000
7852 -609.0000000000
7856 -608.0000000000
7871 -607.0000000000
7874 -606.0000000000
7885 -605.0000000000
7888 -604.0000000000
7958 -603.0000000000
7967 -602.0000000000
7987 -601.0000000000
7991 -600.0000000000
8006 -599.0000000000
8007 -598.0000000000
8017 -597.0000000000
8018 -596.0000000000
8022 -595.0000000000
8026 -594.0000000000
8039 -592.0000000000
8048 -591.0000000000
8057 -590.0000000000
8069 -589.0000000000
8084 -588.0000000000
8087 -587.0000000000
8093 -586.0000000000
8094 -585.0000000000
8107 -584.0000000000
8109 -583.0000000000
8112 -582.0000000000
8119 -581.0000000000
8121 -580.0000000000
8151 -579.0000000000
8167 -577.0000000000
8173 -576.0000000000
8214 -573.0000000000
8230 -572.0000000000
8244 -571.0000000000
8264 -570.0000000000
8265 -569.0000000000
8271 -568.0000000000
8276 -567.0000000000
8285 -566.0000000000
8297 -565.0000000000
8315 -564.0000000000
8321 -562.0000000000
8354 -561.0000000000
8357 -560.0000000000
8368 -558.0000000000
8373 -557.0000000000
8396 -556.0000000000
8415 -555.0000000000
8433 -554.0000000000
8487 -553.0000000000
8494 -551.0000000000
8508 -550.0000000000
8524 -549.0000000000
8548 -548.0000000000
8566 -547.0000000000
8567 -546.0000000000
8568 -545.0000000000
8595 -544.0000000000
8649 -543.0000000000
8683 -542.0000000000
8695 -541.0000000000
8761 -540.0000000000
8779 -538.0000000000
8782 -537.0000000000
8786 -536.0000000000
8790 -535.0000000000
8794 -534.0000000000
8799 -533.0000000000
8805 -532.0000000000
8806 -531.0000000000
8840 -530.0000000000
8845 -529.0000000000
8852 -528.0000000000
8899 -527.0000000000
8903 -526.0000000000
8906 -525.0000000000
8915 -524.0000000000
8917 -523.0000000000
8920 -522.0000000000
8934 -521.0000000000
8951 -520.0000000000
8976 -519.0000000000
8980 -518.0000000000
8981 -517.0000000000
9003 -515.0000000000
9016 -514.0000000000
9019 -513.0000000000
9026 -512.0000000000
9036 -511.0000000000
9041 -510.0000000000
9042 -509.0000000000
9049 -508.0000000000
9106 -507.0000000000
9130 -506.0000000000
9144 -505.0000000000
9147 -504.0000000000
9157 -503.0000000000
9171 -502.0000000000
9183 -501.0000000000
9186 -499.0000000000
9192 -498.0000000000
9202 -497.0000000000
9212 -496.0000000000
9252 -495.0000000000
9256 -494.0000000000
9257 -493.0000000000
9372 -491.0000000000
9393 -490.0000000000
9411 -489.0000000000
9422 -488.0000000000
9436 -487.0000000000
9467 -486.0000000000
9478 -485.0000000000
9497 -484.0000000000
9510 -483.0000000000
9519 -482.0000000000
9522 -481.0000000000
9523 -480.0000000000
9553 -479.0000000000
9562 -478.0000000000
9564 -477.0000000000
9587 -476.0000000000
9596 -475.0000000000
9607 -474.0000000000
9608 -473.0000000000
9619 -472.0000000000
9631 -471.0000000000
9656 -470.0000000000
9660 -467.0000000000
9702 -466.0000000000
9745 -465.0000000000
9770 -464.0000000000
9775 -463.0000000000
9796 -462.0000000000
9825 -461.0000000000
9859 -460.0000000000
9876 -459.0000000000
9885 -458.0000000000
9889 -457.0000000000
9904 -456.0000000000
9921 -455.0000000000
9922 -454.0000000000
9925 -453.0000000000
9964 -452.0000000000
9993 -451.0000000000
10000 -451.0000000000
evaluations raw_y
1 -1883.0000000000
6 -1882.0000000000
7 -1880.0000000000
15 -1879.0000000000
18 -1878.0000000000
21 -1876.0000000000
35 -1875.0000000000
36 -1874.0000000000
38 -1872.0000000000
39 -1871.0000000000
41 -1869.0000000000
48 -1868.0000000000
49 -1867.0000000000
50 -1866.0000000000
52 -1865.0000000000
60 -1863.0000000000
64 -1861.0000000000
65 -1859.0000000000
67 -1858.0000000000
68 -1857.0000000000
70 -1856.0000000000
73 -1854.0000000000
75 -1853.0000000000
78 -1852.0000000000
86 -1851.0000000000
90 -1850.0000000000
92 -1849.0000000000
100 -1848.0000000000
106 -1846.0000000000
114 -1845.0000000000
116 -1843.0000000000
117 -1841.0000000000
118 -1840.0000000000
120 -1839.0000000000
121 -1837.0000000000
125 -1836.0000000000
126 -1835.0000000000
131 -1833.0000000000
135 -1832.0000000000
139 -1831.0000000000
141 -1829.0000000000
145 -1828.0000000000
148 -1827.0000000000
149 -1826.0000000000
162 -1823.0000000000
171 -1822.0000000000
173 -1821.0000000000
179 -1819.0000000000
182 -1817.0000000000
187 -1816.0000000000
193 -1815.0000000000
194 -1814.0000000000
210 -1813.0000000000
217 -1812.0000000000
222 -1811.0000000000
223 -1810.0000000000
224 -1808.0000000000
230 -1806.0000000000
231 -1804.0000000000
232 -1803.0000000000
243 -1802.0000000000
246 -1801.0000000000
248 -1800.0000000000
258 -1799.0000000000
259 -1798.0000000000
261 -1796.0000000000
264 -1794.0000000000
266 -1792.0000000000
270 -1791.0000000000
273 -1790.0000000000
275 -1789.0000000000
277 -1788.0000000000
281 -1786.0000000000
284 -1785.0000000000
285 -1784.0000000000
287 -1782.0000000000
288 -1781.0000000000
297 -1780.0000000000
306 -1779.0000000000
307 -1776.0000000000
313 -1775.0000000000
317 -1774.0000000000
318 -1773.0000000000
321 -1772.0000000000
322 -1771.0000000000
326 -1770.0000000000
330 -1767.0000000000
332 -1764.0000000000
334 -1762.0000000000
339 -1759.0000000000
342 -1758.0000000000
350 -1757.0000000000
361 -1756.0000000000
370 -1755.0000000000
374 -1754.0000000000
377 -1753.0000000000
379 -1751.0000000000
382 -1748.0000000000
384 -1746.0000000000
387 -1745.0000000000
389 -1744.0000000000
392 -1743.0000000000
393 -1742.0000000000
396 -1741.0000000000
397 -1740.0000000000
402 -1739.0000000000
406 -1737.0000000000
412 -1736.0000000000
413 -1735.0000000000
418 -1734.0000000000
424 -1733.0000000000
429 -1732.0000000000
435 -1730.0000000000
438 -1729.0000000000
439 -1728.0000000000
443 -1727.0000000000
459 -1726.0000000000
460 -1724.0000000000
464 -1723.0000000000
465 -1721.0000000000
469 -1720.0000000000
470 -1719.0000000000
472 -1718.0000000000
473 -1717.0000000000
474 -1716.0000000000
477 -1715.0000000000
481 -1714.0000000000
482 -1713.0000000000
487 -1712.0000000000
488 -1711.0000000000
490 -1709.0000000000
493 -1708.0000000000
496 -1707.0000000000
500 -1706.0000000000
501 -1705.0000000000
502 -1704.0000000000
504 -1703.0000000000
516 -1702.0000000000
517 -1700.0000000000
518 -1699.0000000000
525 -1698.0000000000
532 -1696.0000000000
535 -1695.0000000000
537 -1694.0000000000
540 -1693.0000000000
550 -1691.0000000000
553 -1689.0000000000
557 -1688.0000000000
578 -1687.0000000000
592 -1686.0000000000
597 -1684.0000000000
598 -1683.0000000000
600 -1682.0000000000
609 -1681.0000000000
610 -1680.0000000000
614 -1678.0000000000
616 -1677.0000000000
629 -1676.0000000000
632 -1675.0000000000
639 -1674.0000000000
640 -1673.0000000000
644 -1672.0000000000
645 -1671.0000000000
655 -1669.0000000000
656 -1668.0000000000
657 -1667.0000000000
661 -1665.0000000000
665 -1664.0000000000
671 -1663.0000000000
672 -1661.0000000000
674 -1660.0000000000
677 -1659.0000000000
683 -1658.0000000000
684 -1657.0000000000
685 -1655.0000000000
689 -1653.0000000000
690 -1651.0000000000
696 -1650.0000000000
702 -1649.0000000000
703 -1648.0000000000
705 -1647.0000000000
708 -1646.0000000000
720 -1645.0000000000
723 -1644.0000000000
726 -1643.0000000000
727 -1642.0000000000
728 -1641.0000000000
731 -1640.0000000000
733 -1638.0000000000
737 -1637.0000000000
738 -1636.0000000000
743 -1635.0000000000
744 -1633.0000000000
745 -1632.0000000000
747 -1631.0000000000
752 -1630.0000000000
755 -1629.0000000000
767 -1628.0000000000
769 -1627.0000000000
783 -1626.0000000000
784 -1624.0000000000
788 -1623.0000000000
790 -1622.0000000000
793 -1621.0000000000
802 -1620.0000000000
808 -1619.0000000000
812 -1618.0000000000
822 -1617.0000000000
824 -1615.0000000000
827 -1614.0000000000
830 -1611.0000000000
831 -1609.0000000000
839 -1608.0000000000
840 -1607.0000000000
842 -1606.0000000000
852 -1605.0000000000
855 -1603.0000000000
860 -1602.0000000000
872 -1601.0000000000
874 -1599.0000000000
882 -1598.0000000000
885 -1597.0000000000
886 -1596.0000000000
897 -1595.0000000000
904 -1594.0000000000
914 -1593.0000000000
916 -1592.0000000000
926 -1591.0000000000
933 -1590.0000000000
936 -1589.0000000000
940 -1588.0000000000
941 -1586.0000000000
959 -1585.0000000000
960 -1584.0000000000
966 -1582.0000000000
979 -1581.0000000000
983 -1580.0000000000
988 -1579.0000000000
990 -1578.0000000000
991 -1577.0000000000
997 -1576.0000000000
1007 -1575.0000000000
1008 -1574.0000000000
1009 -1572.0000000000
1012 -1571.0000000000
1014 -1570.0000000000
1018 -1569.0000000000
1019 -1568.0000000000
1021 -1566.0000000000
1023 -1565.0000000000
1027 -1564.0000000000
1029 -1563.0000000000
1030 -1562.0000000000
1031 -1561.0000000000
1036 -1560.0000000000
1041 -1559.0000000000
1042 -1558.0000000000
1052 -1557.0000000000
1066 -1556.0000000000
1067 -1555.0000000000
1070 -1554.0000000000
1074 -1553.0000000000
1079 -1551.0000000000
1088 -1550.0000000000
1099 -1548.0000000000
1100 -1546.0000000000
1102 -1545.0000000000
1108 -1543.0000000000
1109 -1542.0000000000
1119 -1541.0000000000
1123 -1539.0000000000
1126 -1538.0000000000
1129 -1537.0000000000
1131 -1535.0000000000
1133 -1534.0000000000
1136 -1533.0000000000
1138 -1532.0000000000
1143 -1531.0000000000
1144 -1530.0000000000
1149 -1529.0000000000
1152 -1528.0000000000
1158 -1527.0000000000
1167 -1526.0000000000
1168 -1525.0000000000
1170 -1524.0000000000
1184 -1523.0000000000
1186 -1522.0000000000
1189 -1521.0000000000
1194 -1520.0000000000
1199 -1519.0000000000
1205 -1517.0000000000
1207 -1516.0000000000
1219 -1515.0000000000
1221 -1514.0000000000
1237 -1513.0000000000
1242 -1512.0000000000
1245 -1511.0000000000
1249 -1510.0000000000
1264 -1509.0000000000
1266 -1507.0000000000
1271 -1506.0000000000
1273 -1505.0000000000
1275 -1504.0000000000
1285 -1503.0000000000
1290 -1502.0000000000
1303 -1501.0000000000
1312 -1500.0000000000
1321 -1499.0000000000
1322 -1498.0000000000
1327 -1497.0000000000
1330 -1496.0000000000
1331 -1495.0000000000
1341 -1494.0000000000
1343 -1493.0000000000
1375 -1492.0000000000
1379 -1491.0000000000
1380 -1490.0000000000
1381 -1489.0000000000
1385 -1488.0000000000
1387 -1487.0000000000
1389 -1486.0000000000
1393 -1485.0000000000
1396 -1484.0000000000
1401 -1483.0000000000
1402 -1481.0000000000
1410 -1479.0000000000
1412 -1478.0000000000
1423 -1477.0000000000
1430 -1474.0000000000
1433 -1473.0000000000
1445 -1471.0000000000
1447 -1470.0000000000
1449 -1469.0000000000
1450 -1468.0000000000
1457 -1467.0000000000
1469 -1466.0000000000
1479 -1464.0000000000
1480 -1463.0000000000
1481 -1462.0000000000
1483 -1460.0000000000
1484 -1459.0000000000
1494 -1458.0000000000
1496 -1457.0000000000
1498 -1456.0000000000
1499 -1455.0000000000
1504 -1454.0000000000
1507 -1453.0000000000
1512 -1451.0000000000
1517 -1450.0000000000
1518 -1449.0000000000
1519 -1448.0000000000
1520 -1447.0000000000
1524 -1446.0000000000
1528 -1445.0000000000
1530 -1444.0000000000
1531 -1443.0000000000
1534 -1442.0000000000
1553 -1441.0000000000
1555 -1440.0000000000
1557 -1438.0000000000
1560 -1437.0000000000
1561 -1435.0000000000
1567 -1434.0000000000
1571 -1432.0000000000
1574 -1431.0000000000
1576 -1430.0000000000
1577 -1429.0000000000
1578 -1428.0000000000
1582 -1426.0000000000
1586 -1425.0000000000
1603 -1424.0000000000
1610 -1423.0000000000
1617 -1422.0000000000
1623 -1421.0000000000
1630 -1419.0000000000
1636 -1418.0000000000
1638 -1417.0000000000
1640 -1416.0000000000
1644 -1415.0000000000
1646 -1414.0000000000
1649 -1412.0000000000
1651 -1411.0000000000
1663 -1409.0000000000
1664 -1407.0000000000
1666 -1406.0000000000
1669 -1404.0000000000
1670 -1403.0000000000
1678 -1402.0000000000
1684 -1400.0000000000
1698 -1399.0000000000
1700 -1398.0000000000
1701 -1397.0000000000
1702 -1396.0000000000
1703 -1395.0000000000
1706 -1394.0000000000
1708 -1393.0000000000
1716 -1392.0000000000
1717 -1391.0000000000
1727 -1390.0000000000
1731 -1389.0000000000
1732 -1388.0000000000
1734 -1387.0000000000
1741 -1386.0000000000
1743 -1385.0000000000
1748 -1384.0000000000
1750 -1382.0000000000
1770 -1381.0000000000
1772 -1380.0000000000
1776 -1379.0000000000
1779 -1378.0000000000
1781 -1377.0000000000
1788 -1376.0000000000
1796 -1375.0000000000
1798 -1373.0000000000
1802 -1372.0000000000
1803 -1371.0000000000
1806 -1370.0000000000
1810 -1369.0000000000
1821 -1368.0000000000
1822 -1367.0000000000
1827 -1366.0000000000
1830 -1365.0000000000
1837 -1364.0000000000
1861 -1363.0000000000
1864 -1362.0000000000
1865 -1361.0000000000
1869 -1359.0000000000
1870 -1358.0000000000
1886 -1357.0000000000
1888 -1356.0000000000
1902 -1355.0000000000
1923 -1354.0000000000
1941 -1353.0000000000
1945 -1352.0000000000
1949 -1350.0000000000
1961 -1349.0000000000
1965 -1348.0000000000
1967 -1347.0000000000
1970 -1346.0000000000
1980 -1345.0000000000
1989 -1343.0000000000
1993 -1341.0000000000
1996 -1340.0000000000
1998 -1339.0000000000
2000 -1338.0000000000
2008 -1337.0000000000
2025 -1336.0000000000
2029 -1335.0000000000
2038 -1334.0000000000
2046 -1333.0000000000
2051 -1332.0000000000
2052 -1331.0000000000
2053 -1329.0000000000
2056 -1328.0000000000
2061 -1327.0000000000
2066 -1326.0000000000
2067 -1324.0000000000
2069 -1323.0000000000
2087 -1322.0000000000
2094 -1321.0000000000
2095 -1320.0000000000
2096 -1319.0000000000
2102 -1318.0000000000
2113 -1317.0000000000
2118 -1316.0000000000
2119 -1315.0000000000
2146 -1314.0000000000
2148 -1313.0000000000
2162 -1312.0000000000
2163 -1311.0000000000
2169 -1310.0000000000
2170 -1309.0000000000
2175 -1308.0000000000
2179 -1307.0000000000
2196 -1305.0000000000
2202 -1304.0000000000
2204 -1303.0000000000
2205 -1302.0000000000
2208 -1301.0000000000
2218 -1299.0000000000
2249 -1298.0000000000
2254 -1297.0000000000
2257 -1295.0000000000
2272 -1294.0000000000
2274 -1291.0000000000
2276 -1290.0000000000
2286 -1288.0000000000
2288 -1286.0000000000
2293 -1285.0000000000
2299 -1284.0000000000
2303 -1283.0000000000
2310 -1282.0000000000
2311 -1281.0000000000
2318 -1280.0000000000
2324 -1279.0000000000
2325 -1278.0000000000
2328 -1277.0000000000
2334 -1276.0000000000
2337 -1274.0000000000
2345 -1273.0000000000
2346 -1272.0000000000
2348 -1269.0000000000
2353 -1266.0000000000
2357 -1265.0000000000
2359 -1264.0000000000
2364 -1263.0000000000
2370 -1262.0000000000
2376 -1261.0000000000
2377 -1260.0000000000
2380 -1258.0000000000
2382 -1257.0000000000
2390 -1256.0000000000
2402 -1255.0000000000
2408 -1254.0000000000
2424 -1253.0000000000
2427 -1252.0000000000
2429 -1250.0000000000
2432 -1249.0000000000
2450 -1248.0000000000
2459 -1247.0000000000
2464 -1246.0000000000
2466 -1245.0000000000
2470 -1244.0000000000
2471 -1243.0000000000
2475 -1242.0000000000
2484 -1241.0000000000
2503 -1239.0000000000
2509 -1238.0000000000
2515 -1237.0000000000
2517 -1236.0000000000
2522 -1235.0000000000
2526 -1234.0000000000
2532 -1233.0000000000
2540 -1232.0000000000
2542 -1231.0000000000
2544 -1230.0000000000
2548 -1229.0000000000
2558 -1228.0000000000
2560 -1227.0000000000
2563 -1226.0000000000
2577 -1225.0000000000
2580 -1223.0000000000
2585 -1222.0000000000
2589 -1221.0000000000
2592 -1220.0000000000
2595 -1218.0000000000
2597 -1217.0000000000
2610 -1216.0000000000
2612 -1214.0000000000
2628 -1213.0000000000
2634 -1212.0000000000
2638 -1211.0000000000
2641 -1210.0000000000
2645 -1206.0000000000
2653 -1204.0000000000
2669 -1203.0000000000
2674 -1201.0000000000
2677 -1200.0000000000
2687 -1199.0000000000
2699 -1198.0000000000
2727 -1197.0000000000
2731 -1196.0000000000
2743 -1195.0000000000
2751 -1193.0000000000
2758 -1192.0000000000
2760 -1190.0000000000
2765 -1189.0000000000
2779 -1187.0000000000
2780 -1186.0000000000
2787 -1185.0000000000
2792 -1184.0000000000
2796 -1182.0000000000
2814 -1181.0000000000
2819 -1180.0000000000
2821 -1179.0000000000
2828 -1178.0000000000
2830 -1177.0000000000
2833 -1176.0000000000
2846 -1175.0000000000
2850 -1173.0000000000
2857 -1172.0000000000
2860 -1171.0000000000
2866 -1170.0000000000
2869 -1169.0000000000
2877 -1168.0000000000
2884 -1167.0000000000
2890 -1166.0000000000
2900 -1165.0000000000
2902 -1164.0000000000
2905 -1163.0000000000
2910 -1162.0000000000
2918 -1161.0000000000
2923 -1160.0000000000
2930 -1158.0000000000
2937 -1157.0000000000
2943 -1156.0000000000
2944 -1155.0000000000
2950 -1154.0000000000
2957 -1153.0000000000
2958 -1152.0000000000
2968 -1151.0000000000
2970 -1149.0000000000
2981 -1148.0000000000
2982 -1147.0000000000
2986 -1145.0000000000
2995 -1144.0000000000
2996 -1143.0000000000
2999 -1142.0000000000
3005 -1141.0000000000
3013 -1139.0000000000
3019 -1138.0000000000
3020 -1137.0000000000
3031 -1136.0000000000
3033 -1135.0000000000
3045 -1134.0000000000
3057 -1133.0000000000
3058 -1132.0000000000
3062 -1131.0000000000
3064 -1130.0000000000
3071 -1129.0000000000
3077 -1128.0000000000
3082 -1127.0000000000
3085 -1126.0000000000
3089 -1125.0000000000
3096 -1124.0000000000
3099 -1123.0000000000
3104 -1122.0000000000
3121 -1121.0000000000
3128 -1120.0000000000
3148 -1119.0000000000
3166 -1118.0000000000
3168 -1117.0000000000
3177 -1116.0000000000
3179 -1115.0000000000
3189 -1114.0000000000
3200 -1113.0000000000
3205 -1112.0000000000
3226 -1110.0000000000
3245 -1109.0000000000
3252 -1108.0000000000
3270 -1107.0000000000
3274 -1106.0000000000
3276 -1105.0000000000
3277 -1104.0000000000
3281 -1103.0000000000
3299 -1101.0000000000
3303 -1100.0000000000
3307 -1099.0000000000
3317 -1098.0000000000
3324 -1096.0000000000
3328 -1095.0000000000
3329 -1093.0000000000
3333 -1092.0000000000
3337 -1091.0000000000
3338 -1090.0000000000
3353 -1089.0000000000
3355 -1088.0000000000
3359 -1087.0000000000
3367 -1086.0000000000
3370 -1084.0000000000
3376 -1083.0000000000
3377 -1081.0000000000
3379 -1080.0000000000
3380 -1079.0000000000
3384 -1078.0000000000
3390 -1077.0000000000
3392 -1076.0000000000
3409 -1075.0000000000
3423 -1074.0000000000
3427 -1073.0000000000
3446 -1072.0000000000
3450 -1071.0000000000
3456 -1070.0000000000
3462 -1069.0000000000
3471 -1068.0000000000
3476 -1067.0000000000
3493 -1066.0000000000
3496 -1064.0000000000
3505 -1063.0000000000
3506 -1062.0000000000
3514 -1061.0000000000
3521 -1060.0000000000
3524 -1059.0000000000
3527 -1058.0000000000
3529 -1057.0000000000
3532 -1056.0000000000
3556 -1055.0000000000
3561 -1054.0000000000
3564 -1052.0000000000
3565 -1051.0000000000
3567 -1050.0000000000
3573 -1049.0000000000
3587 -1048.0000000000
3589 -1047.0000000000
3593 -1045.0000000000
3601 -1044.0000000000
3603 -1043.0000000000
3606 -1042.0000000000
3618 -1041.0000000000
3645 -1039.0000000000
3654 -1038.0000000000
3656 -1037.0000000000
3658 -1036.0000000000
3659 -1035.0000000000
3667 -1034.0000000000
3669 -1033.0000000000
3672 -1032.0000000000
3677 -1031.0000000000
3691 -1029.0000000000
3699 -1027.0000000000
3703 -1026.0000000000
3709 -1025.0000000000
3727 -1024.0000000000
3730 -1022.0000000000
3732 -1021.0000000000
3735 -1019.0000000000
3737 -1018.0000000000
3751 -1017.0000000000
3755 -1016.0000000000
3761 -1015.0000000000
3773 -1013.0000000000
3783 -1012.0000000000
3787 -1011.0000000000
3800 -1010.0000000000
3802 -1009.0000000000
3803 -1008.0000000000
3814 -1007.0000000000
3815 -1006.0000000000
3841 -1005.0000000000
3853 -1004.0000000000
3856 -1003.0000000000
3868 -1002.0000000000
3869 -1001.0000000000
3873 -1000.0000000000
3886 -999.0000000000
3887 -998.0000000000
3890 -997.0000000000
3919 -995.0000000000
3920 -994.0000000000
3926 -992.0000000000
3936 -991.0000000000
3949 -990.0000000000
3951 -989.0000000000
3952 -988.0000000000
3954 -987.0000000000
3955 -986.0000000000
3957 -984.0000000000
3961 -983.0000000000
3975 -982.0000000000
3980 -980.0000000000
3983 -979.0000000000
4004 -978.0000000000
4015 -977.0000000000
4017 -976.0000000000
4027 -975.0000000000
4033 -974.0000000000
4036 -973.0000000000
4045 -972.0000000000
4053 -969.0000000000
4054 -967.0000000000
4060 -965.0000000000
4073 -964.0000000000
4078 -963.0000000000
4084 -961.0000000000
4088 -960.0000000000
4093 -959.0000000000
4095 -958.0000000000
4099 -957.0000000000
4105 -956.0000000000
4114 -955.0000000000
4115 -954.0000000000
4118 -953.0000000000
4128 -952.0000000000
4134 -950.0000000000
4138 -949.0000000000
4144 -948.0000000000
4149 -946.0000000000
4159 -944.0000000000
4171 -943.0000000000
4172 -942.0000000000
4179 -940.0000000000
4192 -939.0000000000
4193 -938.0000000000
4217 -937.0000000000
4231 -936.0000000000
4242 -935.0000000000
4250 -934.0000000000
4253 -933.0000000000
4258 -932.0000000000
4267 -931.0000000000
4279 -930.0000000000
4291 -929.0000000000
4296 -928.0000000000
4304 -926.0000000000
4317 -925.0000000000
4321 -924.0000000000
4324 -923.0000000000
4327 -921.0000000000
4340 -920.0000000000
4353 -919.0000000000
4366 -918.0000000000
4374 -917.0000000000
4376 -916.0000000000
4378 -914.0000000000
4384 -913.0000000000
4389 -912.0000000000
4391 -910.0000000000
4402 -909.0000000000
4406 -908.0000000000
4407 -907.0000000000
4415 -906.0000000000
4429 -904.0000000000
4472 -903.0000000000
4496 -902.0000000000
4515 -901.0000000000
4522 -900.0000000000
4539 -899.0000000000
4547 -898.0000000000
4561 -897.0000000000
4564 -896.0000000000
4565 -895.0000000000
4576 -894.0000000000
4594 -893.0000000000
4603 -892.0000000000
4615 -891.0000000000
4627 -889.0000000000
4636 -888.0000000000
4643 -887.0000000000
4645 -886.0000000000
4647 -885.0000000000
4663 -883.0000000000
4677 -882.0000000000
4712 -881.0000000000
4725 -880.0000000000
4735 -879.0000000000
4736 -878.0000000000
4740 -877.0000000000
4755 -876.0000000000
4756 -875.0000000000
4760 -874.0000000000
4764 -873.0000000000
4766 -872.0000000000
4767 -871.0000000000
4769 -870.0000000000
4773 -869.0000000000
4775 -868.0000000000
4776 -867.0000000000
4780 -866.0000000000
4789 -865.0000000000
4805 -864.0000000000
4808 -863.0000000000
4816 -862.0000000000
4818 -861.0000000000
4819 -860.0000000000
4823 -859.0000000000
4826 -858.0000000000
4837 -857.0000000000
4855 -856.0000000000
4859 -855.0000000000
4866 -854.0000000000
4875 -853.0000000000
4891 -852.0000000000
4894 -851.0000000000
4897 -850.0000000000
4904 -848.0000000000
4915 -847.0000000000
4916 -846.0000000000
4939 -845.0000000000
4945 -844.0000000000
4950 -843.0000000000
4953 -842.0000000000
4954 -841.0000000000
4963 -840.0000000000
4967 -839.0000000000
4980 -838.0000000000
4983 -837.0000000000
5019 -836.0000000000
5024 -835.0000000000
5058 -834.0000000000
5061 -833.0000000000
5065 -832.0000000000
5071 -831.0000000000
5074 -830.0000000000
5087 -829.0000000000
5093 -828.0000000000
5097 -827.0000000000
5099 -826.0000000000
5137 -825.0000000000
5139 -824.0000000000
5153 -823.0000000000
5157 -822.0000000000
5173 -820.0000000000
5185 -819.0000000000
5186 -818.0000000000
5190 -817.0000000000
5202 -816.0000000000
5203 -815.0000000000
5216 -814.0000000000
5221 -813.0000000000
5246 -812.0000000000
5248 -811.0000000000
5250 -810.0000000000
5275 -809.0000000000
5279 -808.0000000000
5283 -805.0000000000
5286 -804.0000000000
5291 -803.0000000000
5295 -802.0000000000
5296 -801.0000000000
5313 -800.0000000000
5334 -799.0000000000
5341 -797.0000000000
5347 -796.0000000000
5352 -795.0000000000
5388 -794.0000000000
5390 -792.0000000000
5400 -791.0000000000
5406 -790.0000000000
5418 -789.0000000000
5419 -788.0000000000
5431 -787.0000000000
5437 -786.0000000000
5446 -785.0000000000
5461 -784.0000000000
5469 -782.0000000000
5470 -781.0000000000
5476 -780.0000000000
5502 -779.0000000000
5524 -778.0000000000
5526 -777.0000000000
5540 -776.0000000000
5565 -775.0000000000
5566 -774.0000000000
5580 -773.0000000000
5610 -772.0000000000
5614 -771.0000000000
5637 -770.0000000000
5664 -769.0000000000
5674 -768.0000000000
5675 -765.0000000000
5680 -764.0000000000
5681 -762.0000000000
5693 -761.0000000000
5700 -760.0000000000
5717 -759.0000000000
5719 -758.0000000000
5722 -757.0000000000
5723 -755.0000000000
5724 -754.0000000000
5752 -753.0000000000
5756 -752.0000000000
5761 -751.0000000000
5771 -749.0000000000
5772 -748.0000000000
5773 -747.0000000000
5804 -746.0000000000
5809 -745.0000000000
5813 -744.0000000000
5819 -743.0000000000
5854 -742.0000000000
5861 -740.0000000000
5885 -739.0000000000
5890 -738.0000000000
5893 -737.0000000000
5917 -736.0000000000
5938 -735.0000000000
5939 -734.0000000000
5947 -733.0000000000
5975 -731.0000000000
5990 -730.0000000000
5998 -729.0000000000
6012 -728.0000000000
6022 -727.0000000000
6055 -726.0000000000
6062 -725.0000000000
6067 -724.0000000000
6072 -722.0000000000
6075 -721.0000000000
6132 -720.0000000000
6139 -719.0000000000
6143 -718.0000000000
6145 -716.0000000000
6151 -715.0000000000
6160 -714.0000000000
6169 -713.0000000000
6178 -712.0000000000
6184 -710.0000000000
6185 -709.0000000000
6206 -708.0000000000
6217 -707.0000000000
6219 -706.0000000000
6230 -705.0000000000
6240 -704.0000000000
6279 -703.0000000000
6289 -702.0000000000
6295 -701.0000000000
6307 -700.0000000000
6308 -699.0000000000
6314 -698.0000000000
6316 -697.0000000000
6320 -696.0000000000
6327 -694.0000000000
6328 -693.0000000000
6377 -692.0000000000
6381 -691.0000000000
6384 -690.0000000000
6395 -689.0000000000
6409 -688.0000000000
6414 -686.0000000000
6425 -685.0000000000
6434 -684.0000000000
6436 -683.0000000000
6438 -682.0000000000
6472 -680.0000000000
6527 -679.0000000000
6534 -678.0000000000
6553 -677.0000000000
6558 -676.0000000000
6586 -675.0000000000
6595 -674.0000000000
6611 -672.0000000000
6622 -671.0000000000
6663 -670.0000000000
6711 -669.0000000000
6740 -667.0000000000
6750 -666.0000000000
6764 -665.0000000000
6822 -664.0000000000
6840 -663.0000000000
6862 -661.0000000000
6864 -659.0000000000
6882 -658.0000000000
6884 -657.0000000000
6892 -656.0000000000
6894 -655.0000000000
6895 -654.0000000000
6910 -653.0000000000
6914 -652.0000000000
6916 -651.0000000000
6920 -650.0000000000
6936 -649.0000000000
6937 -648.0000000000
6947 -646.0000000000
6959 -645.0000000000
6993 -644.0000000000
6999 -643.0000000000
7001 -641.0000000000
7010 -640.0000000000
7012 -639.0000000000
7015 -638.0000000000
7025 -636.0000000000
7037 -634.0000000000
7067 -633.0000000000
7075 -632.0000000000
7085 -631.0000000000
7087 -630.0000000000
7090 -629.0000000000
7103 -628.0000000000
7118 -627.0000000000
7127 -626.0000000000
7135 -625.0000000000
7163 -624.0000000000
7170 -623.0000000000
7202 -622.0000000000
7208 -621.0000000000
7224 -619.0000000000
7245 -618.0000000000
7262 -616.0000000000
7281 -615.0000000000
7285 -614.0000000000
7295 -613.0000000000
7307 -612.0000000000
7313 -611.0000000000
7318 -610.0000000000
7320 -609.0000000000
7323 -608.0000000000
7336 -607.0000000000
7339 -606.0000000000
7356 -605.0000000000
7365 -604.0000000000
7407 -603.0000000000
7408 -602.0000000000
7411 -601.0000000000
7413 -600.0000000000
7438 -599.0000000000
7444 -598.0000000000
7464 -597.0000000000
7492 -596.0000000000
7510 -595.0000000000
7541 -594.0000000000
7559 -593.0000000000
7588 -592.0000000000
7598 -591.0000000000
7610 -590.0000000000
7621 -589.0000000000
7629 -588.0000000000
7633 -587.0000000000
7641 -586.0000000000
7662 -585.0000000000
7672 -584.0000000000
7701 -583.0000000000
7711 -582.0000000000
7714 -581.0000000000
7724 -580.0000000000
7757 -579.0000000000
7758 -578.0000000000
7769 -577.0000000000
7788 -576.0000000000
7791 -575.0000000000
7804 -573.0000000000
7807 -572.0000000000
7874 -571.0000000000
7884 -569.0000000000
7902 -567.0000000000
7914 -566.0000000000
7917 -565.0000000000
7921 -564.0000000000
7939 -563.0000000000
7943 -562.0000000000
7944 -561.0000000000
7946 -560.0000000000
7959 -559.0000000000
7969 -558.0000000000
8005 -557.0000000000
8007 -556.0000000000
8022 -555.0000000000
8024 -554.0000000000
8033 -553.0000000000
8040 -552.0000000000
8045 -551.0000000000
8071 -550.0000000000
8082 -549.0000000000
8103 -548.0000000000
8104 -547.0000000000
8113 -546.0000000000
8119 -545.0000000000
8152 -544.0000000000
8199 -543.0000000000
8203 -541.0000000000
8205 -539.0000000000
8206 -538.0000000000
8235 -537.0000000000
8257 -536.0000000000
8281 -535.0000000000
8307 -534.0000000000
8316 -533.0000000000
8338 -532.0000000000
8371 -531.0000000000
8381 -530.0000000000
8389 -529.0000000000
8413 -528.0000000000
8417 -527.0000000000
8428 -526.0000000000
8432 -525.0000000000
8477 -524.0000000000
8479 -523.0000000000
8487 -522.0000000000
8494 -521.0000000000
8510 -520.0000000000
8514 -519.0000000000
8527 -518.0000000000
8534 -517.0000000000
8570 -516.0000000000
8575 -515.0000000000
8589 -513.0000000000
8604 -512.0000000000
8611 -511.0000000000
8627 -510.0000000000
8658 -509.0000000000
8667 -508.0000000000
8671 -507.0000000000
8672 -506.0000000000
8676 -504.0000000000
8698 -503.0000000000
8716 -502.0000000000
8749 -501.0000000000
8786 -500.0000000000
8788 -499.0000000000
8800 -498.0000000000
8818 -497.0000000000
8822 -496.0000000000
8838 -495.0000000000
8843 -494.0000000000
8846 -493.0000000000
8905 -492.0000000000
8909 -490.0000000000
8912 -489.0000000000
8914 -488.0000000000
8915 -487.0000000000
8924 -486.0000000000
8937 -485.0000000000
8939 -484.0000000000
8959 -482.0000000000
8995 -481.0000000000
9000 -480.0000000000
9031 -479.0000000000
9068 -478.0000000000
9074 -477.0000000000
9137 -476.0000000000
9167 -475.0000000000
9190 -474.0000000000
9195 -473.0000000000
9196 -472.0000000000
9238 -471.0000000000
9242 -470.0000000000
9253 -469.0000000000
9257 -468.0000000000
9275 -467.0000000000
9281 -466.0000000000
9309 -465.0000000000
9345 -463.0000000000
9352 -462.0000000000
9392 -461.0000000000
9393 -460.0000000000
9398 -458.0000000000
9403 -457.0000000000
9436 -456.0000000000
9447 -455.0000000000
9456 -453.0000000000
9459 -452.0000000000
9486 -451.0000000000
9503 -450.0000000000
9504 -449.0000000000
9516 -448.0000000000
9550 -447.0000000000
9575 -446.0000000000
9584 -445.0000000000
9590 -444.0000000000
9594 -443.0000000000
9633 -442.0000000000
9661 -441.0000000000
9663 -440.0000000000
9677 -439.0000000000
9708 -438.0000000000
9715 -437.0000000000
9729 -436.0000000000
9730 -435.0000000000
9734 -434.0000000000
9735 -433.0000000000
9736 -432.0000000000
9738 -430.0000000000
9753 -429.0000000000
9754 -428.0000000000
9760 -427.0000000000
9776 -426.0000000000
9777 -425.0000000000
9798 -424.0000000000
9818 -423.0000000000
9819 -422.0000000000
9831 -421.0000000000
9854 -420.0000000000
9864 -419.0000000000
9895 -418.0000000000
9917 -417.0000000000
9923 -416.0000000000
9931 -413.0000000000
9954 -412.0000000000
9997 -411.0000000000
9999 -410.0000000000
10000 -412.0000000000
evaluations raw_y
1 -1967.0000000000
4 -1966.0000000000
5 -1965.0000000000
7 -1964.0000000000
12 -1963.0000000000
15 -1958.0000000000
21 -1956.0000000000
25 -1955.0000000000
26 -1953.0000000000
27 -1951.0000000000
29 -1950.0000000000
32 -1949.0000000000
36 -1947.0000000000
41 -1946.0000000000
44 -1944.0000000000
58 -1943.0000000000
68 -1942.0000000000
69 -1940.0000000000
74 -1939.0000000000
78 -1938.0000000000
86 -1937.0000000000
98 -1936.0000000000
107 -1935.0000000000
108 -1934.0000000000
113 -1932.0000000000
121 -1931.0000000000
123 -1930.0000000000
133 -1929.0000000000
136 -1928.0000000000
137 -1927.0000000000
139 -1926.0000000000
141 -1925.0000000000
142 -1924.0000000000
145 -1923.0000000000
147 -1922.0000000000
148 -1921.0000000000
151 -1920.0000000000
153 -1919.0000000000
154 -1918.0000000000
156 -1917.0000000000
164 -1916.0000000000
165 -1915.0000000000
170 -1914.0000000000
172 -1913.0000000000
178 -1912.0000000000
179 -1911.0000000000
181 -1910.0000000000
183 -1909.0000000000
184 -1908.0000000000
186 -1906.0000000000
187 -1905.0000000000
190 -1904.0000000000
194 -1903.0000000000
195 -1902.0000000000
204 -1901.0000000000
214 -1898.0000000000
221 -1896.0000000000
224 -1895.0000000000
226 -1894.0000000000
230 -1893.0000000000
233 -1892.0000000000
235 -1891.0000000000
239 -1890.0000000000
241 -1889.0000000000
246 -1888.0000000000
251 -1886.0000000000
275 -1885.0000000000
278 -1883.0000000000
282 -1882.0000000000
291 -1881.0000000000
294 -1880.0000000000
296 -1879.0000000000
299 -1877.0000000000
300 -1876.0000000000
301 -1875.0000000000
302 -1874.0000000000
307 -1873.0000000000
310 -1871.0000000000
311 -1870.0000000000
313 -1869.0000000000
317 -1868.0000000000
318 -1866.0000000000
322 -1865.0000000000
323 -1864.0000000000
335 -1863.0000000000
341 -1862.0000000000
342 -1861.0000000000
348 -1860.0000000000
351 -1859.0000000000
352 -1858.0000000000
358 -1856.0000000000
363 -1855.0000000000
366 -1854.0000000000
375 -1853.0000000000
386 -1852.0000000000
390 -1851.0000000000
393 -1850.0000000000
399 -1848.0000000000
401 -1846.0000000000
403 -1844.0000000000
405 -1843.0000000000
409 -1842.0000000000
411 -1841.0000000000
412 -1840.0000000000
413 -1839.0000000000
424 -1838.0000000000
428 -1837.0000000000
440 -1836.0000000000
441 -1835.0000000000
443 -1833.0000000000
446 -1832.0000000000
448 -1831.0000000000
449 -1830.0000000000
453 -1829.0000000000
454 -1827.0000000000
461 -1826.0000000000
464 -1825.0000000000
469 -1824.0000000000
473 -1823.0000000000
476 -1821.0000000000
482 -1819.0000000000
483 -1817.0000000000
484 -1816.0000000000
485 -1815.0000000000
486 -1814.0000000000
488 -1813.0000000000
490 -1811.0000000000
492 -1810.0000000000
495 -1809.0000000000
498 -1808.0000000000
505 -1806.0000000000
511 -1804.0000000000
512 -1803.0000000000
517 -1802.0000000000
519 -1801.0000000000
522 -1799.0000000000
523 -1797.0000000000
526 -1795.0000000000
527 -1794.0000000000
534 -1793.0000000000
536 -1791.0000000000
546 -1789.0000000000
552 -1787.0000000000
554 -1785.0000000000
556 -1784.0000000000
558 -1783.0000000000
559 -1782.0000000000
567 -1781.0000000000
571 -1780.0000000000
574 -1778.0000000000
576 -1777.0000000000
579 -1776.0000000000
580 -1775.0000000000
582 -1774.0000000000
585 -1773.0000000000
586 -1771.0000000000
588 -1770.0000000000
595 -1769.0000000000
601 -1768.0000000000
606 -1766.0000000000
607 -1764.0000000000
609 -1763.0000000000
622 -1762.0000000000
641 -1760.0000000000
643 -1759.0000000000
646 -1758.0000000000
650 -1757.0000000000
653 -1756.0000000000
654 -1755.0000000000
655 -1754.0000000000
660 -1753.0000000000
667 -1752.0000000000
668 -1751.0000000000
670 -1749.0000000000
674 -1748.0000000000
675 -1746.0000000000
680 -1745.0000000000
685 -1744.0000000000
686 -1743.0000000000
697 -1742.0000000000
699 -1741.0000000000
703 -1740.0000000000
709 -1739.0000000000
716 -1738.0000000000
720 -1737.0000000000
721 -1736.0000000000
722 -1735.0000000000
725 -1734.0000000000
729 -1732.0000000000
737 -1731.0000000000
740 -1730.0000000000
749 -1729.0000000000
753 -1728.0000000000
754 -1726.0000000000
755 -1725.0000000000
761 -1723.0000000000
771 -1721.0000000000
778 -1720.0000000000
781 -1719.0000000000
786 -1718.0000000000
789 -1717.0000000000
790 -1715.0000000000
792 -1714.0000000000
801 -1713.0000000000
803 -1712.0000000000
807 -1711.0000000000
815 -1710.0000000000
821 -1708.0000000000
831 -1707.0000000000
833 -1706.0000000000
843 -1705.0000000000
846 -1704.0000000000
847 -1703.0000000000
859 -1702.0000000000
861 -1701.0000000000
868 -1700.0000000000
869 -1699.0000000000
876 -1698.0000000000
878 -1697.0000000000
881 -1695.0000000000
883 -1693.0000000000
886 -1691.0000000000
888 -1689.0000000000
893 -1688.0000000000
896 -1687.0000000000
902 -1686.0000000000
904 -1684.0000000000
911 -1683.0000000000
915 -1682.0000000000
917 -1680.0000000000
923 -1679.0000000000
926 -1678.0000000000
928 -1677.0000000000
935 -1676.0000000000
940 -1675.0000000000
951 -1674.0000000000
952 -1672.0000000000
955 -1670.0000000000
960 -1669.0000000000
973 -1668.0000000000
975 -1666.0000000000
980 -1664.0000000000
983 -1662.0000000000
985 -1661.0000000000
988 -1660.0000000000
989 -1659.0000000000
999 -1658.0000000000
1002 -1657.0000000000
1003 -1656.0000000000
1004 -1655.0000000000
1005 -1654.0000000000
1007 -1653.0000000000
1012 -1652.0000000000
1017 -1651.0000000000
1021 -1650.0000000000
1022 -1648.0000000000
1023 -1647.0000000000
1024 -1646.0000000000
1029 -1645.0000000000
1030 -1643.0000000000
1032 -1642.0000000000
1037 -1641.0000000000
1039 -1640.0000000000
1050 -1639.0000000000
1056 -1637.0000000000
1061 -1634.0000000000
1069 -1633.0000000000
1071 -1632.0000000000
1077 -1631.0000000000
1079 -1630.0000000000
1084 -1629.0000000000
1087 -1628.0000000000
1096 -1627.0000000000
1098 -1625.0000000000
1099 -1622.0000000000
1101 -1621.0000000000
1103 -1620.0000000000
1105 -1619.0000000000
1113 -1618.0000000000
1115 -1616.0000000000
1117 -1615.0000000000
1120 -1613.0000000000
1123 -1612.0000000000
1127 -1611.0000000000
1128 -1610.0000000000
1138 -1609.0000000000
1141 -1608.0000000000
1142 -1607.0000000000
1147 -1606.0000000000
1150 -1604.0000000000
1153 -1603.0000000000
1156 -1602.0000000000
1162 -1600.0000000000
1173 -1599.0000000000
1174 -1598.0000000000
1175 -1597.0000000000
1176 -1596.0000000000
1180 -1595.0000000000
1186 -1594.0000000000
1188 -1593.0000000000
1192 -1592.0000000000
1196 -1590.0000000000
1204 -1589.0000000000
1205 -1588.0000000000
1207 -1587.0000000000
1216 -1585.0000000000
1220 -1584.0000000000
1225 -1583.0000000000
1229 -1582.0000000000
1230 -1581.0000000000
1234 -1580.0000000000
1238 -1579.0000000000
1242 -1578.0000000000
1246 -1577.0000000000
1247 -1576.0000000000
1250 -1575.0000000000
1254 -1572.0000000000
1256 -1571.0000000000
1259 -1570.0000000000
1260 -1569.0000000000
1262 -1568.0000000000
1266 -1567.0000000000
1270 -1565.0000000000
1275 -1564.0000000000
1279 -1563.0000000000
1285 -1562.0000000000
1295 -1561.0000000000
1296 -1559.0000000000
1299 -1558.0000000000
1301 -1557.0000000000
1305 -1555.0000000000
1313 -1553.0000000000
1315 -1552.0000000000
1324 -1551.0000000000
1326 -1550.0000000000
1335 -1549.0000000000
1341 -1548.0000000000
1350 -1547.0000000000
1351 -1545.0000000000
1357 -1544.0000000000
1358 -1543.0000000000
1366 -1542.0000000000
1374 -1541.0000000000
1379 -1539.0000000000
1380 -1538.0000000000
1385 -1537.0000000000
1386 -1536.0000000000
1391 -1535.0000000000
1392 -1534.0000000000
1395 -1532.0000000000
1404 -1531.0000000000
1405 -1530.0000000000
1407 -1529.0000000000
1409 -1528.0000000000
1410 -1527.0000000000
1417 -1526.0000000000
1418 -1525.0000000000
1424 -1524.0000000000
1425 -1523.0000000000
1428 -1522.0000000000
1443 -1521.0000000000
1445 -1520.0000000000
1453 -1519.0000000000
1462 -1518.0000000000
1467 -1516.0000000000
1477 -1515.0000000000
1480 -1514.0000000000
1486 -1513.0000000000
1495 -1512.0000000000
1496 -1510.0000000000
1497 -1509.0000000000
1498 -1507.0000000000
1502 -1506.0000000000
1507 -1505.0000000000
1508 -1504.0000000000
1509 -1501.0000000000
1510 -1500.0000000000
1517 -1499.0000000000
1523 -1498.0000000000
1531 -1497.0000000000
1537 -1496.0000000000
1541 -1495.0000000000
1543 -1494.0000000000
1545 -1493.0000000000
1562 -1492.0000000000
1566 -1491.0000000000
1570 -1490.0000000000
1571 -1489.0000000000
1572 -1488.0000000000
1579 -1487.0000000000
1590 -1486.0000000000
1595 -1485.0000000000
1603 -1484.0000000000
1609 -1482.0000000000
1614 -1480.0000000000
1616 -1478.0000000000
1627 -1476.0000000000
1630 -1475.0000000000
1632 -1474.0000000000
1634 -1472.0000000000
1646 -1471.0000000000
1651 -1470.0000000000
1659 -1469.0000000000
1660 -1467.0000000000
1661 -1466.0000000000
1664 -1464.0000000000
1665 -1463.0000000000
1667 -1462.0000000000
1673 -1461.0000000000
1676 -1460.0000000000
1682 -1459.0000000000
1686 -1458.0000000000
1695 -1457.0000000000
1703 -1456.0000000000
1705 -1455.0000000000
1706 -1452.0000000000
1714 -1451.0000000000
1717 -1450.0000000000
1722 -1449.0000000000
1729 -1446.0000000000
1737 -1445.0000000000
1741 -1444.0000000000
1743 -1443.0000000000
1750 -1442.0000000000
1751 -1441.0000000000
1756 -1440.0000000000
1766 -1439.0000000000
1770 -1438.0000000000
1772 -1436.0000000000
1773 -1435.0000000000
1780 -1434.0000000000
1784 -1433.0000000000
1791 -1431.0000000000
1792 -1430.0000000000
1793 -1429.0000000000
1794 -1428.0000000000
1796 -1427.0000000000
1808 -1426.0000000000
1809 -1425.0000000000
1812 -1424.0000000000
1813 -1423.0000000000
1816 -1422.0000000000
1820 -1421.0000000000
1826 -1420.0000000000
1827 -1419.0000000000
1838 -1418.0000000000
1839 -1417.0000000000
1840 -1416.0000000000
1844 -1415.0000000000
1846 -1414.0000000000
1848 -1413.0000000000
1853 -1412.0000000000
1854 -1411.0000000000
1857 -1410.0000000000
1858 -1409.0000000000
1863 -1408.0000000000
1865 -1407.0000000000
1874 -1406.0000000000
1876 -1404.0000000000
1879 -1401.0000000000
1884 -1400.0000000000
1888 -1399.0000000000
1891 -1397.0000000000
1896 -1395.0000000000
1914 -1394.0000000000
1916 -1393.0000000000
1927 -1392.0000000000
1937 -1391.0000000000
1938 -1390.0000000000
1950 -1389.0000000000
1951 -1388.0000000000
1981 -1387.0000000000
1994 -1384.0000000000
1995 -1383.0000000000
1998 -1381.0000000000
2005 -1380.0000000000
2011 -1379.0000000000
2018 -1378.0000000000
2023 -1377.0000000000
2026 -1376.0000000000
2030 -1375.0000000000
2038 -1374.0000000000
2044 -1372.0000000000
2048 -1371.0000000000
2070 -1370.0000000000
2078 -1369.0000000000
2079 -1368.0000000000
2081 -1366.0000000000
2084 -1365.0000000000
2095 -1364.0000000000
2099 -1363.0000000000
2100 -1362.0000000000
2107 -1360.0000000000
2111 -1359.0000000000
2113 -1358.0000000000
2117 -1357.0000000000
2122 -1356.0000000000
2130 -1354.0000000000
2141 -1352.0000000000
2146 -1350.0000000000
2149 -1349.0000000000
2157 -1348.0000000000
2158 -1347.0000000000
2159 -1346.0000000000
2169 -1344.0000000000
2180 -1343.0000000000
2200 -1342.0000000000
2208 -1341.0000000000
2209 -1340.0000000000
2214 -1339.0000000000
2222 -1338.0000000000
2224 -1337.0000000000
2232 -1335.0000000000
2234 -1334.0000000000
2238 -1333.0000000000
2244 -1332.0000000000
2257 -1330.0000000000
2265 -1329.0000000000
2266 -1328.0000000000
2275 -1327.0000000000
2280 -1326.0000000000
2298 -1324.0000000000
2300 -1323.0000000000
2310 -1322.0000000000
2316 -1321.0000000000
2318 -1320.0000000000
2337 -1319.0000000000
2353 -1316.0000000000
2357 -1315.0000000000
2365 -1314.0000000000
2370 -1313.0000000000
2381 -1312.0000000000
2391 -1310.0000000000
2400 -1308.0000000000
2412 -1306.0000000000
2417 -1305.0000000000
2429 -1303.0000000000
2432 -1302.0000000000
2436 -1300.0000000000
2439 -1299.0000000000
2441 -1298.0000000000
2450 -1297.0000000000
2459 -1296.0000000000
2462 -1295.0000000000
2467 -1294.0000000000
2477 -1293.0000000000
2480 -1292.0000000000
2481 -1291.0000000000
2488 -1290.0000000000
2492 -1289.0000000000
2493 -1288.0000000000
2497 -1287.0000000000
2500 -1286.0000000000
2516 -1285.0000000000
2528 -1284.0000000000
2544 -1283.0000000000
2546 -1282.0000000000
2558 -1281.0000000000
2560 -1280.0000000000
2593 -1277.0000000000
2601 -1276.0000000000
2602 -1274.0000000000
2603 -1273.0000000000
2604 -1272.0000000000
2605 -1270.0000000000
2606 -1269.0000000000
2607 -1268.0000000000
2618 -1266.0000000000
2624 -1264.0000000000
2627 -1263.0000000000
2629 -1262.0000000000
2631 -1261.0000000000
2634 -1260.0000000000
2639 -1259.0000000000
2642 -1258.0000000000
2647 -1257.0000000000
2659 -1255.0000000000
2660 -1254.0000000000
2661 -1253.0000000000
2665 -1251.0000000000
2673 -1250.0000000000
2685 -1249.0000000000
2687 -1248.0000000000
2691 -1247.0000000000
2692 -1246.0000000000
2697 -1245.0000000000
2698 -1244.0000000000
2701 -1243.0000000000
2704 -1242.0000000000
2706 -1241.0000000000
2709 -1240.0000000000
2712 -1239.0000000000
2722 -1238.0000000000
2727 -1237.0000000000
2737 -1235.0000000000
2757 -1234.0000000000
2762 -1233.0000000000
2767 -1232.0000000000
2788 -1231.0000000000
2799 -1230.0000000000
2810 -1229.0000000000
2813 -1226.0000000000
2814 -1225.0000000000
2824 -1224.0000000000
2841 -1223.0000000000
2866 -1222.0000000000
2871 -1221.0000000000
2885 -1220.0000000000
2893 -1219.0000000000
2899 -1216.0000000000
2904 -1215.0000000000
2911 -1214.0000000000
2916 -1213.0000000000
2917 -1212.0000000000
2921 -1211.0000000000
2928 -1210.0000000000
2930 -1209.0000000000
2935 -1208.0000000000
2943 -1207.0000000000
2952 -1206.0000000000
2955 -1205.0000000000
2958 -1204.0000000000
2960 -1203.0000000000
2962 -1202.0000000000
2964 -1201.0000000000
2976 -1200.0000000000
2983 -1199.0000000000
2992 -1198.0000000000
2999 -1197.0000000000
3014 -1196.0000000000
3020 -1195.0000000000
3021 -1194.0000000000
3029 -1193.0000000000
3033 -1192.0000000000
3034 -1191.0000000000
3036 -1190.0000000000
3043 -1188.0000000000
3048 -1186.0000000000
3051 -1185.0000000000
3062 -1184.0000000000
3085 -1183.0000000000
3087 -1182.0000000000
3093 -1181.0000000000
3095 -1180.0000000000
3108 -1179.0000000000
3118 -1178.0000000000
3130 -1177.0000000000
3146 -1176.0000000000
3155 -1175.0000000000
3158 -1174.0000000000
3162 -1173.0000000000
3168 -1172.0000000000
3169 -1169.0000000000
3173 -1168.0000000000
3181 -1167.0000000000
3186 -1166.0000000000
3210 -1165.0000000000
3236 -1163.0000000000
3247 -1162.0000000000
3248 -1161.0000000000
3256 -1160.0000000000
3273 -1159.0000000000
3278 -1157.0000000000
3279 -1156.0000000000
3293 -1155.0000000000
3300 -1154.0000000000
3301 -1153.0000000000
3305 -1152.0000000000
3318 -1151.0000000000
3319 -1150.0000000000
3325 -1149.0000000000
3327 -1148.0000000000
3330 -1146.0000000000
3335 -1145.0000000000
3336 -1144.0000000000
3350 -1143.0000000000
3355 -1142.0000000000
3357 -1141.0000000000
3367 -1140.0000000000
3369 -1139.0000000000
3374 -1137.0000000000
3375 -1136.0000000000
3376 -1135.0000000000
3379 -1134.0000000000
3389 -1133.0000000000
3399 -1132.0000000000
3408 -1131.0000000000
3411 -1130.0000000000
3415 -1129.0000000000
3422 -1128.0000000000
3439 -1127.0000000000
3443 -1126.0000000000
3444 -1125.0000000000
3445 -1124.0000000000
3461 -1123.0000000000
3464 -1122.0000000000
3465 -1121.0000000000
3475 -1120.0000000000
3505 -1119.0000000000
3516 -1118.0000000000
3538 -1117.0000000000
3549 -1116.0000000000
3565 -1115.0000000000
3569 -1114.0000000000
3573 -1113.0000000000
3582 -1112.0000000000
3583 -1111.0000000000
3604 -1110.0000000000
3611 -1109.0000000000
3615 -1107.0000000000
3629 -1106.0000000000
3642 -1104.0000000000
3649 -1102.0000000000
3656 -1101.0000000000
3663 -1100.0000000000
3675 -1099.0000000000
3681 -1098.0000000000
3687 -1097.0000000000
3694 -1096.0000000000
3710 -1095.0000000000
3714 -1094.0000000000
3721 -1093.0000000000
3722 -1092.0000000000
3726 -1090.0000000000
3737 -1089.0000000000
3738 -1088.0000000000
3742 -1087.0000000000
3744 -1086.0000000000
3755 -1085.0000000000
3761 -1084.0000000000
3772 -1083.0000000000
3777 -1081.0000000000
3808 -1080.0000000000
3832 -1079.0000000000
3833 -1078.0000000000
3835 -1077.0000000000
3844 -1076.0000000000
3845 -1075.0000000000
3847 -1074.0000000000
3848 -1073.0000000000
3852 -1072.0000000000
3858 -1071.0000000000
3863 -1070.0000000000
3864 -1069.0000000000
3871 -1068.0000000000
3880 -1067.0000000000
3883 -1066.0000000000
3889 -1065.0000000000
3890 -1064.0000000000
3903 -1061.0000000000
3906 -1060.0000000000
3913 -1058.0000000000
3918 -1057.0000000000
3920 -1056.0000000000
3921 -1055.0000000000
3928 -1054.0000000000
3935 -1053.0000000000
3936 -1052.0000000000
3940 -1051.0000000000
3941 -1050.0000000000
3945 -1048.0000000000
3946 -1046.0000000000
3949 -1044.0000000000
3955 -1043.0000000000
3957 -1042.0000000000
3959 -1040.0000000000
3965 -1039.0000000000
3978 -1037.0000000000
3980 -1036.0000000000
3981 -1034.0000000000
3985 -1033.0000000000
3991 -1032.0000000000
3995 -1031.0000000000
3996 -1030.0000000000
4023 -1029.0000000000
4034 -1028.0000000000
4061 -1027.0000000000
4064 -1026.0000000000
4066 -1025.0000000000
4068 -1024.0000000000
4079 -1023.0000000000
4091 -1021.0000000000
4092 -1019.0000000000
4103 -1017.0000000000
4111 -1016.0000000000
4115 -1015.0000000000
4118 -1014.0000000000
4121 -1013.0000000000
4127 -1011.0000000000
4141 -1010.0000000000
4148 -1008.0000000000
4149 -1007.0000000000
4164 -1004.0000000000
4176 -1003.0000000000
4180 -1002.0000000000
4185 -1001.0000000000
4189 -1000.0000000000
4194 -998.0000000000
4201 -997.0000000000
4213 -996.0000000000
4220 -995.0000000000
4225 -994.0000000000
4235 -993.0000000000
4238 -992.0000000000
4240 -991.0000000000
4241 -990.0000000000
4271 -989.0000000000
4279 -986.0000000000
4300 -984.0000000000
4311 -983.0000000000
4312 -982.0000000000
4313 -981.0000000000
4314 -980.0000000000
4316 -979.0000000000
4317 -978.0000000000
4319 -977.0000000000
4320 -976.0000000000
4333 -973.0000000000
4335 -972.0000000000
4348 -971.0000000000
4358 -970.0000000000
4360 -969.0000000000
4370 -968.0000000000
4401 -967.0000000000
4418 -965.0000000000
4428 -964.0000000000
4435 -963.0000000000
4442 -962.0000000000
4455 -961.0000000000
4467 -959.0000000000
4478 -958.0000000000
4491 -957.0000000000
4503 -956.0000000000
4516 -955.0000000000
4523 -954.0000000000
4526 -952.0000000000
4532 -951.0000000000
4541 -950.0000000000
4549 -949.0000000000
4556 -948.0000000000
4557 -946.0000000000
4558 -945.0000000000
4570 -944.0000000000
4589 -943.0000000000
4596 -942.0000000000
4602 -941.0000000000
4612 -940.0000000000
4630 -939.0000000000
4657 -937.0000000000
4673 -936.0000000000
4674 -935.0000000000
4694 -933.0000000000
4697 -932.0000000000
4699 -931.0000000000
4707 -930.0000000000
4747 -929.0000000000
4748 -928.0000000000
4764 -927.0000000000
4770 -926.0000000000
4776 -925.0000000000
4781 -924.0000000000
4790 -923.0000000000
4803 -921.0000000000
4809 -920.0000000000
4813 -919.0000000000
4824 -918.0000000000
4837 -917.0000000000
4839 -914.0000000000
4840 -913.0000000000
4847 -912.0000000000
4850 -911.0000000000
4851 -910.0000000000
4871 -908.0000000000
4879 -907.0000000000
4895 -906.0000000000
4900 -905.0000000000
4913 -904.0000000000
4920 -903.0000000000
4925 -901.0000000000
4926 -900.0000000000
4931 -899.0000000000
4944 -897.0000000000
4949 -896.0000000000
4957 -895.0000000000
4974 -894.0000000000
4978 -893.0000000000
4996 -892.0000000000
5002 -890.0000000000
5003 -889.0000000000
5017 -888.0000000000
5028 -887.0000000000
5038 -886.0000000000
5043 -884.0000000000
5050 -883.0000000000
5052 -881.0000000000
5063 -880.0000000000
5067 -879.0000000000
5074 -878.0000000000
5083 -877.0000000000
5111 -875.0000000000
5125 -874.0000000000
5128 -873.0000000000
5140 -872.0000000000
5146 -871.0000000000
5155 -870.0000000000
5157 -869.0000000000
5158 -868.0000000000
5161 -867.0000000000
5174 -866.0000000000
5205 -865.0000000000
5206 -864.0000000000
5214 -863.0000000000
5216 -862.0000000000
5242 -861.0000000000
5249 -860.0000000000
5250 -859.0000000000
5257 -858.0000000000
5269 -857.0000000000
5276 -855.0000000000
5277 -854.0000000000
5284 -853.0000000000
5288 -852.0000000000
5294 -851.0000000000
5300 -850.0000000000
5303 -849.0000000000
5304 -848.0000000000
5309 -847.0000000000
5324 -846.0000000000
5326 -845.0000000000
5339 -844.0000000000
5340 -843.0000000000
5344 -842.0000000000
5359 -841.0000000000
5361 -840.0000000000
5369 -839.0000000000
5373 -838.0000000000
5383 -837.0000000000
5391 -836.0000000000
5393 -835.0000000000
5395 -834.0000000000
5397 -832.0000000000
5398 -831.0000000000
5410 -829.0000000000
5433 -828.0000000000
5439 -827.0000000000
5445 -826.0000000000
5454 -825.0000000000
5462 -824.0000000000
5488 -823.0000000000
5503 -822.0000000000
5514 -820.0000000000
5531 -819.0000000000
5547 -818.0000000000
5548 -817.0000000000
5564 -816.0000000000
5571 -815.0000000000
5572 -814.0000000000
5586 -813.0000000000
5589 -812.0000000000
5600 -811.0000000000
5616 -810.0000000000
5647 -809.0000000000
5657 -808.0000000000
5659 -807.0000000000
5662 -806.0000000000
5669 -805.0000000000
5676 -804.0000000000
5686 -803.0000000000
5700 -802.0000000000
5702 -801.0000000000
5715 -800.0000000000
5734 -799.0000000000
5755 -798.0000000000
5779 -797.0000000000
5782 -795.0000000000
5783 -794.0000000000
5784 -793.0000000000
5804 -792.0000000000
5816 -791.0000000000
5826 -790.0000000000
5835 -789.0000000000
5847 -787.0000000000
5860 -786.0000000000
5870 -785.0000000000
5877 -783.0000000000
5888 -782.0000000000
5894 -781.0000000000
5898 -780.0000000000
5905 -779.0000000000
5916 -778.0000000000
5917 -777.0000000000
5927 -775.0000000000
5944 -774.0000000000
5960 -773.0000000000
5965 -771.0000000000
5967 -770.0000000000
5975 -769.0000000000
5984 -768.0000000000
5991 -767.0000000000
6002 -766.0000000000
6012 -764.0000000000
6017 -763.0000000000
6018 -762.0000000000
6046 -761.0000000000
6066 -760.0000000000
6101 -759.0000000000
6135 -758.0000000000
6149 -757.0000000000
6154 -756.0000000000
6162 -755.0000000000
6164 -754.0000000000
6194 -753.0000000000
6211 -752.0000000000
6234 -751.0000000000
6239 -750.0000000000
6243 -748.0000000000
6250 -747.0000000000
6261 -746.0000000000
6273 -744.0000000000
6277 -743.0000000000
6291 -742.0000000000
6301 -741.0000000000
6309 -740.0000000000
6324 -739.0000000000
6336 -738.0000000000
6341 -737.0000000000
6349 -734.0000000000
6353 -733.0000000000
6369 -732.0000000000
6372 -731.0000000000
6373 -730.0000000000
6403 -729.0000000000
6411 -728.0000000000
6413 -727.0000000000
6423 -726.0000000000
6431 -725.0000000000
6449 -724.0000000000
6451 -723.0000000000
6456 -722.0000000000
6459 -721.0000000000
6465 -720.0000000000
6530 -719.0000000000
6534 -718.0000000000
6558 -717.0000000000
6562 -716.0000000000
6566 -715.0000000000
6576 -714.0000000000
6580 -713.0000000000
6594 -712.0000000000
6599 -711.0000000000
6633 -710.0000000000
6641 -709.0000000000
6655 -708.0000000000
6671 -707.0000000000
6701 -706.0000000000
6716 -705.0000000000
6745 -704.0000000000
6747 -703.0000000000
6775 -702.0000000000
6781 -701.0000000000
6786 -699.0000000000
6805 -698.0000000000
6809 -697.0000000000
6821 -696.0000000000
6824 -695.0000000000
6852 -693.0000000000
6858 -692.0000000000
6862 -691.0000000000
6868 -690.0000000000
6881 -689.0000000000
6883 -688.0000000000
6897 -687.0000000000
6898 -686.0000000000
6907 -685.0000000000
6914 -684.0000000000
6947 -683.0000000000
6973 -682.0000000000
6976 -681.0000000000
6978 -680.0000000000
6984 -679.0000000000
6990 -678.0000000000
6999 -677.0000000000
7006 -676.0000000000
7020 -675.0000000000
7029 -674.0000000000
7035 -673.0000000000
7049 -672.0000000000
7100 -671.0000000000
7103 -670.0000000000
7105 -669.0000000000
7109 -668.0000000000
7111 -667.0000000000
7119 -666.0000000000
7123 -665.0000000000
7140 -664.0000000000
7149 -662.0000000000
7150 -661.0000000000
7168 -660.0000000000
7201 -659.0000000000
7210 -658.0000000000
7212 -657.0000000000
7218 -656.0000000000
7223 -655.0000000000
7225 -654.0000000000
7234 -653.0000000000
7244 -652.0000000000
7252 -651.0000000000
7266 -650.0000000000
7278 -649.0000000000
7283 -648.0000000000
7285 -647.0000000000
7292 -646.0000000000
7294 -645.0000000000
7300 -644.0000000000
7329 -642.0000000000
7349 -641.0000000000
7397 -640.0000000000
7403 -639.0000000000
7409 -638.0000000000
7414 -637.0000000000
7419 -636.0000000000
7438 -635.0000000000
7440 -633.0000000000
7447 -632.0000000000
7475 -631.0000000000
7489 -630.0000000000
7491 -629.0000000000
7503 -628.0000000000
7515 -627.0000000000
7524 -626.0000000000
7528 -625.0000000000
7534 -624.0000000000
7582 -623.0000000000
7590 -622.0000000000
7613 -621.0000000000
7615 -620.0000000000
7640 -619.0000000000
7649 -617.0000000000
7650 -615.0000000000
7654 -614.0000000000
7662 -613.0000000000
7681 -612.0000000000
7693 -611.0000000000
7696 -610.0000000000
7739 -609.0000000000
7743 -608.0000000000
7760 -606.0000000000
7771 -605.0000000000
7778 -604.0000000000
7787 -603.0000000000
7808 -602.0000000000
7835 -601.0000000000
7846 -600.0000000000
7848 -599.0000000000
7849 -598.0000000000
7878 -597.0000000000
7911 -596.0000000000
7918 -595.0000000000
7936 -594.0000000000
7938 -593.0000000000
7941 -592.0000000000
7955 -591.0000000000
7961 -590.0000000000
7966 -589.0000000000
7972 -587.0000000000
7984 -586.0000000000
7987 -585.0000000000
7988 -583.0000000000
8054 -582.0000000000
8060 -581.0000000000
8065 -580.0000000000
8068 -579.0000000000
8075 -577.0000000000
8076 -576.0000000000
8090 -575.0000000000
8095 -574.0000000000
8123 -573.0000000000
8147 -572.0000000000
8163 -571.0000000000
8166 -570.0000000000
8168 -569.0000000000
8182 -568.0000000000
8191 -567.0000000000
8194 -566.0000000000
8209 -565.0000000000
8244 -564.0000000000
8253 -562.0000000000
8258 -561.0000000000
8317 -560.0000000000
8329 -559.0000000000
8361 -558.0000000000
8396 -557.0000000000
8419 -556.0000000000
8421 -555.0000000000
8429 -554.0000000000
8438 -553.0000000000
8449 -552.0000000000
8454 -551.0000000000
8462 -550.0000000000
8469 -549.0000000000
8475 -548.0000000000
8498 -547.0000000000
8510 -546.0000000000
8519 -545.0000000000
8553 -544.0000000000
8581 -543.0000000000
8596 -541.0000000000
8616 -540.0000000000
8630 -539.0000000000
8645 -538.0000000000
8681 -537.0000000000
8682 -535.0000000000
8684 -534.0000000000
8685 -533.0000000000
8708 -532.0000000000
8719 -531.0000000000
8733 -530.0000000000
8790 -529.0000000000
8802 -528.0000000000
8811 -527.0000000000
8822 -526.0000000000
8856 -525.0000000000
8863 -524.0000000000
8865 -523.0000000000
8907 -522.0000000000
8911 -521.0000000000
8928 -520.0000000000
8940 -519.0000000000
8943 -518.0000000000
8944 -517.0000000000
8953 -516.0000000000
8958 -515.0000000000
8993 -514.0000000000
9030 -513.0000000000
9034 -512.0000000000
9041 -511.0000000000
9064 -510.0000000000
9099 -509.0000000000
9107 -508.0000000000
9140 -507.0000000000
9186 -506.0000000000
9193 -505.0000000000
9217 -504.0000000000
9242 -503.0000000000
9313 -502.0000000000
9315 -501.0000000000
9332 -500.0000000000
9356 -499.0000000000
9366 -498.0000000000
9399 -496.0000000000
9433 -495.0000000000
9448 -494.0000000000
9461 -493.0000000000
9478 -492.0000000000
9499 -491.0000000000
9500 -490.0000000000
9530 -489.0000000000
9547 -488.0000000000
9594 -487.0000000000
9607 -486.0000000000
9633 -485.0000000000
9687 -484.0000000000
9691 -483.0000000000
9734 -482.0000000000
9738 -481.0000000000
9740 -480.0000000000
9754 -479.0000000000
9755 -478.0000000000
9772 -477.0000000000
9799 -476.0000000000
9804 -475.0000000000
9819 -474.0000000000
9821 -473.0000000000
9864 -472.0000000000
9893 -471.0000000000
9895 -470.0000000000
9923 -469.0000000000
9924 -468.0000000000
9931 -467.0000000000
9958 -466.0000000000
9961 -465.0000000000
9967 -464.0000000000
9968 -463.0000000000
9984 -462.0000000000
9990 -461.0000000000
10000 -461.0000000000
evaluations raw_y
1 -1940.0000000000
5 -1939.0000000000
8 -1936.0000000000
12 -1935.0000000000
16 -1934.0000000000
20 -1932.0000000000
21 -1931.0000000000
23 -1930.0000000000
24 -1929.0000000000
27 -1928.0000000000
29 -1927.0000000000
31 -1926.0000000000
32 -1925.0000000000
34 -1923.0000000000
35 -1921.0000000000
42 -1920.0000000000
45 -1919.0000000000
46 -1918.0000000000
48 -1917.0000000000
49 -1916.0000000000
52 -1915.0000000000
53 -1914.0000000000
58 -1913.0000000000
63 -1912.0000000000
66 -1911.0000000000
71 -1909.0000000000
72 -1908.0000000000
73 -1907.0000000000
87 -1906.0000000000
88 -1905.0000000000
90 -1904.0000000000
92 -1903.0000000000
97 -1902.0000000000
102 -1901.0000000000
104 -1899.0000000000
105 -1898.0000000000
110 -1897.0000000000
111 -1896.0000000000
112 -1895.0000000000
113 -1894.0000000000
115 -1893.0000000000
122 -1892.0000000000
123 -1890.0000000000
126 -1889.0000000000
132 -1888.0000000000
139 -1887.0000000000
142 -1886.0000000000
143 -1885.0000000000
144 -1884.0000000000
150 -1883.0000000000
154 -1882.0000000000
157 -1881.0000000000
159 -1880.0000000000
162 -1879.0000000000
167 -1878.0000000000
172 -1877.0000000000
173 -1876.0000000000
182 -1875.0000000000
184 -1874.0000000000
189 -1873.0000000000
193 -1872.0000000000
198 -1871.0000000000
204 -1870.0000000000
209 -1869.0000000000
211 -1867.0000000000
214 -1866.0000000000
215 -1865.0000000000
219 -1864.0000000000
222 -1863.0000000000
225 -1862.0000000000
231 -1861.0000000000
232 -1859.0000000000
235 -1857.0000000000
237 -1854.0000000000
242 -1853.0000000000
244 -1852.0000000000
252 -1850.0000000000
258 -1849.0000000000
261 -1848.0000000000
262 -1847.0000000000
267 -1846.0000000000
269 -1843.0000000000
276 -1841.0000000000
280 -1840.0000000000
289 -1839.0000000000
293 -1838.0000000000
298 -1837.0000000000
301 -1835.0000000000
303 -1834.0000000000
311 -1833.0000000000
314 -1832.0000000000
315 -1831.0000000000
316 -1830.0000000000
321 -1829.0000000000
324 -1828.0000000000
331 -1826.0000000000
341 -1825.0000000000
342 -1823.0000000000
345 -1822.0000000000
346 -1821.0000000000
354 -1819.0000000000
356 -1818.0000000000
359 -1817.0000000000
360 -1814.0000000000
362 -1813.0000000000
364 -1812.0000000000
367 -1811.0000000000
370 -1810.0000000000
376 -1809.0000000000
379 -1808.0000000000
381 -1807.0000000000
385 -1806.0000000000
390 -1805.0000000000
397 -1804.0000000000
406 -1803.0000000000
408 -1802.0000000000
409 -1801.0000000000
414 -1800.0000000000
418 -1799.0000000000
421 -1798.0000000000
424 -1797.0000000000
427 -1796.0000000000
433 -1795.0000000000
435 -1792.0000000000
438 -1791.0000000000
439 -1790.0000000000
440 -1789.0000000000
442 -1788.0000000000
443 -1786.0000000000
444 -1785.0000000000
446 -1784.0000000000
450 -1783.0000000000
451 -1782.0000000000
453 -1781.0000000000
454 -1780.0000000000
455 -1779.0000000000
458 -1778.0000000000
460 -1777.0000000000
461 -1775.0000000000
463 -1774.0000000000
464 -1773.0000000000
471 -1772.0000000000
475 -1771.0000000000
478 -1770.0000000000
480 -1769.0000000000
482 -1768.0000000000
486 -1767.0000000000
487 -1766.0000000000
490 -1765.0000000000
500 -1764.0000000000
505 -1762.0000000000
515 -1761.0000000000
521 -1758.0000000000
522 -1757.0000000000
523 -1756.0000000000
524 -1754.0000000000
531 -1753.0000000000
534 -1751.0000000000
540 -1749.0000000000
549 -1747.0000000000
551 -1746.0000000000
553 -1745.0000000000
561 -1744.0000000000
562 -1742.0000000000
576 -1741.0000000000
582 -1740.0000000000
583 -1739.0000000000
604 -1737.0000000000
605 -1736.0000000000
606 -1734.0000000000
610 -1733.0000000000
611 -1732.0000000000
613 -1731.0000000000
614 -1730.0000000000
618 -1729.0000000000
619 -1728.0000000000
622 -1727.0000000000
623 -1726.0000000000
631 -1725.0000000000
633 -1724.0000000000
641 -1723.0000000000
645 -1721.0000000000
646 -1719.0000000000
648 -1716.0000000000
655 -1715.0000000000
656 -1714.0000000000
659 -1713.0000000000
674 -1711.0000000000
676 -1709.0000000000
677 -1708.0000000000
679 -1707.0000000000
684 -1706.0000000000
688 -1705.0000000000
690 -1704.0000000000
695 -1703.0000000000
707 -1702.0000000000
708 -1701.0000000000
711 -1700.0000000000
712 -1699.0000000000
713 -1698.0000000000
715 -1697.0000000000
716 -1696.0000000000
721 -1695.0000000000
722 -1694.0000000000
724 -1693.0000000000
726 -1692.0000000000
727 -1691.0000000000
731 -1689.0000000000
736 -1688.0000000000
738 -1687.0000000000
751 -1684.0000000000
753 -1683.0000000000
755 -1682.0000000000
757 -1681.0000000000
758 -1680.0000000000
762 -1679.0000000000
764 -1678.0000000000
767 -1676.0000000000
770 -1675.0000000000
774 -1674.0000000000
777 -1673.0000000000
779 -1672.0000000000
780 -1671.0000000000
785 -1670.0000000000
786 -1668.0000000000
788 -1667.0000000000
800 -1665.0000000000
804 -1664.0000000000
807 -1663.0000000000
815 -1662.0000000000
818 -1661.0000000000
822 -1660.0000000000
838 -1659.0000000000
839 -1656.0000000000
841 -1655.0000000000
851 -1653.0000000000
858 -1652.0000000000
860 -1651.0000000000
861 -1650.0000000000
864 -1649.0000000000
867 -1648.0000000000
876 -1647.0000000000
885 -1646.0000000000
889 -1645.0000000000
893 -1644.0000000000
896 -1643.0000000000
905 -1642.0000000000
907 -1641.0000000000
916 -1640.0000000000
917 -1639.0000000000
924 -1637.0000000000
930 -1636.0000000000
931 -1635.0000000000
933 -1633.0000000000
935 -1631.0000000000
936 -1629.0000000000
943 -1626.0000000000
946 -1624.0000000000
948 -1623.0000000000
950 -1622.0000000000
951 -1621.0000000000
954 -1620.0000000000
967 -1619.0000000000
968 -1618.0000000000
974 -1616.0000000000
977 -1615.0000000000
978 -1614.0000000000
986 -1613.0000000000
991 -1612.0000000000
998 -1611.0000000000
1005 -1608.0000000000
1007 -1607.0000000000
1008 -1606.0000000000
1009 -1605.0000000000
1019 -1604.0000000000
1054 -1602.0000000000
1057 -1601.0000000000
1058 -1600.0000000000
1061 -1598.0000000000
1068 -1597.0000000000
1077 -1596.0000000000
1079 -1595.0000000000
1081 -1594.0000000000
1086 -1593.0000000000
1089 -1592.0000000000
1092 -1591.0000000000
1107 -1589.0000000000
1108 -1587.0000000000
1119 -1586.0000000000
1120 -1585.0000000000
1121 -1583.0000000000
1130 -1582.0000000000
1131 -1581.0000000000
1133 -1580.0000000000
1135 -1578.0000000000
1136 -1577.0000000000
1142 -1576.0000000000
1144 -1575.0000000000
1153 -1573.0000000000
1154 -1571.0000000000
1163 -1570.0000000000
1181 -1569.0000000000
1185 -1568.0000000000
1186 -1567.0000000000
1188 -1566.0000000000
1191 -1565.0000000000
1192 -1564.0000000000
1200 -1563.0000000000
1203 -1562.0000000000
1205 -1561.0000000000
1207 -1560.0000000000
1213 -1559.0000000000
1218 -1558.0000000000
1231 -1556.0000000000
1241 -1555.0000000000
1244 -1553.0000000000
1253 -1552.0000000000
1262 -1551.0000000000
1271 -1550.0000000000
1275 -1549.0000000000
1280 -1547.0000000000
1281 -1546.0000000000
1287 -1545.0000000000
1293 -1544.0000000000
1307 -1543.0000000000
1315 -1542.0000000000
1324 -1540.0000000000
1331 -1539.0000000000
1334 -1538.0000000000
1339 -1537.0000000000
1340 -1536.0000000000
1341 -1535.0000000000
1347 -1534.0000000000
1348 -1533.0000000000
1355 -1532.0000000000
1359 -1530.0000000000
1360 -1529.0000000000
1363 -1527.0000000000
1367 -1526.0000000000
1369 -1524.0000000000
1377 -1523.0000000000
1384 -1522.0000000000
1393 -1521.0000000000
1394 -1520.0000000000
1399 -1519.0000000000
1400 -1518.0000000000
1401 -1517.0000000000
1403 -1515.0000000000
1409 -1513.0000000000
1413 -1512.0000000000
1425 -1511.0000000000
1426 -1510.0000000000
1436 -1509.0000000000
1441 -1508.0000000000
1454 -1507.0000000000
1455 -1506.0000000000
1462 -1505.0000000000
1464 -1504.0000000000
1470 -1503.0000000000
1472 -1502.0000000000
1499 -1500.0000000000
1506 -1498.0000000000
1507 -1497.0000000000
1518 -1496.0000000000
1519 -1495.0000000000
1525 -1494.0000000000
1528 -1493.0000000000
1535 -1492.0000000000
1547 -1490.0000000000
1552 -1489.0000000000
1561 -1488.0000000000
1562 -1487.0000000000
1567 -1486.0000000000
1579 -1485.0000000000
1581 -1484.0000000000
1587 -1483.0000000000
1597 -1481.0000000000
1599 -1479.0000000000
1600 -1478.0000000000
1602 -1477.0000000000
1609 -1476.0000000000
1614 -1475.0000000000
1625 -1474.0000000000
1626 -1473.0000000000
1629 -1472.0000000000
1631 -1471.0000000000
1632 -1470.0000000000
1643 -1469.0000000000
1647 -1468.0000000000
1651 -1467.0000000000
1657 -1464.0000000000
1658 -1463.0000000000
1661 -1462.0000000000
1665 -1461.0000000000
1677 -1460.0000000000
1686 -1459.0000000000
1687 -1458.0000000000
1693 -1457.0000000000
1695 -1456.0000000000
1701 -1455.0000000000
1702 -1454.0000000000
1707 -1453.0000000000
1708 -1452.0000000000
1711 -1451.0000000000
1719 -1450.0000000000
1729 -1449.0000000000
1738 -1447.0000000000
1743 -1446.0000000000
1750 -1445.0000000000
1752 -1444.0000000000
1755 -1443.0000000000
1758 -1442.0000000000
1760 -1441.0000000000
1775 -1440.0000000000
1777 -1439.0000000000
1787 -1438.0000000000
1793 -1437.0000000000
1798 -1436.0000000000
1800 -1435.0000000000
1809 -1434.0000000000
1822 -1433.0000000000
1823 -1432.0000000000
1824 -1431.0000000000
1827 -1430.0000000000
1831 -1429.0000000000
1834 -1428.0000000000
1836 -1426.0000000000
1842 -1425.0000000000
1844 -1423.0000000000
1853 -1422.0000000000
1854 -1420.0000000000
1858 -1419.0000000000
1859 -1417.0000000000
1860 -1416.0000000000
1863 -1415.0000000000
1868 -1414.0000000000
1880 -1413.0000000000
1890 -1412.0000000000
1899 -1411.0000000000
1901 -1410.0000000000
1908 -1409.0000000000
1910 -1408.0000000000
1917 -1407.0000000000
1919 -1406.0000000000
1923 -1405.0000000000
1941 -1403.0000000000
1944 -1402.0000000000
1950 -1401.0000000000
1954 -1400.0000000000
1956 -1399.0000000000
1957 -1397.0000000000
1970 -1396.0000000000
1973 -1395.0000000000
1984 -1394.0000000000
1986 -1393.0000000000
1988 -1392.0000000000
1996 -1391.0000000000
2008 -1389.0000000000
2009 -1388.0000000000
2014 -1387.0000000000
2024 -1386.0000000000
2027 -1385.0000000000
2029 -1383.0000000000
2037 -1381.0000000000
2038 -1380.0000000000
2039 -1379.0000000000
2040 -1378.0000000000
2048 -1377.0000000000
2054 -1374.0000000000
2058 -1373.0000000000
2064 -1370.0000000000
2069 -1369.0000000000
2078 -1367.0000000000
2079 -1366.0000000000
2080 -1365.0000000000
2083 -1364.0000000000
2084 -1363.0000000000
2085 -1362.0000000000
2098 -1361.0000000000
2100 -1360.0000000000
2104 -1359.0000000000
2106 -1358.0000000000
2107 -1356.0000000000
2116 -1355.0000000000
2120 -1353.0000000000
2133 -1352.0000000000
2136 -1351.0000000000
2138 -1350.0000000000
2147 -1349.0000000000
2154 -1348.0000000000
2155 -1347.0000000000
2166 -1346.0000000000
2167 -1345.0000000000
2178 -1344.0000000000
2184 -1343.0000000000
2185 -1342.0000000000
2188 -1341.0000000000
2200 -1340.0000000000
2219 -1339.0000000000
2223 -1338.0000000000
2229 -1337.0000000000
2235 -1336.0000000000
2241 -1335.0000000000
2243 -1334.0000000000
2247 -1333.0000000000
2280 -1332.0000000000
2281 -1331.0000000000
2283 -1329.0000000000
2289 -1328.0000000000
2291 -1327.0000000000
2293 -1325.0000000000
2298 -1324.0000000000
2300 -1323.0000000000
2301 -1322.0000000000
2305 -1321.0000000000
2315 -1320.0000000000
2316 -1318.0000000000
2320 -1317.0000000000
2325 -1316.0000000000
2331 -1315.0000000000
2375 -1314.0000000000
2379 -1313.0000000000
2381 -1311.0000000000
2385 -1310.0000000000
2406 -1309.0000000000
2408 -1306.0000000000
2415 -1305.0000000000
2427 -1304.0000000000
2431 -1303.0000000000
2436 -1302.0000000000
2441 -1301.0000000000
2448 -1300.0000000000
2458 -1299.0000000000
2459 -1298.0000000000
2462 -1297.0000000000
2463 -1296.0000000000
2465 -1295.0000000000
2469 -1294.0000000000
2470 -1293.0000000000
2474 -1291.0000000000
2478 -1290.0000000000
2486 -1289.0000000000
2487 -1288.0000000000
2490 -1287.0000000000
2496 -1285.0000000000
2505 -1282.0000000000
2506 -1281.0000000000
2510 -1280.0000000000
2512 -1279.0000000000
2513 -1278.0000000000
2514 -1276.0000000000
2516 -1273.0000000000
2521 -1272.0000000000
2522 -1271.0000000000
2523 -1270.0000000000
2526 -1269.0000000000
2530 -1268.0000000000
2539 -1266.0000000000
2541 -1265.0000000000
2543 -1264.0000000000
2550 -1263.0000000000
2556 -1262.0000000000
2557 -1261.0000000000
2560 -1260.0000000000
2562 -1259.0000000000
2572 -1258.0000000000
2585 -1257.0000000000
2587 -1255.0000000000
2588 -1254.0000000000
2592 -1253.0000000000
2601 -1252.0000000000
2611 -1250.0000000000
2615 -1249.0000000000
2631 -1248.0000000000
2636 -1247.0000000000
2646 -1246.0000000000
2648 -1245.0000000000
2653 -1243.0000000000
2660 -1241.0000000000
2662 -1240.0000000000
2673 -1237.0000000000
2676 -1236.0000000000
2679 -1234.0000000000
2688 -1233.0000000000
2689 -1230.0000000000
2694 -1228.0000000000
2695 -1226.0000000000
2698 -1225.0000000000
2704 -1224.0000000000
2710 -1222.0000000000
2714 -1221.0000000000
2717 -1219.0000000000
2733 -1218.0000000000
2735 -1217.0000000000
2740 -1216.0000000000
2741 -1215.0000000000
2752 -1214.0000000000
2753 -1213.0000000000
2755 -1212.0000000000
2760 -1211.0000000000
2765 -1210.0000000000
2766 -1209.0000000000
2770 -1208.0000000000
2771 -1206.0000000000
2774 -1205.0000000000
2779 -1204.0000000000
2781 -1203.0000000000
2787 -1202.0000000000
2796 -1201.0000000000
2801 -1200.0000000000
2807 -1199.0000000000
2809 -1197.0000000000
2810 -1196.0000000000
2817 -1195.0000000000
2824 -1194.0000000000
2830 -1193.0000000000
2831 -1191.0000000000
2832 -1190.0000000000
2836 -1189.0000000000
2839 -1188.0000000000
2847 -1187.0000000000
2853 -1186.0000000000
2877 -1185.0000000000
2878 -1184.0000000000
2887 -1183.0000000000
2889 -1182.0000000000
2899 -1181.0000000000
2904 -1180.0000000000
2914 -1179.0000000000
2926 -1178.0000000000
2930 -1177.0000000000
2936 -1176.0000000000
2937 -1174.0000000000
2940 -1173.0000000000
2949 -1172.0000000000
2958 -1171.0000000000
2967 -1170.0000000000
2970 -1169.0000000000
2971 -1168.0000000000
2972 -1167.0000000000
2974 -1165.0000000000
3005 -1164.0000000000
3007 -1163.0000000000
3009 -1162.0000000000
3014 -1160.0000000000
3022 -1159.0000000000
3023 -1158.0000000000
3027 -1157.0000000000
3029 -1156.0000000000
3033 -1155.0000000000
3036 -1154.0000000000
3049 -1153.0000000000
3056 -1152.0000000000
3059 -1151.0000000000
3074 -1149.0000000000
3080 -1147.0000000000
3086 -1146.0000000000
3107 -1145.0000000000
3112 -1144.0000000000
3125 -1143.0000000000
3143 -1142.0000000000
3153 -1141.0000000000
3164 -1140.0000000000
3172 -1139.0000000000
3179 -1136.0000000000
3184 -1134.0000000000
3191 -1133.0000000000
3193 -1132.0000000000
3194 -1131.0000000000
3202 -1130.0000000000
3211 -1129.0000000000
3216 -1128.0000000000
3222 -1127.0000000000
3225 -1126.0000000000
3229 -1125.0000000000
3234 -1123.0000000000
3243 -1122.0000000000
3245 -1121.0000000000
3249 -1120.0000000000
3255 -1119.0000000000
3256 -1118.0000000000
3266 -1117.0000000000
3272 -1116.0000000000
3274 -1115.0000000000
3288 -1114.0000000000
3298 -1112.0000000000
3300 -1111.0000000000
3303 -1110.0000000000
3312 -1108.0000000000
3314 -1107.0000000000
3317 -1106.0000000000
3326 -1105.0000000000
3327 -1104.0000000000
3338 -1102.0000000000
3343 -1101.0000000000
3346 -1100.0000000000
3352 -1099.0000000000
3365 -1098.0000000000
3370 -1097.0000000000
3372 -1096.0000000000
3402 -1095.0000000000
3419 -1094.0000000000
3431 -1093.0000000000
3442 -1092.0000000000
3454 -1091.0000000000
3465 -1090.0000000000
3479 -1089.0000000000
3482 -1088.0000000000
3485 -1087.0000000000
3489 -1086.0000000000
3492 -1085.0000000000
3496 -1083.0000000000
3498 -1082.0000000000
3502 -1081.0000000000
3503 -1080.0000000000
3519 -1079.0000000000
3523 -1078.0000000000
3525 -1077.0000000000
3528 -1076.0000000000
3542 -1075.0000000000
3545 -1074.0000000000
3551 -1073.0000000000
3552 -1072.0000000000
3554 -1071.0000000000
3562 -1070.0000000000
3565 -1069.0000000000
3566 -1068.0000000000
3573 -1067.0000000000
3584 -1066.0000000000
3592 -1065.0000000000
3594 -1064.0000000000
3615 -1063.0000000000
3624 -1062.0000000000
3630 -1061.0000000000
3634 -1060.0000000000
3640 -1059.0000000000
3642 -1058.0000000000
3651 -1057.0000000000
3657 -1056.0000000000
3663 -1055.0000000000
3690 -1054.0000000000
3692 -1052.0000000000
3697 -1050.0000000000
3708 -1049.0000000000
3723 -1048.0000000000
3743 -1047.0000000000
3761 -1046.0000000000
3768 -1044.0000000000
3772 -1043.0000000000
3779 -1042.0000000000
3791 -1041.0000000000
3795 -1040.0000000000
3803 -1039.0000000000
3813 -1038.0000000000
3821 -1037.0000000000
3832 -1036.0000000000
3842 -1035.0000000000
3844 -1034.0000000000
3847 -1032.0000000000
3850 -1031.0000000000
3853 -1030.0000000000
3858 -1029.0000000000
3860 -1028.0000000000
3861 -1027.0000000000
3868 -1026.0000000000
3875 -1025.0000000000
3879 -1024.0000000000
3890 -1023.0000000000
3897 -1022.0000000000
3935 -1021.0000000000
3943 -1020.0000000000
3944 -1019.0000000000
3946 -1018.0000000000
3953 -1017.0000000000
3981 -1016.0000000000
3984 -1014.0000000000
3987 -1013.0000000000
3991 -1012.0000000000
3995 -1011.0000000000
3997 -1010.0000000000
4011 -1009.0000000000
4014 -1008.0000000000
4021 -1007.0000000000
4037 -1006.0000000000
4041 -1005.0000000000
4044 -1004.0000000000
4093 -1003.0000000000
4098 -1002.0000000000
4105 -1001.0000000000
4117 -998.0000000000
4128 -997.0000000000
4130 -996.0000000000
4134 -995.0000000000
4139 -993.0000000000
4155 -992.0000000000
4188 -991.0000000000
4202 -990.0000000000
4213 -989.0000000000
4219 -988.0000000000
4230 -987.0000000000
4238 -986.0000000000
4243 -985.0000000000
4257 -984.0000000000
4267 -983.0000000000
4274 -982.0000000000
4308 -981.0000000000
4310 -980.0000000000
4313 -979.0000000000
4324 -978.0000000000
4329 -976.0000000000
4330 -975.0000000000
4331 -974.0000000000
4343 -973.0000000000
4351 -972.0000000000
4355 -971.0000000000
4371 -970.0000000000
4372 -969.0000000000
4377 -968.0000000000
4378 -967.0000000000
4381 -965.0000000000
4393 -964.0000000000
4394 -963.0000000000
4400 -962.0000000000
4401 -961.0000000000
4414 -960.0000000000
4422 -959.0000000000
4424 -958.0000000000
4429 -957.0000000000
4449 -956.0000000000
4460 -955.0000000000
4480 -954.0000000000
4492 -952.0000000000
4502 -951.0000000000
4514 -950.0000000000
4517 -949.0000000000
4530 -948.0000000000
4583 -947.0000000000
4588 -946.0000000000
4601 -945.0000000000
4606 -944.0000000000
4607 -943.0000000000
4614 -942.0000000000
4617 -941.0000000000
4622 -940.0000000000
4640 -939.0000000000
4642 -938.0000000000
4647 -937.0000000000
4648 -936.0000000000
4662 -934.0000000000
4676 -933.0000000000
4684 -932.0000000000
4689 -931.0000000000
4693 -929.0000000000
4710 -928.0000000000
4714 -927.0000000000
4724 -926.0000000000
4727 -925.0000000000
4731 -924.0000000000
4740 -923.0000000000
4742 -922.0000000000
4750 -921.0000000000
4751 -920.0000000000
4769 -919.0000000000
4776 -918.0000000000
4778 -917.0000000000
4779 -915.0000000000
4780 -914.0000000000
4799 -912.0000000000
4811 -911.0000000000
4817 -910.0000000000
4831 -909.0000000000
4837 -908.0000000000
4847 -907.0000000000
4850 -906.0000000000
4855 -905.0000000000
4880 -904.0000000000
4885 -903.0000000000
4899 -902.0000000000
4907 -901.0000000000
4914 -900.0000000000
4916 -899.0000000000
4920 -898.0000000000
4941 -897.0000000000
4943 -896.0000000000
4950 -895.0000000000
4954 -894.0000000000
4966 -893.0000000000
4970 -892.0000000000
4971 -890.0000000000
4985 -889.0000000000
4991 -888.0000000000
4999 -887.0000000000
5015 -886.0000000000
5016 -885.0000000000
5017 -884.0000000000
5029 -883.0000000000
5037 -881.0000000000
5038 -880.0000000000
5043 -877.0000000000
5053 -876.0000000000
5056 -875.0000000000
5068 -874.0000000000
5072 -873.0000000000
5076 -872.0000000000
5079 -871.0000000000
5082 -868.0000000000
5092 -866.0000000000
5097 -865.0000000000
5100 -864.0000000000
5102 -863.0000000000
5108 -862.0000000000
5111 -861.0000000000
5128 -860.0000000000
5138 -859.0000000000
5167 -858.0000000000
5174 -857.0000000000
5180 -856.0000000000
5194 -855.0000000000
5220 -854.0000000000
5229 -853.0000000000
5252 -852.0000000000
5257 -851.0000000000
5271 -850.0000000000
5274 -849.0000000000
5276 -848.0000000000
5278 -847.0000000000
5279 -846.0000000000
5281 -844.0000000000
5285 -842.0000000000
5293 -840.0000000000
5296 -839.0000000000
5297 -838.0000000000
5315 -837.0000000000
5317 -835.0000000000
5321 -834.0000000000
5338 -833.0000000000
5352 -832.0000000000
5355 -831.0000000000
5361 -830.0000000000
5417 -829.0000000000
5419 -828.0000000000
5428 -826.0000000000
5438 -825.0000000000
5447 -824.0000000000
5449 -823.0000000000
5453 -822.0000000000
5454 -820.0000000000
5465 -819.0000000000
5468 -818.0000000000
5477 -817.0000000000
5480 -816.0000000000
5485 -815.0000000000
5489 -814.0000000000
5493 -813.0000000000
5499 -812.0000000000
5523 -810.0000000000
5547 -809.0000000000
5595 -808.0000000000
5596 -807.0000000000
5623 -806.0000000000
5633 -805.0000000000
5657 -804.0000000000
5659 -803.0000000000
5661 -802.0000000000
5680 -801.0000000000
5692 -799.0000000000
5713 -798.0000000000
5717 -797.0000000000
5719 -796.0000000000
5737 -795.0000000000
5738 -794.0000000000
5740 -793.0000000000
5743 -792.0000000000
5766 -791.0000000000
5775 -790.0000000000
5788 -789.0000000000
5811 -788.0000000000
5822 -787.0000000000
5823 -786.0000000000
5828 -785.0000000000
5845 -784.0000000000
5847 -783.0000000000
5853 -782.0000000000
5863 -781.0000000000
5874 -780.0000000000
5875 -779.0000000000
5879 -777.0000000000
5882 -776.0000000000
5887 -775.0000000000
5890 -774.0000000000
5892 -772.0000000000
5904 -771.0000000000
5920 -769.0000000000
5926 -768.0000000000
5928 -766.0000000000
5938 -765.0000000000
5943 -764.0000000000
5959 -763.0000000000
5979 -762.0000000000
5992 -759.0000000000
5997 -758.0000000000
5998 -757.0000000000
6011 -756.0000000000
6018 -755.0000000000
6043 -754.0000000000
6046 -753.0000000000
6049 -752.0000000000
6054 -751.0000000000
6069 -750.0000000000
6123 -749.0000000000
6130 -748.0000000000
6135 -747.0000000000
6140 -746.0000000000
6149 -745.0000000000
6167 -743.0000000000
6173 -742.0000000000
6181 -741.0000000000
6186 -740.0000000000
6191 -739.0000000000
6238 -738.0000000000
6263 -737.0000000000
6296 -735.0000000000
6327 -734.0000000000
6343 -733.0000000000
6347 -732.0000000000
6355 -731.0000000000
6361 -730.0000000000
6362 -729.0000000000
6365 -728.0000000000
6374 -727.0000000000
6382 -726.0000000000
6384 -725.0000000000
6427 -723.0000000000
6450 -721.0000000000
6490 -720.0000000000
6515 -718.0000000000
6519 -717.0000000000
6526 -716.0000000000
6528 -715.0000000000
6537 -714.0000000000
6540 -712.0000000000
6565 -711.0000000000
6595 -710.0000000000
6607 -709.0000000000
6612 -708.0000000000
6620 -707.0000000000
6627 -706.0000000000
6628 -705.0000000000
6646 -703.0000000000
6650 -702.0000000000
6688 -701.0000000000
6705 -700.0000000000
6708 -699.0000000000
6730 -697.0000000000
6755 -696.0000000000
6762 -695.0000000000
6772 -694.0000000000
6778 -693.0000000000
6784 -692.0000000000
6823 -691.0000000000
6833 -689.0000000000
6837 -688.0000000000
6845 -687.0000000000
6860 -686.0000000000
6879 -685.0000000000
6887 -684.0000000000
6890 -683.0000000000
6894 -682.0000000000
6897 -681.0000000000
6911 -679.0000000000
6913 -678.0000000000
6940 -677.0000000000
6950 -676.0000000000
6953 -675.0000000000
6958 -674.0000000000
7026 -673.0000000000
7028 -671.0000000000
7038 -670.0000000000
7064 -669.0000000000
7072 -668.0000000000
7080 -667.0000000000
7099 -666.0000000000
7101 -665.0000000000
7103 -664.0000000000
7115 -663.0000000000
7127 -662.0000000000
7160 -661.0000000000
7202 -660.0000000000
7224 -659.0000000000
7232 -658.0000000000
7233 -657.0000000000
7253 -656.0000000000
7260 -655.0000000000
7266 -654.0000000000
7295 -653.0000000000
7306 -652.0000000000
7335 -651.0000000000
7340 -649.0000000000
7345 -648.0000000000
7349 -647.0000000000
7368 -646.0000000000
7372 -645.0000000000
7377 -643.0000000000
7401 -642.0000000000
7406 -641.0000000000
7417 -640.0000000000
7422 -639.0000000000
7462 -638.0000000000
7474 -637.0000000000
7479 -636.0000000000
7502 -635.0000000000
7523 -634.0000000000
7537 -633.0000000000
7545 -631.0000000000
7580 -630.0000000000
7600 -629.0000000000
7611 -628.0000000000
7613 -627.0000000000
7624 -626.0000000000
7636 -625.0000000000
7640 -624.0000000000
7659 -623.0000000000
7670 -622.0000000000
7679 -621.0000000000
7694 -620.0000000000
7707 -619.0000000000
7711 -618.0000000000
7713 -617.0000000000
7717 -616.0000000000
7723 -615.0000000000
7734 -613.0000000000
7741 -612.0000000000
7764 -611.0000000000
7771 -610.0000000000
7775 -609.0000000000
7780 -608.0000000000
7785 -607.0000000000
7795 -606.0000000000
7800 -605.0000000000
7810 -604.0000000000
7828 -603.0000000000
7852 -601.0000000000
7868 -600.0000000000
7872 -599.0000000000
7874 -598.0000000000
7897 -597.0000000000
7918 -596.0000000000
7929 -595.0000000000
7946 -593.0000000000
7970 -592.0000000000
7973 -591.0000000000
7975 -590.0000000000
7982 -589.0000000000
7989 -588.0000000000
7991 -587.0000000000
7992 -586.0000000000
8010 -585.0000000000
8012 -584.0000000000
8021 -583.0000000000
8032 -582.0000000000
8041 -581.0000000000
8048 -580.0000000000
8071 -579.0000000000
8079 -578.0000000000
8084 -577.0000000000
8087 -576.0000000000
8091 -575.0000000000
8174 -574.0000000000
8205 -573.0000000000
8209 -572.0000000000
8216 -571.0000000000
8223 -570.0000000000
8236 -569.0000000000
8248 -568.0000000000
8258 -567.0000000000
8260 -566.0000000000
8270 -565.0000000000
8292 -564.0000000000
8307 -563.0000000000
8342 -562.0000000000
8357 -561.0000000000
8361 -560.0000000000
8378 -559.0000000000
8398 -558.0000000000
8419 -557.0000000000
8442 -556.0000000000
8453 -555.0000000000
8518 -554.0000000000
8525 -553.0000000000
8537 -552.0000000000
8572 -551.0000000000
8581 -550.0000000000
8588 -549.0000000000
8601 -548.0000000000
8604 -547.0000000000
8622 -546.0000000000
8632 -545.0000000000
8639 -544.0000000000
8643 -543.0000000000
8649 -542.0000000000
8654 -540.0000000000
8663 -539.0000000000
8666 -538.0000000000
8668 -537.0000000000
8672 -536.0000000000
8687 -535.0000000000
8718 -534.0000000000
8722 -533.0000000000
8755 -532.0000000000
8758 -531.0000000000
8766 -530.0000000000
8799 -529.0000000000
8816 -528.0000000000
8841 -527.0000000000
8852 -526.0000000000
8868 -525.0000000000
8892 -524.0000000000
8903 -522.0000000000
8915 -521.0000000000
8943 -520.0000000000
8960 -519.0000000000
8961 -518.0000000000
8964 -517.0000000000
8968 -516.0000000000
9002 -515.0000000000
9022 -514.0000000000
9034 -513.0000000000
9035 -512.0000000000
9066 -511.0000000000
9088 -510.0000000000
9096 -509.0000000000
9120 -508.0000000000
9127 -507.0000000000
9149 -506.0000000000
9174 -505.0000000000
9204 -504.0000000000
9254 -503.0000000000
9255 -502.0000000000
9264 -501.0000000000
9269 -500.0000000000
9273 -499.0000000000
9277 -498.0000000000
9288 -497.0000000000
9310 -496.0000000000
9313 -495.0000000000
9321 -494.0000000000
9323 -493.0000000000
9332 -492.0000000000
9336 -491.0000000000
9337 -489.0000000000
9341 -488.0000000000
9348 -487.0000000000
9400 -486.0000000000
9414 -485.0000000000
9436 -484.0000000000
9438 -483.0000000000
9459 -482.0000000000
9463 -481.0000000000
9472 -480.0000000000
9495 -479.0000000000
9500 -478.0000000000
9502 -477.0000000000
9506 -476.0000000000
9512 -474.0000000000
9526 -473.0000000000
9539 -472.0000000000
9546 -471.0000000000
9550 -470.0000000000
9558 -469.0000000000
9575 -468.0000000000
9588 -467.0000000000
9596 -466.0000000000
9604 -465.0000000000
9652 -464.0000000000
9733 -463.0000000000
9746 -461.0000000000
9749 -460.0000000000
9750 -459.0000000000
9783 -458.0000000000
9820 -457.0000000000
9821 -456.0000000000
9852 -455.0000000000
9855 -454.0000000000
9870 -452.0000000000
9907 -451.0000000000
9913 -450.0000000000
9943 -449.0000000000
9999 -448.0000000000
10000 -448.0000000000
evaluations raw_y
1 -1902.0000000000
3 -1901.0000000000
10 -1900.0000000000
13 -1899.0000000000
15 -1897.0000000000
17 -1895.0000000000
22 -1893.0000000000
23 -1892.0000000000
24 -1891.0000000000
26 -1889.0000000000
27 -1888.0000000000
33 -1886.0000000000
34 -1885.0000000000
37 -1884.0000000000
38 -1883.0000000000
45 -1881.0000000000
48 -1880.0000000000
53 -1879.0000000000
60 -1878.0000000000
62 -1877.0000000000
63 -1876.0000000000
67 -1875.0000000000
76 -1874.0000000000
78 -1873.0000000000
83 -1872.0000000000
84 -1871.0000000000
87 -1870.0000000000
100 -1868.0000000000
101 -1867.0000000000
103 -1866.0000000000
105 -1865.0000000000
107 -1864.0000000000
108 -1863.0000000000
114 -1862.0000000000
118 -1861.0000000000
119 -1860.0000000000
122 -1858.0000000000
128 -1855.0000000000
131 -1854.0000000000
136 -1853.0000000000
138 -1852.0000000000
141 -1851.0000000000
146 -1850.0000000000
147 -1848.0000000000
148 -1845.0000000000
153 -1844.0000000000
154 -1843.0000000000
157 -1842.0000000000
158 -1841.0000000000
172 -1840.0000000000
176 -1839.0000000000
177 -1838.0000000000
178 -1837.0000000000
179 -1836.0000000000
182 -1835.0000000000
183 -1834.0000000000
184 -1832.0000000000
185 -1831.0000000000
198 -1830.0000000000
199 -1829.0000000000
200 -1826.0000000000
202 -1825.0000000000
204 -1824.0000000000
209 -1823.0000000000
213 -1822.0000000000
214 -1820.0000000000
218 -1819.0000000000
219 -1818.0000000000
220 -1817.0000000000
221 -1816.0000000000
224 -1815.0000000000
233 -1814.0000000000
234 -1812.0000000000
237 -1811.0000000000
251 -1810.0000000000
256 -1809.0000000000
260 -1808.0000000000
261 -1807.0000000000
266 -1806.0000000000
272 -1804.0000000000
277 -1800.0000000000
280 -1799.0000000000
283 -1798.0000000000
289 -1797.0000000000
291 -1796.0000000000
292 -1795.0000000000
294 -1793.0000000000
296 -1792.0000000000
302 -1791.0000000000
304 -1790.0000000000
318 -1789.0000000000
321 -1788.0000000000
322 -1787.0000000000
326 -1786.0000000000
329 -1785.0000000000
331 -1783.0000000000
336 -1782.0000000000
337 -1780.0000000000
338 -1779.0000000000
339 -1778.0000000000
341 -1777.0000000000
344 -1776.0000000000
346 -1775.0000000000
347 -1774.0000000000
348 -1772.0000000000
349 -1771.0000000000
356 -1770.0000000000
357 -1769.0000000000
360 -1768.0000000000
365 -1767.0000000000
367 -1766.0000000000
370 -1765.0000000000
378 -1764.0000000000
380 -1763.0000000000
383 -1762.0000000000
384 -1761.0000000000
386 -1759.0000000000
391 -1758.0000000000
393 -1757.0000000000
394 -1756.0000000000
400 -1755.0000000000
405 -1754.0000000000
409 -1753.0000000000
412 -1751.0000000000
413 -1750.0000000000
420 -1749.0000000000
421 -1747.0000000000
423 -1746.0000000000
437 -1745.0000000000
445 -1744.0000000000
446 -1743.0000000000
452 -1741.0000000000
453 -1740.0000000000
460 -1738.0000000000
461 -1737.0000000000
467 -1735.0000000000
472 -1734.0000000000
474 -1732.0000000000
475 -1730.0000000000
476 -1729.0000000000
479 -1727.0000000000
482 -1725.0000000000
483 -1724.0000000000
484 -1723.0000000000
485 -1722.0000000000
493 -1721.0000000000
498 -1720.0000000000
499 -1719.0000000000
503 -1718.0000000000
505 -1717.0000000000
506 -1716.0000000000
509 -1714.0000000000
513 -1713.0000000000
515 -1711.0000000000
518 -1709.0000000000
519 -1708.0000000000
522 -1707.0000000000
533 -1706.0000000000
538 -1705.0000000000
540 -1704.0000000000
542 -1703.0000000000
556 -1702.0000000000
557 -1701.0000000000
559 -1700.0000000000
561 -1699.0000000000
562 -1698.0000000000
564 -1697.0000000000
567 -1695.0000000000
582 -1694.0000000000
590 -1693.0000000000
595 -1692.0000000000
596 -1691.0000000000
597 -1690.0000000000
599 -1689.0000000000
602 -1688.0000000000
606 -1687.0000000000
608 -1686.0000000000
611 -1685.0000000000
614 -1684.0000000000
623 -1680.0000000000
624 -1679.0000000000
633 -1677.0000000000
636 -1676.0000000000
642 -1675.0000000000
645 -1674.0000000000
647 -1673.0000000000
648 -1671.0000000000
655 -1668.0000000000
662 -1666.0000000000
665 -1665.0000000000
672 -1664.0000000000
678 -1662.0000000000
685 -1661.0000000000
690 -1659.0000000000
691 -1658.0000000000
697 -1657.0000000000
701 -1656.0000000000
704 -1655.0000000000
707 -1652.0000000000
710 -1651.0000000000
720 -1650.0000000000
730 -1649.0000000000
736 -1647.0000000000
737 -1646.0000000000
750 -1645.0000000000
752 -1644.0000000000
768 -1643.0000000000
769 -1642.0000000000
785 -1641.0000000000
793 -1640.0000000000
799 -1638.0000000000
807 -1636.0000000000
813 -1635.0000000000
817 -1634.0000000000
826 -1633.0000000000
830 -1632.0000000000
833 -1629.0000000000
838 -1628.0000000000
840 -1627.0000000000
845 -1626.0000000000
849 -1625.0000000000
852 -1624.0000000000
853 -1622.0000000000
855 -1621.0000000000
859 -1620.0000000000
861 -1618.0000000000
868 -1617.0000000000
873 -1616.0000000000
885 -1615.0000000000
886 -1613.0000000000
890 -1612.0000000000
893 -1611.0000000000
908 -1610.0000000000
914 -1609.0000000000
916 -1608.0000000000
922 -1607.0000000000
925 -1605.0000000000
926 -1604.0000000000
927 -1603.0000000000
929 -1600.0000000000
930 -1599.0000000000
934 -1598.0000000000
936 -1597.0000000000
939 -1596.0000000000
942 -1595.0000000000
943 -1593.0000000000
944 -1592.0000000000
945 -1589.0000000000
954 -1588.0000000000
958 -1586.0000000000
965 -1585.0000000000
969 -1584.0000000000
974 -1582.0000000000
986 -1579.0000000000
990 -1577.0000000000
999 -1575.0000000000
1001 -1574.0000000000
1004 -1573.0000000000
1008 -1571.0000000000
1010 -1570.0000000000
1015 -1569.0000000000
1022 -1568.0000000000
1040 -1567.0000000000
1041 -1566.0000000000
1048 -1565.0000000000
1069 -1564.0000000000
1070 -1563.0000000000
1088 -1561.0000000000
1090 -1560.0000000000
1093 -1559.0000000000
1101 -1558.0000000000
1102 -1557.0000000000
1108 -1556.0000000000
1110 -1555.0000000000
1113 -1554.0000000000
1114 -1553.0000000000
1115 -1552.0000000000
1119 -1551.0000000000
1120 -1550.0000000000
1128 -1549.0000000000
1144 -1548.0000000000
1146 -1547.0000000000
1148 -1546.0000000000
1165 -1544.0000000000
1167 -1543.0000000000
1169 -1541.0000000000
1176 -1540.0000000000
1177 -1539.0000000000
1182 -1538.0000000000
1186 -1537.0000000000
1196 -1535.0000000000
1197 -1533.0000000000
1203 -1532.0000000000
1211 -1530.0000000000
1215 -1528.0000000000
1221 -1527.0000000000
1222 -1526.0000000000
1232 -1525.0000000000
1235 -1524.0000000000
1250 -1523.0000000000
1252 -1522.0000000000
1264 -1520.0000000000
1269 -1519.0000000000
1272 -1518.0000000000
1273 -1517.0000000000
1279 -1516.0000000000
1284 -1515.0000000000
1286 -1514.0000000000
1292 -1512.0000000000
1298 -1510.0000000000
1301 -1509.0000000000
1308 -1507.0000000000
1309 -1506.0000000000
1311 -1505.0000000000
1317 -1503.0000000000
1319 -1502.0000000000
1320 -1501.0000000000
1324 -1500.0000000000
1331 -1499.0000000000
1335 -1497.0000000000
1341 -1496.0000000000
1349 -1495.0000000000
1352 -1494.0000000000
1353 -1493.0000000000
1354 -1492.0000000000
1359 -1491.0000000000
1374 -1490.0000000000
1378 -1489.0000000000
1386 -1488.0000000000
1389 -1487.0000000000
1390 -1485.0000000000
1396 -1484.0000000000
1399 -1482.0000000000
1432 -1480.0000000000
1434 -1479.0000000000
1440 -1478.0000000000
1448 -1477.0000000000
1450 -1475.0000000000
1457 -1474.0000000000
1460 -1473.0000000000
1465 -1472.0000000000
1467 -1470.0000000000
1476 -1469.0000000000
1481 -1468.0000000000
1489 -1467.0000000000
1491 -1466.0000000000
1493 -1465.0000000000
1497 -1464.0000000000
1501 -1463.0000000000
1502 -1462.0000000000
1503 -1461.0000000000
1509 -1460.0000000000
1518 -1459.0000000000
1522 -1458.0000000000
1525 -1456.0000000000
1528 -1454.0000000000
1548 -1453.0000000000
1552 -1452.0000000000
1554 -1451.0000000000
1561 -1450.0000000000
1562 -1449.0000000000
1566 -1448.0000000000
1570 -1447.0000000000
1572 -1446.0000000000
1575 -1444.0000000000
1579 -1443.0000000000
1588 -1442.0000000000
1593 -1441.0000000000
1594 -1440.0000000000
1596 -1437.0000000000
1597 -1436.0000000000
1599 -1435.0000000000
1601 -1434.0000000000
1602 -1433.0000000000
1609 -1432.0000000000
1629 -1431.0000000000
1636 -1430.0000000000
1645 -1429.0000000000
1647 -1428.0000000000
1649 -1427.0000000000
1664 -1426.0000000000
1667 -1425.0000000000
1682 -1424.0000000000
1686 -1423.0000000000
1690 -1422.0000000000
1691 -1421.0000000000
1692 -1419.0000000000
1698 -1416.0000000000
1702 -1415.0000000000
1703 -1412.0000000000
1705 -1411.0000000000
1708 -1410.0000000000
1710 -1409.0000000000
1719 -1408.0000000000
1722 -1407.0000000000
1727 -1406.0000000000
1728 -1405.0000000000
1741 -1403.0000000000
1742 -1402.0000000000
1743 -1401.0000000000
1747 -1400.0000000000
1751 -1398.0000000000
1754 -1397.0000000000
1755 -1396.0000000000
1762 -1395.0000000000
1787 -1394.0000000000
1793 -1393.0000000000
1798 -1392.0000000000
1802 -1391.0000000000
1803 -1390.0000000000
1804 -1389.0000000000
1811 -1388.0000000000
1812 -1387.0000000000
1815 -1386.0000000000
1816 -1385.0000000000
1825 -1384.0000000000
1826 -1383.0000000000
1829 -1382.0000000000
1852 -1381.0000000000
1854 -1380.0000000000
1856 -1377.0000000000
1864 -1376.0000000000
1879 -1375.0000000000
1880 -1374.0000000000
1886 -1373.0000000000
1890 -1371.0000000000
1898 -1370.0000000000
1918 -1369.0000000000
1920 -1368.0000000000
1922 -1367.0000000000
1925 -1366.0000000000
1927 -1365.0000000000
1935 -1364.0000000000
1937 -1363.0000000000
1939 -1362.0000000000
1942 -1360.0000000000
1943 -1359.0000000000
1946 -1358.0000000000
1947 -1357.0000000000
1948 -1355.0000000000
1953 -1353.0000000000
1954 -1352.0000000000
1959 -1351.0000000000
1970 -1350.0000000000
1997 -1349.0000000000
2000 -1348.0000000000
2012 -1347.0000000000
2018 -1346.0000000000
2020 -1345.0000000000
2029 -1344.0000000000
2033 -1343.0000000000
2035 -1342.0000000000
2036 -1341.0000000000
2041 -1340.0000000000
2049 -1339.0000000000
2052 -1338.0000000000
2060 -1336.0000000000
2066 -1335.0000000000
2067 -1333.0000000000
2068 -1332.0000000000
2070 -1331.0000000000
2072 -1330.0000000000
2075 -1329.0000000000
2076 -1328.0000000000
2078 -1327.0000000000
2079 -1326.0000000000
2080 -1324.0000000000
2087 -1323.0000000000
2089 -1322.0000000000
2090 -1321.0000000000
2101 -1320.0000000000
2105 -1319.0000000000
2114 -1318.0000000000
2120 -1317.0000000000
2122 -1316.0000000000
2139 -1315.0000000000
2142 -1314.0000000000
2170 -1313.0000000000
2171 -1312.0000000000
2186 -1311.0000000000
2189 -1310.0000000000
2190 -1309.0000000000
2194 -1308.0000000000
2196 -1307.0000000000
2198 -1306.0000000000
2218 -1305.0000000000
2219 -1303.0000000000
2236 -1302.0000000000
2254 -1301.0000000000
2255 -1300.0000000000
2259 -1299.0000000000
2264 -1298.0000000000
2280 -1297.0000000000
2282 -1295.0000000000
2288 -1294.0000000000
2291 -1293.0000000000
2292 -1292.0000000000
2293 -1291.0000000000
2299 -1290.0000000000
2307 -1289.0000000000
2312 -1287.0000000000
2316 -1286.0000000000
2321 -1285.0000000000
2329 -1284.0000000000
2331 -1283.0000000000
2343 -1282.0000000000
2349 -1280.0000000000
2351 -1279.0000000000
2353 -1278.0000000000
2374 -1277.0000000000
2379 -1276.0000000000
2380 -1275.0000000000
2385 -1274.0000000000
2386 -1273.0000000000
2396 -1271.0000000000
2397 -1270.0000000000
2427 -1269.0000000000
2429 -1268.0000000000
2431 -1267.0000000000
2453 -1265.0000000000
2465 -1264.0000000000
2478 -1263.0000000000
2489 -1262.0000000000
2500 -1261.0000000000
2511 -1260.0000000000
2512 -1259.0000000000
2516 -1258.0000000000
2529 -1257.0000000000
2532 -1256.0000000000
2533 -1255.0000000000
2543 -1254.0000000000
2552 -1253.0000000000
2559 -1252.0000000000
2571 -1251.0000000000
2573 -1249.0000000000
2583 -1248.0000000000
2591 -1247.0000000000
2593 -1246.0000000000
2594 -1245.0000000000
2599 -1244.0000000000
2602 -1243.0000000000
2607 -1242.0000000000
2608 -1241.0000000000
2610 -1240.0000000000
2620 -1239.0000000000
2623 -1238.0000000000
2626 -1237.0000000000
2628 -1235.0000000000
2630 -1234.0000000000
2631 -1233.0000000000
2633 -1232.0000000000
2641 -1231.0000000000
2655 -1230.0000000000
2658 -1229.0000000000
2660 -1228.0000000000
2669 -1227.0000000000
2680 -1226.0000000000
2687 -1224.0000000000
2700 -1222.0000000000
2706 -1221.0000000000
2728 -1219.0000000000
2737 -1218.0000000000
2742 -1217.0000000000
2743 -1215.0000000000
2746 -1214.0000000000
2750 -1213.0000000000
2756 -1212.0000000000
2772 -1210.0000000000
2773 -1209.0000000000
2775 -1208.0000000000
2776 -1207.0000000000
2800 -1206.0000000000
2813 -1205.0000000000
2819 -1204.0000000000
2822 -1203.0000000000
2823 -1202.0000000000
2840 -1201.0000000000
2842 -1199.0000000000
2844 -1198.0000000000
2845 -1196.0000000000
2854 -1194.0000000000
2859 -1192.0000000000
2860 -1191.0000000000
2863 -1190.0000000000
2866 -1189.0000000000
2887 -1188.0000000000
2892 -1187.0000000000
2900 -1186.0000000000
2901 -1185.0000000000
2905 -1184.0000000000
2908 -1182.0000000000
2921 -1181.0000000000
2925 -1180.0000000000
2930 -1179.0000000000
2936 -1178.0000000000
2938 -1177.0000000000
2940 -1176.0000000000
2941 -1175.0000000000
2944 -1174.0000000000
2955 -1173.0000000000
2966 -1172.0000000000
2968 -1171.0000000000
2974 -1170.0000000000
2975 -1169.0000000000
2976 -1168.0000000000
2978 -1167.0000000000
2984 -1166.0000000000
2992 -1164.0000000000
2996 -1163.0000000000
2997 -1162.0000000000
3009 -1161.0000000000
3010 -1159.0000000000
3013 -1158.0000000000
3019 -1157.0000000000
3026 -1156.0000000000
3029 -1155.0000000000
3031 -1154.0000000000
3033 -1153.0000000000
3039 -1152.0000000000
3042 -1151.0000000000
3066 -1150.0000000000
3082 -1148.0000000000
3083 -1147.0000000000
3094 -1146.0000000000
3095 -1145.0000000000
3101 -1144.0000000000
3105 -1143.0000000000
3106 -1142.0000000000
3111 -1141.0000000000
3117 -1140.0000000000
3124 -1139.0000000000
3126 -1138.0000000000
3134 -1137.0000000000
3136 -1135.0000000000
3150 -1134.0000000000
3151 -1133.0000000000
3169 -1132.0000000000
3181 -1131.0000000000
3186 -1130.0000000000
3190 -1129.0000000000
3195 -1128.0000000000
3210 -1127.0000000000
3215 -1126.0000000000
3228 -1125.0000000000
3241 -1124.0000000000
3247 -1123.0000000000
3250 -1122.0000000000
3253 -1121.0000000000
3258 -1119.0000000000
3261 -1118.0000000000
3264 -1117.0000000000
3268 -1116.0000000000
3279 -1115.0000000000
3280 -1114.0000000000
3281 -1113.0000000000
3285 -1111.0000000000
3306 -1110.0000000000
3333 -1109.0000000000
3335 -1108.0000000000
3337 -1107.0000000000
3341 -1106.0000000000
3349 -1105.0000000000
3352 -1104.0000000000
3364 -1102.0000000000
3376 -1101.0000000000
3380 -1100.0000000000
3381 -1099.0000000000
3389 -1097.0000000000
3412 -1096.0000000000
3416 -1095.0000000000
3424 -1094.0000000000
3425 -1093.0000000000
3445 -1089.0000000000
3449 -1088.0000000000
3456 -1087.0000000000
3468 -1086.0000000000
3475 -1085.0000000000
3495 -1084.0000000000
3523 -1083.0000000000
3524 -1082.0000000000
3527 -1081.0000000000
3528 -1080.0000000000
3542 -1079.0000000000
3555 -1078.0000000000
3559 -1077.0000000000
3563 -1076.0000000000
3572 -1075.0000000000
3576 -1074.0000000000
3582 -1073.0000000000
3583 -1072.0000000000
3600 -1071.0000000000
3602 -1070.0000000000
3607 -1069.0000000000
3613 -1068.0000000000
3621 -1067.0000000000
3633 -1066.0000000000
3646 -1065.0000000000
3648 -1064.0000000000
3673 -1063.0000000000
3676 -1062.0000000000
3715 -1061.0000000000
3722 -1060.0000000000
3724 -1059.0000000000
3738 -1058.0000000000
3741 -1057.0000000000
3762 -1056.0000000000
3766 -1055.0000000000
3770 -1054.0000000000
3774 -1053.0000000000
3782 -1051.0000000000
3783 -1048.0000000000
3802 -1047.0000000000
3822 -1045.0000000000
3840 -1044.0000000000
3848 -1043.0000000000
3851 -1042.0000000000
3856 -1041.0000000000
3863 -1040.0000000000
3877 -1039.0000000000
3885 -1038.0000000000
3891 -1036.0000000000
3900 -1034.0000000000
3907 -1033.0000000000
3908 -1031.0000000000
3909 -1029.0000000000
3910 -1028.0000000000
3922 -1027.0000000000
3937 -1026.0000000000
3943 -1025.0000000000
3951 -1024.0000000000
3965 -1023.0000000000
3967 -1022.0000000000
3974 -1020.0000000000
3984 -1019.0000000000
3986 -1017.0000000000
3992 -1016.0000000000
3996 -1015.0000000000
3999 -1014.0000000000
4016 -1013.0000000000
4018 -1012.0000000000
4052 -1011.0000000000
4054 -1010.0000000000
4060 -1008.0000000000
4083 -1007.0000000000
4085 -1006.0000000000
4087 -1005.0000000000
4089 -1004.0000000000
4097 -1003.0000000000
4098 -1002.0000000000
4101 -1001.0000000000
4107 -1000.0000000000
4116 -998.0000000000
4122 -997.0000000000
4128 -996.0000000000
4130 -995.0000000000
4133 -994.0000000000
4138 -993.0000000000
4141 -992.0000000000
4148 -991.0000000000
4152 -990.0000000000
4164 -989.0000000000
4166 -988.0000000000
4175 -987.0000000000
4180 -986.0000000000
4182 -985.0000000000
4189 -984.0000000000
4192 -983.0000000000
4196 -982.0000000000
4206 -981.0000000000
4244 -980.0000000000
4252 -978.0000000000
4255 -977.0000000000
4259 -976.0000000000
4264 -975.0000000000
4269 -974.0000000000
4278 -973.0000000000
4294 -972.0000000000
4295 -971.0000000000
4296 -970.0000000000
4299 -968.0000000000
4314 -967.0000000000
4320 -966.0000000000
4324 -965.0000000000
4332 -964.0000000000
4337 -963.0000000000
4338 -962.0000000000
4342 -961.0000000000
4353 -959.0000000000
4365 -958.0000000000
4367 -957.0000000000
4368 -956.0000000000
4382 -955.0000000000
4395 -954.0000000000
4402 -953.0000000000
4420 -952.0000000000
4426 -951.0000000000
4431 -950.0000000000
4442 -949.0000000000
4448 -947.0000000000
4471 -946.0000000000
4472 -945.0000000000
4492 -944.0000000000
4527 -943.0000000000
4534 -942.0000000000
4542 -941.0000000000
4551 -940.0000000000
4552 -939.0000000000
4559 -938.0000000000
4565 -937.0000000000
4568 -936.0000000000
4569 -935.0000000000
4576 -934.0000000000
4596 -933.0000000000
4601 -932.0000000000
4610 -931.0000000000
4614 -929.0000000000
4616 -928.0000000000
4617 -927.0000000000
4619 -926.0000000000
4639 -925.0000000000
4641 -924.0000000000
4649 -923.0000000000
4651 -921.0000000000
4655 -920.0000000000
4659 -919.0000000000
4672 -918.0000000000
4687 -917.0000000000
4696 -914.0000000000
4727 -913.0000000000
4731 -912.0000000000
4732 -911.0000000000
4736 -909.0000000000
4737 -908.0000000000
4747 -907.0000000000
4753 -906.0000000000
4763 -905.0000000000
4780 -904.0000000000
4782 -903.0000000000
4783 -902.0000000000
4797 -901.0000000000
4804 -899.0000000000
4822 -898.0000000000
4825 -897.0000000000
4839 -896.0000000000
4843 -895.0000000000
4858 -894.0000000000
4862 -893.0000000000
4882 -892.0000000000
4893 -890.0000000000
4924 -889.0000000000
4930 -888.0000000000
4938 -887.0000000000
4944 -886.0000000000
4945 -885.0000000000
4959 -884.0000000000
4969 -883.0000000000
4975 -881.0000000000
4977 -880.0000000000
4989 -879.0000000000
4996 -878.0000000000
5003 -877.0000000000
5024 -876.0000000000
5031 -875.0000000000
5033 -874.0000000000
5034 -873.0000000000
5043 -872.0000000000
5054 -871.0000000000
5063 -870.0000000000
5064 -869.0000000000
5066 -868.0000000000
5074 -866.0000000000
5096 -865.0000000000
5097 -864.0000000000
5104 -862.0000000000
5128 -860.0000000000
5129 -859.0000000000
5132 -857.0000000000
5135 -856.0000000000
5136 -854.0000000000
5152 -853.0000000000
5153 -852.0000000000
5156 -850.0000000000
5158 -849.0000000000
5162 -848.0000000000
5182 -847.0000000000
5184 -846.0000000000
5185 -845.0000000000
5186 -844.0000000000
5204 -843.0000000000
5211 -842.0000000000
5249 -841.0000000000
5251 -840.0000000000
5256 -839.0000000000
5257 -838.0000000000
5258 -837.0000000000
5259 -836.0000000000
5276 -835.0000000000
5295 -834.0000000000
5302 -833.0000000000
5310 -831.0000000000
5325 -830.0000000000
5341 -829.0000000000
5358 -828.0000000000
5375 -827.0000000000
5382 -826.0000000000
5384 -825.0000000000
5392 -824.0000000000
5397 -823.0000000000
5401 -822.0000000000
5406 -821.0000000000
5421 -820.0000000000
5430 -819.0000000000
5431 -818.0000000000
5437 -817.0000000000
5462 -816.0000000000
5464 -815.0000000000
5482 -813.0000000000
5489 -811.0000000000
5496 -810.0000000000
5500 -809.0000000000
5521 -808.0000000000
5525 -806.0000000000
5537 -805.0000000000
5538 -803.0000000000
5542 -802.0000000000
5543 -801.0000000000
5552 -800.0000000000
5559 -798.0000000000
5563 -796.0000000000
5574 -795.0000000000
5575 -794.0000000000
5576 -792.0000000000
5586 -791.0000000000
5589 -790.0000000000
5596 -789.0000000000
5603 -788.0000000000
5621 -786.0000000000
5642 -785.0000000000
5663 -784.0000000000
5666 -783.0000000000
5674 -782.0000000000
5677 -781.0000000000
5700 -780.0000000000
5702 -779.0000000000
5709 -777.0000000000
5718 -776.0000000000
5735 -775.0000000000
5763 -774.0000000000
5782 -773.0000000000
5783 -771.0000000000
5784 -770.0000000000
5796 -769.0000000000
5799 -768.0000000000
5815 -767.0000000000
5823 -766.0000000000
5828 -765.0000000000
5838 -764.0000000000
5842 -763.0000000000
5866 -762.0000000000
5875 -761.0000000000
5888 -760.0000000000
5891 -759.0000000000
5893 -758.0000000000
5908 -757.0000000000
5921 -756.0000000000
5932 -755.0000000000
5933 -754.0000000000
5943 -753.0000000000
5951 -752.0000000000
5975 -751.0000000000
5983 -750.0000000000
5986 -749.0000000000
5988 -748.0000000000
5990 -747.0000000000
6024 -746.0000000000
6029 -745.0000000000
6035 -744.0000000000
6037 -743.0000000000
6038 -741.0000000000
6039 -740.0000000000
6042 -739.0000000000
6045 -738.0000000000
6049 -737.0000000000
6059 -736.0000000000
6061 -735.0000000000
6080 -734.0000000000
6089 -733.0000000000
6108 -731.0000000000
6114 -730.0000000000
6144 -728.0000000000
6149 -726.0000000000
6150 -724.0000000000
6153 -723.0000000000
6170 -722.0000000000
6178 -721.0000000000
6184 -720.0000000000
6191 -719.0000000000
6194 -718.0000000000
6218 -717.0000000000
6219 -716.0000000000
6224 -715.0000000000
6241 -714.0000000000
6247 -713.0000000000
6255 -712.0000000000
6265 -711.0000000000
6289 -710.0000000000
6304 -709.0000000000
6346 -708.0000000000
6348 -707.0000000000
6368 -706.0000000000
6379 -705.0000000000
6390 -704.0000000000
6392 -703.0000000000
6393 -702.0000000000
6397 -701.0000000000
6399 -700.0000000000
6429 -699.0000000000
6438 -698.0000000000
6449 -697.0000000000
6450 -696.0000000000
6455 -695.0000000000
6467 -694.0000000000
6469 -693.0000000000
6474 -692.0000000000
6476 -691.0000000000
6479 -690.0000000000
6485 -689.0000000000
6517 -688.0000000000
6522 -687.0000000000
6528 -686.0000000000
6529 -685.0000000000
6532 -684.0000000000
6535 -683.0000000000
6546 -682.0000000000
6550 -681.0000000000
6554 -680.0000000000
6575 -679.0000000000
6580 -678.0000000000
6583 -677.0000000000
6589 -675.0000000000
6617 -674.0000000000
6636 -673.0000000000
6638 -672.0000000000
6641 -671.0000000000
6651 -670.0000000000
6652 -669.0000000000
6665 -668.0000000000
6688 -667.0000000000
6702 -666.0000000000
6706 -665.0000000000
6734 -664.0000000000
6747 -663.0000000000
6748 -662.0000000000
6764 -661.0000000000
6780 -660.0000000000
6790 -659.0000000000
6791 -658.0000000000
6794 -657.0000000000
6824 -656.0000000000
6832 -655.0000000000
6834 -654.0000000000
6858 -653.0000000000
6869 -652.0000000000
6875 -651.0000000000
6905 -650.0000000000
6909 -649.0000000000
6911 -648.0000000000
6926 -647.0000000000
6935 -646.0000000000
6937 -645.0000000000
6954 -644.0000000000
6956 -642.0000000000
6971 -641.0000000000
6974 -640.0000000000
6987 -639.0000000000
6993 -638.0000000000
6997 -637.0000000000
7001 -636.0000000000
7002 -635.0000000000
7009 -634.0000000000
7014 -633.0000000000
7069 -632.0000000000
7087 -631.0000000000
7093 -630.0000000000
7098 -629.0000000000
7101 -628.0000000000
7122 -627.0000000000
7131 -626.0000000000
7149 -625.0000000000
7151 -624.0000000000
7203 -623.0000000000
7225 -622.0000000000
7227 -621.0000000000
7242 -620.0000000000
7266 -618.0000000000
7322 -617.0000000000
7336 -616.0000000000
7353 -615.0000000000
7373 -614.0000000000
7374 -613.0000000000
7390 -612.0000000000
7417 -611.0000000000
7457 -610.0000000000
7468 -609.0000000000
7483 -608.0000000000
7491 -607.0000000000
7505 -606.0000000000
7518 -605.0000000000
7523 -604.0000000000
7535 -603.0000000000
7540 -602.0000000000
7548 -601.0000000000
7574 -600.0000000000
7576 -599.0000000000
7593 -598.0000000000
7595 -597.0000000000
7602 -596.0000000000
7613 -595.0000000000
7624 -594.0000000000
7649 -593.0000000000
7651 -592.0000000000
7678 -591.0000000000
7695 -590.0000000000
7725 -589.0000000000
7729 -588.0000000000
7735 -587.0000000000
7765 -586.0000000000
7790 -585.0000000000
7794 -584.0000000000
7828 -583.0000000000
7840 -582.0000000000
7853 -579.0000000000
7857 -578.0000000000
7883 -577.0000000000
7920 -576.0000000000
7924 -575.0000000000
7939 -574.0000000000
7944 -573.0000000000
7949 -572.0000000000
7950 -571.0000000000
7959 -570.0000000000
7966 -569.0000000000
7973 -568.0000000000
7999 -567.0000000000
8000 -566.0000000000
8002 -565.0000000000
8008 -564.0000000000
8010 -563.0000000000
8015 -562.0000000000
8027 -561.0000000000
8037 -560.0000000000
8044 -559.0000000000
8046 -558.0000000000
8047 -557.0000000000
8066 -556.0000000000
8118 -555.0000000000
8139 -554.0000000000
8152 -553.0000000000
8206 -552.0000000000
8209 -551.0000000000
8214 -550.0000000000
8228 -549.0000000000
8237 -548.0000000000
8246 -546.0000000000
8278 -545.0000000000
8296 -544.0000000000
8317 -543.0000000000
8365 -542.0000000000
8369 -541.0000000000
8373 -540.0000000000
8421 -539.0000000000
8442 -538.0000000000
8461 -537.0000000000
8528 -536.0000000000
8534 -535.0000000000
8555 -534.0000000000
8606 -533.0000000000
8610 -532.0000000000
8627 -531.0000000000
8647 -530.0000000000
8660 -529.0000000000
8668 -528.0000000000
8684 -527.0000000000
8728 -526.0000000000
8743 -525.0000000000
8755 -524.0000000000
8760 -523.0000000000
8792 -522.0000000000
8813 -521.0000000000
8822 -519.0000000000
8836 -518.0000000000
8849 -517.0000000000
8861 -516.0000000000
8863 -515.0000000000
8868 -514.0000000000
8915 -513.0000000000
8925 -512.0000000000
8930 -511.0000000000
8942 -510.0000000000
8946 -509.0000000000
8954 -508.0000000000
8959 -507.0000000000
8960 -506.0000000000
8994 -505.0000000000
9011 -504.0000000000
9032 -503.0000000000
9045 -502.0000000000
9056 -501.0000000000
9057 -500.0000000000
9060 -499.0000000000
9068 -498.0000000000
9081 -497.0000000000
9117 -496.0000000000
9140 -495.0000000000
9146 -494.0000000000
9169 -493.0000000000
9182 -492.0000000000
9210 -491.0000000000
9215 -490.0000000000
9283 -489.0000000000
9307 -488.0000000000
9315 -487.0000000000
9333 -486.0000000000
9359 -485.0000000000
9390 -484.0000000000
9489 -483.0000000000
9496 -482.0000000000
9503 -481.0000000000
9507 -479.0000000000
9550 -478.0000000000
9555 -477.0000000000
9562 -476.0000000000
9576 -474.0000000000
9588 -473.0000000000
9590 -472.0000000000
9597 -471.0000000000
9614 -470.0000000000
9620 -469.0000000000
9629 -468.0000000000
9634 -467.0000000000
9658 -466.0000000000
9666 -465.0000000000
9687 -464.0000000000
9694 -463.0000000000
9736 -462.0000000000
9738 -461.0000000000
9739 -460.0000000000
9767 -459.0000000000
9820 -458.0000000000
9824 -457.0000000000
9827 -456.0000000000
9836 -454.0000000000
9841 -453.0000000000
9847 -452.0000000000
9852 -451.0000000000
9853 -450.0000000000
9862 -449.0000000000
9878 -447.0000000000
9891 -446.0000000000
9949 -445.0000000000
9958 -444.0000000000
9968 -443.0000000000
9973 -442.0000000000
9979 -441.0000000000
9994 -440.0000000000
10000 -442.0000000000
evaluations raw_y
1 -1928.0000000000
3 -1927.0000000000
4 -1926.0000000000
6 -1925.0000000000
7 -1924.0000000000
19 -1923.0000000000
21 -1921.0000000000
23 -1920.0000000000
28 -1919.0000000000
30 -1918.0000000000
40 -1917.0000000000
42 -1916.0000000000
51 -1915.0000000000
53 -1914.0000000000
54 -1912.0000000000
55 -1911.0000000000
61 -1910.0000000000
66 -1909.0000000000
67 -1908.0000000000
69 -1907.0000000000
70 -1906.0000000000
73 -1905.0000000000
74 -1903.0000000000
76 -1902.0000000000
78 -1901.0000000000
81 -1900.0000000000
82 -1899.0000000000
83 -1898.0000000000
86 -1897.0000000000
91 -1895.0000000000
93 -1894.0000000000
99 -1893.0000000000
102 -1892.0000000000
105 -1890.0000000000
106 -1889.0000000000
110 -1888.0000000000
111 -1887.0000000000
116 -1886.0000000000
120 -1885.0000000000
122 -1884.0000000000
123 -1883.0000000000
131 -1882.0000000000
132 -1880.0000000000
133 -1879.0000000000
134 -1877.0000000000
147 -1876.0000000000
149 -1875.0000000000
152 -1874.0000000000
154 -1873.0000000000
156 -1872.0000000000
163 -1871.0000000000
168 -1870.0000000000
171 -1869.0000000000
173 -1868.0000000000
174 -1867.0000000000
175 -1866.0000000000
197 -1865.0000000000
199 -1864.0000000000
200 -1863.0000000000
203 -1862.0000000000
204 -1860.0000000000
205 -1859.0000000000
209 -1858.0000000000
213 -1856.0000000000
215 -1855.0000000000
216 -1854.0000000000
220 -1853.0000000000
224 -1852.0000000000
225 -1851.0000000000
226 -1850.0000000000
229 -1849.0000000000
236 -1847.0000000000
239 -1846.0000000000
243 -1845.0000000000
250 -1844.0000000000
251 -1843.0000000000
252 -1842.0000000000
263 -1841.0000000000
267 -1839.0000000000
287 -1837.0000000000
289 -1836.0000000000
291 -1835.0000000000
292 -1834.0000000000
303 -1833.0000000000
306 -1831.0000000000
314 -1829.0000000000
316 -1828.0000000000
321 -1826.0000000000
323 -1824.0000000000
332 -1823.0000000000
333 -1822.0000000000
334 -1821.0000000000
336 -1820.0000000000
344 -1819.0000000000
347 -1818.0000000000
348 -1816.0000000000
354 -1815.0000000000
365 -1813.0000000000
366 -1811.0000000000
368 -1810.0000000000
370 -1809.0000000000
371 -1808.0000000000
374 -1807.0000000000
378 -1806.0000000000
381 -1804.0000000000
382 -1803.0000000000
384 -1802.0000000000
386 -1801.0000000000
389 -1800.0000000000
390 -1797.0000000000
391 -1796.0000000000
394 -1795.0000000000
395 -1794.0000000000
410 -1793.0000000000
411 -1792.0000000000
412 -1790.0000000000
413 -1789.0000000000
421 -1788.0000000000
422 -1784.0000000000
424 -1783.0000000000
429 -1782.0000000000
438 -1781.0000000000
442 -1780.0000000000
443 -1779.0000000000
445 -1777.0000000000
448 -1776.0000000000
450 -1775.0000000000
451 -1774.0000000000
458 -1773.0000000000
459 -1772.0000000000
461 -1771.0000000000
462 -1770.0000000000
464 -1769.0000000000
474 -1768.0000000000
485 -1767.0000000000
488 -1766.0000000000
498 -1764.0000000000
501 -1763.0000000000
502 -1762.0000000000
511 -1759.0000000000
512 -1758.0000000000
516 -1757.0000000000
534 -1756.0000000000
536 -1755.0000000000
538 -1753.0000000000
539 -1752.0000000000
541 -1749.0000000000
542 -1748.0000000000
557 -1746.0000000000
566 -1745.0000000000
571 -1743.0000000000
588 -1742.0000000000
590 -1741.0000000000
592 -1740.0000000000
601 -1739.0000000000
606 -1738.0000000000
608 -1737.0000000000
610 -1736.0000000000
622 -1735.0000000000
624 -1733.0000000000
625 -1732.0000000000
626 -1730.0000000000
634 -1729.0000000000
646 -1727.0000000000
649 -1726.0000000000
658 -1725.0000000000
659 -1724.0000000000
668 -1723.0000000000
669 -1722.0000000000
674 -1721.0000000000
676 -1720.0000000000
679 -1718.0000000000
682 -1717.0000000000
685 -1716.0000000000
688 -1715.0000000000
689 -1714.0000000000
690 -1712.0000000000
691 -1710.0000000000
692 -1708.0000000000
701 -1707.0000000000
702 -1706.0000000000
708 -1705.0000000000
714 -1704.0000000000
725 -1703.0000000000
730 -1702.0000000000
733 -1701.0000000000
735 -1700.0000000000
736 -1699.0000000000
738 -1698.0000000000
740 -1697.0000000000
741 -1696.0000000000
746 -1695.0000000000
747 -1694.0000000000
748 -1693.0000000000
752 -1692.0000000000
753 -1691.0000000000
755 -1688.0000000000
757 -1687.0000000000
758 -1685.0000000000
759 -1684.0000000000
762 -1683.0000000000
763 -1682.0000000000
766 -1681.0000000000
769 -1679.0000000000
772 -1677.0000000000
774 -1676.0000000000
778 -1674.0000000000
782 -1673.0000000000
788 -1672.0000000000
789 -1671.0000000000
798 -1670.0000000000
800 -1669.0000000000
804 -1667.0000000000
809 -1666.0000000000
811 -1664.0000000000
812 -1662.0000000000
827 -1661.0000000000
829 -1660.0000000000
837 -1658.0000000000
840 -1656.0000000000
842 -1655.0000000000
843 -1654.0000000000
847 -1653.0000000000
862 -1652.0000000000
864 -1651.0000000000
867 -1650.0000000000
872 -1648.0000000000
878 -1647.0000000000
880 -1646.0000000000
886 -1645.0000000000
887 -1644.0000000000
888 -1643.0000000000
890 -1642.0000000000
896 -1641.0000000000
897 -1640.0000000000
899 -1637.0000000000
901 -1636.0000000000
903 -1634.0000000000
907 -1633.0000000000
909 -1632.0000000000
929 -1631.0000000000
949 -1630.0000000000
952 -1629.0000000000
956 -1628.0000000000
959 -1627.0000000000
964 -1626.0000000000
967 -1624.0000000000
970 -1623.0000000000
972 -1621.0000000000
992 -1620.0000000000
1004 -1619.0000000000
1006 -1618.0000000000
1016 -1617.0000000000
1018 -1616.0000000000
1019 -1615.0000000000
1021 -1614.0000000000
1026 -1612.0000000000
1027 -1611.0000000000
1031 -1609.0000000000
1035 -1608.0000000000
1036 -1607.0000000000
1041 -1606.0000000000
1043 -1605.0000000000
1047 -1604.0000000000
1048 -1602.0000000000
1055 -1601.0000000000
1061 -1600.0000000000
1066 -1599.0000000000
1067 -1598.0000000000
1068 -1597.0000000000
1072 -1596.0000000000
1082 -1595.0000000000
1083 -1594.0000000000
1086 -1592.0000000000
1088 -1590.0000000000
1089 -1589.0000000000
1090 -1588.0000000000
1099 -1587.0000000000
1100 -1586.0000000000
1101 -1585.0000000000
1103 -1584.0000000000
1106 -1582.0000000000
1107 -1580.0000000000
1108 -1578.0000000000
1122 -1577.0000000000
1131 -1576.0000000000
1137 -1575.0000000000
1152 -1574.0000000000
1156 -1573.0000000000
1159 -1572.0000000000
1174 -1571.0000000000
1179 -1570.0000000000
1194 -1568.0000000000
1206 -1566.0000000000
1210 -1565.0000000000
1217 -1563.0000000000
1220 -1562.0000000000
1224 -1561.0000000000
1228 -1560.0000000000
1231 -1559.0000000000
1240 -1558.0000000000
1246 -1557.0000000000
1251 -1556.0000000000
1253 -1555.0000000000
1255 -1554.0000000000
1261 -1553.0000000000
1267 -1552.0000000000
1270 -1551.0000000000
1280 -1550.0000000000
1282 -1549.0000000000
1289 -1548.0000000000
1295 -1547.0000000000
1297 -1545.0000000000
1301 -1543.0000000000
1305 -1542.0000000000
1308 -1541.0000000000
1312 -1540.0000000000
1319 -1539.0000000000
1329 -1537.0000000000
1332 -1536.0000000000
1338 -1535.0000000000
1339 -1534.0000000000
1340 -1533.0000000000
1350 -1531.0000000000
1351 -1530.0000000000
1363 -1529.0000000000
1365 -1528.0000000000
1367 -1527.0000000000
1371 -1525.0000000000
1374 -1524.0000000000
1377 -1523.0000000000
1381 -1522.0000000000
1382 -1521.0000000000
1385 -1520.0000000000
1387 -1519.0000000000
1406 -1517.0000000000
1417 -1516.0000000000
1421 -1515.0000000000
1423 -1513.0000000000
1424 -1512.0000000000
1428 -1511.0000000000
1438 -1510.0000000000
1440 -1509.0000000000
1442 -1508.0000000000
1444 -1507.0000000000
1457 -1506.0000000000
1469 -1504.0000000000
1470 -1503.0000000000
1474 -1502.0000000000
1482 -1501.0000000000
1490 -1500.0000000000
1492 -1499.0000000000
1493 -1496.0000000000
1495 -1495.0000000000
1496 -1494.0000000000
1498 -1492.0000000000
1501 -1490.0000000000
1519 -1489.0000000000
1520 -1488.0000000000
1524 -1487.0000000000
1536 -1486.0000000000
1537 -1485.0000000000
1551 -1484.0000000000
1553 -1482.0000000000
1561 -1481.0000000000
1563 -1480.0000000000
1572 -1478.0000000000
1574 -1477.0000000000
1583 -1476.0000000000
1602 -1475.0000000000
1618 -1474.0000000000
1621 -1472.0000000000
1632 -1471.0000000000
1634 -1470.0000000000
1642 -1469.0000000000
1645 -1468.0000000000
1650 -1467.0000000000
1653 -1466.0000000000
1657 -1464.0000000000
1662 -1463.0000000000
1666 -1461.0000000000
1671 -1460.0000000000
1676 -1459.0000000000
1684 -1457.0000000000
1691 -1456.0000000000
1696 -1455.0000000000
1705 -1454.0000000000
1706 -1452.0000000000
1716 -1451.0000000000
1721 -1450.0000000000
1736 -1448.0000000000
1740 -1446.0000000000
1743 -1445.0000000000
1747 -1444.0000000000
1749 -1443.0000000000
1754 -1441.0000000000
1755 -1440.0000000000
1759 -1439.0000000000
1764 -1438.0000000000
1777 -1436.0000000000
1795 -1435.0000000000
1799 -1434.0000000000
1802 -1433.0000000000
1816 -1432.0000000000
1832 -1431.0000000000
1844 -1430.0000000000
1847 -1429.0000000000
1849 -1428.0000000000
1856 -1427.0000000000
1858 -1425.0000000000
1864 -1424.0000000000
1868 -1423.0000000000
1870 -1422.0000000000
1873 -1421.0000000000
1879 -1420.0000000000
1886 -1419.0000000000
1895 -1417.0000000000
1896 -1416.0000000000
1900 -1415.0000000000
1901 -1414.0000000000
1902 -1413.0000000000
1917 -1411.0000000000
1918 -1410.0000000000
1923 -1408.0000000000
1930 -1407.0000000000
1933 -1406.0000000000
1935 -1405.0000000000
1937 -1404.0000000000
1938 -1402.0000000000
1944 -1401.0000000000
1955 -1400.0000000000
1961 -1399.0000000000
1965 -1398.0000000000
1971 -1397.0000000000
1999 -1395.0000000000
2014 -1394.0000000000
2015 -1393.0000000000
2018 -1391.0000000000
2019 -1390.0000000000
2025 -1389.0000000000
2026 -1388.0000000000
2027 -1386.0000000000
2045 -1385.0000000000
2048 -1384.0000000000
2050 -1383.0000000000
2052 -1382.0000000000
2073 -1381.0000000000
2081 -1380.0000000000
2089 -1379.0000000000
2093 -1377.0000000000
2102 -1376.0000000000
2104 -1374.0000000000
2106 -1373.0000000000
2111 -1372.0000000000
2116 -1371.0000000000
2119 -1370.0000000000
2134 -1369.0000000000
2135 -1368.0000000000
2139 -1367.0000000000
2150 -1366.0000000000
2160 -1365.0000000000
2161 -1364.0000000000
2168 -1363.0000000000
2171 -1362.0000000000
2182 -1361.0000000000
2186 -1360.0000000000
2192 -1359.0000000000
2193 -1358.0000000000
2196 -1356.0000000000
2199 -1355.0000000000
2206 -1353.0000000000
2209 -1352.0000000000
2211 -1351.0000000000
2226 -1349.0000000000
2240 -1348.0000000000
2242 -1347.0000000000
2243 -1346.0000000000
2249 -1345.0000000000
2250 -1344.0000000000
2254 -1343.0000000000
2259 -1342.0000000000
2263 -1339.0000000000
2264 -1338.0000000000
2266 -1337.0000000000
2279 -1336.0000000000
2292 -1335.0000000000
2302 -1334.0000000000
2312 -1333.0000000000
2316 -1332.0000000000
2319 -1331.0000000000
2320 -1330.0000000000
2321 -1329.0000000000
2322 -1328.0000000000
2327 -1327.0000000000
2334 -1326.0000000000
2339 -1325.0000000000
2342 -1324.0000000000
2354 -1323.0000000000
2361 -1322.0000000000
2362 -1320.0000000000
2369 -1319.0000000000
2372 -1318.0000000000
2375 -1317.0000000000
2378 -1316.0000000000
2380 -1315.0000000000
2396 -1314.0000000000
2398 -1313.0000000000
2407 -1312.0000000000
2409 -1311.0000000000
2434 -1310.0000000000
2452 -1309.0000000000
2459 -1308.0000000000
2460 -1307.0000000000
2463 -1306.0000000000
2465 -1305.0000000000
2474 -1304.0000000000
2475 -1302.0000000000
2486 -1301.0000000000
2489 -1300.0000000000
2491 -1299.0000000000
2495 -1297.0000000000
2497 -1296.0000000000
2498 -1295.0000000000
2500 -1293.0000000000
2506 -1292.0000000000
2511 -1291.0000000000
2528 -1290.0000000000
2529 -1289.0000000000
2537 -1288.0000000000
2543 -1287.0000000000
2545 -1285.0000000000
2549 -1284.0000000000
2553 -1283.0000000000
2555 -1282.0000000000
2559 -1281.0000000000
2565 -1280.0000000000
2566 -1279.0000000000
2567 -1278.0000000000
2591 -1276.0000000000
2605 -1275.0000000000
2628 -1274.0000000000
2631 -1273.0000000000
2651 -1272.0000000000
2656 -1271.0000000000
2660 -1270.0000000000
2666 -1268.0000000000
2670 -1267.0000000000
2687 -1266.0000000000
2707 -1265.0000000000
2719 -1263.0000000000
2720 -1262.0000000000
2723 -1261.0000000000
2739 -1260.0000000000
2740 -1259.0000000000
2747 -1258.0000000000
2752 -1257.0000000000
2757 -1256.0000000000
2761 -1255.0000000000
2780 -1254.0000000000
2794 -1253.0000000000
2795 -1252.0000000000
2800 -1250.0000000000
2814 -1249.0000000000
2816 -1248.0000000000
2818 -1247.0000000000
2826 -1246.0000000000
2848 -1244.0000000000
2849 -1243.0000000000
2879 -1241.0000000000
2880 -1240.0000000000
2892 -1239.0000000000
2894 -1238.0000000000
2900 -1237.0000000000
2901 -1236.0000000000
2902 -1235.0000000000
2906 -1234.0000000000
2927 -1233.0000000000
2930 -1232.0000000000
2931 -1231.0000000000
2934 -1230.0000000000
2938 -1229.0000000000
2940 -1228.0000000000
2948 -1227.0000000000
2957 -1226.0000000000
2959 -1225.0000000000
2962 -1224.0000000000
2965 -1223.0000000000
2967 -1222.0000000000
2968 -1221.0000000000
2970 -1220.0000000000
2977 -1219.0000000000
2981 -1218.0000000000
2991 -1217.0000000000
2993 -1216.0000000000
3008 -1215.0000000000
3010 -1214.0000000000
3012 -1213.0000000000
3023 -1212.0000000000
3024 -1211.0000000000
3033 -1210.0000000000
3039 -1209.0000000000
3044 -1207.0000000000
3047 -1205.0000000000
3048 -1204.0000000000
3064 -1202.0000000000
3069 -1201.0000000000
3076 -1200.0000000000
3077 -1199.0000000000
3085 -1198.0000000000
3087 -1197.0000000000
3101 -1196.0000000000
3102 -1195.0000000000
3113 -1194.0000000000
3117 -1193.0000000000
3121 -1192.0000000000
3126 -1191.0000000000
3132 -1190.0000000000
3134 -1189.0000000000
3143 -1187.0000000000
3148 -1186.0000000000
3150 -1185.0000000000
3158 -1183.0000000000
3160 -1182.0000000000
3179 -1181.0000000000
3187 -1180.0000000000
3188 -1178.0000000000
3213 -1176.0000000000
3214 -1175.0000000000
3215 -1174.0000000000
3219 -1173.0000000000
3224 -1171.0000000000
3230 -1170.0000000000
3231 -1169.0000000000
3242 -1168.0000000000
3244 -1167.0000000000
3247 -1166.0000000000
3267 -1165.0000000000
3269 -1164.0000000000
3271 -1163.0000000000
3277 -1162.0000000000
3282 -1161.0000000000
3290 -1160.0000000000
3295 -1159.0000000000
3297 -1158.0000000000
3300 -1157.0000000000
3306 -1155.0000000000
3308 -1154.0000000000
3310 -1153.0000000000
3318 -1152.0000000000
3320 -1151.0000000000
3325 -1150.0000000000
3326 -1149.0000000000
3338 -1148.0000000000
3341 -1147.0000000000
3367 -1146.0000000000
3368 -1145.0000000000
3372 -1144.0000000000
3377 -1142.0000000000
3379 -1141.0000000000
3385 -1140.0000000000
3397 -1138.0000000000
3399 -1136.0000000000
3401 -1135.0000000000
3407 -1134.0000000000
3413 -1133.0000000000
3430 -1132.0000000000
3438 -1131.0000000000
3443 -1130.0000000000
3458 -1129.0000000000
3472 -1128.0000000000
3480 -1127.0000000000
3484 -1126.0000000000
3486 -1125.0000000000
3492 -1123.0000000000
3509 -1122.0000000000
3519 -1121.0000000000
3525 -1120.0000000000
3527 -1119.0000000000
3529 -1117.0000000000
3531 -1116.0000000000
3542 -1115.0000000000
3557 -1114.0000000000
3570 -1113.0000000000
3573 -1112.0000000000
3583 -1111.0000000000
3588 -1109.0000000000
3607 -1108.0000000000
3615 -1106.0000000000
3620 -1105.0000000000
3629 -1104.0000000000
3641 -1103.0000000000
3643 -1101.0000000000
3649 -1099.0000000000
3651 -1098.0000000000
3661 -1097.0000000000
3667 -1096.0000000000
3668 -1095.0000000000
3670 -1093.0000000000
3679 -1092.0000000000
3704 -1091.0000000000
3708 -1090.0000000000
3717 -1089.0000000000
3724 -1088.0000000000
3726 -1087.0000000000
3728 -1086.0000000000
3729 -1085.0000000000
3733 -1084.0000000000
3739 -1083.0000000000
3741 -1082.0000000000
3744 -1081.0000000000
3747 -1080.0000000000
3752 -1079.0000000000
3764 -1078.0000000000
3780 -1077.0000000000
3786 -1076.0000000000
3793 -1075.0000000000
3796 -1074.0000000000
3797 -1073.0000000000
3803 -1071.0000000000
3804 -1070.0000000000
3805 -1069.0000000000
3818 -1068.0000000000
3825 -1067.0000000000
3834 -1066.0000000000
3841 -1065.0000000000
3856 -1063.0000000000
3858 -1062.0000000000
3860 -1061.0000000000
3863 -1060.0000000000
3887 -1059.0000000000
3890 -1058.0000000000
3897 -1057.0000000000
3898 -1056.0000000000
3903 -1055.0000000000
3905 -1054.0000000000
3911 -1053.0000000000
3927 -1052.0000000000
3932 -1051.0000000000
3957 -1050.0000000000
3959 -1049.0000000000
3961 -1048.0000000000
3962 -1047.0000000000
3963 -1045.0000000000
3997 -1044.0000000000
4001 -1043.0000000000
4012 -1042.0000000000
4017 -1041.0000000000
4020 -1040.0000000000
4021 -1039.0000000000
4026 -1038.0000000000
4038 -1037.0000000000
4049 -1036.0000000000
4050 -1035.0000000000
4056 -1033.0000000000
4059 -1032.0000000000
4083 -1031.0000000000
4086 -1030.0000000000
4087 -1029.0000000000
4089 -1028.0000000000
4105 -1027.0000000000
4119 -1025.0000000000
4126 -1023.0000000000
4132 -1022.0000000000
4134 -1021.0000000000
4136 -1020.0000000000
4142 -1019.0000000000
4166 -1018.0000000000
4177 -1017.0000000000
4185 -1015.0000000000
4187 -1014.0000000000
4189 -1013.0000000000
4191 -1012.0000000000
4203 -1011.0000000000
4206 -1010.0000000000
4207 -1009.0000000000
4211 -1008.0000000000
4214 -1007.0000000000
4223 -1006.0000000000
4240 -1005.0000000000
4253 -1004.0000000000
4278 -1003.0000000000
4300 -1002.0000000000
4301 -1001.0000000000
4302 -1000.0000000000
4314 -998.0000000000
4319 -996.0000000000
4323 -995.0000000000
4327 -994.0000000000
4330 -993.0000000000
4341 -992.0000000000
4346 -991.0000000000
4359 -990.0000000000
4370 -989.0000000000
4373 -987.0000000000
4377 -986.0000000000
4389 -985.0000000000
4406 -984.0000000000
4423 -983.0000000000
4428 -982.0000000000
4429 -981.0000000000
4434 -980.0000000000
4440 -979.0000000000
4441 -977.0000000000
4447 -976.0000000000
4453 -975.0000000000
4454 -974.0000000000
4456 -973.0000000000
4459 -972.0000000000
4460 -971.0000000000
4466 -970.0000000000
4471 -969.0000000000
4488 -968.0000000000
4490 -967.0000000000
4491 -966.0000000000
4494 -965.0000000000
4496 -963.0000000000
4499 -962.0000000000
4500 -961.0000000000
4507 -960.0000000000
4511 -959.0000000000
4515 -958.0000000000
4532 -957.0000000000
4536 -956.0000000000
4548 -954.0000000000
4549 -953.0000000000
4555 -952.0000000000
4563 -951.0000000000
4586 -949.0000000000
4597 -947.0000000000
4600 -946.0000000000
4601 -945.0000000000
4604 -944.0000000000
4614 -943.0000000000
4621 -942.0000000000
4625 -941.0000000000
4633 -939.0000000000
4649 -938.0000000000
4669 -937.0000000000
4670 -936.0000000000
4672 -935.0000000000
4687 -934.0000000000
4695 -933.0000000000
4700 -932.0000000000
4712 -931.0000000000
4719 -930.0000000000
4722 -929.0000000000
4725 -928.0000000000
4727 -927.0000000000
4736 -926.0000000000
4741 -925.0000000000
4746 -924.0000000000
4751 -922.0000000000
4774 -921.0000000000
4780 -920.0000000000
4784 -919.0000000000
4789 -918.0000000000
4796 -917.0000000000
4798 -916.0000000000
4810 -915.0000000000
4814 -914.0000000000
4820 -913.0000000000
4825 -911.0000000000
4826 -910.0000000000
4835 -909.0000000000
4850 -908.0000000000
4854 -907.0000000000
4856 -904.0000000000
4864 -901.0000000000
4865 -900.0000000000
4869 -899.0000000000
4870 -898.0000000000
4880 -897.0000000000
4884 -896.0000000000
4895 -895.0000000000
4899 -893.0000000000
4900 -892.0000000000
4919 -891.0000000000
4930 -890.0000000000
4931 -889.0000000000
4934 -888.0000000000
4937 -887.0000000000
4948 -886.0000000000
4968 -885.0000000000
4974 -884.0000000000
4975 -883.0000000000
4998 -882.0000000000
5006 -881.0000000000
5014 -880.0000000000
5018 -879.0000000000
5022 -878.0000000000
5029 -876.0000000000
5035 -875.0000000000
5041 -874.0000000000
5055 -873.0000000000
5067 -872.0000000000
5087 -871.0000000000
5088 -870.0000000000
5095 -869.0000000000
5101 -868.0000000000
5116 -867.0000000000
5130 -866.0000000000
5131 -865.0000000000
5138 -864.0000000000
5142 -863.0000000000
5146 -862.0000000000
5147 -861.0000000000
5148 -860.0000000000
5151 -859.0000000000
5152 -858.0000000000
5173 -857.0000000000
5175 -856.0000000000
5182 -855.0000000000
5237 -854.0000000000
5245 -853.0000000000
5253 -852.0000000000
5257 -851.0000000000
5265 -849.0000000000
5270 -848.0000000000
5275 -847.0000000000
5276 -846.0000000000
5285 -845.0000000000
5286 -844.0000000000
5289 -843.0000000000
5305 -842.0000000000
5313 -841.0000000000
5368 -840.0000000000
5372 -839.0000000000
5380 -838.0000000000
5388 -837.0000000000
5391 -836.0000000000
5414 -835.0000000000
5419 -834.0000000000
5427 -833.0000000000
5429 -832.0000000000
5459 -831.0000000000
5466 -830.0000000000
5491 -828.0000000000
5504 -827.0000000000
5510 -826.0000000000
5515 -825.0000000000
5517 -823.0000000000
5522 -822.0000000000
5524 -821.0000000000
5543 -820.0000000000
5549 -819.0000000000
5579 -817.0000000000
5606 -816.0000000000
5622 -815.0000000000
5631 -813.0000000000
5637 -812.0000000000
5640 -811.0000000000
5642 -810.0000000000
5650 -809.0000000000
5653 -808.0000000000
5668 -807.0000000000
5669 -806.0000000000
5677 -805.0000000000
5680 -804.0000000000
5700 -803.0000000000
5706 -802.0000000000
5714 -801.0000000000
5720 -800.0000000000
5733 -799.0000000000
5747 -798.0000000000
5754 -797.0000000000
5755 -796.0000000000
5762 -795.0000000000
5764 -794.0000000000
5765 -793.0000000000
5767 -792.0000000000
5778 -791.0000000000
5785 -790.0000000000
5793 -789.0000000000
5815 -788.0000000000
5817 -786.0000000000
5828 -785.0000000000
5832 -784.0000000000
5840 -783.0000000000
5841 -782.0000000000
5867 -781.0000000000
5872 -780.0000000000
5880 -779.0000000000
5887 -778.0000000000
5889 -777.0000000000
5911 -776.0000000000
5914 -775.0000000000
5916 -774.0000000000
5925 -773.0000000000
5931 -772.0000000000
5935 -770.0000000000
5940 -769.0000000000
5941 -768.0000000000
5958 -767.0000000000
5959 -766.0000000000
5982 -765.0000000000
5987 -764.0000000000
5990 -763.0000000000
5999 -762.0000000000
6013 -761.0000000000
6020 -760.0000000000
6027 -759.0000000000
6029 -758.0000000000
6032 -757.0000000000
6067 -756.0000000000
6079 -754.0000000000
6086 -753.0000000000
6089 -752.0000000000
6097 -751.0000000000
6103 -750.0000000000
6112 -749.0000000000
6120 -748.0000000000
6121 -747.0000000000
6123 -746.0000000000
6124 -744.0000000000
6132 -743.0000000000
6134 -742.0000000000
6156 -741.0000000000
6172 -740.0000000000
6180 -739.0000000000
6187 -738.0000000000
6204 -736.0000000000
6214 -735.0000000000
6217 -734.0000000000
6227 -733.0000000000
6255 -732.0000000000
6258 -731.0000000000
6260 -730.0000000000
6286 -729.0000000000
6293 -727.0000000000
6298 -726.0000000000
6310 -725.0000000000
6312 -724.0000000000
6319 -723.0000000000
6320 -722.0000000000
6325 -721.0000000000
6329 -720.0000000000
6340 -719.0000000000
6341 -718.0000000000
6343 -716.0000000000
6373 -715.0000000000
6375 -714.0000000000
6378 -713.0000000000
6393 -711.0000000000
6403 -710.0000000000
6419 -709.0000000000
6432 -708.0000000000
6433 -707.0000000000
6443 -706.0000000000
6446 -705.0000000000
6455 -704.0000000000
6462 -703.0000000000
6473 -702.0000000000
6476 -701.0000000000
6480 -699.0000000000
6498 -698.0000000000
6505 -697.0000000000
6526 -696.0000000000
6539 -695.0000000000
6550 -694.0000000000
6552 -693.0000000000
6564 -692.0000000000
6565 -691.0000000000
6573 -690.0000000000
6578 -689.0000000000
6579 -688.0000000000
6581 -687.0000000000
6594 -685.0000000000
6630 -684.0000000000
6631 -683.0000000000
6668 -682.0000000000
6679 -681.0000000000
6711 -680.0000000000
6717 -678.0000000000
6723 -677.0000000000
6724 -676.0000000000
6733 -675.0000000000
6745 -673.0000000000
6751 -672.0000000000
6760 -671.0000000000
6791 -670.0000000000
6796 -669.0000000000
6818 -668.0000000000
6821 -667.0000000000
6833 -665.0000000000
6835 -664.0000000000
6841 -663.0000000000
6846 -662.0000000000
6873 -661.0000000000
6879 -660.0000000000
6896 -659.0000000000
6897 -658.0000000000
6909 -657.0000000000
6917 -656.0000000000
6925 -655.0000000000
6926 -653.0000000000
6950 -652.0000000000
6967 -651.0000000000
6978 -650.0000000000
7002 -649.0000000000
7028 -648.0000000000
7032 -646.0000000000
7062 -645.0000000000
7065 -644.0000000000
7074 -643.0000000000
7075 -642.0000000000
7090 -641.0000000000
7108 -640.0000000000
7116 -638.0000000000
7147 -637.0000000000
7150 -636.0000000000
7156 -635.0000000000
7163 -634.0000000000
7191 -633.0000000000
7203 -632.0000000000
7232 -630.0000000000
7233 -629.0000000000
7237 -628.0000000000
7249 -627.0000000000
7256 -626.0000000000
7272 -625.0000000000
7285 -624.0000000000
7288 -622.0000000000
7295 -621.0000000000
7298 -620.0000000000
7306 -619.0000000000
7361 -618.0000000000
7365 -617.0000000000
7459 -616.0000000000
7473 -615.0000000000
7475 -614.0000000000
7491 -613.0000000000
7500 -612.0000000000
7506 -611.0000000000
7525 -610.0000000000
7548 -609.0000000000
7570 -608.0000000000
7571 -607.0000000000
7595 -606.0000000000
7656 -605.0000000000
7661 -604.0000000000
7674 -603.0000000000
7681 -602.0000000000
7684 -601.0000000000
7716 -600.0000000000
7718 -599.0000000000
7733 -598.0000000000
7748 -597.0000000000
7778 -596.0000000000
7779 -595.0000000000
7783 -594.0000000000
7788 -593.0000000000
7799 -592.0000000000
7807 -591.0000000000
7823 -590.0000000000
7837 -589.0000000000
7840 -588.0000000000
7849 -587.0000000000
7882 -586.0000000000
7889 -584.0000000000
7894 -583.0000000000
7924 -582.0000000000
7929 -581.0000000000
7934 -580.0000000000
7942 -579.0000000000
7949 -578.0000000000
7950 -577.0000000000
7954 -576.0000000000
7957 -574.0000000000
7959 -573.0000000000
7985 -572.0000000000
8024 -571.0000000000
8066 -570.0000000000
8067 -569.0000000000
8071 -568.0000000000
8088 -567.0000000000
8089 -566.0000000000
8102 -565.0000000000
8113 -564.0000000000
8127 -563.0000000000
8135 -562.0000000000
8139 -561.0000000000
8150 -560.0000000000
8182 -559.0000000000
8192 -558.0000000000
8194 -557.0000000000
8199 -556.0000000000
8210 -555.0000000000
8224 -554.0000000000
8239 -553.0000000000
8282 -552.0000000000
8284 -551.0000000000
8291 -550.0000000000
8292 -549.0000000000
8306 -548.0000000000
8337 -547.0000000000
8347 -545.0000000000
8369 -544.0000000000
8391 -543.0000000000
8403 -542.0000000000
8417 -541.0000000000
8428 -539.0000000000
8429 -537.0000000000
8451 -536.0000000000
8477 -535.0000000000
8482 -534.0000000000
8497 -533.0000000000
8501 -532.0000000000
8512 -531.0000000000
8532 -530.0000000000
8537 -528.0000000000
8548 -527.0000000000
8549 -526.0000000000
8562 -525.0000000000
8579 -524.0000000000
8583 -523.0000000000
8615 -522.0000000000
8637 -521.0000000000
8650 -520.0000000000
8655 -519.0000000000
8666 -518.0000000000
8672 -517.0000000000
8693 -516.0000000000
8705 -515.0000000000
8714 -513.0000000000
8726 -512.0000000000
8754 -511.0000000000
8771 -510.0000000000
8788 -509.0000000000
8801 -508.0000000000
8825 -507.0000000000
8870 -506.0000000000
8891 -505.0000000000
8900 -504.0000000000
8901 -503.0000000000
8910 -502.0000000000
8934 -501.0000000000
8942 -500.0000000000
8977 -499.0000000000
8988 -498.0000000000
9005 -497.0000000000
9094 -496.0000000000
9101 -494.0000000000
9134 -493.0000000000
9142 -492.0000000000
9146 -491.0000000000
9163 -490.0000000000
9174 -489.0000000000
9178 -488.0000000000
9247 -487.0000000000
9250 -486.0000000000
9262 -485.0000000000
9272 -484.0000000000
9294 -483.0000000000
9313 -482.0000000000
9331 -481.0000000000
9365 -480.0000000000
9371 -479.0000000000
9421 -478.0000000000
9423 -477.0000000000
9463 -476.0000000000
9466 -475.0000000000
9483 -474.0000000000
9488 -472.0000000000
9506 -471.0000000000
9510 -470.0000000000
9511 -469.0000000000
9526 -468.0000000000
9573 -467.0000000000
9587 -466.0000000000
9641 -465.0000000000
9648 -464.0000000000
9667 -463.0000000000
9678 -462.0000000000
9683 -461.0000000000
9689 -460.0000000000
9694 -459.0000000000
9710 -457.0000000000
9751 -456.0000000000
9754 -455.0000000000
9793 -454.0000000000
9796 -453.0000000000
9821 -452.0000000000
9847 -451.0000000000
9852 -450.0000000000
9861 -448.0000000000
9868 -447.0000000000
9879 -446.0000000000
9883 -445.0000000000
9884 -444.0000000000
9886 -443.0000000000
9891 -442.0000000000
9930 -440.0000000000
9952 -439.0000000000
9973 -438.0000000000
10000 -439.0000000000
evaluations raw_y
1 -2005.0000000000
5 -2004.0000000000
9 -2003.0000000000
12 -2002.0000000000
14 -2000.0000000000
15 -1999.0000000000
23 -1998.0000000000
24 -1996.0000000000
26 -1995.0000000000
29 -1994.0000000000
33 -1993.0000000000
36 -1992.0000000000
44 -1991.0000000000
47 -1989.0000000000
48 -1988.0000000000
49 -1987.0000000000
53 -1986.0000000000
56 -1985.0000000000
60 -1984.0000000000
64 -1983.0000000000
67 -1982.0000000000
68 -1981.0000000000
82 -1978.0000000000
86 -1977.0000000000
88 -1976.0000000000
90 -1975.0000000000
92 -1974.0000000000
94 -1972.0000000000
105 -1970.0000000000
114 -1968.0000000000
116 -1967.0000000000
117 -1966.0000000000
119 -1965.0000000000
126 -1964.0000000000
130 -1963.0000000000
134 -1961.0000000000
143 -1960.0000000000
147 -1958.0000000000
157 -1956.0000000000
160 -1954.0000000000
161 -1952.0000000000
167 -1950.0000000000
168 -1947.0000000000
170 -1946.0000000000
171 -1945.0000000000
175 -1944.0000000000
177 -1943.0000000000
185 -1940.0000000000
187 -1938.0000000000
188 -1937.0000000000
194 -1936.0000000000
208 -1934.0000000000
210 -1933.0000000000
215 -1931.0000000000
219 -1929.0000000000
220 -1928.0000000000
224 -1927.0000000000
227 -1926.0000000000
231 -1925.0000000000
232 -1923.0000000000
236 -1922.0000000000
242 -1921.0000000000
245 -1920.0000000000
257 -1919.0000000000
261 -1918.0000000000
267 -1916.0000000000
278 -1915.0000000000
280 -1914.0000000000
283 -1913.0000000000
284 -1912.0000000000
286 -1911.0000000000
291 -1910.0000000000
294 -1909.0000000000
298 -1908.0000000000
300 -1907.0000000000
301 -1906.0000000000
303 -1904.0000000000
305 -1903.0000000000
309 -1902.0000000000
311 -1901.0000000000
316 -1900.0000000000
317 -1899.0000000000
328 -1898.0000000000
330 -1895.0000000000
332 -1894.0000000000
334 -1893.0000000000
342 -1891.0000000000
345 -1890.0000000000
352 -1889.0000000000
355 -1886.0000000000
365 -1885.0000000000
369 -1884.0000000000
376 -1883.0000000000
377 -1882.0000000000
379 -1881.0000000000
394 -1879.0000000000
395 -1878.0000000000
396 -1877.0000000000
400 -1876.0000000000
406 -1875.0000000000
410 -1874.0000000000
418 -1873.0000000000
419 -1871.0000000000
420 -1870.0000000000
423 -1869.0000000000
424 -1867.0000000000
425 -1866.0000000000
426 -1865.0000000000
427 -1864.0000000000
433 -1861.0000000000
434 -1860.0000000000
440 -1859.0000000000
446 -1857.0000000000
447 -1856.0000000000
449 -1853.0000000000
453 -1852.0000000000
460 -1851.0000000000
461 -1849.0000000000
472 -1848.0000000000
475 -1845.0000000000
498 -1844.0000000000
499 -1843.0000000000
505 -1841.0000000000
506 -1840.0000000000
513 -1839.0000000000
515 -1838.0000000000
520 -1837.0000000000
523 -1836.0000000000
526 -1834.0000000000
527 -1833.0000000000
532 -1832.0000000000
535 -1830.0000000000
537 -1829.0000000000
538 -1824.0000000000
540 -1823.0000000000
541 -1822.0000000000
545 -1821.0000000000
546 -1820.0000000000
550 -1818.0000000000
552 -1816.0000000000
553 -1815.0000000000
554 -1814.0000000000
560 -1813.0000000000
561 -1812.0000000000
577 -1810.0000000000
580 -1809.0000000000
588 -1808.0000000000
589 -1807.0000000000
591 -1806.0000000000
593 -1804.0000000000
596 -1803.0000000000
602 -1801.0000000000
609 -1800.0000000000
613 -1799.0000000000
619 -1798.0000000000
621 -1797.0000000000
622 -1796.0000000000
632 -1795.0000000000
635 -1794.0000000000
643 -1793.0000000000
645 -1792.0000000000
647 -1791.0000000000
649 -1790.0000000000
651 -1789.0000000000
665 -1788.0000000000
667 -1787.0000000000
668 -1786.0000000000
669 -1785.0000000000
670 -1784.0000000000
672 -1783.0000000000
677 -1782.0000000000
685 -1781.0000000000
687 -1780.0000000000
688 -1777.0000000000
694 -1776.0000000000
696 -1775.0000000000
700 -1774.0000000000
702 -1773.0000000000
708 -1772.0000000000
711 -1771.0000000000
713 -1770.0000000000
714 -1768.0000000000
720 -1767.0000000000
730 -1766.0000000000
737 -1765.0000000000
743 -1764.0000000000
745 -1763.0000000000
746 -1760.0000000000
748 -1759.0000000000
750 -1758.0000000000
752 -1757.0000000000
755 -1756.0000000000
760 -1755.0000000000
766 -1754.0000000000
767 -1752.0000000000
790 -1751.0000000000
793 -1750.0000000000
794 -1748.0000000000
805 -1747.0000000000
818 -1746.0000000000
822 -1745.0000000000
829 -1744.0000000000
830 -1743.0000000000
833 -1742.0000000000
834 -1741.0000000000
840 -1740.0000000000
846 -1739.0000000000
848 -1737.0000000000
857 -1736.0000000000
858 -1734.0000000000
861 -1733.0000000000
862 -1731.0000000000
877 -1730.0000000000
880 -1728.0000000000
882 -1727.0000000000
886 -1726.0000000000
891 -1725.0000000000
894 -1724.0000000000
898 -1722.0000000000
903 -1721.0000000000
904 -1720.0000000000
905 -1719.0000000000
915 -1718.0000000000
916 -1717.0000000000
917 -1716.0000000000
921 -1715.0000000000
922 -1714.0000000000
923 -1713.0000000000
926 -1712.0000000000
928 -1711.0000000000
932 -1710.0000000000
936 -1709.0000000000
939 -1708.0000000000
946 -1706.0000000000
949 -1705.0000000000
955 -1704.0000000000
957 -1703.0000000000
958 -1701.0000000000
965 -1700.0000000000
967 -1698.0000000000
969 -1697.0000000000
970 -1695.0000000000
973 -1694.0000000000
977 -1693.0000000000
979 -1692.0000000000
982 -1691.0000000000
985 -1690.0000000000
990 -1689.0000000000
993 -1688.0000000000
999 -1686.0000000000
1000 -1685.0000000000
1002 -1684.0000000000
1007 -1683.0000000000
1020 -1682.0000000000
1024 -1679.0000000000
1032 -1678.0000000000
1033 -1677.0000000000
1041 -1674.0000000000
1042 -1672.0000000000
1044 -1671.0000000000
1045 -1670.0000000000
1046 -1669.0000000000
1047 -1667.0000000000
1049 -1666.0000000000
1052 -1665.0000000000
1053 -1662.0000000000
1056 -1661.0000000000
1058 -1660.0000000000
1059 -1658.0000000000
1063 -1657.0000000000
1064 -1656.0000000000
1066 -1655.0000000000
1067 -1654.0000000000
1071 -1653.0000000000
1078 -1652.0000000000
1082 -1650.0000000000
1083 -1649.0000000000
1087 -1647.0000000000
1089 -1646.0000000000
1094 -1645.0000000000
1095 -1644.0000000000
1103 -1642.0000000000
1108 -1641.0000000000
1114 -1640.0000000000
1115 -1639.0000000000
1121 -1638.0000000000
1128 -1637.0000000000
1132 -1635.0000000000
1137 -1634.0000000000
1144 -1633.0000000000
1145 -1632.0000000000
1148 -1631.0000000000
1151 -1630.0000000000
1155 -1629.0000000000
1168 -1628.0000000000
1176 -1627.0000000000
1190 -1626.0000000000
1193 -1622.0000000000
1198 -1621.0000000000
1199 -1619.0000000000
1203 -1618.0000000000
1210 -1615.0000000000
1212 -1614.0000000000
1221 -1612.0000000000
1230 -1611.0000000000
1234 -1609.0000000000
1235 -1607.0000000000
1236 -1605.0000000000
1238 -1604.0000000000
1255 -1603.0000000000
1259 -1602.0000000000
1260 -1601.0000000000
1265 -1600.0000000000
1277 -1599.0000000000
1278 -1598.0000000000
1285 -1597.0000000000
1288 -1596.0000000000
1294 -1595.0000000000
1295 -1594.0000000000
1300 -1593.0000000000
1303 -1592.0000000000
1305 -1590.0000000000
1306 -1589.0000000000
1309 -1588.0000000000
1321 -1586.0000000000
1329 -1585.0000000000
1331 -1584.0000000000
1332 -1583.0000000000
1354 -1582.0000000000
1363 -1581.0000000000
1366 -1579.0000000000
1369 -1578.0000000000
1370 -1577.0000000000
1371 -1576.0000000000
1374 -1575.0000000000
1375 -1573.0000000000
1382 -1572.0000000000
1385 -1571.0000000000
1388 -1570.0000000000
1408 -1569.0000000000
1416 -1568.0000000000
1420 -1567.0000000000
1422 -1566.0000000000
1429 -1565.0000000000
1430 -1564.0000000000
1433 -1563.0000000000
1436 -1562.0000000000
1442 -1561.0000000000
1444 -1560.0000000000
1446 -1557.0000000000
1447 -1556.0000000000
1460 -1554.0000000000
1467 -1553.0000000000
1469 -1552.0000000000
1470 -1551.0000000000
1471 -1550.0000000000
1480 -1548.0000000000
1481 -1547.0000000000
1495 -1546.0000000000
1499 -1544.0000000000
1504 -1542.0000000000
1506 -1541.0000000000
1509 -1540.0000000000
1515 -1537.0000000000
1520 -1536.0000000000
1521 -1535.0000000000
1527 -1534.0000000000
1535 -1533.0000000000
1536 -1532.0000000000
1537 -1530.0000000000
1539 -1529.0000000000
1552 -1528.0000000000
1567 -1527.0000000000
1569 -1526.0000000000
1572 -1525.0000000000
1582 -1524.0000000000
1584 -1523.0000000000
1586 -1522.0000000000
1595 -1521.0000000000
1596 -1519.0000000000
1603 -1517.0000000000
1614 -1516.0000000000
1615 -1514.0000000000
1616 -1513.0000000000
1619 -1511.0000000000
1620 -1510.0000000000
1633 -1509.0000000000
1634 -1508.0000000000
1646 -1507.0000000000
1653 -1506.0000000000
1656 -1504.0000000000
1657 -1502.0000000000
1665 -1501.0000000000
1666 -1500.0000000000
1672 -1499.0000000000
1673 -1498.0000000000
1681 -1497.0000000000
1691 -1496.0000000000
1692 -1495.0000000000
1693 -1494.0000000000
1707 -1493.0000000000
1713 -1491.0000000000
1715 -1490.0000000000
1727 -1489.0000000000
1747 -1488.0000000000
1752 -1487.0000000000
1753 -1486.0000000000
1781 -1485.0000000000
1790 -1484.0000000000
1797 -1483.0000000000
1799 -1481.0000000000
1806 -1480.0000000000
1815 -1479.0000000000
1824 -1478.0000000000
1826 -1477.0000000000
1827 -1476.0000000000
1835 -1473.0000000000
1837 -1471.0000000000
1854 -1470.0000000000
1870 -1469.0000000000
1872 -1467.0000000000
1874 -1465.0000000000
1877 -1464.0000000000
1878 -1463.0000000000
1881 -1462.0000000000
1889 -1461.0000000000
1893 -1460.0000000000
1906 -1459.0000000000
1907 -1458.0000000000
1914 -1457.0000000000
1915 -1456.0000000000
1916 -1455.0000000000
1918 -1454.0000000000
1944 -1453.0000000000
1949 -1452.0000000000
1951 -1451.0000000000
1952 -1450.0000000000
1954 -1449.0000000000
1961 -1448.0000000000
1973 -1447.0000000000
1983 -1446.0000000000
1989 -1444.0000000000
2001 -1443.0000000000
2018 -1442.0000000000
2023 -1440.0000000000
2026 -1439.0000000000
2038 -1437.0000000000
2040 -1436.0000000000
2046 -1434.0000000000
2048 -1433.0000000000
2049 -1432.0000000000
2051 -1431.0000000000
2052 -1430.0000000000
2054 -1429.0000000000
2070 -1428.0000000000
2071 -1426.0000000000
2082 -1425.0000000000
2084 -1424.0000000000
2087 -1421.0000000000
2091 -1420.0000000000
2103 -1419.0000000000
2106 -1418.0000000000
2114 -1417.0000000000
2128 -1416.0000000000
2132 -1415.0000000000
2134 -1414.0000000000
2135 -1412.0000000000
2137 -1411.0000000000
2141 -1410.0000000000
2153 -1409.0000000000
2154 -1408.0000000000
2158 -1407.0000000000
2168 -1406.0000000000
2169 -1405.0000000000
2172 -1404.0000000000
2175 -1403.0000000000
2176 -1402.0000000000
2181 -1401.0000000000
2187 -1400.0000000000
2192 -1398.0000000000
2196 -1397.0000000000
2202 -1396.0000000000
2208 -1394.0000000000
2211 -1393.0000000000
2214 -1391.0000000000
2216 -1390.0000000000
2226 -1389.0000000000
2230 -1387.0000000000
2235 -1385.0000000000
2240 -1384.0000000000
2250 -1383.0000000000
2252 -1382.0000000000
2257 -1381.0000000000
2263 -1380.0000000000
2273 -1379.0000000000
2277 -1378.0000000000
2281 -1377.0000000000
2283 -1376.0000000000
2288 -1375.0000000000
2289 -1374.0000000000
2292 -1373.0000000000
2302 -1372.0000000000
2303 -1371.0000000000
2312 -1370.0000000000
2318 -1369.0000000000
2319 -1368.0000000000
2322 -1367.0000000000
2329 -1366.0000000000
2333 -1365.0000000000
2335 -1364.0000000000
2340 -1363.0000000000
2344 -1362.0000000000
2349 -1360.0000000000
2358 -1359.0000000000
2360 -1358.0000000000
2366 -1357.0000000000
2372 -1356.0000000000
2381 -1355.0000000000
2394 -1354.0000000000
2398 -1353.0000000000
2405 -1351.0000000000
2414 -1350.0000000000
2417 -1349.0000000000
2418 -1348.0000000000
2421 -1347.0000000000
2427 -1346.0000000000
2428 -1345.0000000000
2432 -1344.0000000000
2444 -1343.0000000000
2453 -1342.0000000000
2457 -1341.0000000000
2459 -1340.0000000000
2460 -1338.0000000000
2463 -1337.0000000000
2465 -1336.0000000000
2467 -1334.0000000000
2472 -1333.0000000000
2478 -1332.0000000000
2479 -1331.0000000000
2483 -1330.0000000000
2489 -1328.0000000000
2492 -1325.0000000000
2497 -1324.0000000000
2499 -1323.0000000000
2501 -1322.0000000000
2502 -1321.0000000000
2509 -1320.0000000000
2515 -1319.0000000000
2516 -1318.0000000000
2518 -1317.0000000000
2526 -1315.0000000000
2527 -1314.0000000000
2541 -1313.0000000000
2542 -1312.0000000000
2556 -1311.0000000000
2558 -1310.0000000000
2566 -1309.0000000000
2582 -1308.0000000000
2590 -1307.0000000000
2594 -1305.0000000000
2597 -1303.0000000000
2600 -1302.0000000000
2606 -1300.0000000000
2611 -1299.0000000000
2617 -1298.0000000000
2621 -1297.0000000000
2630 -1295.0000000000
2642 -1294.0000000000
2645 -1292.0000000000
2648 -1291.0000000000
2652 -1290.0000000000
2654 -1289.0000000000
2659 -1288.0000000000
2675 -1287.0000000000
2684 -1286.0000000000
2695 -1284.0000000000
2708 -1282.0000000000
2721 -1281.0000000000
2727 -1280.0000000000
2728 -1279.0000000000
2730 -1278.0000000000
2735 -1277.0000000000
2745 -1276.0000000000
2748 -1275.0000000000
2749 -1274.0000000000
2751 -1273.0000000000
2752 -1271.0000000000
2753 -1270.0000000000
2768 -1269.0000000000
2769 -1268.0000000000
2773 -1267.0000000000
2787 -1266.0000000000
2792 -1265.0000000000
2796 -1264.0000000000
2826 -1263.0000000000
2834 -1262.0000000000
2842 -1261.0000000000
2844 -1259.0000000000
2845 -1258.0000000000
2870 -1257.0000000000
2873 -1256.0000000000
2874 -1254.0000000000
2882 -1253.0000000000
2905 -1252.0000000000
2909 -1251.0000000000
2910 -1250.0000000000
2914 -1249.0000000000
2920 -1248.0000000000
2922 -1247.0000000000
2936 -1246.0000000000
2937 -1245.0000000000
2942 -1244.0000000000
2957 -1243.0000000000
2958 -1242.0000000000
2977 -1241.0000000000
2978 -1240.0000000000
2984 -1239.0000000000
2988 -1238.0000000000
2995 -1237.0000000000
3002 -1236.0000000000
3018 -1235.0000000000
3023 -1234.0000000000
3026 -1233.0000000000
3029 -1232.0000000000
3036 -1231.0000000000
3037 -1230.0000000000
3039 -1229.0000000000
3043 -1228.0000000000
3049 -1227.0000000000
3050 -1225.0000000000
3066 -1224.0000000000
3070 -1223.0000000000
3076 -1220.0000000000
3077 -1219.0000000000
3084 -1218.0000000000
3091 -1217.0000000000
3117 -1216.0000000000
3118 -1215.0000000000
3125 -1214.0000000000
3129 -1213.0000000000
3136 -1211.0000000000
3144 -1210.0000000000
3145 -1209.0000000000
3150 -1208.0000000000
3157 -1207.0000000000
3163 -1206.0000000000
3174 -1205.0000000000
3177 -1204.0000000000
3182 -1202.0000000000
3188 -1201.0000000000
3189 -1199.0000000000
3192 -1198.0000000000
3196 -1197.0000000000
3204 -1196.0000000000
3212 -1195.0000000000
3220 -1194.0000000000
3222 -1193.0000000000
3223 -1192.0000000000
3229 -1191.0000000000
3237 -1190.0000000000
3242 -1189.0000000000
3243 -1188.0000000000
3244 -1187.0000000000
3257 -1185.0000000000
3278 -1184.0000000000
3285 -1183.0000000000
3288 -1182.0000000000
3290 -1181.0000000000
3291 -1180.0000000000
3292 -1179.0000000000
3299 -1178.0000000000
3304 -1177.0000000000
3317 -1176.0000000000
3320 -1175.0000000000
3325 -1174.0000000000
3335 -1173.0000000000
3341 -1172.0000000000
3347 -1171.0000000000
3354 -1170.0000000000
3357 -1169.0000000000
3363 -1168.0000000000
3371 -1166.0000000000
3385 -1164.0000000000
3387 -1163.0000000000
3391 -1162.0000000000
3397 -1161.0000000000
3398 -1160.0000000000
3399 -1159.0000000000
3402 -1158.0000000000
3403 -1156.0000000000
3404 -1155.0000000000
3412 -1154.0000000000
3413 -1153.0000000000
3417 -1152.0000000000
3422 -1151.0000000000
3436 -1150.0000000000
3440 -1149.0000000000
3444 -1148.0000000000
3447 -1147.0000000000
3451 -1146.0000000000
3465 -1145.0000000000
3466 -1144.0000000000
3469 -1143.0000000000
3481 -1142.0000000000
3483 -1141.0000000000
3491 -1140.0000000000
3492 -1139.0000000000
3493 -1138.0000000000
3494 -1137.0000000000
3498 -1136.0000000000
3501 -1135.0000000000
3502 -1134.0000000000
3516 -1133.0000000000
3520 -1132.0000000000
3525 -1131.0000000000
3526 -1130.0000000000
3527 -1128.0000000000
3528 -1127.0000000000
3529 -1126.0000000000
3538 -1125.0000000000
3554 -1124.0000000000
3557 -1121.0000000000
3567 -1119.0000000000
3576 -1118.0000000000
3585 -1117.0000000000
3586 -1116.0000000000
3595 -1115.0000000000
3607 -1114.0000000000
3613 -1113.0000000000
3620 -1112.0000000000
3622 -1111.0000000000
3635 -1110.0000000000
3649 -1109.0000000000
3656 -1108.0000000000
3658 -1107.0000000000
3663 -1106.0000000000
3665 -1105.0000000000
3666 -1103.0000000000
3676 -1102.0000000000
3677 -1101.0000000000
3680 -1100.0000000000
3684 -1099.0000000000
3699 -1098.0000000000
3703 -1097.0000000000
3710 -1096.0000000000
3721 -1094.0000000000
3722 -1093.0000000000
3731 -1092.0000000000
3732 -1091.0000000000
3743 -1090.0000000000
3744 -1089.0000000000
3748 -1088.0000000000
3752 -1087.0000000000
3755 -1085.0000000000
3757 -1084.0000000000
3761 -1083.0000000000
3767 -1082.0000000000
3769 -1081.0000000000
3774 -1080.0000000000
3791 -1079.0000000000
3797 -1078.0000000000
3798 -1077.0000000000
3802 -1076.0000000000
3803 -1075.0000000000
3806 -1074.0000000000
3808 -1073.0000000000
3809 -1072.0000000000
3813 -1071.0000000000
3833 -1070.0000000000
3855 -1068.0000000000
3858 -1067.0000000000
3864 -1066.0000000000
3867 -1065.0000000000
3868 -1063.0000000000
3876 -1062.0000000000
3879 -1060.0000000000
3886 -1059.0000000000
3898 -1058.0000000000
3904 -1057.0000000000
3908 -1056.0000000000
3913 -1055.0000000000
3918 -1054.0000000000
3925 -1053.0000000000
3979 -1052.0000000000
3985 -1051.0000000000
3990 -1050.0000000000
3992 -1049.0000000000
3998 -1048.0000000000
4015 -1046.0000000000
4017 -1045.0000000000
4033 -1044.0000000000
4037 -1043.0000000000
4038 -1041.0000000000
4043 -1040.0000000000
4047 -1039.0000000000
4057 -1038.0000000000
4058 -1037.0000000000
4059 -1036.0000000000
4069 -1035.0000000000
4074 -1034.0000000000
4077 -1033.0000000000
4080 -1032.0000000000
4097 -1031.0000000000
4099 -1030.0000000000
4103 -1029.0000000000
4107 -1028.0000000000
4114 -1027.0000000000
4126 -1026.0000000000
4135 -1024.0000000000
4143 -1023.0000000000
4145 -1022.0000000000
4147 -1021.0000000000
4166 -1020.0000000000
4176 -1019.0000000000
4195 -1018.0000000000
4202 -1017.0000000000
4217 -1016.0000000000
4226 -1015.0000000000
4228 -1013.0000000000
4231 -1012.0000000000
4232 -1011.0000000000
4233 -1009.0000000000
4250 -1008.0000000000
4251 -1007.0000000000
4260 -1006.0000000000
4261 -1005.0000000000
4298 -1004.0000000000
4307 -1003.0000000000
4316 -1002.0000000000
4330 -1000.0000000000
4338 -999.0000000000
4342 -998.0000000000
4344 -996.0000000000
4345 -995.0000000000
4347 -994.0000000000
4353 -992.0000000000
4383 -990.0000000000
4390 -989.0000000000
4391 -988.0000000000
4393 -987.0000000000
4394 -986.0000000000
4409 -985.0000000000
4412 -984.0000000000
4413 -983.0000000000
4417 -981.0000000000
4419 -978.0000000000
4428 -974.0000000000
4435 -972.0000000000
4452 -971.0000000000
4461 -970.0000000000
4466 -969.0000000000
4470 -968.0000000000
4478 -967.0000000000
4494 -966.0000000000
4504 -965.0000000000
4513 -964.0000000000
4524 -963.0000000000
4533 -961.0000000000
4534 -960.0000000000
4573 -958.0000000000
4574 -957.0000000000
4578 -956.0000000000
4584 -955.0000000000
4589 -954.0000000000
4597 -953.0000000000
4609 -952.0000000000
4615 -951.0000000000
4616 -950.0000000000
4618 -949.0000000000
4622 -948.0000000000
4624 -947.0000000000
4625 -945.0000000000
4627 -944.0000000000
4632 -943.0000000000
4641 -942.0000000000
4644 -941.0000000000
4658 -940.0000000000
4678 -939.0000000000
4692 -938.0000000000
4699 -937.0000000000
4701 -935.0000000000
4748 -934.0000000000
4756 -933.0000000000
4767 -931.0000000000
4768 -930.0000000000
4772 -929.0000000000
4773 -928.0000000000
4782 -927.0000000000
4787 -926.0000000000
4796 -925.0000000000
4817 -924.0000000000
4819 -923.0000000000
4827 -921.0000000000
4830 -920.0000000000
4832 -919.0000000000
4834 -918.0000000000
4911 -917.0000000000
4933 -916.0000000000
4936 -915.0000000000
4944 -914.0000000000
4961 -913.0000000000
4979 -911.0000000000
5012 -909.0000000000
5024 -908.0000000000
5036 -907.0000000000
5039 -905.0000000000
5045 -904.0000000000
5054 -902.0000000000
5067 -901.0000000000
5068 -900.0000000000
5069 -899.0000000000
5072 -898.0000000000
5075 -897.0000000000
5082 -896.0000000000
5083 -895.0000000000
5089 -894.0000000000
5094 -893.0000000000
5100 -892.0000000000
5108 -891.0000000000
5111 -890.0000000000
5121 -889.0000000000
5132 -888.0000000000
5140 -887.0000000000
5142 -886.0000000000
5162 -885.0000000000
5171 -884.0000000000
5179 -883.0000000000
5197 -882.0000000000
5205 -881.0000000000
5206 -880.0000000000
5209 -879.0000000000
5211 -878.0000000000
5224 -877.0000000000
5233 -876.0000000000
5247 -875.0000000000
5284 -873.0000000000
5287 -872.0000000000
5288 -871.0000000000
5298 -870.0000000000
5318 -869.0000000000
5323 -868.0000000000
5337 -867.0000000000
5338 -866.0000000000
5342 -865.0000000000
5347 -864.0000000000
5350 -863.0000000000
5358 -862.0000000000
5363 -861.0000000000
5366 -860.0000000000
5367 -859.0000000000
5373 -858.0000000000
5381 -857.0000000000
5391 -856.0000000000
5393 -855.0000000000
5398 -854.0000000000
5404 -853.0000000000
5419 -852.0000000000
5424 -851.0000000000
5430 -850.0000000000
5456 -848.0000000000
5459 -847.0000000000
5465 -846.0000000000
5508 -845.0000000000
5550 -844.0000000000
5567 -843.0000000000
5575 -842.0000000000
5577 -841.0000000000
5583 -839.0000000000
5584 -838.0000000000
5593 -837.0000000000
5598 -836.0000000000
5599 -835.0000000000
5607 -834.0000000000
5610 -833.0000000000
5617 -832.0000000000
5619 -831.0000000000
5622 -830.0000000000
5629 -829.0000000000
5633 -828.0000000000
5648 -826.0000000000
5650 -825.0000000000
5651 -824.0000000000
5668 -823.0000000000
5681 -822.0000000000
5685 -821.0000000000
5693 -820.0000000000
5710 -819.0000000000
5711 -818.0000000000
5714 -817.0000000000
5719 -816.0000000000
5722 -815.0000000000
5734 -814.0000000000
5735 -812.0000000000
5740 -811.0000000000
5771 -810.0000000000
5799 -809.0000000000
5816 -808.0000000000
5818 -807.0000000000
5820 -806.0000000000
5833 -805.0000000000
5859 -803.0000000000
5880 -802.0000000000
5887 -801.0000000000
5894 -800.0000000000
5897 -798.0000000000
5910 -797.0000000000
5926 -796.0000000000
5929 -795.0000000000
5932 -794.0000000000
5935 -793.0000000000
5958 -792.0000000000
5964 -791.0000000000
5989 -790.0000000000
5991 -789.0000000000
6002 -788.0000000000
6003 -787.0000000000
6028 -786.0000000000
6043 -784.0000000000
6061 -783.0000000000
6064 -782.0000000000
6068 -781.0000000000
6078 -780.0000000000
6087 -779.0000000000
6091 -778.0000000000
6100 -777.0000000000
6102 -776.0000000000
6119 -775.0000000000
6133 -774.0000000000
6136 -773.0000000000
6147 -772.0000000000
6150 -771.0000000000
6162 -770.0000000000
6167 -769.0000000000
6186 -768.0000000000
6192 -767.0000000000
6208 -766.0000000000
6211 -765.0000000000
6218 -764.0000000000
6229 -763.0000000000
6233 -762.0000000000
6234 -761.0000000000
6237 -760.0000000000
6240 -759.0000000000
6244 -758.0000000000
6256 -757.0000000000
6258 -756.0000000000
6267 -755.0000000000
6277 -754.0000000000
6280 -753.0000000000
6284 -752.0000000000
6291 -751.0000000000
6296 -750.0000000000
6301 -749.0000000000
6302 -747.0000000000
6311 -746.0000000000
6316 -745.0000000000
6320 -744.0000000000
6326 -743.0000000000
6350 -741.0000000000
6360 -740.0000000000
6383 -739.0000000000
6384 -738.0000000000
6391 -737.0000000000
6393 -735.0000000000
6416 -734.0000000000
6439 -733.0000000000
6464 -732.0000000000
6474 -731.0000000000
6498 -729.0000000000
6502 -727.0000000000
6508 -726.0000000000
6516 -725.0000000000
6518 -724.0000000000
6523 -723.0000000000
6535 -722.0000000000
6577 -721.0000000000
6578 -720.0000000000
6622 -718.0000000000
6631 -717.0000000000
6632 -716.0000000000
6645 -715.0000000000
6666 -714.0000000000
6671 -713.0000000000
6672 -711.0000000000
6674 -710.0000000000
6684 -709.0000000000
6689 -708.0000000000
6703 -707.0000000000
6714 -706.0000000000
6741 -705.0000000000
6742 -704.0000000000
6745 -703.0000000000
6751 -702.0000000000
6758 -701.0000000000
6767 -700.0000000000
6769 -699.0000000000
6788 -698.0000000000
6793 -697.0000000000
6804 -696.0000000000
6810 -695.0000000000
6832 -694.0000000000
6835 -693.0000000000
6838 -692.0000000000
6846 -691.0000000000
6873 -690.0000000000
6879 -689.0000000000
6899 -688.0000000000
6900 -687.0000000000
6904 -685.0000000000
6906 -684.0000000000
6918 -683.0000000000
6935 -682.0000000000
6941 -680.0000000000
6947 -679.0000000000
6950 -678.0000000000
6964 -677.0000000000
6975 -676.0000000000
6992 -675.0000000000
7026 -674.0000000000
7031 -673.0000000000
7053 -672.0000000000
7078 -671.0000000000
7095 -670.0000000000
7098 -669.0000000000
7113 -668.0000000000
7126 -667.0000000000
7160 -666.0000000000
7178 -665.0000000000
7180 -664.0000000000
7246 -663.0000000000
7261 -662.0000000000
7265 -661.0000000000
7272 -660.0000000000
7275 -659.0000000000
7281 -658.0000000000
7286 -657.0000000000
7304 -656.0000000000
7307 -655.0000000000
7313 -654.0000000000
7321 -653.0000000000
7332 -652.0000000000
7352 -651.0000000000
7398 -650.0000000000
7401 -649.0000000000
7403 -648.0000000000
7422 -647.0000000000
7498 -646.0000000000
7510 -645.0000000000
7524 -644.0000000000
7553 -643.0000000000
7554 -642.0000000000
7565 -641.0000000000
7592 -639.0000000000
7597 -638.0000000000
7611 -637.0000000000
7618 -636.0000000000
7627 -635.0000000000
7642 -634.0000000000
7644 -633.0000000000
7665 -632.0000000000
7666 -631.0000000000
7688 -630.0000000000
7697 -629.0000000000
7700 -628.0000000000
7708 -627.0000000000
7709 -626.0000000000
7711 -624.0000000000
7731 -623.0000000000
7747 -622.0000000000
7757 -621.0000000000
7758 -620.0000000000
7761 -619.0000000000
7766 -618.0000000000
7780 -617.0000000000
7786 -616.0000000000
7793 -615.0000000000
7795 -614.0000000000
7798 -613.0000000000
7830 -612.0000000000
7832 -611.0000000000
7847 -609.0000000000
7849 -608.0000000000
7856 -607.0000000000
7887 -606.0000000000
7890 -605.0000000000
7896 -604.0000000000
7917 -603.0000000000
7922 -602.0000000000
7929 -601.0000000000
7943 -600.0000000000
7948 -599.0000000000
7952 -597.0000000000
7959 -595.0000000000
7965 -594.0000000000
7967 -593.0000000000
7980 -592.0000000000
8001 -591.0000000000
8039 -590.0000000000
8046 -589.0000000000
8079 -588.0000000000
8107 -586.0000000000
8142 -585.0000000000
8144 -584.0000000000
8150 -583.0000000000
8151 -582.0000000000
8152 -581.0000000000
8177 -580.0000000000
8188 -579.0000000000
8216 -578.0000000000
8234 -577.0000000000
8257 -576.0000000000
8259 -575.0000000000
8284 -574.0000000000
8327 -573.0000000000
8361 -572.0000000000
8368 -571.0000000000
8402 -570.0000000000
8406 -569.0000000000
8408 -568.0000000000
8409 -566.0000000000
8412 -565.0000000000
8422 -563.0000000000
8429 -561.0000000000
8439 -560.0000000000
8441 -559.0000000000
8442 -558.0000000000
8455 -557.0000000000
8460 -556.0000000000
8481 -555.0000000000
8502 -553.0000000000
8516 -552.0000000000
8519 -550.0000000000
8544 -549.0000000000
8545 -548.0000000000
8549 -547.0000000000
8560 -546.0000000000
8561 -545.0000000000
8635 -544.0000000000
8640 -543.0000000000
8649 -542.0000000000
8669 -541.0000000000
8672 -540.0000000000
8702 -539.0000000000
8713 -538.0000000000
8714 -537.0000000000
8719 -536.0000000000
8722 -535.0000000000
8723 -534.0000000000
8736 -533.0000000000
8756 -532.0000000000
8767 -531.0000000000
8782 -530.0000000000
8801 -529.0000000000
8836 -528.0000000000
8842 -527.0000000000
8863 -526.0000000000
8869 -525.0000000000
8870 -524.0000000000
8878 -523.0000000000
8904 -522.0000000000
8908 -521.0000000000
8926 -520.0000000000
8941 -519.0000000000
8947 -518.0000000000
8953 -517.0000000000
8965 -516.0000000000
8973 -515.0000000000
8983 -514.0000000000
9020 -513.0000000000
9040 -512.0000000000
9066 -511.0000000000
9067 -510.0000000000
9084 -509.0000000000
9086 -508.0000000000
9120 -507.0000000000
9144 -506.0000000000
9151 -505.0000000000
9166 -504.0000000000
9174 -503.0000000000
9199 -502.0000000000
9209 -501.0000000000
9221 -500.0000000000
9231 -499.0000000000
9236 -498.0000000000
9265 -497.0000000000
9267 -496.0000000000
9279 -495.0000000000
9282 -494.0000000000
9301 -493.0000000000
9308 -492.0000000000
9335 -491.0000000000
9366 -490.0000000000
9369 -489.0000000000
9422 -488.0000000000
9452 -487.0000000000
9455 -485.0000000000
9483 -484.0000000000
9487 -483.0000000000
9497 -482.0000000000
9503 -481.0000000000
9511 -480.0000000000
9518 -479.0000000000
9550 -478.0000000000
9551 -477.0000000000
9582 -476.0000000000
9595 -475.0000000000
9598 -474.0000000000
9638 -473.0000000000
9641 -472.0000000000
9658 -471.0000000000
9710 -470.0000000000
9714 -469.0000000000
9726 -468.0000000000
9729 -467.0000000000
9752 -465.0000000000
9756 -464.0000000000
9762 -463.0000000000
9771 -462.0000000000
9795 -461.0000000000
9810 -460.0000000000
9813 -459.0000000000
9843 -458.0000000000
9844 -457.0000000000
9850 -456.0000000000
9859 -455.0000000000
9871 -454.0000000000
9894 -453.0000000000
9908 -452.0000000000
9909 -451.0000000000
9941 -450.0000000000
9950 -449.0000000000
10000 -449.0000000000
evaluations raw_y
1 -1927.0000000000
15 -1926.0000000000
18 -1924.0000000000
29 -1923.0000000000
32 -1922.0000000000
34 -1921.0000000000
35 -1920.0000000000
40 -1919.0000000000
41 -1918.0000000000
43 -1917.0000000000
46 -1916.0000000000
48 -1914.0000000000
54 -1913.0000000000
61 -1911.0000000000
62 -1910.0000000000
63 -1909.0000000000
65 -1908.0000000000
67 -1907.0000000000
70 -1906.0000000000
72 -1904.0000000000
78 -1902.0000000000
92 -1901.0000000000
96 -1900.0000000000
98 -1899.0000000000
99 -1898.0000000000
101 -1896.0000000000
104 -1895.0000000000
109 -1893.0000000000
111 -1892.0000000000
120 -1891.0000000000
130 -1890.0000000000
133 -1889.0000000000
135 -1888.0000000000
145 -1887.0000000000
153 -1886.0000000000
154 -1885.0000000000
160 -1884.0000000000
162 -1882.0000000000
163 -1881.0000000000
166 -1879.0000000000
167 -1878.0000000000
175 -1877.0000000000
178 -1876.0000000000
179 -1875.0000000000
184 -1874.0000000000
186 -1871.0000000000
195 -1870.0000000000
197 -1869.0000000000
198 -1868.0000000000
199 -1867.0000000000
206 -1865.0000000000
215 -1863.0000000000
216 -1862.0000000000
219 -1861.0000000000
225 -1860.0000000000
226 -1859.0000000000
227 -1856.0000000000
228 -1855.0000000000
229 -1854.0000000000
234 -1853.0000000000
235 -1852.0000000000
238 -1851.0000000000
239 -1850.0000000000
244 -1849.0000000000
245 -1848.0000000000
249 -1847.0000000000
270 -1846.0000000000
275 -1845.0000000000
284 -1844.0000000000
286 -1843.0000000000
288 -1839.0000000000
291 -1837.0000000000
297 -1835.0000000000
300 -1834.0000000000
303 -1833.0000000000
314 -1831.0000000000
323 -1830.0000000000
325 -1828.0000000000
326 -1827.0000000000
328 -1826.0000000000
330 -1825.0000000000
333 -1823.0000000000
335 -1822.0000000000
353 -1820.0000000000
354 -1819.0000000000
360 -1817.0000000000
362 -1815.0000000000
365 -1813.0000000000
370 -1812.0000000000
374 -1811.0000000000
375 -1809.0000000000
388 -1807.0000000000
391 -1806.0000000000
392 -1804.0000000000
393 -1803.0000000000
396 -1802.0000000000
399 -1801.0000000000
403 -1800.0000000000
409 -1799.0000000000
410 -1798.0000000000
411 -1796.0000000000
412 -1795.0000000000
413 -1794.0000000000
415 -1792.0000000000
417 -1791.0000000000
419 -1790.0000000000
423 -1789.0000000000
424 -1788.0000000000
425 -1787.0000000000
426 -1786.0000000000
427 -1785.0000000000
442 -1784.0000000000
447 -1782.0000000000
448 -1781.0000000000
449 -1780.0000000000
451 -1779.0000000000
453 -1778.0000000000
455 -1777.0000000000
458 -1776.0000000000
460 -1774.0000000000
461 -1773.0000000000
462 -1772.0000000000
469 -1771.0000000000
472 -1769.0000000000
479 -1766.0000000000
484 -1765.0000000000
488 -1764.0000000000
497 -1763.0000000000
501 -1762.0000000000
505 -1761.0000000000
508 -1760.0000000000
509 -1758.0000000000
515 -1757.0000000000
517 -1756.0000000000
524 -1754.0000000000
529 -1753.0000000000
535 -1752.0000000000
544 -1750.0000000000
549 -1749.0000000000
553 -1748.0000000000
556 -1746.0000000000
564 -1745.0000000000
566 -1744.0000000000
571 -1743.0000000000
576 -1741.0000000000
578 -1740.0000000000
581 -1739.0000000000
589 -1738.0000000000
590 -1737.0000000000
591 -1735.0000000000
595 -1734.0000000000
603 -1733.0000000000
605 -1732.0000000000
606 -1731.0000000000
609 -1730.0000000000
611 -1729.0000000000
625 -1727.0000000000
627 -1726.0000000000
638 -1725.0000000000
639 -1724.0000000000
640 -1723.0000000000
641 -1721.0000000000
642 -1720.0000000000
643 -1718.0000000000
645 -1717.0000000000
646 -1715.0000000000
647 -1713.0000000000
650 -1712.0000000000
651 -1711.0000000000
657 -1710.0000000000
660 -1709.0000000000
661 -1708.0000000000
670 -1707.0000000000
673 -1706.0000000000
676 -1705.0000000000
677 -1704.0000000000
678 -1703.0000000000
681 -1702.0000000000
693 -1700.0000000000
719 -1699.0000000000
724 -1698.0000000000
737 -1696.0000000000
744 -1694.0000000000
746 -1693.0000000000
748 -1692.0000000000
749 -1691.0000000000
750 -1690.0000000000
751 -1689.0000000000
756 -1687.0000000000
766 -1686.0000000000
768 -1685.0000000000
772 -1684.0000000000
775 -1682.0000000000
777 -1680.0000000000
779 -1677.0000000000
788 -1676.0000000000
796 -1675.0000000000
805 -1673.0000000000
817 -1671.0000000000
818 -1670.0000000000
820 -1669.0000000000
822 -1668.0000000000
823 -1666.0000000000
824 -1665.0000000000
825 -1664.0000000000
830 -1663.0000000000
832 -1662.0000000000
833 -1660.0000000000
835 -1659.0000000000
838 -1658.0000000000
839 -1657.0000000000
842 -1655.0000000000
845 -1654.0000000000
851 -1653.0000000000
859 -1652.0000000000
863 -1651.0000000000
866 -1650.0000000000
874 -1649.0000000000
877 -1648.0000000000
884 -1647.0000000000
885 -1646.0000000000
890 -1644.0000000000
891 -1643.0000000000
896 -1642.0000000000
898 -1641.0000000000
899 -1639.0000000000
906 -1638.0000000000
911 -1637.0000000000
914 -1636.0000000000
915 -1634.0000000000
917 -1632.0000000000
919 -1631.0000000000
920 -1630.0000000000
928 -1628.0000000000
930 -1627.0000000000
931 -1626.0000000000
932 -1625.0000000000
933 -1624.0000000000
940 -1623.0000000000
941 -1622.0000000000
942 -1621.0000000000
949 -1619.0000000000
955 -1618.0000000000
957 -1617.0000000000
964 -1616.0000000000
974 -1615.0000000000
978 -1614.0000000000
979 -1613.0000000000
985 -1612.0000000000
989 -1611.0000000000
990 -1609.0000000000
991 -1608.0000000000
993 -1607.0000000000
1001 -1606.0000000000
1003 -1605.0000000000
1011 -1604.0000000000
1018 -1602.0000000000
1019 -1601.0000000000
1021 -1599.0000000000
1029 -1597.0000000000
1035 -1595.0000000000
1040 -1594.0000000000
1041 -1593.0000000000
1044 -1592.0000000000
1046 -1591.0000000000
1049 -1590.0000000000
1050 -1588.0000000000
1051 -1587.0000000000
1058 -1586.0000000000
1059 -1585.0000000000
1063 -1584.0000000000
1065 -1583.0000000000
1067 -1582.0000000000
1074 -1580.0000000000
1075 -1579.0000000000
1076 -1578.0000000000
1078 -1576.0000000000
1079 -1575.0000000000
1082 -1573.0000000000
1084 -1572.0000000000
1085 -1571.0000000000
1100 -1570.0000000000
1108 -1569.0000000000
1118 -1568.0000000000
1122 -1567.0000000000
1123 -1566.0000000000
1129 -1564.0000000000
1137 -1563.0000000000
1150 -1562.0000000000
1155 -1561.0000000000
1161 -1560.0000000000
1162 -1559.0000000000
1163 -1558.0000000000
1167 -1557.0000000000
1172 -1556.0000000000
1175 -1555.0000000000
1177 -1553.0000000000
1185 -1552.0000000000
1190 -1550.0000000000
1199 -1549.0000000000
1207 -1548.0000000000
1214 -1547.0000000000
1219 -1546.0000000000
1230 -1545.0000000000
1232 -1544.0000000000
1241 -1543.0000000000
1251 -1541.0000000000
1254 -1539.0000000000
1255 -1538.0000000000
1256 -1536.0000000000
1258 -1535.0000000000
1265 -1534.0000000000
1272 -1532.0000000000
1287 -1530.0000000000
1288 -1529.0000000000
1294 -1528.0000000000
1296 -1527.0000000000
1304 -1526.0000000000
1308 -1525.0000000000
1313 -1524.0000000000
1315 -1523.0000000000
1318 -1522.0000000000
1323 -1521.0000000000
1324 -1520.0000000000
1327 -1519.0000000000
1330 -1518.0000000000
1340 -1517.0000000000
1348 -1516.0000000000
1350 -1515.0000000000
1354 -1514.0000000000
1356 -1513.0000000000
1357 -1512.0000000000
1358 -1511.0000000000
1363 -1510.0000000000
1366 -1509.0000000000
1371 -1508.0000000000
1373 -1507.0000000000
1375 -1506.0000000000
1376 -1504.0000000000
1382 -1503.0000000000
1384 -1502.0000000000
1385 -1501.0000000000
1392 -1500.0000000000
1403 -1499.0000000000
1408 -1497.0000000000
1411 -1496.0000000000
1413 -1495.0000000000
1419 -1493.0000000000
1426 -1492.0000000000
1436 -1491.0000000000
1437 -1490.0000000000
1446 -1489.0000000000
1447 -1488.0000000000
1449 -1487.0000000000
1456 -1486.0000000000
1462 -1485.0000000000
1465 -1484.0000000000
1466 -1482.0000000000
1469 -1481.0000000000
1471 -1480.0000000000
1480 -1478.0000000000
1485 -1477.0000000000
1491 -1476.0000000000
1493 -1475.0000000000
1498 -1474.0000000000
1501 -1473.0000000000
1504 -1472.0000000000
1510 -1471.0000000000
1515 -1470.0000000000
1520 -1469.0000000000
1524 -1468.0000000000
1528 -1467.0000000000
1537 -1465.0000000000
1539 -1463.0000000000
1541 -1462.0000000000
1542 -1461.0000000000
1543 -1460.0000000000
1546 -1459.0000000000
1568 -1458.0000000000
1587 -1457.0000000000
1590 -1456.0000000000
1592 -1455.0000000000
1593 -1454.0000000000
1599 -1453.0000000000
1602 -1451.0000000000
1630 -1450.0000000000
1631 -1449.0000000000
1634 -1448.0000000000
1639 -1447.0000000000
1641 -1446.0000000000
1647 -1444.0000000000
1652 -1443.0000000000
1654 -1442.0000000000
1656 -1441.0000000000
1658 -1439.0000000000
1667 -1438.0000000000
1668 -1437.0000000000
1671 -1436.0000000000
1683 -1435.0000000000
1684 -1434.0000000000
1694 -1433.0000000000
1703 -1432.0000000000
1707 -1429.0000000000
1716 -1428.0000000000
1718 -1426.0000000000
1721 -1425.0000000000
1723 -1424.0000000000
1733 -1423.0000000000
1736 -1422.0000000000
1739 -1421.0000000000
1741 -1420.0000000000
1745 -1419.0000000000
1750 -1418.0000000000
1754 -1417.0000000000
1758 -1416.0000000000
1765 -1415.0000000000
1769 -1414.0000000000
1771 -1413.0000000000
1777 -1412.0000000000
1779 -1411.0000000000
1782 -1410.0000000000
1794 -1409.0000000000
1798 -1408.0000000000
1800 -1407.0000000000
1801 -1406.0000000000
1804 -1405.0000000000
1806 -1404.0000000000
1809 -1403.0000000000
1811 -1400.0000000000
1812 -1398.0000000000
1816 -1397.0000000000
1822 -1396.0000000000
1830 -1395.0000000000
1858 -1393.0000000000
1861 -1392.0000000000
1862 -1391.0000000000
1863 -1390.0000000000
1889 -1389.0000000000
1900 -1388.0000000000
1902 -1386.0000000000
1903 -1385.0000000000
1904 -1384.0000000000
1907 -1382.0000000000
1924 -1381.0000000000
1927 -1380.0000000000
1931 -1377.0000000000
1935 -1376.0000000000
1939 -1375.0000000000
1941 -1374.0000000000
1951 -1373.0000000000
1952 -1372.0000000000
1962 -1371.0000000000
1964 -1370.0000000000
1966 -1369.0000000000
1972 -1368.0000000000
1982 -1367.0000000000
1989 -1366.0000000000
1997 -1365.0000000000
2001 -1364.0000000000
2008 -1363.0000000000
2015 -1362.0000000000
2025 -1361.0000000000
2034 -1360.0000000000
2035 -1359.0000000000
2038 -1358.0000000000
2044 -1357.0000000000
2050 -1356.0000000000
2051 -1355.0000000000
2053 -1354.0000000000
2061 -1353.0000000000
2063 -1352.0000000000
2068 -1351.0000000000
2069 -1349.0000000000
2074 -1348.0000000000
2079 -1347.0000000000
2080 -1346.0000000000
2082 -1345.0000000000
2083 -1344.0000000000
2085 -1343.0000000000
2097 -1342.0000000000
2099 -1340.0000000000
2117 -1339.0000000000
2119 -1338.0000000000
2125 -1337.0000000000
2129 -1336.0000000000
2134 -1335.0000000000
2147 -1334.0000000000
2151 -1333.0000000000
2153 -1332.0000000000
2162 -1331.0000000000
2165 -1330.0000000000
2166 -1329.0000000000
2171 -1328.0000000000
2174 -1327.0000000000
2179 -1326.0000000000
2186 -1324.0000000000
2192 -1323.0000000000
2196 -1322.0000000000
2199 -1320.0000000000
2201 -1319.0000000000
2203 -1318.0000000000
2206 -1317.0000000000
2218 -1316.0000000000
2231 -1315.0000000000
2234 -1313.0000000000
2237 -1312.0000000000
2246 -1310.0000000000
2247 -1309.0000000000
2248 -1308.0000000000
2253 -1307.0000000000
2257 -1306.0000000000
2268 -1305.0000000000
2270 -1304.0000000000
2273 -1303.0000000000
2274 -1302.0000000000
2286 -1301.0000000000
2289 -1300.0000000000
2295 -1298.0000000000
2297 -1296.0000000000
2299 -1295.0000000000
2300 -1294.0000000000
2316 -1293.0000000000
2321 -1292.0000000000
2328 -1291.0000000000
2338 -1289.0000000000
2346 -1288.0000000000
2361 -1287.0000000000
2367 -1286.0000000000
2384 -1283.0000000000
2385 -1282.0000000000
2387 -1281.0000000000
2404 -1280.0000000000
2416 -1278.0000000000
2419 -1277.0000000000
2421 -1275.0000000000
2423 -1274.0000000000
2438 -1272.0000000000
2440 -1271.0000000000
2448 -1269.0000000000
2455 -1268.0000000000
2456 -1266.0000000000
2461 -1265.0000000000
2464 -1264.0000000000
2468 -1262.0000000000
2474 -1261.0000000000
2475 -1260.0000000000
2489 -1259.0000000000
2492 -1258.0000000000
2496 -1257.0000000000
2499 -1256.0000000000
2502 -1255.0000000000
2505 -1253.0000000000
2520 -1252.0000000000
2523 -1251.0000000000
2528 -1250.0000000000
2537 -1249.0000000000
2547 -1247.0000000000
2548 -1245.0000000000
2555 -1244.0000000000
2570 -1242.0000000000
2575 -1241.0000000000
2577 -1240.0000000000
2582 -1239.0000000000
2589 -1238.0000000000
2592 -1237.0000000000
2597 -1235.0000000000
2601 -1233.0000000000
2605 -1231.0000000000
2623 -1229.0000000000
2628 -1228.0000000000
2631 -1227.0000000000
2646 -1226.0000000000
2648 -1225.0000000000
2655 -1224.0000000000
2659 -1223.0000000000
2669 -1222.0000000000
2672 -1221.0000000000
2673 -1220.0000000000
2683 -1218.0000000000
2686 -1217.0000000000
2687 -1216.0000000000
2697 -1215.0000000000
2698 -1214.0000000000
2703 -1211.0000000000
2704 -1210.0000000000
2706 -1209.0000000000
2709 -1208.0000000000
2711 -1207.0000000000
2712 -1206.0000000000
2714 -1205.0000000000
2718 -1204.0000000000
2736 -1203.0000000000
2759 -1202.0000000000
2765 -1201.0000000000
2771 -1200.0000000000
2783 -1199.0000000000
2788 -1198.0000000000
2811 -1197.0000000000
2823 -1196.0000000000
2832 -1195.0000000000
2837 -1193.0000000000
2849 -1192.0000000000
2881 -1190.0000000000
2882 -1189.0000000000
2910 -1188.0000000000
2915 -1187.0000000000
2917 -1186.0000000000
2918 -1185.0000000000
2919 -1184.0000000000
2926 -1183.0000000000
2958 -1182.0000000000
2967 -1181.0000000000
2968 -1180.0000000000
2970 -1179.0000000000
2982 -1177.0000000000
2986 -1175.0000000000
2993 -1174.0000000000
3003 -1173.0000000000
3005 -1172.0000000000
3011 -1171.0000000000
3017 -1170.0000000000
3027 -1169.0000000000
3037 -1168.0000000000
3046 -1167.0000000000
3056 -1166.0000000000
3057 -1165.0000000000
3063 -1164.0000000000
3067 -1163.0000000000
3077 -1162.0000000000
3086 -1161.0000000000
3093 -1160.0000000000
3099 -1159.0000000000
3105 -1158.0000000000
3106 -1156.0000000000
3107 -1155.0000000000
3118 -1154.0000000000
3124 -1153.0000000000
3129 -1152.0000000000
3131 -1151.0000000000
3133 -1150.0000000000
3134 -1148.0000000000
3142 -1147.0000000000
3148 -1146.0000000000
3159 -1144.0000000000
3166 -1142.0000000000
3175 -1140.0000000000
3179 -1139.0000000000
3180 -1138.0000000000
3187 -1136.0000000000
3189 -1135.0000000000
3190 -1134.0000000000
3191 -1133.0000000000
3193 -1132.0000000000
3197 -1131.0000000000
3207 -1130.0000000000
3216 -1129.0000000000
3225 -1128.0000000000
3251 -1127.0000000000
3259 -1126.0000000000
3262 -1125.0000000000
3269 -1124.0000000000
3271 -1122.0000000000
3274 -1121.0000000000
3275 -1120.0000000000
3288 -1119.0000000000
3295 -1117.0000000000
3300 -1116.0000000000
3302 -1115.0000000000
3305 -1113.0000000000
3308 -1112.0000000000
3311 -1111.0000000000
3312 -1110.0000000000
3313 -1109.0000000000
3328 -1108.0000000000
3331 -1106.0000000000
3334 -1105.0000000000
3337 -1103.0000000000
3338 -1102.0000000000
3344 -1101.0000000000
3364 -1100.0000000000
3368 -1099.0000000000
3373 -1098.0000000000
3380 -1097.0000000000
3383 -1096.0000000000
3397 -1095.0000000000
3411 -1094.0000000000
3418 -1092.0000000000
3421 -1091.0000000000
3422 -1090.0000000000
3427 -1089.0000000000
3435 -1088.0000000000
3442 -1087.0000000000
3443 -1085.0000000000
3445 -1084.0000000000
3459 -1083.0000000000
3473 -1081.0000000000
3477 -1080.0000000000
3502 -1079.0000000000
3511 -1078.0000000000
3513 -1077.0000000000
3515 -1075.0000000000
3518 -1074.0000000000
3521 -1073.0000000000
3527 -1072.0000000000
3545 -1070.0000000000
3546 -1069.0000000000
3549 -1068.0000000000
3553 -1067.0000000000
3555 -1066.0000000000
3556 -1065.0000000000
3559 -1064.0000000000
3576 -1063.0000000000
3583 -1062.0000000000
3594 -1061.0000000000
3601 -1060.0000000000
3602 -1059.0000000000
3607 -1058.0000000000
3609 -1056.0000000000
3615 -1055.0000000000
3622 -1054.0000000000
3624 -1053.0000000000
3628 -1052.0000000000
3637 -1051.0000000000
3639 -1050.0000000000
3658 -1049.0000000000
3659 -1048.0000000000
3679 -1047.0000000000
3701 -1046.0000000000
3706 -1045.0000000000
3709 -1044.0000000000
3715 -1042.0000000000
3720 -1040.0000000000
3723 -1039.0000000000
3725 -1038.0000000000
3726 -1037.0000000000
3730 -1036.0000000000
3731 -1035.0000000000
3744 -1033.0000000000
3754 -1031.0000000000
3763 -1030.0000000000
3764 -1029.0000000000
3775 -1028.0000000000
3779 -1027.0000000000
3786 -1026.0000000000
3792 -1025.0000000000
3809 -1024.0000000000
3835 -1023.0000000000
3847 -1021.0000000000
3851 -1020.0000000000
3857 -1019.0000000000
3858 -1017.0000000000
3871 -1016.0000000000
3877 -1015.0000000000
3885 -1014.0000000000
3890 -1013.0000000000
3900 -1012.0000000000
3905 -1011.0000000000
3914 -1010.0000000000
3917 -1008.0000000000
3920 -1007.0000000000
3930 -1006.0000000000
3931 -1005.0000000000
3936 -1004.0000000000
3955 -1003.0000000000
3959 -1002.0000000000
3984 -1000.0000000000
3987 -999.0000000000
3989 -998.0000000000
4004 -997.0000000000
4007 -996.0000000000
4011 -994.0000000000
4017 -993.0000000000
4024 -992.0000000000
4027 -991.0000000000
4038 -990.0000000000
4049 -988.0000000000
4057 -987.0000000000
4061 -986.0000000000
4062 -985.0000000000
4068 -984.0000000000
4070 -983.0000000000
4075 -982.0000000000
4084 -981.0000000000
4087 -980.0000000000
4113 -979.0000000000
4122 -978.0000000000
4128 -977.0000000000
4132 -976.0000000000
4156 -975.0000000000
4161 -974.0000000000
4168 -972.0000000000
4170 -971.0000000000
4181 -970.0000000000
4203 -969.0000000000
4224 -968.0000000000
4225 -967.0000000000
4233 -966.0000000000
4234 -965.0000000000
4236 -964.0000000000
4253 -963.0000000000
4265 -962.0000000000
4268 -961.0000000000
4285 -960.0000000000
4290 -959.0000000000
4292 -958.0000000000
4294 -957.0000000000
4308 -956.0000000000
4312 -955.0000000000
4340 -952.0000000000
4343 -950.0000000000
4357 -949.0000000000
4359 -948.0000000000
4371 -947.0000000000
4372 -946.0000000000
4375 -944.0000000000
4379 -943.0000000000
4381 -941.0000000000
4385 -940.0000000000
4387 -939.0000000000
4403 -938.0000000000
4409 -937.0000000000
4416 -935.0000000000
4455 -934.0000000000
4458 -931.0000000000
4478 -930.0000000000
4499 -929.0000000000
4500 -928.0000000000
4510 -927.0000000000
4511 -926.0000000000
4513 -925.0000000000
4519 -924.0000000000
4535 -923.0000000000
4539 -922.0000000000
4541 -921.0000000000
4547 -920.0000000000
4582 -918.0000000000
4591 -916.0000000000
4601 -915.0000000000
4608 -914.0000000000
4609 -913.0000000000
4628 -912.0000000000
4630 -911.0000000000
4651 -910.0000000000
4666 -909.0000000000
4675 -908.0000000000
4679 -907.0000000000
4691 -906.0000000000
4698 -905.0000000000
4701 -904.0000000000
4740 -903.0000000000
4750 -902.0000000000
4752 -901.0000000000
4757 -900.0000000000
4767 -899.0000000000
4768 -898.0000000000
4769 -897.0000000000
4778 -895.0000000000
4782 -894.0000000000
4785 -892.0000000000
4789 -891.0000000000
4790 -890.0000000000
4792 -889.0000000000
4793 -888.0000000000
4798 -887.0000000000
4817 -886.0000000000
4835 -885.0000000000
4837 -884.0000000000
4838 -883.0000000000
4864 -882.0000000000
4869 -881.0000000000
4879 -880.0000000000
4889 -879.0000000000
4898 -878.0000000000
4907 -877.0000000000
4921 -876.0000000000
4924 -875.0000000000
4926 -874.0000000000
4927 -872.0000000000
4939 -871.0000000000
4948 -870.0000000000
4950 -869.0000000000
4951 -868.0000000000
4954 -867.0000000000
4959 -866.0000000000
4965 -865.0000000000
4999 -863.0000000000
5006 -862.0000000000
5032 -861.0000000000
5034 -860.0000000000
5035 -859.0000000000
5046 -858.0000000000
5047 -857.0000000000
5054 -856.0000000000
5061 -855.0000000000
5068 -853.0000000000
5080 -852.0000000000
5082 -851.0000000000
5083 -850.0000000000
5116 -849.0000000000
5121 -848.0000000000
5122 -847.0000000000
5124 -846.0000000000
5127 -845.0000000000
5133 -844.0000000000
5141 -843.0000000000
5144 -842.0000000000
5154 -841.0000000000
5156 -840.0000000000
5158 -839.0000000000
5165 -838.0000000000
5182 -837.0000000000
5197 -836.0000000000
5200 -835.0000000000
5202 -832.0000000000
5208 -831.0000000000
5210 -830.0000000000
5211 -829.0000000000
5233 -828.0000000000
5240 -827.0000000000
5251 -825.0000000000
5262 -824.0000000000
5268 -823.0000000000
5270 -822.0000000000
5273 -821.0000000000
5276 -820.0000000000
5287 -819.0000000000
5306 -818.0000000000
5307 -817.0000000000
5327 -816.0000000000
5331 -815.0000000000
5341 -814.0000000000
5342 -812.0000000000
5363 -811.0000000000
5368 -810.0000000000
5370 -809.0000000000
5376 -808.0000000000
5388 -807.0000000000
5390 -806.0000000000
5413 -805.0000000000
5418 -804.0000000000
5429 -803.0000000000
5445 -802.0000000000
5447 -801.0000000000
5459 -800.0000000000
5461 -799.0000000000
5470 -798.0000000000
5472 -797.0000000000
5483 -796.0000000000
5485 -795.0000000000
5486 -794.0000000000
5487 -793.0000000000
5488 -792.0000000000
5509 -791.0000000000
5521 -790.0000000000
5535 -789.0000000000
5538 -788.0000000000
5542 -787.0000000000
5544 -786.0000000000
5547 -785.0000000000
5559 -784.0000000000
5563 -783.0000000000
5567 -781.0000000000
5577 -780.0000000000
5609 -779.0000000000
5614 -778.0000000000
5615 -777.0000000000
5631 -776.0000000000
5654 -775.0000000000
5656 -774.0000000000
5659 -773.0000000000
5671 -772.0000000000
5676 -771.0000000000
5677 -769.0000000000
5681 -768.0000000000
5684 -767.0000000000
5696 -766.0000000000
5717 -765.0000000000
5718 -764.0000000000
5721 -763.0000000000
5730 -762.0000000000
5733 -761.0000000000
5737 -760.0000000000
5764 -759.0000000000
5780 -758.0000000000
5781 -757.0000000000
5807 -756.0000000000
5808 -755.0000000000
5814 -754.0000000000
5815 -752.0000000000
5822 -751.0000000000
5831 -750.0000000000
5841 -749.0000000000
5858 -748.0000000000
5860 -746.0000000000
5877 -745.0000000000
5879 -744.0000000000
5881 -743.0000000000
5886 -742.0000000000
5889 -741.0000000000
5897 -740.0000000000
5928 -739.0000000000
5941 -738.0000000000
5945 -737.0000000000
5963 -736.0000000000
5971 -735.0000000000
5982 -734.0000000000
5985 -733.0000000000
5988 -732.0000000000
5991 -729.0000000000
5996 -728.0000000000
6002 -727.0000000000
6006 -726.0000000000
6007 -725.0000000000
6011 -724.0000000000
6020 -723.0000000000
6029 -722.0000000000
6036 -721.0000000000
6060 -720.0000000000
6068 -719.0000000000
6076 -718.0000000000
6079 -717.0000000000
6084 -716.0000000000
6085 -715.0000000000
6088 -714.0000000000
6120 -713.0000000000
6137 -712.0000000000
6182 -711.0000000000
6189 -710.0000000000
6221 -709.0000000000
6228 -708.0000000000
6259 -707.0000000000
6264 -706.0000000000
6276 -705.0000000000
6309 -704.0000000000
6346 -703.0000000000
6348 -702.0000000000
6354 -701.0000000000
6372 -700.0000000000
6375 -699.0000000000
6377 -698.0000000000
6401 -697.0000000000
6419 -696.0000000000
6428 -695.0000000000
6437 -694.0000000000
6446 -693.0000000000
6467 -692.0000000000
6472 -691.0000000000
6480 -690.0000000000
6490 -689.0000000000
6504 -688.0000000000
6535 -687.0000000000
6554 -686.0000000000
6580 -685.0000000000
6581 -684.0000000000
6582 -683.0000000000
6586 -682.0000000000
6604 -681.0000000000
6615 -680.0000000000
6632 -679.0000000000
6644 -678.0000000000
6662 -677.0000000000
6692 -676.0000000000
6694 -675.0000000000
6712 -674.0000000000
6728 -673.0000000000
6736 -672.0000000000
6752 -671.0000000000
6772 -670.0000000000
6774 -669.0000000000
6783 -668.0000000000
6785 -667.0000000000
6787 -666.0000000000
6789 -664.0000000000
6801 -663.0000000000
6811 -662.0000000000
6822 -661.0000000000
6843 -660.0000000000
6873 -658.0000000000
6884 -657.0000000000
6891 -656.0000000000
6902 -655.0000000000
6906 -654.0000000000
6907 -653.0000000000
6924 -652.0000000000
6932 -651.0000000000
6947 -650.0000000000
6948 -648.0000000000
6963 -647.0000000000
6984 -646.0000000000
6992 -645.0000000000
7009 -643.0000000000
7011 -642.0000000000
7013 -641.0000000000
7030 -640.0000000000
7031 -639.0000000000
7034 -638.0000000000
7047 -637.0000000000
7048 -636.0000000000
7057 -635.0000000000
7072 -634.0000000000
7084 -633.0000000000
7094 -632.0000000000
7118 -631.0000000000
7135 -630.0000000000
7136 -629.0000000000
7145 -628.0000000000
7162 -627.0000000000
7207 -626.0000000000
7215 -625.0000000000
7254 -624.0000000000
7255 -623.0000000000
7260 -622.0000000000
7262 -619.0000000000
7264 -618.0000000000
7281 -616.0000000000
7296 -615.0000000000
7309 -614.0000000000
7321 -613.0000000000
7337 -612.0000000000
7372 -611.0000000000
7382 -610.0000000000
7385 -609.0000000000
7388 -608.0000000000
7390 -607.0000000000
7396 -606.0000000000
7407 -605.0000000000
7417 -604.0000000000
7425 -602.0000000000
7436 -601.0000000000
7446 -600.0000000000
7474 -599.0000000000
7475 -598.0000000000
7500 -597.0000000000
7518 -595.0000000000
7531 -594.0000000000
7544 -593.0000000000
7551 -592.0000000000
7555 -591.0000000000
7565 -589.0000000000
7568 -588.0000000000
7571 -587.0000000000
7573 -586.0000000000
7575 -585.0000000000
7584 -583.0000000000
7597 -582.0000000000
7598 -581.0000000000
7604 -580.0000000000
7610 -579.0000000000
7611 -578.0000000000
7642 -577.0000000000
7650 -575.0000000000
7687 -574.0000000000
7710 -573.0000000000
7731 -572.0000000000
7737 -571.0000000000
7770 -570.0000000000
7775 -569.0000000000
7799 -568.0000000000
7802 -567.0000000000
7823 -566.0000000000
7863 -565.0000000000
7864 -564.0000000000
7871 -563.0000000000
7881 -562.0000000000
7884 -560.0000000000
7896 -559.0000000000
7901 -558.0000000000
7922 -557.0000000000
7958 -556.0000000000
7968 -555.0000000000
7989 -554.0000000000
7993 -553.0000000000
7996 -552.0000000000
8002 -551.0000000000
8027 -550.0000000000
8047 -549.0000000000
8061 -548.0000000000
8064 -546.0000000000
8098 -545.0000000000
8099 -544.0000000000
8101 -543.0000000000
8119 -541.0000000000
8122 -540.0000000000
8139 -539.0000000000
8154 -538.0000000000
8176 -537.0000000000
8189 -536.0000000000
8191 -535.0000000000
8196 -534.0000000000
8202 -533.0000000000
8204 -532.0000000000
8259 -531.0000000000
8277 -530.0000000000
8284 -529.0000000000
8286 -528.0000000000
8287 -527.0000000000
8295 -526.0000000000
8299 -525.0000000000
8310 -524.0000000000
8320 -523.0000000000
8329 -522.0000000000
8331 -521.0000000000
8332 -520.0000000000
8349 -519.0000000000
8452 -518.0000000000
8453 -517.0000000000
8460 -516.0000000000
8495 -515.0000000000
8516 -514.0000000000
8534 -513.0000000000
8542 -512.0000000000
8548 -511.0000000000
8557 -510.0000000000
8581 -509.0000000000
8620 -508.0000000000
8621 -507.0000000000
8622 -506.0000000000
8661 -504.0000000000
8668 -502.0000000000
8687 -501.0000000000
8694 -500.0000000000
8741 -499.0000000000
8746 -498.0000000000
8758 -497.0000000000
8765 -496.0000000000
8881 -495.0000000000
8882 -494.0000000000
8905 -493.0000000000
8908 -492.0000000000
8945 -491.0000000000
8949 -490.0000000000
8952 -489.0000000000
8979 -488.0000000000
8996 -487.0000000000
8999 -486.0000000000
9034 -485.0000000000
9047 -484.0000000000
9050 -483.0000000000
9056 -482.0000000000
9071 -481.0000000000
9095 -480.0000000000
9118 -479.0000000000
9144 -478.0000000000
9169 -477.0000000000
9172 -476.0000000000
9178 -474.0000000000
9179 -473.0000000000
9218 -472.0000000000
9232 -471.0000000000
9264 -470.0000000000
9356 -469.0000000000
9358 -468.0000000000
9390 -467.0000000000
9419 -466.0000000000
9436 -465.0000000000
9445 -464.0000000000
9471 -463.0000000000
9517 -462.0000000000
9526 -461.0000000000
9529 -460.0000000000
9549 -459.0000000000
9559 -458.0000000000
9579 -457.0000000000
9604 -456.0000000000
9624 -455.0000000000
9641 -454.0000000000
9648 -453.0000000000
9660 -451.0000000000
9668 -450.0000000000
9693 -449.0000000000
9725 -448.0000000000
9744 -447.0000000000
9814 -446.0000000000
9876 -445.0000000000
9877 -444.0000000000
9887 -443.0000000000
9891 -442.0000000000
9918 -441.0000000000
9933 -440.0000000000
9934 -439.0000000000
9935 -438.0000000000
9947 -437.0000000000
10000 -439.0000000000
evaluations raw_y
1 -1907.0000000000
7 -1906.0000000000
9 -1905.0000000000
14 -1904.0000000000
18 -1902.0000000000
26 -1901.0000000000
29 -1900.0000000000
31 -1899.0000000000
35 -1898.0000000000
37 -1897.0000000000
41 -1896.0000000000
45 -1895.0000000000
49 -1894.0000000000
54 -1893.0000000000
55 -1890.0000000000
60 -1889.0000000000
63 -1888.0000000000
64 -1886.0000000000
67 -1885.0000000000
68 -1884.0000000000
72 -1883.0000000000
73 -1882.0000000000
80 -1881.0000000000
83 -1880.0000000000
84 -1879.0000000000
85 -1877.0000000000
88 -1876.0000000000
90 -1873.0000000000
98 -1872.0000000000
101 -1871.0000000000
102 -1870.0000000000
104 -1869.0000000000
109 -1868.0000000000
133 -1866.0000000000
147 -1865.0000000000
152 -1863.0000000000
153 -1862.0000000000
154 -1861.0000000000
155 -1860.0000000000
156 -1858.0000000000
165 -1857.0000000000
167 -1856.0000000000
170 -1855.0000000000
172 -1854.0000000000
174 -1853.0000000000
176 -1852.0000000000
177 -1851.0000000000
181 -1849.0000000000
189 -1848.0000000000
190 -1847.0000000000
193 -1846.0000000000
197 -1845.0000000000
199 -1844.0000000000
207 -1843.0000000000
216 -1841.0000000000
220 -1840.0000000000
221 -1839.0000000000
225 -1836.0000000000
230 -1835.0000000000
234 -1834.0000000000
236 -1833.0000000000
237 -1832.0000000000
240 -1830.0000000000
241 -1829.0000000000
243 -1828.0000000000
245 -1827.0000000000
251 -1826.0000000000
253 -1824.0000000000
257 -1822.0000000000
261 -1821.0000000000
269 -1819.0000000000
271 -1818.0000000000
275 -1817.0000000000
278 -1814.0000000000
281 -1813.0000000000
283 -1812.0000000000
284 -1811.0000000000
285 -1810.0000000000
286 -1808.0000000000
293 -1807.0000000000
296 -1806.0000000000
298 -1805.0000000000
301 -1804.0000000000
302 -1803.0000000000
305 -1802.0000000000
306 -1801.0000000000
311 -1800.0000000000
313 -1799.0000000000
318 -1798.0000000000
319 -1797.0000000000
338 -1795.0000000000
339 -1794.0000000000
342 -1793.0000000000
346 -1789.0000000000
347 -1788.0000000000
349 -1787.0000000000
350 -1785.0000000000
352 -1784.0000000000
353 -1783.0000000000
360 -1782.0000000000
361 -1781.0000000000
365 -1780.0000000000
369 -1779.0000000000
372 -1777.0000000000
376 -1776.0000000000
378 -1775.0000000000
379 -1774.0000000000
382 -1773.0000000000
392 -1772.0000000000
393 -1771.0000000000
396 -1770.0000000000
397 -1769.0000000000
398 -1768.0000000000
406 -1767.0000000000
408 -1766.0000000000
412 -1765.0000000000
414 -1764.0000000000
417 -1763.0000000000
418 -1762.0000000000
422 -1761.0000000000
423 -1760.0000000000
434 -1759.0000000000
437 -1758.0000000000
438 -1757.0000000000
444 -1755.0000000000
445 -1754.0000000000
451 -1753.0000000000
455 -1752.0000000000
457 -1751.0000000000
461 -1749.0000000000
466 -1748.0000000000
467 -1747.0000000000
469 -1745.0000000000
476 -1744.0000000000
479 -1743.0000000000
481 -1742.0000000000
486 -1741.0000000000
488 -1740.0000000000
496 -1738.0000000000
499 -1737.0000000000
508 -1736.0000000000
510 -1735.0000000000
511 -1734.0000000000
516 -1732.0000000000
519 -1731.0000000000
521 -1730.0000000000
522 -1729.0000000000
529 -1728.0000000000
531 -1727.0000000000
538 -1726.0000000000
543 -1724.0000000000
549 -1723.0000000000
563 -1722.0000000000
567 -1720.0000000000
575 -1719.0000000000
583 -1718.0000000000
585 -1717.0000000000
590 -1715.0000000000
599 -1713.0000000000
601 -1712.0000000000
605 -1711.0000000000
607 -1710.0000000000
613 -1709.0000000000
634 -1708.0000000000
637 -1707.0000000000
652 -1706.0000000000
658 -1705.0000000000
659 -1704.0000000000
662 -1703.0000000000
664 -1702.0000000000
671 -1698.0000000000
674 -1697.0000000000
679 -1696.0000000000
681 -1695.0000000000
682 -1694.0000000000
683 -1693.0000000000
685 -1692.0000000000
690 -1691.0000000000
692 -1690.0000000000
697 -1689.0000000000
706 -1688.0000000000
707 -1687.0000000000
708 -1686.0000000000
715 -1685.0000000000
721 -1684.0000000000
724 -1683.0000000000
725 -1682.0000000000
726 -1681.0000000000
730 -1680.0000000000
731 -1679.0000000000
735 -1677.0000000000
736 -1676.0000000000
737 -1675.0000000000
745 -1674.0000000000
746 -1673.0000000000
748 -1672.0000000000
749 -1671.0000000000
755 -1670.0000000000
756 -1669.0000000000
757 -1667.0000000000
761 -1666.0000000000
765 -1664.0000000000
766 -1663.0000000000
768 -1662.0000000000
775 -1661.0000000000
783 -1659.0000000000
787 -1657.0000000000
792 -1656.0000000000
794 -1655.0000000000
795 -1654.0000000000
798 -1651.0000000000
801 -1649.0000000000
807 -1648.0000000000
810 -1647.0000000000
817 -1644.0000000000
824 -1643.0000000000
826 -1642.0000000000
827 -1641.0000000000
831 -1640.0000000000
838 -1639.0000000000
843 -1637.0000000000
846 -1636.0000000000
847 -1635.0000000000
852 -1634.0000000000
856 -1633.0000000000
860 -1632.0000000000
866 -1631.0000000000
868 -1629.0000000000
871 -1628.0000000000
874 -1627.0000000000
879 -1626.0000000000
881 -1625.0000000000
886 -1624.0000000000
894 -1623.0000000000
896 -1621.0000000000
900 -1620.0000000000
902 -1618.0000000000
903 -1617.0000000000
904 -1616.0000000000
914 -1614.0000000000
916 -1613.0000000000
918 -1612.0000000000
919 -1610.0000000000
927 -1609.0000000000
933 -1607.0000000000
940 -1606.0000000000
941 -1605.0000000000
946 -1604.0000000000
948 -1603.0000000000
952 -1602.0000000000
953 -1601.0000000000
958 -1600.0000000000
959 -1599.0000000000
962 -1598.0000000000
963 -1597.0000000000
966 -1596.0000000000
979 -1595.0000000000
985 -1594.0000000000
987 -1592.0000000000
991 -1591.0000000000
992 -1590.0000000000
994 -1588.0000000000
1008 -1587.0000000000
1018 -1585.0000000000
1019 -1584.0000000000
1022 -1583.0000000000
1026 -1581.0000000000
1030 -1580.0000000000
1047 -1579.0000000000
1048 -1577.0000000000
1051 -1576.0000000000
1061 -1575.0000000000
1063 -1574.0000000000
1069 -1573.0000000000
1077 -1572.0000000000
1079 -1571.0000000000
1081 -1570.0000000000
1082 -1569.0000000000
1085 -1568.0000000000
1086 -1567.0000000000
1088 -1565.0000000000
1089 -1564.0000000000
1094 -1563.0000000000
1107 -1562.0000000000
1111 -1561.0000000000
1119 -1560.0000000000
1121 -1559.0000000000
1127 -1558.0000000000
1133 -1557.0000000000
1135 -1555.0000000000
1138 -1554.0000000000
1139 -1552.0000000000
1146 -1551.0000000000
1147 -1550.0000000000
1148 -1549.0000000000
1149 -1548.0000000000
1151 -1547.0000000000
1152 -1545.0000000000
1153 -1544.0000000000
1157 -1541.0000000000
1162 -1540.0000000000
1164 -1539.0000000000
1170 -1538.0000000000
1173 -1537.0000000000
1196 -1536.0000000000
1198 -1534.0000000000
1200 -1533.0000000000
1207 -1532.0000000000
1216 -1531.0000000000
1225 -1530.0000000000
1232 -1528.0000000000
1241 -1527.0000000000
1242 -1526.0000000000
1251 -1525.0000000000
1255 -1524.0000000000
1258 -1523.0000000000
1261 -1522.0000000000
1262 -1521.0000000000
1270 -1520.0000000000
1283 -1519.0000000000
1287 -1518.0000000000
1290 -1517.0000000000
1291 -1516.0000000000
1293 -1515.0000000000
1294 -1514.0000000000
1303 -1513.0000000000
1305 -1512.0000000000
1310 -1511.0000000000
1322 -1510.0000000000
1337 -1509.0000000000
1340 -1508.0000000000
1342 -1507.0000000000
1347 -1506.0000000000
1353 -1505.0000000000
1354 -1504.0000000000
1355 -1502.0000000000
1364 -1501.0000000000
1367 -1500.0000000000
1380 -1499.0000000000
1396 -1497.0000000000
1398 -1495.0000000000
1399 -1494.0000000000
1407 -1493.0000000000
1414 -1492.0000000000
1415 -1491.0000000000
1424 -1489.0000000000
1425 -1488.0000000000
1429 -1487.0000000000
1430 -1486.0000000000
1433 -1485.0000000000
1440 -1484.0000000000
1443 -1483.0000000000
1448 -1481.0000000000
1450 -1479.0000000000
1455 -1478.0000000000
1459 -1477.0000000000
1460 -1476.0000000000
1466 -1474.0000000000
1469 -1473.0000000000
1477 -1472.0000000000
1483 -1470.0000000000
1484 -1469.0000000000
1495 -1468.0000000000
1497 -1467.0000000000
1502 -1466.0000000000
1515 -1465.0000000000
1519 -1464.0000000000
1524 -1463.0000000000
1525 -1462.0000000000
1533 -1460.0000000000
1541 -1459.0000000000
1542 -1458.0000000000
1547 -1457.0000000000
1548 -1456.0000000000
1567 -1455.0000000000
1581 -1454.0000000000
1584 -1453.0000000000
1586 -1452.0000000000
1598 -1450.0000000000
1604 -1449.0000000000
1606 -1448.0000000000
1607 -1447.0000000000
1608 -1446.0000000000
1629 -1444.0000000000
1630 -1443.0000000000
1637 -1442.0000000000
1640 -1441.0000000000
1643 -1440.0000000000
1649 -1438.0000000000
1651 -1436.0000000000
1663 -1435.0000000000
1667 -1434.0000000000
1681 -1433.0000000000
1690 -1432.0000000000
1693 -1431.0000000000
1701 -1430.0000000000
1709 -1429.0000000000
1711 -1428.0000000000
1714 -1427.0000000000
1729 -1426.0000000000
1730 -1425.0000000000
1731 -1424.0000000000
1735 -1423.0000000000
1739 -1422.0000000000
1740 -1421.0000000000
1757 -1420.0000000000
1763 -1419.0000000000
1774 -1418.0000000000
1783 -1417.0000000000
1784 -1416.0000000000
1787 -1415.0000000000
1788 -1414.0000000000
1792 -1413.0000000000
1796 -1410.0000000000
1799 -1409.0000000000
1800 -1408.0000000000
1804 -1407.0000000000
1805 -1406.0000000000
1808 -1405.0000000000
1810 -1403.0000000000
1822 -1402.0000000000
1824 -1401.0000000000
1830 -1400.0000000000
1843 -1399.0000000000
1851 -1398.0000000000
1853 -1397.0000000000
1858 -1396.0000000000
1859 -1395.0000000000
1864 -1393.0000000000
1867 -1392.0000000000
1874 -1391.0000000000
1882 -1390.0000000000
1911 -1389.0000000000
1919 -1388.0000000000
1920 -1387.0000000000
1926 -1386.0000000000
1936 -1383.0000000000
1948 -1381.0000000000
1959 -1380.0000000000
1971 -1379.0000000000
1992 -1378.0000000000
1997 -1377.0000000000
2000 -1376.0000000000
2008 -1374.0000000000
2017 -1372.0000000000
2027 -1371.0000000000
2029 -1370.0000000000
2031 -1369.0000000000
2045 -1368.0000000000
2050 -1367.0000000000
2051 -1366.0000000000
2059 -1365.0000000000
2062 -1364.0000000000
2064 -1363.0000000000
2069 -1362.0000000000
2075 -1361.0000000000
2090 -1360.0000000000
2096 -1359.0000000000
2102 -1358.0000000000
2104 -1356.0000000000
2108 -1354.0000000000
2116 -1353.0000000000
2120 -1352.0000000000
2135 -1351.0000000000
2151 -1350.0000000000
2153 -1349.0000000000
2154 -1348.0000000000
2156 -1347.0000000000
2158 -1346.0000000000
2169 -1344.0000000000
2178 -1341.0000000000
2180 -1340.0000000000
2187 -1338.0000000000
2189 -1337.0000000000
2190 -1336.0000000000
2195 -1335.0000000000
2200 -1334.0000000000
2203 -1333.0000000000
2213 -1332.0000000000
2232 -1331.0000000000
2241 -1329.0000000000
2248 -1328.0000000000
2249 -1327.0000000000
2251 -1326.0000000000
2254 -1325.0000000000
2262 -1324.0000000000
2283 -1323.0000000000
2284 -1322.0000000000
2289 -1321.0000000000
2292 -1320.0000000000
2296 -1319.0000000000
2299 -1318.0000000000
2303 -1317.0000000000
2307 -1315.0000000000
2309 -1314.0000000000
2317 -1313.0000000000
2335 -1311.0000000000
2337 -1310.0000000000
2350 -1309.0000000000
2352 -1307.0000000000
2354 -1306.0000000000
2360 -1305.0000000000
2371 -1304.0000000000
2379 -1303.0000000000
2380 -1302.0000000000
2428 -1301.0000000000
2433 -1300.0000000000
2441 -1299.0000000000
2445 -1297.0000000000
2446 -1296.0000000000
2449 -1295.0000000000
2458 -1294.0000000000
2462 -1293.0000000000
2465 -1292.0000000000
2472 -1291.0000000000
2475 -1289.0000000000
2486 -1288.0000000000
2489 -1287.0000000000
2495 -1286.0000000000
2505 -1285.0000000000
2514 -1284.0000000000
2517 -1283.0000000000
2519 -1282.0000000000
2521 -1281.0000000000
2532 -1280.0000000000
2533 -1279.0000000000
2534 -1278.0000000000
2536 -1276.0000000000
2543 -1275.0000000000
2550 -1274.0000000000
2552 -1271.0000000000
2559 -1270.0000000000
2572 -1269.0000000000
2580 -1268.0000000000
2583 -1267.0000000000
2588 -1266.0000000000
2593 -1265.0000000000
2599 -1264.0000000000
2608 -1263.0000000000
2610 -1262.0000000000
2619 -1261.0000000000
2627 -1260.0000000000
2640 -1259.0000000000
2650 -1257.0000000000
2652 -1256.0000000000
2669 -1255.0000000000
2671 -1254.0000000000
2672 -1253.0000000000
2675 -1252.0000000000
2679 -1251.0000000000
2681 -1249.0000000000
2682 -1248.0000000000
2700 -1247.0000000000
2714 -1245.0000000000
2721 -1244.0000000000
2728 -1243.0000000000
2730 -1241.0000000000
2735 -1238.0000000000
2750 -1237.0000000000
2759 -1235.0000000000
2760 -1234.0000000000
2764 -1233.0000000000
2776 -1232.0000000000
2777 -1231.0000000000
2783 -1230.0000000000
2787 -1229.0000000000
2797 -1228.0000000000
2806 -1227.0000000000
2810 -1226.0000000000
2815 -1225.0000000000
2818 -1224.0000000000
2827 -1223.0000000000
2838 -1222.0000000000
2839 -1221.0000000000
2843 -1220.0000000000
2853 -1219.0000000000
2872 -1218.0000000000
2879 -1217.0000000000
2897 -1216.0000000000
2906 -1215.0000000000
2911 -1214.0000000000
2913 -1213.0000000000
2924 -1212.0000000000
2925 -1211.0000000000
2929 -1210.0000000000
2930 -1209.0000000000
2932 -1208.0000000000
2946 -1206.0000000000
2949 -1205.0000000000
2950 -1204.0000000000
2951 -1203.0000000000
2954 -1202.0000000000
2965 -1201.0000000000
2967 -1200.0000000000
2970 -1199.0000000000
2986 -1198.0000000000
2990 -1197.0000000000
3000 -1196.0000000000
3005 -1194.0000000000
3014 -1193.0000000000
3030 -1192.0000000000
3041 -1191.0000000000
3060 -1190.0000000000
3062 -1189.0000000000
3067 -1188.0000000000
3070 -1187.0000000000
3080 -1186.0000000000
3084 -1185.0000000000
3089 -1184.0000000000
3091 -1183.0000000000
3097 -1182.0000000000
3102 -1181.0000000000
3105 -1179.0000000000
3122 -1177.0000000000
3123 -1175.0000000000
3128 -1174.0000000000
3139 -1172.0000000000
3140 -1170.0000000000
3146 -1169.0000000000
3148 -1168.0000000000
3152 -1167.0000000000
3155 -1165.0000000000
3159 -1164.0000000000
3161 -1163.0000000000
3168 -1162.0000000000
3177 -1161.0000000000
3192 -1160.0000000000
3195 -1159.0000000000
3198 -1158.0000000000
3199 -1157.0000000000
3202 -1156.0000000000
3203 -1155.0000000000
3204 -1154.0000000000
3206 -1153.0000000000
3207 -1152.0000000000
3222 -1150.0000000000
3231 -1149.0000000000
3235 -1148.0000000000
3246 -1147.0000000000
3248 -1145.0000000000
3256 -1144.0000000000
3267 -1143.0000000000
3270 -1142.0000000000
3281 -1141.0000000000
3283 -1140.0000000000
3293 -1139.0000000000
3294 -1138.0000000000
3306 -1135.0000000000
3308 -1134.0000000000
3321 -1133.0000000000
3322 -1132.0000000000
3333 -1131.0000000000
3335 -1130.0000000000
3338 -1129.0000000000
3345 -1128.0000000000
3347 -1127.0000000000
3353 -1126.0000000000
3358 -1125.0000000000
3362 -1124.0000000000
3364 -1123.0000000000
3372 -1121.0000000000
3374 -1120.0000000000
3389 -1119.0000000000
3393 -1118.0000000000
3417 -1117.0000000000
3420 -1116.0000000000
3421 -1115.0000000000
3438 -1113.0000000000
3439 -1112.0000000000
3447 -1111.0000000000
3448 -1110.0000000000
3453 -1109.0000000000
3474 -1108.0000000000
3479 -1106.0000000000
3492 -1105.0000000000
3499 -1104.0000000000
3501 -1103.0000000000
3511 -1101.0000000000
3521 -1100.0000000000
3526 -1099.0000000000
3530 -1098.0000000000
3531 -1097.0000000000
3543 -1096.0000000000
3544 -1095.0000000000
3559 -1094.0000000000
3572 -1093.0000000000
3576 -1092.0000000000
3580 -1091.0000000000
3587 -1090.0000000000
3589 -1089.0000000000
3607 -1088.0000000000
3628 -1087.0000000000
3637 -1086.0000000000
3652 -1085.0000000000
3656 -1084.0000000000
3657 -1083.0000000000
3675 -1082.0000000000
3676 -1081.0000000000
3678 -1080.0000000000
3683 -1079.0000000000
3698 -1078.0000000000
3700 -1077.0000000000
3706 -1076.0000000000
3716 -1075.0000000000
3739 -1074.0000000000
3741 -1073.0000000000
3744 -1072.0000000000
3751 -1071.0000000000
3765 -1070.0000000000
3769 -1068.0000000000
3780 -1067.0000000000
3796 -1066.0000000000
3798 -1065.0000000000
3799 -1064.0000000000
3803 -1063.0000000000
3811 -1062.0000000000
3826 -1061.0000000000
3827 -1060.0000000000
3828 -1059.0000000000
3845 -1058.0000000000
3851 -1057.0000000000
3852 -1056.0000000000
3873 -1055.0000000000
3884 -1054.0000000000
3885 -1053.0000000000
3886 -1052.0000000000
3894 -1050.0000000000
3917 -1049.0000000000
3921 -1048.0000000000
3952 -1047.0000000000
3958 -1046.0000000000
3963 -1045.0000000000
3982 -1044.0000000000
3983 -1043.0000000000
3985 -1042.0000000000
3986 -1041.0000000000
3990 -1040.0000000000
3997 -1038.0000000000
4005 -1037.0000000000
4007 -1036.0000000000
4021 -1035.0000000000
4027 -1033.0000000000
4029 -1032.0000000000
4045 -1031.0000000000
4048 -1030.0000000000
4052 -1029.0000000000
4058 -1028.0000000000
4066 -1026.0000000000
4080 -1025.0000000000
4088 -1024.0000000000
4115 -1023.0000000000
4124 -1022.0000000000
4129 -1021.0000000000
4133 -1019.0000000000
4140 -1018.0000000000
4144 -1017.0000000000
4148 -1016.0000000000
4149 -1014.0000000000
4176 -1012.0000000000
4183 -1011.0000000000
4189 -1010.0000000000
4191 -1009.0000000000
4198 -1008.0000000000
4231 -1007.0000000000
4249 -1006.0000000000
4276 -1004.0000000000
4288 -1003.0000000000
4295 -1002.0000000000
4297 -1000.0000000000
4302 -999.0000000000
4322 -998.0000000000
4331 -997.0000000000
4337 -996.0000000000
4339 -995.0000000000
4358 -994.0000000000
4365 -993.0000000000
4380 -991.0000000000
4392 -990.0000000000
4401 -989.0000000000
4406 -988.0000000000
4409 -987.0000000000
4415 -985.0000000000
4417 -984.0000000000
4436 -982.0000000000
4441 -981.0000000000
4442 -980.0000000000
4443 -979.0000000000
4451 -978.0000000000
4455 -977.0000000000
4468 -976.0000000000
4474 -975.0000000000
4477 -973.0000000000
4480 -972.0000000000
4495 -971.0000000000
4505 -970.0000000000
4508 -969.0000000000
4511 -968.0000000000
4537 -967.0000000000
4550 -966.0000000000
4564 -964.0000000000
4565 -963.0000000000
4573 -959.0000000000
4584 -958.0000000000
4592 -956.0000000000
4610 -955.0000000000
4623 -954.0000000000
4625 -953.0000000000
4665 -951.0000000000
4666 -950.0000000000
4669 -949.0000000000
4703 -948.0000000000
4706 -947.0000000000
4710 -945.0000000000
4716 -944.0000000000
4721 -943.0000000000
4726 -942.0000000000
4731 -941.0000000000
4732 -940.0000000000
4756 -939.0000000000
4758 -938.0000000000
4765 -937.0000000000
4773 -935.0000000000
4784 -933.0000000000
4793 -931.0000000000
4797 -930.0000000000
4802 -929.0000000000
4811 -928.0000000000
4835 -927.0000000000
4842 -926.0000000000
4866 -924.0000000000
4879 -923.0000000000
4880 -921.0000000000
4885 -920.0000000000
4901 -919.0000000000
4908 -918.0000000000
4914 -917.0000000000
4926 -916.0000000000
4946 -915.0000000000
4953 -914.0000000000
4961 -913.0000000000
4962 -912.0000000000
4963 -911.0000000000
4971 -910.0000000000
4973 -909.0000000000
4974 -908.0000000000
4990 -907.0000000000
4996 -906.0000000000
5008 -905.0000000000
5011 -902.0000000000
5027 -901.0000000000
5040 -900.0000000000
5041 -899.0000000000
5056 -898.0000000000
5058 -897.0000000000
5061 -896.0000000000
5070 -895.0000000000
5087 -894.0000000000
5096 -893.0000000000
5106 -892.0000000000
5129 -889.0000000000
5134 -888.0000000000
5139 -887.0000000000
5141 -886.0000000000
5150 -885.0000000000
5200 -884.0000000000
5201 -882.0000000000
5204 -881.0000000000
5223 -880.0000000000
5232 -879.0000000000
5252 -878.0000000000
5293 -877.0000000000
5324 -876.0000000000
5334 -875.0000000000
5341 -874.0000000000
5352 -873.0000000000
5355 -872.0000000000
5365 -871.0000000000
5374 -870.0000000000
5376 -869.0000000000
5379 -868.0000000000
5383 -867.0000000000
5390 -866.0000000000
5392 -865.0000000000
5396 -864.0000000000
5398 -863.0000000000
5399 -861.0000000000
5400 -860.0000000000
5401 -859.0000000000
5407 -858.0000000000
5432 -857.0000000000
5438 -856.0000000000
5451 -855.0000000000
5471 -854.0000000000
5484 -853.0000000000
5492 -852.0000000000
5502 -851.0000000000
5503 -850.0000000000
5505 -849.0000000000
5519 -848.0000000000
5532 -847.0000000000
5533 -846.0000000000
5540 -845.0000000000
5555 -844.0000000000
5561 -843.0000000000
5570 -842.0000000000
5575 -841.0000000000
5600 -839.0000000000
5607 -837.0000000000
5608 -836.0000000000
5620 -835.0000000000
5651 -834.0000000000
5674 -833.0000000000
5675 -830.0000000000
5677 -829.0000000000
5680 -828.0000000000
5685 -827.0000000000
5694 -826.0000000000
5697 -825.0000000000
5698 -824.0000000000
5703 -823.0000000000
5708 -822.0000000000
5723 -821.0000000000
5729 -820.0000000000
5732 -819.0000000000
5735 -818.0000000000
5741 -817.0000000000
5742 -816.0000000000
5752 -815.0000000000
5761 -814.0000000000
5765 -813.0000000000
5769 -812.0000000000
5787 -811.0000000000
5791 -810.0000000000
5803 -809.0000000000
5825 -808.0000000000
5837 -807.0000000000
5845 -806.0000000000
5853 -805.0000000000
5862 -804.0000000000
5863 -803.0000000000
5866 -802.0000000000
5868 -801.0000000000
5877 -800.0000000000
5890 -799.0000000000
5905 -798.0000000000
5938 -797.0000000000
5942 -796.0000000000
5944 -795.0000000000
5947 -794.0000000000
5949 -793.0000000000
5951 -792.0000000000
5963 -791.0000000000
5984 -790.0000000000
5994 -789.0000000000
6021 -788.0000000000
6024 -787.0000000000
6027 -786.0000000000
6028 -785.0000000000
6034 -784.0000000000
6052 -783.0000000000
6054 -782.0000000000
6058 -781.0000000000
6070 -780.0000000000
6078 -779.0000000000
6083 -778.0000000000
6089 -776.0000000000
6108 -775.0000000000
6120 -774.0000000000
6129 -773.0000000000
6135 -772.0000000000
6137 -771.0000000000
6151 -769.0000000000
6157 -768.0000000000
6159 -767.0000000000
6165 -766.0000000000
6170 -764.0000000000
6171 -763.0000000000
6179 -762.0000000000
6180 -761.0000000000
6192 -760.0000000000
6211 -759.0000000000
6221 -758.0000000000
6227 -757.0000000000
6254 -756.0000000000
6269 -755.0000000000
6281 -754.0000000000
6292 -753.0000000000
6301 -752.0000000000
6320 -751.0000000000
6330 -750.0000000000
6332 -749.0000000000
6340 -748.0000000000
6341 -747.0000000000
6345 -746.0000000000
6347 -745.0000000000
6352 -744.0000000000
6418 -743.0000000000
6419 -742.0000000000
6422 -741.0000000000
6440 -739.0000000000
6442 -738.0000000000
6463 -736.0000000000
6481 -735.0000000000
6484 -734.0000000000
6496 -732.0000000000
6499 -731.0000000000
6520 -729.0000000000
6530 -727.0000000000
6531 -726.0000000000
6545 -725.0000000000
6546 -724.0000000000
6562 -723.0000000000
6566 -722.0000000000
6575 -721.0000000000
6594 -719.0000000000
6632 -718.0000000000
6646 -717.0000000000
6668 -716.0000000000
6676 -715.0000000000
6678 -714.0000000000
6688 -713.0000000000
6701 -712.0000000000
6702 -711.0000000000
6706 -710.0000000000
6709 -709.0000000000
6719 -708.0000000000
6733 -707.0000000000
6765 -706.0000000000
6784 -705.0000000000
6803 -703.0000000000
6812 -702.0000000000
6839 -701.0000000000
6843 -700.0000000000
6853 -699.0000000000
6860 -698.0000000000
6865 -697.0000000000
6870 -696.0000000000
6877 -693.0000000000
6882 -692.0000000000
6886 -691.0000000000
6909 -690.0000000000
6912 -689.0000000000
6933 -688.0000000000
6942 -687.0000000000
6944 -686.0000000000
6992 -684.0000000000
6996 -683.0000000000
6999 -682.0000000000
7003 -680.0000000000
7004 -679.0000000000
7009 -678.0000000000
7021 -677.0000000000
7023 -675.0000000000
7025 -674.0000000000
7027 -673.0000000000
7039 -672.0000000000
7051 -671.0000000000
7056 -670.0000000000
7058 -669.0000000000
7065 -668.0000000000
7083 -667.0000000000
7103 -666.0000000000
7106 -665.0000000000
7110 -664.0000000000
7115 -663.0000000000
7118 -662.0000000000
7119 -660.0000000000
7126 -659.0000000000
7127 -658.0000000000
7145 -657.0000000000
7149 -656.0000000000
7151 -655.0000000000
7153 -653.0000000000
7155 -652.0000000000
7163 -651.0000000000
7194 -650.0000000000
7208 -649.0000000000
7210 -648.0000000000
7214 -647.0000000000
7234 -646.0000000000
7253 -645.0000000000
7276 -644.0000000000
7281 -643.0000000000
7305 -642.0000000000
7316 -641.0000000000
7318 -640.0000000000
7332 -639.0000000000
7333 -638.0000000000
7335 -637.0000000000
7341 -636.0000000000
7354 -635.0000000000
7355 -634.0000000000
7357 -633.0000000000
7404 -632.0000000000
7425 -631.0000000000
7426 -630.0000000000
7427 -629.0000000000
7433 -628.0000000000
7483 -627.0000000000
7484 -626.0000000000
7517 -624.0000000000
7547 -623.0000000000
7562 -622.0000000000
7573 -621.0000000000
7586 -620.0000000000
7601 -619.0000000000
7615 -618.0000000000
7626 -617.0000000000
7627 -616.0000000000
7629 -615.0000000000
7650 -614.0000000000
7652 -613.0000000000
7676 -612.0000000000
7679 -611.0000000000
7684 -610.0000000000
7685 -609.0000000000
7694 -608.0000000000
7697 -607.0000000000
7718 -606.0000000000
7719 -605.0000000000
7736 -604.0000000000
7740 -603.0000000000
7744 -602.0000000000
7756 -601.0000000000
7765 -600.0000000000
7775 -599.0000000000
7778 -598.0000000000
7787 -597.0000000000
7817 -596.0000000000
7827 -595.0000000000
7828 -594.0000000000
7829 -593.0000000000
7834 -592.0000000000
7842 -590.0000000000
7844 -589.0000000000
7853 -588.0000000000
7863 -587.0000000000
7869 -586.0000000000
7877 -585.0000000000
7881 -584.0000000000
7922 -583.0000000000
7930 -582.0000000000
7935 -581.0000000000
7965 -580.0000000000
7980 -579.0000000000
7981 -578.0000000000
8004 -577.0000000000
8010 -576.0000000000
8021 -575.0000000000
8062 -574.0000000000
8067 -573.0000000000
8076 -572.0000000000
8100 -571.0000000000
8107 -570.0000000000
8110 -569.0000000000
8115 -568.0000000000
8130 -567.0000000000
8136 -566.0000000000
8151 -564.0000000000
8186 -563.0000000000
8203 -562.0000000000
8208 -561.0000000000
8212 -560.0000000000
8223 -559.0000000000
8228 -557.0000000000
8230 -556.0000000000
8233 -555.0000000000
8254 -554.0000000000
8258 -553.0000000000
8284 -552.0000000000
8305 -551.0000000000
8323 -550.0000000000
8341 -549.0000000000
8349 -548.0000000000
8357 -547.0000000000
8380 -546.0000000000
8406 -545.0000000000
8408 -543.0000000000
8430 -542.0000000000
8439 -541.0000000000
8454 -540.0000000000
8487 -539.0000000000
8512 -538.0000000000
8524 -537.0000000000
8533 -536.0000000000
8549 -535.0000000000
8550 -534.0000000000
8559 -533.0000000000
8564 -532.0000000000
8586 -531.0000000000
8594 -530.0000000000
8597 -529.0000000000
8623 -528.0000000000
8627 -527.0000000000
8631 -526.0000000000
8640 -525.0000000000
8676 -524.0000000000
8682 -523.0000000000
8731 -522.0000000000
8755 -521.0000000000
8802 -520.0000000000
8824 -518.0000000000
8833 -517.0000000000
8846 -516.0000000000
8850 -515.0000000000
8863 -514.0000000000
8875 -513.0000000000
8882 -512.0000000000
8888 -511.0000000000
8893 -510.0000000000
8906 -509.0000000000
8954 -508.0000000000
8964 -506.0000000000
8970 -505.0000000000
8997 -504.0000000000
9040 -503.0000000000
9043 -502.0000000000
9049 -501.0000000000
9099 -500.0000000000
9100 -499.0000000000
9101 -497.0000000000
9162 -495.0000000000
9170 -493.0000000000
9215 -492.0000000000
9228 -491.0000000000
9244 -490.0000000000
9247 -489.0000000000
9251 -488.0000000000
9256 -487.0000000000
9272 -486.0000000000
9291 -485.0000000000
9295 -484.0000000000
9328 -483.0000000000
9350 -482.0000000000
9365 -481.0000000000
9368 -480.0000000000
9395 -479.0000000000
9415 -478.0000000000
9445 -477.0000000000
9450 -476.0000000000
9459 -475.0000000000
9461 -474.0000000000
9474 -473.0000000000
9517 -472.0000000000
9521 -471.0000000000
9532 -470.0000000000
9539 -469.0000000000
9551 -468.0000000000
9563 -467.0000000000
9566 -466.0000000000
9576 -465.0000000000
9579 -464.0000000000
9582 -462.0000000000
9599 -461.0000000000
9603 -460.0000000000
9605 -459.0000000000
9612 -458.0000000000
9635 -457.0000000000
9668 -456.0000000000
9676 -455.0000000000
9684 -454.0000000000
9709 -453.0000000000
9725 -452.0000000000
9727 -451.0000000000
9736 -450.0000000000
9810 -449.0000000000
9865 -448.0000000000
9866 -447.0000000000
9882 -446.0000000000
9930 -444.0000000000
9968 -443.0000000000
9978 -442.0000000000
9983 -441.0000000000
10000 -442.0000000000
evaluations raw_y
1 -1907.0000000000
2 -1906.0000000000
4 -1905.0000000000
11 -1904.0000000000
13 -1903.0000000000
16 -1902.0000000000
23 -1901.0000000000
28 -1900.0000000000
36 -1898.0000000000
37 -1897.0000000000
44 -1896.0000000000
58 -1893.0000000000
64 -1892.0000000000
66 -1891.0000000000
69 -1890.0000000000
70 -1889.0000000000
71 -1887.0000000000
77 -1886.0000000000
78 -1884.0000000000
83 -1883.0000000000
94 -1882.0000000000
95 -1881.0000000000
114 -1880.0000000000
119 -1877.0000000000
122 -1876.0000000000
124 -1875.0000000000
127 -1873.0000000000
129 -1872.0000000000
141 -1871.0000000000
149 -1869.0000000000
150 -1868.0000000000
151 -1867.0000000000
154 -1866.0000000000
159 -1865.0000000000
166 -1864.0000000000
167 -1863.0000000000
171 -1862.0000000000
173 -1861.0000000000
174 -1859.0000000000
178 -1858.0000000000
179 -1857.0000000000
193 -1856.0000000000
194 -1855.0000000000
197 -1854.0000000000
200 -1853.0000000000
201 -1852.0000000000
209 -1851.0000000000
211 -1850.0000000000
212 -1849.0000000000
224 -1847.0000000000
225 -1846.0000000000
237 -1845.0000000000
238 -1844.0000000000
244 -1843.0000000000
246 -1841.0000000000
248 -1840.0000000000
258 -1839.0000000000
263 -1837.0000000000
267 -1836.0000000000
270 -1835.0000000000
272 -1833.0000000000
283 -1832.0000000000
286 -1831.0000000000
287 -1829.0000000000
288 -1828.0000000000
290 -1827.0000000000
310 -1826.0000000000
319 -1825.0000000000
324 -1824.0000000000
332 -1823.0000000000
336 -1822.0000000000
351 -1821.0000000000
352 -1819.0000000000
359 -1818.0000000000
362 -1817.0000000000
372 -1816.0000000000
373 -1815.0000000000
384 -1812.0000000000
394 -1811.0000000000
400 -1810.0000000000
402 -1809.0000000000
409 -1808.0000000000
413 -1806.0000000000
414 -1805.0000000000
420 -1804.0000000000
422 -1803.0000000000
427 -1802.0000000000
429 -1800.0000000000
432 -1798.0000000000
444 -1797.0000000000
451 -1796.0000000000
453 -1795.0000000000
475 -1794.0000000000
479 -1793.0000000000
481 -1792.0000000000
486 -1790.0000000000
490 -1788.0000000000
492 -1787.0000000000
493 -1786.0000000000
503 -1785.0000000000
504 -1784.0000000000
506 -1783.0000000000
517 -1782.0000000000
519 -1781.0000000000
522 -1780.0000000000
524 -1779.0000000000
527 -1777.0000000000
530 -1776.0000000000
532 -1775.0000000000
533 -1773.0000000000
536 -1771.0000000000
537 -1770.0000000000
538 -1768.0000000000
539 -1767.0000000000
540 -1766.0000000000
541 -1765.0000000000
543 -1764.0000000000
549 -1763.0000000000
559 -1762.0000000000
562 -1760.0000000000
566 -1758.0000000000
567 -1756.0000000000
568 -1755.0000000000
569 -1754.0000000000
572 -1753.0000000000
574 -1752.0000000000
576 -1751.0000000000
577 -1750.0000000000
579 -1749.0000000000
586 -1748.0000000000
596 -1747.0000000000
598 -1745.0000000000
601 -1744.0000000000
607 -1743.0000000000
608 -1742.0000000000
609 -1741.0000000000
611 -1740.0000000000
613 -1738.0000000000
615 -1737.0000000000
621 -1736.0000000000
623 -1734.0000000000
635 -1733.0000000000
636 -1732.0000000000
637 -1731.0000000000
640 -1730.0000000000
643 -1729.0000000000
645 -1727.0000000000
647 -1726.0000000000
652 -1725.0000000000
653 -1723.0000000000
655 -1721.0000000000
666 -1720.0000000000
678 -1719.0000000000
681 -1718.0000000000
683 -1717.0000000000
689 -1716.0000000000
690 -1715.0000000000
693 -1713.0000000000
694 -1712.0000000000
696 -1711.0000000000
700 -1710.0000000000
702 -1709.0000000000
713 -1708.0000000000
715 -1707.0000000000
724 -1706.0000000000
727 -1705.0000000000
730 -1704.0000000000
733 -1703.0000000000
736 -1702.0000000000
738 -1701.0000000000
740 -1700.0000000000
742 -1699.0000000000
745 -1698.0000000000
750 -1697.0000000000
752 -1696.0000000000
755 -1695.0000000000
759 -1694.0000000000
764 -1693.0000000000
767 -1692.0000000000
769 -1691.0000000000
771 -1690.0000000000
773 -1689.0000000000
774 -1687.0000000000
781 -1686.0000000000
789 -1685.0000000000
796 -1683.0000000000
800 -1682.0000000000
813 -1681.0000000000
814 -1680.0000000000
816 -1679.0000000000
818 -1677.0000000000
822 -1676.0000000000
827 -1675.0000000000
829 -1674.0000000000
833 -1673.0000000000
837 -1672.0000000000
838 -1670.0000000000
841 -1668.0000000000
842 -1667.0000000000
843 -1666.0000000000
854 -1665.0000000000
860 -1663.0000000000
863 -1660.0000000000
865 -1659.0000000000
867 -1658.0000000000
870 -1657.0000000000
876 -1656.0000000000
878 -1655.0000000000
879 -1654.0000000000
885 -1652.0000000000
890 -1651.0000000000
899 -1649.0000000000
900 -1648.0000000000
903 -1647.0000000000
905 -1646.0000000000
911 -1644.0000000000
913 -1643.0000000000
919 -1642.0000000000
920 -1641.0000000000
921 -1639.0000000000
922 -1637.0000000000
931 -1636.0000000000
932 -1635.0000000000
937 -1634.0000000000
941 -1633.0000000000
944 -1632.0000000000
952 -1631.0000000000
964 -1629.0000000000
965 -1628.0000000000
981 -1627.0000000000
983 -1626.0000000000
984 -1625.0000000000
988 -1624.0000000000
999 -1623.0000000000
1002 -1622.0000000000
1004 -1621.0000000000
1010 -1620.0000000000
1025 -1618.0000000000
1033 -1616.0000000000
1045 -1615.0000000000
1049 -1614.0000000000
1057 -1613.0000000000
1065 -1612.0000000000
1076 -1610.0000000000
1080 -1608.0000000000
1082 -1607.0000000000
1083 -1606.0000000000
1085 -1605.0000000000
1087 -1604.0000000000
1090 -1603.0000000000
1108 -1602.0000000000
1109 -1601.0000000000
1112 -1600.0000000000
1113 -1599.0000000000
1116 -1598.0000000000
1120 -1597.0000000000
1121 -1596.0000000000
1131 -1595.0000000000
1149 -1594.0000000000
1150 -1593.0000000000
1158 -1592.0000000000
1159 -1591.0000000000
1163 -1590.0000000000
1165 -1589.0000000000
1167 -1588.0000000000
1169 -1587.0000000000
1175 -1586.0000000000
1179 -1585.0000000000
1189 -1584.0000000000
1197 -1583.0000000000
1207 -1582.0000000000
1215 -1580.0000000000
1216 -1579.0000000000
1220 -1578.0000000000
1223 -1577.0000000000
1225 -1576.0000000000
1226 -1575.0000000000
1229 -1574.0000000000
1231 -1573.0000000000
1234 -1572.0000000000
1235 -1571.0000000000
1240 -1570.0000000000
1244 -1569.0000000000
1250 -1568.0000000000
1254 -1567.0000000000
1255 -1565.0000000000
1257 -1564.0000000000
1264 -1563.0000000000
1268 -1560.0000000000
1269 -1559.0000000000
1273 -1558.0000000000
1276 -1557.0000000000
1279 -1556.0000000000
1282 -1555.0000000000
1284 -1553.0000000000
1297 -1552.0000000000
1298 -1551.0000000000
1302 -1549.0000000000
1305 -1548.0000000000
1307 -1547.0000000000
1311 -1546.0000000000
1312 -1543.0000000000
1316 -1542.0000000000
1319 -1541.0000000000
1321 -1539.0000000000
1327 -1538.0000000000
1328 -1537.0000000000
1342 -1536.0000000000
1348 -1535.0000000000
1351 -1534.0000000000
1353 -1533.0000000000
1356 -1532.0000000000
1362 -1531.0000000000
1364 -1530.0000000000
1375 -1529.0000000000
1376 -1527.0000000000
1380 -1525.0000000000
1396 -1524.0000000000
1400 -1523.0000000000
1408 -1522.0000000000
1410 -1520.0000000000
1416 -1519.0000000000
1425 -1518.0000000000
1432 -1517.0000000000
1435 -1515.0000000000
1447 -1514.0000000000
1454 -1513.0000000000
1458 -1512.0000000000
1460 -1511.0000000000
1461 -1510.0000000000
1462 -1509.0000000000
1464 -1508.0000000000
1466 -1507.0000000000
1468 -1506.0000000000
1473 -1505.0000000000
1474 -1504.0000000000
1482 -1503.0000000000
1496 -1502.0000000000
1501 -1501.0000000000
1512 -1500.0000000000
1516 -1499.0000000000
1527 -1498.0000000000
1534 -1496.0000000000
1536 -1495.0000000000
1541 -1494.0000000000
1542 -1493.0000000000
1543 -1491.0000000000
1545 -1489.0000000000
1549 -1487.0000000000
1551 -1486.0000000000
1552 -1485.0000000000
1558 -1484.0000000000
1571 -1483.0000000000
1572 -1482.0000000000
1577 -1481.0000000000
1579 -1480.0000000000
1583 -1479.0000000000
1595 -1478.0000000000
1610 -1477.0000000000
1617 -1476.0000000000
1623 -1475.0000000000
1639 -1474.0000000000
1642 -1473.0000000000
1643 -1472.0000000000
1651 -1471.0000000000
1654 -1470.0000000000
1655 -1469.0000000000
1657 -1468.0000000000
1660 -1467.0000000000
1661 -1466.0000000000
1671 -1464.0000000000
1673 -1463.0000000000
1675 -1461.0000000000
1682 -1459.0000000000
1685 -1458.0000000000
1686 -1457.0000000000
1689 -1456.0000000000
1693 -1455.0000000000
1697 -1454.0000000000
1698 -1453.0000000000
1699 -1452.0000000000
1704 -1451.0000000000
1710 -1450.0000000000
1713 -1449.0000000000
1718 -1448.0000000000
1728 -1447.0000000000
1746 -1446.0000000000
1750 -1445.0000000000
1763 -1444.0000000000
1781 -1443.0000000000
1783 -1442.0000000000
1786 -1440.0000000000
1788 -1439.0000000000
1791 -1438.0000000000
1794 -1437.0000000000
1797 -1436.0000000000
1804 -1435.0000000000
1809 -1433.0000000000
1810 -1431.0000000000
1823 -1430.0000000000
1827 -1429.0000000000
1831 -1428.0000000000
1837 -1427.0000000000
1841 -1426.0000000000
1857 -1425.0000000000
1858 -1424.0000000000
1861 -1423.0000000000
1865 -1422.0000000000
1866 -1421.0000000000
1874 -1420.0000000000
1875 -1419.0000000000
1877 -1418.0000000000
1881 -1417.0000000000
1890 -1416.0000000000
1898 -1415.0000000000
1900 -1414.0000000000
1906 -1413.0000000000
1909 -1412.0000000000
1910 -1410.0000000000
1914 -1406.0000000000
1918 -1404.0000000000
1919 -1402.0000000000
1923 -1401.0000000000
1924 -1400.0000000000
1925 -1399.0000000000
1926 -1398.0000000000
1927 -1397.0000000000
1934 -1396.0000000000
1938 -1395.0000000000
1940 -1394.0000000000
1945 -1393.0000000000
1948 -1392.0000000000
1953 -1391.0000000000
1957 -1390.0000000000
1960 -1388.0000000000
1961 -1387.0000000000
1963 -1386.0000000000
1966 -1384.0000000000
1967 -1383.0000000000
1979 -1382.0000000000
1980 -1381.0000000000
1984 -1380.0000000000
1987 -1379.0000000000
1991 -1378.0000000000
2012 -1377.0000000000
2014 -1376.0000000000
2022 -1375.0000000000
2024 -1374.0000000000
2050 -1373.0000000000
2052 -1372.0000000000
2055 -1371.0000000000
2063 -1369.0000000000
2074 -1368.0000000000
2076 -1366.0000000000
2077 -1364.0000000000
2078 -1363.0000000000
2080 -1362.0000000000
2085 -1361.0000000000
2086 -1360.0000000000
2087 -1359.0000000000
2094 -1358.0000000000
2104 -1357.0000000000
2107 -1356.0000000000
2111 -1355.0000000000
2114 -1354.0000000000
2127 -1352.0000000000
2134 -1351.0000000000
2135 -1350.0000000000
2136 -1349.0000000000
2140 -1348.0000000000
2143 -1347.0000000000
2144 -1346.0000000000
2148 -1345.0000000000
2165 -1344.0000000000
2172 -1343.0000000000
2178 -1342.0000000000
2182 -1341.0000000000
2185 -1340.0000000000
2188 -1339.0000000000
2189 -1338.0000000000
2198 -1337.0000000000
2199 -1336.0000000000
2201 -1335.0000000000
2213 -1334.0000000000
2221 -1333.0000000000
2234 -1332.0000000000
2237 -1331.0000000000
2238 -1330.0000000000
2241 -1328.0000000000
2246 -1327.0000000000
2262 -1326.0000000000
2279 -1325.0000000000
2280 -1323.0000000000
2302 -1322.0000000000
2303 -1321.0000000000
2319 -1320.0000000000
2320 -1319.0000000000
2321 -1317.0000000000
2325 -1316.0000000000
2327 -1315.0000000000
2329 -1314.0000000000
2343 -1313.0000000000
2344 -1312.0000000000
2356 -1311.0000000000
2364 -1310.0000000000
2366 -1309.0000000000
2379 -1308.0000000000
2385 -1307.0000000000
2387 -1306.0000000000
2392 -1304.0000000000
2393 -1302.0000000000
2398 -1300.0000000000
2402 -1299.0000000000
2414 -1297.0000000000
2419 -1296.0000000000
2428 -1295.0000000000
2442 -1294.0000000000
2454 -1293.0000000000
2457 -1292.0000000000
2469 -1291.0000000000
2482 -1290.0000000000
2483 -1289.0000000000
2485 -1287.0000000000
2492 -1286.0000000000
2499 -1285.0000000000
2506 -1284.0000000000
2515 -1283.0000000000
2516 -1281.0000000000
2518 -1280.0000000000
2522 -1279.0000000000
2525 -1278.0000000000
2529 -1276.0000000000
2530 -1275.0000000000
2531 -1274.0000000000
2537 -1272.0000000000
2538 -1271.0000000000
2540 -1269.0000000000
2544 -1268.0000000000
2549 -1266.0000000000
2564 -1265.0000000000
2579 -1264.0000000000
2583 -1263.0000000000
2591 -1262.0000000000
2592 -1260.0000000000
2594 -1259.0000000000
2595 -1258.0000000000
2609 -1257.0000000000
2610 -1256.0000000000
2616 -1255.0000000000
2634 -1254.0000000000
2636 -1253.0000000000
2640 -1252.0000000000
2641 -1251.0000000000
2645 -1250.0000000000
2656 -1249.0000000000
2658 -1248.0000000000
2663 -1247.0000000000
2664 -1245.0000000000
2666 -1242.0000000000
2669 -1241.0000000000
2676 -1240.0000000000
2677 -1239.0000000000
2681 -1238.0000000000
2685 -1237.0000000000
2687 -1236.0000000000
2689 -1235.0000000000
2692 -1234.0000000000
2694 -1233.0000000000
2697 -1232.0000000000
2705 -1230.0000000000
2712 -1229.0000000000
2713 -1228.0000000000
2715 -1226.0000000000
2722 -1225.0000000000
2731 -1224.0000000000
2742 -1223.0000000000
2746 -1222.0000000000
2747 -1221.0000000000
2750 -1219.0000000000
2760 -1218.0000000000
2769 -1217.0000000000
2780 -1216.0000000000
2783 -1215.0000000000
2784 -1214.0000000000
2787 -1213.0000000000
2790 -1212.0000000000
2794 -1210.0000000000
2806 -1209.0000000000
2816 -1208.0000000000
2818 -1207.0000000000
2822 -1206.0000000000
2824 -1205.0000000000
2832 -1204.0000000000
2836 -1203.0000000000
2841 -1202.0000000000
2845 -1201.0000000000
2852 -1199.0000000000
2857 -1198.0000000000
2859 -1197.0000000000
2888 -1196.0000000000
2891 -1195.0000000000
2897 -1194.0000000000
2898 -1192.0000000000
2899 -1190.0000000000
2902 -1189.0000000000
2919 -1188.0000000000
2925 -1186.0000000000
2934 -1185.0000000000
2937 -1184.0000000000
2944 -1183.0000000000
2956 -1182.0000000000
2958 -1180.0000000000
2961 -1178.0000000000
2968 -1177.0000000000
2972 -1175.0000000000
2980 -1174.0000000000
2981 -1173.0000000000
2990 -1172.0000000000
3001 -1171.0000000000
3008 -1170.0000000000
3014 -1167.0000000000
3017 -1166.0000000000
3031 -1164.0000000000
3041 -1163.0000000000
3047 -1162.0000000000
3050 -1161.0000000000
3053 -1160.0000000000
3054 -1159.0000000000
3078 -1157.0000000000
3088 -1156.0000000000
3097 -1155.0000000000
3102 -1153.0000000000
3109 -1152.0000000000
3115 -1151.0000000000
3121 -1150.0000000000
3128 -1149.0000000000
3146 -1148.0000000000
3148 -1147.0000000000
3149 -1146.0000000000
3157 -1145.0000000000
3162 -1144.0000000000
3163 -1143.0000000000
3169 -1142.0000000000
3170 -1141.0000000000
3188 -1139.0000000000
3192 -1138.0000000000
3196 -1136.0000000000
3208 -1135.0000000000
3210 -1134.0000000000
3216 -1133.0000000000
3219 -1132.0000000000
3229 -1131.0000000000
3231 -1130.0000000000
3239 -1129.0000000000
3240 -1128.0000000000
3241 -1126.0000000000
3246 -1125.0000000000
3254 -1122.0000000000
3256 -1121.0000000000
3263 -1120.0000000000
3279 -1119.0000000000
3284 -1118.0000000000
3285 -1117.0000000000
3286 -1116.0000000000
3287 -1114.0000000000
3288 -1112.0000000000
3291 -1111.0000000000
3294 -1110.0000000000
3296 -1109.0000000000
3305 -1108.0000000000
3309 -1106.0000000000
3322 -1104.0000000000
3328 -1103.0000000000
3334 -1102.0000000000
3342 -1101.0000000000
3343 -1100.0000000000
3344 -1099.0000000000
3347 -1098.0000000000
3350 -1097.0000000000
3365 -1096.0000000000
3376 -1095.0000000000
3377 -1092.0000000000
3412 -1091.0000000000
3426 -1090.0000000000
3428 -1089.0000000000
3430 -1088.0000000000
3436 -1087.0000000000
3440 -1086.0000000000
3453 -1085.0000000000
3461 -1084.0000000000
3462 -1082.0000000000
3463 -1081.0000000000
3471 -1080.0000000000
3473 -1079.0000000000
3475 -1078.0000000000
3476 -1077.0000000000
3478 -1076.0000000000
3485 -1075.0000000000
3486 -1074.0000000000
3500 -1073.0000000000
3504 -1072.0000000000
3512 -1071.0000000000
3513 -1070.0000000000
3528 -1069.0000000000
3540 -1068.0000000000
3557 -1067.0000000000
3560 -1066.0000000000
3566 -1065.0000000000
3568 -1064.0000000000
3575 -1063.0000000000
3583 -1061.0000000000
3589 -1060.0000000000
3590 -1059.0000000000
3592 -1058.0000000000
3594 -1057.0000000000
3595 -1056.0000000000
3597 -1055.0000000000
3619 -1054.0000000000
3620 -1053.0000000000
3630 -1052.0000000000
3633 -1050.0000000000
3634 -1049.0000000000
3648 -1048.0000000000
3669 -1047.0000000000
3671 -1046.0000000000
3672 -1045.0000000000
3675 -1044.0000000000
3682 -1043.0000000000
3683 -1041.0000000000
3699 -1040.0000000000
3700 -1039.0000000000
3709 -1038.0000000000
3710 -1037.0000000000
3725 -1036.0000000000
3728 -1035.0000000000
3730 -1034.0000000000
3736 -1033.0000000000
3740 -1032.0000000000
3742 -1031.0000000000
3750 -1030.0000000000
3755 -1029.0000000000
3762 -1028.0000000000
3766 -1027.0000000000
3772 -1026.0000000000
3774 -1025.0000000000
3781 -1024.0000000000
3785 -1023.0000000000
3791 -1022.0000000000
3803 -1021.0000000000
3808 -1020.0000000000
3825 -1019.0000000000
3836 -1018.0000000000
3865 -1017.0000000000
3871 -1016.0000000000
3877 -1015.0000000000
3884 -1014.0000000000
3893 -1012.0000000000
3899 -1011.0000000000
3902 -1010.0000000000
3905 -1009.0000000000
3908 -1007.0000000000
3918 -1006.0000000000
3920 -1005.0000000000
3921 -1004.0000000000
3922 -1002.0000000000
3932 -1001.0000000000
3941 -1000.0000000000
3949 -999.0000000000
3970 -998.0000000000
3985 -997.0000000000
3987 -996.0000000000
3993 -995.0000000000
3994 -994.0000000000
3997 -993.0000000000
4014 -992.0000000000
4034 -991.0000000000
4038 -990.0000000000
4050 -989.0000000000
4052 -988.0000000000
4057 -987.0000000000
4067 -986.0000000000
4070 -984.0000000000
4095 -983.0000000000
4098 -982.0000000000
4113 -981.0000000000
4127 -980.0000000000
4132 -978.0000000000
4160 -977.0000000000
4161 -976.0000000000
4164 -975.0000000000
4167 -974.0000000000
4190 -973.0000000000
4191 -971.0000000000
4212 -970.0000000000
4216 -969.0000000000
4220 -968.0000000000
4235 -967.0000000000
4250 -966.0000000000
4265 -965.0000000000
4273 -964.0000000000
4284 -963.0000000000
4294 -962.0000000000
4295 -961.0000000000
4305 -960.0000000000
4307 -959.0000000000
4318 -958.0000000000
4331 -957.0000000000
4337 -956.0000000000
4341 -954.0000000000
4342 -953.0000000000
4349 -952.0000000000
4357 -951.0000000000
4363 -949.0000000000
4368 -948.0000000000
4369 -947.0000000000
4370 -946.0000000000
4371 -945.0000000000
4378 -944.0000000000
4381 -943.0000000000
4384 -941.0000000000
4387 -939.0000000000
4389 -937.0000000000
4414 -936.0000000000
4435 -935.0000000000
4453 -934.0000000000
4455 -933.0000000000
4471 -932.0000000000
4476 -931.0000000000
4483 -930.0000000000
4485 -929.0000000000
4487 -928.0000000000
4491 -927.0000000000
4492 -926.0000000000
4495 -925.0000000000
4500 -924.0000000000
4526 -923.0000000000
4540 -922.0000000000
4579 -921.0000000000
4585 -920.0000000000
4591 -919.0000000000
4607 -918.0000000000
4611 -917.0000000000
4612 -916.0000000000
4623 -914.0000000000
4662 -913.0000000000
4663 -912.0000000000
4676 -911.0000000000
4703 -910.0000000000
4714 -909.0000000000
4724 -908.0000000000
4743 -907.0000000000
4744 -905.0000000000
4748 -904.0000000000
4754 -903.0000000000
4757 -902.0000000000
4771 -901.0000000000
4790 -900.0000000000
4810 -899.0000000000
4813 -898.0000000000
4831 -897.0000000000
4840 -896.0000000000
4846 -895.0000000000
4862 -893.0000000000
4869 -892.0000000000
4870 -891.0000000000
4875 -890.0000000000
4888 -889.0000000000
4934 -887.0000000000
4943 -886.0000000000
4947 -885.0000000000
4955 -884.0000000000
4971 -883.0000000000
4975 -882.0000000000
4980 -879.0000000000
4987 -878.0000000000
4991 -877.0000000000
5003 -876.0000000000
5004 -875.0000000000
5014 -873.0000000000
5027 -872.0000000000
5038 -871.0000000000
5042 -870.0000000000
5047 -869.0000000000
5058 -867.0000000000
5071 -866.0000000000
5109 -865.0000000000
5111 -864.0000000000
5114 -863.0000000000
5115 -862.0000000000
5118 -861.0000000000
5121 -860.0000000000
5127 -859.0000000000
5128 -858.0000000000
5155 -857.0000000000
5156 -855.0000000000
5158 -854.0000000000
5184 -853.0000000000
5196 -851.0000000000
5199 -850.0000000000
5202 -849.0000000000
5217 -848.0000000000
5219 -847.0000000000
5244 -846.0000000000
5253 -845.0000000000
5284 -844.0000000000
5285 -843.0000000000
5294 -842.0000000000
5299 -841.0000000000
5306 -840.0000000000
5324 -839.0000000000
5340 -838.0000000000
5360 -837.0000000000
5367 -836.0000000000
5380 -835.0000000000
5388 -834.0000000000
5401 -833.0000000000
5421 -832.0000000000
5427 -831.0000000000
5428 -830.0000000000
5447 -829.0000000000
5460 -828.0000000000
5461 -827.0000000000
5469 -826.0000000000
5485 -825.0000000000
5496 -823.0000000000
5497 -822.0000000000
5508 -821.0000000000
5511 -820.0000000000
5525 -819.0000000000
5529 -818.0000000000
5532 -816.0000000000
5554 -815.0000000000
5561 -814.0000000000
5569 -813.0000000000
5583 -812.0000000000
5593 -811.0000000000
5615 -810.0000000000
5632 -809.0000000000
5635 -808.0000000000
5640 -806.0000000000
5653 -805.0000000000
5694 -804.0000000000
5712 -803.0000000000
5713 -802.0000000000
5727 -801.0000000000
5743 -800.0000000000
5746 -799.0000000000
5749 -798.0000000000
5783 -797.0000000000
5789 -796.0000000000
5793 -795.0000000000
5799 -794.0000000000
5816 -793.0000000000
5836 -792.0000000000
5844 -791.0000000000
5865 -790.0000000000
5880 -789.0000000000
5883 -788.0000000000
5885 -787.0000000000
5891 -786.0000000000
5895 -785.0000000000
5896 -783.0000000000
5900 -782.0000000000
5907 -781.0000000000
5924 -779.0000000000
5955 -778.0000000000
5959 -777.0000000000
5968 -776.0000000000
5979 -774.0000000000
5988 -773.0000000000
5998 -772.0000000000
6069 -771.0000000000
6084 -770.0000000000
6085 -768.0000000000
6099 -766.0000000000
6116 -765.0000000000
6118 -764.0000000000
6119 -763.0000000000
6127 -762.0000000000
6128 -761.0000000000
6129 -760.0000000000
6140 -759.0000000000
6159 -758.0000000000
6160 -757.0000000000
6161 -756.0000000000
6213 -755.0000000000
6218 -754.0000000000
6221 -753.0000000000
6222 -752.0000000000
6225 -751.0000000000
6252 -750.0000000000
6269 -748.0000000000
6277 -747.0000000000
6282 -746.0000000000
6290 -745.0000000000
6297 -744.0000000000
6304 -743.0000000000
6308 -742.0000000000
6323 -741.0000000000
6335 -740.0000000000
6349 -738.0000000000
6351 -737.0000000000
6382 -736.0000000000
6386 -734.0000000000
6393 -733.0000000000
6399 -732.0000000000
6405 -731.0000000000
6406 -730.0000000000
6424 -729.0000000000
6430 -728.0000000000
6434 -727.0000000000
6441 -726.0000000000
6444 -725.0000000000
6451 -724.0000000000
6454 -723.0000000000
6474 -722.0000000000
6504 -721.0000000000
6509 -720.0000000000
6516 -719.0000000000
6522 -718.0000000000
6525 -717.0000000000
6532 -716.0000000000
6541 -715.0000000000
6544 -714.0000000000
6556 -713.0000000000
6564 -712.0000000000
6582 -711.0000000000
6588 -710.0000000000
6589 -709.0000000000
6595 -708.0000000000
6610 -707.0000000000
6632 -706.0000000000
6640 -705.0000000000
6646 -704.0000000000
6666 -703.0000000000
6676 -702.0000000000
6678 -701.0000000000
6732 -700.0000000000
6743 -698.0000000000
6758 -697.0000000000
6771 -696.0000000000
6779 -694.0000000000
6845 -693.0000000000
6850 -692.0000000000
6851 -691.0000000000
6853 -690.0000000000
6873 -689.0000000000
6883 -688.0000000000
6906 -687.0000000000
6925 -686.0000000000
6937 -685.0000000000
6955 -684.0000000000
6969 -683.0000000000
6998 -682.0000000000
7001 -681.0000000000
7015 -680.0000000000
7020 -679.0000000000
7049 -678.0000000000
7059 -676.0000000000
7061 -675.0000000000
7074 -674.0000000000
7076 -673.0000000000
7078 -672.0000000000
7082 -670.0000000000
7083 -669.0000000000
7103 -668.0000000000
7122 -667.0000000000
7129 -666.0000000000
7132 -665.0000000000
7150 -664.0000000000
7168 -662.0000000000
7172 -661.0000000000
7202 -660.0000000000
7203 -657.0000000000
7221 -656.0000000000
7243 -654.0000000000
7248 -653.0000000000
7255 -652.0000000000
7271 -651.0000000000
7282 -650.0000000000
7302 -649.0000000000
7316 -648.0000000000
7321 -647.0000000000
7358 -646.0000000000
7359 -645.0000000000
7368 -644.0000000000
7403 -643.0000000000
7413 -642.0000000000
7414 -641.0000000000
7416 -640.0000000000
7422 -638.0000000000
7423 -637.0000000000
7426 -636.0000000000
7445 -635.0000000000
7446 -633.0000000000
7451 -632.0000000000
7462 -631.0000000000
7504 -630.0000000000
7525 -629.0000000000
7545 -628.0000000000
7567 -626.0000000000
7573 -625.0000000000
7591 -624.0000000000
7601 -622.0000000000
7606 -621.0000000000
7614 -620.0000000000
7635 -619.0000000000
7703 -618.0000000000
7713 -617.0000000000
7721 -615.0000000000
7728 -614.0000000000
7752 -613.0000000000
7755 -612.0000000000
7757 -611.0000000000
7769 -610.0000000000
7806 -609.0000000000
7844 -607.0000000000
7855 -606.0000000000
7872 -605.0000000000
7879 -604.0000000000
7882 -603.0000000000
7885 -602.0000000000
7895 -601.0000000000
7896 -600.0000000000
7906 -599.0000000000
7908 -598.0000000000
7918 -597.0000000000
7919 -596.0000000000
7921 -595.0000000000
7949 -594.0000000000
7962 -593.0000000000
7970 -592.0000000000
7997 -591.0000000000
8005 -589.0000000000
8014 -588.0000000000
8026 -587.0000000000
8029 -586.0000000000
8036 -585.0000000000
8041 -584.0000000000
8052 -583.0000000000
8061 -582.0000000000
8071 -581.0000000000
8079 -580.0000000000
8081 -579.0000000000
8092 -578.0000000000
8094 -577.0000000000
8097 -576.0000000000
8101 -575.0000000000
8104 -574.0000000000
8111 -573.0000000000
8116 -572.0000000000
8126 -571.0000000000
8158 -570.0000000000
8166 -569.0000000000
8169 -568.0000000000
8175 -567.0000000000
8204 -566.0000000000
8206 -565.0000000000
8216 -563.0000000000
8222 -562.0000000000
8226 -561.0000000000
8231 -560.0000000000
8258 -559.0000000000
8261 -558.0000000000
8278 -557.0000000000
8287 -556.0000000000
8304 -555.0000000000
8321 -554.0000000000
8332 -553.0000000000
8337 -552.0000000000
8349 -551.0000000000
8391 -549.0000000000
8408 -548.0000000000
8413 -547.0000000000
8429 -546.0000000000
8460 -545.0000000000
8475 -544.0000000000
8491 -543.0000000000
8506 -542.0000000000
8522 -541.0000000000
8550 -540.0000000000
8552 -539.0000000000
8568 -538.0000000000
8613 -537.0000000000
8622 -536.0000000000
8639 -535.0000000000
8642 -533.0000000000
8643 -532.0000000000
8645 -531.0000000000
8653 -530.0000000000
8658 -529.0000000000
8662 -528.0000000000
8667 -527.0000000000
8676 -526.0000000000
8689 -525.0000000000
8700 -524.0000000000
8704 -523.0000000000
8707 -522.0000000000
8708 -521.0000000000
8710 -520.0000000000
8720 -519.0000000000
8723 -517.0000000000
8728 -516.0000000000
8734 -515.0000000000
8740 -514.0000000000
8742 -512.0000000000
8750 -511.0000000000
8766 -510.0000000000
8796 -509.0000000000
8824 -508.0000000000
8838 -507.0000000000
8862 -506.0000000000
8873 -505.0000000000
8876 -504.0000000000
8918 -503.0000000000
8927 -502.0000000000
8930 -501.0000000000
8933 -500.0000000000
8985 -499.0000000000
9010 -498.0000000000
9012 -497.0000000000
9025 -496.0000000000
9040 -495.0000000000
9074 -494.0000000000
9104 -493.0000000000
9111 -492.0000000000
9194 -491.0000000000
9202 -490.0000000000
9265 -489.0000000000
9274 -487.0000000000
9290 -486.0000000000
9340 -485.0000000000
9359 -484.0000000000
9387 -483.0000000000
9419 -482.0000000000
9463 -481.0000000000
9468 -480.0000000000
9472 -479.0000000000
9481 -478.0000000000
9492 -477.0000000000
9496 -475.0000000000
9503 -474.0000000000
9507 -473.0000000000
9516 -472.0000000000
9519 -471.0000000000
9523 -470.0000000000
9544 -469.0000000000
9552 -468.0000000000
9563 -467.0000000000
9580 -466.0000000000
9585 -465.0000000000
9590 -464.0000000000
9611 -463.0000000000
9652 -462.0000000000
9702 -461.0000000000
9710 -460.0000000000
9721 -459.0000000000
9724 -458.0000000000
9756 -457.0000000000
9762 -456.0000000000
9805 -455.0000000000
9868 -454.0000000000
9881 -453.0000000000
9959 -452.0000000000
9997 -451.0000000000
10000 -451.0000000000
evaluations raw_y
1 -1880.0000000000
4 -1879.0000000000
5 -1878.0000000000
8 -1875.0000000000
11 -1874.0000000000
21 -1873.0000000000
25 -1872.0000000000
28 -1871.0000000000
32 -1870.0000000000
33 -1869.0000000000
36 -1868.0000000000
39 -1867.0000000000
46 -1866.0000000000
47 -1863.0000000000
49 -1862.0000000000
55 -1860.0000000000
56 -1859.0000000000
68 -1858.0000000000
78 -1857.0000000000
84 -1855.0000000000
86 -1854.0000000000
92 -1853.0000000000
96 -1852.0000000000
111 -1850.0000000000
112 -1849.0000000000
119 -1848.0000000000
121 -1846.0000000000
125 -1844.0000000000
129 -1841.0000000000
130 -1839.0000000000
131 -1837.0000000000
132 -1836.0000000000
135 -1835.0000000000
141 -1833.0000000000
143 -1832.0000000000
145 -1830.0000000000
146 -1828.0000000000
147 -1827.0000000000
148 -1826.0000000000
149 -1822.0000000000
156 -1821.0000000000
158 -1820.0000000000
163 -1819.0000000000
164 -1818.0000000000
167 -1817.0000000000
170 -1816.0000000000
171 -1815.0000000000
172 -1813.0000000000
173 -1812.0000000000
178 -1811.0000000000
182 -1810.0000000000
183 -1809.0000000000
185 -1808.0000000000
191 -1807.0000000000
193 -1806.0000000000
195 -1805.0000000000
197 -1804.0000000000
199 -1803.0000000000
200 -1802.0000000000
201 -1801.0000000000
205 -1800.0000000000
208 -1799.0000000000
211 -1798.0000000000
212 -1796.0000000000
218 -1795.0000000000
229 -1794.0000000000
232 -1793.0000000000
234 -1792.0000000000
235 -1791.0000000000
238 -1789.0000000000
242 -1788.0000000000
247 -1787.0000000000
249 -1786.0000000000
250 -1785.0000000000
256 -1784.0000000000
262 -1783.0000000000
263 -1782.0000000000
268 -1781.0000000000
273 -1780.0000000000
277 -1779.0000000000
278 -1778.0000000000
283 -1777.0000000000
284 -1776.0000000000
288 -1775.0000000000
290 -1774.0000000000
291 -1773.0000000000
295 -1771.0000000000
298 -1770.0000000000
301 -1769.0000000000
302 -1768.0000000000
303 -1767.0000000000
305 -1766.0000000000
314 -1765.0000000000
321 -1764.0000000000
322 -1762.0000000000
323 -1761.0000000000
324 -1760.0000000000
325 -1759.0000000000
328 -1757.0000000000
346 -1756.0000000000
348 -1755.0000000000
364 -1754.0000000000
365 -1753.0000000000
371 -1752.0000000000
373 -1751.0000000000
374 -1750.0000000000
378 -1749.0000000000
380 -1748.0000000000
383 -1747.0000000000
388 -1746.0000000000
391 -1745.0000000000
400 -1744.0000000000
403 -1743.0000000000
416 -1742.0000000000
424 -1740.0000000000
426 -1738.0000000000
431 -1737.0000000000
440 -1736.0000000000
443 -1735.0000000000
444 -1734.0000000000
447 -1733.0000000000
455 -1732.0000000000
458 -1731.0000000000
463 -1730.0000000000
464 -1728.0000000000
465 -1727.0000000000
468 -1725.0000000000
475 -1724.0000000000
478 -1723.0000000000
493 -1722.0000000000
495 -1720.0000000000
497 -1718.0000000000
503 -1717.0000000000
513 -1716.0000000000
516 -1715.0000000000
517 -1714.0000000000
523 -1713.0000000000
529 -1712.0000000000
537 -1710.0000000000
544 -1709.0000000000
551 -1708.0000000000
554 -1707.0000000000
558 -1706.0000000000
559 -1705.0000000000
561 -1704.0000000000
564 -1703.0000000000
567 -1702.0000000000
568 -1701.0000000000
587 -1699.0000000000
589 -1698.0000000000
594 -1697.0000000000
597 -1696.0000000000
598 -1694.0000000000
601 -1692.0000000000
604 -1691.0000000000
608 -1690.0000000000
621 -1688.0000000000
622 -1687.0000000000
628 -1686.0000000000
629 -1685.0000000000
634 -1684.0000000000
635 -1683.0000000000
644 -1682.0000000000
645 -1680.0000000000
654 -1678.0000000000
660 -1676.0000000000
674 -1675.0000000000
675 -1674.0000000000
676 -1673.0000000000
680 -1672.0000000000
681 -1671.0000000000
689 -1670.0000000000
694 -1669.0000000000
700 -1667.0000000000
701 -1666.0000000000
703 -1664.0000000000
707 -1663.0000000000
708 -1662.0000000000
710 -1661.0000000000
715 -1660.0000000000
720 -1659.0000000000
721 -1658.0000000000
724 -1657.0000000000
730 -1656.0000000000
732 -1655.0000000000
748 -1654.0000000000
755 -1653.0000000000
756 -1652.0000000000
759 -1651.0000000000
760 -1650.0000000000
761 -1649.0000000000
774 -1648.0000000000
776 -1647.0000000000
777 -1646.0000000000
778 -1645.0000000000
779 -1644.0000000000
781 -1642.0000000000
787 -1640.0000000000
791 -1639.0000000000
792 -1637.0000000000
793 -1636.0000000000
795 -1635.0000000000
808 -1634.0000000000
819 -1630.0000000000
820 -1629.0000000000
825 -1628.0000000000
827 -1627.0000000000
837 -1625.0000000000
839 -1624.0000000000
840 -1623.0000000000
847 -1622.0000000000
851 -1621.0000000000
859 -1619.0000000000
861 -1618.0000000000
862 -1617.0000000000
870 -1616.0000000000
871 -1615.0000000000
873 -1614.0000000000
875 -1613.0000000000
877 -1612.0000000000
881 -1610.0000000000
884 -1608.0000000000
886 -1607.0000000000
888 -1605.0000000000
889 -1604.0000000000
892 -1603.0000000000
893 -1602.0000000000
894 -1600.0000000000
895 -1599.0000000000
897 -1597.0000000000
902 -1596.0000000000
905 -1595.0000000000
908 -1594.0000000000
914 -1593.0000000000
921 -1591.0000000000
927 -1590.0000000000
935 -1589.0000000000
936 -1588.0000000000
937 -1587.0000000000
949 -1585.0000000000
955 -1583.0000000000
958 -1582.0000000000
961 -1581.0000000000
963 -1580.0000000000
969 -1579.0000000000
971 -1578.0000000000
972 -1577.0000000000
975 -1576.0000000000
984 -1575.0000000000
988 -1574.0000000000
997 -1573.0000000000
1000 -1572.0000000000
1002 -1571.0000000000
1004 -1570.0000000000
1005 -1569.0000000000
1008 -1567.0000000000
1024 -1566.0000000000
1026 -1564.0000000000
1031 -1563.0000000000
1038 -1562.0000000000
1046 -1561.0000000000
1053 -1560.0000000000
1059 -1558.0000000000
1065 -1557.0000000000
1077 -1556.0000000000
1079 -1554.0000000000
1092 -1553.0000000000
1093 -1552.0000000000
1094 -1550.0000000000
1095 -1549.0000000000
1110 -1548.0000000000
1120 -1547.0000000000
1132 -1545.0000000000
1134 -1544.0000000000
1135 -1541.0000000000
1142 -1540.0000000000
1148 -1539.0000000000
1157 -1538.0000000000
1158 -1537.0000000000
1163 -1536.0000000000
1164 -1535.0000000000
1166 -1534.0000000000
1171 -1533.0000000000
1176 -1532.0000000000
1180 -1531.0000000000
1185 -1530.0000000000
1187 -1529.0000000000
1190 -1528.0000000000
1195 -1527.0000000000
1202 -1526.0000000000
1203 -1524.0000000000
1212 -1523.0000000000
1220 -1522.0000000000
1226 -1521.0000000000
1234 -1520.0000000000
1235 -1518.0000000000
1240 -1516.0000000000
1259 -1514.0000000000
1265 -1513.0000000000
1268 -1512.0000000000
1269 -1510.0000000000
1278 -1509.0000000000
1288 -1508.0000000000
1295 -1507.0000000000
1296 -1506.0000000000
1300 -1505.0000000000
1301 -1504.0000000000
1305 -1503.0000000000
1308 -1500.0000000000
1309 -1499.0000000000
1311 -1498.0000000000
1313 -1497.0000000000
1330 -1495.0000000000
1331 -1493.0000000000
1332 -1492.0000000000
1338 -1491.0000000000
1341 -1490.0000000000
1342 -1489.0000000000
1343 -1487.0000000000
1350 -1486.0000000000
1351 -1485.0000000000
1356 -1483.0000000000
1358 -1482.0000000000
1365 -1481.0000000000
1369 -1480.0000000000
1378 -1479.0000000000
1386 -1477.0000000000
1389 -1474.0000000000
1390 -1473.0000000000
1394 -1472.0000000000
1398 -1471.0000000000
1408 -1469.0000000000
1410 -1468.0000000000
1411 -1467.0000000000
1416 -1465.0000000000
1421 -1463.0000000000
1428 -1462.0000000000
1433 -1461.0000000000
1441 -1459.0000000000
1447 -1458.0000000000
1465 -1457.0000000000
1468 -1456.0000000000
1476 -1452.0000000000
1480 -1450.0000000000
1488 -1448.0000000000
1497 -1446.0000000000
1506 -1445.0000000000
1508 -1444.0000000000
1519 -1443.0000000000
1523 -1442.0000000000
1550 -1439.0000000000
1552 -1438.0000000000
1555 -1437.0000000000
1561 -1436.0000000000
1563 -1435.0000000000
1583 -1434.0000000000
1594 -1433.0000000000
1596 -1432.0000000000
1601 -1430.0000000000
1609 -1429.0000000000
1614 -1428.0000000000
1622 -1427.0000000000
1625 -1426.0000000000
1626 -1425.0000000000
1627 -1424.0000000000
1633 -1423.0000000000
1634 -1422.0000000000
1642 -1421.0000000000
1646 -1420.0000000000
1647 -1419.0000000000
1648 -1418.0000000000
1660 -1415.0000000000
1662 -1413.0000000000
1680 -1412.0000000000
1685 -1411.0000000000
1693 -1410.0000000000
1696 -1409.0000000000
1697 -1407.0000000000
1699 -1406.0000000000
1717 -1405.0000000000
1743 -1403.0000000000
1745 -1402.0000000000
1752 -1401.0000000000
1753 -1400.0000000000
1754 -1399.0000000000
1774 -1397.0000000000
1775 -1396.0000000000
1784 -1394.0000000000
1794 -1393.0000000000
1812 -1392.0000000000
1813 -1391.0000000000
1819 -1390.0000000000
1823 -1389.0000000000
1824 -1388.0000000000
1829 -1386.0000000000
1831 -1385.0000000000
1836 -1384.0000000000
1839 -1383.0000000000
1843 -1381.0000000000
1845 -1380.0000000000
1848 -1379.0000000000
1852 -1378.0000000000
1854 -1376.0000000000
1863 -1374.0000000000
1864 -1373.0000000000
1877 -1372.0000000000
1880 -1371.0000000000
1900 -1370.0000000000
1901 -1368.0000000000
1906 -1366.0000000000
1908 -1364.0000000000
1914 -1363.0000000000
1915 -1362.0000000000
1918 -1361.0000000000
1921 -1360.0000000000
1927 -1359.0000000000
1936 -1358.0000000000
1937 -1357.0000000000
1947 -1355.0000000000
1953 -1354.0000000000
1961 -1353.0000000000
1979 -1350.0000000000
1983 -1348.0000000000
1985 -1347.0000000000
1988 -1346.0000000000
1991 -1345.0000000000
1993 -1344.0000000000
1999 -1343.0000000000
2004 -1342.0000000000
2010 -1341.0000000000
2015 -1340.0000000000
2018 -1339.0000000000
2019 -1338.0000000000
2021 -1337.0000000000
2022 -1336.0000000000
2024 -1335.0000000000
2026 -1334.0000000000
2036 -1333.0000000000
2047 -1331.0000000000
2052 -1329.0000000000
2053 -1328.0000000000
2055 -1326.0000000000
2061 -1325.0000000000
2066 -1324.0000000000
2077 -1323.0000000000
2091 -1322.0000000000
2117 -1321.0000000000
2118 -1320.0000000000
2124 -1319.0000000000
2130 -1318.0000000000
2132 -1316.0000000000
2141 -1315.0000000000
2144 -1314.0000000000
2145 -1311.0000000000
2147 -1310.0000000000
2150 -1308.0000000000
2151 -1307.0000000000
2157 -1306.0000000000
2165 -1305.0000000000
2184 -1303.0000000000
2193 -1302.0000000000
2198 -1301.0000000000
2199 -1300.0000000000
2201 -1298.0000000000
2203 -1297.0000000000
2204 -1296.0000000000
2213 -1295.0000000000
2216 -1294.0000000000
2218 -1293.0000000000
2225 -1292.0000000000
2231 -1291.0000000000
2233 -1290.0000000000
2239 -1289.0000000000
2242 -1288.0000000000
2245 -1287.0000000000
2251 -1286.0000000000
2252 -1285.0000000000
2255 -1284.0000000000
2259 -1282.0000000000
2260 -1281.0000000000
2265 -1280.0000000000
2275 -1278.0000000000
2285 -1277.0000000000
2289 -1276.0000000000
2300 -1275.0000000000
2312 -1274.0000000000
2319 -1273.0000000000
2322 -1272.0000000000
2324 -1271.0000000000
2327 -1270.0000000000
2329 -1269.0000000000
2331 -1268.0000000000
2334 -1267.0000000000
2342 -1266.0000000000
2343 -1265.0000000000
2347 -1263.0000000000
2349 -1262.0000000000
2352 -1261.0000000000
2356 -1260.0000000000
2360 -1258.0000000000
2364 -1257.0000000000
2371 -1256.0000000000
2374 -1254.0000000000
2375 -1253.0000000000
2381 -1252.0000000000
2402 -1250.0000000000
2426 -1249.0000000000
2431 -1247.0000000000
2433 -1246.0000000000
2447 -1245.0000000000
2448 -1244.0000000000
2454 -1243.0000000000
2456 -1242.0000000000
2468 -1241.0000000000
2471 -1240.0000000000
2475 -1238.0000000000
2477 -1237.0000000000
2493 -1236.0000000000
2513 -1235.0000000000
2522 -1234.0000000000
2528 -1232.0000000000
2544 -1231.0000000000
2547 -1230.0000000000
2552 -1229.0000000000
2555 -1227.0000000000
2559 -1226.0000000000
2564 -1225.0000000000
2571 -1224.0000000000
2577 -1220.0000000000
2580 -1218.0000000000
2584 -1217.0000000000
2594 -1216.0000000000
2598 -1215.0000000000
2609 -1214.0000000000
2618 -1213.0000000000
2622 -1212.0000000000
2660 -1211.0000000000
2664 -1210.0000000000
2665 -1209.0000000000
2668 -1208.0000000000
2669 -1207.0000000000
2673 -1205.0000000000
2674 -1204.0000000000
2683 -1203.0000000000
2684 -1202.0000000000
2688 -1201.0000000000
2690 -1200.0000000000
2693 -1199.0000000000
2694 -1197.0000000000
2707 -1195.0000000000
2718 -1194.0000000000
2754 -1193.0000000000
2764 -1192.0000000000
2767 -1191.0000000000
2781 -1190.0000000000
2795 -1189.0000000000
2804 -1188.0000000000
2807 -1187.0000000000
2813 -1184.0000000000
2821 -1183.0000000000
2822 -1182.0000000000
2832 -1181.0000000000
2844 -1180.0000000000
2846 -1178.0000000000
2857 -1177.0000000000
2868 -1176.0000000000
2878 -1175.0000000000
2891 -1174.0000000000
2894 -1172.0000000000
2903 -1171.0000000000
2910 -1170.0000000000
2911 -1169.0000000000
2920 -1167.0000000000
2924 -1166.0000000000
2931 -1165.0000000000
2941 -1164.0000000000
2945 -1163.0000000000
2946 -1160.0000000000
2954 -1158.0000000000
2955 -1156.0000000000
2956 -1155.0000000000
2963 -1154.0000000000
2990 -1153.0000000000
2994 -1152.0000000000
2997 -1151.0000000000
3013 -1150.0000000000
3014 -1149.0000000000
3020 -1148.0000000000
3021 -1146.0000000000
3022 -1145.0000000000
3040 -1144.0000000000
3043 -1143.0000000000
3056 -1142.0000000000
3060 -1141.0000000000
3067 -1140.0000000000
3068 -1139.0000000000
3080 -1138.0000000000
3081 -1137.0000000000
3094 -1136.0000000000
3101 -1135.0000000000
3104 -1134.0000000000
3105 -1133.0000000000
3122 -1132.0000000000
3124 -1131.0000000000
3132 -1130.0000000000
3145 -1129.0000000000
3149 -1128.0000000000
3155 -1127.0000000000
3159 -1125.0000000000
3173 -1123.0000000000
3178 -1122.0000000000
3179 -1120.0000000000
3183 -1119.0000000000
3194 -1118.0000000000
3222 -1116.0000000000
3224 -1115.0000000000
3239 -1113.0000000000
3248 -1112.0000000000
3250 -1111.0000000000
3279 -1110.0000000000
3283 -1109.0000000000
3290 -1108.0000000000
3300 -1107.0000000000
3302 -1106.0000000000
3307 -1105.0000000000
3311 -1104.0000000000
3313 -1103.0000000000
3318 -1102.0000000000
3322 -1101.0000000000
3327 -1100.0000000000
3336 -1099.0000000000
3345 -1098.0000000000
3348 -1097.0000000000
3350 -1095.0000000000
3353 -1094.0000000000
3354 -1092.0000000000
3358 -1091.0000000000
3362 -1090.0000000000
3363 -1089.0000000000
3366 -1088.0000000000
3370 -1086.0000000000
3376 -1083.0000000000
3378 -1082.0000000000
3384 -1081.0000000000
3396 -1080.0000000000
3408 -1079.0000000000
3412 -1078.0000000000
3421 -1077.0000000000
3430 -1076.0000000000
3435 -1075.0000000000
3442 -1074.0000000000
3447 -1073.0000000000
3449 -1072.0000000000
3450 -1071.0000000000
3451 -1070.0000000000
3466 -1069.0000000000
3474 -1068.0000000000
3491 -1067.0000000000
3501 -1066.0000000000
3502 -1065.0000000000
3509 -1063.0000000000
3514 -1062.0000000000
3515 -1061.0000000000
3523 -1060.0000000000
3524 -1059.0000000000
3525 -1058.0000000000
3526 -1056.0000000000
3534 -1054.0000000000
3546 -1053.0000000000
3555 -1052.0000000000
3568 -1051.0000000000
3578 -1050.0000000000
3579 -1049.0000000000
3610 -1048.0000000000
3611 -1047.0000000000
3614 -1046.0000000000
3618 -1045.0000000000
3619 -1044.0000000000
3623 -1043.0000000000
3626 -1042.0000000000
3636 -1041.0000000000
3656 -1040.0000000000
3657 -1039.0000000000
3659 -1038.0000000000
3671 -1037.0000000000
3672 -1036.0000000000
3673 -1035.0000000000
3674 -1034.0000000000
3696 -1033.0000000000
3699 -1032.0000000000
3708 -1031.0000000000
3713 -1030.0000000000
3717 -1029.0000000000
3731 -1028.0000000000
3736 -1027.0000000000
3749 -1026.0000000000
3756 -1025.0000000000
3764 -1024.0000000000
3769 -1023.0000000000
3778 -1022.0000000000
3785 -1021.0000000000
3791 -1020.0000000000
3794 -1016.0000000000
3799 -1015.0000000000
3810 -1014.0000000000
3828 -1013.0000000000
3835 -1012.0000000000
3847 -1011.0000000000
3852 -1010.0000000000
3856 -1009.0000000000
3860 -1008.0000000000
3861 -1006.0000000000
3862 -1005.0000000000
3863 -1004.0000000000
3875 -1003.0000000000
3877 -1002.0000000000
3879 -1001.0000000000
3890 -1000.0000000000
3914 -998.0000000000
3920 -997.0000000000
3936 -996.0000000000
3942 -995.0000000000
3943 -993.0000000000
3955 -992.0000000000
3969 -991.0000000000
3970 -990.0000000000
3980 -989.0000000000
3981 -988.0000000000
3988 -987.0000000000
4002 -985.0000000000
4008 -983.0000000000
4019 -982.0000000000
4039 -981.0000000000
4049 -980.0000000000
4053 -978.0000000000
4062 -975.0000000000
4083 -974.0000000000
4085 -972.0000000000
4086 -971.0000000000
4088 -970.0000000000
4091 -969.0000000000
4098 -968.0000000000
4102 -967.0000000000
4111 -966.0000000000
4126 -965.0000000000
4146 -963.0000000000
4156 -962.0000000000
4159 -961.0000000000
4179 -960.0000000000
4187 -959.0000000000
4189 -958.0000000000
4191 -957.0000000000
4203 -956.0000000000
4205 -955.0000000000
4220 -954.0000000000
4239 -953.0000000000
4242 -951.0000000000
4257 -950.0000000000
4259 -949.0000000000
4266 -948.0000000000
4269 -946.0000000000
4279 -945.0000000000
4283 -944.0000000000
4290 -943.0000000000
4294 -942.0000000000
4297 -941.0000000000
4302 -940.0000000000
4317 -939.0000000000
4324 -938.0000000000
4335 -937.0000000000
4356 -936.0000000000
4361 -935.0000000000
4367 -934.0000000000
4368 -933.0000000000
4371 -932.0000000000
4378 -931.0000000000
4383 -930.0000000000
4390 -928.0000000000
4394 -927.0000000000
4414 -925.0000000000
4419 -924.0000000000
4454 -923.0000000000
4463 -922.0000000000
4471 -921.0000000000
4474 -920.0000000000
4477 -919.0000000000
4482 -918.0000000000
4485 -917.0000000000
4494 -916.0000000000
4501 -915.0000000000
4503 -914.0000000000
4505 -913.0000000000
4514 -912.0000000000
4522 -911.0000000000
4529 -910.0000000000
4538 -909.0000000000
4540 -908.0000000000
4545 -907.0000000000
4546 -906.0000000000
4551 -905.0000000000
4562 -904.0000000000
4579 -903.0000000000
4583 -902.0000000000
4592 -901.0000000000
4600 -900.0000000000
4602 -899.0000000000
4614 -898.0000000000
4622 -897.0000000000
4636 -896.0000000000
4637 -895.0000000000
4638 -894.0000000000
4653 -893.0000000000
4654 -892.0000000000
4663 -891.0000000000
4668 -890.0000000000
4684 -889.0000000000
4687 -887.0000000000
4690 -886.0000000000
4693 -885.0000000000
4702 -884.0000000000
4710 -883.0000000000
4716 -882.0000000000
4729 -881.0000000000
4737 -880.0000000000
4740 -878.0000000000
4762 -877.0000000000
4783 -876.0000000000
4809 -874.0000000000
4815 -873.0000000000
4825 -872.0000000000
4841 -871.0000000000
4842 -870.0000000000
4865 -869.0000000000
4873 -868.0000000000
4892 -867.0000000000
4899 -866.0000000000
4929 -865.0000000000
4931 -864.0000000000
4934 -862.0000000000
4951 -861.0000000000
4958 -858.0000000000
4965 -857.0000000000
4968 -856.0000000000
4974 -855.0000000000
4977 -853.0000000000
4981 -852.0000000000
5015 -851.0000000000
5016 -850.0000000000
5017 -849.0000000000
5037 -847.0000000000
5048 -846.0000000000
5050 -845.0000000000
5064 -843.0000000000
5082 -842.0000000000
5089 -841.0000000000
5095 -840.0000000000
5111 -839.0000000000
5112 -838.0000000000
5130 -836.0000000000
5145 -835.0000000000
5166 -834.0000000000
5180 -833.0000000000
5185 -832.0000000000
5192 -830.0000000000
5196 -829.0000000000
5205 -828.0000000000
5215 -827.0000000000
5217 -826.0000000000
5225 -825.0000000000
5245 -824.0000000000
5252 -823.0000000000
5255 -822.0000000000
5261 -821.0000000000
5268 -820.0000000000
5273 -819.0000000000
5277 -818.0000000000
5286 -817.0000000000
5287 -816.0000000000
5306 -815.0000000000
5308 -814.0000000000
5313 -812.0000000000
5318 -811.0000000000
5326 -810.0000000000
5341 -809.0000000000
5343 -808.0000000000
5347 -807.0000000000
5371 -806.0000000000
5385 -805.0000000000
5398 -804.0000000000
5404 -803.0000000000
5424 -802.0000000000
5428 -801.0000000000
5429 -800.0000000000
5444 -799.0000000000
5468 -798.0000000000
5473 -797.0000000000
5483 -795.0000000000
5487 -794.0000000000
5493 -793.0000000000
5498 -792.0000000000
5523 -791.0000000000
5543 -790.0000000000
5548 -788.0000000000
5549 -787.0000000000
5574 -786.0000000000
5577 -785.0000000000
5586 -784.0000000000
5594 -783.0000000000
5598 -782.0000000000
5619 -781.0000000000
5630 -780.0000000000
5636 -779.0000000000
5661 -777.0000000000
5664 -776.0000000000
5675 -775.0000000000
5681 -774.0000000000
5682 -772.0000000000
5723 -771.0000000000
5736 -769.0000000000
5739 -768.0000000000
5742 -767.0000000000
5750 -766.0000000000
5758 -765.0000000000
5774 -763.0000000000
5790 -762.0000000000
5794 -761.0000000000
5809 -759.0000000000
5817 -758.0000000000
5822 -757.0000000000
5827 -756.0000000000
5828 -755.0000000000
5833 -754.0000000000
5837 -753.0000000000
5861 -752.0000000000
5904 -751.0000000000
5919 -750.0000000000
5933 -749.0000000000
5939 -748.0000000000
5942 -747.0000000000
5948 -745.0000000000
5959 -744.0000000000
5971 -743.0000000000
5986 -741.0000000000
6010 -740.0000000000
6017 -739.0000000000
6018 -738.0000000000
6026 -736.0000000000
6031 -734.0000000000
6039 -733.0000000000
6115 -732.0000000000
6123 -731.0000000000
6136 -730.0000000000
6141 -729.0000000000
6160 -728.0000000000
6194 -727.0000000000
6199 -726.0000000000
6209 -725.0000000000
6224 -724.0000000000
6235 -723.0000000000
6246 -722.0000000000
6256 -720.0000000000
6339 -718.0000000000
6380 -717.0000000000
6383 -716.0000000000
6388 -715.0000000000
6422 -714.0000000000
6424 -713.0000000000
6448 -712.0000000000
6457 -711.0000000000
6484 -710.0000000000
6501 -709.0000000000
6503 -708.0000000000
6526 -707.0000000000
6527 -706.0000000000
6531 -704.0000000000
6533 -703.0000000000
6553 -702.0000000000
6565 -701.0000000000
6567 -700.0000000000
6569 -699.0000000000
6574 -698.0000000000
6603 -697.0000000000
6613 -696.0000000000
6622 -695.0000000000
6624 -694.0000000000
6628 -693.0000000000
6629 -692.0000000000
6634 -691.0000000000
6650 -689.0000000000
6656 -688.0000000000
6657 -687.0000000000
6675 -686.0000000000
6696 -685.0000000000
6702 -684.0000000000
6747 -683.0000000000
6751 -682.0000000000
6758 -681.0000000000
6764 -680.0000000000
6771 -679.0000000000
6773 -678.0000000000
6776 -677.0000000000
6792 -676.0000000000
6794 -675.0000000000
6804 -674.0000000000
6830 -673.0000000000
6837 -672.0000000000
6846 -670.0000000000
6861 -669.0000000000
6865 -668.0000000000
6882 -667.0000000000
6884 -666.0000000000
6886 -665.0000000000
6888 -664.0000000000
6893 -663.0000000000
6905 -662.0000000000
6913 -661.0000000000
6921 -660.0000000000
6968 -659.0000000000
6970 -658.0000000000
6991 -657.0000000000
6992 -656.0000000000
7001 -655.0000000000
7016 -654.0000000000
7019 -653.0000000000
7048 -652.0000000000
7052 -651.0000000000
7059 -650.0000000000
7098 -649.0000000000
7110 -648.0000000000
7111 -647.0000000000
7132 -646.0000000000
7148 -645.0000000000
7149 -644.0000000000
7154 -643.0000000000
7159 -642.0000000000
7165 -641.0000000000
7171 -640.0000000000
7185 -639.0000000000
7189 -638.0000000000
7201 -636.0000000000
7217 -635.0000000000
7226 -634.0000000000
7232 -633.0000000000
7252 -630.0000000000
7256 -629.0000000000
7284 -628.0000000000
7286 -627.0000000000
7319 -626.0000000000
7339 -625.0000000000
7354 -624.0000000000
7357 -623.0000000000
7380 -622.0000000000
7387 -621.0000000000
7402 -620.0000000000
7416 -619.0000000000
7426 -618.0000000000
7429 -617.0000000000
7447 -616.0000000000
7456 -615.0000000000
7469 -614.0000000000
7486 -613.0000000000
7531 -612.0000000000
7549 -611.0000000000
7563 -610.0000000000
7565 -609.0000000000
7601 -608.0000000000
7610 -607.0000000000
7616 -606.0000000000
7620 -605.0000000000
7624 -604.0000000000
7635 -603.0000000000
7646 -601.0000000000
7650 -600.0000000000
7659 -599.0000000000
7660 -598.0000000000
7674 -597.0000000000
7677 -596.0000000000
7678 -595.0000000000
7700 -594.0000000000
7714 -593.0000000000
7731 -592.0000000000
7742 -591.0000000000
7761 -590.0000000000
7779 -589.0000000000
7781 -588.0000000000
7835 -587.0000000000
7843 -586.0000000000
7852 -585.0000000000
7855 -584.0000000000
7867 -583.0000000000
7877 -582.0000000000
7887 -581.0000000000
7888 -580.0000000000
7899 -579.0000000000
7916 -578.0000000000
7920 -577.0000000000
7934 -575.0000000000
7980 -574.0000000000
8000 -573.0000000000
8001 -572.0000000000
8014 -571.0000000000
8058 -570.0000000000
8076 -569.0000000000
8078 -568.0000000000
8108 -567.0000000000
8123 -566.0000000000
8146 -565.0000000000
8147 -564.0000000000
8159 -563.0000000000
8182 -562.0000000000
8192 -560.0000000000
8194 -558.0000000000
8222 -557.0000000000
8254 -556.0000000000
8256 -555.0000000000
8261 -554.0000000000
8289 -552.0000000000
8295 -551.0000000000
8303 -550.0000000000
8309 -549.0000000000
8311 -548.0000000000
8361 -546.0000000000
8365 -545.0000000000
8378 -544.0000000000
8382 -543.0000000000
8388 -542.0000000000
8396 -541.0000000000
8418 -540.0000000000
8422 -539.0000000000
8430 -538.0000000000
8443 -537.0000000000
8462 -536.0000000000
8493 -535.0000000000
8498 -534.0000000000
8518 -533.0000000000
8520 -532.0000000000
8523 -531.0000000000
8525 -529.0000000000
8539 -528.0000000000
8551 -527.0000000000
8566 -526.0000000000
8570 -525.0000000000
8586 -524.0000000000
8591 -523.0000000000
8601 -521.0000000000
8612 -519.0000000000
8613 -518.0000000000
8617 -517.0000000000
8620 -516.0000000000
8630 -515.0000000000
8634 -514.0000000000
8645 -513.0000000000
8649 -512.0000000000
8667 -511.0000000000
8682 -510.0000000000
8695 -509.0000000000
8713 -508.0000000000
8724 -507.0000000000
8740 -506.0000000000
8761 -505.0000000000
8762 -503.0000000000
8772 -502.0000000000
8792 -501.0000000000
8828 -500.0000000000
8834 -499.0000000000
8847 -498.0000000000
8860 -497.0000000000
8872 -496.0000000000
8881 -495.0000000000
8936 -494.0000000000
8945 -493.0000000000
8962 -492.0000000000
8964 -491.0000000000
8974 -490.0000000000
8976 -489.0000000000
8977 -488.0000000000
8994 -487.0000000000
9006 -486.0000000000
9007 -485.0000000000
9011 -484.0000000000
9015 -483.0000000000
9019 -482.0000000000
9030 -481.0000000000
9042 -480.0000000000
9043 -479.0000000000
9054 -478.0000000000
9096 -477.0000000000
9102 -476.0000000000
9123 -475.0000000000
9146 -474.0000000000
9163 -473.0000000000
9174 -472.0000000000
9199 -471.0000000000
9212 -470.0000000000
9217 -469.0000000000
9289 -468.0000000000
9293 -467.0000000000
9310 -466.0000000000
9314 -465.0000000000
9342 -464.0000000000
9357 -463.0000000000
9359 -462.0000000000
9380 -461.0000000000
9382 -460.0000000000
9398 -459.0000000000
9404 -458.0000000000
9422 -457.0000000000
9435 -456.0000000000
9449 -455.0000000000
9466 -453.0000000000
9471 -452.0000000000
9482 -451.0000000000
9505 -450.0000000000
9507 -449.0000000000
9606 -448.0000000000
9627 -447.0000000000
9628 -446.0000000000
9631 -445.0000000000
9639 -444.0000000000
9681 -443.0000000000
9712 -442.0000000000
9719 -441.0000000000
9736 -440.0000000000
9809 -439.0000000000
9828 -437.0000000000
9834 -435.0000000000
9852 -434.0000000000
9881 -433.0000000000
9900 -432.0000000000
9928 -431.0000000000
9936 -430.0000000000
9955 -429.0000000000
9956 -428.0000000000
9991 -427.0000000000
9996 -425.0000000000
10000 -427.0000000000
evaluations raw_y
1 -1960.0000000000
4 -1959.0000000000
9 -1958.0000000000
10 -1957.0000000000
18 -1956.0000000000
22 -1955.0000000000
23 -1954.0000000000
24 -1953.0000000000
28 -1952.0000000000
33 -1951.0000000000
36 -1950.0000000000
43 -1949.0000000000
44 -1948.0000000000
49 -1947.0000000000
55 -1946.0000000000
58 -1945.0000000000
62 -1943.0000000000
65 -1942.0000000000
68 -1940.0000000000
73 -1939.0000000000
76 -1938.0000000000
79 -1937.0000000000
82 -1936.0000000000
90 -1934.0000000000
91 -1933.0000000000
95 -1931.0000000000
98 -1930.0000000000
99 -1929.0000000000
100 -1927.0000000000
103 -1926.0000000000
105 -1925.0000000000
107 -1924.0000000000
108 -1923.0000000000
111 -1922.0000000000
121 -1921.0000000000
129 -1919.0000000000
131 -1918.0000000000
135 -1916.0000000000
140 -1914.0000000000
146 -1913.0000000000
150 -1912.0000000000
151 -1911.0000000000
154 -1909.0000000000
156 -1908.0000000000
157 -1907.0000000000
158 -1906.0000000000
160 -1905.0000000000
161 -1904.0000000000
166 -1903.0000000000
169 -1902.0000000000
171 -1901.0000000000
174 -1900.0000000000
182 -1899.0000000000
192 -1898.0000000000
196 -1896.0000000000
200 -1895.0000000000
208 -1894.0000000000
213 -1893.0000000000
215 -1892.0000000000
218 -1891.0000000000
221 -1887.0000000000
223 -1886.0000000000
226 -1885.0000000000
232 -1884.0000000000
240 -1883.0000000000
246 -1882.0000000000
250 -1881.0000000000
251 -1880.0000000000
255 -1879.0000000000
263 -1878.0000000000
272 -1877.0000000000
273 -1876.0000000000
276 -1875.0000000000
280 -1874.0000000000
284 -1872.0000000000
286 -1871.0000000000
289 -1870.0000000000
293 -1867.0000000000
294 -1865.0000000000
298 -1864.0000000000
299 -1863.0000000000
301 -1862.0000000000
303 -1861.0000000000
306 -1859.0000000000
308 -1856.0000000000
311 -1854.0000000000
312 -1852.0000000000
316 -1851.0000000000
321 -1850.0000000000
329 -1849.0000000000
333 -1847.0000000000
336 -1846.0000000000
340 -1845.0000000000
342 -1844.0000000000
343 -1843.0000000000
345 -1842.0000000000
347 -1841.0000000000
348 -1840.0000000000
350 -1839.0000000000
351 -1837.0000000000
360 -1835.0000000000
362 -1834.0000000000
365 -1833.0000000000
369 -1832.0000000000
370 -1831.0000000000
372 -1830.0000000000
375 -1829.0000000000
377 -1827.0000000000
379 -1825.0000000000
381 -1824.0000000000
382 -1822.0000000000
388 -1821.0000000000
394 -1820.0000000000
396 -1819.0000000000
400 -1818.0000000000
401 -1816.0000000000
403 -1815.0000000000
404 -1813.0000000000
406 -1812.0000000000
408 -1811.0000000000
412 -1810.0000000000
422 -1808.0000000000
429 -1807.0000000000
437 -1806.0000000000
438 -1804.0000000000
440 -1803.0000000000
443 -1802.0000000000
448 -1801.0000000000
453 -1800.0000000000
458 -1798.0000000000
466 -1797.0000000000
474 -1795.0000000000
476 -1794.0000000000
478 -1793.0000000000
479 -1792.0000000000
484 -1791.0000000000
485 -1790.0000000000
487 -1788.0000000000
488 -1787.0000000000
489 -1786.0000000000
498 -1785.0000000000
499 -1784.0000000000
505 -1783.0000000000
516 -1781.0000000000
520 -1780.0000000000
522 -1779.0000000000
534 -1777.0000000000
536 -1776.0000000000
541 -1775.0000000000
545 -1773.0000000000
548 -1772.0000000000
551 -1771.0000000000
552 -1770.0000000000
554 -1769.0000000000
556 -1768.0000000000
557 -1767.0000000000
566 -1766.0000000000
567 -1765.0000000000
570 -1764.0000000000
571 -1762.0000000000
572 -1761.0000000000
573 -1760.0000000000
575 -1759.0000000000
576 -1758.0000000000
581 -1757.0000000000
582 -1756.0000000000
584 -1755.0000000000
587 -1754.0000000000
591 -1753.0000000000
595 -1751.0000000000
596 -1750.0000000000
598 -1749.0000000000
601 -1747.0000000000
603 -1746.0000000000
610 -1745.0000000000
616 -1744.0000000000
617 -1743.0000000000
622 -1742.0000000000
624 -1739.0000000000
638 -1738.0000000000
645 -1736.0000000000
646 -1735.0000000000
650 -1733.0000000000
651 -1732.0000000000
671 -1731.0000000000
673 -1730.0000000000
676 -1729.0000000000
677 -1728.0000000000
680 -1727.0000000000
681 -1725.0000000000
682 -1724.0000000000
683 -1723.0000000000
686 -1722.0000000000
687 -1721.0000000000
688 -1720.0000000000
693 -1719.0000000000
703 -1718.0000000000
705 -1716.0000000000
711 -1713.0000000000
713 -1711.0000000000
721 -1710.0000000000
729 -1709.0000000000
731 -1708.0000000000
732 -1707.0000000000
735 -1706.0000000000
739 -1705.0000000000
741 -1704.0000000000
743 -1703.0000000000
747 -1702.0000000000
749 -1701.0000000000
750 -1700.0000000000
756 -1699.0000000000
758 -1698.0000000000
759 -1697.0000000000
768 -1695.0000000000
775 -1693.0000000000
777 -1692.0000000000
780 -1691.0000000000
786 -1690.0000000000
794 -1689.0000000000
796 -1688.0000000000
799 -1684.0000000000
803 -1682.0000000000
812 -1681.0000000000
813 -1680.0000000000
817 -1679.0000000000
823 -1678.0000000000
829 -1677.0000000000
832 -1676.0000000000
833 -1675.0000000000
838 -1673.0000000000
841 -1671.0000000000
853 -1670.0000000000
857 -1669.0000000000
859 -1668.0000000000
861 -1667.0000000000
864 -1665.0000000000
870 -1664.0000000000
872 -1663.0000000000
875 -1662.0000000000
886 -1661.0000000000
887 -1659.0000000000
897 -1658.0000000000
898 -1657.0000000000
900 -1656.0000000000
908 -1654.0000000000
909 -1653.0000000000
911 -1652.0000000000
923 -1651.0000000000
924 -1650.0000000000
930 -1649.0000000000
931 -1648.0000000000
933 -1647.0000000000
937 -1646.0000000000
938 -1645.0000000000
940 -1644.0000000000
941 -1643.0000000000
944 -1641.0000000000
954 -1640.0000000000
959 -1638.0000000000
962 -1635.0000000000
967 -1634.0000000000
979 -1631.0000000000
985 -1630.0000000000
991 -1629.0000000000
992 -1627.0000000000
994 -1626.0000000000
999 -1624.0000000000
1008 -1623.0000000000
1011 -1622.0000000000
1015 -1620.0000000000
1019 -1619.0000000000
1024 -1618.0000000000
1032 -1617.0000000000
1033 -1616.0000000000
1034 -1615.0000000000
1037 -1614.0000000000
1039 -1613.0000000000
1047 -1612.0000000000
1048 -1611.0000000000
1051 -1610.0000000000
1056 -1609.0000000000
1063 -1608.0000000000
1070 -1607.0000000000
1074 -1606.0000000000
1076 -1605.0000000000
1084 -1604.0000000000
1088 -1603.0000000000
1089 -1602.0000000000
1100 -1601.0000000000
1101 -1600.0000000000
1108 -1599.0000000000
1118 -1598.0000000000
1123 -1597.0000000000
1127 -1596.0000000000
1129 -1595.0000000000
1140 -1593.0000000000
1141 -1591.0000000000
1145 -1590.0000000000
1148 -1588.0000000000
1151 -1587.0000000000
1159 -1586.0000000000
1161 -1585.0000000000
1162 -1583.0000000000
1167 -1582.0000000000
1169 -1581.0000000000
1175 -1580.0000000000
1176 -1579.0000000000
1190 -1578.0000000000
1191 -1577.0000000000
1196 -1575.0000000000
1198 -1573.0000000000
1204 -1572.0000000000
1212 -1571.0000000000
1228 -1570.0000000000
1229 -1569.0000000000
1246 -1567.0000000000
1248 -1566.0000000000
1255 -1565.0000000000
1258 -1564.0000000000
1265 -1561.0000000000
1269 -1560.0000000000
1272 -1559.0000000000
1274 -1557.0000000000
1278 -1556.0000000000
1280 -1554.0000000000
1282 -1553.0000000000
1284 -1552.0000000000
1286 -1551.0000000000
1288 -1550.0000000000
1292 -1549.0000000000
1294 -1548.0000000000
1299 -1547.0000000000
1300 -1546.0000000000
1303 -1545.0000000000
1305 -1544.0000000000
1314 -1542.0000000000
1317 -1541.0000000000
1320 -1540.0000000000
1325 -1537.0000000000
1326 -1536.0000000000
1331 -1534.0000000000
1336 -1532.0000000000
1339 -1530.0000000000
1344 -1529.0000000000
1351 -1528.0000000000
1358 -1527.0000000000
1363 -1526.0000000000
1369 -1525.0000000000
1384 -1524.0000000000
1385 -1521.0000000000
1392 -1520.0000000000
1396 -1518.0000000000
1400 -1515.0000000000
1424 -1513.0000000000
1432 -1512.0000000000
1441 -1511.0000000000
1452 -1510.0000000000
1455 -1509.0000000000
1457 -1508.0000000000
1458 -1507.0000000000
1461 -1506.0000000000
1475 -1504.0000000000
1481 -1503.0000000000
1483 -1502.0000000000
1484 -1501.0000000000
1486 -1499.0000000000
1492 -1498.0000000000
1494 -1497.0000000000
1500 -1496.0000000000
1501 -1494.0000000000
1505 -1493.0000000000
1509 -1492.0000000000
1520 -1491.0000000000
1521 -1490.0000000000
1526 -1489.0000000000
1529 -1488.0000000000
1543 -1487.0000000000
1551 -1486.0000000000
1554 -1485.0000000000
1556 -1484.0000000000
1571 -1483.0000000000
1580 -1482.0000000000
1583 -1481.0000000000
1584 -1480.0000000000
1593 -1478.0000000000
1594 -1476.0000000000
1608 -1475.0000000000
1612 -1473.0000000000
1613 -1472.0000000000
1615 -1471.0000000000
1616 -1470.0000000000
1621 -1468.0000000000
1633 -1466.0000000000
1636 -1465.0000000000
1637 -1464.0000000000
1648 -1463.0000000000
1649 -1462.0000000000
1652 -1461.0000000000
1653 -1460.0000000000
1657 -1459.0000000000
1665 -1458.0000000000
1675 -1457.0000000000
1679 -1456.0000000000
1683 -1455.0000000000
1684 -1454.0000000000
1688 -1453.0000000000
1693 -1452.0000000000
1701 -1450.0000000000
1707 -1449.0000000000
1712 -1447.0000000000
1713 -1446.0000000000
1722 -1445.0000000000
1726 -1444.0000000000
1727 -1442.0000000000
1729 -1441.0000000000
1730 -1440.0000000000
1732 -1439.0000000000
1734 -1438.0000000000
1744 -1437.0000000000
1749 -1436.0000000000
1751 -1435.0000000000
1759 -1434.0000000000
1765 -1433.0000000000
1770 -1432.0000000000
1776 -1431.0000000000
1791 -1429.0000000000
1795 -1428.0000000000
1797 -1427.0000000000
1817 -1426.0000000000
1821 -1425.0000000000
1831 -1423.0000000000
1841 -1422.0000000000
1845 -1421.0000000000
1856 -1420.0000000000
1866 -1419.0000000000
1867 -1418.0000000000
1874 -1417.0000000000
1875 -1415.0000000000
1877 -1414.0000000000
1880 -1413.0000000000
1883 -1412.0000000000
1885 -1411.0000000000
1891 -1410.0000000000
1904 -1409.0000000000
1917 -1408.0000000000
1919 -1407.0000000000
1925 -1406.0000000000
1927 -1405.0000000000
1929 -1404.0000000000
1936 -1403.0000000000
1948 -1402.0000000000
1956 -1401.0000000000
1970 -1400.0000000000
1981 -1399.0000000000
1986 -1398.0000000000
1990 -1397.0000000000
1994 -1396.0000000000
1998 -1395.0000000000
2005 -1393.0000000000
2012 -1391.0000000000
2020 -1390.0000000000
2021 -1389.0000000000
2022 -1388.0000000000
2024 -1387.0000000000
2028 -1386.0000000000
2030 -1384.0000000000
2033 -1383.0000000000
2035 -1380.0000000000
2040 -1378.0000000000
2042 -1377.0000000000
2059 -1375.0000000000
2067 -1374.0000000000
2068 -1373.0000000000
2074 -1372.0000000000
2083 -1371.0000000000
2089 -1370.0000000000
2094 -1369.0000000000
2097 -1368.0000000000
2102 -1367.0000000000
2105 -1366.0000000000
2109 -1365.0000000000
2110 -1364.0000000000
2111 -1363.0000000000
2124 -1362.0000000000
2126 -1361.0000000000
2134 -1360.0000000000
2135 -1359.0000000000
2142 -1358.0000000000
2148 -1357.0000000000
2158 -1356.0000000000
2161 -1354.0000000000
2171 -1353.0000000000
2176 -1352.0000000000
2181 -1351.0000000000
2182 -1350.0000000000
2183 -1349.0000000000
2198 -1347.0000000000
2207 -1346.0000000000
2212 -1345.0000000000
2213 -1344.0000000000
2226 -1342.0000000000
2227 -1341.0000000000
2231 -1339.0000000000
2238 -1338.0000000000
2241 -1337.0000000000
2242 -1336.0000000000
2258 -1335.0000000000
2268 -1334.0000000000
2270 -1333.0000000000
2290 -1330.0000000000
2304 -1329.0000000000
2320 -1328.0000000000
2330 -1327.0000000000
2332 -1326.0000000000
2344 -1325.0000000000
2348 -1323.0000000000
2349 -1321.0000000000
2358 -1320.0000000000
2361 -1318.0000000000
2374 -1317.0000000000
2392 -1316.0000000000
2395 -1315.0000000000
2402 -1313.0000000000
2406 -1312.0000000000
2408 -1311.0000000000
2429 -1309.0000000000
2430 -1308.0000000000
2436 -1305.0000000000
2447 -1304.0000000000
2448 -1303.0000000000
2453 -1302.0000000000
2454 -1301.0000000000
2464 -1300.0000000000
2468 -1299.0000000000
2477 -1298.0000000000
2481 -1297.0000000000
2486 -1296.0000000000
2509 -1295.0000000000
2511 -1294.0000000000
2515 -1293.0000000000
2532 -1292.0000000000
2542 -1290.0000000000
2557 -1289.0000000000
2558 -1288.0000000000
2563 -1287.0000000000
2564 -1286.0000000000
2569 -1285.0000000000
2574 -1284.0000000000
2577 -1283.0000000000
2578 -1281.0000000000
2583 -1279.0000000000
2601 -1278.0000000000
2602 -1277.0000000000
2608 -1276.0000000000
2620 -1275.0000000000
2623 -1274.0000000000
2628 -1273.0000000000
2640 -1271.0000000000
2643 -1270.0000000000
2651 -1269.0000000000
2655 -1268.0000000000
2657 -1267.0000000000
2659 -1266.0000000000
2662 -1265.0000000000
2664 -1264.0000000000
2677 -1263.0000000000
2687 -1262.0000000000
2696 -1261.0000000000
2700 -1260.0000000000
2727 -1259.0000000000
2730 -1258.0000000000
2732 -1257.0000000000
2740 -1256.0000000000
2745 -1254.0000000000
2748 -1253.0000000000
2753 -1252.0000000000
2755 -1250.0000000000
2759 -1249.0000000000
2760 -1247.0000000000
2772 -1243.0000000000
2775 -1242.0000000000
2784 -1240.0000000000
2785 -1239.0000000000
2804 -1237.0000000000
2813 -1236.0000000000
2821 -1235.0000000000
2836 -1234.0000000000
2838 -1233.0000000000
2841 -1232.0000000000
2843 -1229.0000000000
2850 -1228.0000000000
2864 -1227.0000000000
2866 -1226.0000000000
2869 -1225.0000000000
2875 -1224.0000000000
2876 -1223.0000000000
2878 -1222.0000000000
2880 -1221.0000000000
2890 -1220.0000000000
2897 -1219.0000000000
2898 -1218.0000000000
2904 -1217.0000000000
2913 -1216.0000000000
2916 -1215.0000000000
2917 -1214.0000000000
2926 -1213.0000000000
2933 -1212.0000000000
2946 -1210.0000000000
2950 -1209.0000000000
2952 -1208.0000000000
2969 -1207.0000000000
2993 -1206.0000000000
3007 -1205.0000000000
3008 -1204.0000000000
3014 -1203.0000000000
3028 -1202.0000000000
3031 -1201.0000000000
3033 -1200.0000000000
3046 -1199.0000000000
3049 -1198.0000000000
3054 -1197.0000000000
3055 -1196.0000000000
3056 -1195.0000000000
3091 -1193.0000000000
3100 -1192.0000000000
3102 -1190.0000000000
3111 -1189.0000000000
3115 -1188.0000000000
3119 -1187.0000000000
3120 -1186.0000000000
3121 -1185.0000000000
3124 -1184.0000000000
3140 -1181.0000000000
3141 -1180.0000000000
3142 -1179.0000000000
3150 -1177.0000000000
3164 -1175.0000000000
3169 -1174.0000000000
3195 -1171.0000000000
3196 -1170.0000000000
3198 -1169.0000000000
3221 -1168.0000000000
3222 -1167.0000000000
3233 -1166.0000000000
3237 -1165.0000000000
3238 -1164.0000000000
3245 -1163.0000000000
3251 -1162.0000000000
3258 -1161.0000000000
3261 -1160.0000000000
3271 -1159.0000000000
3277 -1157.0000000000
3282 -1156.0000000000
3283 -1155.0000000000
3286 -1154.0000000000
3289 -1153.0000000000
3306 -1152.0000000000
3311 -1148.0000000000
3315 -1147.0000000000
3320 -1146.0000000000
3325 -1145.0000000000
3329 -1144.0000000000
3335 -1143.0000000000
3342 -1142.0000000000
3345 -1141.0000000000
3347 -1140.0000000000
3350 -1138.0000000000
3355 -1137.0000000000
3356 -1136.0000000000
3366 -1134.0000000000
3383 -1133.0000000000
3385 -1131.0000000000
3388 -1130.0000000000
3420 -1128.0000000000
3425 -1127.0000000000
3430 -1125.0000000000
3431 -1124.0000000000
3433 -1123.0000000000
3442 -1122.0000000000
3465 -1121.0000000000
3477 -1120.0000000000
3478 -1119.0000000000
3488 -1118.0000000000
3489 -1117.0000000000
3492 -1115.0000000000
3509 -1114.0000000000
3512 -1112.0000000000
3514 -1111.0000000000
3527 -1110.0000000000
3531 -1109.0000000000
3533 -1108.0000000000
3535 -1107.0000000000
3544 -1106.0000000000
3551 -1105.0000000000
3555 -1104.0000000000
3565 -1103.0000000000
3566 -1102.0000000000
3580 -1101.0000000000
3582 -1100.0000000000
3583 -1099.0000000000
3587 -1098.0000000000
3596 -1097.0000000000
3602 -1096.0000000000
3604 -1095.0000000000
3617 -1093.0000000000
3618 -1091.0000000000
3619 -1090.0000000000
3633 -1089.0000000000
3637 -1088.0000000000
3643 -1087.0000000000
3645 -1086.0000000000
3647 -1085.0000000000
3649 -1084.0000000000
3669 -1083.0000000000
3689 -1080.0000000000
3697 -1079.0000000000
3702 -1078.0000000000
3707 -1077.0000000000
3713 -1076.0000000000
3720 -1075.0000000000
3729 -1074.0000000000
3742 -1073.0000000000
3746 -1072.0000000000
3747 -1071.0000000000
3752 -1070.0000000000
3755 -1068.0000000000
3771 -1067.0000000000
3775 -1066.0000000000
3779 -1065.0000000000
3780 -1064.0000000000
3788 -1062.0000000000
3808 -1061.0000000000
3812 -1058.0000000000
3817 -1057.0000000000
3820 -1056.0000000000
3835 -1055.0000000000
3852 -1054.0000000000
3863 -1052.0000000000
3864 -1051.0000000000
3880 -1050.0000000000
3887 -1049.0000000000
3892 -1047.0000000000
3895 -1046.0000000000
3913 -1045.0000000000
3952 -1044.0000000000
3953 -1042.0000000000
3977 -1040.0000000000
3979 -1039.0000000000
3986 -1038.0000000000
3987 -1037.0000000000
3989 -1035.0000000000
3991 -1034.0000000000
3997 -1032.0000000000
4017 -1031.0000000000
4020 -1030.0000000000
4028 -1029.0000000000
4029 -1028.0000000000
4034 -1027.0000000000
4039 -1025.0000000000
4054 -1024.0000000000
4072 -1023.0000000000
4079 -1022.0000000000
4084 -1021.0000000000
4102 -1019.0000000000
4110 -1017.0000000000
4112 -1014.0000000000
4115 -1013.0000000000
4120 -1012.0000000000
4125 -1011.0000000000
4136 -1010.0000000000
4140 -1009.0000000000
4152 -1007.0000000000
4162 -1006.0000000000
4179 -1005.0000000000
4180 -1004.0000000000
4192 -1003.0000000000
4212 -1002.0000000000
4217 -1001.0000000000
4222 -999.0000000000
4243 -998.0000000000
4247 -997.0000000000
4249 -996.0000000000
4257 -995.0000000000
4263 -994.0000000000
4288 -993.0000000000
4307 -990.0000000000
4315 -989.0000000000
4335 -988.0000000000
4340 -987.0000000000
4347 -986.0000000000
4348 -985.0000000000
4351 -984.0000000000
4353 -983.0000000000
4379 -982.0000000000
4383 -981.0000000000
4389 -980.0000000000
4408 -979.0000000000
4415 -978.0000000000
4418 -976.0000000000
4422 -974.0000000000
4424 -973.0000000000
4425 -972.0000000000
4436 -971.0000000000
4437 -970.0000000000
4446 -969.0000000000
4450 -967.0000000000
4452 -966.0000000000
4498 -965.0000000000
4501 -964.0000000000
4502 -963.0000000000
4505 -962.0000000000
4516 -961.0000000000
4529 -960.0000000000
4534 -959.0000000000
4538 -958.0000000000
4540 -956.0000000000
4545 -955.0000000000
4571 -954.0000000000
4589 -953.0000000000
4627 -952.0000000000
4631 -951.0000000000
4634 -950.0000000000
4646 -948.0000000000
4656 -947.0000000000
4668 -946.0000000000
4676 -945.0000000000
4682 -944.0000000000
4685 -942.0000000000
4689 -941.0000000000
4698 -940.0000000000
4719 -939.0000000000
4725 -938.0000000000
4731 -936.0000000000
4735 -935.0000000000
4745 -934.0000000000
4749 -933.0000000000
4806 -932.0000000000
4810 -931.0000000000
4821 -930.0000000000
4843 -929.0000000000
4845 -928.0000000000
4846 -927.0000000000
4857 -926.0000000000
4860 -925.0000000000
4887 -923.0000000000
4888 -922.0000000000
4894 -921.0000000000
4897 -920.0000000000
4902 -919.0000000000
4909 -918.0000000000
4910 -917.0000000000
4919 -916.0000000000
4934 -915.0000000000
4942 -914.0000000000
4949 -913.0000000000
4954 -912.0000000000
4994 -911.0000000000
5000 -910.0000000000
5032 -909.0000000000
5041 -907.0000000000
5049 -906.0000000000
5058 -905.0000000000
5066 -904.0000000000
5073 -903.0000000000
5094 -902.0000000000
5095 -901.0000000000
5096 -900.0000000000
5100 -899.0000000000
5128 -898.0000000000
5133 -897.0000000000
5135 -896.0000000000
5141 -895.0000000000
5167 -893.0000000000
5180 -892.0000000000
5197 -891.0000000000
5203 -890.0000000000
5207 -889.0000000000
5227 -888.0000000000
5235 -887.0000000000
5250 -886.0000000000
5260 -885.0000000000
5262 -883.0000000000
5263 -882.0000000000
5272 -881.0000000000
5289 -879.0000000000
5302 -878.0000000000
5314 -877.0000000000
5317 -876.0000000000
5319 -875.0000000000
5322 -874.0000000000
5334 -873.0000000000
5340 -872.0000000000
5347 -871.0000000000
5352 -870.0000000000
5365 -868.0000000000
5373 -867.0000000000
5377 -866.0000000000
5383 -865.0000000000
5393 -863.0000000000
5395 -862.0000000000
5399 -860.0000000000
5426 -858.0000000000
5468 -857.0000000000
5469 -856.0000000000
5474 -855.0000000000
5487 -854.0000000000
5489 -853.0000000000
5509 -852.0000000000
5511 -850.0000000000
5545 -848.0000000000
5551 -847.0000000000
5556 -846.0000000000
5557 -845.0000000000
5572 -844.0000000000
5577 -842.0000000000
5589 -841.0000000000
5592 -840.0000000000
5607 -837.0000000000
5615 -836.0000000000
5625 -835.0000000000
5634 -834.0000000000
5656 -833.0000000000
5662 -832.0000000000
5674 -831.0000000000
5676 -830.0000000000
5680 -829.0000000000
5690 -828.0000000000
5699 -827.0000000000
5720 -826.0000000000
5728 -825.0000000000
5751 -824.0000000000
5755 -823.0000000000
5790 -822.0000000000
5804 -820.0000000000
5810 -819.0000000000
5811 -817.0000000000
5813 -816.0000000000
5827 -815.0000000000
5828 -814.0000000000
5831 -813.0000000000
5835 -812.0000000000
5845 -811.0000000000
5848 -810.0000000000
5852 -809.0000000000
5855 -808.0000000000
5867 -807.0000000000
5900 -806.0000000000
5902 -805.0000000000
5906 -803.0000000000
5907 -802.0000000000
5914 -801.0000000000
5921 -800.0000000000
5937 -798.0000000000
5940 -797.0000000000
5949 -795.0000000000
5956 -794.0000000000
5959 -793.0000000000
6010 -792.0000000000
6042 -791.0000000000
6046 -790.0000000000
6094 -789.0000000000
6096 -788.0000000000
6100 -787.0000000000
6102 -786.0000000000
6103 -785.0000000000
6110 -784.0000000000
6113 -783.0000000000
6117 -781.0000000000
6119 -780.0000000000
6130 -778.0000000000
6157 -776.0000000000
6159 -775.0000000000
6164 -774.0000000000
6167 -773.0000000000
6186 -772.0000000000
6188 -771.0000000000
6193 -770.0000000000
6196 -769.0000000000
6204 -768.0000000000
6212 -767.0000000000
6215 -766.0000000000
6231 -765.0000000000
6257 -764.0000000000
6268 -763.0000000000
6278 -761.0000000000
6284 -760.0000000000
6302 -759.0000000000
6313 -758.0000000000
6315 -757.0000000000
6328 -756.0000000000
6329 -754.0000000000
6346 -753.0000000000
6360 -752.0000000000
6370 -751.0000000000
6375 -750.0000000000
6376 -748.0000000000
6379 -747.0000000000
6392 -746.0000000000
6400 -745.0000000000
6417 -744.0000000000
6430 -743.0000000000
6448 -742.0000000000
6451 -741.0000000000
6465 -739.0000000000
6487 -738.0000000000
6496 -737.0000000000
6499 -736.0000000000
6502 -735.0000000000
6515 -734.0000000000
6524 -733.0000000000
6554 -732.0000000000
6556 -731.0000000000
6559 -730.0000000000
6560 -729.0000000000
6565 -728.0000000000
6571 -726.0000000000
6615 -725.0000000000
6620 -724.0000000000
6646 -723.0000000000
6672 -722.0000000000
6674 -721.0000000000
6676 -719.0000000000
6687 -718.0000000000
6693 -717.0000000000
6705 -716.0000000000
6710 -715.0000000000
6716 -714.0000000000
6729 -713.0000000000
6730 -712.0000000000
6738 -711.0000000000
6743 -710.0000000000
6747 -709.0000000000
6775 -708.0000000000
6795 -707.0000000000
6796 -706.0000000000
6807 -705.0000000000
6809 -704.0000000000
6810 -703.0000000000
6819 -702.0000000000
6821 -701.0000000000
6859 -700.0000000000
6861 -699.0000000000
6889 -698.0000000000
6892 -697.0000000000
6897 -695.0000000000
6913 -694.0000000000
6917 -692.0000000000
6921 -691.0000000000
6928 -690.0000000000
6941 -689.0000000000
6954 -687.0000000000
6963 -686.0000000000
6964 -685.0000000000
6974 -684.0000000000
6986 -683.0000000000
6987 -682.0000000000
7001 -681.0000000000
7016 -680.0000000000
7022 -679.0000000000
7026 -678.0000000000
7031 -677.0000000000
7054 -676.0000000000
7057 -675.0000000000
7069 -674.0000000000
7089 -673.0000000000
7091 -672.0000000000
7112 -671.0000000000
7116 -670.0000000000
7136 -668.0000000000
7144 -667.0000000000
7150 -666.0000000000
7153 -665.0000000000
7174 -664.0000000000
7197 -663.0000000000
7208 -662.0000000000
7242 -661.0000000000
7262 -660.0000000000
7272 -659.0000000000
7274 -658.0000000000
7285 -657.0000000000
7289 -656.0000000000
7310 -655.0000000000
7316 -653.0000000000
7326 -652.0000000000
7331 -651.0000000000
7352 -650.0000000000
7354 -649.0000000000
7366 -648.0000000000
7368 -647.0000000000
7392 -646.0000000000
7398 -645.0000000000
7413 -644.0000000000
7425 -643.0000000000
7428 -642.0000000000
7451 -641.0000000000
7456 -640.0000000000
7463 -639.0000000000
7474 -638.0000000000
7480 -637.0000000000
7489 -635.0000000000
7497 -634.0000000000
7501 -633.0000000000
7506 -632.0000000000
7513 -631.0000000000
7528 -630.0000000000
7533 -629.0000000000
7558 -628.0000000000
7587 -627.0000000000
7608 -626.0000000000
7642 -625.0000000000
7646 -623.0000000000
7651 -622.0000000000
7682 -621.0000000000
7691 -620.0000000000
7695 -619.0000000000
7709 -618.0000000000
7728 -617.0000000000
7738 -616.0000000000
7760 -615.0000000000
7767 -614.0000000000
7770 -613.0000000000
7797 -612.0000000000
7799 -611.0000000000
7823 -610.0000000000
7841 -609.0000000000
7842 -608.0000000000
7865 -607.0000000000
7879 -606.0000000000
7880 -605.0000000000
7885 -604.0000000000
7928 -603.0000000000
7935 -602.0000000000
7981 -601.0000000000
7985 -600.0000000000
7993 -599.0000000000
8013 -598.0000000000
8065 -597.0000000000
8073 -595.0000000000
8083 -594.0000000000
8102 -593.0000000000
8115 -592.0000000000
8122 -591.0000000000
8144 -590.0000000000
8166 -589.0000000000
8174 -588.0000000000
8195 -587.0000000000
8200 -586.0000000000
8251 -585.0000000000
8262 -584.0000000000
8264 -582.0000000000
8267 -581.0000000000
8335 -580.0000000000
8370 -579.0000000000
8375 -577.0000000000
8393 -576.0000000000
8420 -575.0000000000
8465 -574.0000000000
8475 -573.0000000000
8482 -572.0000000000
8483 -571.0000000000
8498 -570.0000000000
8525 -569.0000000000
8544 -568.0000000000
8562 -567.0000000000
8564 -566.0000000000
8568 -565.0000000000
8580 -564.0000000000
8599 -563.0000000000
8613 -562.0000000000
8648 -561.0000000000
8657 -559.0000000000
8673 -558.0000000000
8674 -557.0000000000
8678 -556.0000000000
8684 -555.0000000000
8691 -554.0000000000
8698 -553.0000000000
8707 -552.0000000000
8711 -551.0000000000
8725 -550.0000000000
8730 -549.0000000000
8742 -548.0000000000
8774 -547.0000000000
8777 -546.0000000000
8795 -545.0000000000
8808 -544.0000000000
8809 -543.0000000000
8820 -542.0000000000
8856 -540.0000000000
8876 -539.0000000000
8888 -538.0000000000
8907 -537.0000000000
8912 -536.0000000000
8923 -535.0000000000
8953 -534.0000000000
8957 -533.0000000000
8974 -532.0000000000
8985 -531.0000000000
8998 -530.0000000000
9016 -529.0000000000
9026 -528.0000000000
9027 -527.0000000000
9044 -526.0000000000
9045 -525.0000000000
9093 -524.0000000000
9103 -523.0000000000
9150 -522.0000000000
9154 -521.0000000000
9175 -520.0000000000
9190 -519.0000000000
9194 -518.0000000000
9198 -517.0000000000
9242 -516.0000000000
9250 -515.0000000000
9270 -513.0000000000
9280 -512.0000000000
9300 -511.0000000000
9318 -510.0000000000
9322 -507.0000000000
9357 -506.0000000000
9360 -505.0000000000
9362 -504.0000000000
9392 -502.0000000000
9401 -501.0000000000
9418 -500.0000000000
9423 -499.0000000000
9472 -498.0000000000
9489 -497.0000000000
9501 -496.0000000000
9503 -495.0000000000
9515 -494.0000000000
9525 -493.0000000000
9532 -492.0000000000
9534 -491.0000000000
9536 -490.0000000000
9600 -489.0000000000
9630 -488.0000000000
9639 -487.0000000000
9652 -486.0000000000
9663 -485.0000000000
9715 -484.0000000000
9727 -483.0000000000
9740 -482.0000000000
9747 -481.0000000000
9763 -480.0000000000
9802 -479.0000000000
9871 -478.0000000000
9896 -477.0000000000
9943 -476.0000000000
9954 -475.0000000000
9967 -474.0000000000
9973 -473.0000000000
9983 -472.0000000000
9984 -471.0000000000
9987 -470.0000000000
10000 -472.0000000000
evaluations raw_y
1 -1914.0000000000
2 -1913.0000000000
3 -1912.0000000000
10 -1911.0000000000
13 -1909.0000000000
14 -1908.0000000000
16 -1906.0000000000
23 -1905.0000000000
24 -1904.0000000000
36 -1903.0000000000
38 -1901.0000000000
39 -1900.0000000000
47 -1899.0000000000
52 -1898.0000000000
54 -1897.0000000000
56 -1895.0000000000
64 -1894.0000000000
65 -1893.0000000000
67 -1892.0000000000
68 -1890.0000000000
70 -1889.0000000000
71 -1888.0000000000
76 -1887.0000000000
80 -1886.0000000000
85 -1885.0000000000
93 -1884.0000000000
98 -1883.0000000000
103 -1882.0000000000
115 -1881.0000000000
118 -1880.0000000000
119 -1877.0000000000
121 -1876.0000000000
122 -1875.0000000000
123 -1874.0000000000
128 -1872.0000000000
130 -1871.0000000000
133 -1870.0000000000
135 -1869.0000000000
137 -1868.0000000000
138 -1867.0000000000
139 -1866.0000000000
143 -1865.0000000000
151 -1864.0000000000
153 -1863.0000000000
154 -1861.0000000000
157 -1860.0000000000
158 -1857.0000000000
163 -1855.0000000000
166 -1854.0000000000
169 -1853.0000000000
172 -1852.0000000000
175 -1851.0000000000
179 -1850.0000000000
181 -1848.0000000000
182 -1847.0000000000
183 -1846.0000000000
186 -1845.0000000000
190 -1844.0000000000
192 -1843.0000000000
194 -1842.0000000000
201 -1840.0000000000
205 -1836.0000000000
211 -1833.0000000000
213 -1832.0000000000
217 -1830.0000000000
219 -1828.0000000000
234 -1827.0000000000
235 -1826.0000000000
236 -1825.0000000000
237 -1824.0000000000
239 -1823.0000000000
249 -1822.0000000000
250 -1821.0000000000
254 -1820.0000000000
256 -1819.0000000000
259 -1817.0000000000
261 -1816.0000000000
264 -1815.0000000000
265 -1814.0000000000
266 -1813.0000000000
267 -1810.0000000000
269 -1809.0000000000
278 -1808.0000000000
279 -1807.0000000000
280 -1805.0000000000
285 -1801.0000000000
287 -1800.0000000000
288 -1799.0000000000
289 -1798.0000000000
294 -1797.0000000000
295 -1795.0000000000
299 -1794.0000000000
300 -1793.0000000000
301 -1792.0000000000
305 -1791.0000000000
306 -1790.0000000000
312 -1789.0000000000
315 -1788.0000000000
316 -1787.0000000000
322 -1785.0000000000
323 -1784.0000000000
343 -1783.0000000000
346 -1781.0000000000
358 -1780.0000000000
360 -1779.0000000000
361 -1777.0000000000
369 -1775.0000000000
370 -1774.0000000000
371 -1773.0000000000
373 -1772.0000000000
379 -1770.0000000000
392 -1769.0000000000
398 -1768.0000000000
405 -1767.0000000000
415 -1766.0000000000
419 -1765.0000000000
420 -1763.0000000000
430 -1762.0000000000
437 -1761.0000000000
439 -1760.0000000000
443 -1759.0000000000
449 -1757.0000000000
456 -1756.0000000000
457 -1755.0000000000
458 -1754.0000000000
459 -1753.0000000000
463 -1752.0000000000
466 -1751.0000000000
469 -1750.0000000000
471 -1749.0000000000
478 -1748.0000000000
479 -1747.0000000000
480 -1746.0000000000
483 -1744.0000000000
492 -1742.0000000000
498 -1741.0000000000
505 -1740.0000000000
512 -1739.0000000000
520 -1738.0000000000
524 -1737.0000000000
528 -1736.0000000000
533 -1735.0000000000
535 -1734.0000000000
543 -1733.0000000000
546 -1732.0000000000
551 -1731.0000000000
557 -1730.0000000000
558 -1729.0000000000
560 -1728.0000000000
563 -1727.0000000000
566 -1726.0000000000
567 -1725.0000000000
577 -1724.0000000000
578 -1723.0000000000
584 -1722.0000000000
586 -1721.0000000000
587 -1720.0000000000
595 -1718.0000000000
599 -1716.0000000000
602 -1715.0000000000
603 -1712.0000000000
606 -1711.0000000000
609 -1710.0000000000
610 -1709.0000000000
611 -1708.0000000000
614 -1707.0000000000
621 -1706.0000000000
622 -1705.0000000000
625 -1704.0000000000
626 -1703.0000000000
629 -1701.0000000000
631 -1700.0000000000
636 -1698.0000000000
661 -1697.0000000000
664 -1696.0000000000
668 -1695.0000000000
669 -1693.0000000000
671 -1690.0000000000
672 -1689.0000000000
676 -1688.0000000000
680 -1687.0000000000
681 -1686.0000000000
690 -1684.0000000000
695 -1683.0000000000
698 -1682.0000000000
701 -1681.0000000000
702 -1680.0000000000
704 -1679.0000000000
706 -1678.0000000000
711 -1676.0000000000
715 -1675.0000000000
716 -1674.0000000000
717 -1673.0000000000
718 -1672.0000000000
728 -1670.0000000000
729 -1668.0000000000
735 -1667.0000000000
738 -1666.0000000000
740 -1665.0000000000
755 -1664.0000000000
757 -1663.0000000000
773 -1662.0000000000
787 -1660.0000000000
794 -1659.0000000000
795 -1656.0000000000
800 -1655.0000000000
804 -1654.0000000000
813 -1653.0000000000
817 -1652.0000000000
821 -1651.0000000000
823 -1650.0000000000
827 -1649.0000000000
829 -1648.0000000000
831 -1647.0000000000
838 -1646.0000000000
844 -1645.0000000000
848 -1644.0000000000
862 -1642.0000000000
863 -1641.0000000000
868 -1640.0000000000
870 -1639.0000000000
872 -1638.0000000000
879 -1637.0000000000
892 -1636.0000000000
902 -1635.0000000000
903 -1634.0000000000
907 -1633.0000000000
910 -1632.0000000000
916 -1631.0000000000
919 -1630.0000000000
923 -1629.0000000000
929 -1627.0000000000
933 -1625.0000000000
935 -1624.0000000000
936 -1622.0000000000
939 -1621.0000000000
941 -1620.0000000000
942 -1619.0000000000
945 -1617.0000000000
946 -1616.0000000000
950 -1614.0000000000
954 -1613.0000000000
955 -1611.0000000000
962 -1610.0000000000
963 -1609.0000000000
965 -1608.0000000000
968 -1607.0000000000
971 -1606.0000000000
973 -1605.0000000000
987 -1604.0000000000
994 -1603.0000000000
995 -1602.0000000000
996 -1601.0000000000
1007 -1600.0000000000
1008 -1599.0000000000
1009 -1598.0000000000
1010 -1597.0000000000
1020 -1596.0000000000
1022 -1595.0000000000
1026 -1594.0000000000
1029 -1593.0000000000
1039 -1590.0000000000
1041 -1588.0000000000
1044 -1587.0000000000
1051 -1586.0000000000
1057 -1585.0000000000
1066 -1584.0000000000
1086 -1583.0000000000
1088 -1582.0000000000
1091 -1581.0000000000
1099 -1580.0000000000
1103 -1579.0000000000
1106 -1577.0000000000
1111 -1576.0000000000
1116 -1574.0000000000
1117 -1573.0000000000
1122 -1572.0000000000
1124 -1571.0000000000
1127 -1570.0000000000
1128 -1569.0000000000
1130 -1568.0000000000
1132 -1567.0000000000
1136 -1565.0000000000
1137 -1564.0000000000
1150 -1563.0000000000
1162 -1562.0000000000
1164 -1561.0000000000
1172 -1560.0000000000
1181 -1559.0000000000
1189 -1557.0000000000
1194 -1556.0000000000
1200 -1555.0000000000
1201 -1554.0000000000
1205 -1553.0000000000
1208 -1552.0000000000
1219 -1551.0000000000
1229 -1550.0000000000
1238 -1549.0000000000
1240 -1548.0000000000
1250 -1547.0000000000
1252 -1546.0000000000
1254 -1545.0000000000
1261 -1544.0000000000
1263 -1543.0000000000
1266 -1542.0000000000
1271 -1541.0000000000
1284 -1540.0000000000
1287 -1537.0000000000
1290 -1535.0000000000
1291 -1534.0000000000
1298 -1533.0000000000
1300 -1532.0000000000
1301 -1531.0000000000
1310 -1530.0000000000
1320 -1529.0000000000
1321 -1527.0000000000
1332 -1526.0000000000
1333 -1525.0000000000
1334 -1524.0000000000
1339 -1523.0000000000
1340 -1522.0000000000
1341 -1521.0000000000
1344 -1520.0000000000
1345 -1519.0000000000
1347 -1518.0000000000
1352 -1517.0000000000
1372 -1515.0000000000
1376 -1514.0000000000
1385 -1513.0000000000
1396 -1512.0000000000
1398 -1511.0000000000
1409 -1510.0000000000
1415 -1508.0000000000
1422 -1507.0000000000
1425 -1506.0000000000
1436 -1505.0000000000
1443 -1504.0000000000
1446 -1503.0000000000
1448 -1502.0000000000
1449 -1501.0000000000
1453 -1500.0000000000
1456 -1499.0000000000
1458 -1498.0000000000
1461 -1497.0000000000
1462 -1495.0000000000
1471 -1494.0000000000
1493 -1492.0000000000
1497 -1491.0000000000
1501 -1490.0000000000
1512 -1489.0000000000
1521 -1488.0000000000
1522 -1487.0000000000
1524 -1486.0000000000
1529 -1485.0000000000
1531 -1484.0000000000
1544 -1483.0000000000
1552 -1480.0000000000
1567 -1479.0000000000
1568 -1478.0000000000
1569 -1477.0000000000
1579 -1476.0000000000
1583 -1475.0000000000
1585 -1474.0000000000
1586 -1473.0000000000
1587 -1472.0000000000
1594 -1471.0000000000
1595 -1470.0000000000
1596 -1468.0000000000
1597 -1467.0000000000
1599 -1466.0000000000
1603 -1465.0000000000
1614 -1464.0000000000
1625 -1463.0000000000
1631 -1462.0000000000
1637 -1461.0000000000
1643 -1460.0000000000
1644 -1459.0000000000
1648 -1458.0000000000
1651 -1456.0000000000
1654 -1455.0000000000
1657 -1454.0000000000
1668 -1453.0000000000
1674 -1452.0000000000
1685 -1451.0000000000
1686 -1450.0000000000
1688 -1449.0000000000
1689 -1448.0000000000
1691 -1447.0000000000
1692 -1446.0000000000
1694 -1445.0000000000
1695 -1444.0000000000
1698 -1443.0000000000
1700 -1441.0000000000
1705 -1439.0000000000
1706 -1438.0000000000
1713 -1436.0000000000
1717 -1435.0000000000
1718 -1434.0000000000
1721 -1433.0000000000
1722 -1432.0000000000
1723 -1431.0000000000
1732 -1429.0000000000
1733 -1427.0000000000
1744 -1426.0000000000
1754 -1425.0000000000
1757 -1424.0000000000
1759 -1423.0000000000
1784 -1422.0000000000
1790 -1421.0000000000
1804 -1420.0000000000
1808 -1418.0000000000
1811 -1417.0000000000
1818 -1416.0000000000
1819 -1414.0000000000
1828 -1413.0000000000
1829 -1412.0000000000
1831 -1411.0000000000
1839 -1410.0000000000
1871 -1409.0000000000
1872 -1407.0000000000
1874 -1406.0000000000
1881 -1405.0000000000
1884 -1404.0000000000
1891 -1403.0000000000
1905 -1401.0000000000
1927 -1400.0000000000
1929 -1399.0000000000
1934 -1398.0000000000
1943 -1397.0000000000
1964 -1396.0000000000
1965 -1395.0000000000
1968 -1394.0000000000
1970 -1393.0000000000
1971 -1391.0000000000
1976 -1388.0000000000
1977 -1387.0000000000
1985 -1386.0000000000
1996 -1385.0000000000
1999 -1383.0000000000
2006 -1382.0000000000
2015 -1381.0000000000
2017 -1380.0000000000
2028 -1378.0000000000
2044 -1377.0000000000
2046 -1376.0000000000
2047 -1375.0000000000
2060 -1373.0000000000
2063 -1372.0000000000
2069 -1371.0000000000
2078 -1370.0000000000
2086 -1369.0000000000
2087 -1368.0000000000
2099 -1367.0000000000
2103 -1366.0000000000
2106 -1364.0000000000
2108 -1363.0000000000
2110 -1362.0000000000
2115 -1359.0000000000
2120 -1358.0000000000
2122 -1357.0000000000
2126 -1356.0000000000
2132 -1355.0000000000
2133 -1354.0000000000
2134 -1353.0000000000
2135 -1352.0000000000
2143 -1351.0000000000
2148 -1350.0000000000
2157 -1349.0000000000
2158 -1347.0000000000
2159 -1346.0000000000
2175 -1344.0000000000
2176 -1343.0000000000
2180 -1342.0000000000
2185 -1341.0000000000
2190 -1340.0000000000
2194 -1339.0000000000
2198 -1338.0000000000
2199 -1337.0000000000
2216 -1336.0000000000
2226 -1334.0000000000
2227 -1333.0000000000
2229 -1332.0000000000
2234 -1331.0000000000
2239 -1330.0000000000
2245 -1329.0000000000
2252 -1328.0000000000
2255 -1327.0000000000
2265 -1326.0000000000
2275 -1325.0000000000
2282 -1324.0000000000
2284 -1322.0000000000
2290 -1321.0000000000
2299 -1320.0000000000
2310 -1318.0000000000
2322 -1317.0000000000
2325 -1316.0000000000
2338 -1314.0000000000
2339 -1313.0000000000
2342 -1312.0000000000
2344 -1310.0000000000
2352 -1308.0000000000
2359 -1307.0000000000
2361 -1306.0000000000
2388 -1305.0000000000
2397 -1304.0000000000
2402 -1303.0000000000
2406 -1302.0000000000
2418 -1301.0000000000
2424 -1300.0000000000
2428 -1299.0000000000
2429 -1298.0000000000
2437 -1297.0000000000
2440 -1295.0000000000
2442 -1294.0000000000
2450 -1293.0000000000
2477 -1292.0000000000
2479 -1291.0000000000
2487 -1290.0000000000
2491 -1289.0000000000
2504 -1288.0000000000
2521 -1286.0000000000
2529 -1285.0000000000
2538 -1284.0000000000
2544 -1283.0000000000
2566 -1282.0000000000
2585 -1281.0000000000
2595 -1280.0000000000
2596 -1279.0000000000
2599 -1278.0000000000
2602 -1277.0000000000
2607 -1276.0000000000
2609 -1274.0000000000
2618 -1273.0000000000
2620 -1272.0000000000
2629 -1271.0000000000
2631 -1270.0000000000
2635 -1269.0000000000
2637 -1268.0000000000
2639 -1267.0000000000
2640 -1266.0000000000
2642 -1265.0000000000
2654 -1264.0000000000
2663 -1262.0000000000
2664 -1261.0000000000
2669 -1260.0000000000
2685 -1259.0000000000
2687 -1258.0000000000
2689 -1257.0000000000
2690 -1256.0000000000
2693 -1255.0000000000
2697 -1254.0000000000
2700 -1253.0000000000
2707 -1252.0000000000
2710 -1251.0000000000
2714 -1250.0000000000
2716 -1249.0000000000
2719 -1247.0000000000
2721 -1245.0000000000
2723 -1244.0000000000
2725 -1243.0000000000
2726 -1241.0000000000
2728 -1240.0000000000
2731 -1239.0000000000
2733 -1238.0000000000
2742 -1237.0000000000
2745 -1236.0000000000
2756 -1234.0000000000
2757 -1233.0000000000
2764 -1232.0000000000
2765 -1231.0000000000
2768 -1230.0000000000
2789 -1229.0000000000
2792 -1228.0000000000
2798 -1227.0000000000
2801 -1226.0000000000
2802 -1225.0000000000
2803 -1224.0000000000
2804 -1223.0000000000
2807 -1222.0000000000
2814 -1221.0000000000
2819 -1219.0000000000
2824 -1218.0000000000
2827 -1217.0000000000
2832 -1216.0000000000
2845 -1215.0000000000
2846 -1214.0000000000
2852 -1213.0000000000
2855 -1212.0000000000
2859 -1211.0000000000
2862 -1210.0000000000
2864 -1209.0000000000
2871 -1208.0000000000
2872 -1207.0000000000
2879 -1206.0000000000
2890 -1205.0000000000
2894 -1204.0000000000
2902 -1203.0000000000
2916 -1201.0000000000
2918 -1199.0000000000
2931 -1198.0000000000
2937 -1197.0000000000
2947 -1195.0000000000
2951 -1194.0000000000
2964 -1192.0000000000
2970 -1190.0000000000
2977 -1189.0000000000
3000 -1188.0000000000
3003 -1187.0000000000
3009 -1186.0000000000
3013 -1185.0000000000
3015 -1184.0000000000
3017 -1183.0000000000
3018 -1182.0000000000
3023 -1180.0000000000
3029 -1179.0000000000
3043 -1177.0000000000
3051 -1176.0000000000
3058 -1175.0000000000
3067 -1174.0000000000
3079 -1173.0000000000
3080 -1172.0000000000
3092 -1170.0000000000
3093 -1169.0000000000
3111 -1168.0000000000
3112 -1167.0000000000
3118 -1166.0000000000
3121 -1165.0000000000
3130 -1164.0000000000
3133 -1163.0000000000
3137 -1162.0000000000
3138 -1161.0000000000
3155 -1160.0000000000
3158 -1159.0000000000
3166 -1158.0000000000
3169 -1157.0000000000
3184 -1156.0000000000
3190 -1155.0000000000
3191 -1154.0000000000
3194 -1153.0000000000
3196 -1152.0000000000
3199 -1151.0000000000
3204 -1150.0000000000
3207 -1149.0000000000
3214 -1148.0000000000
3217 -1147.0000000000
3220 -1146.0000000000
3221 -1145.0000000000
3231 -1144.0000000000
3236 -1142.0000000000
3246 -1141.0000000000
3248 -1140.0000000000
3295 -1139.0000000000
3296 -1138.0000000000
3300 -1137.0000000000
3304 -1136.0000000000
3305 -1135.0000000000
3318 -1134.0000000000
3324 -1133.0000000000
3330 -1132.0000000000
3332 -1131.0000000000
3333 -1130.0000000000
3340 -1129.0000000000
3343 -1128.0000000000
3348 -1127.0000000000
3367 -1126.0000000000
3373 -1125.0000000000
3383 -1123.0000000000
3389 -1122.0000000000
3396 -1121.0000000000
3414 -1119.0000000000
3416 -1117.0000000000
3426 -1116.0000000000
3437 -1114.0000000000
3441 -1113.0000000000
3449 -1112.0000000000
3455 -1111.0000000000
3470 -1110.0000000000
3471 -1109.0000000000
3477 -1108.0000000000
3486 -1107.0000000000
3493 -1106.0000000000
3500 -1105.0000000000
3501 -1104.0000000000
3508 -1103.0000000000
3521 -1102.0000000000
3529 -1100.0000000000
3537 -1099.0000000000
3539 -1098.0000000000
3540 -1097.0000000000
3542 -1096.0000000000
3558 -1095.0000000000
3559 -1093.0000000000
3563 -1092.0000000000
3567 -1091.0000000000
3569 -1090.0000000000
3578 -1089.0000000000
3582 -1088.0000000000
3586 -1086.0000000000
3600 -1085.0000000000
3606 -1084.0000000000
3621 -1083.0000000000
3623 -1082.0000000000
3631 -1081.0000000000
3634 -1079.0000000000
3640 -1078.0000000000
3641 -1077.0000000000
3645 -1076.0000000000
3653 -1075.0000000000
3664 -1074.0000000000
3666 -1073.0000000000
3684 -1071.0000000000
3685 -1070.0000000000
3693 -1069.0000000000
3700 -1068.0000000000
3721 -1067.0000000000
3731 -1066.0000000000
3746 -1065.0000000000
3757 -1064.0000000000
3768 -1063.0000000000
3800 -1060.0000000000
3801 -1059.0000000000
3802 -1058.0000000000
3805 -1057.0000000000
3815 -1056.0000000000
3826 -1055.0000000000
3829 -1054.0000000000
3835 -1053.0000000000
3836 -1052.0000000000
3839 -1050.0000000000
3848 -1049.0000000000
3858 -1048.0000000000
3863 -1046.0000000000
3882 -1045.0000000000
3892 -1044.0000000000
3893 -1043.0000000000
3912 -1042.0000000000
3918 -1040.0000000000
3924 -1039.0000000000
3926 -1038.0000000000
3933 -1037.0000000000
3934 -1036.0000000000
3936 -1035.0000000000
3937 -1034.0000000000
3945 -1032.0000000000
3959 -1030.0000000000
3960 -1029.0000000000
3963 -1027.0000000000
3973 -1026.0000000000
3974 -1025.0000000000
3976 -1024.0000000000
3978 -1023.0000000000
3981 -1022.0000000000
4010 -1020.0000000000
4011 -1019.0000000000
4028 -1018.0000000000
4031 -1017.0000000000
4049 -1016.0000000000
4059 -1015.0000000000
4070 -1014.0000000000
4074 -1012.0000000000
4084 -1011.0000000000
4094 -1010.0000000000
4100 -1009.0000000000
4119 -1008.0000000000
4131 -1007.0000000000
4133 -1006.0000000000
4140 -1005.0000000000
4152 -1004.0000000000
4169 -1003.0000000000
4174 -1002.0000000000
4184 -1001.0000000000
4186 -1000.0000000000
4189 -999.0000000000
4193 -998.0000000000
4194 -997.0000000000
4207 -995.0000000000
4219 -994.0000000000
4230 -993.0000000000
4250 -992.0000000000
4252 -991.0000000000
4255 -990.0000000000
4266 -989.0000000000
4270 -988.0000000000
4272 -987.0000000000
4296 -985.0000000000
4307 -984.0000000000
4308 -983.0000000000
4314 -982.0000000000
4318 -981.0000000000
4329 -980.0000000000
4342 -979.0000000000
4343 -978.0000000000
4344 -977.0000000000
4349 -976.0000000000
4358 -975.0000000000
4359 -974.0000000000
4364 -973.0000000000
4367 -972.0000000000
4370 -971.0000000000
4377 -970.0000000000
4392 -969.0000000000
4430 -968.0000000000
4433 -967.0000000000
4463 -966.0000000000
4477 -965.0000000000
4481 -964.0000000000
4507 -963.0000000000
4518 -962.0000000000
4527 -961.0000000000
4529 -960.0000000000
4539 -959.0000000000
4540 -958.0000000000
4541 -957.0000000000
4556 -956.0000000000
4569 -955.0000000000
4593 -954.0000000000
4608 -953.0000000000
4611 -952.0000000000
4635 -951.0000000000
4637 -950.0000000000
4646 -949.0000000000
4647 -947.0000000000
4655 -946.0000000000
4656 -945.0000000000
4658 -944.0000000000
4665 -942.0000000000
4666 -941.0000000000
4670 -940.0000000000
4677 -939.0000000000
4682 -938.0000000000
4696 -937.0000000000
4707 -936.0000000000
4714 -934.0000000000
4718 -932.0000000000
4727 -931.0000000000
4735 -930.0000000000
4736 -929.0000000000
4738 -928.0000000000
4771 -927.0000000000
4782 -925.0000000000
4789 -924.0000000000
4795 -923.0000000000
4808 -922.0000000000
4815 -921.0000000000
4825 -920.0000000000
4828 -919.0000000000
4830 -918.0000000000
4831 -917.0000000000
4834 -916.0000000000
4838 -914.0000000000
4844 -913.0000000000
4848 -912.0000000000
4867 -911.0000000000
4873 -910.0000000000
4880 -909.0000000000
4887 -908.0000000000
4916 -907.0000000000
4925 -906.0000000000
4940 -905.0000000000
4946 -904.0000000000
4963 -903.0000000000
4976 -902.0000000000
4977 -901.0000000000
4988 -900.0000000000
4991 -899.0000000000
4998 -898.0000000000
4999 -897.0000000000
5001 -896.0000000000
5006 -895.0000000000
5009 -894.0000000000
5015 -893.0000000000
5031 -892.0000000000
5034 -891.0000000000
5040 -890.0000000000
5044 -889.0000000000
5073 -888.0000000000
5103 -887.0000000000
5108 -886.0000000000
5117 -885.0000000000
5125 -884.0000000000
5128 -883.0000000000
5129 -882.0000000000
5143 -881.0000000000
5157 -880.0000000000
5171 -879.0000000000
5174 -877.0000000000
5175 -876.0000000000
5184 -875.0000000000
5188 -874.0000000000
5192 -873.0000000000
5206 -872.0000000000
5207 -871.0000000000
5209 -870.0000000000
5210 -868.0000000000
5211 -867.0000000000
5224 -865.0000000000
5229 -864.0000000000
5243 -863.0000000000
5253 -862.0000000000
5256 -861.0000000000
5262 -860.0000000000
5264 -859.0000000000
5266 -858.0000000000
5276 -857.0000000000
5292 -856.0000000000
5294 -855.0000000000
5308 -854.0000000000
5317 -853.0000000000
5318 -852.0000000000
5324 -851.0000000000
5329 -850.0000000000
5353 -849.0000000000
5369 -847.0000000000
5389 -846.0000000000
5409 -845.0000000000
5421 -844.0000000000
5469 -843.0000000000
5499 -842.0000000000
5506 -840.0000000000
5519 -839.0000000000
5520 -838.0000000000
5526 -837.0000000000
5546 -836.0000000000
5551 -835.0000000000
5552 -834.0000000000
5593 -833.0000000000
5609 -831.0000000000
5621 -830.0000000000
5622 -829.0000000000
5633 -828.0000000000
5638 -827.0000000000
5643 -826.0000000000
5646 -824.0000000000
5659 -823.0000000000
5662 -822.0000000000
5670 -821.0000000000
5685 -819.0000000000
5692 -818.0000000000
5693 -817.0000000000
5716 -816.0000000000
5718 -815.0000000000
5733 -814.0000000000
5738 -813.0000000000
5772 -812.0000000000
5795 -811.0000000000
5808 -810.0000000000
5817 -809.0000000000
5826 -808.0000000000
5827 -807.0000000000
5833 -806.0000000000
5835 -805.0000000000
5837 -804.0000000000
5881 -803.0000000000
5897 -802.0000000000
5920 -800.0000000000
5941 -799.0000000000
5949 -798.0000000000
5950 -796.0000000000
5952 -794.0000000000
5964 -793.0000000000
5969 -792.0000000000
5984 -791.0000000000
5994 -790.0000000000
6021 -788.0000000000
6028 -786.0000000000
6031 -785.0000000000
6044 -784.0000000000
6051 -783.0000000000
6056 -782.0000000000
6067 -781.0000000000
6075 -780.0000000000
6089 -779.0000000000
6109 -778.0000000000
6115 -777.0000000000
6121 -775.0000000000
6123 -774.0000000000
6140 -772.0000000000
6152 -771.0000000000
6168 -770.0000000000
6170 -769.0000000000
6174 -768.0000000000
6200 -767.0000000000
6204 -766.0000000000
6206 -765.0000000000
6227 -764.0000000000
6232 -763.0000000000
6233 -762.0000000000
6246 -760.0000000000
6247 -759.0000000000
6251 -758.0000000000
6258 -757.0000000000
6273 -756.0000000000
6276 -755.0000000000
6281 -754.0000000000
6283 -753.0000000000
6314 -752.0000000000
6316 -751.0000000000
6319 -750.0000000000
6321 -748.0000000000
6348 -747.0000000000
6369 -746.0000000000
6380 -745.0000000000
6381 -744.0000000000
6402 -742.0000000000
6434 -740.0000000000
6442 -739.0000000000
6454 -738.0000000000
6470 -737.0000000000
6488 -735.0000000000
6490 -733.0000000000
6500 -732.0000000000
6506 -731.0000000000
6519 -730.0000000000
6524 -729.0000000000
6530 -728.0000000000
6536 -727.0000000000
6551 -726.0000000000
6555 -725.0000000000
6559 -724.0000000000
6609 -723.0000000000
6621 -722.0000000000
6622 -721.0000000000
6627 -720.0000000000
6643 -719.0000000000
6646 -718.0000000000
6655 -717.0000000000
6669 -716.0000000000
6675 -715.0000000000
6702 -714.0000000000
6703 -712.0000000000
6713 -711.0000000000
6715 -710.0000000000
6737 -709.0000000000
6743 -708.0000000000
6747 -707.0000000000
6749 -706.0000000000
6768 -705.0000000000
6775 -704.0000000000
6778 -703.0000000000
6779 -702.0000000000
6791 -701.0000000000
6805 -700.0000000000
6814 -698.0000000000
6827 -697.0000000000
6830 -696.0000000000
6838 -695.0000000000
6840 -694.0000000000
6845 -691.0000000000
6849 -690.0000000000
6866 -688.0000000000
6869 -687.0000000000
6879 -686.0000000000
6900 -684.0000000000
6905 -683.0000000000
6913 -682.0000000000
6921 -680.0000000000
6939 -679.0000000000
6943 -678.0000000000
6946 -677.0000000000
6952 -676.0000000000
6956 -675.0000000000
6975 -674.0000000000
6991 -673.0000000000
7008 -672.0000000000
7015 -671.0000000000
7024 -670.0000000000
7058 -669.0000000000
7067 -667.0000000000
7071 -666.0000000000
7092 -665.0000000000
7093 -664.0000000000
7102 -663.0000000000
7107 -662.0000000000
7109 -661.0000000000
7133 -660.0000000000
7138 -659.0000000000
7157 -657.0000000000
7177 -656.0000000000
7191 -654.0000000000
7192 -653.0000000000
7210 -652.0000000000
7212 -651.0000000000
7263 -649.0000000000
7267 -648.0000000000
7268 -647.0000000000
7280 -646.0000000000
7294 -645.0000000000
7307 -644.0000000000
7308 -643.0000000000
7316 -642.0000000000
7325 -641.0000000000
7329 -640.0000000000
7335 -639.0000000000
7344 -638.0000000000
7356 -637.0000000000
7373 -636.0000000000
7389 -635.0000000000
7393 -634.0000000000
7409 -633.0000000000
7417 -632.0000000000
7436 -631.0000000000
7461 -630.0000000000
7482 -629.0000000000
7488 -628.0000000000
7490 -627.0000000000
7518 -625.0000000000
7523 -624.0000000000
7547 -623.0000000000
7569 -622.0000000000
7571 -621.0000000000
7606 -620.0000000000
7610 -619.0000000000
7631 -618.0000000000
7653 -617.0000000000
7654 -616.0000000000
7658 -615.0000000000
7670 -614.0000000000
7694 -613.0000000000
7711 -612.0000000000
7721 -611.0000000000
7732 -610.0000000000
7743 -609.0000000000
7761 -608.0000000000
7787 -607.0000000000
7794 -606.0000000000
7847 -605.0000000000
7848 -604.0000000000
7863 -603.0000000000
7865 -602.0000000000
7882 -601.0000000000
7906 -600.0000000000
7918 -599.0000000000
7956 -598.0000000000
7965 -597.0000000000
7971 -596.0000000000
7978 -595.0000000000
8002 -594.0000000000
8024 -593.0000000000
8038 -592.0000000000
8051 -591.0000000000
8063 -589.0000000000
8064 -586.0000000000
8068 -585.0000000000
8074 -584.0000000000
8146 -583.0000000000
8168 -582.0000000000
8194 -581.0000000000
8218 -580.0000000000
8219 -579.0000000000
8237 -578.0000000000
8248 -576.0000000000
8249 -575.0000000000
8273 -574.0000000000
8286 -573.0000000000
8288 -572.0000000000
8299 -571.0000000000
8304 -570.0000000000
8315 -569.0000000000
8337 -568.0000000000
8348 -567.0000000000
8362 -566.0000000000
8395 -565.0000000000
8396 -564.0000000000
8398 -563.0000000000
8403 -562.0000000000
8435 -561.0000000000
8436 -560.0000000000
8446 -559.0000000000
8464 -558.0000000000
8479 -557.0000000000
8495 -556.0000000000
8503 -555.0000000000
8524 -554.0000000000
8535 -553.0000000000
8560 -552.0000000000
8573 -551.0000000000
8575 -550.0000000000
8577 -548.0000000000
8589 -546.0000000000
8600 -545.0000000000
8609 -544.0000000000
8618 -543.0000000000
8649 -542.0000000000
8650 -541.0000000000
8665 -540.0000000000
8673 -539.0000000000
8674 -538.0000000000
8677 -537.0000000000
8680 -536.0000000000
8688 -535.0000000000
8703 -534.0000000000
8733 -533.0000000000
8739 -532.0000000000
8746 -531.0000000000
8750 -530.0000000000
8760 -529.0000000000
8782 -528.0000000000
8796 -527.0000000000
8812 -526.0000000000
8834 -525.0000000000
8844 -524.0000000000
8847 -523.0000000000
8852 -522.0000000000
8861 -520.0000000000
8863 -519.0000000000
8886 -518.0000000000
8932 -517.0000000000
8953 -516.0000000000
8971 -515.0000000000
8998 -514.0000000000
9012 -513.0000000000
9017 -512.0000000000
9043 -511.0000000000
9056 -510.0000000000
9060 -509.0000000000
9067 -508.0000000000
9080 -507.0000000000
9099 -506.0000000000
9123 -505.0000000000
9127 -504.0000000000
9128 -503.0000000000
9144 -502.0000000000
9185 -501.0000000000
9187 -500.0000000000
9189 -498.0000000000
9224 -497.0000000000
9226 -496.0000000000
9227 -495.0000000000
9246 -494.0000000000
9258 -493.0000000000
9276 -491.0000000000
9305 -490.0000000000
9309 -489.0000000000
9321 -488.0000000000
9352 -487.0000000000
9364 -486.0000000000
9404 -485.0000000000
9441 -484.0000000000
9452 -483.0000000000
9456 -482.0000000000
9488 -480.0000000000
9499 -479.0000000000
9507 -477.0000000000
9529 -476.0000000000
9585 -475.0000000000
9588 -474.0000000000
9616 -473.0000000000
9617 -472.0000000000
9623 -470.0000000000
9632 -469.0000000000
9666 -468.0000000000
9706 -467.0000000000
9745 -466.0000000000
9767 -464.0000000000
9805 -463.0000000000
9886 -462.0000000000
9919 -461.0000000000
9934 -460.0000000000
9956 -459.0000000000
9957 -458.0000000000
9969 -457.0000000000
9976 -456.0000000000
9980 -455.0000000000
9987 -454.0000000000
10000 -454.0000000000
evaluations raw_y
1 -1954.0000000000
4 -1953.0000000000
5 -1952.0000000000
7 -1951.0000000000
13 -1950.0000000000
15 -1949.0000000000
18 -1947.0000000000
19 -1946.0000000000
20 -1945.0000000000
21 -1944.0000000000
24 -1942.0000000000
25 -1941.0000000000
27 -1940.0000000000
29 -1939.0000000000
30 -1937.0000000000
34 -1936.0000000000
38 -1934.0000000000
44 -1933.0000000000
50 -1932.0000000000
52 -1930.0000000000
53 -1929.0000000000
55 -1928.0000000000
69 -1927.0000000000
73 -1925.0000000000
75 -1924.0000000000
76 -1923.0000000000
85 -1922.0000000000
92 -1921.0000000000
95 -1920.0000000000
98 -1919.0000000000
105 -1918.0000000000
110 -1917.0000000000
116 -1916.0000000000
120 -1915.0000000000
122 -1914.0000000000
124 -1911.0000000000
128 -1908.0000000000
141 -1907.0000000000
144 -1906.0000000000
146 -1905.0000000000
147 -1903.0000000000
150 -1902.0000000000
151 -1901.0000000000
152 -1899.0000000000
154 -1898.0000000000
156 -1896.0000000000
159 -1893.0000000000
164 -1892.0000000000
176 -1891.0000000000
179 -1890.0000000000
180 -1889.0000000000
184 -1888.0000000000
187 -1887.0000000000
188 -1885.0000000000
192 -1884.0000000000
193 -1882.0000000000
195 -1880.0000000000
206 -1879.0000000000
215 -1878.0000000000
219 -1877.0000000000
226 -1876.0000000000
229 -1875.0000000000
235 -1874.0000000000
237 -1873.0000000000
239 -1872.0000000000
242 -1871.0000000000
250 -1870.0000000000
254 -1868.0000000000
255 -1867.0000000000
261 -1866.0000000000
266 -1865.0000000000
271 -1864.0000000000
279 -1863.0000000000
283 -1862.0000000000
290 -1861.0000000000
291 -1860.0000000000
294 -1859.0000000000
298 -1858.0000000000
299 -1856.0000000000
300 -1853.0000000000
302 -1850.0000000000
311 -1848.0000000000
317 -1846.0000000000
325 -1845.0000000000
328 -1844.0000000000
331 -1843.0000000000
335 -1842.0000000000
340 -1841.0000000000
341 -1840.0000000000
347 -1839.0000000000
356 -1838.0000000000
357 -1837.0000000000
362 -1836.0000000000
377 -1835.0000000000
379 -1833.0000000000
386 -1832.0000000000
387 -1831.0000000000
388 -1830.0000000000
389 -1829.0000000000
394 -1828.0000000000
395 -1827.0000000000
396 -1826.0000000000
399 -1825.0000000000
402 -1824.0000000000
408 -1823.0000000000
412 -1821.0000000000
416 -1820.0000000000
421 -1819.0000000000
423 -1818.0000000000
426 -1817.0000000000
431 -1816.0000000000
432 -1814.0000000000
437 -1813.0000000000
439 -1812.0000000000
443 -1809.0000000000
446 -1808.0000000000
447 -1807.0000000000
448 -1806.0000000000
451 -1805.0000000000
455 -1803.0000000000
456 -1802.0000000000
464 -1800.0000000000
472 -1798.0000000000
473 -1797.0000000000
476 -1795.0000000000
494 -1794.0000000000
497 -1793.0000000000
500 -1792.0000000000
502 -1790.0000000000
503 -1789.0000000000
510 -1787.0000000000
511 -1786.0000000000
512 -1785.0000000000
514 -1784.0000000000
515 -1783.0000000000
517 -1782.0000000000
525 -1780.0000000000
534 -1778.0000000000
556 -1777.0000000000
557 -1776.0000000000
578 -1775.0000000000
580 -1773.0000000000
581 -1772.0000000000
590 -1770.0000000000
592 -1769.0000000000
593 -1768.0000000000
594 -1767.0000000000
606 -1766.0000000000
607 -1765.0000000000
609 -1764.0000000000
615 -1763.0000000000
619 -1761.0000000000
621 -1760.0000000000
623 -1759.0000000000
627 -1758.0000000000
628 -1757.0000000000
641 -1756.0000000000
644 -1755.0000000000
645 -1754.0000000000
654 -1753.0000000000
656 -1752.0000000000
662 -1751.0000000000
666 -1750.0000000000
668 -1749.0000000000
669 -1748.0000000000
671 -1747.0000000000
674 -1746.0000000000
675 -1745.0000000000
684 -1744.0000000000
688 -1741.0000000000
693 -1740.0000000000
694 -1738.0000000000
700 -1736.0000000000
704 -1735.0000000000
713 -1734.0000000000
714 -1730.0000000000
716 -1729.0000000000
720 -1727.0000000000
722 -1726.0000000000
724 -1725.0000000000
725 -1724.0000000000
729 -1723.0000000000
733 -1722.0000000000
734 -1721.0000000000
741 -1720.0000000000
742 -1719.0000000000
746 -1718.0000000000
757 -1717.0000000000
759 -1716.0000000000
764 -1715.0000000000
775 -1713.0000000000
777 -1711.0000000000
785 -1710.0000000000
788 -1708.0000000000
789 -1707.0000000000
790 -1706.0000000000
791 -1705.0000000000
795 -1704.0000000000
796 -1703.0000000000
801 -1702.0000000000
807 -1701.0000000000
811 -1700.0000000000
816 -1699.0000000000
819 -1697.0000000000
835 -1696.0000000000
836 -1694.0000000000
850 -1692.0000000000
852 -1691.0000000000
857 -1690.0000000000
866 -1689.0000000000
868 -1688.0000000000
869 -1687.0000000000
871 -1686.0000000000
888 -1684.0000000000
899 -1683.0000000000
901 -1681.0000000000
909 -1679.0000000000
912 -1678.0000000000
914 -1677.0000000000
917 -1675.0000000000
922 -1673.0000000000
924 -1672.0000000000
926 -1671.0000000000
940 -1669.0000000000
945 -1668.0000000000
947 -1666.0000000000
949 -1665.0000000000
959 -1664.0000000000
963 -1663.0000000000
968 -1662.0000000000
974 -1661.0000000000
979 -1660.0000000000
980 -1659.0000000000
983 -1658.0000000000
984 -1657.0000000000
988 -1656.0000000000
993 -1655.0000000000
995 -1653.0000000000
999 -1652.0000000000
1000 -1651.0000000000
1001 -1650.0000000000
1003 -1649.0000000000
1009 -1648.0000000000
1011 -1647.0000000000
1014 -1646.0000000000
1025 -1645.0000000000
1031 -1644.0000000000
1037 -1643.0000000000
1045 -1642.0000000000
1050 -1641.0000000000
1058 -1640.0000000000
1060 -1639.0000000000
1071 -1638.0000000000
1075 -1637.0000000000
1078 -1636.0000000000
1079 -1634.0000000000
1081 -1633.0000000000
1085 -1632.0000000000
1091 -1631.0000000000
1096 -1630.0000000000
1105 -1629.0000000000
1106 -1628.0000000000
1113 -1627.0000000000
1114 -1626.0000000000
1115 -1625.0000000000
1116 -1623.0000000000
1119 -1622.0000000000
1121 -1621.0000000000
1122 -1620.0000000000
1127 -1619.0000000000
1129 -1617.0000000000
1131 -1616.0000000000
1137 -1614.0000000000
1142 -1613.0000000000
1146 -1612.0000000000
1147 -1611.0000000000
1162 -1610.0000000000
1163 -1609.0000000000
1168 -1608.0000000000
1175 -1606.0000000000
1183 -1605.0000000000
1191 -1602.0000000000
1194 -1601.0000000000
1197 -1599.0000000000
1199 -1598.0000000000
1200 -1596.0000000000
1203 -1595.0000000000
1207 -1594.0000000000
1210 -1593.0000000000
1211 -1592.0000000000
1212 -1591.0000000000
1218 -1590.0000000000
1219 -1589.0000000000
1220 -1588.0000000000
1232 -1587.0000000000
1240 -1585.0000000000
1254 -1584.0000000000
1256 -1582.0000000000
1264 -1581.0000000000
1276 -1580.0000000000
1278 -1579.0000000000
1280 -1578.0000000000
1281 -1576.0000000000
1283 -1574.0000000000
1291 -1573.0000000000
1300 -1572.0000000000
1305 -1570.0000000000
1311 -1569.0000000000
1316 -1568.0000000000
1319 -1567.0000000000
1321 -1566.0000000000
1324 -1565.0000000000
1327 -1564.0000000000
1329 -1563.0000000000
1334 -1562.0000000000
1344 -1561.0000000000
1362 -1560.0000000000
1366 -1558.0000000000
1369 -1557.0000000000
1371 -1556.0000000000
1373 -1555.0000000000
1380 -1554.0000000000
1391 -1553.0000000000
1392 -1552.0000000000
1410 -1551.0000000000
1416 -1550.0000000000
1417 -1549.0000000000
1420 -1548.0000000000
1423 -1547.0000000000
1426 -1545.0000000000
1435 -1544.0000000000
1441 -1543.0000000000
1444 -1541.0000000000
1450 -1540.0000000000
1454 -1538.0000000000
1458 -1536.0000000000
1472 -1535.0000000000
1473 -1532.0000000000
1475 -1531.0000000000
1479 -1530.0000000000
1482 -1529.0000000000
1484 -1527.0000000000
1495 -1526.0000000000
1502 -1525.0000000000
1503 -1524.0000000000
1504 -1523.0000000000
1507 -1522.0000000000
1513 -1521.0000000000
1517 -1520.0000000000
1538 -1518.0000000000
1539 -1517.0000000000
1543 -1515.0000000000
1547 -1513.0000000000
1552 -1511.0000000000
1555 -1510.0000000000
1565 -1509.0000000000
1568 -1508.0000000000
1583 -1507.0000000000
1585 -1506.0000000000
1617 -1505.0000000000
1619 -1504.0000000000
1623 -1503.0000000000
1630 -1502.0000000000
1637 -1501.0000000000
1642 -1500.0000000000
1647 -1499.0000000000
1650 -1498.0000000000
1651 -1497.0000000000
1656 -1495.0000000000
1657 -1494.0000000000
1658 -1493.0000000000
1667 -1490.0000000000
1669 -1486.0000000000
1670 -1485.0000000000
1675 -1483.0000000000
1677 -1482.0000000000
1681 -1480.0000000000
1682 -1479.0000000000
1684 -1478.0000000000
1686 -1476.0000000000
1690 -1475.0000000000
1704 -1474.0000000000
1708 -1473.0000000000
1712 -1472.0000000000
1715 -1471.0000000000
1718 -1469.0000000000
1720 -1468.0000000000
1732 -1466.0000000000
1737 -1465.0000000000
1738 -1464.0000000000
1739 -1462.0000000000
1748 -1461.0000000000
1751 -1459.0000000000
1755 -1458.0000000000
1759 -1456.0000000000
1760 -1455.0000000000
1773 -1454.0000000000
1776 -1453.0000000000
1777 -1451.0000000000
1781 -1448.0000000000
1784 -1447.0000000000
1787 -1446.0000000000
1792 -1445.0000000000
1798 -1444.0000000000
1803 -1443.0000000000
1806 -1441.0000000000
1808 -1440.0000000000
1816 -1439.0000000000
1825 -1438.0000000000
1832 -1437.0000000000
1836 -1435.0000000000
1837 -1434.0000000000
1838 -1433.0000000000
1840 -1432.0000000000
1842 -1431.0000000000
1844 -1429.0000000000
1850 -1428.0000000000
1852 -1427.0000000000
1864 -1426.0000000000
1865 -1425.0000000000
1872 -1424.0000000000
1877 -1423.0000000000
1878 -1421.0000000000
1885 -1420.0000000000
1888 -1419.0000000000
1890 -1418.0000000000
1894 -1416.0000000000
1896 -1415.0000000000
1910 -1414.0000000000
1911 -1413.0000000000
1912 -1412.0000000000
1914 -1411.0000000000
1923 -1410.0000000000
1925 -1409.0000000000
1933 -1406.0000000000
1937 -1405.0000000000
1948 -1404.0000000000
1963 -1403.0000000000
1964 -1402.0000000000
1965 -1400.0000000000
1966 -1399.0000000000
1969 -1398.0000000000
1975 -1397.0000000000
1976 -1396.0000000000
1981 -1395.0000000000
1986 -1394.0000000000
1995 -1393.0000000000
1999 -1392.0000000000
2001 -1391.0000000000
2002 -1390.0000000000
2003 -1389.0000000000
2010 -1388.0000000000
2012 -1387.0000000000
2017 -1386.0000000000
2018 -1385.0000000000
2019 -1384.0000000000
2030 -1383.0000000000
2039 -1382.0000000000
2060 -1381.0000000000
2068 -1380.0000000000
2069 -1379.0000000000
2082 -1378.0000000000
2085 -1377.0000000000
2089 -1376.0000000000
2090 -1375.0000000000
2108 -1374.0000000000
2111 -1373.0000000000
2121 -1372.0000000000
2123 -1371.0000000000
2133 -1370.0000000000
2139 -1369.0000000000
2159 -1367.0000000000
2164 -1366.0000000000
2170 -1365.0000000000
2172 -1364.0000000000
2173 -1363.0000000000
2181 -1360.0000000000
2188 -1359.0000000000
2204 -1357.0000000000
2205 -1356.0000000000
2206 -1355.0000000000
2221 -1353.0000000000
2222 -1352.0000000000
2224 -1349.0000000000
2226 -1348.0000000000
2236 -1347.0000000000
2253 -1345.0000000000
2257 -1344.0000000000
2265 -1343.0000000000
2266 -1342.0000000000
2269 -1341.0000000000
2275 -1340.0000000000
2279 -1339.0000000000
2280 -1338.0000000000
2289 -1337.0000000000
2296 -1334.0000000000
2297 -1333.0000000000
2301 -1332.0000000000
2313 -1331.0000000000
2317 -1330.0000000000
2342 -1329.0000000000
2343 -1328.0000000000
2345 -1327.0000000000
2360 -1325.0000000000
2363 -1324.0000000000
2369 -1321.0000000000
2387 -1320.0000000000
2393 -1319.0000000000
2394 -1318.0000000000
2397 -1317.0000000000
2406 -1315.0000000000
2410 -1314.0000000000
2418 -1313.0000000000
2424 -1312.0000000000
2425 -1311.0000000000
2445 -1310.0000000000
2450 -1309.0000000000
2455 -1308.0000000000
2457 -1307.0000000000
2463 -1306.0000000000
2466 -1304.0000000000
2468 -1303.0000000000
2469 -1300.0000000000
2478 -1299.0000000000
2479 -1298.0000000000
2489 -1297.0000000000
2491 -1295.0000000000
2496 -1294.0000000000
2497 -1293.0000000000
2504 -1291.0000000000
2509 -1290.0000000000
2511 -1288.0000000000
2514 -1287.0000000000
2537 -1286.0000000000
2549 -1285.0000000000
2554 -1284.0000000000
2558 -1282.0000000000
2569 -1281.0000000000
2575 -1280.0000000000
2580 -1279.0000000000
2585 -1278.0000000000
2588 -1277.0000000000
2592 -1275.0000000000
2594 -1274.0000000000
2597 -1273.0000000000
2598 -1272.0000000000
2602 -1271.0000000000
2603 -1270.0000000000
2606 -1269.0000000000
2611 -1267.0000000000
2619 -1266.0000000000
2622 -1265.0000000000
2627 -1264.0000000000
2634 -1263.0000000000
2652 -1262.0000000000
2653 -1261.0000000000
2662 -1260.0000000000
2663 -1259.0000000000
2667 -1258.0000000000
2671 -1254.0000000000
2676 -1253.0000000000
2677 -1252.0000000000
2696 -1251.0000000000
2704 -1250.0000000000
2707 -1249.0000000000
2708 -1248.0000000000
2709 -1245.0000000000
2711 -1244.0000000000
2719 -1243.0000000000
2721 -1242.0000000000
2732 -1239.0000000000
2733 -1238.0000000000
2736 -1237.0000000000
2739 -1236.0000000000
2751 -1234.0000000000
2755 -1233.0000000000
2764 -1232.0000000000
2768 -1231.0000000000
2776 -1230.0000000000
2780 -1229.0000000000
2794 -1227.0000000000
2796 -1226.0000000000
2807 -1224.0000000000
2811 -1222.0000000000
2814 -1221.0000000000
2817 -1220.0000000000
2824 -1219.0000000000
2832 -1218.0000000000
2837 -1216.0000000000
2841 -1215.0000000000
2844 -1214.0000000000
2846 -1213.0000000000
2851 -1212.0000000000
2854 -1211.0000000000
2865 -1210.0000000000
2872 -1209.0000000000
2877 -1208.0000000000
2878 -1207.0000000000
2892 -1206.0000000000
2895 -1205.0000000000
2896 -1204.0000000000
2897 -1203.0000000000
2899 -1202.0000000000
2901 -1201.0000000000
2908 -1200.0000000000
2910 -1199.0000000000
2913 -1198.0000000000
2916 -1197.0000000000
2919 -1196.0000000000
2932 -1195.0000000000
2936 -1194.0000000000
2951 -1192.0000000000
2956 -1191.0000000000
2959 -1190.0000000000
2965 -1189.0000000000
2978 -1188.0000000000
2987 -1187.0000000000
2988 -1186.0000000000
3007 -1185.0000000000
3010 -1184.0000000000
3036 -1183.0000000000
3043 -1182.0000000000
3046 -1180.0000000000
3053 -1179.0000000000
3056 -1178.0000000000
3064 -1177.0000000000
3066 -1175.0000000000
3074 -1174.0000000000
3076 -1173.0000000000
3077 -1172.0000000000
3081 -1170.0000000000
3092 -1168.0000000000
3099 -1166.0000000000
3107 -1165.0000000000
3108 -1164.0000000000
3117 -1163.0000000000
3119 -1162.0000000000
3120 -1161.0000000000
3127 -1160.0000000000
3146 -1159.0000000000
3153 -1158.0000000000
3156 -1157.0000000000
3168 -1154.0000000000
3171 -1153.0000000000
3173 -1152.0000000000
3177 -1151.0000000000
3179 -1150.0000000000
3204 -1149.0000000000
3209 -1148.0000000000
3212 -1147.0000000000
3219 -1146.0000000000
3221 -1145.0000000000
3232 -1144.0000000000
3236 -1143.0000000000
3251 -1142.0000000000
3256 -1141.0000000000
3258 -1140.0000000000
3261 -1139.0000000000
3266 -1138.0000000000
3271 -1137.0000000000
3279 -1136.0000000000
3282 -1133.0000000000
3299 -1132.0000000000
3302 -1131.0000000000
3304 -1130.0000000000
3318 -1128.0000000000
3331 -1127.0000000000
3342 -1126.0000000000
3358 -1125.0000000000
3375 -1124.0000000000
3381 -1123.0000000000
3382 -1121.0000000000
3384 -1120.0000000000
3385 -1119.0000000000
3390 -1117.0000000000
3391 -1116.0000000000
3400 -1115.0000000000
3415 -1114.0000000000
3436 -1113.0000000000
3442 -1112.0000000000
3449 -1110.0000000000
3457 -1109.0000000000
3463 -1108.0000000000
3469 -1107.0000000000
3491 -1106.0000000000
3493 -1105.0000000000
3495 -1104.0000000000
3505 -1103.0000000000
3506 -1102.0000000000
3536 -1101.0000000000
3551 -1099.0000000000
3559 -1098.0000000000
3565 -1097.0000000000
3576 -1096.0000000000
3581 -1095.0000000000
3582 -1094.0000000000
3584 -1093.0000000000
3585 -1092.0000000000
3593 -1091.0000000000
3596 -1090.0000000000
3617 -1088.0000000000
3625 -1087.0000000000
3627 -1086.0000000000
3628 -1085.0000000000
3629 -1084.0000000000
3639 -1083.0000000000
3640 -1082.0000000000
3643 -1081.0000000000
3647 -1080.0000000000
3656 -1078.0000000000
3660 -1077.0000000000
3661 -1076.0000000000
3662 -1075.0000000000
3671 -1074.0000000000
3676 -1073.0000000000
3694 -1072.0000000000
3709 -1071.0000000000
3710 -1070.0000000000
3716 -1069.0000000000
3723 -1068.0000000000
3735 -1067.0000000000
3738 -1066.0000000000
3741 -1065.0000000000
3742 -1064.0000000000
3743 -1063.0000000000
3747 -1061.0000000000
3748 -1060.0000000000
3752 -1059.0000000000
3760 -1058.0000000000
3765 -1057.0000000000
3767 -1055.0000000000
3772 -1054.0000000000
3773 -1053.0000000000
3786 -1052.0000000000
3790 -1051.0000000000
3791 -1050.0000000000
3804 -1049.0000000000
3828 -1048.0000000000
3845 -1044.0000000000
3849 -1043.0000000000
3861 -1042.0000000000
3869 -1041.0000000000
3874 -1040.0000000000
3875 -1039.0000000000
3894 -1038.0000000000
3899 -1037.0000000000
3900 -1036.0000000000
3903 -1035.0000000000
3905 -1034.0000000000
3911 -1033.0000000000
3919 -1032.0000000000
3920 -1030.0000000000
3932 -1029.0000000000
3945 -1028.0000000000
3953 -1027.0000000000
3967 -1026.0000000000
3970 -1025.0000000000
3975 -1024.0000000000
3977 -1022.0000000000
4006 -1021.0000000000
4009 -1019.0000000000
4011 -1017.0000000000
4017 -1016.0000000000
4024 -1015.0000000000
4025 -1014.0000000000
4041 -1013.0000000000
4051 -1012.0000000000
4059 -1011.0000000000
4065 -1010.0000000000
4081 -1009.0000000000
4084 -1008.0000000000
4086 -1007.0000000000
4088 -1006.0000000000
4096 -1005.0000000000
4100 -1004.0000000000
4105 -1003.0000000000
4109 -1002.0000000000
4116 -1000.0000000000
4119 -999.0000000000
4121 -998.0000000000
4161 -997.0000000000
4173 -996.0000000000
4180 -994.0000000000
4184 -993.0000000000
4187 -990.0000000000
4199 -989.0000000000
4203 -988.0000000000
4222 -987.0000000000
4223 -985.0000000000
4232 -984.0000000000
4242 -983.0000000000
4243 -982.0000000000
4251 -980.0000000000
4253 -979.0000000000
4266 -978.0000000000
4303 -977.0000000000
4308 -976.0000000000
4309 -975.0000000000
4314 -974.0000000000
4318 -973.0000000000
4326 -972.0000000000
4328 -971.0000000000
4333 -970.0000000000
4334 -968.0000000000
4338 -966.0000000000
4354 -965.0000000000
4362 -964.0000000000
4365 -961.0000000000
4372 -960.0000000000
4375 -959.0000000000
4379 -958.0000000000
4404 -956.0000000000
4407 -955.0000000000
4452 -954.0000000000
4472 -953.0000000000
4477 -952.0000000000
4484 -951.0000000000
4506 -950.0000000000
4516 -949.0000000000
4530 -948.0000000000
4532 -947.0000000000
4537 -946.0000000000
4561 -945.0000000000
4562 -944.0000000000
4571 -943.0000000000
4577 -942.0000000000
4587 -941.0000000000
4593 -940.0000000000
4616 -939.0000000000
4648 -938.0000000000
4653 -937.0000000000
4661 -935.0000000000
4662 -934.0000000000
4694 -933.0000000000
4701 -932.0000000000
4702 -930.0000000000
4714 -929.0000000000
4718 -927.0000000000
4728 -926.0000000000
4731 -924.0000000000
4746 -923.0000000000
4751 -922.0000000000
4759 -921.0000000000
4773 -920.0000000000
4781 -919.0000000000
4794 -917.0000000000
4801 -916.0000000000
4802 -915.0000000000
4803 -914.0000000000
4804 -913.0000000000
4805 -912.0000000000
4811 -911.0000000000
4816 -908.0000000000
4820 -907.0000000000
4835 -906.0000000000
4854 -905.0000000000
4877 -904.0000000000
4888 -903.0000000000
4893 -902.0000000000
4894 -901.0000000000
4911 -900.0000000000
4927 -899.0000000000
4934 -897.0000000000
4936 -896.0000000000
4941 -895.0000000000
4949 -893.0000000000
4963 -892.0000000000
4967 -891.0000000000
4995 -890.0000000000
5018 -889.0000000000
5031 -888.0000000000
5034 -887.0000000000
5035 -886.0000000000
5039 -885.0000000000
5050 -884.0000000000
5057 -883.0000000000
5084 -882.0000000000
5102 -881.0000000000
5107 -880.0000000000
5108 -879.0000000000
5115 -878.0000000000
5116 -876.0000000000
5117 -875.0000000000
5126 -873.0000000000
5148 -872.0000000000
5149 -871.0000000000
5162 -869.0000000000
5170 -868.0000000000
5198 -867.0000000000
5202 -866.0000000000
5205 -865.0000000000
5216 -864.0000000000
5221 -863.0000000000
5232 -862.0000000000
5236 -861.0000000000
5253 -860.0000000000
5283 -859.0000000000
5284 -858.0000000000
5304 -857.0000000000
5311 -856.0000000000
5314 -855.0000000000
5315 -854.0000000000
5326 -853.0000000000
5344 -852.0000000000
5373 -850.0000000000
5374 -849.0000000000
5384 -848.0000000000
5391 -846.0000000000
5398 -845.0000000000
5400 -844.0000000000
5401 -842.0000000000
5404 -841.0000000000
5410 -840.0000000000
5411 -839.0000000000
5415 -838.0000000000
5422 -837.0000000000
5426 -836.0000000000
5429 -835.0000000000
5438 -834.0000000000
5440 -832.0000000000
5482 -831.0000000000
5500 -830.0000000000
5510 -829.0000000000
5512 -828.0000000000
5525 -827.0000000000
5535 -826.0000000000
5537 -824.0000000000
5539 -823.0000000000
5549 -822.0000000000
5563 -821.0000000000
5582 -820.0000000000
5585 -819.0000000000
5586 -818.0000000000
5592 -817.0000000000
5621 -816.0000000000
5632 -815.0000000000
5638 -814.0000000000
5661 -813.0000000000
5663 -812.0000000000
5669 -811.0000000000
5672 -810.0000000000
5678 -809.0000000000
5681 -808.0000000000
5683 -807.0000000000
5685 -806.0000000000
5690 -805.0000000000
5694 -804.0000000000
5699 -803.0000000000
5718 -802.0000000000
5735 -801.0000000000
5736 -800.0000000000
5742 -799.0000000000
5751 -797.0000000000
5769 -796.0000000000
5770 -795.0000000000
5787 -794.0000000000
5789 -793.0000000000
5792 -792.0000000000
5798 -791.0000000000
5801 -790.0000000000
5815 -789.0000000000
5816 -788.0000000000
5830 -787.0000000000
5846 -786.0000000000
5850 -785.0000000000
5864 -784.0000000000
5883 -783.0000000000
5888 -782.0000000000
5893 -780.0000000000
5918 -778.0000000000
5920 -777.0000000000
5925 -776.0000000000
5940 -774.0000000000
5944 -773.0000000000
5950 -772.0000000000
5962 -769.0000000000
5968 -767.0000000000
5979 -766.0000000000
5984 -765.0000000000
5987 -764.0000000000
5997 -763.0000000000
6004 -762.0000000000
6018 -761.0000000000
6026 -760.0000000000
6030 -759.0000000000
6045 -758.0000000000
6046 -757.0000000000
6054 -756.0000000000
6096 -755.0000000000
6104 -754.0000000000
6121 -752.0000000000
6126 -751.0000000000
6131 -750.0000000000
6142 -749.0000000000
6144 -747.0000000000
6156 -745.0000000000
6195 -744.0000000000
6202 -743.0000000000
6203 -742.0000000000
6207 -741.0000000000
6212 -740.0000000000
6218 -739.0000000000
6228 -737.0000000000
6237 -736.0000000000
6240 -735.0000000000
6241 -734.0000000000
6246 -733.0000000000
6261 -732.0000000000
6271 -730.0000000000
6274 -729.0000000000
6277 -728.0000000000
6288 -727.0000000000
6307 -726.0000000000
6310 -724.0000000000
6315 -723.0000000000
6318 -722.0000000000
6333 -720.0000000000
6356 -719.0000000000
6376 -718.0000000000
6380 -717.0000000000
6398 -716.0000000000
6406 -715.0000000000
6409 -714.0000000000
6411 -713.0000000000
6414 -712.0000000000
6423 -711.0000000000
6429 -710.0000000000
6441 -709.0000000000
6446 -708.0000000000
6478 -707.0000000000
6488 -706.0000000000
6494 -705.0000000000
6504 -704.0000000000
6526 -703.0000000000
6530 -702.0000000000
6531 -701.0000000000
6566 -700.0000000000
6568 -699.0000000000
6580 -697.0000000000
6650 -696.0000000000
6666 -695.0000000000
6671 -693.0000000000
6676 -692.0000000000
6681 -691.0000000000
6707 -690.0000000000
6713 -689.0000000000
6725 -688.0000000000
6728 -687.0000000000
6731 -686.0000000000
6737 -685.0000000000
6741 -683.0000000000
6745 -682.0000000000
6753 -681.0000000000
6757 -680.0000000000
6796 -678.0000000000
6827 -677.0000000000
6854 -676.0000000000
6855 -675.0000000000
6867 -674.0000000000
6870 -673.0000000000
6911 -672.0000000000
6922 -671.0000000000
6931 -670.0000000000
6934 -669.0000000000
6982 -668.0000000000
6983 -667.0000000000
7019 -666.0000000000
7020 -665.0000000000
7024 -664.0000000000
7027 -663.0000000000
7031 -661.0000000000
7034 -660.0000000000
7042 -659.0000000000
7065 -658.0000000000
7071 -657.0000000000
7079 -655.0000000000
7084 -654.0000000000
7110 -652.0000000000
7111 -651.0000000000
7118 -650.0000000000
7119 -649.0000000000
7140 -648.0000000000
7163 -646.0000000000
7169 -645.0000000000
7184 -644.0000000000
7194 -643.0000000000
7199 -642.0000000000
7201 -641.0000000000
7204 -640.0000000000
7209 -639.0000000000
7224 -637.0000000000
7249 -636.0000000000
7250 -635.0000000000
7255 -634.0000000000
7269 -632.0000000000
7274 -631.0000000000
7289 -630.0000000000
7306 -629.0000000000
7318 -628.0000000000
7324 -627.0000000000
7325 -626.0000000000
7332 -625.0000000000
7336 -624.0000000000
7341 -623.0000000000
7347 -622.0000000000
7358 -621.0000000000
7381 -620.0000000000
7413 -619.0000000000
7415 -618.0000000000
7441 -617.0000000000
7467 -616.0000000000
7474 -615.0000000000
7487 -614.0000000000
7516 -613.0000000000
7534 -612.0000000000
7545 -611.0000000000
7549 -610.0000000000
7551 -608.0000000000
7576 -607.0000000000
7612 -606.0000000000
7627 -605.0000000000
7633 -604.0000000000
7659 -603.0000000000
7663 -602.0000000000
7667 -601.0000000000
7682 -600.0000000000
7696 -599.0000000000
7700 -598.0000000000
7735 -597.0000000000
7751 -596.0000000000
7764 -594.0000000000
7780 -592.0000000000
7802 -591.0000000000
7811 -590.0000000000
7855 -589.0000000000
7874 -588.0000000000
7877 -586.0000000000
7884 -585.0000000000
7887 -584.0000000000
7889 -582.0000000000
7893 -581.0000000000
7907 -580.0000000000
7911 -579.0000000000
7912 -578.0000000000
7916 -577.0000000000
7940 -576.0000000000
7985 -575.0000000000
7986 -574.0000000000
7989 -573.0000000000
8034 -572.0000000000
8037 -571.0000000000
8048 -570.0000000000
8059 -568.0000000000
8116 -566.0000000000
8167 -565.0000000000
8184 -563.0000000000
8187 -561.0000000000
8196 -559.0000000000
8217 -558.0000000000
8235 -557.0000000000
8237 -556.0000000000
8241 -555.0000000000
8245 -554.0000000000
8251 -553.0000000000
8297 -551.0000000000
8301 -550.0000000000
8312 -549.0000000000
8364 -548.0000000000
8369 -547.0000000000
8398 -546.0000000000
8411 -545.0000000000
8429 -544.0000000000
8441 -543.0000000000
8470 -541.0000000000
8478 -540.0000000000
8484 -539.0000000000
8493 -538.0000000000
8505 -537.0000000000
8508 -536.0000000000
8512 -535.0000000000
8527 -534.0000000000
8535 -532.0000000000
8560 -530.0000000000
8570 -529.0000000000
8571 -528.0000000000
8598 -527.0000000000
8611 -526.0000000000
8615 -525.0000000000
8621 -524.0000000000
8630 -523.0000000000
8709 -522.0000000000
8713 -521.0000000000
8749 -520.0000000000
8779 -519.0000000000
8784 -518.0000000000
8785 -517.0000000000
8798 -516.0000000000
8837 -515.0000000000
8848 -514.0000000000
8889 -513.0000000000
8900 -512.0000000000
8942 -511.0000000000
8952 -510.0000000000
8954 -509.0000000000
8972 -507.0000000000
9014 -506.0000000000
9040 -505.0000000000
9043 -503.0000000000
9048 -502.0000000000
9054 -501.0000000000
9058 -500.0000000000
9063 -499.0000000000
9066 -498.0000000000
9073 -497.0000000000
9076 -496.0000000000
9082 -495.0000000000
9097 -494.0000000000
9109 -493.0000000000
9113 -492.0000000000
9129 -491.0000000000
9154 -490.0000000000
9174 -489.0000000000
9200 -488.0000000000
9253 -487.0000000000
9259 -486.0000000000
9261 -485.0000000000
9304 -484.0000000000
9328 -483.0000000000
9357 -482.0000000000
9360 -481.0000000000
9364 -480.0000000000
9377 -479.0000000000
9385 -478.0000000000
9403 -477.0000000000
9420 -476.0000000000
9432 -475.0000000000
9439 -474.0000000000
9447 -473.0000000000
9486 -472.0000000000
9493 -471.0000000000
9506 -470.0000000000
9507 -469.0000000000
9512 -468.0000000000
9559 -466.0000000000
9565 -465.0000000000
9582 -464.0000000000
9596 -463.0000000000
9621 -462.0000000000
9625 -461.0000000000
9631 -460.0000000000
9636 -459.0000000000
9657 -458.0000000000
9665 -457.0000000000
9666 -456.0000000000
9686 -455.0000000000
9693 -454.0000000000
9701 -453.0000000000
9759 -452.0000000000
9762 -451.0000000000
9776 -450.0000000000
9779 -449.0000000000
9794 -448.0000000000
9807 -447.0000000000
9817 -446.0000000000
9823 -445.0000000000
9826 -444.0000000000
9828 -443.0000000000
9838 -442.0000000000
9864 -441.0000000000
9874 -440.0000000000
9876 -439.0000000000
9893 -438.0000000000
9926 -437.0000000000
9934 -436.0000000000
9993 -435.0000000000
10000 -435.0000000000
evaluations raw_y
1 -1848.0000000000
6 -1846.0000000000
8 -1845.0000000000
16 -1844.0000000000
17 -1843.0000000000
18 -1842.0000000000
27 -1841.0000000000
32 -1840.0000000000
37 -1839.0000000000
38 -1838.0000000000
40 -1837.0000000000
44 -1836.0000000000
47 -1835.0000000000
56 -1834.0000000000
60 -1833.0000000000
61 -1831.0000000000
63 -1830.0000000000
67 -1829.0000000000
69 -1828.0000000000
72 -1826.0000000000
88 -1825.0000000000
94 -1823.0000000000
99 -1822.0000000000
100 -1821.0000000000
101 -1818.0000000000
103 -1817.0000000000
104 -1815.0000000000
105 -1814.0000000000
107 -1813.0000000000
118 -1811.0000000000
121 -1810.0000000000
127 -1809.0000000000
128 -1806.0000000000
138 -1805.0000000000
141 -1804.0000000000
143 -1803.0000000000
156 -1802.0000000000
162 -1801.0000000000
167 -1800.0000000000
169 -1799.0000000000
170 -1798.0000000000
171 -1796.0000000000
175 -1794.0000000000
178 -1793.0000000000
179 -1792.0000000000
181 -1791.0000000000
185 -1790.0000000000
187 -1788.0000000000
194 -1786.0000000000
210 -1785.0000000000
216 -1784.0000000000
227 -1782.0000000000
231 -1780.0000000000
234 -1779.0000000000
241 -1778.0000000000
246 -1776.0000000000
254 -1775.0000000000
255 -1773.0000000000
257 -1771.0000000000
260 -1769.0000000000
262 -1768.0000000000
263 -1767.0000000000
270 -1766.0000000000
276 -1764.0000000000
277 -1763.0000000000
278 -1762.0000000000
282 -1761.0000000000
283 -1759.0000000000
285 -1758.0000000000
287 -1757.0000000000
288 -1756.0000000000
289 -1755.0000000000
290 -1754.0000000000
297 -1753.0000000000
298 -1752.0000000000
299 -1750.0000000000
310 -1749.0000000000
314 -1748.0000000000
322 -1747.0000000000
325 -1746.0000000000
327 -1745.0000000000
329 -1744.0000000000
334 -1743.0000000000
335 -1742.0000000000
338 -1741.0000000000
339 -1740.0000000000
342 -1739.0000000000
344 -1738.0000000000
349 -1737.0000000000
350 -1736.0000000000
351 -1735.0000000000
358 -1734.0000000000
363 -1733.0000000000
364 -1732.0000000000
369 -1731.0000000000
372 -1729.0000000000
375 -1727.0000000000
398 -1726.0000000000
404 -1725.0000000000
405 -1724.0000000000
406 -1723.0000000000
408 -1721.0000000000
409 -1720.0000000000
412 -1719.0000000000
413 -1718.0000000000
421 -1717.0000000000
422 -1715.0000000000
429 -1714.0000000000
435 -1713.0000000000
447 -1711.0000000000
448 -1710.0000000000
453 -1709.0000000000
454 -1708.0000000000
459 -1707.0000000000
463 -1705.0000000000
477 -1704.0000000000
478 -1702.0000000000
487 -1700.0000000000
494 -1699.0000000000
496 -1698.0000000000
498 -1697.0000000000
502 -1696.0000000000
503 -1695.0000000000
504 -1694.0000000000
511 -1692.0000000000
512 -1691.0000000000
514 -1690.0000000000
519 -1689.0000000000
526 -1688.0000000000
528 -1687.0000000000
531 -1686.0000000000
534 -1685.0000000000
535 -1684.0000000000
536 -1683.0000000000
546 -1682.0000000000
562 -1681.0000000000
565 -1680.0000000000
566 -1679.0000000000
568 -1678.0000000000
572 -1677.0000000000
577 -1675.0000000000
582 -1674.0000000000
583 -1673.0000000000
590 -1672.0000000000
591 -1671.0000000000
595 -1670.0000000000
597 -1669.0000000000
600 -1668.0000000000
601 -1667.0000000000
606 -1666.0000000000
609 -1665.0000000000
615 -1664.0000000000
618 -1663.0000000000
620 -1661.0000000000
622 -1660.0000000000
626 -1659.0000000000
640 -1657.0000000000
653 -1655.0000000000
658 -1654.0000000000
660 -1653.0000000000
665 -1652.0000000000
672 -1651.0000000000
684 -1650.0000000000
688 -1648.0000000000
690 -1647.0000000000
696 -1646.0000000000
699 -1644.0000000000
705 -1643.0000000000
706 -1642.0000000000
707 -1641.0000000000
714 -1640.0000000000
719 -1639.0000000000
720 -1638.0000000000
734 -1637.0000000000
750 -1636.0000000000
752 -1635.0000000000
754 -1633.0000000000
758 -1632.0000000000
762 -1630.0000000000
775 -1628.0000000000
777 -1627.0000000000
778 -1626.0000000000
779 -1625.0000000000
782 -1624.0000000000
783 -1623.0000000000
784 -1622.0000000000
785 -1620.0000000000
787 -1618.0000000000
789 -1617.0000000000
801 -1616.0000000000
802 -1614.0000000000
804 -1613.0000000000
805 -1612.0000000000
806 -1610.0000000000
811 -1609.0000000000
812 -1608.0000000000
817 -1607.0000000000
819 -1606.0000000000
822 -1605.0000000000
825 -1604.0000000000
829 -1603.0000000000
842 -1601.0000000000
843 -1600.0000000000
852 -1599.0000000000
854 -1598.0000000000
858 -1597.0000000000
860 -1596.0000000000
861 -1595.0000000000
866 -1593.0000000000
870 -1592.0000000000
874 -1590.0000000000
875 -1589.0000000000
876 -1587.0000000000
879 -1586.0000000000
883 -1585.0000000000
887 -1584.0000000000
889 -1583.0000000000
894 -1582.0000000000
896 -1581.0000000000
899 -1580.0000000000
909 -1579.0000000000
913 -1578.0000000000
915 -1577.0000000000
918 -1576.0000000000
919 -1575.0000000000
925 -1574.0000000000
926 -1573.0000000000
929 -1572.0000000000
933 -1571.0000000000
940 -1569.0000000000
944 -1568.0000000000
948 -1567.0000000000
950 -1566.0000000000
951 -1565.0000000000
964 -1563.0000000000
970 -1560.0000000000
971 -1559.0000000000
973 -1558.0000000000
976 -1557.0000000000
985 -1556.0000000000
988 -1555.0000000000
995 -1554.0000000000
1002 -1553.0000000000
1009 -1552.0000000000
1012 -1550.0000000000
1016 -1548.0000000000
1017 -1547.0000000000
1018 -1546.0000000000
1052 -1545.0000000000
1054 -1544.0000000000
1056 -1543.0000000000
1064 -1542.0000000000
1067 -1541.0000000000
1070 -1540.0000000000
1071 -1539.0000000000
1081 -1538.0000000000
1082 -1537.0000000000
1091 -1536.0000000000
1092 -1535.0000000000
1095 -1534.0000000000
1098 -1532.0000000000
1099 -1531.0000000000
1100 -1530.0000000000
1105 -1529.0000000000
1108 -1528.0000000000
1115 -1527.0000000000
1116 -1525.0000000000
1117 -1524.0000000000
1127 -1522.0000000000
1130 -1520.0000000000
1131 -1519.0000000000
1135 -1518.0000000000
1138 -1517.0000000000
1139 -1516.0000000000
1143 -1515.0000000000
1145 -1514.0000000000
1153 -1513.0000000000
1168 -1512.0000000000
1172 -1511.0000000000
1173 -1510.0000000000
1177 -1508.0000000000
1197 -1507.0000000000
1200 -1506.0000000000
1209 -1504.0000000000
1215 -1503.0000000000
1216 -1502.0000000000
1217 -1501.0000000000
1220 -1500.0000000000
1225 -1499.0000000000
1228 -1498.0000000000
1229 -1497.0000000000
1232 -1496.0000000000
1233 -1495.0000000000
1243 -1494.0000000000
1246 -1493.0000000000
1247 -1492.0000000000
1250 -1491.0000000000
1257 -1490.0000000000
1258 -1489.0000000000
1260 -1488.0000000000
1265 -1487.0000000000
1266 -1485.0000000000
1273 -1484.0000000000
1278 -1483.0000000000
1282 -1482.0000000000
1283 -1480.0000000000
1286 -1479.0000000000
1290 -1478.0000000000
1291 -1477.0000000000
1307 -1476.0000000000
1315 -1475.0000000000
1317 -1474.0000000000
1318 -1473.0000000000
1323 -1472.0000000000
1326 -1471.0000000000
1327 -1469.0000000000
1375 -1468.0000000000
1378 -1467.0000000000
1379 -1466.0000000000
1381 -1464.0000000000
1382 -1462.0000000000
1386 -1461.0000000000
1389 -1460.0000000000
1390 -1459.0000000000
1392 -1458.0000000000
1413 -1457.0000000000
1419 -1456.0000000000
1421 -1454.0000000000
1424 -1453.0000000000
1430 -1452.0000000000
1432 -1451.0000000000
1434 -1450.0000000000
1439 -1449.0000000000
1440 -1447.0000000000
1459 -1446.0000000000
1461 -1445.0000000000
1466 -1444.0000000000
1473 -1443.0000000000
1474 -1442.0000000000
1482 -1441.0000000000
1483 -1440.0000000000
1484 -1439.0000000000
1486 -1438.0000000000
1494 -1437.0000000000
1495 -1434.0000000000
1497 -1433.0000000000
1504 -1432.0000000000
1506 -1430.0000000000
1511 -1429.0000000000
1512 -1428.0000000000
1513 -1427.0000000000
1524 -1426.0000000000
1529 -1425.0000000000
1534 -1424.0000000000
1560 -1423.0000000000
1567 -1422.0000000000
1569 -1421.0000000000
1581 -1420.0000000000
1582 -1418.0000000000
1584 -1416.0000000000
1588 -1415.0000000000
1590 -1414.0000000000
1593 -1412.0000000000
1596 -1411.0000000000
1600 -1410.0000000000
1601 -1409.0000000000
1602 -1408.0000000000
1603 -1407.0000000000
1605 -1406.0000000000
1608 -1404.0000000000
1613 -1403.0000000000
1622 -1402.0000000000
1624 -1401.0000000000
1631 -1400.0000000000
1633 -1398.0000000000
1650 -1397.0000000000
1663 -1395.0000000000
1665 -1394.0000000000
1674 -1393.0000000000
1676 -1392.0000000000
1680 -1390.0000000000
1687 -1389.0000000000
1691 -1387.0000000000
1700 -1386.0000000000
1716 -1385.0000000000
1729 -1383.0000000000
1736 -1382.0000000000
1741 -1381.0000000000
1761 -1380.0000000000
1775 -1379.0000000000
1776 -1378.0000000000
1779 -1377.0000000000
1796 -1376.0000000000
1803 -1374.0000000000
1804 -1373.0000000000
1811 -1372.0000000000
1817 -1371.0000000000
1827 -1370.0000000000
1829 -1368.0000000000
1834 -1367.0000000000
1837 -1365.0000000000
1840 -1364.0000000000
1843 -1363.0000000000
1846 -1361.0000000000
1847 -1360.0000000000
1849 -1359.0000000000
1851 -1358.0000000000
1867 -1357.0000000000
1873 -1356.0000000000
1878 -1355.0000000000
1895 -1354.0000000000
1901 -1353.0000000000
1909 -1352.0000000000
1911 -1351.0000000000
1919 -1350.0000000000
1920 -1349.0000000000
1923 -1348.0000000000
1924 -1346.0000000000
1926 -1345.0000000000
1932 -1343.0000000000
1936 -1342.0000000000
1946 -1340.0000000000
1947 -1339.0000000000
1948 -1336.0000000000
1949 -1334.0000000000
1952 -1333.0000000000
1954 -1332.0000000000
1958 -1331.0000000000
1977 -1330.0000000000
1980 -1329.0000000000
1981 -1328.0000000000
1983 -1327.0000000000
1985 -1326.0000000000
1987 -1325.0000000000
1991 -1323.0000000000
2003 -1322.0000000000
2026 -1321.0000000000
2028 -1320.0000000000
2040 -1318.0000000000
2050 -1316.0000000000
2057 -1315.0000000000
2061 -1314.0000000000
2064 -1313.0000000000
2068 -1312.0000000000
2069 -1311.0000000000
2070 -1310.0000000000
2072 -1309.0000000000
2073 -1307.0000000000
2085 -1306.0000000000
2087 -1305.0000000000
2097 -1304.0000000000
2101 -1303.0000000000
2103 -1302.0000000000
2112 -1301.0000000000
2114 -1300.0000000000
2127 -1299.0000000000
2132 -1298.0000000000
2134 -1296.0000000000
2139 -1295.0000000000
2143 -1294.0000000000
2150 -1293.0000000000
2160 -1291.0000000000
2163 -1290.0000000000
2166 -1287.0000000000
2170 -1286.0000000000
2171 -1285.0000000000
2174 -1284.0000000000
2176 -1283.0000000000
2190 -1281.0000000000
2194 -1280.0000000000
2195 -1279.0000000000
2199 -1278.0000000000
2201 -1277.0000000000
2203 -1275.0000000000
2204 -1274.0000000000
2208 -1273.0000000000
2217 -1271.0000000000
2222 -1270.0000000000
2230 -1269.0000000000
2231 -1268.0000000000
2235 -1267.0000000000
2240 -1266.0000000000
2244 -1264.0000000000
2253 -1263.0000000000
2256 -1262.0000000000
2258 -1261.0000000000
2259 -1260.0000000000
2264 -1259.0000000000
2268 -1258.0000000000
2269 -1257.0000000000
2274 -1256.0000000000
2277 -1255.0000000000
2280 -1254.0000000000
2281 -1253.0000000000
2293 -1251.0000000000
2297 -1250.0000000000
2310 -1249.0000000000
2312 -1248.0000000000
2318 -1247.0000000000
2320 -1245.0000000000
2322 -1244.0000000000
2327 -1241.0000000000
2329 -1240.0000000000
2333 -1239.0000000000
2338 -1238.0000000000
2339 -1237.0000000000
2342 -1236.0000000000
2343 -1235.0000000000
2344 -1234.0000000000
2345 -1233.0000000000
2354 -1232.0000000000
2358 -1231.0000000000
2367 -1229.0000000000
2369 -1228.0000000000
2376 -1227.0000000000
2379 -1226.0000000000
2381 -1225.0000000000
2394 -1223.0000000000
2395 -1221.0000000000
2396 -1219.0000000000
2400 -1218.0000000000
2401 -1217.0000000000
2408 -1216.0000000000
2409 -1215.0000000000
2410 -1214.0000000000
2422 -1213.0000000000
2437 -1212.0000000000
2439 -1211.0000000000
2446 -1210.0000000000
2449 -1208.0000000000
2452 -1207.0000000000
2455 -1205.0000000000
2460 -1204.0000000000
2467 -1203.0000000000
2473 -1202.0000000000
2474 -1201.0000000000
2477 -1200.0000000000
2478 -1199.0000000000
2485 -1198.0000000000
2487 -1197.0000000000
2488 -1196.0000000000
2489 -1195.0000000000
2495 -1193.0000000000
2496 -1192.0000000000
2505 -1191.0000000000
2509 -1190.0000000000
2516 -1189.0000000000
2529 -1188.0000000000
2533 -1187.0000000000
2535 -1185.0000000000
2538 -1183.0000000000
2545 -1182.0000000000
2546 -1181.0000000000
2557 -1180.0000000000
2562 -1179.0000000000
2579 -1178.0000000000
2587 -1176.0000000000
2592 -1174.0000000000
2601 -1173.0000000000
2603 -1172.0000000000
2608 -1171.0000000000
2615 -1170.0000000000
2618 -1169.0000000000
2623 -1167.0000000000
2626 -1166.0000000000
2635 -1165.0000000000
2649 -1164.0000000000
2650 -1163.0000000000
2653 -1162.0000000000
2655 -1161.0000000000
2658 -1160.0000000000
2664 -1159.0000000000
2666 -1158.0000000000
2671 -1157.0000000000
2672 -1156.0000000000
2673 -1155.0000000000
2675 -1154.0000000000
2680 -1153.0000000000
2685 -1152.0000000000
2686 -1151.0000000000
2695 -1149.0000000000
2700 -1148.0000000000
2706 -1147.0000000000
2707 -1146.0000000000
2718 -1145.0000000000
2727 -1144.0000000000
2737 -1143.0000000000
2739 -1140.0000000000
2743 -1139.0000000000
2745 -1138.0000000000
2747 -1137.0000000000
2762 -1136.0000000000
2777 -1135.0000000000
2781 -1134.0000000000
2788 -1132.0000000000
2789 -1131.0000000000
2790 -1130.0000000000
2802 -1129.0000000000
2803 -1128.0000000000
2804 -1127.0000000000
2806 -1126.0000000000
2830 -1125.0000000000
2832 -1124.0000000000
2846 -1122.0000000000
2849 -1121.0000000000
2873 -1120.0000000000
2879 -1119.0000000000
2886 -1118.0000000000
2898 -1117.0000000000
2912 -1116.0000000000
2913 -1115.0000000000
2917 -1114.0000000000
2923 -1113.0000000000
2944 -1112.0000000000
2953 -1111.0000000000
2978 -1110.0000000000
2984 -1109.0000000000
2990 -1108.0000000000
2994 -1105.0000000000
3014 -1104.0000000000
3035 -1103.0000000000
3036 -1101.0000000000
3043 -1100.0000000000
3052 -1098.0000000000
3058 -1097.0000000000
3070 -1096.0000000000
3080 -1095.0000000000
3086 -1094.0000000000
3088 -1093.0000000000
3091 -1092.0000000000
3097 -1091.0000000000
3113 -1090.0000000000
3119 -1089.0000000000
3127 -1088.0000000000
3128 -1086.0000000000
3142 -1084.0000000000
3146 -1083.0000000000
3155 -1082.0000000000
3165 -1081.0000000000
3188 -1080.0000000000
3189 -1078.0000000000
3201 -1077.0000000000
3203 -1076.0000000000
3204 -1075.0000000000
3207 -1074.0000000000
3211 -1073.0000000000
3212 -1072.0000000000
3215 -1071.0000000000
3218 -1070.0000000000
3220 -1069.0000000000
3226 -1068.0000000000
3238 -1067.0000000000
3241 -1065.0000000000
3248 -1063.0000000000
3251 -1062.0000000000
3256 -1061.0000000000
3260 -1060.0000000000
3276 -1059.0000000000
3277 -1058.0000000000
3279 -1057.0000000000
3282 -1056.0000000000
3283 -1055.0000000000
3284 -1054.0000000000
3293 -1053.0000000000
3298 -1052.0000000000
3299 -1050.0000000000
3300 -1049.0000000000
3304 -1048.0000000000
3306 -1047.0000000000
3307 -1046.0000000000
3309 -1044.0000000000
3317 -1043.0000000000
3320 -1042.0000000000
3323 -1041.0000000000
3332 -1040.0000000000
3347 -1039.0000000000
3348 -1038.0000000000
3351 -1037.0000000000
3353 -1036.0000000000
3370 -1035.0000000000
3378 -1034.0000000000
3393 -1033.0000000000
3414 -1032.0000000000
3419 -1031.0000000000
3426 -1030.0000000000
3443 -1029.0000000000
3444 -1028.0000000000
3454 -1027.0000000000
3455 -1025.0000000000
3491 -1024.0000000000
3507 -1023.0000000000
3509 -1022.0000000000
3511 -1021.0000000000
3522 -1020.0000000000
3531 -1019.0000000000
3533 -1017.0000000000
3535 -1016.0000000000
3552 -1015.0000000000
3564 -1014.0000000000
3565 -1013.0000000000
3566 -1012.0000000000
3576 -1010.0000000000
3578 -1009.0000000000
3584 -1008.0000000000
3621 -1007.0000000000
3627 -1006.0000000000
3641 -1005.0000000000
3643 -1004.0000000000
3660 -1002.0000000000
3665 -1001.0000000000
3668 -1000.0000000000
3683 -998.0000000000
3699 -997.0000000000
3702 -996.0000000000
3711 -995.0000000000
3714 -993.0000000000
3722 -992.0000000000
3724 -991.0000000000
3725 -990.0000000000
3731 -989.0000000000
3735 -988.0000000000
3759 -987.0000000000
3771 -986.0000000000
3773 -985.0000000000
3778 -984.0000000000
3780 -983.0000000000
3786 -982.0000000000
3794 -981.0000000000
3798 -980.0000000000
3806 -979.0000000000
3807 -978.0000000000
3813 -977.0000000000
3816 -976.0000000000
3851 -975.0000000000
3852 -974.0000000000
3875 -973.0000000000
3883 -972.0000000000
3887 -971.0000000000
3891 -970.0000000000
3894 -969.0000000000
3896 -967.0000000000
3915 -966.0000000000
3919 -965.0000000000
3921 -964.0000000000
3923 -963.0000000000
3924 -962.0000000000
3932 -961.0000000000
3936 -960.0000000000
3937 -959.0000000000
3949 -958.0000000000
3955 -957.0000000000
3959 -956.0000000000
3960 -955.0000000000
3964 -954.0000000000
3968 -953.0000000000
3973 -952.0000000000
3983 -951.0000000000
3996 -950.0000000000
4000 -949.0000000000
4012 -947.0000000000
4023 -946.0000000000
4034 -943.0000000000
4064 -942.0000000000
4065 -941.0000000000
4073 -940.0000000000
4074 -939.0000000000
4076 -938.0000000000
4081 -937.0000000000
4093 -936.0000000000
4096 -935.0000000000
4098 -934.0000000000
4113 -933.0000000000
4121 -932.0000000000
4126 -931.0000000000
4136 -930.0000000000
4139 -929.0000000000
4140 -928.0000000000
4149 -927.0000000000
4157 -926.0000000000
4164 -925.0000000000
4167 -924.0000000000
4183 -923.0000000000
4184 -922.0000000000
4197 -921.0000000000
4199 -920.0000000000
4208 -919.0000000000
4214 -918.0000000000
4215 -917.0000000000
4217 -916.0000000000
4221 -915.0000000000
4233 -914.0000000000
4236 -913.0000000000
4241 -912.0000000000
4267 -911.0000000000
4271 -910.0000000000
4291 -909.0000000000
4294 -908.0000000000
4308 -907.0000000000
4320 -906.0000000000
4336 -905.0000000000
4340 -904.0000000000
4344 -903.0000000000
4355 -902.0000000000
4357 -901.0000000000
4369 -900.0000000000
4370 -899.0000000000
4377 -898.0000000000
4384 -897.0000000000
4385 -896.0000000000
4386 -895.0000000000
4399 -894.0000000000
4405 -893.0000000000
4408 -892.0000000000
4412 -890.0000000000
4414 -889.0000000000
4421 -888.0000000000
4424 -887.0000000000
4428 -886.0000000000
4442 -885.0000000000
4446 -884.0000000000
4447 -883.0000000000
4448 -882.0000000000
4452 -881.0000000000
4461 -879.0000000000
4466 -878.0000000000
4468 -877.0000000000
4474 -876.0000000000
4475 -875.0000000000
4480 -874.0000000000
4488 -873.0000000000
4490 -872.0000000000
4492 -870.0000000000
4496 -869.0000000000
4523 -868.0000000000
4525 -867.0000000000
4539 -866.0000000000
4540 -865.0000000000
4566 -864.0000000000
4568 -863.0000000000
4579 -862.0000000000
4607 -860.0000000000
4618 -859.0000000000
4638 -858.0000000000
4639 -857.0000000000
4663 -856.0000000000
4670 -855.0000000000
4679 -854.0000000000
4692 -852.0000000000
4693 -851.0000000000
4698 -850.0000000000
4700 -849.0000000000
4707 -848.0000000000
4709 -847.0000000000
4716 -846.0000000000
4719 -845.0000000000
4726 -844.0000000000
4734 -843.0000000000
4748 -842.0000000000
4775 -841.0000000000
4777 -840.0000000000
4784 -839.0000000000
4788 -838.0000000000
4801 -837.0000000000
4819 -836.0000000000
4821 -834.0000000000
4838 -833.0000000000
4842 -832.0000000000
4843 -831.0000000000
4844 -830.0000000000
4869 -829.0000000000
4873 -828.0000000000
4877 -827.0000000000
4892 -826.0000000000
4893 -825.0000000000
4906 -822.0000000000
4926 -821.0000000000
4942 -820.0000000000
4949 -819.0000000000
4961 -817.0000000000
4992 -816.0000000000
4996 -815.0000000000
5001 -814.0000000000
5006 -813.0000000000
5007 -812.0000000000
5015 -811.0000000000
5030 -810.0000000000
5035 -808.0000000000
5044 -807.0000000000
5054 -806.0000000000
5060 -804.0000000000
5069 -803.0000000000
5075 -802.0000000000
5080 -801.0000000000
5107 -800.0000000000
5118 -799.0000000000
5119 -798.0000000000
5124 -797.0000000000
5136 -796.0000000000
5138 -794.0000000000
5146 -793.0000000000
5162 -791.0000000000
5176 -790.0000000000
5178 -788.0000000000
5180 -786.0000000000
5182 -785.0000000000
5183 -784.0000000000
5185 -782.0000000000
5192 -781.0000000000
5209 -780.0000000000
5225 -779.0000000000
5227 -778.0000000000
5240 -777.0000000000
5243 -776.0000000000
5246 -775.0000000000
5250 -774.0000000000
5253 -773.0000000000
5255 -772.0000000000
5270 -771.0000000000
5288 -770.0000000000
5293 -769.0000000000
5297 -768.0000000000
5314 -767.0000000000
5316 -766.0000000000
5324 -765.0000000000
5335 -764.0000000000
5351 -763.0000000000
5362 -762.0000000000
5367 -761.0000000000
5373 -759.0000000000
5376 -758.0000000000
5384 -757.0000000000
5385 -756.0000000000
5388 -755.0000000000
5409 -754.0000000000
5410 -752.0000000000
5421 -751.0000000000
5428 -749.0000000000
5429 -748.0000000000
5444 -747.0000000000
5445 -746.0000000000
5452 -745.0000000000
5459 -744.0000000000
5460 -743.0000000000
5464 -742.0000000000
5505 -741.0000000000
5507 -740.0000000000
5529 -739.0000000000
5544 -738.0000000000
5558 -737.0000000000
5592 -736.0000000000
5612 -735.0000000000
5619 -734.0000000000
5642 -733.0000000000
5647 -732.0000000000
5648 -730.0000000000
5655 -729.0000000000
5670 -728.0000000000
5672 -727.0000000000
5673 -726.0000000000
5676 -725.0000000000
5683 -724.0000000000
5703 -723.0000000000
5735 -722.0000000000
5755 -721.0000000000
5764 -720.0000000000
5768 -719.0000000000
5770 -718.0000000000
5786 -717.0000000000
5790 -716.0000000000
5793 -715.0000000000
5811 -714.0000000000
5821 -712.0000000000
5827 -711.0000000000
5850 -709.0000000000
5857 -708.0000000000
5862 -707.0000000000
5875 -706.0000000000
5898 -705.0000000000
5905 -704.0000000000
5916 -703.0000000000
5929 -702.0000000000
5938 -701.0000000000
5945 -700.0000000000
5957 -698.0000000000
5961 -697.0000000000
5964 -696.0000000000
5975 -695.0000000000
5978 -694.0000000000
5980 -693.0000000000
5991 -692.0000000000
5995 -691.0000000000
6005 -690.0000000000
6070 -689.0000000000
6076 -688.0000000000
6080 -687.0000000000
6102 -686.0000000000
6107 -685.0000000000
6122 -684.0000000000
6129 -683.0000000000
6138 -682.0000000000
6143 -681.0000000000
6158 -680.0000000000
6168 -679.0000000000
6171 -678.0000000000
6179 -677.0000000000
6186 -676.0000000000
6190 -675.0000000000
6204 -674.0000000000
6205 -673.0000000000
6213 -672.0000000000
6238 -671.0000000000
6254 -670.0000000000
6269 -669.0000000000
6296 -667.0000000000
6308 -666.0000000000
6310 -665.0000000000
6316 -664.0000000000
6329 -663.0000000000
6331 -662.0000000000
6342 -661.0000000000
6359 -659.0000000000
6364 -658.0000000000
6371 -657.0000000000
6396 -656.0000000000
6403 -655.0000000000
6405 -654.0000000000
6412 -653.0000000000
6416 -652.0000000000
6421 -651.0000000000
6423 -650.0000000000
6431 -648.0000000000
6435 -647.0000000000
6437 -645.0000000000
6440 -644.0000000000
6476 -643.0000000000
6477 -642.0000000000
6481 -641.0000000000
6482 -640.0000000000
6506 -639.0000000000
6510 -638.0000000000
6548 -637.0000000000
6555 -636.0000000000
6561 -635.0000000000
6591 -634.0000000000
6607 -633.0000000000
6610 -632.0000000000
6623 -631.0000000000
6630 -630.0000000000
6641 -628.0000000000
6647 -627.0000000000
6656 -626.0000000000
6659 -625.0000000000
6684 -624.0000000000
6686 -621.0000000000
6695 -620.0000000000
6698 -618.0000000000
6717 -617.0000000000
6733 -616.0000000000
6734 -615.0000000000
6776 -614.0000000000
6781 -613.0000000000
6790 -612.0000000000
6814 -611.0000000000
6830 -610.0000000000
6859 -609.0000000000
6866 -608.0000000000
6876 -607.0000000000
6881 -606.0000000000
6905 -604.0000000000
6938 -602.0000000000
6974 -601.0000000000
6975 -600.0000000000
6995 -598.0000000000
6997 -597.0000000000
7006 -596.0000000000
7035 -595.0000000000
7042 -594.0000000000
7063 -593.0000000000
7064 -592.0000000000
7076 -591.0000000000
7077 -590.0000000000
7086 -589.0000000000
7090 -588.0000000000
7119 -586.0000000000
7128 -585.0000000000
7146 -584.0000000000
7155 -583.0000000000
7172 -582.0000000000
7203 -581.0000000000
7223 -580.0000000000
7231 -579.0000000000
7243 -578.0000000000
7247 -577.0000000000
7254 -576.0000000000
7272 -575.0000000000
7298 -574.0000000000
7325 -573.0000000000
7340 -572.0000000000
7351 -571.0000000000
7368 -570.0000000000
7369 -569.0000000000
7389 -568.0000000000
7438 -567.0000000000
7454 -566.0000000000
7457 -565.0000000000
7472 -564.0000000000
7544 -563.0000000000
7574 -562.0000000000
7597 -561.0000000000
7632 -560.0000000000
7650 -558.0000000000
7658 -557.0000000000
7660 -556.0000000000
7717 -555.0000000000
7748 -554.0000000000
7764 -553.0000000000
7774 -552.0000000000
7780 -551.0000000000
7781 -550.0000000000
7782 -549.0000000000
7784 -547.0000000000
7801 -546.0000000000
7807 -545.0000000000
7809 -544.0000000000
7813 -543.0000000000
7823 -542.0000000000
7842 -541.0000000000
7853 -540.0000000000
7859 -539.0000000000
7878 -538.0000000000
7879 -537.0000000000
7900 -536.0000000000
7921 -535.0000000000
7923 -534.0000000000
7988 -533.0000000000
8008 -530.0000000000
8044 -529.0000000000
8090 -528.0000000000
8092 -526.0000000000
8095 -525.0000000000
8103 -524.0000000000
8106 -523.0000000000
8120 -522.0000000000
8133 -521.0000000000
8140 -520.0000000000
8142 -519.0000000000
8162 -518.0000000000
8176 -517.0000000000
8216 -516.0000000000
8219 -515.0000000000
8226 -514.0000000000
8228 -513.0000000000
8265 -512.0000000000
8276 -511.0000000000
8291 -510.0000000000
8301 -509.0000000000
8306 -508.0000000000
8313 -507.0000000000
8327 -506.0000000000
8380 -505.0000000000
8386 -504.0000000000
8401 -503.0000000000
8402 -502.0000000000
8416 -501.0000000000
8435 -500.0000000000
8440 -499.0000000000
8441 -498.0000000000
8449 -497.0000000000
8458 -496.0000000000
8476 -495.0000000000
8488 -494.0000000000
8497 -493.0000000000
8506 -492.0000000000
8566 -491.0000000000
8569 -490.0000000000
8595 -489.0000000000
8600 -487.0000000000
8636 -486.0000000000
8657 -485.0000000000
8679 -483.0000000000
8688 -482.0000000000
8707 -481.0000000000
8722 -480.0000000000
8734 -478.0000000000
8766 -477.0000000000
8802 -476.0000000000
8803 -475.0000000000
8819 -474.0000000000
8838 -473.0000000000
8871 -472.0000000000
8885 -471.0000000000
8922 -470.0000000000
8923 -469.0000000000
8943 -468.0000000000
8956 -466.0000000000
8964 -465.0000000000
8980 -464.0000000000
9005 -463.0000000000
9038 -462.0000000000
9066 -460.0000000000
9070 -459.0000000000
9094 -458.0000000000
9100 -457.0000000000
9101 -456.0000000000
9113 -455.0000000000
9119 -454.0000000000
9127 -453.0000000000
9133 -452.0000000000
9162 -451.0000000000
9185 -450.0000000000
9186 -449.0000000000
9191 -448.0000000000
9213 -447.0000000000
9224 -446.0000000000
9228 -445.0000000000
9230 -444.0000000000
9240 -442.0000000000
9241 -441.0000000000
9263 -440.0000000000
9294 -438.0000000000
9305 -437.0000000000
9329 -436.0000000000
9351 -435.0000000000
9355 -434.0000000000
9371 -433.0000000000
9383 -432.0000000000
9391 -431.0000000000
9429 -430.0000000000
9435 -429.0000000000
9442 -428.0000000000
9470 -427.0000000000
9490 -426.0000000000
9494 -425.0000000000
9526 -424.0000000000
9530 -423.0000000000
9531 -422.0000000000
9564 -421.0000000000
9585 -420.0000000000
9598 -419.0000000000
9628 -418.0000000000
9662 -417.0000000000
9677 -416.0000000000
9678 -415.0000000000
9686 -414.0000000000
9725 -413.0000000000
9737 -412.0000000000
9741 -411.0000000000
9752 -410.0000000000
9760 -409.0000000000
9775 -408.0000000000
9810 -407.0000000000
9830 -406.0000000000
9840 -405.0000000000
9847 -404.0000000000
9864 -403.0000000000
9904 -401.0000000000
9916 -400.0000000000
9919 -399.0000000000
9922 -398.0000000000
9927 -397.0000000000
9933 -396.0000000000
9945 -395.0000000000
9967 -394.0000000000
10000 -395.0000000000
evaluations raw_y
1 -1914.0000000000
7 -1913.0000000000
17 -1909.0000000000
19 -1908.0000000000
24 -1907.0000000000
25 -1905.0000000000
29 -1904.0000000000
31 -1903.0000000000
37 -1901.0000000000
40 -1900.0000000000
41 -1899.0000000000
43 -1898.0000000000
54 -1897.0000000000
57 -1895.0000000000
59 -1892.0000000000
61 -1891.0000000000
62 -1890.0000000000
63 -1889.0000000000
65 -1888.0000000000
70 -1887.0000000000
73 -1886.0000000000
75 -1884.0000000000
77 -1883.0000000000
85 -1882.0000000000
87 -1881.0000000000
88 -1880.0000000000
94 -1879.0000000000
95 -1877.0000000000
101 -1876.0000000000
102 -1875.0000000000
106 -1874.0000000000
109 -1873.0000000000
113 -1872.0000000000
127 -1871.0000000000
131 -1870.0000000000
140 -1869.0000000000
145 -1867.0000000000
150 -1866.0000000000
153 -1865.0000000000
154 -1864.0000000000
158 -1863.0000000000
165 -1862.0000000000
166 -1861.0000000000
169 -1860.0000000000
175 -1859.0000000000
178 -1858.0000000000
187 -1856.0000000000
191 -1855.0000000000
193 -1854.0000000000
201 -1853.0000000000
202 -1851.0000000000
210 -1849.0000000000
218 -1848.0000000000
219 -1847.0000000000
221 -1845.0000000000
224 -1844.0000000000
227 -1843.0000000000
230 -1842.0000000000
237 -1841.0000000000
239 -1840.0000000000
240 -1839.0000000000
245 -1837.0000000000
246 -1836.0000000000
248 -1835.0000000000
251 -1833.0000000000
259 -1831.0000000000
262 -1830.0000000000
271 -1828.0000000000
275 -1827.0000000000
278 -1826.0000000000
289 -1825.0000000000
295 -1824.0000000000
297 -1823.0000000000
301 -1822.0000000000
305 -1821.0000000000
306 -1820.0000000000
307 -1819.0000000000
310 -1817.0000000000
317 -1816.0000000000
323 -1815.0000000000
326 -1813.0000000000
327 -1812.0000000000
328 -1811.0000000000
331 -1810.0000000000
332 -1809.0000000000
343 -1808.0000000000
345 -1807.0000000000
353 -1805.0000000000
354 -1804.0000000000
366 -1802.0000000000
367 -1801.0000000000
368 -1799.0000000000
369 -1798.0000000000
370 -1797.0000000000
372 -1796.0000000000
374 -1794.0000000000
380 -1793.0000000000
386 -1792.0000000000
391 -1790.0000000000
395 -1789.0000000000
396 -1788.0000000000
403 -1787.0000000000
406 -1785.0000000000
409 -1784.0000000000
417 -1783.0000000000
422 -1782.0000000000
427 -1780.0000000000
440 -1779.0000000000
441 -1777.0000000000
448 -1776.0000000000
451 -1775.0000000000
460 -1774.0000000000
461 -1773.0000000000
481 -1772.0000000000
486 -1771.0000000000
488 -1770.0000000000
491 -1769.0000000000
492 -1767.0000000000
508 -1766.0000000000
513 -1765.0000000000
516 -1764.0000000000
517 -1762.0000000000
518 -1761.0000000000
523 -1759.0000000000
528 -1758.0000000000
531 -1756.0000000000
532 -1755.0000000000
533 -1754.0000000000
535 -1753.0000000000
537 -1752.0000000000
543 -1750.0000000000
547 -1749.0000000000
549 -1748.0000000000
553 -1747.0000000000
563 -1746.0000000000
576 -1744.0000000000
577 -1743.0000000000
583 -1742.0000000000
586 -1741.0000000000
587 -1740.0000000000
588 -1739.0000000000
598 -1738.0000000000
601 -1736.0000000000
602 -1735.0000000000
608 -1734.0000000000
609 -1733.0000000000
622 -1732.0000000000
623 -1731.0000000000
637 -1728.0000000000
641 -1727.0000000000
646 -1726.0000000000
647 -1725.0000000000
650 -1723.0000000000
653 -1722.0000000000
656 -1721.0000000000
658 -1720.0000000000
663 -1719.0000000000
668 -1718.0000000000
669 -1717.0000000000
670 -1716.0000000000
672 -1715.0000000000
673 -1714.0000000000
677 -1713.0000000000
678 -1711.0000000000
682 -1710.0000000000
685 -1709.0000000000
686 -1708.0000000000
689 -1707.0000000000
696 -1706.0000000000
699 -1705.0000000000
700 -1704.0000000000
705 -1703.0000000000
713 -1702.0000000000
715 -1701.0000000000
716 -1700.0000000000
728 -1699.0000000000
732 -1698.0000000000
748 -1697.0000000000
753 -1696.0000000000
755 -1694.0000000000
766 -1693.0000000000
768 -1692.0000000000
771 -1691.0000000000
776 -1690.0000000000
782 -1689.0000000000
785 -1688.0000000000
787 -1687.0000000000
790 -1686.0000000000
794 -1685.0000000000
795 -1684.0000000000
806 -1682.0000000000
813 -1681.0000000000
816 -1680.0000000000
817 -1679.0000000000
821 -1677.0000000000
827 -1676.0000000000
830 -1675.0000000000
831 -1672.0000000000
835 -1671.0000000000
841 -1670.0000000000
843 -1669.0000000000
846 -1668.0000000000
853 -1667.0000000000
856 -1666.0000000000
864 -1665.0000000000
866 -1664.0000000000
869 -1662.0000000000
874 -1661.0000000000
875 -1659.0000000000
881 -1657.0000000000
882 -1656.0000000000
890 -1654.0000000000
891 -1652.0000000000
894 -1651.0000000000
895 -1650.0000000000
900 -1648.0000000000
904 -1646.0000000000
906 -1645.0000000000
909 -1644.0000000000
918 -1643.0000000000
923 -1642.0000000000
928 -1641.0000000000
932 -1637.0000000000
935 -1636.0000000000
940 -1635.0000000000
952 -1634.0000000000
955 -1633.0000000000
969 -1632.0000000000
986 -1631.0000000000
991 -1630.0000000000
992 -1628.0000000000
994 -1627.0000000000
999 -1625.0000000000
1004 -1624.0000000000
1010 -1622.0000000000
1014 -1621.0000000000
1015 -1620.0000000000
1024 -1619.0000000000
1028 -1617.0000000000
1037 -1616.0000000000
1056 -1614.0000000000
1057 -1613.0000000000
1058 -1612.0000000000
1061 -1611.0000000000
1065 -1610.0000000000
1066 -1609.0000000000
1070 -1608.0000000000
1074 -1607.0000000000
1081 -1606.0000000000
1084 -1605.0000000000
1085 -1604.0000000000
1088 -1603.0000000000
1095 -1601.0000000000
1096 -1600.0000000000
1101 -1598.0000000000
1105 -1597.0000000000
1109 -1595.0000000000
1111 -1594.0000000000
1121 -1592.0000000000
1127 -1591.0000000000
1133 -1590.0000000000
1137 -1589.0000000000
1139 -1588.0000000000
1143 -1586.0000000000
1144 -1585.0000000000
1150 -1584.0000000000
1152 -1583.0000000000
1164 -1582.0000000000
1172 -1580.0000000000
1189 -1579.0000000000
1191 -1578.0000000000
1202 -1574.0000000000
1206 -1573.0000000000
1212 -1572.0000000000
1214 -1571.0000000000
1219 -1570.0000000000
1220 -1569.0000000000
1224 -1568.0000000000
1233 -1567.0000000000
1234 -1566.0000000000
1241 -1565.0000000000
1243 -1563.0000000000
1249 -1562.0000000000
1253 -1561.0000000000
1255 -1560.0000000000
1269 -1557.0000000000
1281 -1556.0000000000
1291 -1555.0000000000
1292 -1554.0000000000
1298 -1553.0000000000
1300 -1552.0000000000
1304 -1551.0000000000
1311 -1550.0000000000
1316 -1548.0000000000
1317 -1546.0000000000
1319 -1545.0000000000
1328 -1544.0000000000
1330 -1543.0000000000
1340 -1541.0000000000
1341 -1540.0000000000
1343 -1539.0000000000
1344 -1538.0000000000
1349 -1537.0000000000
1355 -1536.0000000000
1358 -1535.0000000000
1360 -1534.0000000000
1370 -1533.0000000000
1377 -1532.0000000000
1381 -1531.0000000000
1388 -1530.0000000000
1391 -1529.0000000000
1401 -1528.0000000000
1402 -1527.0000000000
1408 -1526.0000000000
1409 -1525.0000000000
1418 -1524.0000000000
1419 -1523.0000000000
1420 -1521.0000000000
1423 -1520.0000000000
1430 -1519.0000000000
1438 -1518.0000000000
1442 -1517.0000000000
1445 -1516.0000000000
1456 -1515.0000000000
1461 -1514.0000000000
1462 -1513.0000000000
1475 -1511.0000000000
1479 -1510.0000000000
1481 -1509.0000000000
1484 -1508.0000000000
1485 -1507.0000000000
1488 -1506.0000000000
1489 -1504.0000000000
1499 -1503.0000000000
1500 -1501.0000000000
1501 -1500.0000000000
1502 -1497.0000000000
1503 -1496.0000000000
1508 -1495.0000000000
1509 -1492.0000000000
1510 -1490.0000000000
1511 -1488.0000000000
1516 -1487.0000000000
1518 -1486.0000000000
1520 -1485.0000000000
1525 -1484.0000000000
1526 -1483.0000000000
1528 -1481.0000000000
1535 -1480.0000000000
1540 -1479.0000000000
1547 -1478.0000000000
1550 -1476.0000000000
1551 -1475.0000000000
1553 -1474.0000000000
1555 -1473.0000000000
1564 -1472.0000000000
1566 -1471.0000000000
1568 -1469.0000000000
1570 -1468.0000000000
1586 -1466.0000000000
1589 -1465.0000000000
1591 -1463.0000000000
1600 -1462.0000000000
1604 -1460.0000000000
1605 -1459.0000000000
1609 -1458.0000000000
1612 -1456.0000000000
1615 -1455.0000000000
1622 -1454.0000000000
1624 -1453.0000000000
1625 -1452.0000000000
1627 -1451.0000000000
1629 -1450.0000000000
1636 -1449.0000000000
1642 -1448.0000000000
1645 -1447.0000000000
1647 -1446.0000000000
1660 -1445.0000000000
1663 -1444.0000000000
1664 -1443.0000000000
1666 -1442.0000000000
1668 -1441.0000000000
1682 -1440.0000000000
1687 -1439.0000000000
1697 -1438.0000000000
1700 -1437.0000000000
1705 -1436.0000000000
1706 -1435.0000000000
1714 -1434.0000000000
1719 -1433.0000000000
1733 -1432.0000000000
1738 -1431.0000000000
1761 -1430.0000000000
1762 -1429.0000000000
1772 -1428.0000000000
1775 -1427.0000000000
1776 -1426.0000000000
1786 -1425.0000000000
1790 -1424.0000000000
1794 -1423.0000000000
1795 -1422.0000000000
1797 -1421.0000000000
1798 -1420.0000000000
1808 -1419.0000000000
1810 -1418.0000000000
1811 -1417.0000000000
1813 -1416.0000000000
1831 -1415.0000000000
1832 -1414.0000000000
1839 -1413.0000000000
1841 -1412.0000000000
1843 -1411.0000000000
1845 -1410.0000000000
1857 -1409.0000000000
1865 -1408.0000000000
1875 -1406.0000000000
1876 -1405.0000000000
1881 -1404.0000000000
1887 -1403.0000000000
1889 -1402.0000000000
1894 -1401.0000000000
1899 -1400.0000000000
1902 -1399.0000000000
1903 -1398.0000000000
1907 -1397.0000000000
1912 -1396.0000000000
1913 -1395.0000000000
1918 -1394.0000000000
1921 -1393.0000000000
1927 -1392.0000000000
1928 -1390.0000000000
1933 -1389.0000000000
1934 -1388.0000000000
1944 -1387.0000000000
1949 -1386.0000000000
1958 -1385.0000000000
1959 -1384.0000000000
1977 -1382.0000000000
1982 -1380.0000000000
1983 -1379.0000000000
1986 -1378.0000000000
1998 -1377.0000000000
2001 -1375.0000000000
2021 -1374.0000000000
2036 -1373.0000000000
2037 -1372.0000000000
2052 -1371.0000000000
2055 -1369.0000000000
2058 -1368.0000000000
2065 -1367.0000000000
2069 -1366.0000000000
2070 -1365.0000000000
2072 -1364.0000000000
2083 -1363.0000000000
2089 -1362.0000000000
2094 -1361.0000000000
2096 -1360.0000000000
2115 -1359.0000000000
2116 -1358.0000000000
2122 -1357.0000000000
2130 -1356.0000000000
2134 -1355.0000000000
2145 -1354.0000000000
2146 -1352.0000000000
2150 -1350.0000000000
2151 -1349.0000000000
2153 -1348.0000000000
2157 -1346.0000000000
2162 -1345.0000000000
2171 -1344.0000000000
2178 -1343.0000000000
2179 -1342.0000000000
2192 -1341.0000000000
2201 -1340.0000000000
2202 -1338.0000000000
2208 -1337.0000000000
2228 -1336.0000000000
2230 -1335.0000000000
2237 -1334.0000000000
2241 -1333.0000000000
2245 -1332.0000000000
2246 -1331.0000000000
2251 -1329.0000000000
2252 -1328.0000000000
2266 -1327.0000000000
2270 -1326.0000000000
2271 -1324.0000000000
2277 -1323.0000000000
2279 -1321.0000000000
2283 -1320.0000000000
2298 -1318.0000000000
2306 -1317.0000000000
2310 -1315.0000000000
2311 -1313.0000000000
2317 -1312.0000000000
2323 -1311.0000000000
2327 -1310.0000000000
2328 -1309.0000000000
2341 -1308.0000000000
2366 -1307.0000000000
2373 -1305.0000000000
2379 -1303.0000000000
2380 -1302.0000000000
2381 -1301.0000000000
2386 -1300.0000000000
2387 -1297.0000000000
2391 -1296.0000000000
2400 -1295.0000000000
2405 -1293.0000000000
2412 -1292.0000000000
2422 -1290.0000000000
2430 -1289.0000000000
2451 -1288.0000000000
2453 -1287.0000000000
2457 -1286.0000000000
2467 -1285.0000000000
2469 -1284.0000000000
2472 -1283.0000000000
2482 -1282.0000000000
2483 -1281.0000000000
2516 -1280.0000000000
2519 -1279.0000000000
2521 -1278.0000000000
2523 -1277.0000000000
2531 -1276.0000000000
2532 -1274.0000000000
2537 -1273.0000000000
2550 -1272.0000000000
2613 -1271.0000000000
2616 -1270.0000000000
2621 -1269.0000000000
2623 -1268.0000000000
2637 -1267.0000000000
2641 -1266.0000000000
2644 -1264.0000000000
2650 -1263.0000000000
2651 -1262.0000000000
2658 -1260.0000000000
2667 -1259.0000000000
2677 -1258.0000000000
2683 -1257.0000000000
2695 -1256.0000000000
2715 -1255.0000000000
2719 -1254.0000000000
2727 -1253.0000000000
2729 -1252.0000000000
2732 -1251.0000000000
2738 -1250.0000000000
2739 -1249.0000000000
2747 -1248.0000000000
2754 -1246.0000000000
2756 -1244.0000000000
2760 -1243.0000000000
2790 -1242.0000000000
2797 -1240.0000000000
2811 -1239.0000000000
2843 -1237.0000000000
2846 -1236.0000000000
2854 -1235.0000000000
2867 -1233.0000000000
2881 -1232.0000000000
2883 -1231.0000000000
2903 -1230.0000000000
2908 -1228.0000000000
2910 -1226.0000000000
2924 -1224.0000000000
2932 -1222.0000000000
2935 -1221.0000000000
2936 -1220.0000000000
2942 -1219.0000000000
2951 -1218.0000000000
2953 -1217.0000000000
2954 -1216.0000000000
2958 -1215.0000000000
2961 -1214.0000000000
2966 -1213.0000000000
2970 -1211.0000000000
2975 -1210.0000000000
2988 -1209.0000000000
2991 -1208.0000000000
3001 -1207.0000000000
3009 -1206.0000000000
3017 -1205.0000000000
3019 -1204.0000000000
3023 -1201.0000000000
3027 -1200.0000000000
3043 -1199.0000000000
3046 -1198.0000000000
3049 -1197.0000000000
3054 -1196.0000000000
3068 -1195.0000000000
3088 -1194.0000000000
3091 -1193.0000000000
3094 -1192.0000000000
3099 -1191.0000000000
3102 -1189.0000000000
3103 -1188.0000000000
3107 -1187.0000000000
3117 -1186.0000000000
3125 -1185.0000000000
3127 -1184.0000000000
3128 -1183.0000000000
3129 -1182.0000000000
3131 -1181.0000000000
3132 -1180.0000000000
3138 -1179.0000000000
3143 -1178.0000000000
3155 -1176.0000000000
3158 -1175.0000000000
3164 -1174.0000000000
3165 -1173.0000000000
3171 -1172.0000000000
3179 -1171.0000000000
3191 -1170.0000000000
3197 -1169.0000000000
3210 -1168.0000000000
3214 -1167.0000000000
3250 -1166.0000000000
3264 -1165.0000000000
3266 -1164.0000000000
3268 -1163.0000000000
3275 -1162.0000000000
3278 -1161.0000000000
3285 -1160.0000000000
3288 -1159.0000000000
3298 -1156.0000000000
3300 -1155.0000000000
3303 -1153.0000000000
3304 -1152.0000000000
3318 -1151.0000000000
3327 -1150.0000000000
3346 -1149.0000000000
3350 -1148.0000000000
3367 -1146.0000000000
3368 -1145.0000000000
3370 -1143.0000000000
3371 -1142.0000000000
3372 -1141.0000000000
3374 -1140.0000000000
3378 -1139.0000000000
3383 -1138.0000000000
3392 -1136.0000000000
3402 -1135.0000000000
3407 -1134.0000000000
3408 -1133.0000000000
3416 -1132.0000000000
3426 -1131.0000000000
3427 -1129.0000000000
3437 -1127.0000000000
3442 -1124.0000000000
3445 -1123.0000000000
3454 -1122.0000000000
3456 -1120.0000000000
3466 -1119.0000000000
3467 -1118.0000000000
3468 -1117.0000000000
3474 -1116.0000000000
3479 -1115.0000000000
3488 -1114.0000000000
3492 -1113.0000000000
3500 -1112.0000000000
3507 -1111.0000000000
3518 -1110.0000000000
3531 -1109.0000000000
3536 -1108.0000000000
3542 -1107.0000000000
3546 -1106.0000000000
3553 -1105.0000000000
3558 -1104.0000000000
3560 -1103.0000000000
3569 -1102.0000000000
3571 -1101.0000000000
3575 -1100.0000000000
3586 -1099.0000000000
3600 -1098.0000000000
3603 -1097.0000000000
3604 -1096.0000000000
3613 -1095.0000000000
3624 -1094.0000000000
3636 -1093.0000000000
3637 -1092.0000000000
3654 -1091.0000000000
3663 -1090.0000000000
3665 -1089.0000000000
3680 -1088.0000000000
3681 -1087.0000000000
3689 -1086.0000000000
3691 -1084.0000000000
3720 -1083.0000000000
3725 -1082.0000000000
3735 -1081.0000000000
3741 -1080.0000000000
3746 -1079.0000000000
3756 -1077.0000000000
3757 -1076.0000000000
3779 -1075.0000000000
3781 -1074.0000000000
3789 -1073.0000000000
3790 -1072.0000000000
3791 -1071.0000000000
3793 -1069.0000000000
3803 -1068.0000000000
3818 -1067.0000000000
3819 -1065.0000000000
3824 -1064.0000000000
3827 -1063.0000000000
3828 -1062.0000000000
3833 -1060.0000000000
3840 -1058.0000000000
3841 -1057.0000000000
3843 -1055.0000000000
3874 -1054.0000000000
3881 -1053.0000000000
3884 -1052.0000000000
3888 -1051.0000000000
3893 -1049.0000000000
3894 -1048.0000000000
3903 -1047.0000000000
3908 -1046.0000000000
3910 -1045.0000000000
3913 -1044.0000000000
3923 -1042.0000000000
3929 -1041.0000000000
3932 -1040.0000000000
3936 -1039.0000000000
3939 -1038.0000000000
3943 -1037.0000000000
3953 -1036.0000000000
3962 -1035.0000000000
3966 -1034.0000000000
3978 -1033.0000000000
3988 -1032.0000000000
3992 -1031.0000000000
3994 -1030.0000000000
3996 -1028.0000000000
3997 -1027.0000000000
4003 -1026.0000000000
4010 -1024.0000000000
4012 -1023.0000000000
4015 -1022.0000000000
4018 -1021.0000000000
4022 -1020.0000000000
4038 -1019.0000000000
4042 -1017.0000000000
4043 -1016.0000000000
4044 -1013.0000000000
4048 -1012.0000000000
4063 -1011.0000000000
4064 -1010.0000000000
4070 -1009.0000000000
4092 -1008.0000000000
4099 -1007.0000000000
4110 -1006.0000000000
4112 -1005.0000000000
4114 -1003.0000000000
4123 -1002.0000000000
4133 -1001.0000000000
4134 -1000.0000000000
4143 -999.0000000000
4147 -998.0000000000
4150 -997.0000000000
4152 -996.0000000000
4156 -995.0000000000
4159 -994.0000000000
4208 -993.0000000000
4209 -990.0000000000
4214 -989.0000000000
4215 -988.0000000000
4221 -986.0000000000
4229 -985.0000000000
4232 -982.0000000000
4239 -981.0000000000
4273 -980.0000000000
4283 -978.0000000000
4286 -977.0000000000
4290 -976.0000000000
4296 -975.0000000000
4310 -974.0000000000
4324 -973.0000000000
4333 -971.0000000000
4344 -970.0000000000
4347 -969.0000000000
4350 -968.0000000000
4369 -967.0000000000
4381 -966.0000000000
4400 -965.0000000000
4407 -964.0000000000
4413 -963.0000000000
4419 -962.0000000000
4420 -961.0000000000
4428 -960.0000000000
4434 -959.0000000000
4437 -958.0000000000
4440 -956.0000000000
4447 -955.0000000000
4449 -954.0000000000
4454 -953.0000000000
4457 -952.0000000000
4458 -951.0000000000
4459 -950.0000000000
4461 -948.0000000000
4466 -947.0000000000
4478 -946.0000000000
4497 -945.0000000000
4500 -944.0000000000
4502 -943.0000000000
4505 -942.0000000000
4517 -941.0000000000
4531 -939.0000000000
4534 -938.0000000000
4535 -937.0000000000
4539 -936.0000000000
4541 -935.0000000000
4543 -934.0000000000
4544 -933.0000000000
4554 -932.0000000000
4564 -931.0000000000
4578 -930.0000000000
4588 -929.0000000000
4594 -928.0000000000
4626 -927.0000000000
4651 -926.0000000000
4652 -925.0000000000
4655 -923.0000000000
4656 -922.0000000000
4668 -920.0000000000
4678 -918.0000000000
4692 -917.0000000000
4698 -916.0000000000
4714 -915.0000000000
4715 -914.0000000000
4717 -913.0000000000
4720 -912.0000000000
4728 -911.0000000000
4740 -910.0000000000
4746 -909.0000000000
4783 -908.0000000000
4787 -907.0000000000
4789 -906.0000000000
4797 -904.0000000000
4798 -903.0000000000
4812 -902.0000000000
4813 -901.0000000000
4814 -900.0000000000
4816 -899.0000000000
4822 -898.0000000000
4837 -897.0000000000
4860 -895.0000000000
4867 -893.0000000000
4870 -891.0000000000
4872 -890.0000000000
4895 -889.0000000000
4900 -888.0000000000
4903 -887.0000000000
4925 -886.0000000000
4932 -885.0000000000
4945 -884.0000000000
4954 -882.0000000000
4962 -881.0000000000
4963 -880.0000000000
4974 -879.0000000000
5009 -877.0000000000
5010 -875.0000000000
5018 -874.0000000000
5023 -873.0000000000
5036 -872.0000000000
5043 -871.0000000000
5055 -870.0000000000
5056 -869.0000000000
5066 -868.0000000000
5096 -867.0000000000
5121 -866.0000000000
5132 -865.0000000000
5138 -864.0000000000
5139 -863.0000000000
5150 -862.0000000000
5153 -861.0000000000
5155 -859.0000000000
5159 -857.0000000000
5164 -856.0000000000
5178 -855.0000000000
5185 -854.0000000000
5208 -853.0000000000
5212 -852.0000000000
5216 -851.0000000000
5246 -850.0000000000
5247 -849.0000000000
5253 -848.0000000000
5254 -847.0000000000
5268 -846.0000000000
5270 -845.0000000000
5271 -844.0000000000
5284 -843.0000000000
5288 -842.0000000000
5306 -841.0000000000
5316 -840.0000000000
5341 -839.0000000000
5351 -838.0000000000
5374 -836.0000000000
5382 -835.0000000000
5393 -834.0000000000
5402 -833.0000000000
5409 -832.0000000000
5412 -831.0000000000
5422 -830.0000000000
5424 -828.0000000000
5428 -827.0000000000
5441 -824.0000000000
5443 -823.0000000000
5445 -822.0000000000
5456 -821.0000000000
5462 -819.0000000000
5467 -817.0000000000
5486 -816.0000000000
5495 -815.0000000000
5504 -814.0000000000
5505 -813.0000000000
5518 -812.0000000000
5533 -811.0000000000
5538 -810.0000000000
5540 -809.0000000000
5546 -808.0000000000
5549 -807.0000000000
5555 -806.0000000000
5578 -805.0000000000
5579 -804.0000000000
5584 -803.0000000000
5592 -800.0000000000
5594 -799.0000000000
5597 -798.0000000000
5599 -797.0000000000
5601 -796.0000000000
5604 -795.0000000000
5644 -793.0000000000
5649 -792.0000000000
5661 -791.0000000000
5665 -790.0000000000
5669 -789.0000000000
5676 -788.0000000000
5678 -787.0000000000
5695 -786.0000000000
5697 -785.0000000000
5700 -784.0000000000
5711 -783.0000000000
5713 -782.0000000000
5719 -781.0000000000
5734 -779.0000000000
5741 -778.0000000000
5787 -777.0000000000
5793 -776.0000000000
5796 -775.0000000000
5805 -774.0000000000
5827 -773.0000000000
5841 -772.0000000000
5843 -770.0000000000
5844 -769.0000000000
5849 -768.0000000000
5852 -767.0000000000
5853 -766.0000000000
5864 -765.0000000000
5865 -764.0000000000
5880 -763.0000000000
5889 -762.0000000000
5897 -761.0000000000
5899 -760.0000000000
5921 -759.0000000000
5933 -758.0000000000
5934 -757.0000000000
5937 -756.0000000000
5940 -755.0000000000
5977 -753.0000000000
5997 -752.0000000000
6010 -751.0000000000
6018 -750.0000000000
6037 -749.0000000000
6060 -748.0000000000
6063 -747.0000000000
6069 -746.0000000000
6076 -745.0000000000
6089 -744.0000000000
6093 -743.0000000000
6109 -742.0000000000
6119 -741.0000000000
6131 -740.0000000000
6169 -738.0000000000
6174 -737.0000000000
6186 -736.0000000000
6192 -735.0000000000
6222 -734.0000000000
6224 -733.0000000000
6227 -732.0000000000
6234 -731.0000000000
6240 -730.0000000000
6241 -729.0000000000
6255 -728.0000000000
6298 -726.0000000000
6299 -725.0000000000
6311 -724.0000000000
6339 -723.0000000000
6354 -722.0000000000
6367 -720.0000000000
6382 -719.0000000000
6394 -718.0000000000
6433 -716.0000000000
6438 -715.0000000000
6461 -714.0000000000
6474 -711.0000000000
6476 -710.0000000000
6482 -709.0000000000
6487 -708.0000000000
6493 -707.0000000000
6510 -706.0000000000
6525 -704.0000000000
6554 -703.0000000000
6562 -702.0000000000
6563 -701.0000000000
6569 -700.0000000000
6598 -699.0000000000
6625 -698.0000000000
6632 -697.0000000000
6646 -696.0000000000
6680 -695.0000000000
6681 -694.0000000000
6701 -693.0000000000
6704 -691.0000000000
6729 -690.0000000000
6735 -688.0000000000
6764 -687.0000000000
6770 -686.0000000000
6795 -685.0000000000
6802 -684.0000000000
6806 -682.0000000000
6812 -679.0000000000
6818 -678.0000000000
6820 -677.0000000000
6823 -676.0000000000
6827 -675.0000000000
6845 -674.0000000000
6856 -672.0000000000
6859 -670.0000000000
6864 -669.0000000000
6869 -668.0000000000
6931 -667.0000000000
6948 -666.0000000000
6955 -665.0000000000
6975 -664.0000000000
6992 -663.0000000000
7000 -662.0000000000
7010 -660.0000000000
7024 -659.0000000000
7028 -658.0000000000
7051 -657.0000000000
7056 -656.0000000000
7086 -655.0000000000
7145 -654.0000000000
7147 -653.0000000000
7175 -652.0000000000
7177 -651.0000000000
7180 -650.0000000000
7184 -649.0000000000
7201 -648.0000000000
7215 -647.0000000000
7230 -646.0000000000
7246 -645.0000000000
7298 -644.0000000000
7303 -643.0000000000
7314 -641.0000000000
7322 -640.0000000000
7330 -639.0000000000
7391 -638.0000000000
7393 -637.0000000000
7398 -636.0000000000
7484 -635.0000000000
7485 -634.0000000000
7486 -633.0000000000
7489 -632.0000000000
7503 -631.0000000000
7510 -630.0000000000
7519 -629.0000000000
7524 -628.0000000000
7543 -627.0000000000
7549 -626.0000000000
7563 -625.0000000000
7581 -624.0000000000
7601 -623.0000000000
7603 -622.0000000000
7607 -621.0000000000
7622 -620.0000000000
7632 -619.0000000000
7657 -617.0000000000
7676 -615.0000000000
7696 -614.0000000000
7709 -613.0000000000
7716 -612.0000000000
7719 -611.0000000000
7762 -610.0000000000
7800 -609.0000000000
7808 -608.0000000000
7817 -607.0000000000
7822 -606.0000000000
7827 -605.0000000000
7830 -604.0000000000
7832 -603.0000000000
7846 -602.0000000000
7849 -601.0000000000
7861 -600.0000000000
7875 -599.0000000000
7876 -598.0000000000
7904 -597.0000000000
7914 -596.0000000000
7918 -595.0000000000
7924 -594.0000000000
7925 -593.0000000000
7940 -592.0000000000
7957 -591.0000000000
7963 -590.0000000000
7975 -589.0000000000
7979 -588.0000000000
7980 -587.0000000000
7984 -586.0000000000
8018 -585.0000000000
8035 -584.0000000000
8037 -583.0000000000
8038 -582.0000000000
8039 -581.0000000000
8049 -579.0000000000
8053 -577.0000000000
8059 -576.0000000000
8063 -575.0000000000
8067 -574.0000000000
8076 -573.0000000000
8088 -572.0000000000
8100 -571.0000000000
8115 -570.0000000000
8166 -569.0000000000
8193 -568.0000000000
8226 -567.0000000000
8236 -566.0000000000
8245 -565.0000000000
8249 -564.0000000000
8252 -563.0000000000
8262 -562.0000000000
8293 -561.0000000000
8309 -560.0000000000
8324 -559.0000000000
8356 -558.0000000000
8391 -557.0000000000
8403 -556.0000000000
8412 -555.0000000000
8414 -554.0000000000
8440 -553.0000000000
8458 -552.0000000000
8502 -551.0000000000
8504 -550.0000000000
8515 -549.0000000000
8539 -548.0000000000
8546 -547.0000000000
8553 -545.0000000000
8573 -544.0000000000
8575 -543.0000000000
8578 -542.0000000000
8581 -541.0000000000
8591 -540.0000000000
8595 -539.0000000000
8605 -538.0000000000
8612 -537.0000000000
8613 -536.0000000000
8614 -535.0000000000
8636 -534.0000000000
8643 -533.0000000000
8647 -532.0000000000
8656 -530.0000000000
8664 -528.0000000000
8695 -527.0000000000
8712 -526.0000000000
8721 -525.0000000000
8731 -524.0000000000
8738 -523.0000000000
8758 -522.0000000000
8772 -521.0000000000
8776 -520.0000000000
8797 -519.0000000000
8804 -518.0000000000
8811 -517.0000000000
8825 -516.0000000000
8840 -515.0000000000
8847 -514.0000000000
8877 -513.0000000000
8888 -512.0000000000
8889 -511.0000000000
8894 -510.0000000000
8897 -509.0000000000
8906 -508.0000000000
8934 -507.0000000000
8957 -505.0000000000
8958 -504.0000000000
8960 -503.0000000000
8964 -502.0000000000
8974 -501.0000000000
9037 -500.0000000000
9057 -499.0000000000
9059 -498.0000000000
9080 -497.0000000000
9086 -496.0000000000
9116 -495.0000000000
9118 -494.0000000000
9142 -492.0000000000
9165 -491.0000000000
9185 -490.0000000000
9193 -489.0000000000
9231 -487.0000000000
9260 -486.0000000000
9264 -485.0000000000
9339 -484.0000000000
9340 -483.0000000000
9355 -482.0000000000
9382 -481.0000000000
9394 -479.0000000000
9401 -477.0000000000
9412 -476.0000000000
9417 -475.0000000000
9426 -474.0000000000
9432 -473.0000000000
9465 -472.0000000000
9470 -471.0000000000
9476 -470.0000000000
9485 -469.0000000000
9494 -468.0000000000
9592 -467.0000000000
9607 -466.0000000000
9636 -465.0000000000
9651 -464.0000000000
9700 -463.0000000000
9724 -462.0000000000
9725 -461.0000000000
9729 -460.0000000000
9745 -459.0000000000
9748 -458.0000000000
9759 -457.0000000000
9770 -456.0000000000
9807 -455.0000000000
9832 -454.0000000000
9838 -453.0000000000
9839 -452.0000000000
9882 -450.0000000000
9903 -449.0000000000
9918 -448.0000000000
9938 -447.0000000000
9951 -446.0000000000
9952 -444.0000000000
9963 -443.0000000000
9969 -442.0000000000
9985 -440.0000000000
9992 -439.0000000000
10000 -442.0000000000
evaluations raw_y
1 -1946.0000000000
2 -1945.0000000000
3 -1944.0000000000
4 -1942.0000000000
6 -1941.0000000000
9 -1940.0000000000
11 -1939.0000000000
13 -1938.0000000000
36 -1937.0000000000
41 -1936.0000000000
49 -1935.0000000000
50 -1933.0000000000
52 -1931.0000000000
53 -1930.0000000000
63 -1929.0000000000
64 -1928.0000000000
67 -1927.0000000000
72 -1926.0000000000
77 -1925.0000000000
92 -1923.0000000000
94 -1922.0000000000
95 -1921.0000000000
98 -1920.0000000000
100 -1919.0000000000
101 -1918.0000000000
102 -1917.0000000000
110 -1916.0000000000
116 -1915.0000000000
117 -1913.0000000000
121 -1910.0000000000
122 -1909.0000000000
130 -1908.0000000000
134 -1906.0000000000
138 -1905.0000000000
147 -1904.0000000000
148 -1903.0000000000
151 -1902.0000000000
152 -1901.0000000000
156 -1900.0000000000
157 -1898.0000000000
161 -1896.0000000000
168 -1895.0000000000
169 -1894.0000000000
171 -1893.0000000000
174 -1892.0000000000
176 -1891.0000000000
177 -1890.0000000000
180 -1889.0000000000
184 -1887.0000000000
186 -1886.0000000000
187 -1885.0000000000
190 -1884.0000000000
193 -1883.0000000000
194 -1882.0000000000
201 -1881.0000000000
205 -1879.0000000000
222 -1878.0000000000
224 -1877.0000000000
226 -1876.0000000000
230 -1875.0000000000
231 -1874.0000000000
233 -1873.0000000000
234 -1872.0000000000
238 -1870.0000000000
241 -1869.0000000000
246 -1868.0000000000
248 -1867.0000000000
250 -1866.0000000000
252 -1864.0000000000
263 -1863.0000000000
268 -1862.0000000000
276 -1861.0000000000
280 -1860.0000000000
282 -1859.0000000000
285 -1858.0000000000
290 -1857.0000000000
304 -1856.0000000000
306 -1855.0000000000
307 -1854.0000000000
310 -1853.0000000000
313 -1852.0000000000
326 -1850.0000000000
327 -1849.0000000000
332 -1848.0000000000
334 -1847.0000000000
336 -1846.0000000000
338 -1845.0000000000
343 -1843.0000000000
344 -1842.0000000000
349 -1841.0000000000
353 -1840.0000000000
357 -1839.0000000000
358 -1838.0000000000
364 -1836.0000000000
367 -1835.0000000000
368 -1834.0000000000
370 -1833.0000000000
376 -1831.0000000000
380 -1830.0000000000
381 -1829.0000000000
383 -1828.0000000000
390 -1827.0000000000
397 -1826.0000000000
399 -1822.0000000000
406 -1821.0000000000
407 -1819.0000000000
409 -1818.0000000000
412 -1817.0000000000
415 -1816.0000000000
416 -1815.0000000000
417 -1814.0000000000
419 -1812.0000000000
430 -1811.0000000000
436 -1810.0000000000
438 -1809.0000000000
440 -1808.0000000000
444 -1807.0000000000
446 -1806.0000000000
454 -1805.0000000000
460 -1804.0000000000
462 -1803.0000000000
465 -1801.0000000000
469 -1800.0000000000
478 -1799.0000000000
479 -1798.0000000000
480 -1797.0000000000
484 -1796.0000000000
487 -1795.0000000000
488 -1794.0000000000
489 -1793.0000000000
496 -1792.0000000000
504 -1791.0000000000
505 -1790.0000000000
521 -1789.0000000000
523 -1787.0000000000
526 -1785.0000000000
531 -1783.0000000000
532 -1782.0000000000
539 -1781.0000000000
540 -1780.0000000000
545 -1779.0000000000
557 -1778.0000000000
559 -1777.0000000000
560 -1776.0000000000
562 -1772.0000000000
567 -1771.0000000000
570 -1768.0000000000
575 -1767.0000000000
579 -1766.0000000000
581 -1765.0000000000
587 -1764.0000000000
592 -1763.0000000000
595 -1762.0000000000
608 -1760.0000000000
609 -1759.0000000000
613 -1758.0000000000
614 -1757.0000000000
618 -1756.0000000000
619 -1754.0000000000
627 -1753.0000000000
631 -1752.0000000000
632 -1751.0000000000
634 -1750.0000000000
635 -1747.0000000000
638 -1745.0000000000
644 -1744.0000000000
646 -1743.0000000000
651 -1742.0000000000
654 -1741.0000000000
656 -1740.0000000000
662 -1739.0000000000
665 -1738.0000000000
667 -1735.0000000000
668 -1734.0000000000
669 -1732.0000000000
672 -1731.0000000000
673 -1730.0000000000
675 -1729.0000000000
678 -1728.0000000000
683 -1727.0000000000
688 -1726.0000000000
691 -1725.0000000000
694 -1724.0000000000
696 -1723.0000000000
701 -1722.0000000000
704 -1721.0000000000
706 -1720.0000000000
715 -1719.0000000000
725 -1718.0000000000
728 -1717.0000000000
731 -1715.0000000000
739 -1714.0000000000
740 -1712.0000000000
741 -1711.0000000000
743 -1709.0000000000
748 -1708.0000000000
751 -1707.0000000000
752 -1704.0000000000
753 -1702.0000000000
755 -1701.0000000000
764 -1700.0000000000
768 -1699.0000000000
769 -1698.0000000000
772 -1697.0000000000
773 -1695.0000000000
774 -1694.0000000000
779 -1693.0000000000
780 -1690.0000000000
786 -1689.0000000000
788 -1688.0000000000
794 -1687.0000000000
796 -1686.0000000000
801 -1685.0000000000
804 -1683.0000000000
808 -1682.0000000000
810 -1680.0000000000
815 -1679.0000000000
816 -1677.0000000000
817 -1676.0000000000
826 -1674.0000000000
827 -1673.0000000000
841 -1671.0000000000
847 -1669.0000000000
849 -1668.0000000000
853 -1667.0000000000
855 -1666.0000000000
859 -1665.0000000000
875 -1664.0000000000
876 -1662.0000000000
886 -1661.0000000000
887 -1660.0000000000
896 -1658.0000000000
901 -1657.0000000000
903 -1656.0000000000
907 -1655.0000000000
908 -1654.0000000000
909 -1653.0000000000
911 -1652.0000000000
917 -1649.0000000000
921 -1648.0000000000
926 -1647.0000000000
934 -1646.0000000000
935 -1645.0000000000
937 -1644.0000000000
941 -1643.0000000000
944 -1642.0000000000
945 -1641.0000000000
950 -1640.0000000000
963 -1638.0000000000
966 -1637.0000000000
967 -1636.0000000000
976 -1635.0000000000
982 -1634.0000000000
987 -1633.0000000000
992 -1632.0000000000
998 -1631.0000000000
1003 -1630.0000000000
1007 -1629.0000000000
1009 -1628.0000000000
1012 -1627.0000000000
1019 -1626.0000000000
1022 -1624.0000000000
1028 -1623.0000000000
1031 -1622.0000000000
1044 -1620.0000000000
1053 -1619.0000000000
1054 -1617.0000000000
1060 -1615.0000000000
1064 -1613.0000000000
1069 -1612.0000000000
1087 -1610.0000000000
1089 -1609.0000000000
1090 -1608.0000000000
1095 -1607.0000000000
1100 -1605.0000000000
1105 -1604.0000000000
1110 -1601.0000000000
1113 -1600.0000000000
1115 -1599.0000000000
1122 -1598.0000000000
1124 -1597.0000000000
1125 -1596.0000000000
1126 -1595.0000000000
1132 -1594.0000000000
1138 -1593.0000000000
1141 -1592.0000000000
1144 -1591.0000000000
1145 -1590.0000000000
1151 -1589.0000000000
1158 -1588.0000000000
1159 -1587.0000000000
1161 -1586.0000000000
1163 -1585.0000000000
1164 -1583.0000000000
1166 -1582.0000000000
1172 -1581.0000000000
1174 -1579.0000000000
1192 -1578.0000000000
1197 -1577.0000000000
1198 -1576.0000000000
1203 -1575.0000000000
1220 -1573.0000000000
1224 -1572.0000000000
1234 -1571.0000000000
1236 -1570.0000000000
1237 -1569.0000000000
1239 -1568.0000000000
1242 -1566.0000000000
1243 -1564.0000000000
1244 -1563.0000000000
1246 -1562.0000000000
1247 -1561.0000000000
1248 -1560.0000000000
1250 -1559.0000000000
1252 -1558.0000000000
1254 -1557.0000000000
1259 -1556.0000000000
1264 -1555.0000000000
1265 -1554.0000000000
1278 -1552.0000000000
1286 -1551.0000000000
1287 -1550.0000000000
1302 -1549.0000000000
1304 -1548.0000000000
1314 -1547.0000000000
1315 -1546.0000000000
1317 -1545.0000000000
1318 -1544.0000000000
1330 -1541.0000000000
1334 -1540.0000000000
1337 -1538.0000000000
1340 -1537.0000000000
1343 -1536.0000000000
1344 -1535.0000000000
1346 -1533.0000000000
1349 -1532.0000000000
1354 -1531.0000000000
1355 -1530.0000000000
1358 -1528.0000000000
1367 -1526.0000000000
1370 -1524.0000000000
1374 -1523.0000000000
1377 -1522.0000000000
1381 -1521.0000000000
1383 -1520.0000000000
1401 -1519.0000000000
1404 -1518.0000000000
1406 -1517.0000000000
1416 -1514.0000000000
1417 -1513.0000000000
1424 -1512.0000000000
1425 -1511.0000000000
1429 -1510.0000000000
1430 -1509.0000000000
1434 -1508.0000000000
1437 -1507.0000000000
1439 -1506.0000000000
1440 -1505.0000000000
1444 -1504.0000000000
1451 -1503.0000000000
1462 -1501.0000000000
1477 -1500.0000000000
1479 -1499.0000000000
1481 -1498.0000000000
1485 -1497.0000000000
1492 -1496.0000000000
1504 -1495.0000000000
1505 -1494.0000000000
1509 -1492.0000000000
1527 -1491.0000000000
1549 -1490.0000000000
1555 -1489.0000000000
1557 -1488.0000000000
1561 -1487.0000000000
1562 -1486.0000000000
1573 -1485.0000000000
1575 -1484.0000000000
1607 -1483.0000000000
1613 -1482.0000000000
1619 -1480.0000000000
1626 -1478.0000000000
1631 -1477.0000000000
1633 -1476.0000000000
1639 -1475.0000000000
1642 -1474.0000000000
1643 -1473.0000000000
1649 -1472.0000000000
1654 -1471.0000000000
1656 -1470.0000000000
1657 -1469.0000000000
1664 -1467.0000000000
1667 -1466.0000000000
1677 -1465.0000000000
1684 -1463.0000000000
1687 -1462.0000000000
1689 -1461.0000000000
1693 -1460.0000000000
1697 -1459.0000000000
1698 -1458.0000000000
1701 -1456.0000000000
1710 -1455.0000000000
1711 -1454.0000000000
1719 -1453.0000000000
1720 -1452.0000000000
1721 -1451.0000000000
1723 -1450.0000000000
1729 -1449.0000000000
1733 -1448.0000000000
1736 -1447.0000000000
1740 -1446.0000000000
1746 -1445.0000000000
1761 -1444.0000000000
1767 -1439.0000000000
1770 -1438.0000000000
1774 -1437.0000000000
1784 -1436.0000000000
1786 -1435.0000000000
1792 -1434.0000000000
1798 -1433.0000000000
1804 -1432.0000000000
1808 -1429.0000000000
1809 -1428.0000000000
1810 -1427.0000000000
1811 -1426.0000000000
1813 -1424.0000000000
1822 -1423.0000000000
1823 -1422.0000000000
1826 -1421.0000000000
1828 -1420.0000000000
1835 -1419.0000000000
1838 -1418.0000000000
1845 -1416.0000000000
1852 -1415.0000000000
1853 -1414.0000000000
1858 -1413.0000000000
1865 -1412.0000000000
1870 -1411.0000000000
1877 -1410.0000000000
1888 -1409.0000000000
1897 -1408.0000000000
1898 -1406.0000000000
1903 -1405.0000000000
1916 -1404.0000000000
1924 -1403.0000000000
1925 -1402.0000000000
1939 -1401.0000000000
1944 -1399.0000000000
1945 -1398.0000000000
1947 -1397.0000000000
1948 -1396.0000000000
1950 -1395.0000000000
1962 -1394.0000000000
1966 -1393.0000000000
1968 -1392.0000000000
1972 -1391.0000000000
1977 -1390.0000000000
1979 -1389.0000000000
1981 -1388.0000000000
1989 -1386.0000000000
2006 -1385.0000000000
2020 -1384.0000000000
2021 -1383.0000000000
2026 -1381.0000000000
2034 -1380.0000000000
2036 -1379.0000000000
2044 -1378.0000000000
2048 -1377.0000000000
2049 -1376.0000000000
2053 -1375.0000000000
2060 -1374.0000000000
2061 -1373.0000000000
2078 -1372.0000000000
2079 -1371.0000000000
2085 -1370.0000000000
2099 -1369.0000000000
2104 -1368.0000000000
2115 -1367.0000000000
2134 -1366.0000000000
2143 -1365.0000000000
2149 -1364.0000000000
2150 -1362.0000000000
2153 -1361.0000000000
2155 -1360.0000000000
2156 -1359.0000000000
2159 -1358.0000000000
2175 -1356.0000000000
2179 -1355.0000000000
2181 -1354.0000000000
2189 -1353.0000000000
2190 -1352.0000000000
2199 -1351.0000000000
2201 -1350.0000000000
2203 -1349.0000000000
2208 -1348.0000000000
2209 -1347.0000000000
2220 -1345.0000000000
2221 -1344.0000000000
2231 -1343.0000000000
2254 -1342.0000000000
2270 -1341.0000000000
2271 -1339.0000000000
2272 -1338.0000000000
2274 -1337.0000000000
2277 -1336.0000000000
2280 -1335.0000000000
2282 -1334.0000000000
2285 -1333.0000000000
2291 -1332.0000000000
2292 -1330.0000000000
2293 -1329.0000000000
2297 -1328.0000000000
2298 -1327.0000000000
2299 -1326.0000000000
2303 -1325.0000000000
2310 -1324.0000000000
2314 -1322.0000000000
2317 -1321.0000000000
2319 -1320.0000000000
2328 -1319.0000000000
2330 -1317.0000000000
2331 -1316.0000000000
2336 -1315.0000000000
2348 -1314.0000000000
2355 -1313.0000000000
2365 -1312.0000000000
2369 -1311.0000000000
2375 -1310.0000000000
2379 -1309.0000000000
2388 -1307.0000000000
2392 -1306.0000000000
2395 -1305.0000000000
2399 -1303.0000000000
2400 -1301.0000000000
2401 -1299.0000000000
2403 -1298.0000000000
2405 -1297.0000000000
2406 -1295.0000000000
2413 -1294.0000000000
2417 -1293.0000000000
2420 -1292.0000000000
2435 -1291.0000000000
2449 -1290.0000000000
2450 -1289.0000000000
2451 -1288.0000000000
2457 -1287.0000000000
2460 -1286.0000000000
2467 -1285.0000000000
2469 -1284.0000000000
2488 -1283.0000000000
2491 -1282.0000000000
2503 -1281.0000000000
2504 -1279.0000000000
2505 -1278.0000000000
2509 -1277.0000000000
2525 -1276.0000000000
2535 -1275.0000000000
2551 -1273.0000000000
2553 -1272.0000000000
2565 -1271.0000000000
2567 -1270.0000000000
2584 -1267.0000000000
2589 -1266.0000000000
2590 -1265.0000000000
2592 -1263.0000000000
2598 -1262.0000000000
2605 -1261.0000000000
2606 -1260.0000000000
2610 -1259.0000000000
2612 -1258.0000000000
2614 -1257.0000000000
2615 -1256.0000000000
2621 -1255.0000000000
2623 -1254.0000000000
2631 -1253.0000000000
2636 -1252.0000000000
2640 -1251.0000000000
2650 -1250.0000000000
2652 -1249.0000000000
2661 -1248.0000000000
2665 -1246.0000000000
2667 -1245.0000000000
2679 -1244.0000000000
2680 -1243.0000000000
2681 -1242.0000000000
2684 -1241.0000000000
2685 -1239.0000000000
2688 -1238.0000000000
2692 -1237.0000000000
2693 -1236.0000000000
2706 -1235.0000000000
2715 -1234.0000000000
2718 -1233.0000000000
2721 -1231.0000000000
2722 -1230.0000000000
2727 -1229.0000000000
2730 -1228.0000000000
2738 -1227.0000000000
2773 -1226.0000000000
2778 -1225.0000000000
2791 -1224.0000000000
2795 -1223.0000000000
2807 -1222.0000000000
2812 -1221.0000000000
2818 -1220.0000000000
2825 -1219.0000000000
2827 -1218.0000000000
2835 -1217.0000000000
2843 -1216.0000000000
2849 -1215.0000000000
2858 -1214.0000000000
2864 -1213.0000000000
2873 -1212.0000000000
2882 -1211.0000000000
2884 -1209.0000000000
2893 -1208.0000000000
2905 -1207.0000000000
2918 -1206.0000000000
2919 -1205.0000000000
2925 -1204.0000000000
2932 -1203.0000000000
2940 -1202.0000000000
2941 -1201.0000000000
2947 -1200.0000000000
2948 -1199.0000000000
2949 -1198.0000000000
2950 -1197.0000000000
2952 -1196.0000000000
2955 -1195.0000000000
2968 -1194.0000000000
2972 -1193.0000000000
2976 -1192.0000000000
2981 -1191.0000000000
2992 -1190.0000000000
2993 -1189.0000000000
3005 -1188.0000000000
3006 -1187.0000000000
3011 -1185.0000000000
3012 -1184.0000000000
3017 -1183.0000000000
3019 -1182.0000000000
3021 -1181.0000000000
3022 -1180.0000000000
3029 -1179.0000000000
3036 -1178.0000000000
3044 -1177.0000000000
3048 -1176.0000000000
3053 -1174.0000000000
3057 -1172.0000000000
3058 -1171.0000000000
3068 -1170.0000000000
3076 -1169.0000000000
3081 -1167.0000000000
3089 -1166.0000000000
3093 -1165.0000000000
3114 -1164.0000000000
3117 -1163.0000000000
3119 -1162.0000000000
3123 -1161.0000000000
3125 -1160.0000000000
3127 -1159.0000000000
3132 -1158.0000000000
3136 -1157.0000000000
3138 -1156.0000000000
3140 -1155.0000000000
3141 -1154.0000000000
3148 -1152.0000000000
3153 -1150.0000000000
3155 -1149.0000000000
3165 -1148.0000000000
3185 -1147.0000000000
3194 -1146.0000000000
3200 -1144.0000000000
3201 -1143.0000000000
3204 -1142.0000000000
3211 -1141.0000000000
3232 -1140.0000000000
3237 -1139.0000000000
3262 -1138.0000000000
3265 -1136.0000000000
3285 -1135.0000000000
3291 -1134.0000000000
3303 -1133.0000000000
3314 -1132.0000000000
3316 -1131.0000000000
3322 -1130.0000000000
3324 -1129.0000000000
3326 -1128.0000000000
3341 -1127.0000000000
3351 -1125.0000000000
3353 -1124.0000000000
3363 -1122.0000000000
3366 -1120.0000000000
3367 -1119.0000000000
3388 -1118.0000000000
3390 -1117.0000000000
3395 -1115.0000000000
3398 -1114.0000000000
3405 -1113.0000000000
3420 -1112.0000000000
3431 -1111.0000000000
3435 -1110.0000000000
3438 -1109.0000000000
3450 -1108.0000000000
3460 -1107.0000000000
3461 -1106.0000000000
3465 -1105.0000000000
3474 -1104.0000000000
3477 -1103.0000000000
3481 -1102.0000000000
3489 -1100.0000000000
3499 -1099.0000000000
3512 -1098.0000000000
3514 -1096.0000000000
3518 -1095.0000000000
3522 -1094.0000000000
3528 -1093.0000000000
3558 -1092.0000000000
3559 -1091.0000000000
3564 -1090.0000000000
3577 -1089.0000000000
3581 -1088.0000000000
3593 -1087.0000000000
3602 -1086.0000000000
3613 -1085.0000000000
3621 -1084.0000000000
3627 -1083.0000000000
3636 -1082.0000000000
3657 -1081.0000000000
3665 -1080.0000000000
3679 -1078.0000000000
3684 -1076.0000000000
3685 -1074.0000000000
3706 -1073.0000000000
3709 -1072.0000000000
3713 -1071.0000000000
3719 -1070.0000000000
3726 -1069.0000000000
3729 -1068.0000000000
3740 -1066.0000000000
3756 -1065.0000000000
3763 -1064.0000000000
3765 -1063.0000000000
3771 -1062.0000000000
3792 -1060.0000000000
3795 -1059.0000000000
3797 -1058.0000000000
3798 -1057.0000000000
3811 -1056.0000000000
3819 -1055.0000000000
3874 -1054.0000000000
3879 -1053.0000000000
3893 -1052.0000000000
3894 -1051.0000000000
3912 -1050.0000000000
3913 -1049.0000000000
3915 -1048.0000000000
3917 -1047.0000000000
3920 -1046.0000000000
3926 -1045.0000000000
3927 -1044.0000000000
3930 -1043.0000000000
3931 -1042.0000000000
3939 -1039.0000000000
3943 -1037.0000000000
3944 -1036.0000000000
3953 -1035.0000000000
3956 -1034.0000000000
3966 -1033.0000000000
3967 -1032.0000000000
3970 -1031.0000000000
3980 -1030.0000000000
3990 -1029.0000000000
3995 -1028.0000000000
3996 -1027.0000000000
4001 -1026.0000000000
4014 -1025.0000000000
4026 -1024.0000000000
4038 -1023.0000000000
4049 -1022.0000000000
4051 -1021.0000000000
4065 -1020.0000000000
4071 -1018.0000000000
4072 -1017.0000000000
4074 -1016.0000000000
4079 -1015.0000000000
4090 -1013.0000000000
4093 -1012.0000000000
4096 -1011.0000000000
4103 -1010.0000000000
4105 -1009.0000000000
4118 -1008.0000000000
4119 -1007.0000000000
4123 -1006.0000000000
4136 -1005.0000000000
4140 -1004.0000000000
4141 -1003.0000000000
4160 -1002.0000000000
4175 -1001.0000000000
4190 -1000.0000000000
4193 -998.0000000000
4196 -997.0000000000
4201 -996.0000000000
4214 -995.0000000000
4216 -994.0000000000
4226 -993.0000000000
4236 -992.0000000000
4252 -990.0000000000
4254 -989.0000000000
4276 -987.0000000000
4283 -985.0000000000
4297 -984.0000000000
4304 -983.0000000000
4316 -982.0000000000
4318 -981.0000000000
4328 -980.0000000000
4331 -979.0000000000
4344 -978.0000000000
4347 -977.0000000000
4351 -976.0000000000
4353 -975.0000000000
4378 -973.0000000000
4380 -972.0000000000
4386 -970.0000000000
4402 -969.0000000000
4421 -968.0000000000
4431 -967.0000000000
4435 -966.0000000000
4469 -965.0000000000
4471 -964.0000000000
4476 -962.0000000000
4482 -961.0000000000
4487 -960.0000000000
4493 -959.0000000000
4494 -958.0000000000
4500 -957.0000000000
4522 -956.0000000000
4532 -955.0000000000
4559 -954.0000000000
4579 -953.0000000000
4602 -952.0000000000
4616 -951.0000000000
4625 -950.0000000000
4631 -949.0000000000
4657 -948.0000000000
4665 -947.0000000000
4673 -946.0000000000
4677 -945.0000000000
4683 -943.0000000000
4686 -942.0000000000
4691 -941.0000000000
4694 -940.0000000000
4698 -939.0000000000
4707 -938.0000000000
4710 -937.0000000000
4713 -936.0000000000
4717 -935.0000000000
4719 -934.0000000000
4730 -933.0000000000
4753 -932.0000000000
4759 -931.0000000000
4783 -930.0000000000
4785 -929.0000000000
4789 -928.0000000000
4799 -927.0000000000
4815 -926.0000000000
4819 -925.0000000000
4820 -924.0000000000
4824 -923.0000000000
4840 -921.0000000000
4844 -920.0000000000
4850 -919.0000000000
4856 -918.0000000000
4868 -917.0000000000
4870 -916.0000000000
4874 -915.0000000000
4886 -914.0000000000
4896 -913.0000000000
4904 -912.0000000000
4910 -911.0000000000
4911 -910.0000000000
4938 -909.0000000000
4940 -908.0000000000
4951 -907.0000000000
4960 -906.0000000000
4981 -905.0000000000
4984 -904.0000000000
4986 -903.0000000000
4987 -901.0000000000
4998 -900.0000000000
5015 -899.0000000000
5032 -898.0000000000
5034 -897.0000000000
5039 -896.0000000000
5052 -895.0000000000
5060 -894.0000000000
5081 -893.0000000000
5084 -892.0000000000
5085 -891.0000000000
5100 -890.0000000000
5105 -889.0000000000
5112 -888.0000000000
5121 -887.0000000000
5147 -886.0000000000
5152 -885.0000000000
5170 -884.0000000000
5171 -883.0000000000
5203 -882.0000000000
5220 -881.0000000000
5221 -880.0000000000
5222 -879.0000000000
5226 -878.0000000000
5227 -877.0000000000
5228 -876.0000000000
5266 -875.0000000000
5270 -874.0000000000
5271 -872.0000000000
5272 -871.0000000000
5281 -870.0000000000
5293 -869.0000000000
5294 -868.0000000000
5296 -867.0000000000
5298 -866.0000000000
5306 -865.0000000000
5354 -864.0000000000
5362 -863.0000000000
5367 -862.0000000000
5373 -860.0000000000
5380 -859.0000000000
5390 -858.0000000000
5396 -857.0000000000
5406 -856.0000000000
5407 -855.0000000000
5421 -854.0000000000
5424 -853.0000000000
5433 -852.0000000000
5439 -850.0000000000
5454 -849.0000000000
5463 -848.0000000000
5478 -847.0000000000
5486 -846.0000000000
5492 -844.0000000000
5496 -843.0000000000
5504 -842.0000000000
5517 -841.0000000000
5522 -840.0000000000
5542 -839.0000000000
5558 -838.0000000000
5568 -837.0000000000
5572 -836.0000000000
5615 -835.0000000000
5635 -834.0000000000
5639 -833.0000000000
5666 -832.0000000000
5674 -831.0000000000
5675 -830.0000000000
5685 -829.0000000000
5702 -828.0000000000
5709 -827.0000000000
5745 -826.0000000000
5747 -825.0000000000
5749 -824.0000000000
5761 -823.0000000000
5762 -822.0000000000
5766 -821.0000000000
5769 -820.0000000000
5783 -819.0000000000
5795 -818.0000000000
5796 -817.0000000000
5801 -816.0000000000
5803 -815.0000000000
5829 -814.0000000000
5863 -813.0000000000
5865 -812.0000000000
5875 -811.0000000000
5884 -810.0000000000
5888 -809.0000000000
5897 -808.0000000000
5908 -807.0000000000
5909 -806.0000000000
5913 -805.0000000000
5928 -804.0000000000
5966 -803.0000000000
5968 -802.0000000000
5970 -801.0000000000
5979 -800.0000000000
5985 -799.0000000000
6000 -798.0000000000
6015 -797.0000000000
6018 -796.0000000000
6021 -795.0000000000
6036 -794.0000000000
6041 -793.0000000000
6047 -792.0000000000
6051 -791.0000000000
6059 -790.0000000000
6061 -789.0000000000
6067 -788.0000000000
6080 -787.0000000000
6089 -786.0000000000
6095 -785.0000000000
6105 -784.0000000000
6117 -783.0000000000
6155 -782.0000000000
6183 -780.0000000000
6190 -779.0000000000
6224 -778.0000000000
6229 -777.0000000000
6236 -776.0000000000
6240 -775.0000000000
6248 -774.0000000000
6258 -773.0000000000
6271 -772.0000000000
6283 -770.0000000000
6291 -769.0000000000
6296 -768.0000000000
6328 -767.0000000000
6331 -766.0000000000
6332 -765.0000000000
6339 -764.0000000000
6357 -763.0000000000
6387 -762.0000000000
6390 -761.0000000000
6395 -760.0000000000
6400 -759.0000000000
6422 -758.0000000000
6423 -757.0000000000
6429 -756.0000000000
6434 -755.0000000000
6435 -754.0000000000
6439 -753.0000000000
6445 -752.0000000000
6450 -751.0000000000
6458 -750.0000000000
6469 -749.0000000000
6472 -748.0000000000
6481 -747.0000000000
6499 -746.0000000000
6505 -745.0000000000
6506 -744.0000000000
6508 -743.0000000000
6522 -742.0000000000
6535 -741.0000000000
6557 -740.0000000000
6600 -739.0000000000
6623 -738.0000000000
6634 -737.0000000000
6637 -736.0000000000
6641 -735.0000000000
6652 -734.0000000000
6679 -733.0000000000
6698 -732.0000000000
6715 -731.0000000000
6746 -730.0000000000
6750 -729.0000000000
6760 -728.0000000000
6764 -727.0000000000
6765 -726.0000000000
6774 -725.0000000000
6791 -724.0000000000
6796 -723.0000000000
6801 -722.0000000000
6803 -721.0000000000
6820 -720.0000000000
6826 -719.0000000000
6834 -718.0000000000
6857 -717.0000000000
6889 -716.0000000000
6911 -715.0000000000
6920 -714.0000000000
6930 -713.0000000000
6933 -712.0000000000
6962 -710.0000000000
6965 -709.0000000000
6983 -708.0000000000
6988 -707.0000000000
7012 -706.0000000000
7014 -705.0000000000
7020 -704.0000000000
7023 -703.0000000000
7027 -702.0000000000
7036 -701.0000000000
7059 -700.0000000000
7078 -698.0000000000
7079 -697.0000000000
7123 -696.0000000000
7150 -695.0000000000
7151 -694.0000000000
7154 -693.0000000000
7155 -692.0000000000
7160 -691.0000000000
7165 -690.0000000000
7187 -689.0000000000
7209 -688.0000000000
7212 -687.0000000000
7217 -685.0000000000
7220 -684.0000000000
7221 -683.0000000000
7227 -682.0000000000
7231 -681.0000000000
7259 -680.0000000000
7260 -679.0000000000
7270 -678.0000000000
7272 -677.0000000000
7277 -676.0000000000
7288 -675.0000000000
7301 -674.0000000000
7308 -673.0000000000
7318 -672.0000000000
7323 -671.0000000000
7327 -670.0000000000
7334 -669.0000000000
7348 -668.0000000000
7354 -667.0000000000
7384 -666.0000000000
7391 -665.0000000000
7392 -664.0000000000
7409 -662.0000000000
7413 -661.0000000000
7424 -660.0000000000
7430 -659.0000000000
7448 -658.0000000000
7449 -657.0000000000
7453 -656.0000000000
7466 -654.0000000000
7469 -653.0000000000
7510 -652.0000000000
7544 -651.0000000000
7551 -650.0000000000
7566 -649.0000000000
7571 -648.0000000000
7576 -647.0000000000
7578 -646.0000000000
7581 -645.0000000000
7596 -644.0000000000
7605 -643.0000000000
7610 -642.0000000000
7713 -641.0000000000
7729 -640.0000000000
7750 -639.0000000000
7753 -638.0000000000
7759 -637.0000000000
7761 -636.0000000000
7769 -635.0000000000
7778 -634.0000000000
7783 -633.0000000000
7792 -632.0000000000
7796 -631.0000000000
7797 -630.0000000000
7805 -629.0000000000
7810 -628.0000000000
7818 -627.0000000000
7822 -626.0000000000
7845 -625.0000000000
7862 -624.0000000000
7871 -623.0000000000
7881 -622.0000000000
7898 -621.0000000000
7915 -620.0000000000
7924 -619.0000000000
7935 -618.0000000000
7989 -617.0000000000
8021 -616.0000000000
8044 -615.0000000000
8057 -614.0000000000
8109 -613.0000000000
8126 -611.0000000000
8154 -610.0000000000
8160 -609.0000000000
8162 -608.0000000000
8177 -607.0000000000
8196 -606.0000000000
8204 -605.0000000000
8231 -604.0000000000
8235 -603.0000000000
8247 -602.0000000000
8274 -601.0000000000
8278 -600.0000000000
8289 -599.0000000000
8310 -598.0000000000
8334 -597.0000000000
8344 -596.0000000000
8385 -595.0000000000
8395 -594.0000000000
8411 -593.0000000000
8427 -592.0000000000
8430 -591.0000000000
8436 -590.0000000000
8438 -589.0000000000
8447 -588.0000000000
8461 -587.0000000000
8468 -586.0000000000
8477 -585.0000000000
8478 -584.0000000000
8497 -583.0000000000
8503 -582.0000000000
8539 -581.0000000000
8541 -580.0000000000
8560 -579.0000000000
8562 -578.0000000000
8566 -577.0000000000
8573 -575.0000000000
8600 -574.0000000000
8628 -573.0000000000
8634 -572.0000000000
8642 -571.0000000000
8650 -570.0000000000
8659 -569.0000000000
8677 -568.0000000000
8687 -567.0000000000
8689 -566.0000000000
8724 -565.0000000000
8728 -564.0000000000
8732 -563.0000000000
8744 -562.0000000000
8757 -561.0000000000
8763 -560.0000000000
8766 -559.0000000000
8789 -558.0000000000
8801 -557.0000000000
8802 -556.0000000000
8807 -555.0000000000
8855 -554.0000000000
8856 -553.0000000000
8885 -552.0000000000
8897 -551.0000000000
8936 -550.0000000000
8971 -549.0000000000
8979 -548.0000000000
8983 -547.0000000000
8996 -546.0000000000
9030 -545.0000000000
9038 -544.0000000000
9071 -543.0000000000
9088 -542.0000000000
9133 -541.0000000000
9158 -540.0000000000
9173 -539.0000000000
9204 -538.0000000000
9236 -537.0000000000
9258 -536.0000000000
9263 -535.0000000000
9265 -534.0000000000
9288 -533.0000000000
9289 -532.0000000000
9291 -531.0000000000
9298 -530.0000000000
9303 -529.0000000000
9329 -528.0000000000
9336 -526.0000000000
9340 -525.0000000000
9397 -524.0000000000
9402 -523.0000000000
9433 -522.0000000000
9449 -521.0000000000
9475 -520.0000000000
9477 -519.0000000000
9481 -518.0000000000
9506 -516.0000000000
9510 -515.0000000000
9511 -514.0000000000
9512 -513.0000000000
9567 -512.0000000000
9580 -511.0000000000
9587 -510.0000000000
9599 -509.0000000000
9632 -508.0000000000
9648 -507.0000000000
9658 -506.0000000000
9710 -505.0000000000
9717 -504.0000000000
9718 -503.0000000000
9719 -502.0000000000
9819 -501.0000000000
9831 -499.0000000000
9845 -498.0000000000
9853 -497.0000000000
9889 -496.0000000000
9902 -495.0000000000
9924 -494.0000000000
9926 -493.0000000000
9934 -492.0000000000
9938 -491.0000000000
9952 -490.0000000000
9964 -489.0000000000
9976 -488.0000000000
10000 -487.0000000000
evaluations raw_y
1 -1889.0000000000
10 -1887.0000000000
21 -1886.0000000000
22 -1885.0000000000
23 -1884.0000000000
25 -1883.0000000000
27 -1882.0000000000
29 -1880.0000000000
32 -1878.0000000000
41 -1877.0000000000
44 -1876.0000000000
45 -1875.0000000000
50 -1874.0000000000
56 -1873.0000000000
64 -1872.0000000000
67 -1870.0000000000
68 -1868.0000000000
69 -1867.0000000000
72 -1866.0000000000
78 -1865.0000000000
80 -1863.0000000000
81 -1862.0000000000
82 -1861.0000000000
88 -1859.0000000000
89 -1858.0000000000
93 -1856.0000000000
94 -1853.0000000000
96 -1852.0000000000
97 -1851.0000000000
102 -1850.0000000000
103 -1849.0000000000
107 -1848.0000000000
111 -1846.0000000000
113 -1844.0000000000
118 -1843.0000000000
124 -1841.0000000000
134 -1840.0000000000
141 -1839.0000000000
144 -1837.0000000000
154 -1835.0000000000
155 -1834.0000000000
157 -1833.0000000000
160 -1831.0000000000
163 -1830.0000000000
172 -1829.0000000000
173 -1828.0000000000
177 -1827.0000000000
182 -1826.0000000000
186 -1825.0000000000
190 -1823.0000000000
194 -1821.0000000000
195 -1820.0000000000
196 -1818.0000000000
197 -1817.0000000000
204 -1816.0000000000
208 -1815.0000000000
211 -1814.0000000000
214 -1813.0000000000
215 -1811.0000000000
218 -1810.0000000000
219 -1809.0000000000
227 -1808.0000000000
230 -1807.0000000000
233 -1806.0000000000
234 -1805.0000000000
235 -1804.0000000000
243 -1803.0000000000
246 -1802.0000000000
248 -1801.0000000000
249 -1798.0000000000
251 -1796.0000000000
257 -1795.0000000000
258 -1794.0000000000
260 -1790.0000000000
270 -1788.0000000000
273 -1787.0000000000
275 -1786.0000000000
294 -1785.0000000000
295 -1783.0000000000
296 -1779.0000000000
298 -1777.0000000000
300 -1776.0000000000
301 -1775.0000000000
303 -1774.0000000000
307 -1773.0000000000
309 -1772.0000000000
312 -1771.0000000000
314 -1770.0000000000
315 -1769.0000000000
321 -1768.0000000000
324 -1767.0000000000
327 -1765.0000000000
335 -1764.0000000000
337 -1763.0000000000
340 -1762.0000000000
345 -1761.0000000000
349 -1760.0000000000
352 -1759.0000000000
361 -1758.0000000000
366 -1756.0000000000
371 -1755.0000000000
379 -1754.0000000000
380 -1753.0000000000
389 -1751.0000000000
391 -1750.0000000000
397 -1749.0000000000
399 -1746.0000000000
405 -1745.0000000000
414 -1744.0000000000
418 -1743.0000000000
422 -1741.0000000000
423 -1740.0000000000
424 -1739.0000000000
433 -1738.0000000000
434 -1736.0000000000
440 -1735.0000000000
441 -1734.0000000000
446 -1732.0000000000
451 -1731.0000000000
465 -1730.0000000000
472 -1729.0000000000
474 -1728.0000000000
479 -1727.0000000000
498 -1726.0000000000
499 -1724.0000000000
509 -1723.0000000000
515 -1722.0000000000
516 -1721.0000000000
519 -1720.0000000000
532 -1719.0000000000
533 -1717.0000000000
534 -1716.0000000000
535 -1715.0000000000
537 -1714.0000000000
541 -1713.0000000000
556 -1712.0000000000
561 -1711.0000000000
565 -1709.0000000000
573 -1707.0000000000
578 -1706.0000000000
581 -1705.0000000000
584 -1704.0000000000
585 -1703.0000000000
590 -1702.0000000000
592 -1701.0000000000
596 -1700.0000000000
607 -1698.0000000000
617 -1696.0000000000
623 -1695.0000000000
628 -1693.0000000000
629 -1692.0000000000
638 -1691.0000000000
643 -1690.0000000000
644 -1689.0000000000
646 -1688.0000000000
650 -1686.0000000000
652 -1685.0000000000
657 -1684.0000000000
659 -1683.0000000000
663 -1682.0000000000
666 -1681.0000000000
667 -1680.0000000000
668 -1679.0000000000
677 -1678.0000000000
679 -1677.0000000000
685 -1675.0000000000
692 -1674.0000000000
695 -1673.0000000000
700 -1672.0000000000
701 -1671.0000000000
703 -1670.0000000000
706 -1668.0000000000
708 -1667.0000000000
711 -1665.0000000000
714 -1664.0000000000
715 -1662.0000000000
717 -1659.0000000000
722 -1658.0000000000
723 -1656.0000000000
726 -1654.0000000000
729 -1652.0000000000
732 -1651.0000000000
734 -1649.0000000000
737 -1648.0000000000
739 -1647.0000000000
740 -1645.0000000000
745 -1644.0000000000
749 -1643.0000000000
752 -1641.0000000000
762 -1639.0000000000
766 -1638.0000000000
770 -1637.0000000000
771 -1635.0000000000
787 -1634.0000000000
788 -1632.0000000000
789 -1631.0000000000
791 -1630.0000000000
807 -1629.0000000000
811 -1628.0000000000
822 -1626.0000000000
825 -1625.0000000000
826 -1624.0000000000
829 -1623.0000000000
833 -1622.0000000000
835 -1621.0000000000
843 -1620.0000000000
847 -1619.0000000000
848 -1618.0000000000
852 -1617.0000000000
855 -1615.0000000000
856 -1614.0000000000
857 -1613.0000000000
866 -1611.0000000000
874 -1610.0000000000
875 -1609.0000000000
881 -1608.0000000000
886 -1607.0000000000
888 -1606.0000000000
897 -1605.0000000000
901 -1604.0000000000
908 -1603.0000000000
911 -1602.0000000000
912 -1601.0000000000
918 -1600.0000000000
921 -1599.0000000000
928 -1598.0000000000
939 -1596.0000000000
946 -1595.0000000000
951 -1594.0000000000
954 -1593.0000000000
957 -1592.0000000000
964 -1591.0000000000
967 -1590.0000000000
970 -1589.0000000000
971 -1588.0000000000
976 -1587.0000000000
981 -1586.0000000000
1000 -1585.0000000000
1001 -1584.0000000000
1002 -1582.0000000000
1009 -1581.0000000000
1024 -1580.0000000000
1033 -1579.0000000000
1036 -1578.0000000000
1040 -1577.0000000000
1042 -1576.0000000000
1044 -1575.0000000000
1045 -1574.0000000000
1047 -1573.0000000000
1049 -1572.0000000000
1050 -1569.0000000000
1054 -1568.0000000000
1056 -1567.0000000000
1059 -1566.0000000000
1060 -1565.0000000000
1063 -1564.0000000000
1079 -1563.0000000000
1081 -1562.0000000000
1082 -1560.0000000000
1085 -1559.0000000000
1086 -1557.0000000000
1090 -1556.0000000000
1096 -1554.0000000000
1103 -1551.0000000000
1110 -1550.0000000000
1114 -1549.0000000000
1115 -1548.0000000000
1123 -1547.0000000000
1124 -1545.0000000000
1127 -1544.0000000000
1139 -1543.0000000000
1140 -1542.0000000000
1143 -1541.0000000000
1153 -1540.0000000000
1164 -1539.0000000000
1165 -1537.0000000000
1168 -1536.0000000000
1169 -1535.0000000000
1173 -1534.0000000000
1189 -1532.0000000000
1191 -1531.0000000000
1193 -1530.0000000000
1205 -1529.0000000000
1206 -1528.0000000000
1211 -1526.0000000000
1218 -1525.0000000000
1229 -1524.0000000000
1238 -1523.0000000000
1241 -1522.0000000000
1245 -1521.0000000000
1246 -1520.0000000000
1260 -1519.0000000000
1263 -1518.0000000000
1266 -1517.0000000000
1267 -1516.0000000000
1276 -1515.0000000000
1298 -1514.0000000000
1300 -1513.0000000000
1301 -1511.0000000000
1303 -1510.0000000000
1306 -1508.0000000000
1309 -1507.0000000000
1314 -1506.0000000000
1316 -1505.0000000000
1321 -1504.0000000000
1326 -1503.0000000000
1334 -1502.0000000000
1335 -1500.0000000000
1336 -1499.0000000000
1340 -1498.0000000000
1346 -1497.0000000000
1348 -1495.0000000000
1352 -1493.0000000000
1356 -1492.0000000000
1358 -1491.0000000000
1369 -1490.0000000000
1371 -1489.0000000000
1373 -1488.0000000000
1374 -1487.0000000000
1383 -1485.0000000000
1384 -1484.0000000000
1385 -1483.0000000000
1386 -1482.0000000000
1387 -1480.0000000000
1397 -1479.0000000000
1400 -1478.0000000000
1409 -1477.0000000000
1413 -1476.0000000000
1415 -1475.0000000000
1416 -1474.0000000000
1417 -1473.0000000000
1419 -1470.0000000000
1424 -1469.0000000000
1437 -1468.0000000000
1441 -1467.0000000000
1443 -1466.0000000000
1446 -1465.0000000000
1447 -1464.0000000000
1448 -1463.0000000000
1451 -1462.0000000000
1455 -1461.0000000000
1457 -1459.0000000000
1458 -1458.0000000000
1470 -1457.0000000000
1477 -1456.0000000000
1487 -1455.0000000000
1503 -1454.0000000000
1507 -1453.0000000000
1508 -1452.0000000000
1509 -1451.0000000000
1513 -1450.0000000000
1514 -1449.0000000000
1516 -1448.0000000000
1517 -1447.0000000000
1518 -1446.0000000000
1524 -1445.0000000000
1526 -1444.0000000000
1528 -1442.0000000000
1535 -1441.0000000000
1539 -1440.0000000000
1548 -1439.0000000000
1550 -1438.0000000000
1551 -1437.0000000000
1553 -1436.0000000000
1557 -1435.0000000000
1568 -1434.0000000000
1569 -1433.0000000000
1573 -1432.0000000000
1575 -1431.0000000000
1578 -1430.0000000000
1587 -1429.0000000000
1588 -1428.0000000000
1594 -1426.0000000000
1597 -1425.0000000000
1598 -1424.0000000000
1600 -1423.0000000000
1604 -1422.0000000000
1605 -1421.0000000000
1610 -1420.0000000000
1613 -1418.0000000000
1616 -1417.0000000000
1618 -1416.0000000000
1625 -1415.0000000000
1626 -1414.0000000000
1640 -1413.0000000000
1649 -1412.0000000000
1650 -1411.0000000000
1652 -1409.0000000000
1656 -1408.0000000000
1665 -1407.0000000000
1666 -1405.0000000000
1667 -1404.0000000000
1679 -1403.0000000000
1684 -1402.0000000000
1687 -1401.0000000000
1696 -1400.0000000000
1713 -1399.0000000000
1720 -1398.0000000000
1727 -1397.0000000000
1728 -1396.0000000000
1729 -1395.0000000000
1731 -1394.0000000000
1733 -1392.0000000000
1734 -1391.0000000000
1739 -1389.0000000000
1740 -1388.0000000000
1749 -1387.0000000000
1753 -1384.0000000000
1754 -1383.0000000000
1761 -1382.0000000000
1764 -1381.0000000000
1765 -1380.0000000000
1768 -1379.0000000000
1769 -1378.0000000000
1774 -1377.0000000000
1791 -1375.0000000000
1805 -1374.0000000000
1817 -1373.0000000000
1824 -1371.0000000000
1831 -1370.0000000000
1834 -1369.0000000000
1835 -1368.0000000000
1844 -1367.0000000000
1852 -1365.0000000000
1854 -1364.0000000000
1858 -1363.0000000000
1861 -1362.0000000000
1866 -1361.0000000000
1869 -1360.0000000000
1874 -1359.0000000000
1877 -1358.0000000000
1879 -1357.0000000000
1891 -1356.0000000000
1911 -1354.0000000000
1916 -1353.0000000000
1928 -1352.0000000000
1936 -1351.0000000000
1937 -1350.0000000000
1945 -1349.0000000000
1954 -1348.0000000000
1964 -1347.0000000000
1976 -1346.0000000000
2014 -1345.0000000000
2028 -1343.0000000000
2035 -1342.0000000000
2037 -1340.0000000000
2042 -1339.0000000000
2043 -1338.0000000000
2046 -1337.0000000000
2054 -1336.0000000000
2055 -1335.0000000000
2057 -1334.0000000000
2066 -1333.0000000000
2069 -1332.0000000000
2073 -1331.0000000000
2075 -1329.0000000000
2082 -1328.0000000000
2095 -1327.0000000000
2097 -1325.0000000000
2100 -1324.0000000000
2105 -1323.0000000000
2108 -1322.0000000000
2111 -1321.0000000000
2113 -1320.0000000000
2116 -1319.0000000000
2124 -1318.0000000000
2128 -1317.0000000000
2132 -1316.0000000000
2137 -1314.0000000000
2147 -1313.0000000000
2159 -1312.0000000000
2185 -1311.0000000000
2187 -1310.0000000000
2191 -1309.0000000000
2204 -1308.0000000000
2206 -1307.0000000000
2209 -1306.0000000000
2219 -1305.0000000000
2222 -1304.0000000000
2223 -1303.0000000000
2232 -1302.0000000000
2234 -1301.0000000000
2237 -1300.0000000000
2239 -1299.0000000000
2250 -1298.0000000000
2252 -1297.0000000000
2261 -1296.0000000000
2269 -1295.0000000000
2270 -1294.0000000000
2272 -1293.0000000000
2281 -1292.0000000000
2282 -1291.0000000000
2292 -1289.0000000000
2300 -1288.0000000000
2322 -1287.0000000000
2323 -1285.0000000000
2328 -1283.0000000000
2350 -1281.0000000000
2354 -1280.0000000000
2355 -1279.0000000000
2356 -1278.0000000000
2367 -1277.0000000000
2370 -1276.0000000000
2373 -1273.0000000000
2384 -1272.0000000000
2386 -1271.0000000000
2387 -1270.0000000000
2389 -1269.0000000000
2397 -1268.0000000000
2400 -1267.0000000000
2402 -1266.0000000000
2403 -1265.0000000000
2410 -1264.0000000000
2415 -1263.0000000000
2425 -1262.0000000000
2427 -1261.0000000000
2430 -1260.0000000000
2444 -1259.0000000000
2447 -1258.0000000000
2450 -1257.0000000000
2451 -1256.0000000000
2459 -1254.0000000000
2460 -1253.0000000000
2467 -1251.0000000000
2468 -1250.0000000000
2478 -1249.0000000000
2487 -1248.0000000000
2496 -1246.0000000000
2497 -1245.0000000000
2505 -1243.0000000000
2510 -1242.0000000000
2516 -1241.0000000000
2518 -1240.0000000000
2519 -1239.0000000000
2526 -1238.0000000000
2536 -1237.0000000000
2537 -1236.0000000000
2545 -1235.0000000000
2550 -1233.0000000000
2560 -1231.0000000000
2565 -1230.0000000000
2573 -1229.0000000000
2576 -1228.0000000000
2578 -1227.0000000000
2582 -1226.0000000000
2594 -1225.0000000000
2596 -1224.0000000000
2598 -1223.0000000000
2600 -1222.0000000000
2601 -1221.0000000000
2606 -1219.0000000000
2608 -1218.0000000000
2615 -1217.0000000000
2619 -1216.0000000000
2652 -1215.0000000000
2655 -1214.0000000000
2660 -1213.0000000000
2664 -1212.0000000000
2665 -1209.0000000000
2667 -1208.0000000000
2673 -1207.0000000000
2676 -1206.0000000000
2700 -1204.0000000000
2711 -1203.0000000000
2714 -1202.0000000000
2718 -1201.0000000000
2725 -1200.0000000000
2732 -1198.0000000000
2736 -1197.0000000000
2741 -1196.0000000000
2742 -1195.0000000000
2749 -1194.0000000000
2751 -1193.0000000000
2752 -1192.0000000000
2757 -1191.0000000000
2758 -1190.0000000000
2759 -1188.0000000000
2763 -1186.0000000000
2768 -1185.0000000000
2770 -1184.0000000000
2771 -1183.0000000000
2775 -1182.0000000000
2776 -1181.0000000000
2777 -1180.0000000000
2780 -1179.0000000000
2781 -1178.0000000000
2784 -1177.0000000000
2786 -1176.0000000000
2787 -1175.0000000000
2791 -1174.0000000000
2793 -1173.0000000000
2796 -1172.0000000000
2800 -1171.0000000000
2802 -1168.0000000000
2806 -1165.0000000000
2810 -1164.0000000000
2816 -1163.0000000000
2833 -1162.0000000000
2835 -1161.0000000000
2852 -1160.0000000000
2856 -1158.0000000000
2870 -1157.0000000000
2871 -1156.0000000000
2884 -1155.0000000000
2885 -1154.0000000000
2893 -1153.0000000000
2900 -1151.0000000000
2910 -1149.0000000000
2911 -1148.0000000000
2915 -1147.0000000000
2924 -1146.0000000000
2931 -1145.0000000000
2932 -1144.0000000000
2952 -1142.0000000000
2957 -1141.0000000000
2964 -1140.0000000000
2972 -1139.0000000000
2991 -1138.0000000000
3005 -1137.0000000000
3014 -1136.0000000000
3017 -1134.0000000000
3020 -1133.0000000000
3022 -1132.0000000000
3023 -1131.0000000000
3035 -1129.0000000000
3041 -1128.0000000000
3060 -1126.0000000000
3062 -1125.0000000000
3067 -1124.0000000000
3069 -1122.0000000000
3094 -1121.0000000000
3096 -1120.0000000000
3117 -1117.0000000000
3118 -1116.0000000000
3119 -1115.0000000000
3130 -1114.0000000000
3153 -1113.0000000000
3155 -1112.0000000000
3171 -1110.0000000000
3177 -1109.0000000000
3181 -1108.0000000000
3185 -1107.0000000000
3189 -1106.0000000000
3199 -1104.0000000000
3200 -1102.0000000000
3204 -1101.0000000000
3213 -1100.0000000000
3217 -1099.0000000000
3227 -1098.0000000000
3233 -1097.0000000000
3257 -1095.0000000000
3261 -1094.0000000000
3270 -1093.0000000000
3279 -1092.0000000000
3281 -1091.0000000000
3284 -1090.0000000000
3293 -1089.0000000000
3302 -1088.0000000000
3307 -1087.0000000000
3318 -1086.0000000000
3361 -1085.0000000000
3367 -1084.0000000000
3376 -1083.0000000000
3383 -1082.0000000000
3387 -1081.0000000000
3388 -1080.0000000000
3390 -1079.0000000000
3396 -1078.0000000000
3398 -1077.0000000000
3403 -1076.0000000000
3406 -1074.0000000000
3409 -1073.0000000000
3416 -1072.0000000000
3418 -1071.0000000000
3419 -1070.0000000000
3424 -1069.0000000000
3441 -1067.0000000000
3447 -1065.0000000000
3452 -1064.0000000000
3457 -1063.0000000000
3458 -1061.0000000000
3459 -1060.0000000000
3460 -1059.0000000000
3467 -1058.0000000000
3468 -1057.0000000000
3475 -1055.0000000000
3480 -1054.0000000000
3484 -1053.0000000000
3494 -1052.0000000000
3495 -1051.0000000000
3497 -1050.0000000000
3507 -1049.0000000000
3524 -1048.0000000000
3529 -1047.0000000000
3531 -1046.0000000000
3540 -1045.0000000000
3575 -1044.0000000000
3584 -1043.0000000000
3585 -1042.0000000000
3604 -1041.0000000000
3612 -1039.0000000000
3616 -1038.0000000000
3636 -1037.0000000000
3655 -1036.0000000000
3657 -1035.0000000000
3665 -1034.0000000000
3683 -1033.0000000000
3686 -1032.0000000000
3701 -1031.0000000000
3713 -1030.0000000000
3714 -1029.0000000000
3724 -1028.0000000000
3757 -1027.0000000000
3758 -1026.0000000000
3768 -1025.0000000000
3783 -1024.0000000000
3787 -1023.0000000000
3792 -1022.0000000000
3802 -1021.0000000000
3812 -1019.0000000000
3826 -1018.0000000000
3833 -1017.0000000000
3848 -1016.0000000000
3876 -1014.0000000000
3877 -1013.0000000000
3878 -1012.0000000000
3881 -1011.0000000000
3891 -1010.0000000000
3899 -1009.0000000000
3927 -1008.0000000000
3934 -1007.0000000000
3938 -1006.0000000000
3950 -1005.0000000000
3953 -1004.0000000000
3964 -1003.0000000000
3969 -1002.0000000000
4002 -1001.0000000000
4030 -1000.0000000000
4037 -999.0000000000
4046 -997.0000000000
4068 -996.0000000000
4077 -995.0000000000
4079 -994.0000000000
4085 -993.0000000000
4094 -992.0000000000
4119 -991.0000000000
4122 -990.0000000000
4124 -989.0000000000
4148 -988.0000000000
4155 -987.0000000000
4160 -986.0000000000
4161 -985.0000000000
4174 -984.0000000000
4185 -983.0000000000
4201 -982.0000000000
4203 -981.0000000000
4207 -979.0000000000
4209 -978.0000000000
4213 -977.0000000000
4232 -976.0000000000
4236 -975.0000000000
4237 -973.0000000000
4240 -972.0000000000
4247 -971.0000000000
4248 -970.0000000000
4259 -969.0000000000
4272 -968.0000000000
4308 -967.0000000000
4313 -966.0000000000
4333 -965.0000000000
4342 -964.0000000000
4350 -963.0000000000
4355 -962.0000000000
4356 -961.0000000000
4358 -960.0000000000
4360 -959.0000000000
4371 -957.0000000000
4375 -956.0000000000
4378 -954.0000000000
4388 -953.0000000000
4392 -952.0000000000
4395 -951.0000000000
4414 -950.0000000000
4422 -949.0000000000
4427 -948.0000000000
4429 -947.0000000000
4436 -945.0000000000
4450 -944.0000000000
4452 -943.0000000000
4470 -942.0000000000
4478 -941.0000000000
4485 -940.0000000000
4494 -939.0000000000
4500 -938.0000000000
4509 -937.0000000000
4511 -936.0000000000
4512 -935.0000000000
4529 -934.0000000000
4530 -933.0000000000
4532 -931.0000000000
4537 -929.0000000000
4547 -928.0000000000
4551 -927.0000000000
4575 -926.0000000000
4588 -925.0000000000
4594 -924.0000000000
4601 -923.0000000000
4602 -922.0000000000
4604 -921.0000000000
4605 -920.0000000000
4611 -919.0000000000
4621 -918.0000000000
4622 -917.0000000000
4625 -916.0000000000
4631 -915.0000000000
4636 -914.0000000000
4640 -913.0000000000
4647 -912.0000000000
4651 -911.0000000000
4668 -910.0000000000
4671 -909.0000000000
4682 -908.0000000000
4685 -907.0000000000
4697 -906.0000000000
4723 -905.0000000000
4727 -904.0000000000
4730 -903.0000000000
4731 -902.0000000000
4734 -900.0000000000
4746 -899.0000000000
4747 -898.0000000000
4749 -897.0000000000
4765 -896.0000000000
4777 -895.0000000000
4785 -894.0000000000
4794 -893.0000000000
4819 -891.0000000000
4830 -889.0000000000
4841 -888.0000000000
4874 -887.0000000000
4877 -886.0000000000
4892 -885.0000000000
4897 -884.0000000000
4901 -883.0000000000
4914 -882.0000000000
4919 -881.0000000000
4929 -878.0000000000
4942 -877.0000000000
4967 -876.0000000000
4975 -874.0000000000
4977 -873.0000000000
4979 -872.0000000000
4997 -871.0000000000
5015 -869.0000000000
5016 -868.0000000000
5024 -866.0000000000
5027 -865.0000000000
5033 -864.0000000000
5048 -863.0000000000
5068 -861.0000000000
5071 -860.0000000000
5077 -859.0000000000
5085 -858.0000000000
5087 -857.0000000000
5101 -856.0000000000
5102 -855.0000000000
5103 -854.0000000000
5105 -853.0000000000
5110 -852.0000000000
5112 -851.0000000000
5126 -850.0000000000
5129 -849.0000000000
5131 -848.0000000000
5154 -847.0000000000
5161 -846.0000000000
5165 -843.0000000000
5169 -841.0000000000
5170 -840.0000000000
5179 -838.0000000000
5181 -837.0000000000
5202 -836.0000000000
5208 -835.0000000000
5215 -834.0000000000
5220 -833.0000000000
5221 -832.0000000000
5231 -831.0000000000
5244 -830.0000000000
5257 -829.0000000000
5275 -828.0000000000
5279 -827.0000000000
5296 -826.0000000000
5306 -825.0000000000
5325 -822.0000000000
5338 -821.0000000000
5349 -820.0000000000
5355 -819.0000000000
5363 -818.0000000000
5376 -817.0000000000
5386 -816.0000000000
5400 -815.0000000000
5457 -814.0000000000
5468 -813.0000000000
5489 -812.0000000000
5494 -811.0000000000
5501 -809.0000000000
5513 -808.0000000000
5515 -807.0000000000
5517 -806.0000000000
5529 -804.0000000000
5550 -803.0000000000
5567 -802.0000000000
5576 -801.0000000000
5580 -800.0000000000
5597 -799.0000000000
5601 -798.0000000000
5604 -797.0000000000
5612 -796.0000000000
5616 -795.0000000000
5617 -793.0000000000
5622 -792.0000000000
5638 -791.0000000000
5645 -790.0000000000
5651 -789.0000000000
5663 -788.0000000000
5668 -787.0000000000
5695 -786.0000000000
5704 -784.0000000000
5723 -783.0000000000
5745 -781.0000000000
5748 -779.0000000000
5752 -778.0000000000
5779 -777.0000000000
5781 -776.0000000000
5790 -775.0000000000
5808 -774.0000000000
5809 -773.0000000000
5813 -771.0000000000
5833 -770.0000000000
5836 -769.0000000000
5837 -768.0000000000
5838 -767.0000000000
5852 -765.0000000000
5909 -764.0000000000
5912 -763.0000000000
5915 -762.0000000000
5923 -761.0000000000
5940 -760.0000000000
5976 -759.0000000000
5980 -758.0000000000
5983 -757.0000000000
5984 -756.0000000000
5999 -755.0000000000
6000 -754.0000000000
6013 -753.0000000000
6018 -752.0000000000
6034 -751.0000000000
6052 -750.0000000000
6088 -748.0000000000
6104 -747.0000000000
6105 -746.0000000000
6106 -744.0000000000
6107 -742.0000000000
6109 -741.0000000000
6111 -740.0000000000
6117 -739.0000000000
6124 -736.0000000000
6143 -735.0000000000
6166 -734.0000000000
6172 -733.0000000000
6178 -732.0000000000
6184 -731.0000000000
6189 -730.0000000000
6197 -729.0000000000
6218 -728.0000000000
6237 -727.0000000000
6241 -726.0000000000
6245 -725.0000000000
6281 -724.0000000000
6291 -723.0000000000
6303 -722.0000000000
6333 -721.0000000000
6336 -720.0000000000
6345 -719.0000000000
6354 -718.0000000000
6355 -717.0000000000
6359 -716.0000000000
6380 -715.0000000000
6389 -714.0000000000
6396 -713.0000000000
6398 -712.0000000000
6399 -711.0000000000
6410 -710.0000000000
6420 -709.0000000000
6429 -708.0000000000
6443 -707.0000000000
6468 -706.0000000000
6475 -704.0000000000
6478 -703.0000000000
6497 -702.0000000000
6522 -701.0000000000
6529 -700.0000000000
6553 -698.0000000000
6561 -696.0000000000
6564 -694.0000000000
6582 -693.0000000000
6594 -692.0000000000
6601 -691.0000000000
6603 -690.0000000000
6628 -689.0000000000
6629 -686.0000000000
6644 -685.0000000000
6654 -684.0000000000
6657 -683.0000000000
6662 -682.0000000000
6684 -680.0000000000
6690 -679.0000000000
6693 -678.0000000000
6704 -677.0000000000
6711 -676.0000000000
6723 -675.0000000000
6751 -674.0000000000
6757 -673.0000000000
6766 -670.0000000000
6772 -669.0000000000
6773 -668.0000000000
6780 -667.0000000000
6783 -666.0000000000
6798 -665.0000000000
6800 -664.0000000000
6810 -663.0000000000
6878 -662.0000000000
6889 -661.0000000000
6897 -660.0000000000
6898 -659.0000000000
6899 -658.0000000000
6946 -657.0000000000
6967 -655.0000000000
6993 -654.0000000000
7003 -653.0000000000
7004 -651.0000000000
7006 -650.0000000000
7012 -649.0000000000
7027 -648.0000000000
7030 -647.0000000000
7038 -646.0000000000
7060 -645.0000000000
7067 -644.0000000000
7074 -643.0000000000
7088 -642.0000000000
7093 -641.0000000000
7139 -639.0000000000
7168 -638.0000000000
7172 -637.0000000000
7174 -636.0000000000
7175 -635.0000000000
7206 -634.0000000000
7209 -633.0000000000
7214 -632.0000000000
7218 -630.0000000000
7219 -629.0000000000
7236 -628.0000000000
7266 -627.0000000000
7270 -626.0000000000
7281 -625.0000000000
7283 -624.0000000000
7292 -623.0000000000
7295 -622.0000000000
7306 -621.0000000000
7315 -620.0000000000
7322 -619.0000000000
7327 -618.0000000000
7329 -617.0000000000
7331 -616.0000000000
7358 -615.0000000000
7359 -614.0000000000
7367 -613.0000000000
7378 -612.0000000000
7390 -611.0000000000
7394 -609.0000000000
7410 -608.0000000000
7417 -607.0000000000
7433 -606.0000000000
7448 -605.0000000000
7468 -604.0000000000
7469 -603.0000000000
7510 -600.0000000000
7519 -597.0000000000
7537 -596.0000000000
7538 -595.0000000000
7548 -594.0000000000
7563 -593.0000000000
7573 -592.0000000000
7579 -591.0000000000
7601 -590.0000000000
7605 -589.0000000000
7635 -588.0000000000
7644 -587.0000000000
7662 -586.0000000000
7665 -584.0000000000
7666 -582.0000000000
7669 -581.0000000000
7687 -580.0000000000
7695 -579.0000000000
7718 -578.0000000000
7727 -577.0000000000
7738 -576.0000000000
7762 -574.0000000000
7803 -573.0000000000
7806 -572.0000000000
7813 -571.0000000000
7829 -570.0000000000
7852 -569.0000000000
7860 -568.0000000000
7877 -566.0000000000
7906 -565.0000000000
7911 -564.0000000000
7924 -563.0000000000
7937 -562.0000000000
7943 -561.0000000000
7946 -560.0000000000
7948 -559.0000000000
7952 -558.0000000000
7963 -557.0000000000
7986 -556.0000000000
7991 -555.0000000000
7996 -554.0000000000
8002 -553.0000000000
8030 -552.0000000000
8034 -551.0000000000
8109 -550.0000000000
8142 -549.0000000000
8152 -548.0000000000
8182 -547.0000000000
8222 -545.0000000000
8225 -544.0000000000
8237 -543.0000000000
8250 -542.0000000000
8258 -541.0000000000
8261 -540.0000000000
8264 -539.0000000000
8291 -538.0000000000
8309 -537.0000000000
8337 -536.0000000000
8360 -534.0000000000
8369 -533.0000000000
8384 -532.0000000000
8391 -530.0000000000
8394 -529.0000000000
8401 -528.0000000000
8435 -527.0000000000
8436 -526.0000000000
8438 -525.0000000000
8439 -524.0000000000
8442 -523.0000000000
8453 -522.0000000000
8461 -521.0000000000
8462 -520.0000000000
8468 -519.0000000000
8500 -518.0000000000
8504 -517.0000000000
8532 -516.0000000000
8555 -515.0000000000
8558 -514.0000000000
8566 -513.0000000000
8575 -512.0000000000
8579 -511.0000000000
8602 -510.0000000000
8608 -509.0000000000
8613 -508.0000000000
8624 -507.0000000000
8633 -506.0000000000
8660 -505.0000000000
8668 -503.0000000000
8676 -502.0000000000
8687 -501.0000000000
8698 -500.0000000000
8713 -499.0000000000
8725 -498.0000000000
8728 -497.0000000000
8748 -496.0000000000
8779 -494.0000000000
8816 -493.0000000000
8827 -492.0000000000
8828 -491.0000000000
8833 -490.0000000000
8840 -489.0000000000
8848 -488.0000000000
8852 -487.0000000000
8872 -486.0000000000
8916 -485.0000000000
8919 -484.0000000000
8929 -483.0000000000
8933 -482.0000000000
8942 -480.0000000000
8948 -479.0000000000
8950 -478.0000000000
8952 -477.0000000000
8953 -476.0000000000
8964 -475.0000000000
8974 -474.0000000000
9076 -473.0000000000
9092 -472.0000000000
9144 -471.0000000000
9195 -470.0000000000
9202 -469.0000000000
9213 -468.0000000000
9294 -467.0000000000
9317 -466.0000000000
9337 -465.0000000000
9376 -464.0000000000
9378 -463.0000000000
9392 -462.0000000000
9415 -461.0000000000
9439 -460.0000000000
9440 -459.0000000000
9467 -458.0000000000
9488 -457.0000000000
9496 -456.0000000000
9529 -455.0000000000
9532 -454.0000000000
9533 -453.0000000000
9534 -452.0000000000
9547 -451.0000000000
9550 -450.0000000000
9560 -449.0000000000
9613 -448.0000000000
9632 -447.0000000000
9654 -446.0000000000
9708 -445.0000000000
9760 -444.0000000000
9808 -443.0000000000
9811 -442.0000000000
9816 -441.0000000000
9822 -440.0000000000
9824 -439.0000000000
9846 -438.0000000000
9858 -436.0000000000
9885 -435.0000000000
9903 -434.0000000000
9916 -433.0000000000
9966 -432.0000000000
9978 -431.0000000000
10000 -431.0000000000
evaluations raw_y
1 -1872.0000000000
2 -1870.0000000000
3 -1869.0000000000
6 -1868.0000000000
7 -1867.0000000000
13 -1866.0000000000
14 -1865.0000000000
20 -1864.0000000000
25 -1863.0000000000
30 -1862.0000000000
31 -1860.0000000000
44 -1858.0000000000
47 -1857.0000000000
53 -1856.0000000000
54 -1854.0000000000
58 -1853.0000000000
63 -1851.0000000000
68 -1849.0000000000
71 -1847.0000000000
78 -1846.0000000000
79 -1845.0000000000
83 -1844.0000000000
95 -1843.0000000000
96 -1840.0000000000
102 -1839.0000000000
104 -1838.0000000000
106 -1836.0000000000
108 -1835.0000000000
115 -1834.0000000000
116 -1832.0000000000
122 -1831.0000000000
123 -1830.0000000000
125 -1829.0000000000
126 -1828.0000000000
127 -1827.0000000000
131 -1825.0000000000
136 -1824.0000000000
150 -1823.0000000000
153 -1822.0000000000
166 -1821.0000000000
168 -1820.0000000000
174 -1819.0000000000
179 -1818.0000000000
181 -1817.0000000000
196 -1816.0000000000
199 -1813.0000000000
203 -1812.0000000000
204 -1811.0000000000
207 -1810.0000000000
215 -1808.0000000000
217 -1807.0000000000
222 -1806.0000000000
224 -1805.0000000000
233 -1804.0000000000
238 -1802.0000000000
241 -1799.0000000000
246 -1798.0000000000
248 -1797.0000000000
250 -1796.0000000000
253 -1795.0000000000
256 -1793.0000000000
263 -1792.0000000000
266 -1791.0000000000
272 -1790.0000000000
276 -1788.0000000000
279 -1787.0000000000
281 -1786.0000000000
289 -1785.0000000000
290 -1784.0000000000
291 -1783.0000000000
292 -1782.0000000000
299 -1781.0000000000
300 -1780.0000000000
303 -1778.0000000000
323 -1776.0000000000
331 -1773.0000000000
334 -1772.0000000000
337 -1771.0000000000
341 -1769.0000000000
347 -1767.0000000000
354 -1766.0000000000
360 -1765.0000000000
361 -1764.0000000000
365 -1763.0000000000
368 -1762.0000000000
373 -1761.0000000000
380 -1759.0000000000
386 -1758.0000000000
387 -1757.0000000000
389 -1756.0000000000
390 -1755.0000000000
394 -1754.0000000000
398 -1753.0000000000
401 -1752.0000000000
402 -1751.0000000000
410 -1750.0000000000
417 -1749.0000000000
423 -1748.0000000000
425 -1747.0000000000
426 -1744.0000000000
430 -1743.0000000000
440 -1742.0000000000
450 -1740.0000000000
453 -1739.0000000000
455 -1737.0000000000
459 -1736.0000000000
460 -1735.0000000000
463 -1732.0000000000
465 -1730.0000000000
470 -1729.0000000000
472 -1728.0000000000
480 -1726.0000000000
482 -1725.0000000000
488 -1723.0000000000
489 -1722.0000000000
492 -1720.0000000000
493 -1717.0000000000
497 -1716.0000000000
500 -1714.0000000000
506 -1713.0000000000
507 -1712.0000000000
508 -1711.0000000000
512 -1709.0000000000
514 -1708.0000000000
522 -1707.0000000000
528 -1706.0000000000
534 -1703.0000000000
546 -1702.0000000000
551 -1700.0000000000
555 -1698.0000000000
556 -1697.0000000000
560 -1696.0000000000
564 -1695.0000000000
566 -1693.0000000000
573 -1692.0000000000
582 -1691.0000000000
590 -1690.0000000000
592 -1689.0000000000
595 -1688.0000000000
599 -1687.0000000000
601 -1686.0000000000
612 -1685.0000000000
626 -1683.0000000000
631 -1682.0000000000
632 -1680.0000000000
637 -1679.0000000000
643 -1677.0000000000
647 -1675.0000000000
648 -1674.0000000000
653 -1673.0000000000
677 -1671.0000000000
682 -1670.0000000000
686 -1669.0000000000
691 -1667.0000000000
694 -1665.0000000000
696 -1663.0000000000
697 -1662.0000000000
701 -1661.0000000000
703 -1660.0000000000
708 -1659.0000000000
713 -1658.0000000000
736 -1657.0000000000
738 -1656.0000000000
739 -1655.0000000000
741 -1654.0000000000
744 -1653.0000000000
747 -1652.0000000000
748 -1651.0000000000
749 -1650.0000000000
750 -1648.0000000000
752 -1647.0000000000
767 -1646.0000000000
768 -1645.0000000000
774 -1643.0000000000
784 -1642.0000000000
789 -1641.0000000000
791 -1640.0000000000
792 -1638.0000000000
794 -1637.0000000000
797 -1636.0000000000
800 -1635.0000000000
801 -1634.0000000000
807 -1633.0000000000
808 -1632.0000000000
811 -1631.0000000000
814 -1630.0000000000
817 -1629.0000000000
821 -1628.0000000000
830 -1627.0000000000
832 -1625.0000000000
835 -1624.0000000000
841 -1623.0000000000
845 -1622.0000000000
849 -1621.0000000000
853 -1619.0000000000
871 -1618.0000000000
877 -1617.0000000000
887 -1616.0000000000
888 -1614.0000000000
889 -1612.0000000000
892 -1611.0000000000
896 -1609.0000000000
897 -1608.0000000000
904 -1607.0000000000
912 -1606.0000000000
917 -1605.0000000000
928 -1604.0000000000
929 -1602.0000000000
931 -1601.0000000000
933 -1600.0000000000
934 -1599.0000000000
935 -1597.0000000000
937 -1596.0000000000
951 -1595.0000000000
952 -1594.0000000000
954 -1593.0000000000
956 -1592.0000000000
959 -1591.0000000000
965 -1589.0000000000
969 -1588.0000000000
974 -1586.0000000000
978 -1585.0000000000
980 -1583.0000000000
981 -1582.0000000000
1003 -1579.0000000000
1008 -1578.0000000000
1019 -1577.0000000000
1026 -1575.0000000000
1031 -1573.0000000000
1039 -1571.0000000000
1041 -1570.0000000000
1047 -1568.0000000000
1056 -1567.0000000000
1059 -1566.0000000000
1072 -1565.0000000000
1073 -1564.0000000000
1075 -1563.0000000000
1078 -1562.0000000000
1084 -1561.0000000000
1097 -1560.0000000000
1106 -1559.0000000000
1107 -1558.0000000000
1109 -1557.0000000000
1111 -1556.0000000000
1114 -1555.0000000000
1117 -1554.0000000000
1120 -1553.0000000000
1127 -1552.0000000000
1129 -1551.0000000000
1132 -1550.0000000000
1133 -1549.0000000000
1136 -1548.0000000000
1138 -1547.0000000000
1153 -1546.0000000000
1155 -1545.0000000000
1156 -1544.0000000000
1161 -1543.0000000000
1163 -1541.0000000000
1169 -1540.0000000000
1180 -1539.0000000000
1182 -1538.0000000000
1202 -1537.0000000000
1203 -1536.0000000000
1204 -1535.0000000000
1214 -1534.0000000000
1221 -1533.0000000000
1225 -1532.0000000000
1228 -1530.0000000000
1229 -1528.0000000000
1231 -1527.0000000000
1236 -1526.0000000000
1244 -1525.0000000000
1246 -1524.0000000000
1256 -1523.0000000000
1263 -1521.0000000000
1267 -1519.0000000000
1268 -1518.0000000000
1270 -1517.0000000000
1276 -1516.0000000000
1288 -1515.0000000000
1293 -1514.0000000000
1299 -1513.0000000000
1300 -1512.0000000000
1304 -1510.0000000000
1308 -1509.0000000000
1315 -1508.0000000000
1324 -1507.0000000000
1338 -1506.0000000000
1345 -1504.0000000000
1349 -1503.0000000000
1351 -1502.0000000000
1361 -1501.0000000000
1364 -1500.0000000000
1368 -1499.0000000000
1369 -1498.0000000000
1373 -1497.0000000000
1374 -1496.0000000000
1383 -1495.0000000000
1387 -1493.0000000000
1388 -1491.0000000000
1389 -1490.0000000000
1392 -1488.0000000000
1399 -1487.0000000000
1406 -1486.0000000000
1407 -1485.0000000000
1420 -1484.0000000000
1429 -1481.0000000000
1438 -1478.0000000000
1440 -1477.0000000000
1448 -1476.0000000000
1453 -1475.0000000000
1454 -1474.0000000000
1463 -1473.0000000000
1465 -1472.0000000000
1486 -1471.0000000000
1490 -1470.0000000000
1492 -1468.0000000000
1498 -1467.0000000000
1503 -1466.0000000000
1524 -1464.0000000000
1527 -1463.0000000000
1539 -1461.0000000000
1546 -1460.0000000000
1548 -1459.0000000000
1554 -1457.0000000000
1556 -1456.0000000000
1563 -1455.0000000000
1564 -1454.0000000000
1570 -1453.0000000000
1573 -1452.0000000000
1585 -1450.0000000000
1587 -1449.0000000000
1588 -1448.0000000000
1594 -1447.0000000000
1596 -1446.0000000000
1601 -1445.0000000000
1607 -1444.0000000000
1616 -1442.0000000000
1621 -1441.0000000000
1630 -1440.0000000000
1639 -1439.0000000000
1658 -1438.0000000000
1663 -1437.0000000000
1666 -1435.0000000000
1673 -1433.0000000000
1679 -1432.0000000000
1680 -1431.0000000000
1685 -1430.0000000000
1689 -1429.0000000000
1694 -1428.0000000000
1696 -1427.0000000000
1697 -1426.0000000000
1712 -1424.0000000000
1728 -1422.0000000000
1731 -1421.0000000000
1733 -1420.0000000000
1738 -1419.0000000000
1739 -1418.0000000000
1740 -1417.0000000000
1744 -1415.0000000000
1751 -1414.0000000000
1753 -1412.0000000000
1754 -1411.0000000000
1761 -1409.0000000000
1763 -1408.0000000000
1775 -1407.0000000000
1779 -1406.0000000000
1781 -1405.0000000000
1794 -1404.0000000000
1795 -1403.0000000000
1805 -1402.0000000000
1810 -1401.0000000000
1821 -1400.0000000000
1824 -1399.0000000000
1841 -1398.0000000000
1842 -1396.0000000000
1845 -1395.0000000000
1847 -1393.0000000000
1852 -1392.0000000000
1853 -1391.0000000000
1857 -1389.0000000000
1858 -1388.0000000000
1861 -1386.0000000000
1862 -1385.0000000000
1863 -1384.0000000000
1868 -1383.0000000000
1869 -1382.0000000000
1871 -1381.0000000000
1880 -1380.0000000000
1886 -1379.0000000000
1892 -1378.0000000000
1896 -1377.0000000000
1914 -1374.0000000000
1921 -1373.0000000000
1924 -1371.0000000000
1930 -1370.0000000000
1948 -1369.0000000000
1949 -1367.0000000000
1961 -1366.0000000000
1964 -1365.0000000000
1965 -1364.0000000000
1967 -1363.0000000000
1973 -1362.0000000000
1980 -1361.0000000000
1983 -1360.0000000000
1985 -1359.0000000000
1987 -1357.0000000000
2003 -1356.0000000000
2011 -1354.0000000000
2030 -1353.0000000000
2032 -1352.0000000000
2035 -1351.0000000000
2037 -1350.0000000000
2039 -1348.0000000000
2043 -1347.0000000000
2050 -1346.0000000000
2060 -1345.0000000000
2068 -1344.0000000000
2069 -1343.0000000000
2070 -1342.0000000000
2071 -1341.0000000000
2076 -1338.0000000000
2080 -1337.0000000000
2086 -1336.0000000000
2089 -1335.0000000000
2091 -1334.0000000000
2093 -1333.0000000000
2098 -1331.0000000000
2105 -1330.0000000000
2111 -1329.0000000000
2115 -1328.0000000000
2119 -1327.0000000000
2121 -1326.0000000000
2126 -1325.0000000000
2130 -1324.0000000000
2140 -1322.0000000000
2143 -1321.0000000000
2164 -1319.0000000000
2176 -1318.0000000000
2177 -1316.0000000000
2184 -1315.0000000000
2190 -1314.0000000000
2217 -1313.0000000000
2220 -1312.0000000000
2222 -1311.0000000000
2237 -1309.0000000000
2245 -1308.0000000000
2249 -1306.0000000000
2250 -1305.0000000000
2263 -1304.0000000000
2264 -1303.0000000000
2270 -1301.0000000000
2279 -1300.0000000000
2287 -1299.0000000000
2289 -1298.0000000000
2295 -1297.0000000000
2296 -1296.0000000000
2309 -1295.0000000000
2316 -1294.0000000000
2319 -1293.0000000000
2332 -1292.0000000000
2357 -1291.0000000000
2359 -1290.0000000000
2360 -1288.0000000000
2366 -1286.0000000000
2370 -1285.0000000000
2372 -1284.0000000000
2382 -1283.0000000000
2385 -1282.0000000000
2391 -1281.0000000000
2396 -1280.0000000000
2403 -1279.0000000000
2406 -1278.0000000000
2410 -1276.0000000000
2411 -1275.0000000000
2412 -1274.0000000000
2416 -1273.0000000000
2418 -1272.0000000000
2421 -1271.0000000000
2425 -1270.0000000000
2437 -1267.0000000000
2439 -1266.0000000000
2441 -1265.0000000000
2443 -1264.0000000000
2453 -1263.0000000000
2456 -1262.0000000000
2458 -1260.0000000000
2464 -1259.0000000000
2465 -1258.0000000000
2468 -1256.0000000000
2470 -1254.0000000000
2472 -1253.0000000000
2487 -1252.0000000000
2490 -1251.0000000000
2491 -1250.0000000000
2506 -1249.0000000000
2521 -1248.0000000000
2523 -1247.0000000000
2527 -1246.0000000000
2532 -1245.0000000000
2535 -1243.0000000000
2541 -1242.0000000000
2547 -1240.0000000000
2557 -1239.0000000000
2577 -1238.0000000000
2580 -1237.0000000000
2586 -1236.0000000000
2587 -1234.0000000000
2595 -1233.0000000000
2617 -1232.0000000000
2620 -1231.0000000000
2627 -1230.0000000000
2645 -1229.0000000000
2663 -1226.0000000000
2685 -1224.0000000000
2692 -1223.0000000000
2693 -1222.0000000000
2715 -1221.0000000000
2720 -1220.0000000000
2732 -1219.0000000000
2737 -1218.0000000000
2739 -1216.0000000000
2748 -1215.0000000000
2750 -1214.0000000000
2751 -1213.0000000000
2754 -1212.0000000000
2755 -1211.0000000000
2758 -1210.0000000000
2772 -1209.0000000000
2789 -1207.0000000000
2797 -1206.0000000000
2807 -1205.0000000000
2812 -1204.0000000000
2820 -1203.0000000000
2821 -1202.0000000000
2825 -1201.0000000000
2832 -1200.0000000000
2835 -1199.0000000000
2848 -1198.0000000000
2850 -1197.0000000000
2853 -1196.0000000000
2860 -1195.0000000000
2861 -1194.0000000000
2865 -1193.0000000000
2867 -1192.0000000000
2869 -1191.0000000000
2874 -1190.0000000000
2877 -1189.0000000000
2880 -1188.0000000000
2888 -1186.0000000000
2891 -1185.0000000000
2893 -1184.0000000000
2897 -1183.0000000000
2917 -1182.0000000000
2918 -1181.0000000000
2922 -1180.0000000000
2924 -1178.0000000000
2943 -1177.0000000000
2945 -1176.0000000000
2951 -1174.0000000000
2957 -1173.0000000000
2963 -1172.0000000000
2972 -1171.0000000000
2984 -1169.0000000000
2985 -1168.0000000000
2988 -1167.0000000000
2990 -1165.0000000000
2991 -1164.0000000000
2999 -1163.0000000000
3016 -1162.0000000000
3026 -1161.0000000000
3037 -1160.0000000000
3041 -1159.0000000000
3045 -1158.0000000000
3050 -1157.0000000000
3075 -1156.0000000000
3076 -1154.0000000000
3079 -1153.0000000000
3081 -1152.0000000000
3082 -1150.0000000000
3085 -1149.0000000000
3090 -1147.0000000000
3092 -1146.0000000000
3094 -1144.0000000000
3099 -1143.0000000000
3103 -1142.0000000000
3107 -1141.0000000000
3111 -1140.0000000000
3113 -1139.0000000000
3123 -1138.0000000000
3124 -1137.0000000000
3140 -1136.0000000000
3141 -1135.0000000000
3151 -1134.0000000000
3158 -1133.0000000000
3161 -1131.0000000000
3166 -1130.0000000000
3172 -1129.0000000000
3179 -1127.0000000000
3185 -1126.0000000000
3196 -1125.0000000000
3223 -1124.0000000000
3271 -1122.0000000000
3273 -1121.0000000000
3277 -1120.0000000000
3290 -1119.0000000000
3293 -1117.0000000000
3294 -1116.0000000000
3312 -1115.0000000000
3321 -1114.0000000000
3328 -1112.0000000000
3329 -1111.0000000000
3345 -1109.0000000000
3352 -1108.0000000000
3357 -1107.0000000000
3365 -1106.0000000000
3375 -1105.0000000000
3382 -1104.0000000000
3384 -1103.0000000000
3389 -1102.0000000000
3405 -1101.0000000000
3410 -1100.0000000000
3413 -1099.0000000000
3419 -1098.0000000000
3424 -1097.0000000000
3436 -1096.0000000000
3441 -1095.0000000000
3450 -1094.0000000000
3461 -1093.0000000000
3463 -1092.0000000000
3490 -1091.0000000000
3502 -1090.0000000000
3509 -1089.0000000000
3516 -1087.0000000000
3522 -1086.0000000000
3536 -1085.0000000000
3541 -1083.0000000000
3552 -1082.0000000000
3574 -1081.0000000000
3593 -1080.0000000000
3611 -1079.0000000000
3618 -1078.0000000000
3620 -1077.0000000000
3627 -1075.0000000000
3630 -1073.0000000000
3635 -1072.0000000000
3638 -1071.0000000000
3652 -1069.0000000000
3660 -1068.0000000000
3670 -1067.0000000000
3687 -1066.0000000000
3691 -1065.0000000000
3696 -1064.0000000000
3698 -1063.0000000000
3708 -1062.0000000000
3709 -1061.0000000000
3714 -1060.0000000000
3720 -1059.0000000000
3731 -1058.0000000000
3732 -1057.0000000000
3733 -1056.0000000000
3742 -1055.0000000000
3743 -1054.0000000000
3757 -1053.0000000000
3788 -1052.0000000000
3796 -1051.0000000000
3803 -1050.0000000000
3806 -1049.0000000000
3807 -1048.0000000000
3818 -1047.0000000000
3828 -1046.0000000000
3837 -1045.0000000000
3848 -1044.0000000000
3856 -1043.0000000000
3864 -1042.0000000000
3881 -1041.0000000000
3891 -1040.0000000000
3893 -1039.0000000000
3899 -1037.0000000000
3902 -1036.0000000000
3907 -1034.0000000000
3913 -1033.0000000000
3915 -1032.0000000000
3926 -1031.0000000000
3938 -1030.0000000000
3941 -1029.0000000000
3952 -1028.0000000000
3975 -1027.0000000000
3987 -1026.0000000000
4000 -1025.0000000000
4003 -1024.0000000000
4013 -1023.0000000000
4019 -1022.0000000000
4020 -1021.0000000000
4024 -1020.0000000000
4028 -1019.0000000000
4031 -1018.0000000000
4041 -1017.0000000000
4045 -1016.0000000000
4058 -1015.0000000000
4068 -1014.0000000000
4069 -1013.0000000000
4071 -1012.0000000000
4095 -1011.0000000000
4100 -1010.0000000000
4124 -1009.0000000000
4128 -1008.0000000000
4131 -1006.0000000000
4142 -1005.0000000000
4148 -1004.0000000000
4160 -1003.0000000000
4188 -1002.0000000000
4200 -1001.0000000000
4204 -1000.0000000000
4220 -999.0000000000
4221 -998.0000000000
4222 -997.0000000000
4224 -996.0000000000
4226 -995.0000000000
4254 -994.0000000000
4264 -993.0000000000
4268 -992.0000000000
4272 -991.0000000000
4279 -990.0000000000
4295 -989.0000000000
4305 -988.0000000000
4307 -986.0000000000
4308 -985.0000000000
4310 -984.0000000000
4312 -983.0000000000
4314 -982.0000000000
4320 -981.0000000000
4326 -980.0000000000
4329 -979.0000000000
4331 -978.0000000000
4340 -977.0000000000
4344 -976.0000000000
4347 -975.0000000000
4350 -974.0000000000
4353 -973.0000000000
4358 -972.0000000000
4359 -971.0000000000
4376 -970.0000000000
4382 -969.0000000000
4385 -968.0000000000
4387 -967.0000000000
4391 -966.0000000000
4393 -965.0000000000
4397 -964.0000000000
4398 -963.0000000000
4412 -962.0000000000
4417 -961.0000000000
4418 -960.0000000000
4437 -959.0000000000
4440 -958.0000000000
4462 -957.0000000000
4466 -956.0000000000
4474 -955.0000000000
4477 -954.0000000000
4483 -953.0000000000
4484 -952.0000000000
4504 -951.0000000000
4505 -950.0000000000
4517 -949.0000000000
4519 -948.0000000000
4526 -947.0000000000
4527 -946.0000000000
4528 -945.0000000000
4531 -944.0000000000
4565 -943.0000000000
4586 -942.0000000000
4608 -941.0000000000
4615 -940.0000000000
4623 -939.0000000000
4626 -938.0000000000
4642 -937.0000000000
4651 -936.0000000000
4654 -935.0000000000
4656 -933.0000000000
4664 -932.0000000000
4674 -931.0000000000
4677 -930.0000000000
4684 -929.0000000000
4687 -927.0000000000
4692 -926.0000000000
4702 -925.0000000000
4710 -924.0000000000
4711 -923.0000000000
4712 -922.0000000000
4715 -921.0000000000
4722 -920.0000000000
4738 -919.0000000000
4739 -918.0000000000
4744 -917.0000000000
4747 -916.0000000000
4757 -915.0000000000
4761 -914.0000000000
4767 -913.0000000000
4771 -912.0000000000
4781 -911.0000000000
4803 -910.0000000000
4814 -909.0000000000
4819 -908.0000000000
4820 -907.0000000000
4823 -905.0000000000
4828 -904.0000000000
4834 -903.0000000000
4841 -902.0000000000
4845 -901.0000000000
4846 -900.0000000000
4857 -899.0000000000
4859 -898.0000000000
4879 -897.0000000000
4883 -896.0000000000
4913 -895.0000000000
4928 -894.0000000000
4950 -893.0000000000
4952 -892.0000000000
4953 -891.0000000000
4966 -890.0000000000
4988 -889.0000000000
4993 -888.0000000000
4996 -887.0000000000
5006 -886.0000000000
5008 -884.0000000000
5021 -883.0000000000
5023 -882.0000000000
5042 -881.0000000000
5045 -880.0000000000
5060 -879.0000000000
5067 -878.0000000000
5068 -877.0000000000
5071 -875.0000000000
5077 -874.0000000000
5079 -873.0000000000
5088 -872.0000000000
5093 -871.0000000000
5103 -870.0000000000
5112 -869.0000000000
5124 -868.0000000000
5134 -867.0000000000
5156 -866.0000000000
5166 -864.0000000000
5191 -863.0000000000
5200 -862.0000000000
5218 -861.0000000000
5227 -860.0000000000
5250 -859.0000000000
5267 -858.0000000000
5271 -857.0000000000
5272 -856.0000000000
5274 -855.0000000000
5275 -854.0000000000
5285 -853.0000000000
5319 -852.0000000000
5320 -851.0000000000
5329 -850.0000000000
5349 -849.0000000000
5370 -848.0000000000
5374 -847.0000000000
5403 -846.0000000000
5411 -845.0000000000
5413 -844.0000000000
5414 -843.0000000000
5418 -842.0000000000
5448 -841.0000000000
5465 -840.0000000000
5466 -839.0000000000
5468 -838.0000000000
5472 -836.0000000000
5490 -835.0000000000
5496 -834.0000000000
5497 -833.0000000000
5506 -832.0000000000
5510 -831.0000000000
5528 -830.0000000000
5529 -829.0000000000
5538 -828.0000000000
5549 -827.0000000000
5557 -826.0000000000
5582 -825.0000000000
5597 -824.0000000000
5599 -823.0000000000
5602 -822.0000000000
5607 -821.0000000000
5610 -820.0000000000
5630 -819.0000000000
5633 -818.0000000000
5635 -817.0000000000
5645 -816.0000000000
5658 -815.0000000000
5663 -814.0000000000
5665 -813.0000000000
5698 -812.0000000000
5705 -810.0000000000
5728 -809.0000000000
5734 -808.0000000000
5744 -807.0000000000
5747 -806.0000000000
5761 -805.0000000000
5764 -804.0000000000
5767 -802.0000000000
5769 -801.0000000000
5770 -800.0000000000
5792 -799.0000000000
5793 -798.0000000000
5794 -796.0000000000
5801 -795.0000000000
5839 -794.0000000000
5843 -793.0000000000
5845 -792.0000000000
5876 -790.0000000000
5877 -789.0000000000
5902 -788.0000000000
5905 -787.0000000000
5911 -786.0000000000
5915 -785.0000000000
5938 -784.0000000000
5947 -783.0000000000
5954 -782.0000000000
5962 -781.0000000000
5969 -780.0000000000
5980 -779.0000000000
6001 -778.0000000000
6005 -777.0000000000
6012 -776.0000000000
6021 -775.0000000000
6040 -774.0000000000
6047 -773.0000000000
6048 -772.0000000000
6054 -771.0000000000
6056 -770.0000000000
6066 -769.0000000000
6073 -768.0000000000
6074 -767.0000000000
6089 -766.0000000000
6092 -765.0000000000
6105 -764.0000000000
6126 -763.0000000000
6147 -762.0000000000
6171 -761.0000000000
6183 -760.0000000000
6201 -759.0000000000
6203 -758.0000000000
6205 -757.0000000000
6213 -756.0000000000
6224 -754.0000000000
6225 -753.0000000000
6231 -752.0000000000
6234 -751.0000000000
6235 -750.0000000000
6247 -749.0000000000
6249 -748.0000000000
6251 -747.0000000000
6252 -746.0000000000
6256 -745.0000000000
6270 -744.0000000000
6304 -743.0000000000
6318 -742.0000000000
6322 -741.0000000000
6323 -740.0000000000
6324 -738.0000000000
6325 -737.0000000000
6328 -736.0000000000
6332 -735.0000000000
6348 -733.0000000000
6379 -732.0000000000
6382 -731.0000000000
6384 -730.0000000000
6419 -729.0000000000
6422 -728.0000000000
6432 -726.0000000000
6450 -724.0000000000
6459 -723.0000000000
6462 -722.0000000000
6463 -721.0000000000
6480 -720.0000000000
6481 -719.0000000000
6514 -718.0000000000
6523 -717.0000000000
6524 -716.0000000000
6525 -715.0000000000
6526 -714.0000000000
6530 -713.0000000000
6543 -712.0000000000
6557 -711.0000000000
6560 -710.0000000000
6566 -709.0000000000
6577 -708.0000000000
6584 -707.0000000000
6585 -705.0000000000
6589 -704.0000000000
6591 -703.0000000000
6592 -702.0000000000
6603 -701.0000000000
6632 -699.0000000000
6633 -698.0000000000
6649 -697.0000000000
6665 -696.0000000000
6676 -695.0000000000
6692 -694.0000000000
6698 -693.0000000000
6705 -692.0000000000
6717 -691.0000000000
6721 -690.0000000000
6732 -689.0000000000
6751 -688.0000000000
6761 -687.0000000000
6768 -686.0000000000
6772 -685.0000000000
6781 -684.0000000000
6789 -683.0000000000
6792 -682.0000000000
6807 -681.0000000000
6820 -680.0000000000
6832 -679.0000000000
6845 -678.0000000000
6851 -677.0000000000
6861 -676.0000000000
6868 -675.0000000000
6880 -674.0000000000
6889 -673.0000000000
6909 -672.0000000000
6915 -671.0000000000
6921 -670.0000000000
6922 -669.0000000000
6927 -668.0000000000
6931 -667.0000000000
6934 -665.0000000000
6947 -663.0000000000
6951 -662.0000000000
6964 -661.0000000000
6995 -660.0000000000
7007 -659.0000000000
7018 -658.0000000000
7047 -657.0000000000
7060 -656.0000000000
7099 -654.0000000000
7112 -653.0000000000
7131 -652.0000000000
7138 -651.0000000000
7144 -650.0000000000
7195 -649.0000000000
7197 -648.0000000000
7215 -647.0000000000
7221 -646.0000000000
7261 -645.0000000000
7268 -644.0000000000
7271 -643.0000000000
7285 -642.0000000000
7316 -641.0000000000
7330 -640.0000000000
7333 -639.0000000000
7352 -638.0000000000
7354 -637.0000000000
7358 -636.0000000000
7371 -635.0000000000
7388 -634.0000000000
7424 -633.0000000000
7429 -632.0000000000
7438 -631.0000000000
7444 -630.0000000000
7478 -629.0000000000
7483 -627.0000000000
7493 -626.0000000000
7495 -625.0000000000
7505 -624.0000000000
7558 -623.0000000000
7570 -622.0000000000
7575 -620.0000000000
7586 -619.0000000000
7591 -618.0000000000
7610 -616.0000000000
7618 -615.0000000000
7623 -614.0000000000
7649 -613.0000000000
7652 -612.0000000000
7671 -611.0000000000
7678 -610.0000000000
7684 -609.0000000000
7788 -608.0000000000
7836 -607.0000000000
7849 -606.0000000000
7877 -605.0000000000
7907 -604.0000000000
7919 -603.0000000000
7932 -602.0000000000
7948 -601.0000000000
7970 -600.0000000000
7984 -599.0000000000
7986 -598.0000000000
8003 -597.0000000000
8010 -596.0000000000
8015 -595.0000000000
8017 -594.0000000000
8066 -593.0000000000
8068 -592.0000000000
8069 -591.0000000000
8070 -590.0000000000
8081 -589.0000000000
8093 -588.0000000000
8099 -587.0000000000
8103 -586.0000000000
8112 -585.0000000000
8128 -584.0000000000
8131 -583.0000000000
8151 -582.0000000000
8165 -581.0000000000
8173 -580.0000000000
8188 -578.0000000000
8213 -577.0000000000
8219 -576.0000000000
8258 -575.0000000000
8317 -574.0000000000
8350 -573.0000000000
8354 -572.0000000000
8363 -570.0000000000
8386 -569.0000000000
8406 -568.0000000000
8413 -567.0000000000
8428 -566.0000000000
8429 -565.0000000000
8440 -564.0000000000
8448 -563.0000000000
8458 -562.0000000000
8476 -561.0000000000
8479 -560.0000000000
8480 -559.0000000000
8544 -558.0000000000
8552 -557.0000000000
8554 -556.0000000000
8561 -555.0000000000
8573 -553.0000000000
8584 -552.0000000000
8622 -551.0000000000
8635 -550.0000000000
8668 -549.0000000000
8677 -548.0000000000
8678 -547.0000000000
8731 -546.0000000000
8738 -545.0000000000
8741 -544.0000000000
8746 -543.0000000000
8749 -542.0000000000
8776 -541.0000000000
8782 -540.0000000000
8792 -539.0000000000
8800 -538.0000000000
8827 -536.0000000000
8831 -535.0000000000
8844 -534.0000000000
8853 -533.0000000000
8854 -532.0000000000
8855 -530.0000000000
8896 -529.0000000000
8928 -528.0000000000
8943 -527.0000000000
8958 -526.0000000000
8964 -525.0000000000
8995 -524.0000000000
8996 -523.0000000000
9007 -522.0000000000
9009 -520.0000000000
9012 -519.0000000000
9035 -518.0000000000
9044 -517.0000000000
9058 -516.0000000000
9059 -515.0000000000
9065 -514.0000000000
9088 -513.0000000000
9116 -512.0000000000
9121 -511.0000000000
9126 -510.0000000000
9136 -508.0000000000
9137 -507.0000000000
9141 -506.0000000000
9147 -505.0000000000
9151 -504.0000000000
9161 -503.0000000000
9182 -502.0000000000
9184 -501.0000000000
9197 -500.0000000000
9198 -499.0000000000
9205 -498.0000000000
9212 -497.0000000000
9222 -495.0000000000
9264 -494.0000000000
9271 -493.0000000000
9310 -492.0000000000
9328 -491.0000000000
9341 -489.0000000000
9345 -488.0000000000
9371 -487.0000000000
9384 -486.0000000000
9449 -485.0000000000
9450 -484.0000000000
9499 -483.0000000000
9506 -482.0000000000
9539 -481.0000000000
9545 -479.0000000000
9549 -478.0000000000
9592 -477.0000000000
9594 -476.0000000000
9601 -475.0000000000
9628 -474.0000000000
9629 -473.0000000000
9631 -472.0000000000
9677 -471.0000000000
9694 -469.0000000000
9696 -468.0000000000
9702 -467.0000000000
9708 -466.0000000000
9739 -465.0000000000
9767 -464.0000000000
9769 -463.0000000000
9780 -461.0000000000
9799 -459.0000000000
9811 -458.0000000000
9823 -457.0000000000
9825 -456.0000000000
9840 -455.0000000000
9904 -454.0000000000
9943 -453.0000000000
9956 -452.0000000000
9966 -451.0000000000
9967 -450.0000000000
10000 -451.0000000000
evaluations raw_y
1 -1949.0000000000
9 -1948.0000000000
10 -1947.0000000000
12 -1946.0000000000
15 -1945.0000000000
16 -1942.0000000000
18 -1941.0000000000
25 -1940.0000000000
27 -1938.0000000000
28 -1937.0000000000
31 -1936.0000000000
33 -1935.0000000000
37 -1934.0000000000
38 -1933.0000000000
47 -1932.0000000000
60 -1931.0000000000
63 -1930.0000000000
68 -1929.0000000000
71 -1928.0000000000
78 -1927.0000000000
82 -1926.0000000000
87 -1925.0000000000
89 -1923.0000000000
91 -1920.0000000000
95 -1919.0000000000
97 -1918.0000000000
98 -1917.0000000000
99 -1916.0000000000
102 -1914.0000000000
103 -1913.0000000000
108 -1912.0000000000
110 -1908.0000000000
111 -1906.0000000000
116 -1905.0000000000
117 -1904.0000000000
121 -1903.0000000000
127 -1901.0000000000
143 -1900.0000000000
144 -1899.0000000000
148 -1898.0000000000
152 -1897.0000000000
154 -1896.0000000000
156 -1895.0000000000
167 -1894.0000000000
168 -1893.0000000000
172 -1892.0000000000
173 -1891.0000000000
176 -1889.0000000000
184 -1887.0000000000
186 -1886.0000000000
189 -1885.0000000000
190 -1884.0000000000
191 -1883.0000000000
194 -1882.0000000000
199 -1881.0000000000
201 -1880.0000000000
202 -1879.0000000000
211 -1878.0000000000
215 -1877.0000000000
216 -1876.0000000000
219 -1875.0000000000
224 -1873.0000000000
225 -1871.0000000000
229 -1870.0000000000
230 -1868.0000000000
232 -1867.0000000000
238 -1866.0000000000
242 -1865.0000000000
247 -1864.0000000000
249 -1863.0000000000
250 -1862.0000000000
251 -1861.0000000000
255 -1860.0000000000
257 -1858.0000000000
258 -1857.0000000000
260 -1856.0000000000
263 -1855.0000000000
269 -1854.0000000000
278 -1853.0000000000
280 -1852.0000000000
285 -1851.0000000000
287 -1850.0000000000
292 -1849.0000000000
294 -1848.0000000000
303 -1847.0000000000
305 -1846.0000000000
306 -1845.0000000000
308 -1844.0000000000
309 -1843.0000000000
310 -1842.0000000000
311 -1841.0000000000
315 -1840.0000000000
318 -1839.0000000000
322 -1838.0000000000
328 -1835.0000000000
330 -1834.0000000000
337 -1833.0000000000
338 -1832.0000000000
343 -1831.0000000000
349 -1830.0000000000
351 -1829.0000000000
353 -1826.0000000000
355 -1825.0000000000
358 -1824.0000000000
362 -1823.0000000000
363 -1822.0000000000
365 -1820.0000000000
366 -1819.0000000000
367 -1816.0000000000
368 -1815.0000000000
373 -1814.0000000000
381 -1813.0000000000
383 -1812.0000000000
387 -1811.0000000000
390 -1810.0000000000
404 -1809.0000000000
406 -1808.0000000000
410 -1807.0000000000
414 -1805.0000000000
417 -1804.0000000000
423 -1803.0000000000
425 -1802.0000000000
432 -1800.0000000000
441 -1799.0000000000
447 -1797.0000000000
451 -1795.0000000000
452 -1794.0000000000
456 -1792.0000000000
459 -1791.0000000000
465 -1790.0000000000
466 -1789.0000000000
474 -1788.0000000000
478 -1787.0000000000
490 -1786.0000000000
492 -1785.0000000000
498 -1784.0000000000
501 -1783.0000000000
510 -1781.0000000000
511 -1780.0000000000
512 -1777.0000000000
521 -1776.0000000000
527 -1775.0000000000
534 -1774.0000000000
535 -1773.0000000000
537 -1772.0000000000
543 -1771.0000000000
545 -1770.0000000000
555 -1768.0000000000
564 -1767.0000000000
568 -1766.0000000000
571 -1765.0000000000
572 -1763.0000000000
573 -1762.0000000000
575 -1761.0000000000
580 -1760.0000000000
583 -1759.0000000000
586 -1758.0000000000
588 -1757.0000000000
606 -1756.0000000000
607 -1755.0000000000
611 -1754.0000000000
617 -1753.0000000000
618 -1752.0000000000
621 -1751.0000000000
624 -1750.0000000000
630 -1749.0000000000
635 -1748.0000000000
636 -1745.0000000000
642 -1744.0000000000
654 -1743.0000000000
655 -1741.0000000000
656 -1740.0000000000
657 -1739.0000000000
660 -1738.0000000000
673 -1737.0000000000
674 -1736.0000000000
685 -1735.0000000000
690 -1734.0000000000
694 -1733.0000000000
695 -1731.0000000000
700 -1730.0000000000
710 -1729.0000000000
713 -1728.0000000000
717 -1727.0000000000
718 -1726.0000000000
719 -1725.0000000000
721 -1724.0000000000
737 -1723.0000000000
738 -1722.0000000000
739 -1721.0000000000
741 -1720.0000000000
746 -1719.0000000000
747 -1718.0000000000
757 -1717.0000000000
759 -1716.0000000000
763 -1713.0000000000
764 -1711.0000000000
768 -1710.0000000000
773 -1708.0000000000
774 -1707.0000000000
778 -1705.0000000000
779 -1704.0000000000
780 -1703.0000000000
782 -1702.0000000000
789 -1701.0000000000
793 -1699.0000000000
796 -1698.0000000000
797 -1696.0000000000
798 -1694.0000000000
805 -1692.0000000000
807 -1691.0000000000
808 -1690.0000000000
812 -1689.0000000000
815 -1688.0000000000
821 -1687.0000000000
829 -1686.0000000000
830 -1685.0000000000
832 -1684.0000000000
834 -1683.0000000000
838 -1682.0000000000
839 -1681.0000000000
842 -1680.0000000000
846 -1679.0000000000
854 -1678.0000000000
855 -1677.0000000000
857 -1676.0000000000
860 -1675.0000000000
864 -1674.0000000000
866 -1671.0000000000
868 -1669.0000000000
869 -1668.0000000000
871 -1667.0000000000
879 -1666.0000000000
882 -1665.0000000000
883 -1663.0000000000
895 -1662.0000000000
903 -1661.0000000000
909 -1660.0000000000
920 -1658.0000000000
924 -1657.0000000000
934 -1656.0000000000
936 -1654.0000000000
939 -1653.0000000000
945 -1652.0000000000
951 -1650.0000000000
954 -1649.0000000000
956 -1648.0000000000
962 -1647.0000000000
970 -1646.0000000000
974 -1645.0000000000
975 -1644.0000000000
978 -1643.0000000000
979 -1642.0000000000
981 -1641.0000000000
982 -1640.0000000000
986 -1639.0000000000
990 -1637.0000000000
993 -1636.0000000000
1002 -1635.0000000000
1003 -1634.0000000000
1009 -1633.0000000000
1013 -1632.0000000000
1026 -1631.0000000000
1034 -1630.0000000000
1041 -1628.0000000000
1042 -1626.0000000000
1044 -1625.0000000000
1046 -1623.0000000000
1047 -1622.0000000000
1048 -1621.0000000000
1063 -1620.0000000000
1067 -1619.0000000000
1079 -1618.0000000000
1081 -1617.0000000000
1082 -1616.0000000000
1091 -1614.0000000000
1094 -1613.0000000000
1096 -1612.0000000000
1098 -1611.0000000000
1099 -1608.0000000000
1101 -1607.0000000000
1104 -1606.0000000000
1111 -1605.0000000000
1117 -1604.0000000000
1118 -1603.0000000000
1119 -1602.0000000000
1123 -1601.0000000000
1128 -1600.0000000000
1129 -1598.0000000000
1132 -1597.0000000000
1133 -1596.0000000000
1135 -1595.0000000000
1136 -1594.0000000000
1146 -1593.0000000000
1147 -1591.0000000000
1151 -1590.0000000000
1154 -1589.0000000000
1156 -1587.0000000000
1177 -1585.0000000000
1180 -1583.0000000000
1184 -1582.0000000000
1188 -1581.0000000000
1189 -1580.0000000000
1197 -1579.0000000000
1201 -1578.0000000000
1205 -1577.0000000000
1214 -1576.0000000000
1215 -1574.0000000000
1220 -1573.0000000000
1225 -1572.0000000000
1229 -1571.0000000000
1231 -1570.0000000000
1235 -1569.0000000000
1238 -1568.0000000000
1239 -1567.0000000000
1240 -1566.0000000000
1241 -1565.0000000000
1246 -1564.0000000000
1247 -1563.0000000000
1251 -1561.0000000000
1256 -1560.0000000000
1260 -1559.0000000000
1263 -1558.0000000000
1267 -1557.0000000000
1273 -1556.0000000000
1281 -1555.0000000000
1288 -1554.0000000000
1291 -1553.0000000000
1293 -1552.0000000000
1304 -1549.0000000000
1322 -1547.0000000000
1331 -1546.0000000000
1335 -1545.0000000000
1345 -1544.0000000000
1347 -1543.0000000000
1353 -1541.0000000000
1354 -1538.0000000000
1360 -1536.0000000000
1364 -1535.0000000000
1367 -1534.0000000000
1368 -1533.0000000000
1373 -1532.0000000000
1376 -1531.0000000000
1381 -1530.0000000000
1384 -1529.0000000000
1393 -1528.0000000000
1422 -1527.0000000000
1423 -1526.0000000000
1425 -1525.0000000000
1427 -1524.0000000000
1430 -1522.0000000000
1442 -1521.0000000000
1443 -1519.0000000000
1450 -1517.0000000000
1473 -1516.0000000000
1477 -1515.0000000000
1478 -1514.0000000000
1483 -1512.0000000000
1488 -1510.0000000000
1489 -1509.0000000000
1491 -1508.0000000000
1492 -1505.0000000000
1499 -1503.0000000000
1510 -1502.0000000000
1512 -1501.0000000000
1524 -1500.0000000000
1527 -1499.0000000000
1532 -1498.0000000000
1544 -1497.0000000000
1547 -1496.0000000000
1560 -1494.0000000000
1562 -1493.0000000000
1563 -1492.0000000000
1565 -1490.0000000000
1570 -1488.0000000000
1575 -1486.0000000000
1577 -1485.0000000000
1578 -1484.0000000000
1581 -1483.0000000000
1584 -1481.0000000000
1587 -1480.0000000000
1589 -1479.0000000000
1591 -1478.0000000000
1592 -1477.0000000000
1593 -1476.0000000000
1594 -1475.0000000000
1596 -1474.0000000000
1600 -1473.0000000000
1605 -1472.0000000000
1611 -1471.0000000000
1622 -1470.0000000000
1623 -1469.0000000000
1626 -1468.0000000000
1636 -1467.0000000000
1638 -1466.0000000000
1639 -1464.0000000000
1640 -1463.0000000000
1651 -1462.0000000000
1664 -1461.0000000000
1670 -1460.0000000000
1676 -1459.0000000000
1681 -1458.0000000000
1684 -1457.0000000000
1690 -1456.0000000000
1691 -1455.0000000000
1694 -1454.0000000000
1695 -1452.0000000000
1700 -1451.0000000000
1710 -1450.0000000000
1721 -1449.0000000000
1730 -1447.0000000000
1744 -1446.0000000000
1747 -1445.0000000000
1748 -1444.0000000000
1751 -1443.0000000000
1769 -1442.0000000000
1770 -1441.0000000000
1772 -1439.0000000000
1782 -1438.0000000000
1794 -1437.0000000000
1797 -1436.0000000000
1798 -1435.0000000000
1799 -1434.0000000000
1808 -1433.0000000000
1811 -1431.0000000000
1817 -1429.0000000000
1824 -1428.0000000000
1825 -1427.0000000000
1826 -1425.0000000000
1827 -1424.0000000000
1838 -1423.0000000000
1856 -1420.0000000000
1857 -1419.0000000000
1859 -1418.0000000000
1863 -1416.0000000000
1868 -1415.0000000000
1874 -1414.0000000000
1880 -1413.0000000000
1886 -1412.0000000000
1889 -1411.0000000000
1891 -1410.0000000000
1895 -1408.0000000000
1896 -1407.0000000000
1900 -1405.0000000000
1908 -1404.0000000000
1915 -1403.0000000000
1916 -1401.0000000000
1918 -1400.0000000000
1919 -1399.0000000000
1932 -1398.0000000000
1936 -1396.0000000000
1940 -1395.0000000000
1941 -1394.0000000000
1944 -1393.0000000000
1948 -1392.0000000000
1949 -1391.0000000000
1956 -1390.0000000000
1961 -1389.0000000000
1964 -1388.0000000000
1965 -1387.0000000000
1977 -1386.0000000000
1987 -1385.0000000000
1990 -1384.0000000000
1994 -1383.0000000000
1995 -1382.0000000000
1997 -1381.0000000000
1998 -1380.0000000000
2002 -1379.0000000000
2005 -1378.0000000000
2011 -1376.0000000000
2014 -1375.0000000000
2022 -1374.0000000000
2033 -1373.0000000000
2041 -1372.0000000000
2046 -1371.0000000000
2052 -1370.0000000000
2059 -1369.0000000000
2075 -1368.0000000000
2083 -1367.0000000000
2092 -1366.0000000000
2106 -1364.0000000000
2112 -1363.0000000000
2118 -1362.0000000000
2120 -1360.0000000000
2129 -1359.0000000000
2133 -1357.0000000000
2150 -1356.0000000000
2151 -1355.0000000000
2160 -1354.0000000000
2169 -1352.0000000000
2180 -1351.0000000000
2184 -1350.0000000000
2195 -1349.0000000000
2204 -1348.0000000000
2208 -1347.0000000000
2217 -1346.0000000000
2221 -1345.0000000000
2223 -1344.0000000000
2234 -1341.0000000000
2236 -1340.0000000000
2238 -1339.0000000000
2239 -1337.0000000000
2240 -1336.0000000000
2250 -1335.0000000000
2257 -1334.0000000000
2275 -1333.0000000000
2278 -1331.0000000000
2288 -1330.0000000000
2290 -1329.0000000000
2291 -1328.0000000000
2299 -1327.0000000000
2301 -1326.0000000000
2330 -1325.0000000000
2339 -1324.0000000000
2342 -1323.0000000000
2354 -1322.0000000000
2361 -1321.0000000000
2377 -1320.0000000000
2384 -1319.0000000000
2386 -1318.0000000000
2395 -1316.0000000000
2397 -1315.0000000000
2400 -1314.0000000000
2404 -1312.0000000000
2412 -1311.0000000000
2420 -1310.0000000000
2423 -1309.0000000000
2424 -1308.0000000000
2425 -1306.0000000000
2430 -1304.0000000000
2433 -1303.0000000000
2436 -1302.0000000000
2437 -1300.0000000000
2438 -1298.0000000000
2441 -1297.0000000000
2449 -1296.0000000000
2451 -1295.0000000000
2457 -1294.0000000000
2459 -1293.0000000000
2464 -1292.0000000000
2467 -1291.0000000000
2476 -1290.0000000000
2479 -1289.0000000000
2485 -1288.0000000000
2488 -1287.0000000000
2494 -1286.0000000000
2497 -1285.0000000000
2502 -1284.0000000000
2507 -1283.0000000000
2520 -1282.0000000000
2524 -1281.0000000000
2532 -1280.0000000000
2536 -1279.0000000000
2549 -1278.0000000000
2556 -1276.0000000000
2564 -1273.0000000000
2570 -1272.0000000000
2575 -1271.0000000000
2576 -1270.0000000000
2591 -1269.0000000000
2594 -1268.0000000000
2597 -1267.0000000000
2598 -1266.0000000000
2623 -1265.0000000000
2624 -1264.0000000000
2635 -1261.0000000000
2639 -1260.0000000000
2640 -1259.0000000000
2642 -1258.0000000000
2650 -1257.0000000000
2652 -1256.0000000000
2660 -1255.0000000000
2668 -1252.0000000000
2676 -1250.0000000000
2677 -1248.0000000000
2682 -1247.0000000000
2687 -1246.0000000000
2708 -1244.0000000000
2721 -1242.0000000000
2726 -1241.0000000000
2747 -1238.0000000000
2756 -1237.0000000000
2759 -1236.0000000000
2761 -1234.0000000000
2765 -1233.0000000000
2769 -1232.0000000000
2772 -1231.0000000000
2773 -1230.0000000000
2776 -1228.0000000000
2779 -1227.0000000000
2783 -1226.0000000000
2784 -1224.0000000000
2785 -1223.0000000000
2789 -1222.0000000000
2799 -1221.0000000000
2811 -1220.0000000000
2821 -1219.0000000000
2822 -1218.0000000000
2832 -1215.0000000000
2835 -1214.0000000000
2836 -1213.0000000000
2842 -1212.0000000000
2859 -1211.0000000000
2874 -1209.0000000000
2879 -1208.0000000000
2882 -1206.0000000000
2883 -1205.0000000000
2895 -1204.0000000000
2901 -1203.0000000000
2905 -1202.0000000000
2912 -1201.0000000000
2915 -1199.0000000000
2917 -1198.0000000000
2926 -1196.0000000000
2931 -1194.0000000000
2932 -1193.0000000000
2942 -1191.0000000000
2945 -1190.0000000000
2951 -1189.0000000000
2952 -1188.0000000000
2953 -1187.0000000000
2965 -1186.0000000000
2972 -1185.0000000000
2977 -1184.0000000000
2981 -1183.0000000000
2984 -1182.0000000000
2991 -1180.0000000000
2995 -1179.0000000000
3002 -1178.0000000000
3009 -1177.0000000000
3017 -1176.0000000000
3030 -1175.0000000000
3033 -1174.0000000000
3036 -1173.0000000000
3045 -1172.0000000000
3048 -1171.0000000000
3058 -1170.0000000000
3060 -1169.0000000000
3063 -1168.0000000000
3064 -1167.0000000000
3065 -1166.0000000000
3068 -1165.0000000000
3073 -1164.0000000000
3075 -1162.0000000000
3076 -1161.0000000000
3082 -1160.0000000000
3086 -1159.0000000000
3091 -1158.0000000000
3092 -1157.0000000000
3099 -1155.0000000000
3100 -1154.0000000000
3103 -1152.0000000000
3105 -1151.0000000000
3109 -1150.0000000000
3110 -1149.0000000000
3118 -1148.0000000000
3121 -1147.0000000000
3122 -1146.0000000000
3124 -1145.0000000000
3128 -1144.0000000000
3129 -1143.0000000000
3134 -1142.0000000000
3138 -1141.0000000000
3149 -1137.0000000000
3152 -1136.0000000000
3155 -1135.0000000000
3169 -1134.0000000000
3180 -1133.0000000000
3190 -1132.0000000000
3193 -1131.0000000000
3202 -1129.0000000000
3204 -1128.0000000000
3212 -1127.0000000000
3213 -1126.0000000000
3220 -1124.0000000000
3225 -1123.0000000000
3226 -1122.0000000000
3232 -1120.0000000000
3271 -1119.0000000000
3272 -1118.0000000000
3278 -1117.0000000000
3279 -1116.0000000000
3280 -1115.0000000000
3284 -1114.0000000000
3286 -1113.0000000000
3287 -1112.0000000000
3298 -1111.0000000000
3301 -1110.0000000000
3303 -1108.0000000000
3307 -1106.0000000000
3325 -1104.0000000000
3352 -1103.0000000000
3357 -1102.0000000000
3364 -1101.0000000000
3367 -1100.0000000000
3376 -1099.0000000000
3397 -1098.0000000000
3403 -1097.0000000000
3405 -1096.0000000000
3412 -1095.0000000000
3424 -1094.0000000000
3428 -1092.0000000000
3435 -1091.0000000000
3441 -1090.0000000000
3444 -1088.0000000000
3445 -1087.0000000000
3448 -1086.0000000000
3449 -1085.0000000000
3451 -1084.0000000000
3457 -1082.0000000000
3477 -1080.0000000000
3489 -1079.0000000000
3491 -1078.0000000000
3514 -1077.0000000000
3515 -1076.0000000000
3516 -1075.0000000000
3521 -1074.0000000000
3526 -1073.0000000000
3537 -1072.0000000000
3539 -1071.0000000000
3540 -1070.0000000000
3541 -1069.0000000000
3543 -1068.0000000000
3585 -1066.0000000000
3586 -1064.0000000000
3606 -1063.0000000000
3613 -1062.0000000000
3614 -1060.0000000000
3620 -1059.0000000000
3622 -1058.0000000000
3648 -1057.0000000000
3656 -1056.0000000000
3657 -1055.0000000000
3663 -1053.0000000000
3681 -1052.0000000000
3690 -1051.0000000000
3692 -1050.0000000000
3700 -1049.0000000000
3704 -1048.0000000000
3710 -1045.0000000000
3714 -1044.0000000000
3715 -1042.0000000000
3721 -1041.0000000000
3727 -1040.0000000000
3739 -1039.0000000000
3745 -1038.0000000000
3746 -1037.0000000000
3751 -1034.0000000000
3757 -1033.0000000000
3767 -1032.0000000000
3786 -1030.0000000000
3800 -1029.0000000000
3811 -1028.0000000000
3832 -1027.0000000000
3833 -1026.0000000000
3838 -1025.0000000000
3841 -1024.0000000000
3850 -1023.0000000000
3851 -1022.0000000000
3853 -1021.0000000000
3856 -1019.0000000000
3858 -1018.0000000000
3863 -1017.0000000000
3884 -1016.0000000000
3892 -1015.0000000000
3893 -1014.0000000000
3904 -1013.0000000000
3905 -1012.0000000000
3910 -1011.0000000000
3911 -1010.0000000000
3916 -1007.0000000000
3925 -1006.0000000000
3935 -1005.0000000000
3941 -1003.0000000000
3955 -1000.0000000000
3958 -999.0000000000
3961 -998.0000000000
3963 -997.0000000000
3972 -996.0000000000
3974 -995.0000000000
3977 -994.0000000000
3978 -993.0000000000
3980 -992.0000000000
3984 -990.0000000000
3986 -989.0000000000
3987 -988.0000000000
3993 -987.0000000000
3995 -986.0000000000
4000 -985.0000000000
4018 -984.0000000000
4022 -983.0000000000
4023 -982.0000000000
4072 -981.0000000000
4079 -980.0000000000
4080 -979.0000000000
4087 -978.0000000000
4089 -977.0000000000
4096 -976.0000000000
4115 -975.0000000000
4118 -974.0000000000
4125 -972.0000000000
4133 -971.0000000000
4147 -970.0000000000
4174 -969.0000000000
4183 -968.0000000000
4187 -967.0000000000
4191 -966.0000000000
4202 -965.0000000000
4221 -964.0000000000
4226 -962.0000000000
4229 -961.0000000000
4232 -960.0000000000
4238 -959.0000000000
4240 -958.0000000000
4244 -957.0000000000
4254 -955.0000000000
4257 -954.0000000000
4265 -953.0000000000
4277 -952.0000000000
4285 -950.0000000000
4287 -949.0000000000
4322 -948.0000000000
4327 -947.0000000000
4336 -946.0000000000
4341 -945.0000000000
4360 -943.0000000000
4366 -942.0000000000
4385 -941.0000000000
4387 -940.0000000000
4408 -939.0000000000
4410 -938.0000000000
4417 -937.0000000000
4422 -936.0000000000
4434 -935.0000000000
4437 -934.0000000000
4440 -933.0000000000
4449 -932.0000000000
4452 -930.0000000000
4453 -929.0000000000
4460 -928.0000000000
4461 -926.0000000000
4469 -925.0000000000
4473 -924.0000000000
4477 -923.0000000000
4480 -921.0000000000
4494 -920.0000000000
4495 -919.0000000000
4499 -918.0000000000
4520 -917.0000000000
4523 -916.0000000000
4531 -915.0000000000
4532 -914.0000000000
4538 -913.0000000000
4542 -912.0000000000
4546 -911.0000000000
4557 -910.0000000000
4558 -909.0000000000
4560 -908.0000000000
4563 -907.0000000000
4577 -906.0000000000
4585 -905.0000000000
4595 -904.0000000000
4612 -903.0000000000
4618 -902.0000000000
4622 -901.0000000000
4655 -900.0000000000
4669 -899.0000000000
4671 -898.0000000000
4673 -896.0000000000
4680 -894.0000000000
4683 -893.0000000000
4707 -892.0000000000
4730 -890.0000000000
4734 -889.0000000000
4736 -887.0000000000
4737 -886.0000000000
4741 -885.0000000000
4745 -884.0000000000
4746 -883.0000000000
4757 -882.0000000000
4769 -881.0000000000
4773 -880.0000000000
4778 -879.0000000000
4781 -878.0000000000
4799 -877.0000000000
4807 -876.0000000000
4816 -875.0000000000
4819 -874.0000000000
4824 -873.0000000000
4827 -872.0000000000
4843 -871.0000000000
4856 -870.0000000000
4865 -868.0000000000
4882 -867.0000000000
4898 -866.0000000000
4900 -865.0000000000
4923 -864.0000000000
4924 -863.0000000000
4927 -862.0000000000
4942 -861.0000000000
4947 -860.0000000000
4949 -859.0000000000
4968 -858.0000000000
4970 -857.0000000000
4980 -855.0000000000
4996 -854.0000000000
4997 -852.0000000000
5002 -851.0000000000
5003 -850.0000000000
5009 -849.0000000000
5017 -848.0000000000
5027 -847.0000000000
5037 -846.0000000000
5042 -845.0000000000
5051 -844.0000000000
5052 -843.0000000000
5059 -842.0000000000
5080 -841.0000000000
5091 -840.0000000000
5093 -839.0000000000
5103 -838.0000000000
5104 -837.0000000000
5125 -836.0000000000
5128 -835.0000000000
5130 -834.0000000000
5139 -833.0000000000
5142 -832.0000000000
5144 -831.0000000000
5155 -829.0000000000
5168 -828.0000000000
5169 -827.0000000000
5170 -826.0000000000
5171 -825.0000000000
5178 -824.0000000000
5199 -823.0000000000
5209 -822.0000000000
5210 -821.0000000000
5229 -820.0000000000
5233 -819.0000000000
5239 -818.0000000000
5245 -816.0000000000
5298 -815.0000000000
5314 -814.0000000000
5324 -813.0000000000
5326 -812.0000000000
5328 -811.0000000000
5338 -810.0000000000
5359 -809.0000000000
5376 -808.0000000000
5422 -807.0000000000
5423 -805.0000000000
5444 -804.0000000000
5446 -803.0000000000
5458 -802.0000000000
5461 -801.0000000000
5470 -800.0000000000
5491 -799.0000000000
5498 -798.0000000000
5529 -797.0000000000
5531 -796.0000000000
5542 -795.0000000000
5549 -794.0000000000
5557 -793.0000000000
5577 -792.0000000000
5591 -791.0000000000
5593 -790.0000000000
5612 -789.0000000000
5626 -788.0000000000
5634 -787.0000000000
5639 -786.0000000000
5650 -785.0000000000
5670 -784.0000000000
5701 -783.0000000000
5712 -782.0000000000
5733 -781.0000000000
5740 -780.0000000000
5761 -779.0000000000
5778 -778.0000000000
5782 -777.0000000000
5791 -776.0000000000
5805 -775.0000000000
5817 -774.0000000000
5835 -773.0000000000
5853 -772.0000000000
5872 -771.0000000000
5884 -768.0000000000
5888 -766.0000000000
5889 -765.0000000000
5926 -764.0000000000
5935 -763.0000000000
5943 -762.0000000000
5951 -761.0000000000
5952 -760.0000000000
5962 -759.0000000000
5963 -758.0000000000
5968 -757.0000000000
5969 -756.0000000000
5970 -754.0000000000
5975 -753.0000000000
5988 -752.0000000000
6003 -751.0000000000
6046 -750.0000000000
6049 -749.0000000000
6057 -748.0000000000
6058 -747.0000000000
6082 -746.0000000000
6091 -745.0000000000
6094 -744.0000000000
6132 -743.0000000000
6136 -742.0000000000
6139 -741.0000000000
6145 -740.0000000000
6157 -739.0000000000
6159 -738.0000000000
6176 -737.0000000000
6186 -736.0000000000
6200 -735.0000000000
6208 -734.0000000000
6215 -733.0000000000
6243 -732.0000000000
6244 -731.0000000000
6264 -730.0000000000
6275 -729.0000000000
6283 -728.0000000000
6290 -727.0000000000
6303 -725.0000000000
6307 -724.0000000000
6320 -723.0000000000
6349 -722.0000000000
6371 -721.0000000000
6400 -720.0000000000
6402 -719.0000000000
6413 -718.0000000000
6426 -717.0000000000
6471 -715.0000000000
6472 -714.0000000000
6493 -713.0000000000
6517 -711.0000000000
6531 -710.0000000000
6539 -708.0000000000
6564 -707.0000000000
6566 -706.0000000000
6575 -705.0000000000
6596 -704.0000000000
6606 -703.0000000000
6619 -702.0000000000
6621 -701.0000000000
6644 -700.0000000000
6650 -699.0000000000
6658 -698.0000000000
6665 -697.0000000000
6672 -696.0000000000
6681 -695.0000000000
6686 -694.0000000000
6698 -693.0000000000
6727 -692.0000000000
6741 -690.0000000000
6743 -689.0000000000
6756 -688.0000000000
6759 -687.0000000000
6801 -686.0000000000
6820 -685.0000000000
6825 -684.0000000000
6853 -683.0000000000
6862 -682.0000000000
6863 -681.0000000000
6879 -680.0000000000
6883 -679.0000000000
6902 -678.0000000000
6916 -676.0000000000
6922 -675.0000000000
6937 -674.0000000000
6939 -673.0000000000
6948 -672.0000000000
6961 -671.0000000000
6966 -670.0000000000
6978 -669.0000000000
6980 -668.0000000000
6984 -667.0000000000
6986 -666.0000000000
6994 -665.0000000000
7014 -663.0000000000
7024 -662.0000000000
7045 -661.0000000000
7068 -660.0000000000
7075 -658.0000000000
7080 -657.0000000000
7084 -656.0000000000
7155 -655.0000000000
7171 -654.0000000000
7174 -653.0000000000
7187 -652.0000000000
7207 -651.0000000000
7210 -650.0000000000
7234 -649.0000000000
7255 -648.0000000000
7283 -647.0000000000
7301 -646.0000000000
7330 -645.0000000000
7362 -644.0000000000
7379 -643.0000000000
7389 -642.0000000000
7401 -641.0000000000
7409 -640.0000000000
7451 -639.0000000000
7457 -637.0000000000
7461 -635.0000000000
7465 -634.0000000000
7487 -633.0000000000
7494 -632.0000000000
7499 -631.0000000000
7512 -630.0000000000
7526 -629.0000000000
7539 -628.0000000000
7552 -627.0000000000
7554 -625.0000000000
7566 -624.0000000000
7567 -622.0000000000
7581 -621.0000000000
7598 -620.0000000000
7600 -619.0000000000
7613 -618.0000000000
7618 -616.0000000000
7628 -615.0000000000
7638 -614.0000000000
7661 -613.0000000000
7669 -612.0000000000
7674 -611.0000000000
7689 -610.0000000000
7693 -609.0000000000
7696 -608.0000000000
7718 -607.0000000000
7752 -606.0000000000
7767 -605.0000000000
7771 -604.0000000000
7775 -603.0000000000
7788 -602.0000000000
7800 -601.0000000000
7802 -599.0000000000
7813 -598.0000000000
7818 -597.0000000000
7829 -596.0000000000
7831 -595.0000000000
7835 -594.0000000000
7842 -593.0000000000
7868 -592.0000000000
7874 -591.0000000000
7886 -590.0000000000
7888 -589.0000000000
7905 -588.0000000000
7907 -587.0000000000
7918 -586.0000000000
7928 -585.0000000000
7932 -584.0000000000
7939 -583.0000000000
7943 -582.0000000000
7971 -581.0000000000
8010 -580.0000000000
8031 -579.0000000000
8036 -578.0000000000
8050 -577.0000000000
8051 -576.0000000000
8054 -575.0000000000
8055 -574.0000000000
8082 -573.0000000000
8087 -572.0000000000
8103 -571.0000000000
8117 -570.0000000000
8125 -569.0000000000
8127 -567.0000000000
8140 -566.0000000000
8142 -565.0000000000
8147 -564.0000000000
8183 -563.0000000000
8192 -562.0000000000
8214 -561.0000000000
8230 -560.0000000000
8241 -559.0000000000
8257 -558.0000000000
8260 -557.0000000000
8271 -556.0000000000
8299 -555.0000000000
8317 -554.0000000000
8321 -553.0000000000
8339 -552.0000000000
8345 -550.0000000000
8366 -549.0000000000
8372 -548.0000000000
8384 -547.0000000000
8387 -546.0000000000
8416 -545.0000000000
8429 -544.0000000000
8459 -543.0000000000
8467 -542.0000000000
8477 -541.0000000000
8486 -540.0000000000
8487 -539.0000000000
8501 -538.0000000000
8539 -537.0000000000
8540 -536.0000000000
8562 -535.0000000000
8608 -534.0000000000
8613 -532.0000000000
8718 -531.0000000000
8724 -530.0000000000
8725 -529.0000000000
8729 -528.0000000000
8758 -527.0000000000
8786 -526.0000000000
8798 -524.0000000000
8914 -523.0000000000
8941 -522.0000000000
8962 -521.0000000000
8980 -520.0000000000
9008 -519.0000000000
9023 -518.0000000000
9032 -517.0000000000
9076 -516.0000000000
9090 -515.0000000000
9103 -514.0000000000
9152 -513.0000000000
9170 -512.0000000000
9183 -511.0000000000
9219 -510.0000000000
9235 -509.0000000000
9238 -508.0000000000
9245 -507.0000000000
9266 -506.0000000000
9269 -505.0000000000
9302 -504.0000000000
9365 -503.0000000000
9376 -501.0000000000
9382 -499.0000000000
9393 -498.0000000000
9416 -496.0000000000
9421 -495.0000000000
9435 -494.0000000000
9439 -493.0000000000
9445 -492.0000000000
9458 -491.0000000000
9459 -490.0000000000
9490 -489.0000000000
9508 -487.0000000000
9524 -486.0000000000
9531 -484.0000000000
9555 -483.0000000000
9573 -482.0000000000
9578 -481.0000000000
9579 -480.0000000000
9627 -479.0000000000
9636 -478.0000000000
9699 -477.0000000000
9702 -476.0000000000
9716 -475.0000000000
9732 -474.0000000000
9756 -473.0000000000
9784 -472.0000000000
9787 -471.0000000000
9814 -470.0000000000
9860 -468.0000000000
9892 -467.0000000000
9905 -466.0000000000
9912 -465.0000000000
9916 -464.0000000000
9921 -463.0000000000
9922 -462.0000000000
9945 -461.0000000000
9961 -460.0000000000
9963 -459.0000000000
9973 -458.0000000000
9983 -457.0000000000
9990 -456.0000000000
10000 -457.0000000000
evaluations raw_y
1 -1935.0000000000
10 -1934.0000000000
14 -1933.0000000000
22 -1932.0000000000
24 -1931.0000000000
29 -1930.0000000000
32 -1929.0000000000
33 -1928.0000000000
38 -1927.0000000000
42 -1926.0000000000
53 -1925.0000000000
54 -1923.0000000000
57 -1922.0000000000
61 -1921.0000000000
63 -1920.0000000000
64 -1919.0000000000
68 -1918.0000000000
75 -1917.0000000000
76 -1916.0000000000
78 -1915.0000000000
81 -1914.0000000000
82 -1910.0000000000
88 -1909.0000000000
94 -1908.0000000000
96 -1907.0000000000
100 -1906.0000000000
117 -1905.0000000000
119 -1903.0000000000
120 -1902.0000000000
121 -1901.0000000000
123 -1899.0000000000
124 -1898.0000000000
127 -1895.0000000000
130 -1894.0000000000
133 -1893.0000000000
144 -1891.0000000000
147 -1890.0000000000
150 -1889.0000000000
156 -1887.0000000000
158 -1886.0000000000
160 -1885.0000000000
161 -1884.0000000000
169 -1882.0000000000
171 -1881.0000000000
173 -1880.0000000000
176 -1879.0000000000
178 -1878.0000000000
180 -1877.0000000000
185 -1876.0000000000
188 -1875.0000000000
192 -1874.0000000000
193 -1873.0000000000
195 -1872.0000000000
197 -1871.0000000000
202 -1869.0000000000
205 -1868.0000000000
208 -1867.0000000000
209 -1866.0000000000
215 -1865.0000000000
217 -1864.0000000000
219 -1863.0000000000
221 -1862.0000000000
223 -1861.0000000000
236 -1860.0000000000
239 -1857.0000000000
246 -1856.0000000000
251 -1853.0000000000
253 -1852.0000000000
260 -1851.0000000000
262 -1850.0000000000
265 -1848.0000000000
271 -1847.0000000000
272 -1846.0000000000
274 -1845.0000000000
275 -1844.0000000000
280 -1843.0000000000
282 -1842.0000000000
288 -1841.0000000000
289 -1840.0000000000
294 -1838.0000000000
299 -1837.0000000000
302 -1836.0000000000
309 -1834.0000000000
310 -1833.0000000000
316 -1832.0000000000
321 -1831.0000000000
325 -1830.0000000000
328 -1829.0000000000
329 -1828.0000000000
330 -1827.0000000000
331 -1824.0000000000
332 -1822.0000000000
335 -1821.0000000000
342 -1820.0000000000
345 -1819.0000000000
348 -1818.0000000000
352 -1817.0000000000
354 -1816.0000000000
358 -1815.0000000000
360 -1814.0000000000
363 -1813.0000000000
364 -1812.0000000000
365 -1811.0000000000
367 -1809.0000000000
377 -1808.0000000000
378 -1807.0000000000
379 -1806.0000000000
383 -1805.0000000000
385 -1803.0000000000
386 -1802.0000000000
390 -1800.0000000000
394 -1799.0000000000
398 -1798.0000000000
404 -1796.0000000000
406 -1795.0000000000
407 -1794.0000000000
411 -1793.0000000000
431 -1792.0000000000
432 -1790.0000000000
436 -1788.0000000000
437 -1787.0000000000
439 -1785.0000000000
443 -1784.0000000000
447 -1782.0000000000
449 -1781.0000000000
464 -1780.0000000000
472 -1778.0000000000
473 -1777.0000000000
481 -1775.0000000000
483 -1774.0000000000
484 -1773.0000000000
487 -1772.0000000000
495 -1771.0000000000
497 -1770.0000000000
500 -1769.0000000000
503 -1768.0000000000
515 -1767.0000000000
516 -1766.0000000000
520 -1765.0000000000
524 -1763.0000000000
537 -1762.0000000000
542 -1761.0000000000
543 -1760.0000000000
552 -1759.0000000000
555 -1758.0000000000
564 -1757.0000000000
567 -1756.0000000000
569 -1755.0000000000
581 -1754.0000000000
588 -1753.0000000000
589 -1752.0000000000
590 -1750.0000000000
598 -1749.0000000000
600 -1748.0000000000
608 -1746.0000000000
609 -1745.0000000000
613 -1744.0000000000
622 -1743.0000000000
631 -1742.0000000000
633 -1740.0000000000
634 -1739.0000000000
651 -1738.0000000000
653 -1736.0000000000
658 -1734.0000000000
659 -1733.0000000000
666 -1732.0000000000
667 -1731.0000000000
675 -1730.0000000000
677 -1728.0000000000
680 -1727.0000000000
682 -1726.0000000000
687 -1725.0000000000
696 -1723.0000000000
701 -1722.0000000000
715 -1720.0000000000
718 -1718.0000000000
723 -1717.0000000000
724 -1716.0000000000
736 -1715.0000000000
743 -1713.0000000000
749 -1712.0000000000
758 -1711.0000000000
761 -1710.0000000000
762 -1709.0000000000
767 -1708.0000000000
771 -1707.0000000000
772 -1706.0000000000
774 -1705.0000000000
775 -1704.0000000000
782 -1703.0000000000
783 -1702.0000000000
790 -1701.0000000000
796 -1700.0000000000
801 -1699.0000000000
807 -1698.0000000000
808 -1697.0000000000
813 -1696.0000000000
815 -1695.0000000000
822 -1693.0000000000
825 -1692.0000000000
829 -1691.0000000000
832 -1690.0000000000
833 -1689.0000000000
838 -1688.0000000000
842 -1685.0000000000
845 -1683.0000000000
848 -1682.0000000000
851 -1681.0000000000
852 -1680.0000000000
855 -1679.0000000000
856 -1677.0000000000
857 -1676.0000000000
859 -1675.0000000000
862 -1674.0000000000
865 -1673.0000000000
867 -1672.0000000000
872 -1671.0000000000
879 -1670.0000000000
885 -1668.0000000000
903 -1667.0000000000
906 -1666.0000000000
909 -1665.0000000000
910 -1664.0000000000
916 -1663.0000000000
919 -1662.0000000000
920 -1661.0000000000
922 -1660.0000000000
924 -1659.0000000000
925 -1658.0000000000
929 -1656.0000000000
931 -1654.0000000000
935 -1653.0000000000
937 -1652.0000000000
938 -1651.0000000000
940 -1649.0000000000
942 -1648.0000000000
946 -1647.0000000000
952 -1645.0000000000
957 -1642.0000000000
971 -1641.0000000000
987 -1640.0000000000
990 -1639.0000000000
991 -1638.0000000000
994 -1636.0000000000
996 -1635.0000000000
1005 -1634.0000000000
1010 -1633.0000000000
1015 -1632.0000000000
1019 -1631.0000000000
1024 -1630.0000000000
1027 -1629.0000000000
1028 -1628.0000000000
1030 -1627.0000000000
1038 -1626.0000000000
1039 -1625.0000000000
1048 -1624.0000000000
1056 -1622.0000000000
1060 -1621.0000000000
1063 -1620.0000000000
1070 -1619.0000000000
1071 -1618.0000000000
1076 -1617.0000000000
1078 -1615.0000000000
1079 -1613.0000000000
1082 -1612.0000000000
1085 -1611.0000000000
1097 -1610.0000000000
1099 -1609.0000000000
1104 -1608.0000000000
1112 -1606.0000000000
1114 -1605.0000000000
1119 -1604.0000000000
1123 -1603.0000000000
1143 -1602.0000000000
1152 -1600.0000000000
1156 -1599.0000000000
1158 -1598.0000000000
1159 -1597.0000000000
1160 -1596.0000000000
1163 -1595.0000000000
1172 -1593.0000000000
1176 -1592.0000000000
1180 -1589.0000000000
1186 -1587.0000000000
1193 -1586.0000000000
1200 -1584.0000000000
1206 -1583.0000000000
1218 -1582.0000000000
1219 -1581.0000000000
1222 -1580.0000000000
1225 -1578.0000000000
1229 -1577.0000000000
1233 -1576.0000000000
1234 -1574.0000000000
1235 -1573.0000000000
1256 -1571.0000000000
1258 -1570.0000000000
1261 -1569.0000000000
1262 -1568.0000000000
1266 -1567.0000000000
1269 -1566.0000000000
1273 -1565.0000000000
1279 -1562.0000000000
1280 -1560.0000000000
1285 -1559.0000000000
1293 -1557.0000000000
1300 -1556.0000000000
1302 -1555.0000000000
1315 -1554.0000000000
1324 -1553.0000000000
1328 -1552.0000000000
1332 -1551.0000000000
1334 -1550.0000000000
1353 -1549.0000000000
1354 -1547.0000000000
1357 -1546.0000000000
1360 -1545.0000000000
1361 -1544.0000000000
1367 -1543.0000000000
1368 -1542.0000000000
1369 -1540.0000000000
1371 -1539.0000000000
1375 -1538.0000000000
1380 -1537.0000000000
1383 -1536.0000000000
1387 -1535.0000000000
1391 -1533.0000000000
1396 -1532.0000000000
1397 -1531.0000000000
1400 -1530.0000000000
1407 -1528.0000000000
1421 -1527.0000000000
1424 -1526.0000000000
1429 -1525.0000000000
1448 -1524.0000000000
1449 -1522.0000000000
1450 -1521.0000000000
1454 -1520.0000000000
1458 -1518.0000000000
1459 -1517.0000000000
1463 -1515.0000000000
1471 -1514.0000000000
1472 -1513.0000000000
1478 -1512.0000000000
1479 -1510.0000000000
1488 -1509.0000000000
1490 -1508.0000000000
1491 -1507.0000000000
1498 -1506.0000000000
1499 -1503.0000000000
1500 -1502.0000000000
1501 -1501.0000000000
1505 -1499.0000000000
1508 -1498.0000000000
1512 -1496.0000000000
1515 -1495.0000000000
1526 -1494.0000000000
1532 -1493.0000000000
1536 -1492.0000000000
1540 -1491.0000000000
1553 -1490.0000000000
1567 -1489.0000000000
1572 -1488.0000000000
1576 -1487.0000000000
1579 -1486.0000000000
1583 -1485.0000000000
1587 -1484.0000000000
1593 -1483.0000000000
1597 -1482.0000000000
1599 -1481.0000000000
1601 -1480.0000000000
1607 -1479.0000000000
1608 -1478.0000000000
1613 -1476.0000000000
1616 -1475.0000000000
1621 -1474.0000000000
1628 -1473.0000000000
1641 -1472.0000000000
1644 -1471.0000000000
1651 -1470.0000000000
1652 -1469.0000000000
1655 -1467.0000000000
1673 -1466.0000000000
1676 -1465.0000000000
1686 -1464.0000000000
1692 -1463.0000000000
1699 -1461.0000000000
1700 -1458.0000000000
1702 -1457.0000000000
1706 -1456.0000000000
1709 -1455.0000000000
1715 -1454.0000000000
1719 -1453.0000000000
1720 -1452.0000000000
1725 -1451.0000000000
1728 -1450.0000000000
1730 -1449.0000000000
1732 -1447.0000000000
1737 -1446.0000000000
1738 -1445.0000000000
1739 -1444.0000000000
1741 -1443.0000000000
1744 -1442.0000000000
1747 -1441.0000000000
1748 -1440.0000000000
1749 -1438.0000000000
1751 -1437.0000000000
1771 -1436.0000000000
1773 -1435.0000000000
1775 -1433.0000000000
1781 -1432.0000000000
1815 -1429.0000000000
1816 -1428.0000000000
1825 -1427.0000000000
1829 -1426.0000000000
1830 -1425.0000000000
1838 -1424.0000000000
1844 -1423.0000000000
1852 -1422.0000000000
1859 -1421.0000000000
1860 -1418.0000000000
1867 -1416.0000000000
1870 -1415.0000000000
1871 -1413.0000000000
1872 -1412.0000000000
1878 -1410.0000000000
1880 -1409.0000000000
1888 -1408.0000000000
1890 -1407.0000000000
1892 -1406.0000000000
1898 -1405.0000000000
1906 -1404.0000000000
1919 -1403.0000000000
1923 -1400.0000000000
1925 -1399.0000000000
1926 -1398.0000000000
1930 -1397.0000000000
1949 -1395.0000000000
1950 -1394.0000000000
1953 -1393.0000000000
1954 -1392.0000000000
1957 -1391.0000000000
1959 -1390.0000000000
1973 -1389.0000000000
1980 -1386.0000000000
1988 -1385.0000000000
1991 -1384.0000000000
1994 -1383.0000000000
2000 -1382.0000000000
2002 -1381.0000000000
2016 -1380.0000000000
2020 -1378.0000000000
2022 -1377.0000000000
2030 -1376.0000000000
2037 -1375.0000000000
2038 -1374.0000000000
2062 -1373.0000000000
2066 -1371.0000000000
2078 -1370.0000000000
2079 -1369.0000000000
2092 -1368.0000000000
2094 -1367.0000000000
2097 -1366.0000000000
2114 -1365.0000000000
2118 -1364.0000000000
2125 -1363.0000000000
2130 -1361.0000000000
2133 -1359.0000000000
2148 -1357.0000000000
2151 -1356.0000000000
2155 -1355.0000000000
2159 -1354.0000000000
2162 -1353.0000000000
2165 -1351.0000000000
2171 -1350.0000000000
2181 -1349.0000000000
2185 -1348.0000000000
2187 -1347.0000000000
2192 -1346.0000000000
2193 -1345.0000000000
2194 -1344.0000000000
2199 -1342.0000000000
2202 -1341.0000000000
2203 -1340.0000000000
2209 -1339.0000000000
2215 -1338.0000000000
2216 -1337.0000000000
2219 -1336.0000000000
2222 -1335.0000000000
2224 -1334.0000000000
2240 -1333.0000000000
2242 -1332.0000000000
2246 -1331.0000000000
2248 -1330.0000000000
2251 -1329.0000000000
2261 -1327.0000000000
2264 -1325.0000000000
2274 -1324.0000000000
2278 -1323.0000000000
2280 -1322.0000000000
2284 -1321.0000000000
2291 -1320.0000000000
2293 -1319.0000000000
2294 -1317.0000000000
2299 -1316.0000000000
2303 -1314.0000000000
2315 -1313.0000000000
2322 -1311.0000000000
2328 -1310.0000000000
2332 -1309.0000000000
2335 -1308.0000000000
2342 -1307.0000000000
2349 -1306.0000000000
2356 -1305.0000000000
2367 -1304.0000000000
2368 -1302.0000000000
2382 -1301.0000000000
2383 -1299.0000000000
2385 -1298.0000000000
2388 -1297.0000000000
2391 -1296.0000000000
2397 -1295.0000000000
2414 -1293.0000000000
2415 -1292.0000000000
2417 -1291.0000000000
2422 -1290.0000000000
2424 -1289.0000000000
2442 -1287.0000000000
2473 -1286.0000000000
2478 -1285.0000000000
2479 -1284.0000000000
2485 -1283.0000000000
2491 -1282.0000000000
2496 -1281.0000000000
2498 -1280.0000000000
2499 -1279.0000000000
2501 -1277.0000000000
2508 -1275.0000000000
2516 -1274.0000000000
2523 -1273.0000000000
2538 -1272.0000000000
2541 -1270.0000000000
2544 -1269.0000000000
2545 -1267.0000000000
2553 -1265.0000000000
2554 -1264.0000000000
2560 -1263.0000000000
2565 -1262.0000000000
2571 -1261.0000000000
2575 -1260.0000000000
2582 -1259.0000000000
2583 -1257.0000000000
2599 -1256.0000000000
2600 -1255.0000000000
2602 -1254.0000000000
2616 -1253.0000000000
2617 -1250.0000000000
2626 -1249.0000000000
2631 -1248.0000000000
2638 -1247.0000000000
2639 -1246.0000000000
2640 -1244.0000000000
2644 -1243.0000000000
2653 -1242.0000000000
2659 -1241.0000000000
2666 -1239.0000000000
2677 -1238.0000000000
2680 -1237.0000000000
2682 -1236.0000000000
2692 -1235.0000000000
2705 -1234.0000000000
2708 -1233.0000000000
2709 -1232.0000000000
2716 -1231.0000000000
2736 -1230.0000000000
2739 -1229.0000000000
2748 -1227.0000000000
2749 -1225.0000000000
2758 -1224.0000000000
2759 -1223.0000000000
2771 -1222.0000000000
2778 -1221.0000000000
2779 -1220.0000000000
2783 -1219.0000000000
2786 -1218.0000000000
2792 -1217.0000000000
2793 -1216.0000000000
2798 -1215.0000000000
2800 -1214.0000000000
2805 -1213.0000000000
2808 -1212.0000000000
2810 -1211.0000000000
2812 -1210.0000000000
2836 -1209.0000000000
2840 -1208.0000000000
2842 -1207.0000000000
2850 -1205.0000000000
2851 -1204.0000000000
2862 -1203.0000000000
2865 -1202.0000000000
2871 -1201.0000000000
2886 -1199.0000000000
2901 -1198.0000000000
2908 -1197.0000000000
2913 -1196.0000000000
2923 -1195.0000000000
2930 -1194.0000000000
2949 -1193.0000000000
2967 -1192.0000000000
2981 -1191.0000000000
2983 -1190.0000000000
2987 -1189.0000000000
2993 -1188.0000000000
2996 -1187.0000000000
2997 -1186.0000000000
3002 -1185.0000000000
3009 -1183.0000000000
3011 -1182.0000000000
3038 -1181.0000000000
3042 -1180.0000000000
3047 -1178.0000000000
3050 -1177.0000000000
3057 -1175.0000000000
3064 -1174.0000000000
3066 -1173.0000000000
3075 -1172.0000000000
3077 -1170.0000000000
3081 -1169.0000000000
3084 -1168.0000000000
3092 -1167.0000000000
3107 -1166.0000000000
3117 -1165.0000000000
3125 -1164.0000000000
3130 -1162.0000000000
3134 -1161.0000000000
3137 -1159.0000000000
3146 -1158.0000000000
3154 -1157.0000000000
3160 -1156.0000000000
3167 -1155.0000000000
3183 -1154.0000000000
3184 -1153.0000000000
3187 -1152.0000000000
3188 -1151.0000000000
3193 -1149.0000000000
3205 -1148.0000000000
3207 -1147.0000000000
3214 -1146.0000000000
3222 -1145.0000000000
3223 -1144.0000000000
3229 -1143.0000000000
3233 -1142.0000000000
3243 -1141.0000000000
3246 -1140.0000000000
3248 -1139.0000000000
3251 -1138.0000000000
3253 -1137.0000000000
3266 -1136.0000000000
3268 -1135.0000000000
3270 -1134.0000000000
3274 -1133.0000000000
3303 -1132.0000000000
3314 -1130.0000000000
3318 -1129.0000000000
3319 -1128.0000000000
3331 -1126.0000000000
3349 -1125.0000000000
3357 -1124.0000000000
3358 -1123.0000000000
3363 -1122.0000000000
3364 -1121.0000000000
3366 -1120.0000000000
3370 -1119.0000000000
3374 -1118.0000000000
3375 -1116.0000000000
3381 -1115.0000000000
3382 -1113.0000000000
3383 -1112.0000000000
3388 -1111.0000000000
3401 -1110.0000000000
3404 -1109.0000000000
3415 -1108.0000000000
3418 -1107.0000000000
3422 -1106.0000000000
3424 -1105.0000000000
3433 -1104.0000000000
3439 -1103.0000000000
3458 -1102.0000000000
3459 -1101.0000000000
3465 -1100.0000000000
3466 -1098.0000000000
3471 -1097.0000000000
3482 -1096.0000000000
3485 -1095.0000000000
3509 -1094.0000000000
3517 -1092.0000000000
3518 -1091.0000000000
3545 -1090.0000000000
3550 -1089.0000000000
3551 -1087.0000000000
3555 -1086.0000000000
3565 -1085.0000000000
3566 -1084.0000000000
3567 -1083.0000000000
3570 -1082.0000000000
3586 -1081.0000000000
3589 -1080.0000000000
3590 -1078.0000000000
3595 -1076.0000000000
3597 -1075.0000000000
3604 -1072.0000000000
3612 -1071.0000000000
3616 -1070.0000000000
3617 -1069.0000000000
3619 -1068.0000000000
3623 -1067.0000000000
3629 -1064.0000000000
3632 -1063.0000000000
3655 -1062.0000000000
3674 -1061.0000000000
3675 -1060.0000000000
3678 -1059.0000000000
3695 -1058.0000000000
3697 -1057.0000000000
3706 -1056.0000000000
3707 -1055.0000000000
3711 -1054.0000000000
3731 -1052.0000000000
3739 -1051.0000000000
3744 -1050.0000000000
3749 -1049.0000000000
3756 -1048.0000000000
3758 -1047.0000000000
3765 -1046.0000000000
3769 -1045.0000000000
3770 -1044.0000000000
3778 -1043.0000000000
3824 -1042.0000000000
3829 -1041.0000000000
3838 -1040.0000000000
3840 -1039.0000000000
3864 -1037.0000000000
3882 -1036.0000000000
3883 -1035.0000000000
3884 -1034.0000000000
3893 -1033.0000000000
3905 -1032.0000000000
3906 -1031.0000000000
3907 -1030.0000000000
3913 -1029.0000000000
3915 -1028.0000000000
3921 -1027.0000000000
3923 -1026.0000000000
3928 -1025.0000000000
3931 -1024.0000000000
3934 -1023.0000000000
3935 -1022.0000000000
3954 -1021.0000000000
3966 -1020.0000000000
3969 -1019.0000000000
3980 -1017.0000000000
3999 -1016.0000000000
4000 -1015.0000000000
4017 -1014.0000000000
4020 -1013.0000000000
4023 -1011.0000000000
4067 -1010.0000000000
4072 -1009.0000000000
4076 -1008.0000000000
4081 -1007.0000000000
4102 -1006.0000000000
4104 -1005.0000000000
4122 -1004.0000000000
4127 -1003.0000000000
4135 -1001.0000000000
4148 -1000.0000000000
4156 -999.0000000000
4164 -998.0000000000
4166 -997.0000000000
4171 -996.0000000000
4173 -995.0000000000
4184 -994.0000000000
4202 -993.0000000000
4209 -992.0000000000
4215 -991.0000000000
4218 -990.0000000000
4255 -989.0000000000
4264 -988.0000000000
4266 -987.0000000000
4267 -986.0000000000
4271 -985.0000000000
4272 -984.0000000000
4277 -982.0000000000
4281 -981.0000000000
4286 -978.0000000000
4292 -977.0000000000
4324 -976.0000000000
4338 -975.0000000000
4357 -974.0000000000
4359 -973.0000000000
4383 -972.0000000000
4384 -971.0000000000
4385 -969.0000000000
4389 -968.0000000000
4396 -967.0000000000
4438 -966.0000000000
4439 -965.0000000000
4456 -964.0000000000
4466 -963.0000000000
4467 -962.0000000000
4476 -961.0000000000
4484 -960.0000000000
4487 -958.0000000000
4493 -957.0000000000
4498 -956.0000000000
4508 -955.0000000000
4514 -954.0000000000
4528 -952.0000000000
4531 -951.0000000000
4535 -950.0000000000
4544 -949.0000000000
4554 -948.0000000000
4559 -947.0000000000
4575 -946.0000000000
4584 -945.0000000000
4608 -944.0000000000
4609 -942.0000000000
4617 -941.0000000000
4619 -940.0000000000
4621 -939.0000000000
4628 -938.0000000000
4629 -937.0000000000
4630 -936.0000000000
4632 -935.0000000000
4645 -934.0000000000
4659 -933.0000000000
4661 -932.0000000000
4664 -931.0000000000
4691 -930.0000000000
4692 -929.0000000000
4695 -928.0000000000
4696 -925.0000000000
4700 -923.0000000000
4720 -922.0000000000
4721 -921.0000000000
4732 -920.0000000000
4754 -919.0000000000
4756 -918.0000000000
4798 -917.0000000000
4802 -916.0000000000
4811 -914.0000000000
4825 -912.0000000000
4826 -911.0000000000
4836 -910.0000000000
4840 -909.0000000000
4841 -908.0000000000
4845 -907.0000000000
4850 -905.0000000000
4861 -904.0000000000
4862 -903.0000000000
4879 -902.0000000000
4883 -901.0000000000
4887 -900.0000000000
4896 -899.0000000000
4920 -898.0000000000
4924 -897.0000000000
4929 -896.0000000000
4930 -895.0000000000
4947 -894.0000000000
4950 -893.0000000000
4967 -892.0000000000
4970 -891.0000000000
4977 -889.0000000000
4983 -888.0000000000
4994 -887.0000000000
5005 -886.0000000000
5007 -885.0000000000
5020 -884.0000000000
5027 -883.0000000000
5041 -882.0000000000
5054 -880.0000000000
5064 -878.0000000000
5073 -877.0000000000
5075 -876.0000000000
5086 -875.0000000000
5093 -874.0000000000
5108 -873.0000000000
5112 -872.0000000000
5120 -871.0000000000
5124 -870.0000000000
5131 -868.0000000000
5139 -866.0000000000
5152 -865.0000000000
5169 -864.0000000000
5172 -863.0000000000
5177 -861.0000000000
5179 -859.0000000000
5185 -858.0000000000
5186 -857.0000000000
5191 -856.0000000000
5200 -855.0000000000
5204 -853.0000000000
5209 -852.0000000000
5236 -851.0000000000
5241 -850.0000000000
5244 -849.0000000000
5251 -848.0000000000
5265 -847.0000000000
5281 -846.0000000000
5283 -845.0000000000
5308 -843.0000000000
5313 -842.0000000000
5332 -841.0000000000
5333 -840.0000000000
5343 -839.0000000000
5357 -838.0000000000
5379 -837.0000000000
5381 -835.0000000000
5382 -834.0000000000
5383 -833.0000000000
5386 -832.0000000000
5390 -831.0000000000
5415 -830.0000000000
5423 -829.0000000000
5425 -827.0000000000
5429 -826.0000000000
5431 -825.0000000000
5438 -823.0000000000
5458 -822.0000000000
5459 -821.0000000000
5463 -820.0000000000
5464 -819.0000000000
5470 -818.0000000000
5486 -817.0000000000
5503 -815.0000000000
5509 -814.0000000000
5510 -813.0000000000
5515 -812.0000000000
5517 -811.0000000000
5521 -810.0000000000
5523 -809.0000000000
5540 -808.0000000000
5545 -807.0000000000
5565 -806.0000000000
5570 -805.0000000000
5593 -804.0000000000
5595 -803.0000000000
5598 -802.0000000000
5608 -801.0000000000
5635 -800.0000000000
5637 -798.0000000000
5649 -797.0000000000
5650 -796.0000000000
5652 -794.0000000000
5672 -793.0000000000
5674 -792.0000000000
5676 -791.0000000000
5677 -790.0000000000
5679 -789.0000000000
5690 -788.0000000000
5709 -787.0000000000
5714 -786.0000000000
5717 -785.0000000000
5723 -784.0000000000
5732 -783.0000000000
5734 -782.0000000000
5737 -781.0000000000
5742 -780.0000000000
5743 -777.0000000000
5758 -775.0000000000
5762 -774.0000000000
5779 -773.0000000000
5789 -772.0000000000
5792 -770.0000000000
5801 -769.0000000000
5802 -768.0000000000
5814 -766.0000000000
5816 -765.0000000000
5825 -764.0000000000
5830 -763.0000000000
5833 -762.0000000000
5834 -761.0000000000
5839 -759.0000000000
5843 -757.0000000000
5844 -756.0000000000
5855 -755.0000000000
5882 -753.0000000000
5898 -752.0000000000
5905 -750.0000000000
5910 -749.0000000000
5935 -748.0000000000
5962 -747.0000000000
5975 -746.0000000000
6012 -745.0000000000
6013 -744.0000000000
6016 -743.0000000000
6017 -742.0000000000
6026 -741.0000000000
6066 -740.0000000000
6073 -739.0000000000
6110 -738.0000000000
6132 -737.0000000000
6145 -736.0000000000
6167 -735.0000000000
6168 -734.0000000000
6182 -733.0000000000
6187 -732.0000000000
6188 -731.0000000000
6215 -730.0000000000
6229 -729.0000000000
6245 -728.0000000000
6252 -726.0000000000
6253 -725.0000000000
6256 -724.0000000000
6262 -723.0000000000
6275 -722.0000000000
6278 -721.0000000000
6283 -720.0000000000
6312 -719.0000000000
6316 -718.0000000000
6343 -717.0000000000
6354 -715.0000000000
6360 -714.0000000000
6361 -713.0000000000
6380 -712.0000000000
6393 -711.0000000000
6400 -710.0000000000
6413 -708.0000000000
6433 -707.0000000000
6436 -706.0000000000
6444 -704.0000000000
6453 -703.0000000000
6455 -702.0000000000
6476 -701.0000000000
6477 -700.0000000000
6478 -699.0000000000
6483 -698.0000000000
6488 -697.0000000000
6490 -696.0000000000
6508 -695.0000000000
6547 -694.0000000000
6572 -693.0000000000
6581 -692.0000000000
6587 -691.0000000000
6595 -690.0000000000
6618 -689.0000000000
6650 -688.0000000000
6676 -687.0000000000
6681 -686.0000000000
6690 -685.0000000000
6703 -684.0000000000
6711 -683.0000000000
6713 -682.0000000000
6723 -680.0000000000
6746 -679.0000000000
6776 -678.0000000000
6790 -677.0000000000
6799 -676.0000000000
6814 -675.0000000000
6820 -674.0000000000
6826 -673.0000000000
6833 -672.0000000000
6834 -671.0000000000
6847 -670.0000000000
6885 -669.0000000000
6898 -668.0000000000
6916 -667.0000000000
6928 -666.0000000000
6942 -665.0000000000
6955 -664.0000000000
6960 -663.0000000000
6961 -662.0000000000
6966 -661.0000000000
6989 -660.0000000000
6995 -659.0000000000
7016 -658.0000000000
7020 -657.0000000000
7021 -656.0000000000
7030 -655.0000000000
7032 -654.0000000000
7039 -653.0000000000
7049 -652.0000000000
7089 -651.0000000000
7096 -650.0000000000
7097 -649.0000000000
7107 -648.0000000000
7115 -647.0000000000
7120 -646.0000000000
7125 -645.0000000000
7140 -644.0000000000
7156 -643.0000000000
7163 -642.0000000000
7175 -641.0000000000
7178 -640.0000000000
7194 -639.0000000000
7199 -638.0000000000
7215 -637.0000000000
7225 -636.0000000000
7229 -634.0000000000
7231 -633.0000000000
7234 -632.0000000000
7244 -631.0000000000
7250 -630.0000000000
7257 -629.0000000000
7262 -628.0000000000
7293 -627.0000000000
7315 -626.0000000000
7323 -625.0000000000
7326 -624.0000000000
7341 -623.0000000000
7373 -622.0000000000
7378 -621.0000000000
7379 -620.0000000000
7381 -619.0000000000
7409 -618.0000000000
7425 -617.0000000000
7452 -616.0000000000
7455 -615.0000000000
7465 -614.0000000000
7494 -612.0000000000
7499 -611.0000000000
7542 -610.0000000000
7545 -609.0000000000
7546 -608.0000000000
7560 -607.0000000000
7593 -606.0000000000
7602 -605.0000000000
7625 -604.0000000000
7628 -603.0000000000
7631 -602.0000000000
7637 -600.0000000000
7698 -599.0000000000
7731 -598.0000000000
7750 -597.0000000000
7765 -596.0000000000
7776 -595.0000000000
7800 -594.0000000000
7805 -593.0000000000
7807 -592.0000000000
7813 -591.0000000000
7822 -589.0000000000
7843 -587.0000000000
7849 -586.0000000000
7851 -585.0000000000
7879 -584.0000000000
7881 -583.0000000000
7910 -582.0000000000
7926 -581.0000000000
7932 -580.0000000000
7939 -579.0000000000
7949 -578.0000000000
7956 -577.0000000000
7963 -576.0000000000
7990 -575.0000000000
8004 -574.0000000000
8031 -573.0000000000
8033 -572.0000000000
8038 -571.0000000000
8041 -570.0000000000
8070 -569.0000000000
8074 -568.0000000000
8081 -567.0000000000
8122 -566.0000000000
8164 -565.0000000000
8166 -564.0000000000
8168 -563.0000000000
8176 -562.0000000000
8178 -561.0000000000
8184 -560.0000000000
8192 -559.0000000000
8204 -558.0000000000
8206 -557.0000000000
8218 -556.0000000000
8243 -555.0000000000
8254 -553.0000000000
8258 -551.0000000000
8267 -549.0000000000
8301 -548.0000000000
8302 -547.0000000000
8322 -545.0000000000
8328 -544.0000000000
8339 -543.0000000000
8376 -542.0000000000
8390 -541.0000000000
8399 -540.0000000000
8432 -539.0000000000
8450 -538.0000000000
8452 -537.0000000000
8454 -536.0000000000
8482 -535.0000000000
8497 -534.0000000000
8508 -533.0000000000
8522 -532.0000000000
8590 -531.0000000000
8606 -530.0000000000
8613 -529.0000000000
8619 -528.0000000000
8642 -527.0000000000
8668 -526.0000000000
8679 -525.0000000000
8681 -524.0000000000
8694 -523.0000000000
8700 -522.0000000000
8702 -521.0000000000
8734 -519.0000000000
8756 -518.0000000000
8769 -517.0000000000
8775 -516.0000000000
8806 -515.0000000000
8838 -514.0000000000
8861 -513.0000000000
8862 -512.0000000000
8877 -511.0000000000
8885 -510.0000000000
8919 -509.0000000000
8920 -508.0000000000
8930 -507.0000000000
8942 -506.0000000000
8943 -505.0000000000
8966 -504.0000000000
8984 -503.0000000000
8997 -502.0000000000
9008 -501.0000000000
9018 -500.0000000000
9060 -499.0000000000
9065 -498.0000000000
9069 -497.0000000000
9105 -496.0000000000
9113 -495.0000000000
9120 -494.0000000000
9135 -493.0000000000
9137 -492.0000000000
9149 -491.0000000000
9156 -490.0000000000
9233 -489.0000000000
9234 -488.0000000000
9257 -487.0000000000
9303 -485.0000000000
9310 -484.0000000000
9331 -483.0000000000
9336 -482.0000000000
9350 -481.0000000000
9373 -480.0000000000
9384 -479.0000000000
9410 -477.0000000000
9416 -476.0000000000
9445 -475.0000000000
9452 -474.0000000000
9453 -473.0000000000
9494 -472.0000000000
9497 -471.0000000000
9517 -470.0000000000
9541 -469.0000000000
9585 -468.0000000000
9605 -467.0000000000
9616 -466.0000000000
9625 -465.0000000000
9641 -464.0000000000
9673 -463.0000000000
9681 -462.0000000000
9702 -461.0000000000
9704 -460.0000000000
9711 -459.0000000000
9800 -458.0000000000
9828 -457.0000000000
9841 -456.0000000000
9844 -455.0000000000
9852 -454.0000000000
9854 -453.0000000000
9869 -452.0000000000
9897 -451.0000000000
9930 -450.0000000000
9954 -449.0000000000
9973 -448.0000000000
9996 -447.0000000000
10000 -448.0000000000
evaluations raw_y
1 -1898.0000000000
2 -1897.0000000000
3 -1895.0000000000
8 -1894.0000000000
11 -1893.0000000000
14 -1892.0000000000
16 -1891.0000000000
18 -1890.0000000000
19 -1889.0000000000
25 -1888.0000000000
29 -1887.0000000000
30 -1886.0000000000
31 -1885.0000000000
38 -1884.0000000000
46 -1883.0000000000
48 -1882.0000000000
58 -1881.0000000000
62 -1880.0000000000
68 -1878.0000000000
69 -1877.0000000000
70 -1875.0000000000
78 -1874.0000000000
79 -1873.0000000000
93 -1872.0000000000
94 -1871.0000000000
95 -1869.0000000000
98 -1868.0000000000
101 -1867.0000000000
103 -1866.0000000000
105 -1865.0000000000
106 -1864.0000000000
108 -1863.0000000000
110 -1862.0000000000
111 -1861.0000000000
114 -1860.0000000000
115 -1859.0000000000
116 -1858.0000000000
117 -1857.0000000000
119 -1855.0000000000
125 -1854.0000000000
129 -1853.0000000000
132 -1852.0000000000
140 -1851.0000000000
141 -1850.0000000000
143 -1848.0000000000
147 -1847.0000000000
148 -1846.0000000000
154 -1845.0000000000
157 -1844.0000000000
159 -1843.0000000000
163 -1842.0000000000
169 -1841.0000000000
170 -1840.0000000000
171 -1839.0000000000
172 -1838.0000000000
176 -1837.0000000000
185 -1836.0000000000
186 -1835.0000000000
190 -1834.0000000000
193 -1832.0000000000
202 -1831.0000000000
212 -1830.0000000000
216 -1829.0000000000
219 -1828.0000000000
225 -1825.0000000000
228 -1824.0000000000
242 -1823.0000000000
255 -1821.0000000000
256 -1820.0000000000
264 -1819.0000000000
266 -1817.0000000000
270 -1815.0000000000
275 -1814.0000000000
277 -1813.0000000000
278 -1812.0000000000
280 -1811.0000000000
283 -1810.0000000000
286 -1808.0000000000
291 -1807.0000000000
292 -1805.0000000000
294 -1804.0000000000
296 -1803.0000000000
318 -1800.0000000000
321 -1799.0000000000
328 -1798.0000000000
336 -1797.0000000000
339 -1796.0000000000
344 -1795.0000000000
350 -1791.0000000000
352 -1790.0000000000
356 -1789.0000000000
362 -1788.0000000000
366 -1787.0000000000
367 -1786.0000000000
371 -1785.0000000000
372 -1784.0000000000
373 -1783.0000000000
375 -1781.0000000000
376 -1780.0000000000
377 -1779.0000000000
381 -1778.0000000000
383 -1777.0000000000
387 -1776.0000000000
398 -1775.0000000000
406 -1772.0000000000
411 -1771.0000000000
416 -1770.0000000000
422 -1769.0000000000
429 -1768.0000000000
433 -1767.0000000000
440 -1766.0000000000
441 -1765.0000000000
442 -1762.0000000000
444 -1761.0000000000
458 -1760.0000000000
466 -1759.0000000000
470 -1758.0000000000
471 -1757.0000000000
477 -1756.0000000000
478 -1755.0000000000
485 -1754.0000000000
493 -1753.0000000000
494 -1752.0000000000
497 -1751.0000000000
500 -1750.0000000000
502 -1749.0000000000
511 -1747.0000000000
512 -1746.0000000000
517 -1744.0000000000
525 -1743.0000000000
526 -1741.0000000000
535 -1740.0000000000
537 -1738.0000000000
544 -1737.0000000000
549 -1736.0000000000
561 -1735.0000000000
563 -1734.0000000000
565 -1733.0000000000
568 -1731.0000000000
574 -1730.0000000000
577 -1728.0000000000
581 -1727.0000000000
584 -1726.0000000000
588 -1725.0000000000
590 -1724.0000000000
591 -1723.0000000000
593 -1722.0000000000
603 -1719.0000000000
604 -1718.0000000000
605 -1716.0000000000
613 -1715.0000000000
627 -1714.0000000000
632 -1713.0000000000
638 -1712.0000000000
645 -1711.0000000000
652 -1709.0000000000
655 -1708.0000000000
662 -1707.0000000000
669 -1705.0000000000
677 -1703.0000000000
683 -1702.0000000000
685 -1701.0000000000
693 -1700.0000000000
697 -1699.0000000000
700 -1697.0000000000
704 -1696.0000000000
708 -1695.0000000000
715 -1693.0000000000
724 -1692.0000000000
727 -1691.0000000000
731 -1690.0000000000
735 -1688.0000000000
740 -1686.0000000000
744 -1684.0000000000
746 -1683.0000000000
762 -1682.0000000000
767 -1681.0000000000
768 -1680.0000000000
771 -1679.0000000000
778 -1678.0000000000
779 -1677.0000000000
782 -1675.0000000000
786 -1674.0000000000
787 -1673.0000000000
790 -1672.0000000000
800 -1670.0000000000
808 -1668.0000000000
813 -1665.0000000000
820 -1664.0000000000
823 -1663.0000000000
829 -1661.0000000000
835 -1658.0000000000
836 -1657.0000000000
839 -1656.0000000000
853 -1655.0000000000
854 -1654.0000000000
857 -1653.0000000000
862 -1651.0000000000
863 -1650.0000000000
864 -1648.0000000000
865 -1647.0000000000
867 -1645.0000000000
871 -1644.0000000000
879 -1643.0000000000
883 -1642.0000000000
885 -1641.0000000000
886 -1640.0000000000
888 -1639.0000000000
905 -1638.0000000000
906 -1637.0000000000
909 -1636.0000000000
910 -1635.0000000000
917 -1634.0000000000
918 -1633.0000000000
923 -1632.0000000000
927 -1631.0000000000
932 -1630.0000000000
940 -1628.0000000000
943 -1627.0000000000
949 -1625.0000000000
963 -1624.0000000000
964 -1623.0000000000
965 -1622.0000000000
974 -1619.0000000000
976 -1618.0000000000
977 -1617.0000000000
980 -1616.0000000000
986 -1615.0000000000
993 -1613.0000000000
994 -1612.0000000000
996 -1611.0000000000
1017 -1610.0000000000
1018 -1609.0000000000
1032 -1608.0000000000
1049 -1605.0000000000
1056 -1604.0000000000
1058 -1603.0000000000
1062 -1601.0000000000
1064 -1600.0000000000
1068 -1598.0000000000
1070 -1597.0000000000
1071 -1596.0000000000
1072 -1594.0000000000
1079 -1592.0000000000
1080 -1591.0000000000
1083 -1590.0000000000
1084 -1589.0000000000
1087 -1588.0000000000
1093 -1587.0000000000
1094 -1585.0000000000
1098 -1584.0000000000
1099 -1583.0000000000
1100 -1582.0000000000
1110 -1580.0000000000
1115 -1577.0000000000
1119 -1574.0000000000
1126 -1572.0000000000
1129 -1571.0000000000
1135 -1570.0000000000
1142 -1569.0000000000
1148 -1568.0000000000
1150 -1567.0000000000
1153 -1566.0000000000
1163 -1565.0000000000
1165 -1563.0000000000
1167 -1562.0000000000
1175 -1561.0000000000
1177 -1560.0000000000
1191 -1559.0000000000
1194 -1558.0000000000
1196 -1557.0000000000
1197 -1556.0000000000
1201 -1554.0000000000
1205 -1553.0000000000
1206 -1552.0000000000
1209 -1551.0000000000
1210 -1550.0000000000
1216 -1548.0000000000
1221 -1547.0000000000
1227 -1545.0000000000
1242 -1544.0000000000
1244 -1543.0000000000
1246 -1542.0000000000
1250 -1540.0000000000
1251 -1538.0000000000
1258 -1537.0000000000
1267 -1536.0000000000
1272 -1535.0000000000
1278 -1533.0000000000
1279 -1532.0000000000
1284 -1531.0000000000
1288 -1530.0000000000
1292 -1528.0000000000
1293 -1526.0000000000
1298 -1525.0000000000
1301 -1524.0000000000
1305 -1522.0000000000
1336 -1521.0000000000
1338 -1520.0000000000
1341 -1519.0000000000
1345 -1518.0000000000
1350 -1517.0000000000
1367 -1516.0000000000
1369 -1514.0000000000
1370 -1513.0000000000
1376 -1512.0000000000
1397 -1511.0000000000
1407 -1510.0000000000
1408 -1509.0000000000
1415 -1508.0000000000
1419 -1507.0000000000
1420 -1506.0000000000
1421 -1504.0000000000
1423 -1503.0000000000
1428 -1502.0000000000
1432 -1501.0000000000
1433 -1500.0000000000
1438 -1499.0000000000
1439 -1498.0000000000
1446 -1497.0000000000
1448 -1496.0000000000
1450 -1495.0000000000
1452 -1493.0000000000
1453 -1492.0000000000
1462 -1491.0000000000
1470 -1490.0000000000
1471 -1489.0000000000
1473 -1488.0000000000
1477 -1485.0000000000
1481 -1483.0000000000
1482 -1482.0000000000
1492 -1481.0000000000
1496 -1480.0000000000
1497 -1479.0000000000
1499 -1478.0000000000
1500 -1477.0000000000
1504 -1476.0000000000
1505 -1475.0000000000
1513 -1474.0000000000
1521 -1473.0000000000
1528 -1472.0000000000
1531 -1471.0000000000
1548 -1470.0000000000
1564 -1468.0000000000
1568 -1467.0000000000
1576 -1466.0000000000
1578 -1465.0000000000
1580 -1464.0000000000
1591 -1463.0000000000
1592 -1462.0000000000
1600 -1461.0000000000
1613 -1460.0000000000
1618 -1459.0000000000
1623 -1458.0000000000
1626 -1457.0000000000
1630 -1455.0000000000
1632 -1453.0000000000
1636 -1451.0000000000
1639 -1450.0000000000
1640 -1449.0000000000
1644 -1447.0000000000
1653 -1446.0000000000
1655 -1444.0000000000
1661 -1443.0000000000
1663 -1442.0000000000
1665 -1441.0000000000
1671 -1440.0000000000
1672 -1439.0000000000
1673 -1437.0000000000
1675 -1436.0000000000
1677 -1435.0000000000
1679 -1434.0000000000
1683 -1433.0000000000
1704 -1431.0000000000
1705 -1430.0000000000
1709 -1428.0000000000
1714 -1427.0000000000
1715 -1426.0000000000
1725 -1425.0000000000
1735 -1424.0000000000
1745 -1423.0000000000
1751 -1422.0000000000
1752 -1421.0000000000
1759 -1420.0000000000
1760 -1419.0000000000
1770 -1418.0000000000
1773 -1417.0000000000
1774 -1416.0000000000
1792 -1415.0000000000
1798 -1413.0000000000
1807 -1412.0000000000
1811 -1410.0000000000
1812 -1409.0000000000
1813 -1408.0000000000
1815 -1406.0000000000
1823 -1405.0000000000
1827 -1404.0000000000
1832 -1403.0000000000
1835 -1402.0000000000
1840 -1401.0000000000
1844 -1400.0000000000
1853 -1399.0000000000
1859 -1398.0000000000
1878 -1397.0000000000
1880 -1396.0000000000
1887 -1395.0000000000
1902 -1394.0000000000
1903 -1393.0000000000
1912 -1392.0000000000
1959 -1391.0000000000
1964 -1390.0000000000
1970 -1388.0000000000
1974 -1387.0000000000
1976 -1386.0000000000
1980 -1385.0000000000
1989 -1384.0000000000
1993 -1382.0000000000
1995 -1380.0000000000
2012 -1379.0000000000
2013 -1378.0000000000
2015 -1377.0000000000
2026 -1376.0000000000
2028 -1375.0000000000
2030 -1374.0000000000
2031 -1373.0000000000
2038 -1372.0000000000
2048 -1370.0000000000
2051 -1369.0000000000
2052 -1368.0000000000
2058 -1366.0000000000
2062 -1365.0000000000
2064 -1364.0000000000
2096 -1363.0000000000
2100 -1362.0000000000
2115 -1360.0000000000
2118 -1359.0000000000
2122 -1358.0000000000
2124 -1357.0000000000
2126 -1356.0000000000
2137 -1354.0000000000
2144 -1353.0000000000
2150 -1352.0000000000
2156 -1351.0000000000
2167 -1350.0000000000
2170 -1349.0000000000
2171 -1348.0000000000
2182 -1346.0000000000
2185 -1345.0000000000
2187 -1343.0000000000
2194 -1341.0000000000
2200 -1340.0000000000
2201 -1339.0000000000
2202 -1337.0000000000
2204 -1336.0000000000
2208 -1335.0000000000
2219 -1334.0000000000
2228 -1333.0000000000
2236 -1331.0000000000
2245 -1330.0000000000
2251 -1328.0000000000
2252 -1327.0000000000
2259 -1326.0000000000
2262 -1325.0000000000
2264 -1324.0000000000
2271 -1321.0000000000
2285 -1320.0000000000
2286 -1319.0000000000
2291 -1318.0000000000
2292 -1317.0000000000
2302 -1316.0000000000
2305 -1315.0000000000
2310 -1314.0000000000
2315 -1312.0000000000
2323 -1311.0000000000
2324 -1309.0000000000
2332 -1308.0000000000
2333 -1307.0000000000
2337 -1305.0000000000
2349 -1304.0000000000
2356 -1303.0000000000
2359 -1302.0000000000
2361 -1300.0000000000
2366 -1298.0000000000
2379 -1297.0000000000
2398 -1296.0000000000
2403 -1295.0000000000
2404 -1294.0000000000
2405 -1293.0000000000
2415 -1291.0000000000
2437 -1290.0000000000
2447 -1289.0000000000
2448 -1288.0000000000
2450 -1286.0000000000
2461 -1285.0000000000
2465 -1284.0000000000
2468 -1283.0000000000
2475 -1282.0000000000
2476 -1281.0000000000
2477 -1280.0000000000
2478 -1279.0000000000
2483 -1278.0000000000
2491 -1276.0000000000
2494 -1274.0000000000
2498 -1273.0000000000
2500 -1272.0000000000
2504 -1271.0000000000
2505 -1270.0000000000
2506 -1269.0000000000
2518 -1268.0000000000
2527 -1267.0000000000
2528 -1266.0000000000
2550 -1265.0000000000
2555 -1264.0000000000
2562 -1263.0000000000
2572 -1261.0000000000
2573 -1260.0000000000
2577 -1259.0000000000
2590 -1258.0000000000
2591 -1257.0000000000
2594 -1256.0000000000
2599 -1255.0000000000
2604 -1254.0000000000
2608 -1251.0000000000
2614 -1250.0000000000
2619 -1249.0000000000
2621 -1248.0000000000
2629 -1247.0000000000
2634 -1246.0000000000
2640 -1245.0000000000
2641 -1244.0000000000
2645 -1243.0000000000
2653 -1242.0000000000
2657 -1240.0000000000
2658 -1239.0000000000
2664 -1238.0000000000
2666 -1237.0000000000
2677 -1236.0000000000
2685 -1235.0000000000
2693 -1233.0000000000
2694 -1232.0000000000
2696 -1231.0000000000
2712 -1230.0000000000
2717 -1229.0000000000
2718 -1227.0000000000
2728 -1225.0000000000
2731 -1224.0000000000
2732 -1223.0000000000
2733 -1222.0000000000
2736 -1221.0000000000
2741 -1220.0000000000
2756 -1219.0000000000
2780 -1218.0000000000
2781 -1217.0000000000
2784 -1216.0000000000
2786 -1215.0000000000
2789 -1214.0000000000
2793 -1212.0000000000
2801 -1211.0000000000
2806 -1210.0000000000
2807 -1208.0000000000
2815 -1207.0000000000
2816 -1206.0000000000
2820 -1205.0000000000
2823 -1204.0000000000
2829 -1203.0000000000
2830 -1202.0000000000
2836 -1201.0000000000
2839 -1199.0000000000
2841 -1198.0000000000
2844 -1196.0000000000
2845 -1195.0000000000
2849 -1194.0000000000
2850 -1193.0000000000
2853 -1191.0000000000
2854 -1189.0000000000
2870 -1188.0000000000
2879 -1187.0000000000
2881 -1186.0000000000
2892 -1185.0000000000
2897 -1184.0000000000
2904 -1183.0000000000
2920 -1180.0000000000
2926 -1179.0000000000
2930 -1178.0000000000
2931 -1177.0000000000
2944 -1176.0000000000
2956 -1174.0000000000
2967 -1173.0000000000
2973 -1172.0000000000
2989 -1171.0000000000
2990 -1170.0000000000
2998 -1169.0000000000
3001 -1168.0000000000
3003 -1166.0000000000
3009 -1165.0000000000
3022 -1164.0000000000
3029 -1163.0000000000
3042 -1162.0000000000
3045 -1161.0000000000
3046 -1160.0000000000
3048 -1157.0000000000
3052 -1155.0000000000
3053 -1154.0000000000
3057 -1153.0000000000
3059 -1152.0000000000
3060 -1151.0000000000
3061 -1150.0000000000
3064 -1149.0000000000
3066 -1148.0000000000
3069 -1147.0000000000
3071 -1146.0000000000
3083 -1145.0000000000
3089 -1144.0000000000
3113 -1143.0000000000
3115 -1142.0000000000
3126 -1141.0000000000
3139 -1140.0000000000
3144 -1138.0000000000
3147 -1137.0000000000
3148 -1136.0000000000
3152 -1134.0000000000
3157 -1133.0000000000
3172 -1132.0000000000
3173 -1131.0000000000
3204 -1130.0000000000
3207 -1129.0000000000
3208 -1128.0000000000
3213 -1127.0000000000
3220 -1126.0000000000
3233 -1125.0000000000
3240 -1124.0000000000
3244 -1123.0000000000
3246 -1122.0000000000
3251 -1121.0000000000
3253 -1120.0000000000
3270 -1119.0000000000
3287 -1118.0000000000
3295 -1117.0000000000
3297 -1116.0000000000
3299 -1115.0000000000
3303 -1114.0000000000
3307 -1113.0000000000
3313 -1112.0000000000
3319 -1111.0000000000
3320 -1110.0000000000
3332 -1109.0000000000
3333 -1108.0000000000
3340 -1107.0000000000
3349 -1106.0000000000
3367 -1105.0000000000
3372 -1104.0000000000
3379 -1103.0000000000
3386 -1101.0000000000
3404 -1100.0000000000
3407 -1099.0000000000
3409 -1098.0000000000
3412 -1097.0000000000
3426 -1096.0000000000
3428 -1095.0000000000
3430 -1094.0000000000
3440 -1093.0000000000
3447 -1092.0000000000
3450 -1091.0000000000
3453 -1090.0000000000
3461 -1089.0000000000
3468 -1087.0000000000
3472 -1086.0000000000
3478 -1085.0000000000
3481 -1084.0000000000
3489 -1083.0000000000
3493 -1082.0000000000
3494 -1081.0000000000
3497 -1080.0000000000
3501 -1079.0000000000
3515 -1078.0000000000
3530 -1077.0000000000
3535 -1076.0000000000
3548 -1074.0000000000
3550 -1073.0000000000
3564 -1072.0000000000
3569 -1071.0000000000
3575 -1069.0000000000
3576 -1068.0000000000
3580 -1067.0000000000
3582 -1065.0000000000
3597 -1063.0000000000
3604 -1062.0000000000
3614 -1061.0000000000
3616 -1059.0000000000
3620 -1058.0000000000
3632 -1057.0000000000
3644 -1056.0000000000
3649 -1055.0000000000
3651 -1054.0000000000
3663 -1053.0000000000
3679 -1052.0000000000
3706 -1050.0000000000
3715 -1049.0000000000
3716 -1048.0000000000
3719 -1047.0000000000
3730 -1046.0000000000
3735 -1045.0000000000
3749 -1044.0000000000
3758 -1043.0000000000
3765 -1042.0000000000
3768 -1041.0000000000
3775 -1040.0000000000
3779 -1039.0000000000
3780 -1038.0000000000
3791 -1037.0000000000
3794 -1036.0000000000
3802 -1035.0000000000
3804 -1034.0000000000
3807 -1033.0000000000
3808 -1032.0000000000
3817 -1030.0000000000
3822 -1029.0000000000
3824 -1028.0000000000
3845 -1027.0000000000
3847 -1026.0000000000
3858 -1025.0000000000
3860 -1024.0000000000
3866 -1023.0000000000
3890 -1022.0000000000
3900 -1021.0000000000
3905 -1020.0000000000
3906 -1019.0000000000
3908 -1018.0000000000
3912 -1017.0000000000
3919 -1016.0000000000
3925 -1015.0000000000
3939 -1013.0000000000
3948 -1012.0000000000
3959 -1011.0000000000
3976 -1010.0000000000
3995 -1009.0000000000
4006 -1008.0000000000
4010 -1007.0000000000
4012 -1006.0000000000
4028 -1004.0000000000
4040 -1003.0000000000
4062 -1002.0000000000
4063 -1001.0000000000
4065 -1000.0000000000
4067 -999.0000000000
4076 -998.0000000000
4084 -997.0000000000
4089 -996.0000000000
4101 -995.0000000000
4102 -994.0000000000
4114 -992.0000000000
4123 -991.0000000000
4127 -990.0000000000
4128 -989.0000000000
4141 -988.0000000000
4159 -987.0000000000
4160 -986.0000000000
4163 -985.0000000000
4175 -984.0000000000
4176 -983.0000000000
4188 -981.0000000000
4195 -980.0000000000
4198 -979.0000000000
4211 -978.0000000000
4216 -976.0000000000
4240 -975.0000000000
4241 -974.0000000000
4249 -972.0000000000
4261 -971.0000000000
4266 -970.0000000000
4273 -969.0000000000
4282 -968.0000000000
4285 -967.0000000000
4309 -966.0000000000
4321 -964.0000000000
4322 -963.0000000000
4327 -962.0000000000
4328 -961.0000000000
4330 -960.0000000000
4331 -959.0000000000
4332 -957.0000000000
4334 -956.0000000000
4337 -955.0000000000
4358 -954.0000000000
4361 -953.0000000000
4367 -952.0000000000
4370 -951.0000000000
4397 -949.0000000000
4408 -948.0000000000
4411 -947.0000000000
4422 -946.0000000000
4438 -945.0000000000
4457 -944.0000000000
4486 -943.0000000000
4505 -942.0000000000
4508 -940.0000000000
4521 -939.0000000000
4534 -937.0000000000
4541 -935.0000000000
4549 -934.0000000000
4550 -933.0000000000
4553 -932.0000000000
4568 -931.0000000000
4575 -930.0000000000
4576 -929.0000000000
4578 -927.0000000000
4580 -925.0000000000
4586 -924.0000000000
4589 -923.0000000000
4600 -922.0000000000
4601 -921.0000000000
4603 -920.0000000000
4612 -919.0000000000
4627 -918.0000000000
4652 -917.0000000000
4654 -916.0000000000
4656 -915.0000000000
4658 -914.0000000000
4664 -913.0000000000
4671 -912.0000000000
4678 -911.0000000000
4681 -910.0000000000
4687 -909.0000000000
4696 -908.0000000000
4700 -907.0000000000
4714 -905.0000000000
4720 -904.0000000000
4721 -903.0000000000
4722 -901.0000000000
4742 -900.0000000000
4744 -899.0000000000
4755 -898.0000000000
4780 -897.0000000000
4789 -896.0000000000
4798 -895.0000000000
4805 -894.0000000000
4810 -893.0000000000
4814 -892.0000000000
4820 -891.0000000000
4824 -890.0000000000
4833 -889.0000000000
4846 -888.0000000000
4850 -887.0000000000
4856 -886.0000000000
4862 -885.0000000000
4885 -884.0000000000
4891 -883.0000000000
4895 -882.0000000000
4906 -881.0000000000
4910 -879.0000000000
4915 -878.0000000000
4919 -877.0000000000
4925 -876.0000000000
4939 -875.0000000000
4943 -874.0000000000
4946 -873.0000000000
4947 -872.0000000000
4956 -871.0000000000
4993 -870.0000000000
4994 -869.0000000000
5019 -868.0000000000
5025 -867.0000000000
5046 -866.0000000000
5051 -865.0000000000
5053 -864.0000000000
5057 -863.0000000000
5066 -862.0000000000
5078 -861.0000000000
5081 -859.0000000000
5089 -857.0000000000
5090 -856.0000000000
5093 -855.0000000000
5094 -854.0000000000
5132 -853.0000000000
5135 -852.0000000000
5139 -851.0000000000
5174 -850.0000000000
5180 -849.0000000000
5190 -848.0000000000
5205 -847.0000000000
5209 -845.0000000000
5226 -844.0000000000
5228 -843.0000000000
5230 -842.0000000000
5234 -841.0000000000
5241 -840.0000000000
5246 -839.0000000000
5247 -838.0000000000
5260 -837.0000000000
5262 -836.0000000000
5268 -835.0000000000
5273 -834.0000000000
5281 -833.0000000000
5284 -832.0000000000
5315 -831.0000000000
5325 -830.0000000000
5333 -829.0000000000
5334 -828.0000000000
5354 -827.0000000000
5360 -826.0000000000
5365 -825.0000000000
5374 -824.0000000000
5383 -822.0000000000
5415 -821.0000000000
5420 -820.0000000000
5471 -818.0000000000
5487 -817.0000000000
5502 -816.0000000000
5505 -815.0000000000
5548 -814.0000000000
5551 -813.0000000000
5558 -812.0000000000
5560 -811.0000000000
5571 -809.0000000000
5579 -808.0000000000
5587 -807.0000000000
5592 -806.0000000000
5594 -804.0000000000
5600 -803.0000000000
5602 -801.0000000000
5608 -799.0000000000
5617 -798.0000000000
5631 -797.0000000000
5633 -796.0000000000
5635 -795.0000000000
5643 -794.0000000000
5651 -793.0000000000
5657 -792.0000000000
5661 -791.0000000000
5666 -790.0000000000
5679 -789.0000000000
5682 -788.0000000000
5691 -786.0000000000
5722 -785.0000000000
5733 -784.0000000000
5742 -783.0000000000
5743 -782.0000000000
5746 -781.0000000000
5747 -780.0000000000
5756 -778.0000000000
5769 -777.0000000000
5776 -776.0000000000
5780 -775.0000000000
5787 -774.0000000000
5799 -773.0000000000
5805 -772.0000000000
5810 -771.0000000000
5815 -770.0000000000
5822 -769.0000000000
5833 -768.0000000000
5840 -767.0000000000
5851 -766.0000000000
5872 -764.0000000000
5881 -763.0000000000
5889 -762.0000000000
5902 -760.0000000000
5905 -759.0000000000
5926 -757.0000000000
5933 -756.0000000000
5936 -755.0000000000
5940 -754.0000000000
5946 -752.0000000000
5951 -751.0000000000
5957 -750.0000000000
5968 -749.0000000000
5972 -748.0000000000
5985 -747.0000000000
5989 -745.0000000000
5995 -744.0000000000
6012 -742.0000000000
6021 -741.0000000000
6024 -740.0000000000
6031 -739.0000000000
6034 -738.0000000000
6055 -737.0000000000
6071 -736.0000000000
6086 -734.0000000000
6090 -733.0000000000
6098 -732.0000000000
6114 -731.0000000000
6148 -730.0000000000
6157 -729.0000000000
6162 -728.0000000000
6164 -727.0000000000
6167 -726.0000000000
6168 -724.0000000000
6178 -723.0000000000
6195 -722.0000000000
6206 -721.0000000000
6215 -720.0000000000
6221 -719.0000000000
6228 -718.0000000000
6245 -717.0000000000
6269 -716.0000000000
6279 -715.0000000000
6289 -714.0000000000
6301 -713.0000000000
6342 -712.0000000000
6346 -711.0000000000
6351 -710.0000000000
6405 -709.0000000000
6417 -708.0000000000
6420 -707.0000000000
6437 -706.0000000000
6442 -705.0000000000
6451 -704.0000000000
6465 -703.0000000000
6469 -702.0000000000
6513 -701.0000000000
6516 -700.0000000000
6522 -699.0000000000
6548 -698.0000000000
6560 -697.0000000000
6562 -696.0000000000
6566 -695.0000000000
6570 -694.0000000000
6598 -693.0000000000
6618 -692.0000000000
6626 -691.0000000000
6633 -690.0000000000
6657 -688.0000000000
6660 -687.0000000000
6666 -686.0000000000
6670 -685.0000000000
6671 -684.0000000000
6684 -682.0000000000
6688 -681.0000000000
6697 -680.0000000000
6724 -679.0000000000
6726 -677.0000000000
6744 -676.0000000000
6754 -675.0000000000
6758 -674.0000000000
6760 -673.0000000000
6774 -672.0000000000
6777 -671.0000000000
6779 -670.0000000000
6785 -668.0000000000
6793 -666.0000000000
6799 -664.0000000000
6804 -663.0000000000
6811 -662.0000000000
6818 -661.0000000000
6826 -660.0000000000
6851 -659.0000000000
6854 -658.0000000000
6865 -657.0000000000
6871 -655.0000000000
6872 -654.0000000000
6873 -653.0000000000
6883 -652.0000000000
6906 -651.0000000000
6912 -650.0000000000
6914 -649.0000000000
6917 -647.0000000000
6918 -646.0000000000
6920 -645.0000000000
6930 -644.0000000000
6931 -643.0000000000
6934 -642.0000000000
6946 -641.0000000000
6953 -640.0000000000
6962 -639.0000000000
6969 -638.0000000000
6975 -637.0000000000
6990 -636.0000000000
7015 -635.0000000000
7018 -634.0000000000
7019 -632.0000000000
7022 -631.0000000000
7023 -630.0000000000
7049 -629.0000000000
7056 -628.0000000000
7083 -627.0000000000
7085 -626.0000000000
7089 -625.0000000000
7100 -624.0000000000
7102 -623.0000000000
7104 -622.0000000000
7110 -621.0000000000
7115 -620.0000000000
7116 -619.0000000000
7131 -618.0000000000
7133 -617.0000000000
7139 -615.0000000000
7154 -614.0000000000
7157 -613.0000000000
7165 -612.0000000000
7174 -611.0000000000
7176 -610.0000000000
7191 -609.0000000000
7196 -608.0000000000
7209 -607.0000000000
7215 -606.0000000000
7240 -605.0000000000
7241 -604.0000000000
7245 -603.0000000000
7248 -602.0000000000
7253 -601.0000000000
7254 -600.0000000000
7255 -599.0000000000
7290 -598.0000000000
7305 -597.0000000000
7309 -596.0000000000
7328 -595.0000000000
7358 -594.0000000000
7363 -593.0000000000
7380 -592.0000000000
7383 -591.0000000000
7396 -590.0000000000
7409 -589.0000000000
7412 -588.0000000000
7416 -587.0000000000
7447 -586.0000000000
7500 -585.0000000000
7522 -584.0000000000
7525 -583.0000000000
7534 -581.0000000000
7535 -580.0000000000
7537 -579.0000000000
7556 -578.0000000000
7559 -577.0000000000
7580 -576.0000000000
7600 -575.0000000000
7617 -574.0000000000
7630 -573.0000000000
7634 -572.0000000000
7640 -571.0000000000
7666 -570.0000000000
7674 -569.0000000000
7684 -568.0000000000
7705 -567.0000000000
7707 -566.0000000000
7760 -565.0000000000
7777 -564.0000000000
7781 -563.0000000000
7786 -562.0000000000
7790 -561.0000000000
7802 -560.0000000000
7817 -559.0000000000
7818 -558.0000000000
7870 -557.0000000000
7887 -556.0000000000
7897 -555.0000000000
7899 -554.0000000000
7908 -553.0000000000
7911 -552.0000000000
7920 -551.0000000000
7925 -550.0000000000
7978 -549.0000000000
7995 -547.0000000000
8015 -545.0000000000
8030 -543.0000000000
8051 -542.0000000000
8068 -541.0000000000
8096 -540.0000000000
8099 -539.0000000000
8102 -538.0000000000
8133 -537.0000000000
8136 -536.0000000000
8184 -535.0000000000
8187 -533.0000000000
8195 -532.0000000000
8241 -531.0000000000
8243 -530.0000000000
8271 -529.0000000000
8272 -528.0000000000
8296 -527.0000000000
8327 -526.0000000000
8362 -525.0000000000
8382 -523.0000000000
8395 -521.0000000000
8422 -520.0000000000
8424 -519.0000000000
8430 -518.0000000000
8437 -517.0000000000
8443 -516.0000000000
8455 -515.0000000000
8471 -514.0000000000
8476 -513.0000000000
8536 -512.0000000000
8542 -511.0000000000
8563 -510.0000000000
8575 -509.0000000000
8584 -508.0000000000
8588 -507.0000000000
8627 -506.0000000000
8645 -505.0000000000
8676 -503.0000000000
8678 -501.0000000000
8689 -500.0000000000
8703 -499.0000000000
8736 -498.0000000000
8743 -497.0000000000
8744 -496.0000000000
8759 -495.0000000000
8762 -494.0000000000
8767 -493.0000000000
8786 -492.0000000000
8803 -491.0000000000
8833 -490.0000000000
8836 -489.0000000000
8844 -488.0000000000
8862 -487.0000000000
8876 -486.0000000000
8886 -484.0000000000
8900 -483.0000000000
8907 -482.0000000000
8908 -481.0000000000
8926 -480.0000000000
8932 -479.0000000000
8964 -478.0000000000
8973 -477.0000000000
8993 -476.0000000000
8996 -475.0000000000
9010 -473.0000000000
9018 -472.0000000000
9037 -471.0000000000
9048 -470.0000000000
9066 -469.0000000000
9068 -468.0000000000
9109 -467.0000000000
9118 -466.0000000000
9129 -465.0000000000
9195 -464.0000000000
9199 -463.0000000000
9211 -462.0000000000
9225 -461.0000000000
9254 -460.0000000000
9301 -459.0000000000
9327 -458.0000000000
9344 -457.0000000000
9369 -456.0000000000
9375 -455.0000000000
9384 -454.0000000000
9399 -453.0000000000
9404 -452.0000000000
9444 -451.0000000000
9481 -450.0000000000
9483 -449.0000000000
9498 -448.0000000000
9500 -447.0000000000
9522 -446.0000000000
9526 -445.0000000000
9542 -444.0000000000
9564 -443.0000000000
9585 -442.0000000000
9589 -441.0000000000
9593 -440.0000000000
9610 -438.0000000000
9618 -437.0000000000
9644 -436.0000000000
9676 -435.0000000000
9680 -434.0000000000
9692 -433.0000000000
9695 -432.0000000000
9696 -431.0000000000
9698 -430.0000000000
9722 -429.0000000000
9723 -428.0000000000
9777 -427.0000000000
9798 -426.0000000000
9836 -425.0000000000
9860 -424.0000000000
9876 -423.0000000000
9888 -422.0000000000
9913 -421.0000000000
9961 -420.0000000000
9978 -419.0000000000
9980 -417.0000000000
10000 -417.0000000000
evaluations raw_y
1 -1982.0000000000
3 -1980.0000000000
5 -1979.0000000000
6 -1977.0000000000
7 -1974.0000000000
23 -1973.0000000000
29 -1972.0000000000
30 -1971.0000000000
33 -1970.0000000000
39 -1969.0000000000
44 -1966.0000000000
47 -1965.0000000000
51 -1964.0000000000
56 -1963.0000000000
62 -1962.0000000000
68 -1960.0000000000
72 -1959.0000000000
73 -1958.0000000000
85 -1957.0000000000
88 -1956.0000000000
90 -1955.0000000000
91 -1953.0000000000
98 -1950.0000000000
102 -1949.0000000000
110 -1946.0000000000
115 -1945.0000000000
117 -1943.0000000000
130 -1942.0000000000
132 -1940.0000000000
133 -1939.0000000000
134 -1938.0000000000
137 -1937.0000000000
138 -1936.0000000000
139 -1934.0000000000
140 -1933.0000000000
141 -1932.0000000000
143 -1931.0000000000
150 -1930.0000000000
154 -1929.0000000000
167 -1928.0000000000
169 -1927.0000000000
171 -1926.0000000000
174 -1925.0000000000
176 -1924.0000000000
178 -1923.0000000000
182 -1922.0000000000
183 -1921.0000000000
186 -1920.0000000000
190 -1918.0000000000
194 -1917.0000000000
201 -1916.0000000000
202 -1915.0000000000
203 -1914.0000000000
208 -1913.0000000000
211 -1912.0000000000
212 -1911.0000000000
215 -1909.0000000000
219 -1908.0000000000
223 -1907.0000000000
225 -1906.0000000000
226 -1904.0000000000
227 -1903.0000000000
228 -1902.0000000000
230 -1901.0000000000
231 -1899.0000000000
232 -1898.0000000000
239 -1896.0000000000
241 -1894.0000000000
244 -1890.0000000000
245 -1889.0000000000
248 -1887.0000000000
249 -1886.0000000000
254 -1884.0000000000
255 -1883.0000000000
258 -1882.0000000000
264 -1881.0000000000
265 -1880.0000000000
269 -1879.0000000000
271 -1878.0000000000
275 -1876.0000000000
276 -1875.0000000000
280 -1873.0000000000
289 -1872.0000000000
292 -1871.0000000000
295 -1870.0000000000
297 -1869.0000000000
302 -1868.0000000000
303 -1867.0000000000
304 -1866.0000000000
305 -1865.0000000000
307 -1864.0000000000
311 -1861.0000000000
312 -1860.0000000000
315 -1858.0000000000
318 -1857.0000000000
319 -1856.0000000000
321 -1855.0000000000
328 -1854.0000000000
330 -1852.0000000000
331 -1850.0000000000
333 -1849.0000000000
338 -1846.0000000000
339 -1845.0000000000
341 -1843.0000000000
343 -1842.0000000000
354 -1841.0000000000
355 -1840.0000000000
356 -1839.0000000000
357 -1838.0000000000
360 -1837.0000000000
363 -1836.0000000000
365 -1835.0000000000
367 -1834.0000000000
369 -1833.0000000000
371 -1832.0000000000
372 -1831.0000000000
378 -1830.0000000000
380 -1828.0000000000
383 -1827.0000000000
384 -1826.0000000000
390 -1825.0000000000
395 -1824.0000000000
408 -1823.0000000000
410 -1821.0000000000
411 -1820.0000000000
418 -1819.0000000000
420 -1817.0000000000
428 -1816.0000000000
432 -1815.0000000000
444 -1814.0000000000
449 -1811.0000000000
451 -1810.0000000000
455 -1809.0000000000
463 -1808.0000000000
464 -1807.0000000000
465 -1806.0000000000
472 -1805.0000000000
480 -1803.0000000000
485 -1802.0000000000
489 -1801.0000000000
490 -1800.0000000000
493 -1799.0000000000
495 -1797.0000000000
497 -1794.0000000000
502 -1793.0000000000
506 -1792.0000000000
508 -1791.0000000000
510 -1790.0000000000
513 -1789.0000000000
515 -1786.0000000000
516 -1785.0000000000
517 -1784.0000000000
519 -1783.0000000000
520 -1782.0000000000
526 -1781.0000000000
527 -1780.0000000000
528 -1779.0000000000
530 -1777.0000000000
531 -1776.0000000000
536 -1774.0000000000
539 -1771.0000000000
561 -1770.0000000000
563 -1768.0000000000
566 -1767.0000000000
568 -1766.0000000000
576 -1765.0000000000
579 -1763.0000000000
585 -1761.0000000000
602 -1760.0000000000
604 -1759.0000000000
607 -1757.0000000000
609 -1756.0000000000
614 -1755.0000000000
617 -1754.0000000000
622 -1753.0000000000
625 -1752.0000000000
628 -1751.0000000000
631 -1750.0000000000
634 -1749.0000000000
638 -1748.0000000000
639 -1747.0000000000
645 -1746.0000000000
652 -1745.0000000000
655 -1744.0000000000
657 -1742.0000000000
661 -1740.0000000000
670 -1739.0000000000
685 -1738.0000000000
688 -1737.0000000000
692 -1736.0000000000
696 -1735.0000000000
705 -1734.0000000000
709 -1733.0000000000
710 -1732.0000000000
718 -1730.0000000000
727 -1729.0000000000
730 -1728.0000000000
733 -1727.0000000000
734 -1726.0000000000
735 -1724.0000000000
743 -1723.0000000000
752 -1722.0000000000
760 -1721.0000000000
761 -1720.0000000000
764 -1719.0000000000
765 -1717.0000000000
767 -1716.0000000000
768 -1715.0000000000
770 -1714.0000000000
776 -1712.0000000000
785 -1711.0000000000
793 -1709.0000000000
815 -1708.0000000000
818 -1707.0000000000
824 -1706.0000000000
830 -1705.0000000000
835 -1704.0000000000
836 -1703.0000000000
841 -1702.0000000000
847 -1701.0000000000
849 -1700.0000000000
851 -1699.0000000000
853 -1698.0000000000
854 -1697.0000000000
860 -1696.0000000000
866 -1695.0000000000
869 -1694.0000000000
870 -1693.0000000000
881 -1692.0000000000
886 -1691.0000000000
888 -1689.0000000000
898 -1688.0000000000
902 -1687.0000000000
903 -1686.0000000000
914 -1685.0000000000
915 -1684.0000000000
916 -1683.0000000000
932 -1682.0000000000
933 -1681.0000000000
937 -1679.0000000000
946 -1678.0000000000
947 -1677.0000000000
951 -1675.0000000000
957 -1673.0000000000
961 -1672.0000000000
974 -1671.0000000000
975 -1670.0000000000
977 -1669.0000000000
984 -1668.0000000000
985 -1666.0000000000
989 -1665.0000000000
995 -1663.0000000000
1005 -1661.0000000000
1006 -1660.0000000000
1019 -1659.0000000000
1023 -1657.0000000000
1033 -1656.0000000000
1035 -1655.0000000000
1043 -1653.0000000000
1048 -1652.0000000000
1051 -1651.0000000000
1057 -1650.0000000000
1063 -1649.0000000000
1071 -1648.0000000000
1074 -1647.0000000000
1075 -1646.0000000000
1079 -1645.0000000000
1080 -1644.0000000000
1086 -1643.0000000000
1090 -1642.0000000000
1095 -1641.0000000000
1097 -1640.0000000000
1099 -1639.0000000000
1107 -1638.0000000000
1111 -1637.0000000000
1114 -1635.0000000000
1115 -1634.0000000000
1117 -1633.0000000000
1131 -1631.0000000000
1144 -1630.0000000000
1149 -1629.0000000000
1163 -1628.0000000000
1165 -1627.0000000000
1166 -1626.0000000000
1175 -1624.0000000000
1186 -1623.0000000000
1197 -1620.0000000000
1198 -1619.0000000000
1199 -1617.0000000000
1200 -1616.0000000000
1204 -1615.0000000000
1205 -1614.0000000000
1206 -1613.0000000000
1208 -1610.0000000000
1213 -1609.0000000000
1215 -1607.0000000000
1221 -1606.0000000000
1224 -1605.0000000000
1225 -1603.0000000000
1238 -1602.0000000000
1244 -1601.0000000000
1266 -1600.0000000000
1268 -1599.0000000000
1273 -1598.0000000000
1279 -1597.0000000000
1280 -1596.0000000000
1284 -1595.0000000000
1288 -1594.0000000000
1294 -1593.0000000000
1299 -1591.0000000000
1301 -1589.0000000000
1305 -1588.0000000000
1306 -1586.0000000000
1315 -1585.0000000000
1334 -1584.0000000000
1338 -1582.0000000000
1341 -1581.0000000000
1353 -1580.0000000000
1355 -1579.0000000000
1358 -1578.0000000000
1362 -1577.0000000000
1373 -1576.0000000000
1383 -1574.0000000000
1393 -1573.0000000000
1400 -1572.0000000000
1405 -1571.0000000000
1408 -1569.0000000000
1410 -1568.0000000000
1412 -1567.0000000000
1422 -1566.0000000000
1423 -1564.0000000000
1425 -1563.0000000000
1426 -1562.0000000000
1433 -1560.0000000000
1438 -1559.0000000000
1442 -1558.0000000000
1446 -1557.0000000000
1449 -1556.0000000000
1469 -1555.0000000000
1472 -1553.0000000000
1473 -1552.0000000000
1474 -1551.0000000000
1476 -1548.0000000000
1483 -1547.0000000000
1488 -1546.0000000000
1502 -1545.0000000000
1504 -1544.0000000000
1510 -1543.0000000000
1512 -1542.0000000000
1513 -1540.0000000000
1534 -1539.0000000000
1546 -1538.0000000000
1557 -1537.0000000000
1565 -1536.0000000000
1583 -1535.0000000000
1601 -1534.0000000000
1606 -1533.0000000000
1609 -1531.0000000000
1616 -1530.0000000000
1626 -1529.0000000000
1633 -1528.0000000000
1634 -1527.0000000000
1644 -1525.0000000000
1648 -1523.0000000000
1650 -1522.0000000000
1651 -1521.0000000000
1656 -1520.0000000000
1658 -1516.0000000000
1660 -1515.0000000000
1664 -1514.0000000000
1667 -1511.0000000000
1678 -1510.0000000000
1680 -1509.0000000000
1685 -1508.0000000000
1687 -1507.0000000000
1693 -1506.0000000000
1701 -1503.0000000000
1712 -1499.0000000000
1718 -1498.0000000000
1723 -1497.0000000000
1724 -1495.0000000000
1732 -1494.0000000000
1736 -1493.0000000000
1742 -1492.0000000000
1760 -1491.0000000000
1763 -1489.0000000000
1776 -1488.0000000000
1781 -1487.0000000000
1784 -1486.0000000000
1789 -1485.0000000000
1795 -1484.0000000000
1796 -1483.0000000000
1804 -1482.0000000000
1807 -1479.0000000000
1812 -1478.0000000000
1813 -1477.0000000000
1826 -1476.0000000000
1836 -1475.0000000000
1853 -1473.0000000000
1856 -1472.0000000000
1869 -1471.0000000000
1872 -1470.0000000000
1874 -1469.0000000000
1883 -1468.0000000000
1891 -1467.0000000000
1893 -1465.0000000000
1894 -1464.0000000000
1897 -1463.0000000000
1898 -1462.0000000000
1899 -1461.0000000000
1903 -1460.0000000000
1908 -1458.0000000000
1909 -1457.0000000000
1933 -1456.0000000000
1945 -1455.0000000000
1960 -1454.0000000000
1961 -1453.0000000000
1963 -1452.0000000000
1964 -1451.0000000000
1965 -1448.0000000000
1970 -1447.0000000000
1975 -1446.0000000000
1977 -1445.0000000000
1983 -1444.0000000000
1988 -1443.0000000000
2004 -1442.0000000000
2020 -1441.0000000000
2021 -1440.0000000000
2022 -1439.0000000000
2027 -1438.0000000000
2030 -1437.0000000000
2032 -1436.0000000000
2039 -1435.0000000000
2042 -1434.0000000000
2044 -1433.0000000000
2045 -1432.0000000000
2049 -1431.0000000000
2050 -1430.0000000000
2058 -1429.0000000000
2062 -1427.0000000000
2065 -1426.0000000000
2066 -1425.0000000000
2072 -1424.0000000000
2082 -1422.0000000000
2089 -1421.0000000000
2091 -1419.0000000000
2102 -1418.0000000000
2103 -1417.0000000000
2107 -1416.0000000000
2132 -1415.0000000000
2136 -1414.0000000000
2141 -1413.0000000000
2147 -1412.0000000000
2161 -1411.0000000000
2167 -1410.0000000000
2175 -1409.0000000000
2179 -1408.0000000000
2184 -1406.0000000000
2190 -1405.0000000000
2191 -1404.0000000000
2199 -1403.0000000000
2212 -1402.0000000000
2218 -1401.0000000000
2227 -1400.0000000000
2228 -1399.0000000000
2230 -1398.0000000000
2237 -1397.0000000000
2242 -1396.0000000000
2243 -1395.0000000000
2248 -1394.0000000000
2249 -1392.0000000000
2252 -1391.0000000000
2268 -1390.0000000000
2270 -1388.0000000000
2272 -1387.0000000000
2274 -1386.0000000000
2278 -1384.0000000000
2286 -1383.0000000000
2289 -1382.0000000000
2296 -1381.0000000000
2300 -1380.0000000000
2307 -1378.0000000000
2314 -1377.0000000000
2317 -1375.0000000000
2322 -1374.0000000000
2333 -1372.0000000000
2342 -1371.0000000000
2346 -1370.0000000000
2347 -1369.0000000000
2353 -1368.0000000000
2356 -1367.0000000000
2366 -1366.0000000000
2368 -1365.0000000000
2370 -1364.0000000000
2371 -1363.0000000000
2372 -1362.0000000000
2375 -1360.0000000000
2381 -1359.0000000000
2383 -1358.0000000000
2387 -1356.0000000000
2398 -1354.0000000000
2401 -1353.0000000000
2405 -1352.0000000000
2409 -1351.0000000000
2416 -1350.0000000000
2419 -1349.0000000000
2421 -1347.0000000000
2426 -1346.0000000000
2428 -1345.0000000000
2439 -1343.0000000000
2443 -1342.0000000000
2448 -1341.0000000000
2450 -1339.0000000000
2459 -1338.0000000000
2465 -1337.0000000000
2468 -1336.0000000000
2476 -1333.0000000000
2481 -1332.0000000000
2487 -1331.0000000000
2491 -1329.0000000000
2494 -1328.0000000000
2495 -1327.0000000000
2506 -1326.0000000000
2523 -1325.0000000000
2525 -1324.0000000000
2534 -1323.0000000000
2542 -1322.0000000000
2543 -1321.0000000000
2546 -1320.0000000000
2549 -1319.0000000000
2565 -1317.0000000000
2572 -1316.0000000000
2577 -1314.0000000000
2578 -1313.0000000000
2590 -1312.0000000000
2591 -1311.0000000000
2595 -1310.0000000000
2604 -1309.0000000000
2610 -1308.0000000000
2619 -1307.0000000000
2620 -1305.0000000000
2627 -1304.0000000000
2630 -1303.0000000000
2640 -1302.0000000000
2665 -1301.0000000000
2674 -1300.0000000000
2676 -1299.0000000000
2685 -1298.0000000000
2687 -1297.0000000000
2695 -1296.0000000000
2702 -1295.0000000000
2707 -1294.0000000000
2711 -1293.0000000000
2712 -1292.0000000000
2718 -1291.0000000000
2724 -1289.0000000000
2728 -1286.0000000000
2730 -1285.0000000000
2736 -1284.0000000000
2738 -1283.0000000000
2747 -1280.0000000000
2754 -1279.0000000000
2758 -1278.0000000000
2764 -1277.0000000000
2766 -1276.0000000000
2768 -1275.0000000000
2784 -1274.0000000000
2806 -1273.0000000000
2809 -1272.0000000000
2822 -1270.0000000000
2823 -1268.0000000000
2825 -1267.0000000000
2826 -1266.0000000000
2827 -1265.0000000000
2828 -1264.0000000000
2836 -1263.0000000000
2849 -1262.0000000000
2860 -1261.0000000000
2861 -1260.0000000000
2864 -1259.0000000000
2867 -1258.0000000000
2869 -1256.0000000000
2871 -1255.0000000000
2874 -1254.0000000000
2880 -1252.0000000000
2882 -1251.0000000000
2886 -1249.0000000000
2894 -1248.0000000000
2904 -1246.0000000000
2910 -1245.0000000000
2944 -1244.0000000000
2951 -1242.0000000000
2954 -1241.0000000000
2955 -1240.0000000000
2965 -1239.0000000000
2968 -1238.0000000000
2970 -1237.0000000000
2973 -1236.0000000000
2976 -1235.0000000000
2989 -1234.0000000000
3004 -1233.0000000000
3005 -1232.0000000000
3012 -1231.0000000000
3013 -1230.0000000000
3014 -1229.0000000000
3021 -1228.0000000000
3027 -1227.0000000000
3031 -1226.0000000000
3039 -1225.0000000000
3043 -1224.0000000000
3050 -1223.0000000000
3061 -1222.0000000000
3064 -1220.0000000000
3076 -1219.0000000000
3085 -1218.0000000000
3098 -1217.0000000000
3099 -1216.0000000000
3103 -1215.0000000000
3107 -1214.0000000000
3121 -1213.0000000000
3122 -1212.0000000000
3124 -1211.0000000000
3129 -1210.0000000000
3139 -1209.0000000000
3148 -1208.0000000000
3149 -1207.0000000000
3160 -1205.0000000000
3161 -1204.0000000000
3184 -1203.0000000000
3197 -1201.0000000000
3200 -1199.0000000000
3201 -1198.0000000000
3202 -1197.0000000000
3211 -1196.0000000000
3238 -1195.0000000000
3254 -1194.0000000000
3269 -1193.0000000000
3273 -1192.0000000000
3282 -1191.0000000000
3284 -1190.0000000000
3287 -1189.0000000000
3298 -1188.0000000000
3310 -1187.0000000000
3316 -1186.0000000000
3323 -1185.0000000000
3332 -1183.0000000000
3345 -1182.0000000000
3360 -1181.0000000000
3365 -1180.0000000000
3373 -1179.0000000000
3378 -1178.0000000000
3381 -1177.0000000000
3386 -1176.0000000000
3391 -1175.0000000000
3433 -1174.0000000000
3455 -1173.0000000000
3459 -1172.0000000000
3461 -1171.0000000000
3462 -1170.0000000000
3467 -1168.0000000000
3468 -1167.0000000000
3473 -1166.0000000000
3474 -1165.0000000000
3478 -1164.0000000000
3484 -1163.0000000000
3495 -1162.0000000000
3503 -1160.0000000000
3520 -1159.0000000000
3526 -1158.0000000000
3535 -1157.0000000000
3564 -1156.0000000000
3570 -1154.0000000000
3573 -1153.0000000000
3580 -1152.0000000000
3587 -1151.0000000000
3589 -1149.0000000000
3597 -1148.0000000000
3604 -1147.0000000000
3606 -1146.0000000000
3609 -1145.0000000000
3610 -1144.0000000000
3617 -1143.0000000000
3620 -1142.0000000000
3627 -1140.0000000000
3630 -1139.0000000000
3639 -1138.0000000000
3642 -1137.0000000000
3650 -1136.0000000000
3651 -1135.0000000000
3660 -1134.0000000000
3662 -1133.0000000000
3663 -1132.0000000000
3666 -1131.0000000000
3672 -1129.0000000000
3677 -1128.0000000000
3678 -1127.0000000000
3680 -1126.0000000000
3682 -1125.0000000000
3685 -1124.0000000000
3689 -1123.0000000000
3702 -1122.0000000000
3706 -1121.0000000000
3724 -1120.0000000000
3728 -1119.0000000000
3764 -1118.0000000000
3778 -1117.0000000000
3780 -1116.0000000000
3785 -1115.0000000000
3788 -1114.0000000000
3791 -1113.0000000000
3797 -1112.0000000000
3804 -1111.0000000000
3809 -1110.0000000000
3810 -1109.0000000000
3818 -1108.0000000000
3824 -1106.0000000000
3825 -1105.0000000000
3837 -1104.0000000000
3854 -1103.0000000000
3860 -1102.0000000000
3864 -1101.0000000000
3874 -1100.0000000000
3888 -1099.0000000000
3891 -1098.0000000000
3892 -1096.0000000000
3894 -1095.0000000000
3896 -1094.0000000000
3914 -1093.0000000000
3919 -1092.0000000000
3923 -1091.0000000000
3925 -1090.0000000000
3939 -1089.0000000000
3948 -1088.0000000000
3959 -1087.0000000000
3961 -1086.0000000000
3970 -1085.0000000000
3978 -1083.0000000000
3983 -1082.0000000000
3991 -1081.0000000000
3994 -1080.0000000000
4012 -1079.0000000000
4013 -1078.0000000000
4022 -1077.0000000000
4025 -1075.0000000000
4026 -1074.0000000000
4031 -1072.0000000000
4037 -1071.0000000000
4048 -1070.0000000000
4064 -1069.0000000000
4066 -1068.0000000000
4071 -1066.0000000000
4084 -1065.0000000000
4093 -1064.0000000000
4097 -1063.0000000000
4102 -1062.0000000000
4107 -1061.0000000000
4108 -1060.0000000000
4110 -1059.0000000000
4113 -1058.0000000000
4114 -1057.0000000000
4117 -1056.0000000000
4123 -1055.0000000000
4133 -1053.0000000000
4136 -1052.0000000000
4141 -1051.0000000000
4155 -1050.0000000000
4158 -1049.0000000000
4164 -1048.0000000000
4167 -1047.0000000000
4192 -1046.0000000000
4223 -1045.0000000000
4240 -1044.0000000000
4253 -1043.0000000000
4257 -1042.0000000000
4271 -1041.0000000000
4275 -1039.0000000000
4281 -1038.0000000000
4283 -1037.0000000000
4290 -1036.0000000000
4298 -1034.0000000000
4301 -1033.0000000000
4309 -1032.0000000000
4311 -1030.0000000000
4325 -1029.0000000000
4331 -1028.0000000000
4334 -1027.0000000000
4339 -1026.0000000000
4348 -1025.0000000000
4350 -1024.0000000000
4369 -1023.0000000000
4378 -1022.0000000000
4381 -1020.0000000000
4386 -1019.0000000000
4392 -1018.0000000000
4395 -1017.0000000000
4401 -1016.0000000000
4410 -1015.0000000000
4417 -1014.0000000000
4418 -1013.0000000000
4425 -1012.0000000000
4427 -1010.0000000000
4430 -1009.0000000000
4441 -1008.0000000000
4447 -1007.0000000000
4448 -1006.0000000000
4462 -1005.0000000000
4463 -1002.0000000000
4465 -1001.0000000000
4466 -1000.0000000000
4473 -998.0000000000
4481 -997.0000000000
4506 -996.0000000000
4516 -994.0000000000
4522 -993.0000000000
4530 -992.0000000000
4531 -991.0000000000
4534 -990.0000000000
4550 -989.0000000000
4561 -987.0000000000
4567 -986.0000000000
4568 -984.0000000000
4569 -983.0000000000
4570 -982.0000000000
4581 -981.0000000000
4582 -980.0000000000
4595 -978.0000000000
4620 -977.0000000000
4622 -976.0000000000
4623 -975.0000000000
4628 -974.0000000000
4630 -973.0000000000
4641 -972.0000000000
4647 -971.0000000000
4663 -970.0000000000
4672 -969.0000000000
4693 -968.0000000000
4696 -967.0000000000
4705 -966.0000000000
4708 -965.0000000000
4711 -963.0000000000
4727 -962.0000000000
4744 -961.0000000000
4747 -960.0000000000
4767 -959.0000000000
4781 -958.0000000000
4786 -957.0000000000
4797 -955.0000000000
4807 -953.0000000000
4826 -952.0000000000
4834 -951.0000000000
4835 -950.0000000000
4836 -949.0000000000
4840 -948.0000000000
4849 -947.0000000000
4852 -946.0000000000
4853 -945.0000000000
4855 -944.0000000000
4865 -943.0000000000
4882 -942.0000000000
4883 -941.0000000000
4887 -940.0000000000
4898 -939.0000000000
4900 -938.0000000000
4912 -937.0000000000
4915 -936.0000000000
4919 -935.0000000000
4932 -934.0000000000
4934 -932.0000000000
4941 -931.0000000000
4952 -930.0000000000
4966 -929.0000000000
4971 -928.0000000000
4973 -927.0000000000
4975 -926.0000000000
4985 -925.0000000000
4998 -924.0000000000
5003 -923.0000000000
5010 -922.0000000000
5013 -921.0000000000
5026 -920.0000000000
5034 -919.0000000000
5039 -917.0000000000
5040 -916.0000000000
5042 -915.0000000000
5070 -914.0000000000
5072 -913.0000000000
5079 -912.0000000000
5082 -911.0000000000
5088 -909.0000000000
5089 -908.0000000000
5090 -907.0000000000
5096 -906.0000000000
5109 -905.0000000000
5114 -904.0000000000
5137 -903.0000000000
5152 -901.0000000000
5158 -900.0000000000
5160 -899.0000000000
5175 -898.0000000000
5182 -897.0000000000
5238 -896.0000000000
5240 -895.0000000000
5250 -894.0000000000
5251 -893.0000000000
5255 -891.0000000000
5267 -890.0000000000
5269 -889.0000000000
5270 -888.0000000000
5282 -886.0000000000
5283 -885.0000000000
5289 -884.0000000000
5302 -882.0000000000
5307 -881.0000000000
5317 -880.0000000000
5324 -879.0000000000
5342 -878.0000000000
5344 -877.0000000000
5349 -876.0000000000
5352 -875.0000000000
5369 -874.0000000000
5370 -873.0000000000
5371 -872.0000000000
5387 -871.0000000000
5394 -870.0000000000
5399 -869.0000000000
5400 -868.0000000000
5404 -867.0000000000
5410 -866.0000000000
5412 -865.0000000000
5414 -864.0000000000
5423 -863.0000000000
5427 -862.0000000000
5439 -861.0000000000
5443 -860.0000000000
5444 -859.0000000000
5460 -858.0000000000
5461 -857.0000000000
5465 -856.0000000000
5478 -855.0000000000
5483 -854.0000000000
5487 -852.0000000000
5493 -851.0000000000
5500 -849.0000000000
5565 -848.0000000000
5567 -847.0000000000
5573 -846.0000000000
5579 -845.0000000000
5585 -844.0000000000
5600 -843.0000000000
5606 -842.0000000000
5612 -841.0000000000
5616 -840.0000000000
5620 -839.0000000000
5623 -838.0000000000
5630 -837.0000000000
5631 -836.0000000000
5690 -835.0000000000
5693 -833.0000000000
5708 -832.0000000000
5744 -830.0000000000
5758 -829.0000000000
5781 -828.0000000000
5783 -827.0000000000
5794 -826.0000000000
5797 -824.0000000000
5822 -823.0000000000
5825 -822.0000000000
5829 -821.0000000000
5834 -820.0000000000
5835 -819.0000000000
5841 -818.0000000000
5862 -817.0000000000
5882 -816.0000000000
5887 -815.0000000000
5894 -813.0000000000
5911 -812.0000000000
5915 -811.0000000000
5920 -810.0000000000
5931 -809.0000000000
5937 -808.0000000000
5939 -807.0000000000
5958 -806.0000000000
5959 -805.0000000000
5970 -804.0000000000
5979 -803.0000000000
5994 -801.0000000000
6009 -800.0000000000
6017 -799.0000000000
6018 -798.0000000000
6023 -797.0000000000
6038 -796.0000000000
6042 -795.0000000000
6047 -793.0000000000
6061 -792.0000000000
6076 -791.0000000000
6094 -790.0000000000
6098 -789.0000000000
6115 -788.0000000000
6121 -787.0000000000
6131 -786.0000000000
6147 -785.0000000000
6168 -784.0000000000
6169 -782.0000000000
6197 -781.0000000000
6213 -780.0000000000
6229 -779.0000000000
6230 -778.0000000000
6243 -776.0000000000
6256 -775.0000000000
6269 -774.0000000000
6272 -772.0000000000
6292 -771.0000000000
6293 -770.0000000000
6297 -769.0000000000
6324 -768.0000000000
6344 -767.0000000000
6349 -766.0000000000
6355 -765.0000000000
6365 -764.0000000000
6371 -763.0000000000
6389 -762.0000000000
6394 -761.0000000000
6397 -760.0000000000
6407 -759.0000000000
6411 -758.0000000000
6418 -757.0000000000
6429 -756.0000000000
6460 -754.0000000000
6463 -753.0000000000
6472 -752.0000000000
6478 -751.0000000000
6479 -750.0000000000
6481 -749.0000000000
6491 -748.0000000000
6499 -747.0000000000
6501 -746.0000000000
6502 -745.0000000000
6529 -744.0000000000
6542 -743.0000000000
6545 -742.0000000000
6548 -741.0000000000
6556 -739.0000000000
6567 -738.0000000000
6570 -737.0000000000
6588 -736.0000000000
6615 -734.0000000000
6625 -733.0000000000
6643 -731.0000000000
6663 -730.0000000000
6686 -729.0000000000
6688 -728.0000000000
6717 -727.0000000000
6720 -726.0000000000
6723 -725.0000000000
6736 -723.0000000000
6749 -722.0000000000
6753 -720.0000000000
6774 -719.0000000000
6789 -717.0000000000
6793 -716.0000000000
6797 -715.0000000000
6811 -714.0000000000
6815 -712.0000000000
6834 -711.0000000000
6859 -710.0000000000
6861 -709.0000000000
6863 -708.0000000000
6889 -707.0000000000
6894 -705.0000000000
6899 -704.0000000000
6941 -703.0000000000
6944 -702.0000000000
6947 -701.0000000000
6951 -700.0000000000
6965 -699.0000000000
6966 -698.0000000000
6971 -697.0000000000
6976 -696.0000000000
6987 -694.0000000000
6994 -693.0000000000
6995 -692.0000000000
7001 -691.0000000000
7002 -690.0000000000
7005 -689.0000000000
7007 -688.0000000000
7013 -687.0000000000
7018 -686.0000000000
7023 -685.0000000000
7037 -684.0000000000
7044 -683.0000000000
7045 -682.0000000000
7090 -681.0000000000
7115 -680.0000000000
7117 -679.0000000000
7134 -678.0000000000
7139 -677.0000000000
7145 -676.0000000000
7149 -675.0000000000
7156 -674.0000000000
7187 -673.0000000000
7209 -672.0000000000
7210 -671.0000000000
7225 -670.0000000000
7280 -669.0000000000
7295 -668.0000000000
7297 -667.0000000000
7300 -666.0000000000
7313 -665.0000000000
7321 -664.0000000000
7334 -663.0000000000
7342 -662.0000000000
7346 -661.0000000000
7360 -660.0000000000
7370 -659.0000000000
7394 -658.0000000000
7399 -657.0000000000
7402 -656.0000000000
7404 -655.0000000000
7409 -654.0000000000
7417 -653.0000000000
7420 -652.0000000000
7427 -650.0000000000
7439 -649.0000000000
7471 -648.0000000000
7476 -647.0000000000
7491 -646.0000000000
7501 -645.0000000000
7505 -644.0000000000
7519 -643.0000000000
7526 -642.0000000000
7535 -641.0000000000
7545 -640.0000000000
7551 -639.0000000000
7557 -638.0000000000
7589 -637.0000000000
7628 -636.0000000000
7650 -634.0000000000
7651 -633.0000000000
7664 -632.0000000000
7674 -631.0000000000
7726 -630.0000000000
7727 -629.0000000000
7731 -627.0000000000
7740 -625.0000000000
7752 -623.0000000000
7765 -622.0000000000
7776 -621.0000000000
7790 -619.0000000000
7826 -618.0000000000
7841 -617.0000000000
7854 -616.0000000000
7860 -615.0000000000
7868 -614.0000000000
7873 -612.0000000000
7915 -611.0000000000
7947 -609.0000000000
7955 -608.0000000000
7966 -607.0000000000
7969 -606.0000000000
7995 -605.0000000000
7996 -604.0000000000
8004 -603.0000000000
8027 -602.0000000000
8042 -600.0000000000
8043 -599.0000000000
8086 -598.0000000000
8121 -597.0000000000
8156 -596.0000000000
8168 -595.0000000000
8172 -594.0000000000
8191 -593.0000000000
8210 -592.0000000000
8233 -591.0000000000
8243 -590.0000000000
8259 -588.0000000000
8264 -587.0000000000
8303 -585.0000000000
8315 -584.0000000000
8327 -583.0000000000
8343 -582.0000000000
8350 -581.0000000000
8362 -579.0000000000
8400 -578.0000000000
8411 -577.0000000000
8423 -576.0000000000
8432 -575.0000000000
8439 -574.0000000000
8515 -573.0000000000
8523 -572.0000000000
8557 -571.0000000000
8578 -570.0000000000
8587 -569.0000000000
8597 -568.0000000000
8610 -567.0000000000
8622 -566.0000000000
8670 -565.0000000000
8674 -564.0000000000
8675 -563.0000000000
8702 -562.0000000000
8709 -561.0000000000
8714 -560.0000000000
8716 -559.0000000000
8744 -558.0000000000
8750 -556.0000000000
8751 -555.0000000000
8752 -554.0000000000
8764 -553.0000000000
8801 -552.0000000000
8803 -551.0000000000
8817 -550.0000000000
8820 -549.0000000000
8845 -548.0000000000
8870 -547.0000000000
8895 -546.0000000000
8903 -545.0000000000
8904 -544.0000000000
8918 -543.0000000000
8947 -542.0000000000
8959 -541.0000000000
8996 -540.0000000000
9004 -539.0000000000
9013 -538.0000000000
9023 -537.0000000000
9031 -536.0000000000
9049 -535.0000000000
9055 -534.0000000000
9096 -533.0000000000
9123 -532.0000000000
9125 -531.0000000000
9132 -528.0000000000
9147 -527.0000000000
9150 -526.0000000000
9153 -525.0000000000
9167 -524.0000000000
9171 -523.0000000000
9178 -522.0000000000
9184 -521.0000000000
9189 -520.0000000000
9224 -519.0000000000
9267 -518.0000000000
9268 -517.0000000000
9282 -516.0000000000
9296 -515.0000000000
9303 -514.0000000000
9309 -512.0000000000
9327 -511.0000000000
9328 -510.0000000000
9329 -509.0000000000
9364 -508.0000000000
9377 -507.0000000000
9389 -506.0000000000
9399 -505.0000000000
9408 -504.0000000000
9418 -503.0000000000
9465 -502.0000000000
9473 -501.0000000000
9481 -500.0000000000
9485 -499.0000000000
9523 -498.0000000000
9528 -497.0000000000
9540 -496.0000000000
9551 -495.0000000000
9553 -494.0000000000
9558 -493.0000000000
9566 -492.0000000000
9583 -491.0000000000
9584 -490.0000000000
9593 -489.0000000000
9602 -487.0000000000
9609 -486.0000000000
9652 -485.0000000000
9661 -484.0000000000
9666 -483.0000000000
9669 -482.0000000000
9681 -481.0000000000
9739 -480.0000000000
9746 -479.0000000000
9768 -478.0000000000
9775 -477.0000000000
9786 -476.0000000000
9813 -475.0000000000
9819 -474.0000000000
9821 -473.0000000000
9871 -472.0000000000
9874 -471.0000000000
9911 -470.0000000000
9922 -469.0000000000
9923 -468.0000000000
9935 -467.0000000000
9940 -466.0000000000
9942 -465.0000000000
9995 -464.0000000000
10000 -466.0000000000
evaluations raw_y
1 -1882.0000000000
6 -1881.0000000000
21 -1880.0000000000
26 -1879.0000000000
28 -1877.0000000000
29 -1876.0000000000
35 -1875.0000000000
36 -1874.0000000000
38 -1873.0000000000
39 -1872.0000000000
43 -1871.0000000000
45 -1869.0000000000
47 -1868.0000000000
48 -1867.0000000000
54 -1866.0000000000
58 -1864.0000000000
59 -1863.0000000000
66 -1862.0000000000
70 -1859.0000000000
72 -1858.0000000000
80 -1856.0000000000
97 -1855.0000000000
104 -1854.0000000000
105 -1853.0000000000
106 -1852.0000000000
113 -1850.0000000000
114 -1848.0000000000
122 -1847.0000000000
123 -1846.0000000000
124 -1845.0000000000
128 -1844.0000000000
129 -1843.0000000000
130 -1842.0000000000
133 -1840.0000000000
135 -1838.0000000000
137 -1837.0000000000
140 -1836.0000000000
144 -1835.0000000000
146 -1834.0000000000
147 -1833.0000000000
150 -1830.0000000000
153 -1829.0000000000
154 -1827.0000000000
161 -1826.0000000000
165 -1824.0000000000
166 -1823.0000000000
170 -1822.0000000000
171 -1821.0000000000
177 -1819.0000000000
187 -1818.0000000000
188 -1816.0000000000
197 -1815.0000000000
201 -1814.0000000000
211 -1812.0000000000
214 -1811.0000000000
220 -1810.0000000000
221 -1809.0000000000
226 -1808.0000000000
233 -1807.0000000000
234 -1804.0000000000
236 -1801.0000000000
242 -1800.0000000000
244 -1798.0000000000
264 -1796.0000000000
265 -1795.0000000000
267 -1794.0000000000
274 -1793.0000000000
285 -1791.0000000000
294 -1790.0000000000
296 -1787.0000000000
297 -1786.0000000000
302 -1785.0000000000
303 -1784.0000000000
306 -1783.0000000000
310 -1782.0000000000
314 -1780.0000000000
315 -1779.0000000000
318 -1778.0000000000
323 -1775.0000000000
324 -1774.0000000000
335 -1773.0000000000
340 -1772.0000000000
341 -1771.0000000000
345 -1769.0000000000
346 -1768.0000000000
355 -1766.0000000000
362 -1765.0000000000
368 -1764.0000000000
370 -1762.0000000000
371 -1761.0000000000
402 -1760.0000000000
403 -1759.0000000000
407 -1758.0000000000
412 -1757.0000000000
418 -1756.0000000000
420 -1755.0000000000
421 -1754.0000000000
423 -1752.0000000000
428 -1750.0000000000
442 -1749.0000000000
449 -1748.0000000000
451 -1747.0000000000
453 -1745.0000000000
456 -1743.0000000000
458 -1742.0000000000
470 -1741.0000000000
472 -1740.0000000000
475 -1739.0000000000
480 -1737.0000000000
484 -1736.0000000000
485 -1735.0000000000
493 -1733.0000000000
496 -1732.0000000000
497 -1731.0000000000
507 -1730.0000000000
508 -1729.0000000000
512 -1728.0000000000
513 -1727.0000000000
515 -1726.0000000000
517 -1725.0000000000
524 -1724.0000000000
531 -1723.0000000000
532 -1722.0000000000
534 -1721.0000000000
537 -1720.0000000000
541 -1719.0000000000
542 -1718.0000000000
543 -1716.0000000000
547 -1715.0000000000
557 -1714.0000000000
563 -1713.0000000000
566 -1712.0000000000
579 -1711.0000000000
580 -1710.0000000000
585 -1709.0000000000
601 -1708.0000000000
609 -1707.0000000000
610 -1706.0000000000
612 -1705.0000000000
613 -1704.0000000000
617 -1703.0000000000
619 -1702.0000000000
620 -1700.0000000000
625 -1699.0000000000
639 -1698.0000000000
643 -1697.0000000000
648 -1696.0000000000
649 -1695.0000000000
654 -1694.0000000000
655 -1693.0000000000
661 -1692.0000000000
663 -1691.0000000000
664 -1690.0000000000
666 -1688.0000000000
674 -1687.0000000000
676 -1685.0000000000
679 -1684.0000000000
687 -1682.0000000000
690 -1681.0000000000
693 -1680.0000000000
701 -1679.0000000000
709 -1678.0000000000
719 -1677.0000000000
720 -1676.0000000000
721 -1675.0000000000
726 -1674.0000000000
728 -1673.0000000000
730 -1671.0000000000
736 -1670.0000000000
737 -1668.0000000000
742 -1667.0000000000
745 -1666.0000000000
746 -1665.0000000000
748 -1664.0000000000
761 -1663.0000000000
762 -1661.0000000000
764 -1660.0000000000
765 -1659.0000000000
768 -1658.0000000000
778 -1656.0000000000
784 -1655.0000000000
788 -1654.0000000000
797 -1653.0000000000
800 -1652.0000000000
803 -1651.0000000000
806 -1650.0000000000
810 -1647.0000000000
811 -1646.0000000000
816 -1645.0000000000
820 -1644.0000000000
823 -1643.0000000000
826 -1642.0000000000
833 -1641.0000000000
851 -1640.0000000000
859 -1639.0000000000
872 -1638.0000000000
874 -1637.0000000000
885 -1636.0000000000
892 -1635.0000000000
895 -1634.0000000000
899 -1633.0000000000
900 -1632.0000000000
904 -1631.0000000000
907 -1629.0000000000
908 -1628.0000000000
909 -1627.0000000000
912 -1626.0000000000
921 -1624.0000000000
947 -1622.0000000000
948 -1621.0000000000
958 -1620.0000000000
968 -1619.0000000000
974 -1618.0000000000
979 -1617.0000000000
981 -1615.0000000000
982 -1614.0000000000
983 -1612.0000000000
985 -1609.0000000000
986 -1607.0000000000
990 -1606.0000000000
994 -1605.0000000000
998 -1604.0000000000
1002 -1601.0000000000
1008 -1600.0000000000
1009 -1598.0000000000
1012 -1597.0000000000
1027 -1596.0000000000
1036 -1595.0000000000
1041 -1594.0000000000
1042 -1593.0000000000
1048 -1592.0000000000
1054 -1591.0000000000
1061 -1590.0000000000
1062 -1588.0000000000
1065 -1587.0000000000
1066 -1585.0000000000
1068 -1584.0000000000
1070 -1583.0000000000
1081 -1582.0000000000
1083 -1579.0000000000
1086 -1578.0000000000
1088 -1577.0000000000
1095 -1576.0000000000
1100 -1575.0000000000
1107 -1574.0000000000
1116 -1573.0000000000
1117 -1572.0000000000
1138 -1570.0000000000
1141 -1567.0000000000
1142 -1566.0000000000
1144 -1565.0000000000
1147 -1564.0000000000
1148 -1563.0000000000
1152 -1562.0000000000
1155 -1561.0000000000
1159 -1560.0000000000
1160 -1559.0000000000
1163 -1556.0000000000
1169 -1555.0000000000
1176 -1553.0000000000
1179 -1552.0000000000
1181 -1551.0000000000
1182 -1550.0000000000
1187 -1549.0000000000
1189 -1548.0000000000
1192 -1547.0000000000
1197 -1546.0000000000
1207 -1545.0000000000
1212 -1544.0000000000
1214 -1543.0000000000
1215 -1542.0000000000
1216 -1541.0000000000
1218 -1540.0000000000
1235 -1539.0000000000
1237 -1538.0000000000
1239 -1537.0000000000
1247 -1536.0000000000
1259 -1535.0000000000
1260 -1534.0000000000
1279 -1533.0000000000
1289 -1532.0000000000
1299 -1531.0000000000
1303 -1530.0000000000
1316 -1529.0000000000
1320 -1528.0000000000
1324 -1527.0000000000
1328 -1526.0000000000
1334 -1525.0000000000
1346 -1524.0000000000
1347 -1523.0000000000
1353 -1522.0000000000
1364 -1521.0000000000
1366 -1520.0000000000
1367 -1519.0000000000
1368 -1518.0000000000
1371 -1517.0000000000
1372 -1516.0000000000
1379 -1515.0000000000
1382 -1514.0000000000
1385 -1513.0000000000
1388 -1511.0000000000
1397 -1510.0000000000
1398 -1509.0000000000
1399 -1508.0000000000
1403 -1507.0000000000
1419 -1506.0000000000
1427 -1505.0000000000
1428 -1503.0000000000
1431 -1502.0000000000
1435 -1501.0000000000
1437 -1500.0000000000
1438 -1499.0000000000
1452 -1498.0000000000
1461 -1497.0000000000
1462 -1496.0000000000
1464 -1495.0000000000
1471 -1494.0000000000
1481 -1493.0000000000
1501 -1492.0000000000
1506 -1491.0000000000
1509 -1490.0000000000
1510 -1489.0000000000
1513 -1487.0000000000
1530 -1486.0000000000
1542 -1485.0000000000
1544 -1484.0000000000
1548 -1483.0000000000
1569 -1482.0000000000
1579 -1481.0000000000
1582 -1480.0000000000
1586 -1479.0000000000
1590 -1478.0000000000
1591 -1477.0000000000
1594 -1476.0000000000
1595 -1475.0000000000
1597 -1474.0000000000
1605 -1473.0000000000
1606 -1471.0000000000
1609 -1469.0000000000
1614 -1466.0000000000
1623 -1464.0000000000
1627 -1463.0000000000
1630 -1462.0000000000
1632 -1461.0000000000
1634 -1460.0000000000
1648 -1459.0000000000
1652 -1458.0000000000
1662 -1457.0000000000
1663 -1456.0000000000
1664 -1455.0000000000
1667 -1454.0000000000
1678 -1453.0000000000
1690 -1452.0000000000
1700 -1451.0000000000
1707 -1449.0000000000
1713 -1448.0000000000
1720 -1447.0000000000
1725 -1446.0000000000
1728 -1445.0000000000
1736 -1444.0000000000
1737 -1443.0000000000
1743 -1442.0000000000
1745 -1441.0000000000
1748 -1440.0000000000
1753 -1438.0000000000
1756 -1437.0000000000
1759 -1436.0000000000
1764 -1435.0000000000
1766 -1434.0000000000
1771 -1433.0000000000
1776 -1432.0000000000
1777 -1431.0000000000
1783 -1430.0000000000
1785 -1429.0000000000
1786 -1428.0000000000
1788 -1427.0000000000
1789 -1426.0000000000
1791 -1425.0000000000
1793 -1424.0000000000
1795 -1423.0000000000
1796 -1422.0000000000
1798 -1421.0000000000
1799 -1420.0000000000
1800 -1419.0000000000
1810 -1417.0000000000
1811 -1416.0000000000
1812 -1415.0000000000
1826 -1414.0000000000
1833 -1413.0000000000
1834 -1412.0000000000
1835 -1411.0000000000
1838 -1410.0000000000
1841 -1409.0000000000
1842 -1408.0000000000
1845 -1406.0000000000
1847 -1405.0000000000
1848 -1404.0000000000
1853 -1403.0000000000
1862 -1402.0000000000
1863 -1401.0000000000
1873 -1399.0000000000
1874 -1398.0000000000
1878 -1397.0000000000
1879 -1396.0000000000
1885 -1394.0000000000
1890 -1393.0000000000
1891 -1392.0000000000
1894 -1391.0000000000
1903 -1390.0000000000
1907 -1389.0000000000
1913 -1388.0000000000
1914 -1387.0000000000
1919 -1385.0000000000
1922 -1384.0000000000
1924 -1383.0000000000
1937 -1382.0000000000
1945 -1381.0000000000
1950 -1380.0000000000
1953 -1379.0000000000
1962 -1378.0000000000
1965 -1377.0000000000
1969 -1376.0000000000
1975 -1375.0000000000
1983 -1373.0000000000
1994 -1372.0000000000
1995 -1371.0000000000
1997 -1370.0000000000
1999 -1368.0000000000
2003 -1367.0000000000
2014 -1366.0000000000
2025 -1365.0000000000
2032 -1364.0000000000
2036 -1363.0000000000
2042 -1362.0000000000
2053 -1361.0000000000
2055 -1360.0000000000
2057 -1359.0000000000
2059 -1357.0000000000
2098 -1356.0000000000
2114 -1355.0000000000
2115 -1354.0000000000
2124 -1353.0000000000
2130 -1352.0000000000
2141 -1351.0000000000
2144 -1350.0000000000
2154 -1349.0000000000
2161 -1348.0000000000
2165 -1347.0000000000
2172 -1345.0000000000
2173 -1344.0000000000
2177 -1343.0000000000
2188 -1342.0000000000
2192 -1341.0000000000
2205 -1340.0000000000
2212 -1337.0000000000
2232 -1336.0000000000
2247 -1335.0000000000
2262 -1333.0000000000
2268 -1332.0000000000
2271 -1331.0000000000
2277 -1330.0000000000
2280 -1329.0000000000
2282 -1328.0000000000
2290 -1327.0000000000
2291 -1325.0000000000
2294 -1324.0000000000
2310 -1323.0000000000
2329 -1321.0000000000
2330 -1320.0000000000
2355 -1319.0000000000
2356 -1318.0000000000
2361 -1317.0000000000
2362 -1316.0000000000
2363 -1315.0000000000
2372 -1314.0000000000
2373 -1313.0000000000
2380 -1312.0000000000
2394 -1310.0000000000
2409 -1309.0000000000
2411 -1308.0000000000
2418 -1307.0000000000
2420 -1306.0000000000
2427 -1305.0000000000
2429 -1304.0000000000
2438 -1303.0000000000
2443 -1302.0000000000
2451 -1301.0000000000
2452 -1300.0000000000
2458 -1299.0000000000
2482 -1298.0000000000
2499 -1297.0000000000
2514 -1296.0000000000
2523 -1294.0000000000
2527 -1293.0000000000
2542 -1292.0000000000
2545 -1291.0000000000
2547 -1290.0000000000
2548 -1287.0000000000
2550 -1286.0000000000
2553 -1284.0000000000
2554 -1283.0000000000
2556 -1282.0000000000
2557 -1281.0000000000
2565 -1279.0000000000
2568 -1277.0000000000
2580 -1276.0000000000
2581 -1275.0000000000
2590 -1274.0000000000
2593 -1273.0000000000
2595 -1272.0000000000
2604 -1270.0000000000
2606 -1269.0000000000
2612 -1268.0000000000
2627 -1267.0000000000
2636 -1266.0000000000
2640 -1265.0000000000
2642 -1264.0000000000
2648 -1263.0000000000
2650 -1262.0000000000
2678 -1261.0000000000
2680 -1260.0000000000
2689 -1259.0000000000
2691 -1258.0000000000
2693 -1257.0000000000
2700 -1256.0000000000
2707 -1255.0000000000
2710 -1254.0000000000
2717 -1252.0000000000
2720 -1251.0000000000
2724 -1250.0000000000
2731 -1249.0000000000
2738 -1247.0000000000
2739 -1246.0000000000
2743 -1245.0000000000
2744 -1244.0000000000
2745 -1243.0000000000
2748 -1242.0000000000
2750 -1241.0000000000
2760 -1239.0000000000
2761 -1238.0000000000
2769 -1237.0000000000
2778 -1236.0000000000
2780 -1235.0000000000
2785 -1234.0000000000
2786 -1233.0000000000
2810 -1231.0000000000
2813 -1230.0000000000
2823 -1229.0000000000
2824 -1226.0000000000
2839 -1225.0000000000
2845 -1223.0000000000
2849 -1222.0000000000
2852 -1221.0000000000
2853 -1220.0000000000
2866 -1219.0000000000
2869 -1218.0000000000
2874 -1217.0000000000
2878 -1215.0000000000
2881 -1214.0000000000
2886 -1213.0000000000
2900 -1211.0000000000
2902 -1210.0000000000
2904 -1209.0000000000
2912 -1208.0000000000
2913 -1207.0000000000
2917 -1206.0000000000
2933 -1205.0000000000
2951 -1204.0000000000
2959 -1203.0000000000
2960 -1202.0000000000
2963 -1200.0000000000
2964 -1199.0000000000
2990 -1197.0000000000
3002 -1196.0000000000
3006 -1195.0000000000
3009 -1194.0000000000
3011 -1193.0000000000
3023 -1192.0000000000
3038 -1191.0000000000
3044 -1190.0000000000
3063 -1189.0000000000
3066 -1188.0000000000
3074 -1187.0000000000
3076 -1186.0000000000
3080 -1185.0000000000
3091 -1184.0000000000
3103 -1183.0000000000
3118 -1182.0000000000
3120 -1181.0000000000
3138 -1180.0000000000
3143 -1179.0000000000
3144 -1178.0000000000
3150 -1177.0000000000
3152 -1176.0000000000
3163 -1175.0000000000
3176 -1173.0000000000
3178 -1172.0000000000
3180 -1171.0000000000
3186 -1170.0000000000
3187 -1169.0000000000
3191 -1168.0000000000
3193 -1167.0000000000
3196 -1166.0000000000
3207 -1165.0000000000
3223 -1164.0000000000
3238 -1163.0000000000
3243 -1162.0000000000
3255 -1159.0000000000
3261 -1158.0000000000
3264 -1157.0000000000
3270 -1156.0000000000
3271 -1155.0000000000
3278 -1154.0000000000
3280 -1153.0000000000
3290 -1152.0000000000
3304 -1151.0000000000
3308 -1150.0000000000
3316 -1149.0000000000
3317 -1148.0000000000
3326 -1147.0000000000
3333 -1146.0000000000
3334 -1145.0000000000
3335 -1144.0000000000
3337 -1143.0000000000
3339 -1142.0000000000
3353 -1141.0000000000
3364 -1140.0000000000
3370 -1138.0000000000
3372 -1136.0000000000
3374 -1135.0000000000
3382 -1134.0000000000
3385 -1133.0000000000
3386 -1132.0000000000
3415 -1130.0000000000
3417 -1129.0000000000
3428 -1126.0000000000
3437 -1125.0000000000
3442 -1124.0000000000
3448 -1123.0000000000
3451 -1122.0000000000
3455 -1121.0000000000
3461 -1120.0000000000
3486 -1119.0000000000
3488 -1118.0000000000
3490 -1117.0000000000
3496 -1116.0000000000
3500 -1115.0000000000
3506 -1114.0000000000
3508 -1113.0000000000
3509 -1112.0000000000
3510 -1111.0000000000
3554 -1110.0000000000
3555 -1109.0000000000
3559 -1108.0000000000
3578 -1106.0000000000
3579 -1105.0000000000
3589 -1104.0000000000
3590 -1103.0000000000
3592 -1102.0000000000
3596 -1101.0000000000
3601 -1100.0000000000
3603 -1099.0000000000
3613 -1098.0000000000
3621 -1097.0000000000
3626 -1096.0000000000
3658 -1095.0000000000
3659 -1094.0000000000
3660 -1093.0000000000
3667 -1092.0000000000
3671 -1091.0000000000
3673 -1090.0000000000
3681 -1088.0000000000
3686 -1087.0000000000
3690 -1086.0000000000
3692 -1084.0000000000
3694 -1083.0000000000
3700 -1082.0000000000
3701 -1081.0000000000
3703 -1080.0000000000
3704 -1079.0000000000
3705 -1078.0000000000
3709 -1077.0000000000
3711 -1076.0000000000
3722 -1075.0000000000
3723 -1074.0000000000
3743 -1073.0000000000
3746 -1072.0000000000
3750 -1071.0000000000
3754 -1069.0000000000
3773 -1068.0000000000
3774 -1067.0000000000
3777 -1066.0000000000
3778 -1063.0000000000
3780 -1062.0000000000
3789 -1061.0000000000
3797 -1060.0000000000
3800 -1059.0000000000
3803 -1058.0000000000
3804 -1057.0000000000
3806 -1056.0000000000
3820 -1055.0000000000
3823 -1053.0000000000
3828 -1052.0000000000
3835 -1051.0000000000
3838 -1050.0000000000
3857 -1049.0000000000
3861 -1048.0000000000
3879 -1047.0000000000
3880 -1046.0000000000
3895 -1045.0000000000
3905 -1044.0000000000
3918 -1043.0000000000
3920 -1042.0000000000
3925 -1041.0000000000
3936 -1040.0000000000
3943 -1039.0000000000
3945 -1038.0000000000
3946 -1037.0000000000
3951 -1036.0000000000
3952 -1035.0000000000
3956 -1034.0000000000
3957 -1033.0000000000
3958 -1032.0000000000
3962 -1031.0000000000
3970 -1030.0000000000
3972 -1029.0000000000
3978 -1028.0000000000
3980 -1027.0000000000
3981 -1026.0000000000
3982 -1025.0000000000
3985 -1024.0000000000
3998 -1023.0000000000
3999 -1022.0000000000
4026 -1021.0000000000
4031 -1020.0000000000
4046 -1019.0000000000
4047 -1018.0000000000
4048 -1017.0000000000
4051 -1016.0000000000
4056 -1015.0000000000
4075 -1014.0000000000
4080 -1013.0000000000
4094 -1012.0000000000
4096 -1011.0000000000
4098 -1010.0000000000
4099 -1009.0000000000
4104 -1008.0000000000
4109 -1007.0000000000
4110 -1006.0000000000
4119 -1005.0000000000
4121 -1004.0000000000
4168 -1003.0000000000
4171 -1002.0000000000
4178 -1001.0000000000
4181 -999.0000000000
4198 -998.0000000000
4201 -996.0000000000
4203 -995.0000000000
4207 -994.0000000000
4219 -993.0000000000
4226 -992.0000000000
4252 -991.0000000000
4254 -990.0000000000
4257 -989.0000000000
4266 -988.0000000000
4267 -987.0000000000
4270 -986.0000000000
4276 -985.0000000000
4292 -984.0000000000
4314 -983.0000000000
4335 -982.0000000000
4344 -981.0000000000
4364 -980.0000000000
4369 -979.0000000000
4376 -978.0000000000
4391 -976.0000000000
4393 -975.0000000000
4398 -974.0000000000
4406 -973.0000000000
4418 -972.0000000000
4436 -971.0000000000
4440 -968.0000000000
4457 -967.0000000000
4464 -966.0000000000
4472 -964.0000000000
4475 -963.0000000000
4479 -961.0000000000
4487 -960.0000000000
4488 -959.0000000000
4494 -958.0000000000
4514 -957.0000000000
4533 -956.0000000000
4543 -955.0000000000
4550 -954.0000000000
4553 -952.0000000000
4557 -951.0000000000
4559 -949.0000000000
4560 -948.0000000000
4566 -947.0000000000
4572 -946.0000000000
4577 -945.0000000000
4582 -944.0000000000
4604 -943.0000000000
4619 -942.0000000000
4620 -941.0000000000
4625 -939.0000000000
4626 -938.0000000000
4630 -937.0000000000
4635 -936.0000000000
4645 -935.0000000000
4647 -932.0000000000
4654 -931.0000000000
4672 -930.0000000000
4688 -929.0000000000
4692 -928.0000000000
4694 -927.0000000000
4707 -926.0000000000
4710 -925.0000000000
4717 -924.0000000000
4744 -923.0000000000
4748 -922.0000000000
4751 -921.0000000000
4763 -920.0000000000
4772 -919.0000000000
4782 -918.0000000000
4783 -917.0000000000
4790 -915.0000000000
4795 -914.0000000000
4798 -912.0000000000
4809 -911.0000000000
4817 -909.0000000000
4821 -908.0000000000
4827 -907.0000000000
4829 -905.0000000000
4835 -904.0000000000
4836 -903.0000000000
4851 -902.0000000000
4859 -901.0000000000
4868 -900.0000000000
4886 -899.0000000000
4899 -897.0000000000
4904 -896.0000000000
4908 -895.0000000000
4926 -894.0000000000
4931 -893.0000000000
4933 -892.0000000000
4939 -891.0000000000
4948 -890.0000000000
4951 -889.0000000000
4975 -888.0000000000
4976 -887.0000000000
4986 -886.0000000000
5001 -885.0000000000
5019 -884.0000000000
5030 -883.0000000000
5034 -882.0000000000
5046 -880.0000000000
5053 -878.0000000000
5059 -877.0000000000
5060 -876.0000000000
5065 -874.0000000000
5071 -873.0000000000
5072 -872.0000000000
5075 -871.0000000000
5079 -870.0000000000
5091 -869.0000000000
5093 -868.0000000000
5096 -867.0000000000
5106 -866.0000000000
5109 -865.0000000000
5116 -864.0000000000
5127 -862.0000000000
5146 -861.0000000000
5150 -860.0000000000
5155 -859.0000000000
5161 -858.0000000000
5188 -857.0000000000
5189 -856.0000000000
5193 -855.0000000000
5212 -854.0000000000
5222 -853.0000000000
5224 -852.0000000000
5249 -850.0000000000
5274 -849.0000000000
5293 -847.0000000000
5305 -846.0000000000
5313 -845.0000000000
5354 -843.0000000000
5358 -842.0000000000
5379 -841.0000000000
5400 -840.0000000000
5401 -839.0000000000
5412 -838.0000000000
5415 -837.0000000000
5426 -836.0000000000
5428 -835.0000000000
5430 -833.0000000000
5440 -832.0000000000
5458 -831.0000000000
5475 -830.0000000000
5494 -829.0000000000
5501 -828.0000000000
5504 -827.0000000000
5512 -826.0000000000
5521 -825.0000000000
5526 -824.0000000000
5527 -823.0000000000
5528 -822.0000000000
5531 -820.0000000000
5535 -819.0000000000
5536 -818.0000000000
5558 -817.0000000000
5560 -816.0000000000
5573 -815.0000000000
5578 -814.0000000000
5582 -811.0000000000
5585 -810.0000000000
5586 -809.0000000000
5600 -808.0000000000
5605 -807.0000000000
5619 -806.0000000000
5620 -805.0000000000
5634 -804.0000000000
5637 -802.0000000000
5638 -801.0000000000
5643 -800.0000000000
5657 -799.0000000000
5666 -798.0000000000
5672 -797.0000000000
5677 -796.0000000000
5687 -795.0000000000
5691 -794.0000000000
5702 -793.0000000000
5725 -792.0000000000
5749 -791.0000000000
5780 -790.0000000000
5784 -789.0000000000
5792 -788.0000000000
5796 -787.0000000000
5800 -786.0000000000
5803 -784.0000000000
5819 -783.0000000000
5820 -782.0000000000
5846 -781.0000000000
5849 -780.0000000000
5869 -779.0000000000
5893 -778.0000000000
5896 -777.0000000000
5898 -776.0000000000
5903 -775.0000000000
5906 -774.0000000000
5928 -773.0000000000
5936 -772.0000000000
5956 -771.0000000000
5964 -770.0000000000
5974 -769.0000000000
5992 -768.0000000000
5999 -766.0000000000
6055 -765.0000000000
6056 -764.0000000000
6058 -762.0000000000
6060 -761.0000000000
6061 -760.0000000000
6062 -759.0000000000
6066 -758.0000000000
6095 -757.0000000000
6097 -756.0000000000
6103 -755.0000000000
6109 -754.0000000000
6110 -752.0000000000
6113 -751.0000000000
6127 -750.0000000000
6134 -749.0000000000
6141 -748.0000000000
6162 -747.0000000000
6168 -746.0000000000
6172 -745.0000000000
6176 -744.0000000000
6178 -743.0000000000
6180 -741.0000000000
6202 -740.0000000000
6224 -739.0000000000
6225 -738.0000000000
6232 -737.0000000000
6235 -736.0000000000
6239 -735.0000000000
6245 -734.0000000000
6271 -733.0000000000
6280 -732.0000000000
6296 -731.0000000000
6311 -729.0000000000
6322 -728.0000000000
6338 -727.0000000000
6349 -726.0000000000
6352 -725.0000000000
6355 -724.0000000000
6363 -722.0000000000
6368 -720.0000000000
6369 -719.0000000000
6381 -718.0000000000
6396 -717.0000000000
6401 -716.0000000000
6416 -715.0000000000
6426 -714.0000000000
6430 -713.0000000000
6433 -712.0000000000
6441 -711.0000000000
6457 -710.0000000000
6490 -709.0000000000
6504 -708.0000000000
6509 -707.0000000000
6515 -706.0000000000
6517 -705.0000000000
6521 -704.0000000000
6529 -703.0000000000
6534 -702.0000000000
6536 -701.0000000000
6537 -700.0000000000
6557 -699.0000000000
6560 -698.0000000000
6573 -697.0000000000
6584 -696.0000000000
6586 -695.0000000000
6590 -694.0000000000
6614 -693.0000000000
6615 -692.0000000000
6650 -691.0000000000
6652 -690.0000000000
6654 -689.0000000000
6656 -688.0000000000
6667 -687.0000000000
6669 -686.0000000000
6677 -685.0000000000
6679 -684.0000000000
6682 -683.0000000000
6688 -682.0000000000
6702 -681.0000000000
6720 -680.0000000000
6723 -679.0000000000
6740 -678.0000000000
6753 -677.0000000000
6782 -676.0000000000
6784 -675.0000000000
6785 -674.0000000000
6791 -673.0000000000
6866 -672.0000000000
6867 -671.0000000000
6882 -670.0000000000
6883 -669.0000000000
6891 -668.0000000000
6897 -667.0000000000
6903 -666.0000000000
6934 -665.0000000000
6960 -664.0000000000
6981 -663.0000000000
6991 -662.0000000000
7001 -661.0000000000
7014 -660.0000000000
7034 -659.0000000000
7040 -658.0000000000
7041 -657.0000000000
7056 -656.0000000000
7067 -655.0000000000
7081 -654.0000000000
7091 -653.0000000000
7109 -652.0000000000
7121 -650.0000000000
7127 -648.0000000000
7130 -647.0000000000
7142 -646.0000000000
7144 -645.0000000000
7162 -644.0000000000
7176 -643.0000000000
7187 -642.0000000000
7203 -641.0000000000
7239 -640.0000000000
7253 -639.0000000000
7260 -638.0000000000
7262 -637.0000000000
7282 -636.0000000000
7328 -635.0000000000
7333 -634.0000000000
7338 -633.0000000000
7341 -632.0000000000
7350 -631.0000000000
7384 -630.0000000000
7398 -629.0000000000
7402 -628.0000000000
7406 -627.0000000000
7409 -626.0000000000
7420 -625.0000000000
7422 -624.0000000000
7436 -623.0000000000
7438 -621.0000000000
7440 -620.0000000000
7448 -619.0000000000
7454 -618.0000000000
7488 -617.0000000000
7512 -616.0000000000
7529 -615.0000000000
7548 -614.0000000000
7554 -613.0000000000
7557 -612.0000000000
7558 -611.0000000000
7625 -610.0000000000
7630 -609.0000000000
7660 -608.0000000000
7663 -607.0000000000
7669 -605.0000000000
7671 -604.0000000000
7673 -603.0000000000
7681 -602.0000000000
7687 -601.0000000000
7694 -600.0000000000
7703 -597.0000000000
7714 -596.0000000000
7716 -595.0000000000
7718 -594.0000000000
7730 -593.0000000000
7733 -592.0000000000
7737 -591.0000000000
7740 -590.0000000000
7742 -588.0000000000
7748 -587.0000000000
7750 -586.0000000000
7768 -585.0000000000
7773 -584.0000000000
7785 -583.0000000000
7787 -582.0000000000
7812 -580.0000000000
7827 -579.0000000000
7836 -578.0000000000
7844 -577.0000000000
7871 -576.0000000000
7875 -575.0000000000
7899 -573.0000000000
7921 -572.0000000000
7942 -571.0000000000
7946 -570.0000000000
7949 -569.0000000000
7962 -568.0000000000
7979 -567.0000000000
7991 -566.0000000000
7995 -565.0000000000
8006 -564.0000000000
8023 -563.0000000000
8036 -562.0000000000
8040 -560.0000000000
8052 -559.0000000000
8065 -558.0000000000
8067 -557.0000000000
8073 -556.0000000000
8080 -555.0000000000
8087 -554.0000000000
8091 -553.0000000000
8132 -552.0000000000
8140 -551.0000000000
8142 -550.0000000000
8155 -549.0000000000
8203 -548.0000000000
8214 -547.0000000000
8224 -546.0000000000
8241 -545.0000000000
8265 -544.0000000000
8266 -543.0000000000
8267 -542.0000000000
8272 -540.0000000000
8294 -539.0000000000
8299 -538.0000000000
8335 -536.0000000000
8355 -535.0000000000
8358 -534.0000000000
8397 -533.0000000000
8440 -532.0000000000
8458 -531.0000000000
8463 -530.0000000000
8464 -529.0000000000
8470 -528.0000000000
8481 -527.0000000000
8522 -526.0000000000
8563 -525.0000000000
8567 -524.0000000000
8568 -522.0000000000
8588 -521.0000000000
8594 -520.0000000000
8596 -519.0000000000
8681 -518.0000000000
8707 -517.0000000000
8717 -516.0000000000
8718 -514.0000000000
8745 -513.0000000000
8754 -512.0000000000
8771 -511.0000000000
8798 -508.0000000000
8826 -507.0000000000
8889 -506.0000000000
8935 -505.0000000000
8956 -504.0000000000
8962 -503.0000000000
8980 -502.0000000000
8998 -501.0000000000
9003 -500.0000000000
9018 -499.0000000000
9034 -498.0000000000
9039 -497.0000000000
9049 -496.0000000000
9081 -495.0000000000
9086 -494.0000000000
9094 -493.0000000000
9104 -492.0000000000
9114 -491.0000000000
9125 -490.0000000000
9132 -489.0000000000
9149 -488.0000000000
9191 -487.0000000000
9201 -485.0000000000
9204 -484.0000000000
9218 -483.0000000000
9239 -482.0000000000
9286 -481.0000000000
9289 -480.0000000000
9299 -479.0000000000
9307 -478.0000000000
9308 -477.0000000000
9321 -475.0000000000
9322 -474.0000000000
9332 -473.0000000000
9356 -472.0000000000
9362 -471.0000000000
9406 -470.0000000000
9411 -469.0000000000
9438 -467.0000000000
9488 -465.0000000000
9492 -464.0000000000
9505 -463.0000000000
9515 -462.0000000000
9528 -461.0000000000
9538 -460.0000000000
9564 -459.0000000000
9580 -458.0000000000
9600 -457.0000000000
9606 -456.0000000000
9625 -455.0000000000
9626 -454.0000000000
9652 -453.0000000000
9657 -452.0000000000
9667 -451.0000000000
9685 -450.0000000000
9710 -449.0000000000
9726 -448.0000000000
9735 -447.0000000000
9776 -446.0000000000
9778 -445.0000000000
9785 -444.0000000000
9792 -443.0000000000
9799 -442.0000000000
9809 -441.0000000000
9823 -440.0000000000
9835 -439.0000000000
9839 -438.0000000000
9844 -437.0000000000
9846 -436.0000000000
9860 -435.0000000000
9966 -434.0000000000
9987 -433.0000000000
9991 -432.0000000000
9993 -431.0000000000
9995 -430.0000000000
10000 -431.0000000000
evaluations raw_y
1 -1875.0000000000
13 -1874.0000000000
20 -1872.0000000000
22 -1870.0000000000
23 -1869.0000000000
25 -1868.0000000000
30 -1866.0000000000
32 -1865.0000000000
34 -1864.0000000000
36 -1863.0000000000
37 -1862.0000000000
39 -1861.0000000000
41 -1859.0000000000
44 -1858.0000000000
45 -1856.0000000000
51 -1855.0000000000
54 -1854.0000000000
60 -1853.0000000000
61 -1852.0000000000
67 -1850.0000000000
69 -1849.0000000000
71 -1847.0000000000
72 -1846.0000000000
74 -1843.0000000000
78 -1842.0000000000
80 -1841.0000000000
82 -1840.0000000000
92 -1838.0000000000
96 -1837.0000000000
97 -1836.0000000000
98 -1834.0000000000
99 -1833.0000000000
101 -1831.0000000000
108 -1830.0000000000
117 -1828.0000000000
126 -1827.0000000000
136 -1826.0000000000
138 -1825.0000000000
139 -1823.0000000000
142 -1822.0000000000
143 -1820.0000000000
144 -1819.0000000000
153 -1818.0000000000
157 -1817.0000000000
160 -1815.0000000000
161 -1814.0000000000
165 -1813.0000000000
170 -1811.0000000000
174 -1810.0000000000
176 -1808.0000000000
177 -1807.0000000000
188 -1806.0000000000
191 -1804.0000000000
198 -1803.0000000000
204 -1802.0000000000
208 -1801.0000000000
212 -1799.0000000000
218 -1798.0000000000
219 -1797.0000000000
221 -1794.0000000000
227 -1793.0000000000
230 -1792.0000000000
236 -1791.0000000000
240 -1790.0000000000
242 -1789.0000000000
245 -1788.0000000000
246 -1787.0000000000
250 -1786.0000000000
252 -1785.0000000000
253 -1784.0000000000
254 -1782.0000000000
267 -1781.0000000000
268 -1779.0000000000
270 -1777.0000000000
275 -1776.0000000000
281 -1775.0000000000
289 -1774.0000000000
296 -1773.0000000000
302 -1772.0000000000
303 -1771.0000000000
308 -1770.0000000000
310 -1769.0000000000
312 -1767.0000000000
330 -1766.0000000000
342 -1764.0000000000
344 -1763.0000000000
346 -1761.0000000000
347 -1760.0000000000
349 -1759.0000000000
351 -1758.0000000000
356 -1757.0000000000
365 -1756.0000000000
371 -1755.0000000000
377 -1754.0000000000
378 -1753.0000000000
382 -1752.0000000000
393 -1751.0000000000
401 -1750.0000000000
403 -1749.0000000000
404 -1748.0000000000
417 -1747.0000000000
423 -1746.0000000000
428 -1745.0000000000
431 -1744.0000000000
435 -1743.0000000000
440 -1742.0000000000
443 -1741.0000000000
451 -1740.0000000000
452 -1739.0000000000
453 -1738.0000000000
454 -1737.0000000000
456 -1735.0000000000
461 -1733.0000000000
469 -1732.0000000000
475 -1731.0000000000
489 -1730.0000000000
505 -1729.0000000000
519 -1727.0000000000
520 -1726.0000000000
523 -1725.0000000000
524 -1724.0000000000
525 -1722.0000000000
537 -1721.0000000000
538 -1720.0000000000
539 -1719.0000000000
541 -1718.0000000000
544 -1717.0000000000
546 -1716.0000000000
549 -1715.0000000000
555 -1713.0000000000
556 -1712.0000000000
557 -1711.0000000000
558 -1709.0000000000
571 -1708.0000000000
573 -1707.0000000000
575 -1704.0000000000
578 -1703.0000000000
599 -1701.0000000000
602 -1700.0000000000
604 -1699.0000000000
605 -1698.0000000000
609 -1697.0000000000
610 -1696.0000000000
615 -1694.0000000000
616 -1693.0000000000
620 -1692.0000000000
626 -1690.0000000000
629 -1688.0000000000
630 -1687.0000000000
631 -1686.0000000000
636 -1685.0000000000
637 -1684.0000000000
639 -1683.0000000000
640 -1682.0000000000
642 -1680.0000000000
646 -1679.0000000000
663 -1678.0000000000
670 -1677.0000000000
675 -1676.0000000000
678 -1674.0000000000
680 -1673.0000000000
685 -1672.0000000000
689 -1671.0000000000
694 -1670.0000000000
698 -1669.0000000000
701 -1668.0000000000
704 -1667.0000000000
705 -1666.0000000000
708 -1665.0000000000
711 -1664.0000000000
713 -1663.0000000000
721 -1662.0000000000
723 -1661.0000000000
725 -1660.0000000000
741 -1659.0000000000
750 -1658.0000000000
756 -1657.0000000000
758 -1656.0000000000
765 -1655.0000000000
768 -1654.0000000000
776 -1653.0000000000
780 -1652.0000000000
782 -1651.0000000000
793 -1650.0000000000
795 -1649.0000000000
797 -1648.0000000000
798 -1647.0000000000
808 -1645.0000000000
817 -1644.0000000000
820 -1643.0000000000
823 -1642.0000000000
857 -1641.0000000000
861 -1640.0000000000
867 -1639.0000000000
870 -1638.0000000000
871 -1637.0000000000
873 -1635.0000000000
876 -1634.0000000000
888 -1633.0000000000
890 -1632.0000000000
892 -1631.0000000000
895 -1630.0000000000
899 -1629.0000000000
905 -1628.0000000000
906 -1627.0000000000
907 -1626.0000000000
910 -1625.0000000000
911 -1624.0000000000
912 -1621.0000000000
917 -1620.0000000000
923 -1619.0000000000
924 -1618.0000000000
932 -1617.0000000000
937 -1616.0000000000
938 -1614.0000000000
941 -1613.0000000000
948 -1612.0000000000
950 -1610.0000000000
953 -1609.0000000000
958 -1606.0000000000
965 -1605.0000000000
975 -1603.0000000000
976 -1602.0000000000
981 -1601.0000000000
986 -1600.0000000000
990 -1599.0000000000
992 -1598.0000000000
993 -1597.0000000000
1000 -1596.0000000000
1013 -1595.0000000000
1015 -1594.0000000000
1020 -1591.0000000000
1021 -1590.0000000000
1024 -1589.0000000000
1026 -1588.0000000000
1035 -1587.0000000000
1044 -1586.0000000000
1051 -1585.0000000000
1054 -1584.0000000000
1056 -1583.0000000000
1063 -1582.0000000000
1064 -1581.0000000000
1070 -1580.0000000000
1085 -1579.0000000000
1103 -1578.0000000000
1109 -1576.0000000000
1112 -1575.0000000000
1114 -1574.0000000000
1120 -1572.0000000000
1127 -1571.0000000000
1132 -1570.0000000000
1134 -1568.0000000000
1135 -1567.0000000000
1136 -1566.0000000000
1140 -1565.0000000000
1141 -1564.0000000000
1143 -1563.0000000000
1145 -1562.0000000000
1153 -1560.0000000000
1163 -1558.0000000000
1165 -1557.0000000000
1166 -1556.0000000000
1169 -1555.0000000000
1172 -1554.0000000000
1178 -1552.0000000000
1184 -1550.0000000000
1191 -1548.0000000000
1194 -1545.0000000000
1197 -1544.0000000000
1199 -1543.0000000000
1223 -1542.0000000000
1224 -1539.0000000000
1226 -1538.0000000000
1227 -1536.0000000000
1236 -1535.0000000000
1238 -1534.0000000000
1242 -1533.0000000000
1256 -1532.0000000000
1258 -1531.0000000000
1269 -1530.0000000000
1273 -1529.0000000000
1278 -1528.0000000000
1283 -1527.0000000000
1303 -1526.0000000000
1304 -1525.0000000000
1309 -1524.0000000000
1313 -1523.0000000000
1319 -1522.0000000000
1320 -1521.0000000000
1324 -1520.0000000000
1348 -1519.0000000000
1350 -1518.0000000000
1355 -1517.0000000000
1375 -1516.0000000000
1380 -1515.0000000000
1384 -1514.0000000000
1386 -1513.0000000000
1387 -1512.0000000000
1390 -1511.0000000000
1391 -1510.0000000000
1394 -1509.0000000000
1395 -1508.0000000000
1403 -1507.0000000000
1407 -1506.0000000000
1415 -1505.0000000000
1416 -1504.0000000000
1424 -1502.0000000000
1428 -1501.0000000000
1437 -1500.0000000000
1440 -1499.0000000000
1449 -1498.0000000000
1455 -1497.0000000000
1460 -1496.0000000000
1464 -1495.0000000000
1472 -1494.0000000000
1476 -1493.0000000000
1484 -1491.0000000000
1486 -1489.0000000000
1491 -1488.0000000000
1493 -1487.0000000000
1507 -1485.0000000000
1510 -1484.0000000000
1514 -1483.0000000000
1516 -1482.0000000000
1519 -1480.0000000000
1520 -1479.0000000000
1525 -1478.0000000000
1528 -1477.0000000000
1538 -1475.0000000000
1547 -1474.0000000000
1549 -1472.0000000000
1552 -1471.0000000000
1564 -1470.0000000000
1565 -1469.0000000000
1573 -1468.0000000000
1574 -1467.0000000000
1578 -1466.0000000000
1585 -1465.0000000000
1591 -1464.0000000000
1612 -1463.0000000000
1614 -1462.0000000000
1616 -1461.0000000000
1619 -1460.0000000000
1622 -1459.0000000000
1624 -1458.0000000000
1627 -1457.0000000000
1632 -1455.0000000000
1635 -1454.0000000000
1642 -1453.0000000000
1645 -1452.0000000000
1651 -1451.0000000000
1652 -1450.0000000000
1653 -1448.0000000000
1655 -1447.0000000000
1658 -1446.0000000000
1669 -1444.0000000000
1673 -1443.0000000000
1690 -1442.0000000000
1691 -1441.0000000000
1699 -1440.0000000000
1711 -1439.0000000000
1713 -1438.0000000000
1715 -1437.0000000000
1717 -1436.0000000000
1726 -1435.0000000000
1727 -1434.0000000000
1732 -1432.0000000000
1735 -1431.0000000000
1739 -1429.0000000000
1744 -1428.0000000000
1748 -1427.0000000000
1750 -1426.0000000000
1754 -1425.0000000000
1755 -1424.0000000000
1756 -1423.0000000000
1771 -1422.0000000000
1778 -1420.0000000000
1780 -1419.0000000000
1783 -1418.0000000000
1788 -1417.0000000000
1795 -1416.0000000000
1796 -1415.0000000000
1798 -1413.0000000000
1800 -1412.0000000000
1806 -1411.0000000000
1810 -1410.0000000000
1814 -1407.0000000000
1815 -1405.0000000000
1831 -1404.0000000000
1839 -1403.0000000000
1848 -1402.0000000000
1849 -1401.0000000000
1853 -1400.0000000000
1863 -1399.0000000000
1870 -1398.0000000000
1875 -1397.0000000000
1878 -1395.0000000000
1879 -1392.0000000000
1881 -1391.0000000000
1886 -1389.0000000000
1887 -1388.0000000000
1896 -1387.0000000000
1900 -1385.0000000000
1923 -1383.0000000000
1924 -1382.0000000000
1926 -1381.0000000000
1929 -1380.0000000000
1939 -1379.0000000000
1943 -1378.0000000000
1945 -1377.0000000000
1956 -1376.0000000000
1969 -1375.0000000000
1973 -1372.0000000000
1976 -1371.0000000000
1978 -1370.0000000000
2005 -1369.0000000000
2006 -1368.0000000000
2008 -1367.0000000000
2014 -1366.0000000000
2018 -1365.0000000000
2026 -1364.0000000000
2033 -1362.0000000000
2035 -1360.0000000000
2043 -1359.0000000000
2047 -1358.0000000000
2049 -1355.0000000000
2050 -1353.0000000000
2055 -1351.0000000000
2059 -1350.0000000000
2061 -1349.0000000000
2066 -1347.0000000000
2075 -1346.0000000000
2085 -1345.0000000000
2094 -1344.0000000000
2098 -1343.0000000000
2103 -1342.0000000000
2113 -1341.0000000000
2118 -1340.0000000000
2119 -1339.0000000000
2127 -1337.0000000000
2135 -1335.0000000000
2151 -1334.0000000000
2154 -1333.0000000000
2162 -1330.0000000000
2164 -1329.0000000000
2169 -1328.0000000000
2175 -1327.0000000000
2178 -1326.0000000000
2180 -1325.0000000000
2186 -1324.0000000000
2192 -1323.0000000000
2201 -1321.0000000000
2222 -1320.0000000000
2236 -1319.0000000000
2241 -1317.0000000000
2245 -1316.0000000000
2251 -1315.0000000000
2265 -1314.0000000000
2270 -1313.0000000000
2274 -1311.0000000000
2280 -1310.0000000000
2286 -1309.0000000000
2291 -1308.0000000000
2296 -1307.0000000000
2299 -1306.0000000000
2322 -1305.0000000000
2332 -1304.0000000000
2337 -1303.0000000000
2348 -1301.0000000000
2349 -1300.0000000000
2350 -1299.0000000000
2370 -1298.0000000000
2371 -1297.0000000000
2376 -1296.0000000000
2386 -1295.0000000000
2389 -1294.0000000000
2394 -1293.0000000000
2395 -1291.0000000000
2406 -1290.0000000000
2421 -1289.0000000000
2422 -1288.0000000000
2424 -1287.0000000000
2427 -1286.0000000000
2429 -1285.0000000000
2437 -1284.0000000000
2442 -1281.0000000000
2450 -1280.0000000000
2451 -1279.0000000000
2459 -1278.0000000000
2462 -1277.0000000000
2470 -1276.0000000000
2487 -1275.0000000000
2489 -1273.0000000000
2494 -1272.0000000000
2499 -1271.0000000000
2509 -1270.0000000000
2524 -1269.0000000000
2530 -1268.0000000000
2536 -1267.0000000000
2538 -1266.0000000000
2540 -1264.0000000000
2541 -1263.0000000000
2543 -1262.0000000000
2544 -1261.0000000000
2546 -1260.0000000000
2549 -1259.0000000000
2552 -1258.0000000000
2554 -1257.0000000000
2556 -1256.0000000000
2564 -1255.0000000000
2569 -1253.0000000000
2584 -1252.0000000000
2587 -1251.0000000000
2589 -1250.0000000000
2601 -1249.0000000000
2603 -1247.0000000000
2606 -1246.0000000000
2608 -1245.0000000000
2611 -1243.0000000000
2624 -1242.0000000000
2628 -1241.0000000000
2636 -1239.0000000000
2639 -1238.0000000000
2646 -1237.0000000000
2647 -1236.0000000000
2661 -1235.0000000000
2662 -1234.0000000000
2667 -1233.0000000000
2677 -1232.0000000000
2682 -1231.0000000000
2688 -1230.0000000000
2690 -1229.0000000000
2691 -1228.0000000000
2704 -1226.0000000000
2722 -1225.0000000000
2724 -1223.0000000000
2734 -1222.0000000000
2744 -1221.0000000000
2746 -1220.0000000000
2748 -1219.0000000000
2751 -1218.0000000000
2800 -1217.0000000000
2820 -1216.0000000000
2821 -1215.0000000000
2825 -1214.0000000000
2836 -1213.0000000000
2841 -1212.0000000000
2843 -1211.0000000000
2851 -1209.0000000000
2857 -1208.0000000000
2859 -1207.0000000000
2861 -1206.0000000000
2867 -1205.0000000000
2868 -1204.0000000000
2888 -1203.0000000000
2900 -1202.0000000000
2904 -1200.0000000000
2914 -1198.0000000000
2917 -1197.0000000000
2925 -1196.0000000000
2930 -1195.0000000000
2936 -1193.0000000000
2941 -1192.0000000000
2948 -1191.0000000000
2955 -1190.0000000000
2964 -1189.0000000000
2969 -1187.0000000000
2972 -1185.0000000000
2981 -1184.0000000000
2988 -1183.0000000000
2992 -1182.0000000000
3008 -1180.0000000000
3014 -1178.0000000000
3022 -1177.0000000000
3031 -1176.0000000000
3032 -1175.0000000000
3037 -1174.0000000000
3040 -1173.0000000000
3047 -1172.0000000000
3050 -1171.0000000000
3058 -1170.0000000000
3068 -1169.0000000000
3072 -1168.0000000000
3083 -1167.0000000000
3088 -1166.0000000000
3092 -1164.0000000000
3093 -1163.0000000000
3094 -1162.0000000000
3101 -1161.0000000000
3115 -1160.0000000000
3133 -1159.0000000000
3141 -1158.0000000000
3143 -1157.0000000000
3151 -1156.0000000000
3152 -1154.0000000000
3160 -1153.0000000000
3171 -1151.0000000000
3172 -1150.0000000000
3184 -1148.0000000000
3186 -1147.0000000000
3193 -1146.0000000000
3201 -1144.0000000000
3219 -1142.0000000000
3230 -1141.0000000000
3231 -1140.0000000000
3233 -1139.0000000000
3243 -1138.0000000000
3244 -1137.0000000000
3256 -1135.0000000000
3275 -1134.0000000000
3278 -1133.0000000000
3279 -1132.0000000000
3290 -1130.0000000000
3295 -1129.0000000000
3305 -1128.0000000000
3317 -1127.0000000000
3333 -1125.0000000000
3338 -1124.0000000000
3341 -1123.0000000000
3354 -1122.0000000000
3365 -1121.0000000000
3366 -1120.0000000000
3370 -1118.0000000000
3401 -1117.0000000000
3404 -1116.0000000000
3405 -1115.0000000000
3406 -1114.0000000000
3409 -1113.0000000000
3411 -1112.0000000000
3412 -1111.0000000000
3425 -1110.0000000000
3433 -1109.0000000000
3447 -1107.0000000000
3461 -1106.0000000000
3468 -1105.0000000000
3472 -1104.0000000000
3482 -1103.0000000000
3495 -1102.0000000000
3499 -1101.0000000000
3502 -1098.0000000000
3509 -1097.0000000000
3520 -1096.0000000000
3527 -1095.0000000000
3541 -1094.0000000000
3558 -1093.0000000000
3568 -1092.0000000000
3578 -1091.0000000000
3581 -1089.0000000000
3600 -1088.0000000000
3601 -1087.0000000000
3603 -1086.0000000000
3608 -1085.0000000000
3610 -1084.0000000000
3616 -1083.0000000000
3618 -1082.0000000000
3620 -1081.0000000000
3623 -1079.0000000000
3628 -1078.0000000000
3642 -1077.0000000000
3659 -1075.0000000000
3660 -1074.0000000000
3664 -1073.0000000000
3684 -1072.0000000000
3696 -1070.0000000000
3698 -1069.0000000000
3700 -1068.0000000000
3709 -1067.0000000000
3710 -1065.0000000000
3723 -1063.0000000000
3757 -1062.0000000000
3772 -1061.0000000000
3783 -1060.0000000000
3799 -1058.0000000000
3807 -1057.0000000000
3817 -1056.0000000000
3824 -1055.0000000000
3833 -1054.0000000000
3844 -1053.0000000000
3856 -1052.0000000000
3876 -1051.0000000000
3893 -1049.0000000000
3896 -1048.0000000000
3899 -1047.0000000000
3913 -1046.0000000000
3921 -1045.0000000000
3925 -1043.0000000000
3926 -1042.0000000000
3927 -1041.0000000000
3945 -1040.0000000000
3960 -1039.0000000000
3968 -1038.0000000000
3985 -1037.0000000000
3987 -1036.0000000000
3994 -1035.0000000000
4008 -1034.0000000000
4024 -1033.0000000000
4048 -1031.0000000000
4051 -1030.0000000000
4068 -1029.0000000000
4071 -1028.0000000000
4078 -1027.0000000000
4084 -1026.0000000000
4087 -1025.0000000000
4118 -1024.0000000000
4124 -1023.0000000000
4125 -1022.0000000000
4130 -1021.0000000000
4133 -1020.0000000000
4139 -1019.0000000000
4141 -1018.0000000000
4152 -1017.0000000000
4169 -1016.0000000000
4171 -1015.0000000000
4178 -1014.0000000000
4187 -1013.0000000000
4190 -1012.0000000000
4217 -1011.0000000000
4221 -1010.0000000000
4223 -1009.0000000000
4226 -1007.0000000000
4229 -1006.0000000000
4238 -1005.0000000000
4242 -1003.0000000000
4251 -1002.0000000000
4254 -1001.0000000000
4275 -1000.0000000000
4278 -999.0000000000
4284 -998.0000000000
4290 -997.0000000000
4295 -996.0000000000
4300 -995.0000000000
4303 -994.0000000000
4307 -993.0000000000
4323 -992.0000000000
4336 -990.0000000000
4346 -989.0000000000
4372 -988.0000000000
4378 -987.0000000000
4380 -985.0000000000
4388 -983.0000000000
4405 -982.0000000000
4407 -981.0000000000
4414 -980.0000000000
4416 -979.0000000000
4417 -978.0000000000
4420 -977.0000000000
4426 -976.0000000000
4432 -975.0000000000
4441 -974.0000000000
4473 -973.0000000000
4481 -972.0000000000
4513 -971.0000000000
4517 -970.0000000000
4521 -969.0000000000
4523 -968.0000000000
4528 -967.0000000000
4535 -966.0000000000
4539 -965.0000000000
4540 -962.0000000000
4541 -961.0000000000
4546 -960.0000000000
4552 -959.0000000000
4572 -958.0000000000
4577 -955.0000000000
4595 -954.0000000000
4600 -951.0000000000
4608 -950.0000000000
4622 -949.0000000000
4627 -948.0000000000
4630 -947.0000000000
4652 -946.0000000000
4653 -945.0000000000
4665 -944.0000000000
4666 -943.0000000000
4668 -942.0000000000
4690 -941.0000000000
4696 -940.0000000000
4725 -938.0000000000
4727 -937.0000000000
4742 -936.0000000000
4748 -935.0000000000
4779 -934.0000000000
4784 -933.0000000000
4790 -932.0000000000
4792 -931.0000000000
4811 -930.0000000000
4815 -929.0000000000
4823 -928.0000000000
4830 -927.0000000000
4837 -926.0000000000
4845 -925.0000000000
4856 -923.0000000000
4872 -922.0000000000
4876 -921.0000000000
4879 -920.0000000000
4883 -919.0000000000
4888 -918.0000000000
4895 -917.0000000000
4896 -916.0000000000
4905 -914.0000000000
4921 -913.0000000000
4932 -911.0000000000
4941 -910.0000000000
4945 -909.0000000000
4947 -908.0000000000
4948 -907.0000000000
4949 -906.0000000000
4951 -904.0000000000
4956 -903.0000000000
4977 -902.0000000000
4985 -901.0000000000
4996 -900.0000000000
5053 -899.0000000000
5061 -898.0000000000
5084 -897.0000000000
5087 -896.0000000000
5091 -895.0000000000
5095 -894.0000000000
5110 -893.0000000000
5145 -892.0000000000
5185 -890.0000000000
5194 -889.0000000000
5213 -888.0000000000
5217 -887.0000000000
5219 -886.0000000000
5253 -885.0000000000
5260 -883.0000000000
5295 -882.0000000000
5309 -881.0000000000
5319 -880.0000000000
5324 -879.0000000000
5326 -878.0000000000
5338 -877.0000000000
5344 -876.0000000000
5365 -874.0000000000
5381 -872.0000000000
5387 -871.0000000000
5391 -870.0000000000
5396 -868.0000000000
5403 -867.0000000000
5424 -866.0000000000
5448 -865.0000000000
5458 -864.0000000000
5460 -863.0000000000
5467 -862.0000000000
5472 -861.0000000000
5474 -860.0000000000
5477 -859.0000000000
5480 -858.0000000000
5500 -856.0000000000
5509 -855.0000000000
5513 -854.0000000000
5525 -853.0000000000
5526 -852.0000000000
5528 -851.0000000000
5534 -850.0000000000
5540 -849.0000000000
5564 -848.0000000000
5566 -847.0000000000
5592 -846.0000000000
5601 -845.0000000000
5616 -844.0000000000
5628 -842.0000000000
5629 -841.0000000000
5630 -840.0000000000
5640 -839.0000000000
5641 -838.0000000000
5670 -837.0000000000
5679 -836.0000000000
5686 -835.0000000000
5689 -834.0000000000
5695 -833.0000000000
5705 -832.0000000000
5706 -831.0000000000
5707 -830.0000000000
5736 -829.0000000000
5739 -828.0000000000
5747 -827.0000000000
5763 -826.0000000000
5775 -825.0000000000
5780 -824.0000000000
5828 -823.0000000000
5830 -822.0000000000
5844 -821.0000000000
5853 -820.0000000000
5863 -819.0000000000
5870 -818.0000000000
5874 -817.0000000000
5896 -816.0000000000
5899 -815.0000000000
5903 -814.0000000000
5906 -813.0000000000
5919 -812.0000000000
5939 -811.0000000000
5953 -809.0000000000
5960 -808.0000000000
5961 -807.0000000000
5977 -805.0000000000
5986 -804.0000000000
6004 -803.0000000000
6010 -802.0000000000
6013 -801.0000000000
6015 -799.0000000000
6022 -798.0000000000
6034 -797.0000000000
6040 -796.0000000000
6044 -795.0000000000
6056 -794.0000000000
6060 -793.0000000000
6093 -792.0000000000
6102 -791.0000000000
6109 -790.0000000000
6114 -789.0000000000
6117 -788.0000000000
6121 -787.0000000000
6130 -786.0000000000
6153 -785.0000000000
6158 -784.0000000000
6159 -783.0000000000
6172 -782.0000000000
6176 -781.0000000000
6181 -780.0000000000
6186 -779.0000000000
6189 -778.0000000000
6193 -777.0000000000
6215 -776.0000000000
6221 -775.0000000000
6227 -774.0000000000
6252 -773.0000000000
6262 -772.0000000000
6268 -771.0000000000
6282 -770.0000000000
6300 -769.0000000000
6319 -768.0000000000
6322 -767.0000000000
6351 -766.0000000000
6360 -765.0000000000
6373 -764.0000000000
6378 -763.0000000000
6403 -762.0000000000
6407 -761.0000000000
6424 -760.0000000000
6439 -758.0000000000
6445 -757.0000000000
6454 -756.0000000000
6457 -755.0000000000
6461 -754.0000000000
6468 -753.0000000000
6492 -751.0000000000
6497 -750.0000000000
6502 -749.0000000000
6509 -748.0000000000
6511 -747.0000000000
6515 -746.0000000000
6533 -745.0000000000
6537 -744.0000000000
6574 -743.0000000000
6585 -742.0000000000
6593 -741.0000000000
6604 -740.0000000000
6608 -739.0000000000
6614 -738.0000000000
6630 -737.0000000000
6631 -736.0000000000
6634 -735.0000000000
6645 -734.0000000000
6652 -733.0000000000
6653 -731.0000000000
6674 -730.0000000000
6683 -729.0000000000
6685 -728.0000000000
6688 -727.0000000000
6695 -726.0000000000
6705 -725.0000000000
6716 -724.0000000000
6737 -723.0000000000
6747 -722.0000000000
6754 -721.0000000000
6780 -719.0000000000
6782 -718.0000000000
6783 -717.0000000000
6799 -716.0000000000
6801 -715.0000000000
6814 -714.0000000000
6817 -713.0000000000
6820 -712.0000000000
6833 -711.0000000000
6843 -710.0000000000
6846 -709.0000000000
6848 -708.0000000000
6853 -707.0000000000
6861 -706.0000000000
6868 -705.0000000000
6877 -704.0000000000
6884 -703.0000000000
6885 -702.0000000000
6906 -701.0000000000
6911 -700.0000000000
6918 -699.0000000000
6920 -698.0000000000
6944 -697.0000000000
6945 -696.0000000000
6949 -695.0000000000
6955 -694.0000000000
6978 -693.0000000000
6980 -692.0000000000
6992 -691.0000000000
6994 -690.0000000000
7013 -689.0000000000
7062 -688.0000000000
7063 -687.0000000000
7067 -686.0000000000
7094 -685.0000000000
7115 -683.0000000000
7120 -682.0000000000
7148 -681.0000000000
7165 -680.0000000000
7188 -679.0000000000
7190 -678.0000000000
7191 -677.0000000000
7192 -676.0000000000
7201 -675.0000000000
7215 -674.0000000000
7229 -672.0000000000
7238 -671.0000000000
7256 -670.0000000000
7261 -669.0000000000
7273 -668.0000000000
7275 -667.0000000000
7293 -666.0000000000
7296 -664.0000000000
7298 -663.0000000000
7334 -662.0000000000
7336 -661.0000000000
7339 -660.0000000000
7346 -659.0000000000
7351 -658.0000000000
7352 -657.0000000000
7362 -656.0000000000
7381 -654.0000000000
7392 -653.0000000000
7398 -652.0000000000
7400 -651.0000000000
7402 -650.0000000000
7404 -649.0000000000
7445 -648.0000000000
7456 -647.0000000000
7458 -646.0000000000
7477 -645.0000000000
7487 -643.0000000000
7491 -642.0000000000
7517 -641.0000000000
7518 -639.0000000000
7521 -638.0000000000
7524 -637.0000000000
7530 -636.0000000000
7558 -635.0000000000
7559 -634.0000000000
7572 -633.0000000000
7577 -632.0000000000
7600 -631.0000000000
7621 -630.0000000000
7648 -629.0000000000
7660 -628.0000000000
7663 -627.0000000000
7670 -626.0000000000
7679 -624.0000000000
7709 -622.0000000000
7711 -621.0000000000
7727 -620.0000000000
7728 -619.0000000000
7744 -618.0000000000
7752 -617.0000000000
7758 -615.0000000000
7759 -614.0000000000
7777 -613.0000000000
7820 -611.0000000000
7830 -610.0000000000
7835 -609.0000000000
7836 -608.0000000000
7843 -607.0000000000
7849 -606.0000000000
7873 -605.0000000000
7878 -603.0000000000
7900 -602.0000000000
7907 -601.0000000000
7916 -600.0000000000
7934 -599.0000000000
7939 -598.0000000000
7942 -597.0000000000
7949 -596.0000000000
7962 -595.0000000000
7975 -594.0000000000
7999 -593.0000000000
8010 -592.0000000000
8031 -591.0000000000
8032 -590.0000000000
8042 -589.0000000000
8052 -587.0000000000
8062 -586.0000000000
8064 -585.0000000000
8067 -584.0000000000
8088 -583.0000000000
8093 -582.0000000000
8110 -580.0000000000
8115 -578.0000000000
8118 -577.0000000000
8125 -576.0000000000
8152 -575.0000000000
8163 -574.0000000000
8242 -573.0000000000
8244 -572.0000000000
8272 -571.0000000000
8288 -569.0000000000
8289 -568.0000000000
8293 -567.0000000000
8332 -566.0000000000
8333 -565.0000000000
8336 -564.0000000000
8340 -563.0000000000
8351 -562.0000000000
8358 -561.0000000000
8359 -560.0000000000
8368 -559.0000000000
8374 -558.0000000000
8379 -557.0000000000
8392 -556.0000000000
8397 -555.0000000000
8404 -554.0000000000
8436 -553.0000000000
8453 -552.0000000000
8461 -551.0000000000
8465 -550.0000000000
8466 -549.0000000000
8467 -548.0000000000
8501 -547.0000000000
8502 -545.0000000000
8530 -544.0000000000
8557 -543.0000000000
8577 -542.0000000000
8579 -541.0000000000
8580 -540.0000000000
8600 -539.0000000000
8651 -538.0000000000
8660 -537.0000000000
8683 -536.0000000000
8691 -535.0000000000
8700 -534.0000000000
8702 -533.0000000000
8704 -532.0000000000
8707 -531.0000000000
8712 -530.0000000000
8715 -529.0000000000
8716 -528.0000000000
8722 -527.0000000000
8725 -526.0000000000
8726 -525.0000000000
8727 -524.0000000000
8729 -523.0000000000
8732 -522.0000000000
8739 -521.0000000000
8741 -520.0000000000
8760 -519.0000000000
8775 -518.0000000000
8806 -517.0000000000
8808 -516.0000000000
8837 -515.0000000000
8840 -514.0000000000
8846 -513.0000000000
8860 -512.0000000000
8872 -511.0000000000
8873 -509.0000000000
8959 -508.0000000000
8984 -507.0000000000
8986 -506.0000000000
8991 -505.0000000000
9017 -504.0000000000
9038 -503.0000000000
9067 -502.0000000000
9073 -501.0000000000
9079 -500.0000000000
9143 -499.0000000000
9144 -498.0000000000
9163 -497.0000000000
9166 -496.0000000000
9187 -495.0000000000
9188 -494.0000000000
9193 -493.0000000000
9196 -492.0000000000
9204 -491.0000000000
9206 -490.0000000000
9209 -489.0000000000
9224 -488.0000000000
9257 -487.0000000000
9259 -486.0000000000
9262 -484.0000000000
9263 -483.0000000000
9312 -482.0000000000
9369 -481.0000000000
9373 -480.0000000000
9399 -479.0000000000
9416 -478.0000000000
9455 -477.0000000000
9493 -476.0000000000
9530 -475.0000000000
9532 -474.0000000000
9535 -473.0000000000
9537 -472.0000000000
9569 -470.0000000000
9611 -469.0000000000
9648 -468.0000000000
9668 -467.0000000000
9687 -466.0000000000
9693 -465.0000000000
9700 -464.0000000000
9710 -463.0000000000
9734 -462.0000000000
9759 -461.0000000000
9768 -460.0000000000
9791 -459.0000000000
9818 -458.0000000000
9827 -457.0000000000
9830 -456.0000000000
9844 -455.0000000000
9891 -454.0000000000
9912 -453.0000000000
9944 -452.0000000000
9974 -451.0000000000
9983 -450.0000000000
9986 -449.0000000000
10000 -451.0000000000
evaluations raw_y
1 -1884.0000000000
9 -1883.0000000000
12 -1881.0000000000
16 -1880.0000000000
22 -1879.0000000000
31 -1878.0000000000
35 -1876.0000000000
36 -1875.0000000000
41 -1874.0000000000
45 -1872.0000000000
49 -1871.0000000000
51 -1870.0000000000
54 -1869.0000000000
55 -1868.0000000000
56 -1867.0000000000
62 -1866.0000000000
67 -1865.0000000000
68 -1864.0000000000
69 -1863.0000000000
72 -1862.0000000000
74 -1860.0000000000
75 -1859.0000000000
76 -1858.0000000000
84 -1857.0000000000
86 -1856.0000000000
88 -1855.0000000000
92 -1854.0000000000
102 -1853.0000000000
104 -1852.0000000000
111 -1851.0000000000
114 -1849.0000000000
116 -1848.0000000000
121 -1847.0000000000
125 -1846.0000000000
131 -1845.0000000000
133 -1842.0000000000
140 -1841.0000000000
142 -1840.0000000000
148 -1839.0000000000
151 -1837.0000000000
153 -1835.0000000000
160 -1833.0000000000
166 -1832.0000000000
173 -1831.0000000000
178 -1830.0000000000
183 -1829.0000000000
185 -1827.0000000000
207 -1826.0000000000
210 -1825.0000000000
216 -1824.0000000000
217 -1823.0000000000
234 -1822.0000000000
237 -1821.0000000000
240 -1819.0000000000
246 -1818.0000000000
249 -1816.0000000000
260 -1815.0000000000
261 -1813.0000000000
262 -1811.0000000000
263 -1809.0000000000
268 -1808.0000000000
270 -1807.0000000000
271 -1806.0000000000
274 -1805.0000000000
282 -1803.0000000000
288 -1802.0000000000
291 -1801.0000000000
293 -1800.0000000000
297 -1799.0000000000
298 -1798.0000000000
299 -1796.0000000000
304 -1794.0000000000
311 -1792.0000000000
319 -1791.0000000000
327 -1790.0000000000
328 -1789.0000000000
337 -1788.0000000000
344 -1787.0000000000
345 -1786.0000000000
349 -1784.0000000000
351 -1782.0000000000
356 -1781.0000000000
359 -1780.0000000000
368 -1779.0000000000
373 -1778.0000000000
378 -1777.0000000000
380 -1774.0000000000
381 -1773.0000000000
386 -1772.0000000000
392 -1771.0000000000
396 -1770.0000000000
399 -1768.0000000000
400 -1767.0000000000
412 -1766.0000000000
416 -1765.0000000000
420 -1763.0000000000
428 -1762.0000000000
431 -1760.0000000000
432 -1759.0000000000
438 -1758.0000000000
446 -1757.0000000000
449 -1756.0000000000
452 -1755.0000000000
455 -1754.0000000000
461 -1753.0000000000
468 -1752.0000000000
472 -1751.0000000000
476 -1748.0000000000
478 -1747.0000000000
479 -1746.0000000000
481 -1744.0000000000
488 -1743.0000000000
492 -1742.0000000000
502 -1741.0000000000
507 -1740.0000000000
512 -1739.0000000000
513 -1736.0000000000
515 -1735.0000000000
516 -1734.0000000000
526 -1732.0000000000
530 -1731.0000000000
536 -1730.0000000000
538 -1729.0000000000
541 -1728.0000000000
544 -1726.0000000000
545 -1725.0000000000
548 -1724.0000000000
552 -1723.0000000000
553 -1722.0000000000
557 -1721.0000000000
562 -1720.0000000000
566 -1719.0000000000
571 -1718.0000000000
573 -1717.0000000000
579 -1715.0000000000
590 -1714.0000000000
592 -1713.0000000000
595 -1711.0000000000
597 -1709.0000000000
598 -1708.0000000000
600 -1707.0000000000
616 -1706.0000000000
621 -1705.0000000000
623 -1704.0000000000
633 -1703.0000000000
635 -1702.0000000000
640 -1701.0000000000
643 -1700.0000000000
644 -1698.0000000000
650 -1696.0000000000
653 -1695.0000000000
658 -1694.0000000000
660 -1693.0000000000
667 -1692.0000000000
670 -1691.0000000000
675 -1689.0000000000
681 -1688.0000000000
689 -1687.0000000000
691 -1686.0000000000
697 -1685.0000000000
706 -1684.0000000000
714 -1683.0000000000
716 -1682.0000000000
729 -1680.0000000000
744 -1679.0000000000
745 -1678.0000000000
749 -1677.0000000000
762 -1676.0000000000
764 -1675.0000000000
766 -1673.0000000000
770 -1671.0000000000
774 -1670.0000000000
781 -1669.0000000000
783 -1668.0000000000
788 -1667.0000000000
789 -1666.0000000000
790 -1665.0000000000
794 -1664.0000000000
797 -1663.0000000000
798 -1662.0000000000
799 -1661.0000000000
806 -1659.0000000000
823 -1658.0000000000
827 -1657.0000000000
829 -1656.0000000000
830 -1655.0000000000
833 -1654.0000000000
835 -1653.0000000000
839 -1652.0000000000
841 -1651.0000000000
842 -1650.0000000000
843 -1648.0000000000
861 -1647.0000000000
863 -1646.0000000000
864 -1645.0000000000
865 -1643.0000000000
894 -1642.0000000000
902 -1641.0000000000
903 -1640.0000000000
906 -1637.0000000000
908 -1636.0000000000
911 -1635.0000000000
919 -1633.0000000000
923 -1632.0000000000
925 -1631.0000000000
928 -1629.0000000000
929 -1628.0000000000
930 -1627.0000000000
934 -1625.0000000000
936 -1624.0000000000
939 -1623.0000000000
943 -1622.0000000000
944 -1621.0000000000
945 -1620.0000000000
946 -1619.0000000000
948 -1618.0000000000
960 -1616.0000000000
962 -1615.0000000000
963 -1614.0000000000
966 -1613.0000000000
978 -1612.0000000000
979 -1611.0000000000
981 -1610.0000000000
982 -1609.0000000000
986 -1607.0000000000
996 -1606.0000000000
1000 -1605.0000000000
1002 -1602.0000000000
1004 -1601.0000000000
1007 -1600.0000000000
1012 -1599.0000000000
1017 -1598.0000000000
1034 -1597.0000000000
1040 -1596.0000000000
1041 -1595.0000000000
1045 -1594.0000000000
1046 -1593.0000000000
1048 -1592.0000000000
1049 -1591.0000000000
1050 -1590.0000000000
1076 -1589.0000000000
1082 -1588.0000000000
1087 -1587.0000000000
1100 -1585.0000000000
1120 -1584.0000000000
1121 -1583.0000000000
1122 -1582.0000000000
1139 -1581.0000000000
1142 -1580.0000000000
1157 -1579.0000000000
1160 -1578.0000000000
1167 -1577.0000000000
1169 -1576.0000000000
1172 -1574.0000000000
1177 -1573.0000000000
1187 -1571.0000000000
1199 -1570.0000000000
1200 -1568.0000000000
1206 -1567.0000000000
1209 -1566.0000000000
1212 -1565.0000000000
1215 -1564.0000000000
1217 -1563.0000000000
1225 -1562.0000000000
1227 -1561.0000000000
1249 -1560.0000000000
1254 -1559.0000000000
1255 -1558.0000000000
1263 -1557.0000000000
1264 -1556.0000000000
1265 -1555.0000000000
1272 -1554.0000000000
1274 -1553.0000000000
1277 -1552.0000000000
1279 -1551.0000000000
1301 -1550.0000000000
1303 -1549.0000000000
1321 -1548.0000000000
1324 -1547.0000000000
1326 -1546.0000000000
1328 -1545.0000000000
1329 -1544.0000000000
1332 -1542.0000000000
1335 -1541.0000000000
1337 -1539.0000000000
1338 -1538.0000000000
1354 -1537.0000000000
1355 -1536.0000000000
1357 -1534.0000000000
1363 -1533.0000000000
1364 -1532.0000000000
1365 -1530.0000000000
1366 -1528.0000000000
1371 -1527.0000000000
1377 -1526.0000000000
1378 -1525.0000000000
1392 -1523.0000000000
1393 -1522.0000000000
1399 -1521.0000000000
1406 -1520.0000000000
1410 -1519.0000000000
1414 -1518.0000000000
1419 -1517.0000000000
1422 -1516.0000000000
1438 -1514.0000000000
1440 -1513.0000000000
1441 -1511.0000000000
1442 -1510.0000000000
1443 -1509.0000000000
1444 -1507.0000000000
1451 -1505.0000000000
1456 -1504.0000000000
1460 -1503.0000000000
1465 -1502.0000000000
1470 -1501.0000000000
1471 -1498.0000000000
1475 -1497.0000000000
1477 -1496.0000000000
1479 -1495.0000000000
1485 -1493.0000000000
1492 -1492.0000000000
1496 -1491.0000000000
1498 -1490.0000000000
1509 -1489.0000000000
1516 -1488.0000000000
1518 -1487.0000000000
1520 -1485.0000000000
1523 -1484.0000000000
1533 -1483.0000000000
1540 -1482.0000000000
1544 -1481.0000000000
1550 -1480.0000000000
1551 -1479.0000000000
1557 -1478.0000000000
1562 -1477.0000000000
1568 -1476.0000000000
1569 -1475.0000000000
1571 -1474.0000000000
1577 -1472.0000000000
1578 -1471.0000000000
1583 -1469.0000000000
1586 -1468.0000000000
1588 -1467.0000000000
1592 -1466.0000000000
1594 -1465.0000000000
1596 -1464.0000000000
1610 -1463.0000000000
1611 -1462.0000000000
1622 -1460.0000000000
1634 -1459.0000000000
1635 -1458.0000000000
1643 -1457.0000000000
1647 -1456.0000000000
1651 -1455.0000000000
1653 -1454.0000000000
1656 -1453.0000000000
1660 -1452.0000000000
1694 -1451.0000000000
1695 -1450.0000000000
1706 -1449.0000000000
1709 -1448.0000000000
1710 -1446.0000000000
1714 -1445.0000000000
1717 -1444.0000000000
1721 -1443.0000000000
1729 -1442.0000000000
1743 -1441.0000000000
1750 -1440.0000000000
1754 -1438.0000000000
1777 -1437.0000000000
1782 -1436.0000000000
1787 -1435.0000000000
1789 -1434.0000000000
1795 -1432.0000000000
1800 -1431.0000000000
1802 -1430.0000000000
1804 -1429.0000000000
1815 -1427.0000000000
1816 -1424.0000000000
1819 -1423.0000000000
1848 -1422.0000000000
1856 -1421.0000000000
1867 -1420.0000000000
1869 -1419.0000000000
1871 -1418.0000000000
1873 -1417.0000000000
1874 -1416.0000000000
1877 -1415.0000000000
1880 -1414.0000000000
1883 -1413.0000000000
1890 -1411.0000000000
1891 -1410.0000000000
1894 -1409.0000000000
1918 -1408.0000000000
1920 -1407.0000000000
1928 -1406.0000000000
1929 -1405.0000000000
1932 -1403.0000000000
1934 -1402.0000000000
1937 -1399.0000000000
1943 -1398.0000000000
1945 -1397.0000000000
1957 -1396.0000000000
1958 -1395.0000000000
1959 -1394.0000000000
1962 -1393.0000000000
1981 -1392.0000000000
1994 -1391.0000000000
2000 -1390.0000000000
2008 -1389.0000000000
2014 -1388.0000000000
2021 -1387.0000000000
2024 -1385.0000000000
2025 -1383.0000000000
2029 -1381.0000000000
2033 -1380.0000000000
2042 -1379.0000000000
2043 -1378.0000000000
2044 -1377.0000000000
2054 -1376.0000000000
2057 -1375.0000000000
2072 -1374.0000000000
2078 -1373.0000000000
2079 -1370.0000000000
2082 -1368.0000000000
2084 -1367.0000000000
2104 -1366.0000000000
2107 -1365.0000000000
2134 -1364.0000000000
2137 -1363.0000000000
2139 -1362.0000000000
2142 -1361.0000000000
2146 -1360.0000000000
2162 -1359.0000000000
2170 -1358.0000000000
2172 -1357.0000000000
2188 -1354.0000000000
2190 -1353.0000000000
2196 -1351.0000000000
2203 -1350.0000000000
2206 -1349.0000000000
2218 -1348.0000000000
2220 -1347.0000000000
2228 -1346.0000000000
2250 -1345.0000000000
2252 -1344.0000000000
2257 -1343.0000000000
2270 -1342.0000000000
2275 -1341.0000000000
2282 -1340.0000000000
2283 -1339.0000000000
2287 -1338.0000000000
2295 -1336.0000000000
2300 -1335.0000000000
2301 -1334.0000000000
2306 -1333.0000000000
2313 -1332.0000000000
2360 -1331.0000000000
2361 -1330.0000000000
2364 -1329.0000000000
2365 -1328.0000000000
2369 -1327.0000000000
2371 -1326.0000000000
2376 -1325.0000000000
2392 -1324.0000000000
2393 -1323.0000000000
2395 -1322.0000000000
2401 -1321.0000000000
2402 -1320.0000000000
2405 -1318.0000000000
2411 -1317.0000000000
2414 -1316.0000000000
2415 -1315.0000000000
2417 -1314.0000000000
2428 -1313.0000000000
2435 -1312.0000000000
2437 -1311.0000000000
2447 -1310.0000000000
2448 -1309.0000000000
2449 -1308.0000000000
2454 -1307.0000000000
2458 -1306.0000000000
2465 -1305.0000000000
2467 -1304.0000000000
2479 -1303.0000000000
2487 -1301.0000000000
2494 -1299.0000000000
2497 -1298.0000000000
2502 -1297.0000000000
2515 -1296.0000000000
2526 -1295.0000000000
2530 -1294.0000000000
2550 -1293.0000000000
2552 -1291.0000000000
2558 -1290.0000000000
2559 -1289.0000000000
2568 -1288.0000000000
2579 -1287.0000000000
2585 -1286.0000000000
2587 -1284.0000000000
2598 -1283.0000000000
2600 -1282.0000000000
2603 -1281.0000000000
2612 -1280.0000000000
2615 -1279.0000000000
2616 -1278.0000000000
2621 -1276.0000000000
2625 -1275.0000000000
2640 -1274.0000000000
2646 -1273.0000000000
2648 -1272.0000000000
2652 -1271.0000000000
2654 -1270.0000000000
2655 -1269.0000000000
2660 -1268.0000000000
2664 -1267.0000000000
2667 -1266.0000000000
2668 -1265.0000000000
2675 -1264.0000000000
2677 -1263.0000000000
2715 -1262.0000000000
2728 -1260.0000000000
2735 -1259.0000000000
2736 -1258.0000000000
2740 -1257.0000000000
2751 -1256.0000000000
2752 -1255.0000000000
2765 -1254.0000000000
2774 -1253.0000000000
2775 -1252.0000000000
2786 -1251.0000000000
2791 -1250.0000000000
2813 -1249.0000000000
2818 -1248.0000000000
2820 -1246.0000000000
2822 -1245.0000000000
2840 -1244.0000000000
2841 -1242.0000000000
2850 -1241.0000000000
2862 -1240.0000000000
2863 -1238.0000000000
2871 -1237.0000000000
2878 -1236.0000000000
2879 -1235.0000000000
2880 -1234.0000000000
2882 -1232.0000000000
2889 -1231.0000000000
2890 -1230.0000000000
2898 -1229.0000000000
2899 -1228.0000000000
2901 -1227.0000000000
2907 -1225.0000000000
2928 -1224.0000000000
2931 -1223.0000000000
2939 -1222.0000000000
2942 -1221.0000000000
2969 -1220.0000000000
2981 -1219.0000000000
2991 -1218.0000000000
2997 -1217.0000000000
2999 -1216.0000000000
3002 -1215.0000000000
3007 -1214.0000000000
3009 -1213.0000000000
3014 -1212.0000000000
3019 -1211.0000000000
3030 -1210.0000000000
3046 -1209.0000000000
3061 -1208.0000000000
3063 -1207.0000000000
3074 -1206.0000000000
3076 -1205.0000000000
3083 -1204.0000000000
3087 -1203.0000000000
3088 -1202.0000000000
3090 -1201.0000000000
3093 -1200.0000000000
3098 -1199.0000000000
3099 -1198.0000000000
3101 -1197.0000000000
3115 -1196.0000000000
3116 -1195.0000000000
3120 -1194.0000000000
3129 -1193.0000000000
3135 -1192.0000000000
3147 -1191.0000000000
3152 -1190.0000000000
3160 -1189.0000000000
3163 -1188.0000000000
3168 -1187.0000000000
3193 -1186.0000000000
3198 -1185.0000000000
3201 -1184.0000000000
3203 -1182.0000000000
3209 -1181.0000000000
3238 -1180.0000000000
3244 -1178.0000000000
3247 -1177.0000000000
3248 -1175.0000000000
3251 -1174.0000000000
3266 -1173.0000000000
3290 -1172.0000000000
3308 -1171.0000000000
3310 -1170.0000000000
3312 -1169.0000000000
3327 -1168.0000000000
3329 -1167.0000000000
3335 -1165.0000000000
3346 -1164.0000000000
3349 -1163.0000000000
3355 -1162.0000000000
3357 -1161.0000000000
3358 -1160.0000000000
3365 -1159.0000000000
3381 -1158.0000000000
3383 -1157.0000000000
3415 -1156.0000000000
3441 -1155.0000000000
3443 -1154.0000000000
3447 -1153.0000000000
3448 -1152.0000000000
3449 -1149.0000000000
3452 -1147.0000000000
3458 -1146.0000000000
3464 -1145.0000000000
3472 -1144.0000000000
3477 -1143.0000000000
3478 -1141.0000000000
3484 -1140.0000000000
3489 -1138.0000000000
3504 -1136.0000000000
3505 -1135.0000000000
3506 -1134.0000000000
3510 -1133.0000000000
3511 -1132.0000000000
3513 -1131.0000000000
3522 -1130.0000000000
3523 -1129.0000000000
3528 -1128.0000000000
3533 -1127.0000000000
3534 -1125.0000000000
3539 -1124.0000000000
3545 -1122.0000000000
3552 -1121.0000000000
3555 -1120.0000000000
3561 -1118.0000000000
3577 -1117.0000000000
3580 -1115.0000000000
3585 -1114.0000000000
3590 -1113.0000000000
3604 -1112.0000000000
3606 -1111.0000000000
3611 -1110.0000000000
3633 -1109.0000000000
3634 -1108.0000000000
3636 -1106.0000000000
3639 -1105.0000000000
3641 -1104.0000000000
3647 -1103.0000000000
3651 -1102.0000000000
3662 -1100.0000000000
3667 -1099.0000000000
3674 -1098.0000000000
3676 -1097.0000000000
3687 -1096.0000000000
3693 -1095.0000000000
3706 -1094.0000000000
3725 -1093.0000000000
3739 -1092.0000000000
3742 -1091.0000000000
3745 -1090.0000000000
3749 -1089.0000000000
3756 -1088.0000000000
3766 -1087.0000000000
3769 -1086.0000000000
3773 -1085.0000000000
3784 -1084.0000000000
3802 -1082.0000000000
3810 -1081.0000000000
3815 -1079.0000000000
3832 -1078.0000000000
3858 -1076.0000000000
3867 -1075.0000000000
3871 -1074.0000000000
3880 -1073.0000000000
3884 -1072.0000000000
3891 -1071.0000000000
3892 -1070.0000000000
3902 -1069.0000000000
3904 -1068.0000000000
3936 -1066.0000000000
3950 -1065.0000000000
3956 -1063.0000000000
3961 -1062.0000000000
3974 -1061.0000000000
3986 -1060.0000000000
3993 -1059.0000000000
4001 -1058.0000000000
4013 -1055.0000000000
4014 -1054.0000000000
4018 -1053.0000000000
4029 -1052.0000000000
4036 -1050.0000000000
4040 -1048.0000000000
4065 -1047.0000000000
4073 -1046.0000000000
4079 -1044.0000000000
4109 -1043.0000000000
4110 -1042.0000000000
4113 -1041.0000000000
4116 -1040.0000000000
4122 -1038.0000000000
4135 -1036.0000000000
4141 -1035.0000000000
4144 -1034.0000000000
4147 -1033.0000000000
4156 -1032.0000000000
4160 -1031.0000000000
4167 -1030.0000000000
4173 -1029.0000000000
4176 -1028.0000000000
4182 -1027.0000000000
4196 -1026.0000000000
4200 -1025.0000000000
4216 -1024.0000000000
4217 -1023.0000000000
4230 -1022.0000000000
4242 -1021.0000000000
4252 -1020.0000000000
4256 -1019.0000000000
4261 -1018.0000000000
4263 -1017.0000000000
4279 -1016.0000000000
4290 -1015.0000000000
4292 -1014.0000000000
4296 -1013.0000000000
4306 -1012.0000000000
4313 -1011.0000000000
4315 -1010.0000000000
4317 -1009.0000000000
4324 -1008.0000000000
4327 -1007.0000000000
4331 -1006.0000000000
4345 -1005.0000000000
4347 -1004.0000000000
4348 -1003.0000000000
4349 -1002.0000000000
4362 -1001.0000000000
4372 -999.0000000000
4375 -998.0000000000
4381 -997.0000000000
4387 -996.0000000000
4392 -994.0000000000
4403 -993.0000000000
4406 -992.0000000000
4415 -990.0000000000
4417 -989.0000000000
4421 -988.0000000000
4426 -987.0000000000
4479 -986.0000000000
4496 -985.0000000000
4499 -984.0000000000
4505 -983.0000000000
4509 -982.0000000000
4511 -981.0000000000
4543 -980.0000000000
4560 -979.0000000000
4561 -978.0000000000
4563 -977.0000000000
4564 -976.0000000000
4568 -975.0000000000
4581 -974.0000000000
4595 -973.0000000000
4610 -971.0000000000
4613 -970.0000000000
4623 -969.0000000000
4637 -967.0000000000
4650 -966.0000000000
4660 -964.0000000000
4665 -963.0000000000
4667 -962.0000000000
4676 -960.0000000000
4680 -959.0000000000
4687 -958.0000000000
4697 -957.0000000000
4700 -956.0000000000
4712 -955.0000000000
4722 -954.0000000000
4731 -953.0000000000
4735 -952.0000000000
4737 -951.0000000000
4741 -950.0000000000
4742 -949.0000000000
4743 -947.0000000000
4753 -944.0000000000
4763 -943.0000000000
4769 -942.0000000000
4770 -940.0000000000
4773 -939.0000000000
4778 -938.0000000000
4781 -937.0000000000
4804 -936.0000000000
4809 -935.0000000000
4811 -934.0000000000
4819 -933.0000000000
4821 -932.0000000000
4829 -931.0000000000
4837 -930.0000000000
4838 -929.0000000000
4840 -928.0000000000
4847 -926.0000000000
4876 -924.0000000000
4884 -923.0000000000
4886 -921.0000000000
4887 -920.0000000000
4902 -918.0000000000
4916 -917.0000000000
4935 -916.0000000000
4939 -914.0000000000
4941 -913.0000000000
4945 -911.0000000000
4961 -910.0000000000
4976 -909.0000000000
4987 -908.0000000000
4994 -907.0000000000
4999 -906.0000000000
5003 -905.0000000000
5015 -904.0000000000
5024 -902.0000000000
5026 -901.0000000000
5035 -899.0000000000
5046 -898.0000000000
5072 -897.0000000000
5076 -896.0000000000
5082 -895.0000000000
5086 -894.0000000000
5097 -893.0000000000
5111 -891.0000000000
5112 -890.0000000000
5117 -889.0000000000
5127 -888.0000000000
5142 -886.0000000000
5144 -885.0000000000
5148 -884.0000000000
5150 -882.0000000000
5167 -881.0000000000
5168 -880.0000000000
5170 -879.0000000000
5174 -878.0000000000
5175 -877.0000000000
5187 -874.0000000000
5196 -873.0000000000
5205 -871.0000000000
5210 -870.0000000000
5216 -869.0000000000
5217 -868.0000000000
5225 -867.0000000000
5226 -866.0000000000
5244 -865.0000000000
5253 -864.0000000000
5256 -863.0000000000
5258 -862.0000000000
5273 -861.0000000000
5276 -860.0000000000
5277 -859.0000000000
5279 -858.0000000000
5290 -857.0000000000
5294 -855.0000000000
5298 -854.0000000000
5305 -853.0000000000
5318 -852.0000000000
5328 -851.0000000000
5345 -850.0000000000
5376 -849.0000000000
5388 -848.0000000000
5393 -847.0000000000
5406 -846.0000000000
5426 -845.0000000000
5429 -844.0000000000
5458 -843.0000000000
5464 -842.0000000000
5472 -840.0000000000
5490 -839.0000000000
5493 -838.0000000000
5505 -837.0000000000
5524 -836.0000000000
5525 -835.0000000000
5532 -834.0000000000
5537 -833.0000000000
5549 -832.0000000000
5554 -831.0000000000
5562 -830.0000000000
5564 -829.0000000000
5566 -828.0000000000
5581 -827.0000000000
5603 -826.0000000000
5616 -824.0000000000
5632 -823.0000000000
5637 -821.0000000000
5639 -820.0000000000
5644 -818.0000000000
5647 -817.0000000000
5675 -816.0000000000
5676 -815.0000000000
5687 -813.0000000000
5689 -812.0000000000
5700 -811.0000000000
5706 -810.0000000000
5724 -808.0000000000
5734 -807.0000000000
5739 -806.0000000000
5749 -805.0000000000
5751 -803.0000000000
5778 -802.0000000000
5780 -801.0000000000
5787 -800.0000000000
5793 -799.0000000000
5794 -798.0000000000
5796 -796.0000000000
5801 -794.0000000000
5814 -792.0000000000
5830 -791.0000000000
5834 -790.0000000000
5859 -789.0000000000
5860 -788.0000000000
5861 -786.0000000000
5865 -785.0000000000
5909 -784.0000000000
5938 -783.0000000000
5946 -782.0000000000
5966 -780.0000000000
5968 -779.0000000000
5970 -778.0000000000
5972 -776.0000000000
5991 -775.0000000000
5994 -774.0000000000
6025 -772.0000000000
6050 -771.0000000000
6056 -770.0000000000
6061 -769.0000000000
6080 -768.0000000000
6089 -767.0000000000
6096 -766.0000000000
6100 -765.0000000000
6121 -764.0000000000
6122 -763.0000000000
6130 -761.0000000000
6131 -760.0000000000
6132 -759.0000000000
6135 -758.0000000000
6139 -757.0000000000
6150 -756.0000000000
6153 -755.0000000000
6154 -754.0000000000
6165 -753.0000000000
6167 -752.0000000000
6186 -751.0000000000
6191 -750.0000000000
6205 -749.0000000000
6206 -748.0000000000
6235 -747.0000000000
6244 -746.0000000000
6260 -745.0000000000
6265 -744.0000000000
6270 -743.0000000000
6300 -742.0000000000
6342 -741.0000000000
6349 -740.0000000000
6350 -739.0000000000
6359 -738.0000000000
6366 -737.0000000000
6380 -736.0000000000
6387 -735.0000000000
6391 -734.0000000000
6395 -733.0000000000
6401 -731.0000000000
6403 -730.0000000000
6410 -729.0000000000
6433 -728.0000000000
6438 -727.0000000000
6440 -726.0000000000
6452 -725.0000000000
6458 -724.0000000000
6477 -723.0000000000
6480 -721.0000000000
6484 -720.0000000000
6491 -718.0000000000
6495 -717.0000000000
6512 -716.0000000000
6515 -714.0000000000
6519 -713.0000000000
6552 -712.0000000000
6561 -711.0000000000
6562 -710.0000000000
6565 -709.0000000000
6567 -708.0000000000
6583 -706.0000000000
6588 -705.0000000000
6624 -704.0000000000
6633 -703.0000000000
6647 -702.0000000000
6652 -701.0000000000
6659 -700.0000000000
6663 -699.0000000000
6680 -698.0000000000
6692 -697.0000000000
6703 -696.0000000000
6708 -695.0000000000
6710 -694.0000000000
6726 -693.0000000000
6745 -692.0000000000
6748 -691.0000000000
6757 -690.0000000000
6800 -689.0000000000
6820 -688.0000000000
6864 -686.0000000000
6876 -685.0000000000
6889 -684.0000000000
6915 -683.0000000000
6921 -682.0000000000
6928 -681.0000000000
6929 -680.0000000000
6931 -679.0000000000
6938 -678.0000000000
6947 -677.0000000000
6951 -676.0000000000
6989 -675.0000000000
6994 -674.0000000000
7004 -673.0000000000
7011 -672.0000000000
7022 -671.0000000000
7064 -670.0000000000
7085 -669.0000000000
7086 -667.0000000000
7101 -665.0000000000
7112 -664.0000000000
7114 -663.0000000000
7118 -662.0000000000
7122 -661.0000000000
7127 -660.0000000000
7132 -658.0000000000
7146 -657.0000000000
7151 -655.0000000000
7156 -654.0000000000
7159 -653.0000000000
7160 -652.0000000000
7189 -651.0000000000
7196 -650.0000000000
7209 -649.0000000000
7210 -648.0000000000
7216 -647.0000000000
7226 -646.0000000000
7245 -645.0000000000
7256 -644.0000000000
7263 -643.0000000000
7265 -642.0000000000
7271 -640.0000000000
7287 -638.0000000000
7300 -637.0000000000
7308 -636.0000000000
7335 -635.0000000000
7338 -634.0000000000
7360 -633.0000000000
7365 -631.0000000000
7375 -630.0000000000
7389 -629.0000000000
7400 -628.0000000000
7408 -627.0000000000
7424 -626.0000000000
7429 -625.0000000000
7450 -624.0000000000
7453 -623.0000000000
7467 -622.0000000000
7469 -621.0000000000
7480 -620.0000000000
7490 -619.0000000000
7503 -618.0000000000
7506 -617.0000000000
7527 -616.0000000000
7528 -615.0000000000
7542 -614.0000000000
7550 -613.0000000000
7556 -612.0000000000
7562 -611.0000000000
7576 -610.0000000000
7578 -609.0000000000
7589 -608.0000000000
7594 -607.0000000000
7614 -606.0000000000
7623 -605.0000000000
7626 -604.0000000000
7634 -603.0000000000
7645 -602.0000000000
7665 -601.0000000000
7674 -600.0000000000
7677 -599.0000000000
7686 -598.0000000000
7687 -597.0000000000
7689 -596.0000000000
7693 -595.0000000000
7697 -594.0000000000
7703 -593.0000000000
7711 -592.0000000000
7737 -591.0000000000
7744 -589.0000000000
7757 -588.0000000000
7806 -587.0000000000
7816 -586.0000000000
7821 -585.0000000000
7834 -584.0000000000
7842 -582.0000000000
7848 -581.0000000000
7868 -578.0000000000
7887 -577.0000000000
7892 -576.0000000000
7896 -575.0000000000
7898 -574.0000000000
7932 -573.0000000000
7943 -572.0000000000
7968 -571.0000000000
7972 -570.0000000000
7975 -569.0000000000
7991 -567.0000000000
7999 -566.0000000000
8002 -565.0000000000
8010 -564.0000000000
8017 -563.0000000000
8036 -562.0000000000
8076 -561.0000000000
8082 -560.0000000000
8083 -559.0000000000
8107 -558.0000000000
8126 -557.0000000000
8133 -556.0000000000
8139 -555.0000000000
8171 -554.0000000000
8176 -553.0000000000
8190 -552.0000000000
8195 -551.0000000000
8221 -550.0000000000
8245 -549.0000000000
8249 -548.0000000000
8261 -547.0000000000
8268 -546.0000000000
8270 -545.0000000000
8293 -544.0000000000
8296 -543.0000000000
8299 -542.0000000000
8320 -541.0000000000
8323 -540.0000000000
8325 -539.0000000000
8329 -538.0000000000
8360 -537.0000000000
8389 -536.0000000000
8410 -535.0000000000
8413 -534.0000000000
8429 -533.0000000000
8432 -532.0000000000
8438 -531.0000000000
8480 -530.0000000000
8493 -529.0000000000
8494 -527.0000000000
8497 -526.0000000000
8498 -525.0000000000
8502 -524.0000000000
8508 -523.0000000000
8514 -522.0000000000
8551 -521.0000000000
8556 -520.0000000000
8561 -519.0000000000
8601 -518.0000000000
8613 -517.0000000000
8616 -516.0000000000
8635 -515.0000000000
8688 -514.0000000000
8692 -513.0000000000
8700 -512.0000000000
8703 -511.0000000000
8716 -510.0000000000
8717 -509.0000000000
8724 -508.0000000000
8749 -507.0000000000
8753 -505.0000000000
8785 -504.0000000000
8825 -503.0000000000
8842 -502.0000000000
8859 -501.0000000000
8918 -500.0000000000
8940 -499.0000000000
8941 -498.0000000000
8957 -497.0000000000
8983 -496.0000000000
8996 -495.0000000000
8997 -494.0000000000
9012 -492.0000000000
9036 -491.0000000000
9053 -490.0000000000
9084 -489.0000000000
9107 -488.0000000000
9174 -487.0000000000
9177 -486.0000000000
9189 -485.0000000000
9195 -484.0000000000
9231 -482.0000000000
9246 -481.0000000000
9250 -480.0000000000
9349 -479.0000000000
9359 -478.0000000000
9386 -477.0000000000
9405 -476.0000000000
9415 -475.0000000000
9470 -474.0000000000
9500 -472.0000000000
9509 -471.0000000000
9564 -470.0000000000
9569 -469.0000000000
9574 -468.0000000000
9581 -467.0000000000
9617 -466.0000000000
9622 -465.0000000000
9623 -464.0000000000
9629 -463.0000000000
9631 -462.0000000000
9633 -461.0000000000
9648 -460.0000000000
9667 -459.0000000000
9693 -458.0000000000
9712 -457.0000000000
9736 -456.0000000000
9745 -455.0000000000
9787 -454.0000000000
9809 -453.0000000000
9832 -452.0000000000
9863 -451.0000000000
9891 -450.0000000000
9914 -448.0000000000
9930 -447.0000000000
9949 -445.0000000000
9955 -444.0000000000
9960 -443.0000000000
10000 -443.0000000000
evaluations raw_y
1 -1893.0000000000
3 -1892.0000000000
4 -1891.0000000000
17 -1890.0000000000
20 -1889.0000000000
21 -1888.0000000000
22 -1887.0000000000
24 -1886.0000000000
27 -1885.0000000000
29 -1884.0000000000
37 -1880.0000000000
40 -1879.0000000000
50 -1878.0000000000
54 -1877.0000000000
58 -1875.0000000000
67 -1874.0000000000
70 -1873.0000000000
78 -1872.0000000000
81 -1871.0000000000
83 -1869.0000000000
86 -1865.0000000000
88 -1864.0000000000
94 -1863.0000000000
96 -1862.0000000000
97 -1860.0000000000
99 -1859.0000000000
101 -1858.0000000000
118 -1856.0000000000
122 -1855.0000000000
134 -1854.0000000000
135 -1852.0000000000
143 -1851.0000000000
144 -1850.0000000000
153 -1849.0000000000
156 -1848.0000000000
163 -1846.0000000000
165 -1844.0000000000
167 -1843.0000000000
169 -1842.0000000000
173 -1841.0000000000
176 -1840.0000000000
177 -1839.0000000000
182 -1837.0000000000
184 -1834.0000000000
187 -1831.0000000000
191 -1830.0000000000
192 -1829.0000000000
198 -1828.0000000000
199 -1827.0000000000
210 -1825.0000000000
212 -1824.0000000000
217 -1823.0000000000
233 -1822.0000000000
234 -1821.0000000000
235 -1820.0000000000
237 -1818.0000000000
244 -1817.0000000000
248 -1815.0000000000
250 -1813.0000000000
255 -1811.0000000000
259 -1810.0000000000
261 -1809.0000000000
263 -1808.0000000000
267 -1807.0000000000
268 -1806.0000000000
270 -1805.0000000000
275 -1803.0000000000
276 -1802.0000000000
279 -1800.0000000000
289 -1799.0000000000
292 -1798.0000000000
293 -1797.0000000000
294 -1796.0000000000
296 -1794.0000000000
306 -1793.0000000000
307 -1792.0000000000
312 -1791.0000000000
314 -1790.0000000000
316 -1789.0000000000
317 -1788.0000000000
321 -1787.0000000000
325 -1786.0000000000
332 -1784.0000000000
334 -1783.0000000000
335 -1782.0000000000
336 -1780.0000000000
347 -1779.0000000000
349 -1778.0000000000
357 -1777.0000000000
358 -1776.0000000000
360 -1775.0000000000
362 -1773.0000000000
379 -1772.0000000000
380 -1771.0000000000
385 -1770.0000000000
390 -1769.0000000000
394 -1768.0000000000
397 -1767.0000000000
399 -1766.0000000000
400 -1763.0000000000
402 -1762.0000000000
404 -1761.0000000000
408 -1760.0000000000
414 -1759.0000000000
416 -1758.0000000000
422 -1757.0000000000
428 -1756.0000000000
438 -1755.0000000000
444 -1754.0000000000
446 -1752.0000000000
452 -1751.0000000000
462 -1750.0000000000
468 -1749.0000000000
482 -1748.0000000000
488 -1746.0000000000
491 -1745.0000000000
494 -1744.0000000000
495 -1742.0000000000
506 -1741.0000000000
511 -1740.0000000000
513 -1739.0000000000
514 -1738.0000000000
519 -1737.0000000000
526 -1736.0000000000
530 -1735.0000000000
533 -1733.0000000000
536 -1732.0000000000
541 -1731.0000000000
553 -1730.0000000000
554 -1729.0000000000
556 -1728.0000000000
565 -1727.0000000000
569 -1726.0000000000
572 -1725.0000000000
577 -1724.0000000000
578 -1723.0000000000
579 -1722.0000000000
580 -1721.0000000000
582 -1719.0000000000
592 -1718.0000000000
598 -1717.0000000000
602 -1716.0000000000
604 -1715.0000000000
609 -1714.0000000000
610 -1713.0000000000
616 -1712.0000000000
619 -1711.0000000000
622 -1710.0000000000
623 -1709.0000000000
626 -1708.0000000000
629 -1706.0000000000
631 -1704.0000000000
638 -1703.0000000000
639 -1702.0000000000
648 -1701.0000000000
652 -1700.0000000000
654 -1699.0000000000
658 -1698.0000000000
663 -1697.0000000000
669 -1696.0000000000
670 -1695.0000000000
671 -1694.0000000000
672 -1693.0000000000
675 -1692.0000000000
676 -1691.0000000000
678 -1690.0000000000
685 -1689.0000000000
690 -1688.0000000000
692 -1687.0000000000
701 -1686.0000000000
708 -1685.0000000000
709 -1684.0000000000
711 -1683.0000000000
712 -1682.0000000000
719 -1681.0000000000
721 -1680.0000000000
723 -1678.0000000000
725 -1677.0000000000
736 -1676.0000000000
745 -1675.0000000000
746 -1673.0000000000
755 -1672.0000000000
756 -1671.0000000000
768 -1670.0000000000
771 -1669.0000000000
772 -1668.0000000000
773 -1667.0000000000
779 -1666.0000000000
783 -1665.0000000000
786 -1664.0000000000
789 -1663.0000000000
790 -1661.0000000000
794 -1660.0000000000
795 -1659.0000000000
796 -1658.0000000000
798 -1657.0000000000
802 -1656.0000000000
814 -1654.0000000000
821 -1653.0000000000
825 -1652.0000000000
827 -1650.0000000000
850 -1649.0000000000
851 -1648.0000000000
854 -1647.0000000000
855 -1646.0000000000
861 -1645.0000000000
862 -1644.0000000000
864 -1643.0000000000
866 -1642.0000000000
869 -1641.0000000000
871 -1640.0000000000
877 -1638.0000000000
879 -1637.0000000000
891 -1636.0000000000
892 -1635.0000000000
897 -1634.0000000000
905 -1633.0000000000
906 -1632.0000000000
907 -1631.0000000000
908 -1630.0000000000
910 -1629.0000000000
915 -1628.0000000000
916 -1627.0000000000
921 -1626.0000000000
932 -1625.0000000000
937 -1624.0000000000
940 -1623.0000000000
947 -1622.0000000000
953 -1621.0000000000
954 -1620.0000000000
957 -1619.0000000000
961 -1617.0000000000
963 -1616.0000000000
965 -1614.0000000000
968 -1613.0000000000
971 -1611.0000000000
972 -1610.0000000000
973 -1609.0000000000
978 -1608.0000000000
980 -1607.0000000000
981 -1606.0000000000
984 -1605.0000000000
987 -1604.0000000000
995 -1602.0000000000
997 -1601.0000000000
998 -1600.0000000000
1006 -1598.0000000000
1008 -1596.0000000000
1009 -1595.0000000000
1013 -1594.0000000000
1031 -1593.0000000000
1035 -1591.0000000000
1040 -1589.0000000000
1044 -1588.0000000000
1048 -1587.0000000000
1056 -1585.0000000000
1062 -1584.0000000000
1063 -1583.0000000000
1067 -1582.0000000000
1069 -1581.0000000000
1076 -1580.0000000000
1081 -1579.0000000000
1083 -1577.0000000000
1084 -1576.0000000000
1094 -1575.0000000000
1098 -1574.0000000000
1100 -1573.0000000000
1104 -1572.0000000000
1107 -1570.0000000000
1113 -1569.0000000000
1123 -1568.0000000000
1124 -1567.0000000000
1126 -1566.0000000000
1135 -1565.0000000000
1136 -1564.0000000000
1141 -1563.0000000000
1144 -1562.0000000000
1146 -1561.0000000000
1157 -1560.0000000000
1162 -1559.0000000000
1174 -1557.0000000000
1177 -1556.0000000000
1184 -1555.0000000000
1192 -1553.0000000000
1194 -1551.0000000000
1198 -1550.0000000000
1199 -1549.0000000000
1200 -1547.0000000000
1203 -1546.0000000000
1204 -1545.0000000000
1214 -1544.0000000000
1215 -1543.0000000000
1218 -1542.0000000000
1219 -1541.0000000000
1222 -1540.0000000000
1228 -1539.0000000000
1236 -1538.0000000000
1245 -1537.0000000000
1246 -1535.0000000000
1248 -1534.0000000000
1256 -1533.0000000000
1265 -1532.0000000000
1282 -1531.0000000000
1284 -1529.0000000000
1287 -1528.0000000000
1288 -1527.0000000000
1290 -1526.0000000000
1291 -1524.0000000000
1298 -1523.0000000000
1308 -1522.0000000000
1313 -1521.0000000000
1316 -1520.0000000000
1321 -1519.0000000000
1331 -1518.0000000000
1333 -1517.0000000000
1336 -1516.0000000000
1337 -1515.0000000000
1342 -1514.0000000000
1343 -1513.0000000000
1345 -1512.0000000000
1347 -1511.0000000000
1350 -1510.0000000000
1357 -1509.0000000000
1366 -1508.0000000000
1379 -1507.0000000000
1385 -1506.0000000000
1390 -1505.0000000000
1397 -1504.0000000000
1401 -1503.0000000000
1418 -1502.0000000000
1421 -1501.0000000000
1428 -1499.0000000000
1430 -1498.0000000000
1439 -1497.0000000000
1442 -1495.0000000000
1444 -1494.0000000000
1457 -1493.0000000000
1458 -1492.0000000000
1460 -1491.0000000000
1463 -1490.0000000000
1472 -1489.0000000000
1476 -1488.0000000000
1484 -1487.0000000000
1497 -1486.0000000000
1500 -1485.0000000000
1506 -1484.0000000000
1507 -1483.0000000000
1509 -1480.0000000000
1520 -1479.0000000000
1522 -1478.0000000000
1531 -1477.0000000000
1537 -1476.0000000000
1548 -1475.0000000000
1551 -1474.0000000000
1553 -1473.0000000000
1556 -1471.0000000000
1564 -1470.0000000000
1567 -1469.0000000000
1570 -1466.0000000000
1591 -1465.0000000000
1594 -1464.0000000000
1599 -1463.0000000000
1604 -1462.0000000000
1606 -1461.0000000000
1610 -1460.0000000000
1625 -1459.0000000000
1629 -1458.0000000000
1630 -1457.0000000000
1633 -1456.0000000000
1645 -1455.0000000000
1658 -1454.0000000000
1662 -1452.0000000000
1674 -1450.0000000000
1676 -1449.0000000000
1680 -1448.0000000000
1689 -1446.0000000000
1692 -1444.0000000000
1704 -1443.0000000000
1705 -1442.0000000000
1708 -1441.0000000000
1716 -1439.0000000000
1719 -1437.0000000000
1730 -1436.0000000000
1734 -1434.0000000000
1735 -1433.0000000000
1741 -1432.0000000000
1746 -1431.0000000000
1747 -1430.0000000000
1760 -1429.0000000000
1761 -1428.0000000000
1768 -1427.0000000000
1770 -1424.0000000000
1773 -1423.0000000000
1779 -1422.0000000000
1788 -1421.0000000000
1789 -1420.0000000000
1790 -1419.0000000000
1793 -1418.0000000000
1797 -1417.0000000000
1799 -1416.0000000000
1800 -1414.0000000000
1802 -1413.0000000000
1806 -1412.0000000000
1811 -1411.0000000000
1813 -1410.0000000000
1818 -1408.0000000000
1824 -1407.0000000000
1826 -1406.0000000000
1833 -1405.0000000000
1839 -1404.0000000000
1844 -1403.0000000000
1845 -1402.0000000000
1847 -1401.0000000000
1848 -1400.0000000000
1849 -1399.0000000000
1851 -1398.0000000000
1853 -1397.0000000000
1856 -1396.0000000000
1859 -1395.0000000000
1862 -1394.0000000000
1863 -1393.0000000000
1869 -1392.0000000000
1872 -1391.0000000000
1884 -1390.0000000000
1885 -1389.0000000000
1888 -1388.0000000000
1892 -1387.0000000000
1896 -1386.0000000000
1897 -1385.0000000000
1901 -1382.0000000000
1903 -1381.0000000000
1904 -1380.0000000000
1905 -1379.0000000000
1908 -1377.0000000000
1922 -1376.0000000000
1934 -1374.0000000000
1935 -1372.0000000000
1936 -1371.0000000000
1940 -1370.0000000000
1952 -1369.0000000000
1960 -1368.0000000000
1962 -1367.0000000000
1963 -1366.0000000000
1969 -1365.0000000000
1971 -1364.0000000000
1978 -1363.0000000000
1980 -1362.0000000000
1981 -1361.0000000000
1988 -1360.0000000000
1989 -1359.0000000000
1996 -1358.0000000000
2007 -1357.0000000000
2008 -1356.0000000000
2023 -1355.0000000000
2030 -1353.0000000000
2032 -1352.0000000000
2044 -1351.0000000000
2050 -1350.0000000000
2054 -1349.0000000000
2059 -1348.0000000000
2060 -1347.0000000000
2062 -1346.0000000000
2071 -1345.0000000000
2074 -1344.0000000000
2075 -1343.0000000000
2080 -1342.0000000000
2091 -1340.0000000000
2094 -1339.0000000000
2103 -1338.0000000000
2105 -1337.0000000000
2107 -1335.0000000000
2110 -1334.0000000000
2116 -1333.0000000000
2129 -1332.0000000000
2130 -1331.0000000000
2142 -1330.0000000000
2145 -1327.0000000000
2155 -1326.0000000000
2160 -1325.0000000000
2170 -1324.0000000000
2180 -1323.0000000000
2192 -1322.0000000000
2198 -1321.0000000000
2203 -1320.0000000000
2210 -1319.0000000000
2211 -1317.0000000000
2214 -1316.0000000000
2218 -1315.0000000000
2222 -1314.0000000000
2239 -1313.0000000000
2254 -1310.0000000000
2270 -1309.0000000000
2275 -1308.0000000000
2278 -1307.0000000000
2280 -1306.0000000000
2289 -1305.0000000000
2293 -1304.0000000000
2299 -1303.0000000000
2300 -1302.0000000000
2308 -1301.0000000000
2313 -1300.0000000000
2319 -1299.0000000000
2326 -1298.0000000000
2329 -1296.0000000000
2342 -1295.0000000000
2347 -1294.0000000000
2348 -1293.0000000000
2360 -1292.0000000000
2363 -1291.0000000000
2366 -1290.0000000000
2370 -1289.0000000000
2373 -1288.0000000000
2374 -1287.0000000000
2382 -1286.0000000000
2383 -1284.0000000000
2387 -1283.0000000000
2390 -1282.0000000000
2391 -1281.0000000000
2392 -1280.0000000000
2401 -1279.0000000000
2404 -1278.0000000000
2405 -1277.0000000000
2412 -1276.0000000000
2417 -1274.0000000000
2418 -1273.0000000000
2419 -1272.0000000000
2423 -1271.0000000000
2434 -1270.0000000000
2438 -1269.0000000000
2448 -1268.0000000000
2459 -1267.0000000000
2481 -1264.0000000000
2485 -1263.0000000000
2503 -1262.0000000000
2504 -1261.0000000000
2513 -1260.0000000000
2520 -1259.0000000000
2554 -1258.0000000000
2559 -1257.0000000000
2575 -1256.0000000000
2583 -1255.0000000000
2594 -1254.0000000000
2604 -1253.0000000000
2629 -1252.0000000000
2630 -1250.0000000000
2631 -1249.0000000000
2632 -1248.0000000000
2670 -1247.0000000000
2672 -1246.0000000000
2677 -1245.0000000000
2678 -1243.0000000000
2689 -1242.0000000000
2692 -1241.0000000000
2695 -1240.0000000000
2701 -1239.0000000000
2703 -1236.0000000000
2711 -1235.0000000000
2713 -1234.0000000000
2729 -1233.0000000000
2733 -1232.0000000000
2749 -1231.0000000000
2753 -1229.0000000000
2755 -1228.0000000000
2766 -1225.0000000000
2768 -1223.0000000000
2773 -1222.0000000000
2788 -1220.0000000000
2789 -1219.0000000000
2801 -1218.0000000000
2805 -1217.0000000000
2812 -1215.0000000000
2818 -1213.0000000000
2822 -1212.0000000000
2835 -1211.0000000000
2839 -1210.0000000000
2852 -1209.0000000000
2858 -1208.0000000000
2860 -1207.0000000000
2861 -1206.0000000000
2862 -1204.0000000000
2865 -1203.0000000000
2867 -1202.0000000000
2875 -1201.0000000000
2876 -1199.0000000000
2878 -1198.0000000000
2883 -1197.0000000000
2889 -1196.0000000000
2890 -1195.0000000000
2896 -1194.0000000000
2899 -1193.0000000000
2906 -1192.0000000000
2924 -1191.0000000000
2930 -1190.0000000000
2944 -1188.0000000000
2955 -1187.0000000000
2967 -1186.0000000000
2977 -1185.0000000000
2985 -1184.0000000000
2990 -1183.0000000000
2992 -1182.0000000000
2994 -1181.0000000000
3000 -1180.0000000000
3003 -1179.0000000000
3004 -1178.0000000000
3005 -1176.0000000000
3007 -1175.0000000000
3031 -1174.0000000000
3035 -1173.0000000000
3039 -1172.0000000000
3043 -1171.0000000000
3058 -1170.0000000000
3076 -1169.0000000000
3081 -1168.0000000000
3093 -1167.0000000000
3095 -1166.0000000000
3097 -1164.0000000000
3099 -1162.0000000000
3100 -1159.0000000000
3109 -1158.0000000000
3113 -1157.0000000000
3114 -1156.0000000000
3117 -1155.0000000000
3118 -1154.0000000000
3120 -1153.0000000000
3121 -1152.0000000000
3124 -1151.0000000000
3128 -1150.0000000000
3138 -1149.0000000000
3145 -1148.0000000000
3150 -1147.0000000000
3161 -1146.0000000000
3165 -1145.0000000000
3166 -1143.0000000000
3174 -1142.0000000000
3185 -1141.0000000000
3187 -1139.0000000000
3200 -1138.0000000000
3206 -1137.0000000000
3229 -1136.0000000000
3230 -1134.0000000000
3246 -1133.0000000000
3260 -1132.0000000000
3265 -1131.0000000000
3271 -1130.0000000000
3276 -1129.0000000000
3279 -1128.0000000000
3280 -1127.0000000000
3281 -1125.0000000000
3306 -1124.0000000000
3308 -1123.0000000000
3315 -1122.0000000000
3321 -1121.0000000000
3327 -1120.0000000000
3329 -1119.0000000000
3332 -1118.0000000000
3335 -1117.0000000000
3348 -1116.0000000000
3359 -1115.0000000000
3365 -1114.0000000000
3370 -1113.0000000000
3372 -1112.0000000000
3380 -1111.0000000000
3385 -1110.0000000000
3393 -1109.0000000000
3403 -1108.0000000000
3421 -1106.0000000000
3423 -1105.0000000000
3428 -1103.0000000000
3432 -1102.0000000000
3436 -1101.0000000000
3447 -1100.0000000000
3455 -1099.0000000000
3460 -1098.0000000000
3472 -1096.0000000000
3475 -1095.0000000000
3478 -1094.0000000000
3482 -1093.0000000000
3485 -1092.0000000000
3486 -1090.0000000000
3489 -1089.0000000000
3490 -1088.0000000000
3504 -1087.0000000000
3506 -1086.0000000000
3517 -1085.0000000000
3524 -1084.0000000000
3531 -1083.0000000000
3536 -1082.0000000000
3538 -1081.0000000000
3557 -1080.0000000000
3559 -1079.0000000000
3565 -1078.0000000000
3581 -1077.0000000000
3587 -1076.0000000000
3599 -1075.0000000000
3605 -1074.0000000000
3610 -1073.0000000000
3619 -1071.0000000000
3621 -1070.0000000000
3622 -1069.0000000000
3626 -1068.0000000000
3636 -1067.0000000000
3637 -1066.0000000000
3647 -1065.0000000000
3651 -1064.0000000000
3676 -1063.0000000000
3701 -1062.0000000000
3710 -1061.0000000000
3715 -1060.0000000000
3718 -1058.0000000000
3722 -1055.0000000000
3724 -1054.0000000000
3726 -1053.0000000000
3738 -1052.0000000000
3750 -1050.0000000000
3765 -1049.0000000000
3767 -1047.0000000000
3794 -1046.0000000000
3799 -1045.0000000000
3802 -1044.0000000000
3810 -1043.0000000000
3812 -1041.0000000000
3819 -1040.0000000000
3821 -1039.0000000000
3838 -1038.0000000000
3843 -1037.0000000000
3846 -1036.0000000000
3848 -1035.0000000000
3859 -1033.0000000000
3877 -1032.0000000000
3889 -1031.0000000000
3894 -1030.0000000000
3901 -1029.0000000000
3902 -1028.0000000000
3908 -1026.0000000000
3923 -1025.0000000000
3931 -1024.0000000000
3935 -1022.0000000000
3938 -1019.0000000000
3949 -1018.0000000000
3957 -1017.0000000000
3963 -1016.0000000000
3966 -1015.0000000000
3967 -1014.0000000000
4002 -1013.0000000000
4010 -1012.0000000000
4011 -1011.0000000000
4012 -1010.0000000000
4015 -1009.0000000000
4017 -1008.0000000000
4021 -1007.0000000000
4023 -1006.0000000000
4052 -1005.0000000000
4056 -1004.0000000000
4064 -1003.0000000000
4080 -1002.0000000000
4090 -1001.0000000000
4091 -1000.0000000000
4115 -999.0000000000
4119 -997.0000000000
4136 -996.0000000000
4141 -994.0000000000
4167 -992.0000000000
4182 -991.0000000000
4184 -990.0000000000
4200 -989.0000000000
4208 -988.0000000000
4210 -987.0000000000
4212 -986.0000000000
4217 -985.0000000000
4220 -984.0000000000
4221 -983.0000000000
4224 -982.0000000000
4228 -981.0000000000
4231 -980.0000000000
4232 -979.0000000000
4254 -978.0000000000
4257 -977.0000000000
4262 -976.0000000000
4270 -975.0000000000
4272 -973.0000000000
4290 -972.0000000000
4294 -970.0000000000
4297 -969.0000000000
4315 -967.0000000000
4317 -966.0000000000
4321 -964.0000000000
4354 -963.0000000000
4369 -962.0000000000
4385 -959.0000000000
4402 -958.0000000000
4414 -957.0000000000
4421 -956.0000000000
4422 -955.0000000000
4438 -954.0000000000
4441 -952.0000000000
4464 -951.0000000000
4466 -950.0000000000
4471 -949.0000000000
4474 -948.0000000000
4481 -946.0000000000
4488 -944.0000000000
4490 -942.0000000000
4497 -941.0000000000
4499 -940.0000000000
4518 -939.0000000000
4579 -938.0000000000
4584 -936.0000000000
4585 -935.0000000000
4589 -934.0000000000
4591 -933.0000000000
4594 -932.0000000000
4606 -931.0000000000
4612 -930.0000000000
4617 -929.0000000000
4624 -928.0000000000
4625 -927.0000000000
4632 -926.0000000000
4637 -925.0000000000
4640 -923.0000000000
4663 -922.0000000000
4673 -921.0000000000
4683 -920.0000000000
4693 -919.0000000000
4700 -918.0000000000
4704 -917.0000000000
4705 -916.0000000000
4710 -915.0000000000
4711 -914.0000000000
4718 -913.0000000000
4722 -912.0000000000
4725 -911.0000000000
4746 -910.0000000000
4756 -909.0000000000
4783 -908.0000000000
4788 -907.0000000000
4792 -906.0000000000
4797 -905.0000000000
4803 -904.0000000000
4818 -903.0000000000
4860 -902.0000000000
4861 -901.0000000000
4866 -900.0000000000
4880 -899.0000000000
4894 -898.0000000000
4918 -897.0000000000
4932 -896.0000000000
4935 -895.0000000000
4959 -894.0000000000
4966 -892.0000000000
4969 -891.0000000000
4971 -890.0000000000
4979 -888.0000000000
4986 -887.0000000000
4988 -886.0000000000
4992 -885.0000000000
4998 -884.0000000000
5005 -883.0000000000
5016 -882.0000000000
5042 -881.0000000000
5063 -880.0000000000
5067 -879.0000000000
5078 -878.0000000000
5079 -877.0000000000
5083 -876.0000000000
5109 -875.0000000000
5119 -874.0000000000
5122 -873.0000000000
5134 -871.0000000000
5135 -870.0000000000
5149 -869.0000000000
5166 -868.0000000000
5179 -867.0000000000
5188 -866.0000000000
5189 -865.0000000000
5190 -864.0000000000
5193 -863.0000000000
5198 -862.0000000000
5199 -861.0000000000
5205 -860.0000000000
5225 -859.0000000000
5232 -858.0000000000
5234 -857.0000000000
5239 -856.0000000000
5241 -855.0000000000
5245 -854.0000000000
5255 -853.0000000000
5283 -852.0000000000
5287 -851.0000000000
5289 -850.0000000000
5311 -849.0000000000
5318 -848.0000000000
5320 -847.0000000000
5322 -846.0000000000
5323 -844.0000000000
5330 -843.0000000000
5334 -842.0000000000
5343 -841.0000000000
5345 -839.0000000000
5363 -837.0000000000
5386 -836.0000000000
5387 -835.0000000000
5390 -834.0000000000
5400 -833.0000000000
5406 -832.0000000000
5425 -831.0000000000
5449 -830.0000000000
5450 -829.0000000000
5474 -827.0000000000
5482 -826.0000000000
5487 -825.0000000000
5489 -824.0000000000
5497 -823.0000000000
5504 -822.0000000000
5508 -821.0000000000
5518 -820.0000000000
5526 -819.0000000000
5527 -818.0000000000
5528 -817.0000000000
5555 -816.0000000000
5578 -815.0000000000
5585 -813.0000000000
5590 -812.0000000000
5605 -811.0000000000
5610 -810.0000000000
5613 -809.0000000000
5627 -808.0000000000
5630 -807.0000000000
5631 -806.0000000000
5632 -805.0000000000
5636 -804.0000000000
5652 -803.0000000000
5668 -801.0000000000
5671 -800.0000000000
5683 -798.0000000000
5688 -797.0000000000
5695 -796.0000000000
5697 -795.0000000000
5713 -794.0000000000
5714 -793.0000000000
5715 -792.0000000000
5738 -791.0000000000
5740 -790.0000000000
5743 -789.0000000000
5756 -788.0000000000
5764 -787.0000000000
5770 -786.0000000000
5787 -785.0000000000
5797 -784.0000000000
5807 -783.0000000000
5828 -782.0000000000
5850 -780.0000000000
5855 -779.0000000000
5858 -778.0000000000
5862 -777.0000000000
5870 -776.0000000000
5875 -775.0000000000
5900 -774.0000000000
5910 -773.0000000000
5936 -772.0000000000
5937 -771.0000000000
5950 -770.0000000000
5956 -769.0000000000
5958 -768.0000000000
5960 -766.0000000000
5963 -765.0000000000
5968 -764.0000000000
5987 -762.0000000000
6000 -761.0000000000
6005 -759.0000000000
6006 -758.0000000000
6045 -757.0000000000
6066 -756.0000000000
6067 -755.0000000000
6069 -754.0000000000
6071 -752.0000000000
6075 -751.0000000000
6083 -750.0000000000
6094 -748.0000000000
6110 -747.0000000000
6114 -746.0000000000
6118 -745.0000000000
6120 -744.0000000000
6144 -743.0000000000
6148 -742.0000000000
6150 -741.0000000000
6168 -740.0000000000
6175 -739.0000000000
6176 -738.0000000000
6182 -737.0000000000
6197 -736.0000000000
6200 -735.0000000000
6214 -734.0000000000
6219 -733.0000000000
6222 -731.0000000000
6241 -730.0000000000
6244 -729.0000000000
6247 -728.0000000000
6248 -727.0000000000
6259 -726.0000000000
6268 -724.0000000000
6277 -723.0000000000
6282 -722.0000000000
6283 -721.0000000000
6286 -720.0000000000
6289 -719.0000000000
6294 -718.0000000000
6302 -716.0000000000
6315 -715.0000000000
6318 -714.0000000000
6335 -713.0000000000
6338 -712.0000000000
6353 -711.0000000000
6356 -710.0000000000
6384 -709.0000000000
6386 -708.0000000000
6408 -707.0000000000
6409 -706.0000000000
6449 -705.0000000000
6463 -703.0000000000
6464 -702.0000000000
6476 -701.0000000000
6482 -700.0000000000
6483 -699.0000000000
6509 -698.0000000000
6510 -697.0000000000
6518 -696.0000000000
6545 -695.0000000000
6548 -693.0000000000
6553 -692.0000000000
6560 -691.0000000000
6563 -690.0000000000
6569 -689.0000000000
6580 -688.0000000000
6584 -687.0000000000
6585 -686.0000000000
6632 -685.0000000000
6668 -683.0000000000
6677 -682.0000000000
6682 -681.0000000000
6688 -680.0000000000
6717 -679.0000000000
6745 -678.0000000000
6748 -677.0000000000
6750 -676.0000000000
6757 -675.0000000000
6777 -674.0000000000
6782 -673.0000000000
6788 -672.0000000000
6801 -671.0000000000
6824 -669.0000000000
6829 -668.0000000000
6849 -667.0000000000
6865 -666.0000000000
6881 -665.0000000000
6899 -664.0000000000
6907 -663.0000000000
6919 -662.0000000000
6952 -661.0000000000
6956 -660.0000000000
6965 -659.0000000000
6982 -658.0000000000
6983 -657.0000000000
6984 -655.0000000000
7008 -654.0000000000
7009 -653.0000000000
7012 -652.0000000000
7017 -651.0000000000
7025 -650.0000000000
7034 -649.0000000000
7036 -648.0000000000
7089 -647.0000000000
7098 -646.0000000000
7114 -645.0000000000
7137 -644.0000000000
7151 -643.0000000000
7156 -642.0000000000
7172 -641.0000000000
7176 -640.0000000000
7189 -639.0000000000
7192 -638.0000000000
7209 -637.0000000000
7230 -636.0000000000
7269 -635.0000000000
7278 -634.0000000000
7287 -633.0000000000
7302 -632.0000000000
7321 -631.0000000000
7325 -630.0000000000
7352 -629.0000000000
7354 -628.0000000000
7361 -627.0000000000
7389 -626.0000000000
7392 -625.0000000000
7402 -624.0000000000
7404 -623.0000000000
7416 -622.0000000000
7431 -621.0000000000
7441 -620.0000000000
7442 -618.0000000000
7450 -617.0000000000
7454 -616.0000000000
7460 -615.0000000000
7462 -614.0000000000
7464 -613.0000000000
7521 -612.0000000000
7566 -611.0000000000
7584 -610.0000000000
7600 -609.0000000000
7631 -608.0000000000
7650 -607.0000000000
7651 -606.0000000000
7666 -605.0000000000
7672 -604.0000000000
7677 -603.0000000000
7679 -602.0000000000
7683 -601.0000000000
7687 -600.0000000000
7701 -599.0000000000
7707 -598.0000000000
7708 -597.0000000000
7731 -596.0000000000
7740 -595.0000000000
7743 -594.0000000000
7764 -593.0000000000
7766 -592.0000000000
7784 -591.0000000000
7792 -590.0000000000
7803 -589.0000000000
7807 -588.0000000000
7818 -587.0000000000
7822 -586.0000000000
7832 -585.0000000000
7857 -584.0000000000
7868 -583.0000000000
7874 -582.0000000000
7877 -581.0000000000
7896 -580.0000000000
7909 -579.0000000000
7953 -578.0000000000
7958 -577.0000000000
8006 -576.0000000000
8037 -574.0000000000
8039 -573.0000000000
8048 -572.0000000000
8052 -571.0000000000
8069 -570.0000000000
8074 -569.0000000000
8135 -568.0000000000
8145 -567.0000000000
8190 -566.0000000000
8215 -565.0000000000
8219 -564.0000000000
8229 -563.0000000000
8231 -562.0000000000
8258 -561.0000000000
8276 -560.0000000000
8282 -559.0000000000
8288 -558.0000000000
8300 -557.0000000000
8301 -556.0000000000
8304 -555.0000000000
8320 -554.0000000000
8332 -553.0000000000
8388 -552.0000000000
8390 -551.0000000000
8402 -550.0000000000
8419 -549.0000000000
8421 -548.0000000000
8426 -547.0000000000
8452 -546.0000000000
8463 -545.0000000000
8466 -544.0000000000
8469 -543.0000000000
8517 -542.0000000000
8521 -541.0000000000
8527 -540.0000000000
8530 -539.0000000000
8537 -538.0000000000
8606 -537.0000000000
8609 -536.0000000000
8613 -535.0000000000
8620 -534.0000000000
8631 -533.0000000000
8657 -531.0000000000
8674 -529.0000000000
8676 -528.0000000000
8682 -527.0000000000
8707 -526.0000000000
8732 -525.0000000000
8758 -524.0000000000
8768 -523.0000000000
8778 -522.0000000000
8784 -521.0000000000
8801 -520.0000000000
8812 -519.0000000000
8895 -518.0000000000
8908 -517.0000000000
8918 -516.0000000000
8922 -515.0000000000
8947 -514.0000000000
8953 -513.0000000000
8974 -512.0000000000
8980 -511.0000000000
9045 -510.0000000000
9116 -509.0000000000
9177 -508.0000000000
9196 -507.0000000000
9211 -506.0000000000
9227 -505.0000000000
9230 -504.0000000000
9237 -503.0000000000
9276 -502.0000000000
9302 -501.0000000000
9308 -500.0000000000
9339 -499.0000000000
9344 -498.0000000000
9363 -497.0000000000
9407 -496.0000000000
9412 -495.0000000000
9414 -494.0000000000
9417 -493.0000000000
9443 -492.0000000000
9449 -491.0000000000
9450 -490.0000000000
9459 -489.0000000000
9460 -488.0000000000
9468 -487.0000000000
9478 -486.0000000000
9511 -484.0000000000
9518 -483.0000000000
9553 -482.0000000000
9567 -481.0000000000
9598 -480.0000000000
9601 -479.0000000000
9630 -478.0000000000
9682 -477.0000000000
9689 -476.0000000000
9694 -475.0000000000
9695 -474.0000000000
9705 -473.0000000000
9750 -472.0000000000
9752 -471.0000000000
9765 -469.0000000000
9772 -468.0000000000
9778 -467.0000000000
9789 -466.0000000000
9821 -465.0000000000
9854 -464.0000000000
9863 -463.0000000000
9865 -462.0000000000
9891 -461.0000000000
9895 -460.0000000000
9899 -459.0000000000
9903 -458.0000000000
9915 -457.0000000000
9924 -456.0000000000
9925 -455.0000000000
9937 -454.0000000000
9940 -453.0000000000
9946 -452.0000000000
9953 -451.0000000000
9966 -450.0000000000
9975 -449.0000000000
9980 -448.0000000000
10000 -448.0000000000
