evaluations raw_y
1 -2048.0000000000
9 -2047.0000000000
10 -2046.0000000000
11 -2045.0000000000
17 -2044.0000000000
25 -2043.0000000000
29 -2042.0000000000
32 -2041.0000000000
34 -2040.0000000000
36 -2039.0000000000
39 -2038.0000000000
46 -2037.0000000000
47 -2036.0000000000
51 -2035.0000000000
53 -2034.0000000000
58 -2033.0000000000
61 -2032.0000000000
62 -2031.0000000000
63 -2030.0000000000
64 -2028.0000000000
78 -2027.0000000000
84 -2025.0000000000
88 -2024.0000000000
90 -2023.0000000000
91 -2022.0000000000
92 -2021.0000000000
103 -2020.0000000000
107 -2019.0000000000
110 -2018.0000000000
113 -2017.0000000000
115 -2015.0000000000
117 -2014.0000000000
121 -2013.0000000000
124 -2012.0000000000
126 -2010.0000000000
127 -2009.0000000000
132 -2008.0000000000
137 -2007.0000000000
140 -2006.0000000000
142 -2005.0000000000
143 -2004.0000000000
144 -2003.0000000000
151 -2002.0000000000
156 -2001.0000000000
161 -2000.0000000000
162 -1999.0000000000
163 -1998.0000000000
165 -1997.0000000000
166 -1996.0000000000
167 -1994.0000000000
174 -1993.0000000000
179 -1992.0000000000
187 -1991.0000000000
199 -1990.0000000000
202 -1989.0000000000
204 -1988.0000000000
210 -1987.0000000000
217 -1985.0000000000
218 -1983.0000000000
225 -1982.0000000000
227 -1981.0000000000
229 -1980.0000000000
231 -1979.0000000000
237 -1977.0000000000
241 -1976.0000000000
244 -1975.0000000000
245 -1974.0000000000
250 -1973.0000000000
251 -1972.0000000000
253 -1971.0000000000
256 -1970.0000000000
257 -1969.0000000000
264 -1968.0000000000
265 -1966.0000000000
266 -1965.0000000000
268 -1964.0000000000
270 -1963.0000000000
277 -1962.0000000000
284 -1961.0000000000
290 -1960.0000000000
291 -1959.0000000000
295 -1958.0000000000
296 -1957.0000000000
300 -1955.0000000000
305 -1954.0000000000
307 -1953.0000000000
312 -1952.0000000000
313 -1951.0000000000
327 -1949.0000000000
332 -1948.0000000000
338 -1947.0000000000
342 -1946.0000000000
345 -1945.0000000000
349 -1944.0000000000
351 -1942.0000000000
354 -1941.0000000000
356 -1940.0000000000
360 -1939.0000000000
361 -1936.0000000000
363 -1934.0000000000
365 -1933.0000000000
367 -1932.0000000000
381 -1929.0000000000
390 -1928.0000000000
394 -1927.0000000000
395 -1924.0000000000
396 -1923.0000000000
401 -1921.0000000000
407 -1920.0000000000
410 -1919.0000000000
412 -1917.0000000000
413 -1915.0000000000
414 -1914.0000000000
416 -1913.0000000000
417 -1911.0000000000
419 -1910.0000000000
431 -1909.0000000000
432 -1908.0000000000
434 -1906.0000000000
438 -1905.0000000000
443 -1904.0000000000
452 -1902.0000000000
454 -1901.0000000000
460 -1900.0000000000
463 -1899.0000000000
464 -1898.0000000000
468 -1896.0000000000
470 -1895.0000000000
473 -1894.0000000000
487 -1893.0000000000
493 -1892.0000000000
497 -1891.0000000000
503 -1890.0000000000
506 -1889.0000000000
530 -1888.0000000000
534 -1885.0000000000
535 -1883.0000000000
537 -1881.0000000000
538 -1880.0000000000
541 -1879.0000000000
546 -1877.0000000000
547 -1875.0000000000
559 -1874.0000000000
560 -1872.0000000000
563 -1870.0000000000
566 -1869.0000000000
579 -1867.0000000000
581 -1866.0000000000
586 -1864.0000000000
590 -1863.0000000000
599 -1861.0000000000
601 -1860.0000000000
609 -1859.0000000000
611 -1858.0000000000
613 -1857.0000000000
619 -1856.0000000000
620 -1854.0000000000
621 -1853.0000000000
623 -1852.0000000000
628 -1851.0000000000
636 -1850.0000000000
639 -1849.0000000000
642 -1848.0000000000
645 -1846.0000000000
652 -1845.0000000000
654 -1844.0000000000
664 -1841.0000000000
678 -1839.0000000000
685 -1838.0000000000
690 -1837.0000000000
696 -1835.0000000000
704 -1834.0000000000
710 -1833.0000000000
714 -1831.0000000000
715 -1829.0000000000
723 -1828.0000000000
725 -1826.0000000000
727 -1825.0000000000
730 -1824.0000000000
743 -1822.0000000000
745 -1821.0000000000
748 -1820.0000000000
759 -1819.0000000000
762 -1818.0000000000
763 -1817.0000000000
769 -1815.0000000000
770 -1814.0000000000
773 -1813.0000000000
776 -1811.0000000000
778 -1810.0000000000
781 -1809.0000000000
785 -1808.0000000000
786 -1807.0000000000
787 -1806.0000000000
788 -1805.0000000000
793 -1804.0000000000
794 -1803.0000000000
795 -1802.0000000000
797 -1801.0000000000
799 -1799.0000000000
807 -1798.0000000000
811 -1797.0000000000
817 -1795.0000000000
823 -1794.0000000000
828 -1792.0000000000
829 -1790.0000000000
833 -1789.0000000000
838 -1788.0000000000
841 -1787.0000000000
842 -1786.0000000000
845 -1785.0000000000
859 -1784.0000000000
861 -1783.0000000000
864 -1782.0000000000
870 -1780.0000000000
877 -1779.0000000000
878 -1778.0000000000
883 -1777.0000000000
885 -1776.0000000000
888 -1775.0000000000
897 -1773.0000000000
906 -1772.0000000000
907 -1771.0000000000
912 -1770.0000000000
918 -1769.0000000000
924 -1768.0000000000
927 -1765.0000000000
931 -1764.0000000000
932 -1763.0000000000
934 -1762.0000000000
939 -1761.0000000000
943 -1760.0000000000
944 -1759.0000000000
948 -1758.0000000000
950 -1757.0000000000
967 -1756.0000000000
977 -1755.0000000000
978 -1754.0000000000
980 -1753.0000000000
981 -1752.0000000000
984 -1751.0000000000
988 -1750.0000000000
992 -1749.0000000000
995 -1748.0000000000
999 -1747.0000000000
1000 -1746.0000000000
1003 -1745.0000000000
1005 -1742.0000000000
1020 -1741.0000000000
1022 -1740.0000000000
1030 -1739.0000000000
1033 -1738.0000000000
1038 -1736.0000000000
1044 -1735.0000000000
1050 -1734.0000000000
1051 -1733.0000000000
1052 -1732.0000000000
1053 -1731.0000000000
1054 -1730.0000000000
1060 -1729.0000000000
1068 -1728.0000000000
1071 -1727.0000000000
1076 -1725.0000000000
1077 -1723.0000000000
1078 -1722.0000000000
1079 -1719.0000000000
1085 -1718.0000000000
1091 -1716.0000000000
1093 -1715.0000000000
1094 -1714.0000000000
1101 -1713.0000000000
1102 -1712.0000000000
1105 -1711.0000000000
1109 -1710.0000000000
1115 -1709.0000000000
1118 -1708.0000000000
1120 -1707.0000000000
1125 -1705.0000000000
1126 -1703.0000000000
1128 -1702.0000000000
1129 -1701.0000000000
1130 -1700.0000000000
1144 -1699.0000000000
1148 -1698.0000000000
1149 -1697.0000000000
1154 -1695.0000000000
1156 -1694.0000000000
1161 -1693.0000000000
1173 -1692.0000000000
1180 -1691.0000000000
1182 -1690.0000000000
1184 -1689.0000000000
1186 -1688.0000000000
1190 -1687.0000000000
1193 -1686.0000000000
1194 -1684.0000000000
1198 -1683.0000000000
1204 -1682.0000000000
1207 -1681.0000000000
1209 -1679.0000000000
1216 -1678.0000000000
1222 -1677.0000000000
1223 -1676.0000000000
1227 -1675.0000000000
1239 -1674.0000000000
1242 -1673.0000000000
1248 -1672.0000000000
1253 -1671.0000000000
1257 -1669.0000000000
1258 -1668.0000000000
1259 -1667.0000000000
1261 -1666.0000000000
1267 -1665.0000000000
1268 -1663.0000000000
1269 -1662.0000000000
1273 -1661.0000000000
1276 -1660.0000000000
1277 -1659.0000000000
1287 -1658.0000000000
1290 -1657.0000000000
1294 -1656.0000000000
1295 -1655.0000000000
1299 -1654.0000000000
1303 -1652.0000000000
1309 -1651.0000000000
1310 -1650.0000000000
1323 -1649.0000000000
1332 -1648.0000000000
1337 -1647.0000000000
1339 -1646.0000000000
1346 -1643.0000000000
1347 -1642.0000000000
1352 -1641.0000000000
1356 -1640.0000000000
1358 -1639.0000000000
1362 -1638.0000000000
1363 -1636.0000000000
1371 -1635.0000000000
1375 -1633.0000000000
1376 -1632.0000000000
1387 -1631.0000000000
1396 -1629.0000000000
1399 -1628.0000000000
1403 -1627.0000000000
1407 -1626.0000000000
1408 -1625.0000000000
1410 -1624.0000000000
1412 -1623.0000000000
1416 -1622.0000000000
1420 -1621.0000000000
1428 -1619.0000000000
1430 -1617.0000000000
1441 -1616.0000000000
1442 -1615.0000000000
1448 -1614.0000000000
1453 -1613.0000000000
1454 -1612.0000000000
1462 -1610.0000000000
1466 -1609.0000000000
1471 -1608.0000000000
1473 -1606.0000000000
1477 -1604.0000000000
1479 -1603.0000000000
1483 -1602.0000000000
1489 -1601.0000000000
1491 -1600.0000000000
1493 -1599.0000000000
1499 -1598.0000000000
1509 -1597.0000000000
1513 -1596.0000000000
1521 -1595.0000000000
1526 -1594.0000000000
1531 -1593.0000000000
1532 -1591.0000000000
1536 -1590.0000000000
1550 -1589.0000000000
1554 -1588.0000000000
1562 -1587.0000000000
1567 -1586.0000000000
1572 -1585.0000000000
1576 -1584.0000000000
1580 -1583.0000000000
1581 -1582.0000000000
1583 -1580.0000000000
1586 -1579.0000000000
1587 -1578.0000000000
1588 -1577.0000000000
1590 -1576.0000000000
1595 -1573.0000000000
1596 -1572.0000000000
1599 -1571.0000000000
1613 -1570.0000000000
1620 -1569.0000000000
1628 -1568.0000000000
1629 -1567.0000000000
1631 -1565.0000000000
1632 -1564.0000000000
1636 -1562.0000000000
1639 -1561.0000000000
1641 -1560.0000000000
1647 -1559.0000000000
1648 -1558.0000000000
1652 -1557.0000000000
1656 -1556.0000000000
1665 -1555.0000000000
1666 -1554.0000000000
1668 -1553.0000000000
1680 -1552.0000000000
1695 -1551.0000000000
1697 -1550.0000000000
1706 -1548.0000000000
1710 -1546.0000000000
1712 -1545.0000000000
1715 -1544.0000000000
1717 -1543.0000000000
1720 -1542.0000000000
1724 -1541.0000000000
1726 -1540.0000000000
1733 -1539.0000000000
1735 -1538.0000000000
1737 -1537.0000000000
1738 -1536.0000000000
1742 -1535.0000000000
1751 -1534.0000000000
1753 -1533.0000000000
1756 -1532.0000000000
1758 -1531.0000000000
1764 -1530.0000000000
1768 -1529.0000000000
1769 -1528.0000000000
1771 -1527.0000000000
1773 -1526.0000000000
1782 -1524.0000000000
1787 -1523.0000000000
1788 -1521.0000000000
1790 -1520.0000000000
1795 -1519.0000000000
1797 -1517.0000000000
1798 -1515.0000000000
1803 -1513.0000000000
1810 -1512.0000000000
1813 -1511.0000000000
1815 -1510.0000000000
1822 -1509.0000000000
1825 -1508.0000000000
1833 -1507.0000000000
1844 -1506.0000000000
1847 -1505.0000000000
1850 -1504.0000000000
1853 -1503.0000000000
1871 -1502.0000000000
1877 -1501.0000000000
1889 -1500.0000000000
1890 -1499.0000000000
1896 -1498.0000000000
1900 -1497.0000000000
1905 -1496.0000000000
1910 -1495.0000000000
1912 -1494.0000000000
1923 -1493.0000000000
1929 -1492.0000000000
1934 -1491.0000000000
1941 -1490.0000000000
1949 -1489.0000000000
1956 -1488.0000000000
1970 -1487.0000000000
1974 -1486.0000000000
1981 -1485.0000000000
1987 -1484.0000000000
1990 -1483.0000000000
1991 -1482.0000000000
1992 -1481.0000000000
1998 -1480.0000000000
2007 -1479.0000000000
2009 -1477.0000000000
2011 -1476.0000000000
2016 -1475.0000000000
2017 -1474.0000000000
2018 -1473.0000000000
2027 -1472.0000000000
2031 -1471.0000000000
2040 -1470.0000000000
2043 -1469.0000000000
2055 -1468.0000000000
2057 -1466.0000000000
2064 -1465.0000000000
2066 -1463.0000000000
2070 -1462.0000000000
2082 -1461.0000000000
2094 -1459.0000000000
2098 -1457.0000000000
2111 -1456.0000000000
2114 -1455.0000000000
2115 -1454.0000000000
2128 -1453.0000000000
2129 -1452.0000000000
2145 -1451.0000000000
2154 -1450.0000000000
2161 -1449.0000000000
2163 -1448.0000000000
2170 -1447.0000000000
2179 -1446.0000000000
2184 -1445.0000000000
2187 -1443.0000000000
2188 -1442.0000000000
2209 -1440.0000000000
2211 -1438.0000000000
2217 -1437.0000000000
2220 -1436.0000000000
2221 -1434.0000000000
2228 -1433.0000000000
2233 -1432.0000000000
2245 -1431.0000000000
2246 -1430.0000000000
2255 -1429.0000000000
2256 -1428.0000000000
2260 -1427.0000000000
2269 -1426.0000000000
2282 -1425.0000000000
2292 -1424.0000000000
2295 -1423.0000000000
2301 -1422.0000000000
2302 -1420.0000000000
2306 -1418.0000000000
2307 -1417.0000000000
2312 -1416.0000000000
2313 -1414.0000000000
2323 -1413.0000000000
2327 -1412.0000000000
2330 -1411.0000000000
2339 -1410.0000000000
2346 -1409.0000000000
2352 -1408.0000000000
2372 -1407.0000000000
2374 -1406.0000000000
2379 -1405.0000000000
2382 -1404.0000000000
2390 -1403.0000000000
2393 -1402.0000000000
2412 -1399.0000000000
2423 -1398.0000000000
2442 -1397.0000000000
2451 -1395.0000000000
2461 -1393.0000000000
2465 -1392.0000000000
2472 -1391.0000000000
2483 -1390.0000000000
2487 -1389.0000000000
2493 -1388.0000000000
2496 -1386.0000000000
2500 -1382.0000000000
2509 -1381.0000000000
2518 -1380.0000000000
2519 -1379.0000000000
2523 -1378.0000000000
2525 -1377.0000000000
2533 -1376.0000000000
2542 -1375.0000000000
2545 -1374.0000000000
2553 -1373.0000000000
2555 -1372.0000000000
2558 -1371.0000000000
2560 -1370.0000000000
2576 -1369.0000000000
2582 -1368.0000000000
2597 -1367.0000000000
2599 -1366.0000000000
2600 -1365.0000000000
2601 -1364.0000000000
2624 -1363.0000000000
2625 -1362.0000000000
2639 -1361.0000000000
2654 -1360.0000000000
2662 -1358.0000000000
2668 -1356.0000000000
2673 -1355.0000000000
2687 -1354.0000000000
2704 -1353.0000000000
2705 -1352.0000000000
2713 -1351.0000000000
2714 -1350.0000000000
2718 -1349.0000000000
2728 -1348.0000000000
2731 -1347.0000000000
2738 -1345.0000000000
2741 -1343.0000000000
2769 -1342.0000000000
2785 -1341.0000000000
2795 -1340.0000000000
2812 -1339.0000000000
2822 -1338.0000000000
2835 -1337.0000000000
2837 -1336.0000000000
2839 -1335.0000000000
2855 -1333.0000000000
2868 -1332.0000000000
2878 -1330.0000000000
2886 -1329.0000000000
2888 -1328.0000000000
2891 -1327.0000000000
2897 -1324.0000000000
2898 -1323.0000000000
2903 -1322.0000000000
2907 -1320.0000000000
2908 -1317.0000000000
2909 -1316.0000000000
2921 -1313.0000000000
2929 -1312.0000000000
2936 -1310.0000000000
2941 -1309.0000000000
2943 -1308.0000000000
2947 -1307.0000000000
2954 -1306.0000000000
2964 -1305.0000000000
2974 -1304.0000000000
2990 -1303.0000000000
3006 -1302.0000000000
3015 -1301.0000000000
3028 -1300.0000000000
3035 -1299.0000000000
3036 -1298.0000000000
3041 -1297.0000000000
3050 -1296.0000000000
3057 -1294.0000000000
3075 -1292.0000000000
3076 -1291.0000000000
3078 -1290.0000000000
3087 -1288.0000000000
3090 -1287.0000000000
3091 -1286.0000000000
3111 -1285.0000000000
3117 -1284.0000000000
3126 -1282.0000000000
3130 -1281.0000000000
3139 -1280.0000000000
3141 -1279.0000000000
3142 -1277.0000000000
3149 -1276.0000000000
3152 -1275.0000000000
3153 -1274.0000000000
3156 -1273.0000000000
3159 -1272.0000000000
3165 -1271.0000000000
3166 -1269.0000000000
3167 -1267.0000000000
3169 -1266.0000000000
3170 -1265.0000000000
3174 -1263.0000000000
3184 -1262.0000000000
3207 -1261.0000000000
3217 -1260.0000000000
3218 -1259.0000000000
3223 -1258.0000000000
3225 -1257.0000000000
3231 -1256.0000000000
3246 -1255.0000000000
3258 -1254.0000000000
3267 -1252.0000000000
3275 -1251.0000000000
3289 -1250.0000000000
3291 -1249.0000000000
3305 -1248.0000000000
3311 -1247.0000000000
3314 -1246.0000000000
3317 -1245.0000000000
3326 -1244.0000000000
3332 -1243.0000000000
3336 -1242.0000000000
3341 -1240.0000000000
3353 -1239.0000000000
3364 -1237.0000000000
3365 -1236.0000000000
3372 -1234.0000000000
3377 -1233.0000000000
3405 -1232.0000000000
3424 -1231.0000000000
3425 -1230.0000000000
3432 -1229.0000000000
3434 -1226.0000000000
3438 -1225.0000000000
3444 -1224.0000000000
3449 -1223.0000000000
3450 -1222.0000000000
3455 -1221.0000000000
3458 -1220.0000000000
3460 -1219.0000000000
3464 -1217.0000000000
3468 -1216.0000000000
3476 -1215.0000000000
3481 -1214.0000000000
3487 -1213.0000000000
3495 -1211.0000000000
3501 -1210.0000000000
3503 -1209.0000000000
3506 -1208.0000000000
3522 -1207.0000000000
3524 -1206.0000000000
3543 -1205.0000000000
3568 -1204.0000000000
3571 -1203.0000000000
3574 -1202.0000000000
3584 -1201.0000000000
3587 -1200.0000000000
3597 -1199.0000000000
3601 -1197.0000000000
3604 -1196.0000000000
3617 -1195.0000000000
3632 -1194.0000000000
3634 -1193.0000000000
3638 -1192.0000000000
3639 -1191.0000000000
3640 -1190.0000000000
3644 -1189.0000000000
3648 -1188.0000000000
3651 -1187.0000000000
3655 -1186.0000000000
3666 -1185.0000000000
3674 -1183.0000000000
3685 -1181.0000000000
3693 -1179.0000000000
3696 -1178.0000000000
3700 -1177.0000000000
3708 -1176.0000000000
3709 -1175.0000000000
3710 -1174.0000000000
3716 -1173.0000000000
3723 -1172.0000000000
3733 -1171.0000000000
3748 -1170.0000000000
3756 -1169.0000000000
3763 -1168.0000000000
3764 -1166.0000000000
3779 -1165.0000000000
3780 -1164.0000000000
3782 -1163.0000000000
3793 -1162.0000000000
3798 -1161.0000000000
3803 -1160.0000000000
3804 -1159.0000000000
3807 -1158.0000000000
3819 -1157.0000000000
3838 -1156.0000000000
3844 -1155.0000000000
3853 -1154.0000000000
3872 -1153.0000000000
3873 -1151.0000000000
3877 -1150.0000000000
3902 -1149.0000000000
3925 -1148.0000000000
3960 -1147.0000000000
3963 -1146.0000000000
3965 -1145.0000000000
3968 -1143.0000000000
3970 -1142.0000000000
3974 -1141.0000000000
3978 -1140.0000000000
3983 -1139.0000000000
3987 -1138.0000000000
3992 -1137.0000000000
4011 -1135.0000000000
4014 -1134.0000000000
4018 -1132.0000000000
4021 -1131.0000000000
4026 -1130.0000000000
4044 -1129.0000000000
4046 -1128.0000000000
4049 -1127.0000000000
4054 -1126.0000000000
4063 -1125.0000000000
4066 -1124.0000000000
4067 -1123.0000000000
4069 -1122.0000000000
4080 -1121.0000000000
4082 -1120.0000000000
4100 -1119.0000000000
4105 -1118.0000000000
4111 -1117.0000000000
4139 -1116.0000000000
4144 -1115.0000000000
4150 -1114.0000000000
4155 -1112.0000000000
4169 -1110.0000000000
4181 -1109.0000000000
4182 -1108.0000000000
4184 -1107.0000000000
4185 -1106.0000000000
4192 -1105.0000000000
4215 -1104.0000000000
4221 -1103.0000000000
4234 -1102.0000000000
4235 -1101.0000000000
4240 -1100.0000000000
4242 -1099.0000000000
4254 -1098.0000000000
4264 -1097.0000000000
4268 -1096.0000000000
4269 -1095.0000000000
4284 -1094.0000000000
4293 -1093.0000000000
4294 -1091.0000000000
4314 -1090.0000000000
4319 -1089.0000000000
4328 -1088.0000000000
4329 -1087.0000000000
4342 -1086.0000000000
4343 -1085.0000000000
4354 -1084.0000000000
4375 -1083.0000000000
4399 -1082.0000000000
4410 -1080.0000000000
4419 -1078.0000000000
4426 -1077.0000000000
4428 -1076.0000000000
4432 -1075.0000000000
4449 -1072.0000000000
4474 -1071.0000000000
4476 -1070.0000000000
4480 -1069.0000000000
4495 -1068.0000000000
4496 -1067.0000000000
4511 -1066.0000000000
4544 -1065.0000000000
4548 -1064.0000000000
4553 -1063.0000000000
4557 -1062.0000000000
4562 -1061.0000000000
4564 -1060.0000000000
4566 -1059.0000000000
4567 -1058.0000000000
4570 -1057.0000000000
4573 -1056.0000000000
4580 -1055.0000000000
4582 -1054.0000000000
4593 -1053.0000000000
4623 -1052.0000000000
4652 -1051.0000000000
4665 -1050.0000000000
4672 -1049.0000000000
4686 -1048.0000000000
4689 -1047.0000000000
4700 -1046.0000000000
4724 -1045.0000000000
4735 -1044.0000000000
4738 -1043.0000000000
4742 -1042.0000000000
4746 -1041.0000000000
4747 -1038.0000000000
4756 -1037.0000000000
4769 -1036.0000000000
4777 -1035.0000000000
4786 -1034.0000000000
4800 -1033.0000000000
4802 -1032.0000000000
4836 -1031.0000000000
4845 -1030.0000000000
4847 -1029.0000000000
4862 -1028.0000000000
4871 -1027.0000000000
4879 -1026.0000000000
4880 -1025.0000000000
4884 -1024.0000000000
4887 -1022.0000000000
4889 -1021.0000000000
4907 -1020.0000000000
4941 -1019.0000000000
4951 -1018.0000000000
4961 -1017.0000000000
4963 -1016.0000000000
4966 -1015.0000000000
4974 -1013.0000000000
4976 -1012.0000000000
4993 -1011.0000000000
5011 -1010.0000000000
5013 -1009.0000000000
5030 -1007.0000000000
5032 -1006.0000000000
5048 -1005.0000000000
5059 -1004.0000000000
5068 -1003.0000000000
5075 -1002.0000000000
5081 -1001.0000000000
5096 -1000.0000000000
5098 -999.0000000000
5100 -997.0000000000
5108 -996.0000000000
5114 -995.0000000000
5115 -994.0000000000
5125 -993.0000000000
5139 -992.0000000000
5141 -991.0000000000
5143 -990.0000000000
5153 -989.0000000000
5155 -988.0000000000
5166 -987.0000000000
5177 -986.0000000000
5180 -985.0000000000
5183 -984.0000000000
5195 -983.0000000000
5203 -982.0000000000
5204 -981.0000000000
5210 -980.0000000000
5218 -979.0000000000
5224 -978.0000000000
5231 -977.0000000000
5236 -976.0000000000
5248 -974.0000000000
5260 -973.0000000000
5261 -972.0000000000
5266 -971.0000000000
5274 -970.0000000000
5277 -969.0000000000
5281 -968.0000000000
5293 -967.0000000000
5299 -966.0000000000
5310 -965.0000000000
5325 -963.0000000000
5335 -962.0000000000
5344 -961.0000000000
5347 -959.0000000000
5348 -958.0000000000
5356 -957.0000000000
5385 -956.0000000000
5392 -955.0000000000
5393 -954.0000000000
5396 -952.0000000000
5399 -951.0000000000
5418 -950.0000000000
5424 -949.0000000000
5426 -948.0000000000
5433 -947.0000000000
5439 -946.0000000000
5441 -945.0000000000
5451 -944.0000000000
5465 -943.0000000000
5470 -942.0000000000
5475 -941.0000000000
5478 -940.0000000000
5515 -938.0000000000
5518 -937.0000000000
5521 -936.0000000000
5524 -934.0000000000
5529 -933.0000000000
5543 -932.0000000000
5548 -929.0000000000
5557 -928.0000000000
5563 -927.0000000000
5573 -926.0000000000
5580 -925.0000000000
5581 -924.0000000000
5585 -923.0000000000
5590 -922.0000000000
5594 -921.0000000000
5605 -919.0000000000
5607 -918.0000000000
5609 -917.0000000000
5613 -916.0000000000
5650 -914.0000000000
5659 -913.0000000000
5675 -912.0000000000
5684 -911.0000000000
5688 -910.0000000000
5727 -909.0000000000
5752 -907.0000000000
5768 -906.0000000000
5777 -905.0000000000
5789 -904.0000000000
5799 -903.0000000000
5815 -902.0000000000
5845 -901.0000000000
5867 -899.0000000000
5870 -898.0000000000
5887 -897.0000000000
5888 -896.0000000000
5892 -895.0000000000
5901 -894.0000000000
5906 -893.0000000000
5907 -892.0000000000
5929 -891.0000000000
5948 -890.0000000000
5953 -889.0000000000
5957 -888.0000000000
5959 -887.0000000000
5971 -886.0000000000
5972 -885.0000000000
5979 -884.0000000000
5981 -883.0000000000
5996 -882.0000000000
6020 -881.0000000000
6022 -880.0000000000
6041 -879.0000000000
6042 -878.0000000000
6053 -877.0000000000
6072 -876.0000000000
6074 -875.0000000000
6075 -874.0000000000
6089 -873.0000000000
6125 -872.0000000000
6126 -871.0000000000
6132 -869.0000000000
6145 -868.0000000000
6163 -867.0000000000
6176 -866.0000000000
6177 -864.0000000000
6186 -863.0000000000
6189 -862.0000000000
6195 -861.0000000000
6204 -860.0000000000
6212 -858.0000000000
6226 -857.0000000000
6237 -856.0000000000
6249 -855.0000000000
6271 -854.0000000000
6277 -853.0000000000
6311 -852.0000000000
6319 -851.0000000000
6333 -850.0000000000
6335 -849.0000000000
6351 -848.0000000000
6393 -847.0000000000
6394 -846.0000000000
6419 -845.0000000000
6421 -844.0000000000
6423 -843.0000000000
6432 -842.0000000000
6442 -841.0000000000
6447 -840.0000000000
6451 -839.0000000000
6462 -838.0000000000
6472 -837.0000000000
6482 -836.0000000000
6486 -835.0000000000
6519 -834.0000000000
6521 -833.0000000000
6538 -832.0000000000
6539 -831.0000000000
6543 -830.0000000000
6558 -828.0000000000
6572 -827.0000000000
6590 -826.0000000000
6593 -825.0000000000
6595 -824.0000000000
6617 -822.0000000000
6618 -821.0000000000
6620 -820.0000000000
6633 -819.0000000000
6634 -818.0000000000
6638 -817.0000000000
6644 -816.0000000000
6661 -815.0000000000
6665 -814.0000000000
6671 -813.0000000000
6687 -812.0000000000
6693 -811.0000000000
6710 -810.0000000000
6717 -809.0000000000
6730 -808.0000000000
6739 -807.0000000000
6741 -806.0000000000
6766 -805.0000000000
6768 -804.0000000000
6789 -803.0000000000
6801 -802.0000000000
6811 -801.0000000000
6813 -800.0000000000
6827 -799.0000000000
6850 -798.0000000000
6854 -797.0000000000
6867 -796.0000000000
6881 -795.0000000000
6899 -794.0000000000
6927 -793.0000000000
6929 -792.0000000000
6954 -791.0000000000
6956 -790.0000000000
6958 -789.0000000000
6987 -788.0000000000
6998 -787.0000000000
7024 -786.0000000000
7058 -785.0000000000
7094 -784.0000000000
7105 -782.0000000000
7128 -780.0000000000
7136 -779.0000000000
7198 -777.0000000000
7215 -776.0000000000
7244 -774.0000000000
7246 -773.0000000000
7256 -771.0000000000
7258 -770.0000000000
7270 -769.0000000000
7278 -768.0000000000
7312 -767.0000000000
7320 -766.0000000000
7325 -765.0000000000
7330 -764.0000000000
7349 -763.0000000000
7353 -762.0000000000
7357 -761.0000000000
7360 -760.0000000000
7381 -759.0000000000
7407 -758.0000000000
7410 -757.0000000000
7447 -756.0000000000
7449 -755.0000000000
7463 -754.0000000000
7465 -753.0000000000
7474 -752.0000000000
7481 -751.0000000000
7490 -750.0000000000
7498 -749.0000000000
7524 -748.0000000000
7542 -747.0000000000
7554 -746.0000000000
7567 -745.0000000000
7573 -744.0000000000
7579 -743.0000000000
7582 -742.0000000000
7596 -741.0000000000
7601 -740.0000000000
7607 -738.0000000000
7646 -737.0000000000
7651 -736.0000000000
7652 -735.0000000000
7676 -734.0000000000
7689 -733.0000000000
7691 -732.0000000000
7697 -731.0000000000
7729 -730.0000000000
7739 -728.0000000000
7740 -727.0000000000
7750 -726.0000000000
7761 -725.0000000000
7767 -724.0000000000
7772 -723.0000000000
7785 -722.0000000000
7818 -721.0000000000
7833 -720.0000000000
7836 -719.0000000000
7838 -717.0000000000
7839 -716.0000000000
7843 -715.0000000000
7844 -714.0000000000
7854 -713.0000000000
7855 -712.0000000000
7890 -711.0000000000
7908 -710.0000000000
7959 -709.0000000000
7962 -708.0000000000
7969 -707.0000000000
7991 -706.0000000000
8031 -705.0000000000
8047 -704.0000000000
8067 -703.0000000000
8091 -702.0000000000
8106 -701.0000000000
8122 -700.0000000000
8130 -698.0000000000
8139 -697.0000000000
8156 -696.0000000000
8159 -694.0000000000
8163 -693.0000000000
8215 -692.0000000000
8236 -691.0000000000
8244 -690.0000000000
8251 -689.0000000000
8259 -688.0000000000
8295 -687.0000000000
8330 -686.0000000000
8331 -685.0000000000
8336 -684.0000000000
8337 -683.0000000000
8346 -682.0000000000
8357 -681.0000000000
8373 -680.0000000000
8376 -679.0000000000
8392 -678.0000000000
8401 -677.0000000000
8455 -676.0000000000
8456 -675.0000000000
8490 -674.0000000000
8500 -673.0000000000
8506 -672.0000000000
8519 -671.0000000000
8524 -670.0000000000
8526 -669.0000000000
8563 -668.0000000000
8586 -667.0000000000
8607 -666.0000000000
8617 -665.0000000000
8619 -664.0000000000
8625 -663.0000000000
8629 -662.0000000000
8645 -661.0000000000
8648 -660.0000000000
8667 -659.0000000000
8685 -658.0000000000
8712 -657.0000000000
8733 -656.0000000000
8777 -655.0000000000
8781 -654.0000000000
8782 -653.0000000000
8791 -652.0000000000
8841 -651.0000000000
8843 -650.0000000000
8849 -649.0000000000
8857 -648.0000000000
8862 -647.0000000000
8866 -646.0000000000
8872 -645.0000000000
8878 -644.0000000000
8886 -643.0000000000
8888 -642.0000000000
8894 -641.0000000000
8916 -640.0000000000
8969 -639.0000000000
8975 -638.0000000000
9008 -637.0000000000
9012 -636.0000000000
9034 -635.0000000000
9041 -634.0000000000
9107 -633.0000000000
9114 -632.0000000000
9115 -630.0000000000
9127 -629.0000000000
9130 -628.0000000000
9154 -627.0000000000
9167 -625.0000000000
9168 -624.0000000000
9185 -623.0000000000
9197 -622.0000000000
9201 -621.0000000000
9215 -620.0000000000
9251 -619.0000000000
9288 -618.0000000000
9296 -617.0000000000
9303 -616.0000000000
9324 -615.0000000000
9341 -614.0000000000
9364 -612.0000000000
9371 -611.0000000000
9383 -610.0000000000
9415 -609.0000000000
9449 -608.0000000000
9468 -607.0000000000
9477 -606.0000000000
9490 -605.0000000000
9549 -604.0000000000
9571 -603.0000000000
9650 -602.0000000000
9654 -601.0000000000
9693 -600.0000000000
9739 -599.0000000000
9791 -598.0000000000
9808 -597.0000000000
9827 -596.0000000000
9833 -595.0000000000
9838 -593.0000000000
9866 -592.0000000000
9868 -591.0000000000
9869 -589.0000000000
9904 -588.0000000000
9967 -587.0000000000
9980 -586.0000000000
10000 -586.0000000000
evaluations raw_y
1 -2016.0000000000
3 -2015.0000000000
6 -2014.0000000000
10 -2013.0000000000
14 -2012.0000000000
15 -2010.0000000000
21 -2009.0000000000
23 -2008.0000000000
24 -2007.0000000000
28 -2006.0000000000
33 -2004.0000000000
39 -2003.0000000000
41 -2000.0000000000
46 -1999.0000000000
49 -1998.0000000000
54 -1997.0000000000
61 -1996.0000000000
66 -1995.0000000000
68 -1994.0000000000
69 -1993.0000000000
70 -1992.0000000000
73 -1991.0000000000
85 -1990.0000000000
88 -1988.0000000000
90 -1987.0000000000
91 -1984.0000000000
94 -1983.0000000000
103 -1982.0000000000
104 -1981.0000000000
113 -1980.0000000000
115 -1979.0000000000
121 -1978.0000000000
125 -1977.0000000000
129 -1976.0000000000
132 -1975.0000000000
141 -1974.0000000000
147 -1973.0000000000
152 -1972.0000000000
157 -1971.0000000000
161 -1969.0000000000
165 -1967.0000000000
166 -1965.0000000000
167 -1964.0000000000
168 -1962.0000000000
170 -1960.0000000000
171 -1958.0000000000
176 -1957.0000000000
182 -1956.0000000000
186 -1955.0000000000
187 -1953.0000000000
189 -1952.0000000000
190 -1949.0000000000
193 -1948.0000000000
199 -1947.0000000000
203 -1945.0000000000
204 -1943.0000000000
206 -1942.0000000000
210 -1941.0000000000
211 -1940.0000000000
212 -1939.0000000000
216 -1938.0000000000
217 -1937.0000000000
219 -1935.0000000000
221 -1934.0000000000
223 -1933.0000000000
224 -1932.0000000000
227 -1931.0000000000
231 -1929.0000000000
232 -1927.0000000000
233 -1925.0000000000
242 -1924.0000000000
245 -1921.0000000000
248 -1919.0000000000
253 -1917.0000000000
254 -1916.0000000000
255 -1915.0000000000
264 -1914.0000000000
265 -1913.0000000000
268 -1912.0000000000
269 -1911.0000000000
276 -1910.0000000000
287 -1909.0000000000
293 -1908.0000000000
296 -1906.0000000000
304 -1905.0000000000
305 -1904.0000000000
310 -1903.0000000000
311 -1902.0000000000
315 -1901.0000000000
318 -1900.0000000000
329 -1897.0000000000
330 -1896.0000000000
331 -1895.0000000000
352 -1894.0000000000
361 -1893.0000000000
363 -1892.0000000000
367 -1891.0000000000
372 -1890.0000000000
376 -1889.0000000000
380 -1888.0000000000
383 -1885.0000000000
389 -1884.0000000000
390 -1882.0000000000
395 -1881.0000000000
396 -1880.0000000000
398 -1879.0000000000
407 -1878.0000000000
408 -1877.0000000000
413 -1875.0000000000
418 -1872.0000000000
419 -1869.0000000000
421 -1867.0000000000
424 -1866.0000000000
434 -1865.0000000000
437 -1864.0000000000
443 -1861.0000000000
444 -1860.0000000000
447 -1857.0000000000
448 -1855.0000000000
455 -1853.0000000000
459 -1852.0000000000
461 -1851.0000000000
464 -1849.0000000000
474 -1847.0000000000
484 -1846.0000000000
490 -1844.0000000000
491 -1843.0000000000
496 -1842.0000000000
498 -1841.0000000000
506 -1840.0000000000
507 -1839.0000000000
512 -1838.0000000000
517 -1837.0000000000
523 -1836.0000000000
531 -1834.0000000000
532 -1833.0000000000
535 -1832.0000000000
536 -1831.0000000000
542 -1829.0000000000
545 -1828.0000000000
548 -1827.0000000000
551 -1826.0000000000
552 -1825.0000000000
563 -1823.0000000000
564 -1822.0000000000
570 -1821.0000000000
572 -1820.0000000000
576 -1818.0000000000
582 -1817.0000000000
585 -1815.0000000000
586 -1813.0000000000
587 -1812.0000000000
599 -1810.0000000000
600 -1809.0000000000
602 -1808.0000000000
604 -1807.0000000000
605 -1806.0000000000
606 -1805.0000000000
607 -1804.0000000000
620 -1803.0000000000
627 -1801.0000000000
641 -1800.0000000000
646 -1798.0000000000
649 -1797.0000000000
662 -1795.0000000000
672 -1794.0000000000
678 -1792.0000000000
681 -1791.0000000000
682 -1790.0000000000
686 -1788.0000000000
687 -1787.0000000000
689 -1786.0000000000
691 -1785.0000000000
693 -1784.0000000000
694 -1783.0000000000
696 -1782.0000000000
708 -1781.0000000000
709 -1780.0000000000
715 -1779.0000000000
716 -1778.0000000000
723 -1777.0000000000
724 -1776.0000000000
729 -1775.0000000000
732 -1774.0000000000
737 -1773.0000000000
741 -1772.0000000000
747 -1771.0000000000
748 -1770.0000000000
749 -1769.0000000000
751 -1768.0000000000
760 -1766.0000000000
763 -1764.0000000000
766 -1763.0000000000
767 -1762.0000000000
768 -1761.0000000000
774 -1759.0000000000
775 -1758.0000000000
783 -1757.0000000000
785 -1756.0000000000
799 -1755.0000000000
800 -1754.0000000000
801 -1753.0000000000
803 -1752.0000000000
820 -1751.0000000000
821 -1750.0000000000
822 -1749.0000000000
828 -1747.0000000000
833 -1745.0000000000
841 -1744.0000000000
845 -1743.0000000000
846 -1742.0000000000
848 -1741.0000000000
859 -1740.0000000000
860 -1739.0000000000
863 -1738.0000000000
868 -1737.0000000000
874 -1736.0000000000
880 -1735.0000000000
884 -1734.0000000000
889 -1733.0000000000
890 -1730.0000000000
902 -1728.0000000000
903 -1726.0000000000
905 -1725.0000000000
907 -1723.0000000000
909 -1721.0000000000
910 -1720.0000000000
912 -1718.0000000000
917 -1717.0000000000
919 -1716.0000000000
927 -1714.0000000000
931 -1713.0000000000
934 -1712.0000000000
936 -1711.0000000000
950 -1709.0000000000
951 -1708.0000000000
957 -1707.0000000000
960 -1706.0000000000
963 -1705.0000000000
966 -1704.0000000000
972 -1703.0000000000
977 -1702.0000000000
983 -1701.0000000000
985 -1700.0000000000
986 -1698.0000000000
995 -1696.0000000000
997 -1695.0000000000
998 -1694.0000000000
1003 -1693.0000000000
1005 -1690.0000000000
1011 -1689.0000000000
1019 -1688.0000000000
1020 -1686.0000000000
1021 -1685.0000000000
1036 -1684.0000000000
1039 -1683.0000000000
1041 -1682.0000000000
1050 -1681.0000000000
1051 -1680.0000000000
1057 -1679.0000000000
1063 -1678.0000000000
1065 -1677.0000000000
1066 -1676.0000000000
1067 -1674.0000000000
1070 -1673.0000000000
1079 -1672.0000000000
1083 -1671.0000000000
1085 -1669.0000000000
1088 -1668.0000000000
1098 -1665.0000000000
1100 -1664.0000000000
1109 -1663.0000000000
1114 -1662.0000000000
1116 -1661.0000000000
1121 -1660.0000000000
1122 -1658.0000000000
1126 -1656.0000000000
1130 -1655.0000000000
1135 -1654.0000000000
1138 -1653.0000000000
1139 -1652.0000000000
1144 -1651.0000000000
1146 -1650.0000000000
1149 -1649.0000000000
1154 -1648.0000000000
1158 -1647.0000000000
1164 -1646.0000000000
1166 -1645.0000000000
1167 -1644.0000000000
1169 -1643.0000000000
1172 -1642.0000000000
1177 -1641.0000000000
1178 -1640.0000000000
1179 -1639.0000000000
1180 -1637.0000000000
1183 -1636.0000000000
1204 -1635.0000000000
1205 -1634.0000000000
1209 -1633.0000000000
1212 -1632.0000000000
1213 -1631.0000000000
1220 -1630.0000000000
1231 -1629.0000000000
1235 -1628.0000000000
1239 -1627.0000000000
1256 -1626.0000000000
1261 -1625.0000000000
1268 -1624.0000000000
1273 -1623.0000000000
1275 -1621.0000000000
1280 -1620.0000000000
1282 -1619.0000000000
1287 -1618.0000000000
1299 -1617.0000000000
1309 -1616.0000000000
1312 -1615.0000000000
1314 -1614.0000000000
1320 -1613.0000000000
1321 -1612.0000000000
1325 -1611.0000000000
1326 -1610.0000000000
1329 -1609.0000000000
1338 -1608.0000000000
1340 -1607.0000000000
1353 -1606.0000000000
1362 -1605.0000000000
1366 -1604.0000000000
1378 -1603.0000000000
1379 -1601.0000000000
1386 -1599.0000000000
1387 -1598.0000000000
1393 -1597.0000000000
1400 -1596.0000000000
1401 -1595.0000000000
1406 -1594.0000000000
1409 -1593.0000000000
1410 -1592.0000000000
1416 -1591.0000000000
1419 -1590.0000000000
1426 -1589.0000000000
1427 -1588.0000000000
1432 -1587.0000000000
1435 -1586.0000000000
1436 -1585.0000000000
1437 -1584.0000000000
1438 -1582.0000000000
1449 -1581.0000000000
1452 -1580.0000000000
1457 -1579.0000000000
1460 -1578.0000000000
1472 -1577.0000000000
1475 -1576.0000000000
1476 -1575.0000000000
1485 -1574.0000000000
1487 -1573.0000000000
1507 -1572.0000000000
1510 -1571.0000000000
1522 -1570.0000000000
1523 -1569.0000000000
1524 -1568.0000000000
1526 -1567.0000000000
1530 -1566.0000000000
1535 -1564.0000000000
1541 -1563.0000000000
1548 -1562.0000000000
1549 -1561.0000000000
1555 -1560.0000000000
1561 -1559.0000000000
1566 -1558.0000000000
1567 -1556.0000000000
1574 -1555.0000000000
1578 -1554.0000000000
1591 -1553.0000000000
1595 -1552.0000000000
1617 -1550.0000000000
1629 -1549.0000000000
1634 -1548.0000000000
1636 -1547.0000000000
1637 -1546.0000000000
1642 -1545.0000000000
1651 -1544.0000000000
1658 -1543.0000000000
1659 -1542.0000000000
1661 -1541.0000000000
1664 -1540.0000000000
1667 -1539.0000000000
1683 -1538.0000000000
1684 -1537.0000000000
1685 -1536.0000000000
1689 -1534.0000000000
1694 -1533.0000000000
1698 -1532.0000000000
1703 -1530.0000000000
1712 -1529.0000000000
1713 -1527.0000000000
1719 -1526.0000000000
1749 -1525.0000000000
1751 -1524.0000000000
1772 -1523.0000000000
1780 -1522.0000000000
1792 -1521.0000000000
1795 -1520.0000000000
1799 -1517.0000000000
1803 -1516.0000000000
1804 -1515.0000000000
1819 -1514.0000000000
1821 -1513.0000000000
1823 -1511.0000000000
1836 -1510.0000000000
1838 -1509.0000000000
1847 -1508.0000000000
1863 -1506.0000000000
1875 -1505.0000000000
1901 -1504.0000000000
1906 -1503.0000000000
1910 -1502.0000000000
1922 -1501.0000000000
1926 -1500.0000000000
1934 -1499.0000000000
1939 -1498.0000000000
1947 -1497.0000000000
1949 -1495.0000000000
1952 -1492.0000000000
1954 -1490.0000000000
1959 -1488.0000000000
1969 -1487.0000000000
1980 -1486.0000000000
1995 -1484.0000000000
1996 -1482.0000000000
2003 -1481.0000000000
2008 -1479.0000000000
2017 -1478.0000000000
2019 -1477.0000000000
2022 -1475.0000000000
2031 -1474.0000000000
2038 -1473.0000000000
2062 -1472.0000000000
2065 -1470.0000000000
2084 -1469.0000000000
2089 -1467.0000000000
2093 -1465.0000000000
2104 -1464.0000000000
2106 -1462.0000000000
2111 -1461.0000000000
2115 -1460.0000000000
2122 -1459.0000000000
2123 -1458.0000000000
2128 -1457.0000000000
2129 -1456.0000000000
2139 -1455.0000000000
2141 -1453.0000000000
2144 -1452.0000000000
2145 -1451.0000000000
2153 -1450.0000000000
2155 -1449.0000000000
2160 -1448.0000000000
2166 -1447.0000000000
2171 -1446.0000000000
2172 -1445.0000000000
2173 -1444.0000000000
2177 -1443.0000000000
2183 -1442.0000000000
2185 -1440.0000000000
2186 -1439.0000000000
2200 -1437.0000000000
2201 -1436.0000000000
2225 -1435.0000000000
2247 -1434.0000000000
2254 -1433.0000000000
2256 -1432.0000000000
2258 -1430.0000000000
2259 -1429.0000000000
2265 -1428.0000000000
2267 -1427.0000000000
2270 -1426.0000000000
2275 -1425.0000000000
2282 -1424.0000000000
2286 -1423.0000000000
2291 -1421.0000000000
2314 -1420.0000000000
2321 -1419.0000000000
2328 -1418.0000000000
2331 -1417.0000000000
2332 -1415.0000000000
2342 -1414.0000000000
2343 -1413.0000000000
2351 -1412.0000000000
2355 -1410.0000000000
2359 -1409.0000000000
2361 -1408.0000000000
2362 -1407.0000000000
2365 -1406.0000000000
2368 -1405.0000000000
2386 -1404.0000000000
2391 -1403.0000000000
2399 -1402.0000000000
2404 -1400.0000000000
2406 -1399.0000000000
2412 -1398.0000000000
2418 -1397.0000000000
2423 -1395.0000000000
2425 -1393.0000000000
2426 -1391.0000000000
2428 -1390.0000000000
2435 -1389.0000000000
2438 -1387.0000000000
2443 -1386.0000000000
2446 -1385.0000000000
2452 -1384.0000000000
2454 -1383.0000000000
2455 -1382.0000000000
2461 -1381.0000000000
2465 -1380.0000000000
2474 -1379.0000000000
2480 -1378.0000000000
2482 -1377.0000000000
2489 -1376.0000000000
2490 -1375.0000000000
2497 -1374.0000000000
2508 -1373.0000000000
2511 -1372.0000000000
2528 -1371.0000000000
2541 -1370.0000000000
2545 -1369.0000000000
2547 -1368.0000000000
2552 -1367.0000000000
2561 -1366.0000000000
2564 -1365.0000000000
2571 -1364.0000000000
2574 -1363.0000000000
2576 -1362.0000000000
2583 -1361.0000000000
2585 -1360.0000000000
2602 -1359.0000000000
2612 -1358.0000000000
2617 -1356.0000000000
2618 -1355.0000000000
2623 -1353.0000000000
2630 -1352.0000000000
2632 -1351.0000000000
2637 -1350.0000000000
2647 -1349.0000000000
2655 -1348.0000000000
2656 -1347.0000000000
2657 -1344.0000000000
2673 -1343.0000000000
2676 -1342.0000000000
2677 -1341.0000000000
2678 -1339.0000000000
2684 -1338.0000000000
2700 -1337.0000000000
2703 -1336.0000000000
2712 -1335.0000000000
2716 -1334.0000000000
2723 -1333.0000000000
2724 -1332.0000000000
2727 -1331.0000000000
2738 -1330.0000000000
2742 -1329.0000000000
2744 -1328.0000000000
2749 -1327.0000000000
2750 -1326.0000000000
2753 -1325.0000000000
2755 -1323.0000000000
2756 -1322.0000000000
2758 -1321.0000000000
2761 -1320.0000000000
2768 -1319.0000000000
2777 -1318.0000000000
2786 -1317.0000000000
2788 -1316.0000000000
2804 -1315.0000000000
2805 -1314.0000000000
2807 -1313.0000000000
2819 -1312.0000000000
2823 -1311.0000000000
2838 -1309.0000000000
2841 -1307.0000000000
2853 -1306.0000000000
2855 -1304.0000000000
2859 -1303.0000000000
2861 -1301.0000000000
2862 -1300.0000000000
2869 -1299.0000000000
2870 -1298.0000000000
2875 -1297.0000000000
2882 -1296.0000000000
2890 -1295.0000000000
2892 -1294.0000000000
2900 -1293.0000000000
2914 -1292.0000000000
2917 -1291.0000000000
2921 -1290.0000000000
2926 -1289.0000000000
2939 -1288.0000000000
2942 -1287.0000000000
2945 -1286.0000000000
2947 -1285.0000000000
2955 -1284.0000000000
2961 -1283.0000000000
2965 -1282.0000000000
2990 -1281.0000000000
2991 -1280.0000000000
3004 -1278.0000000000
3019 -1277.0000000000
3024 -1276.0000000000
3040 -1274.0000000000
3046 -1273.0000000000
3078 -1272.0000000000
3092 -1271.0000000000
3133 -1270.0000000000
3136 -1269.0000000000
3139 -1268.0000000000
3140 -1267.0000000000
3147 -1264.0000000000
3154 -1263.0000000000
3161 -1262.0000000000
3177 -1261.0000000000
3178 -1260.0000000000
3182 -1259.0000000000
3187 -1258.0000000000
3192 -1257.0000000000
3197 -1256.0000000000
3214 -1254.0000000000
3220 -1253.0000000000
3222 -1252.0000000000
3232 -1251.0000000000
3234 -1250.0000000000
3242 -1249.0000000000
3256 -1248.0000000000
3276 -1247.0000000000
3284 -1246.0000000000
3285 -1245.0000000000
3309 -1244.0000000000
3313 -1243.0000000000
3314 -1242.0000000000
3318 -1241.0000000000
3325 -1240.0000000000
3329 -1239.0000000000
3336 -1238.0000000000
3337 -1237.0000000000
3351 -1236.0000000000
3353 -1235.0000000000
3354 -1234.0000000000
3356 -1233.0000000000
3364 -1232.0000000000
3372 -1230.0000000000
3387 -1228.0000000000
3389 -1227.0000000000
3395 -1226.0000000000
3396 -1225.0000000000
3410 -1224.0000000000
3411 -1223.0000000000
3416 -1222.0000000000
3429 -1221.0000000000
3434 -1219.0000000000
3445 -1218.0000000000
3450 -1217.0000000000
3453 -1216.0000000000
3455 -1215.0000000000
3458 -1214.0000000000
3459 -1213.0000000000
3479 -1212.0000000000
3508 -1211.0000000000
3509 -1210.0000000000
3514 -1209.0000000000
3515 -1208.0000000000
3518 -1207.0000000000
3524 -1206.0000000000
3527 -1205.0000000000
3532 -1203.0000000000
3533 -1202.0000000000
3536 -1201.0000000000
3537 -1199.0000000000
3554 -1198.0000000000
3559 -1197.0000000000
3562 -1195.0000000000
3567 -1194.0000000000
3572 -1193.0000000000
3574 -1192.0000000000
3578 -1191.0000000000
3579 -1189.0000000000
3588 -1188.0000000000
3600 -1186.0000000000
3616 -1185.0000000000
3629 -1184.0000000000
3639 -1183.0000000000
3655 -1182.0000000000
3663 -1181.0000000000
3668 -1180.0000000000
3677 -1179.0000000000
3691 -1178.0000000000
3692 -1177.0000000000
3701 -1176.0000000000
3724 -1175.0000000000
3728 -1174.0000000000
3731 -1173.0000000000
3733 -1172.0000000000
3741 -1171.0000000000
3745 -1170.0000000000
3747 -1168.0000000000
3776 -1167.0000000000
3777 -1166.0000000000
3782 -1165.0000000000
3784 -1164.0000000000
3796 -1163.0000000000
3827 -1162.0000000000
3840 -1161.0000000000
3846 -1160.0000000000
3849 -1159.0000000000
3859 -1158.0000000000
3862 -1157.0000000000
3903 -1156.0000000000
3904 -1155.0000000000
3905 -1153.0000000000
3906 -1152.0000000000
3919 -1151.0000000000
3925 -1150.0000000000
3929 -1149.0000000000
3945 -1148.0000000000
3966 -1147.0000000000
3972 -1146.0000000000
3975 -1145.0000000000
3996 -1144.0000000000
3997 -1143.0000000000
4003 -1142.0000000000
4008 -1141.0000000000
4026 -1140.0000000000
4032 -1139.0000000000
4037 -1138.0000000000
4038 -1137.0000000000
4041 -1136.0000000000
4045 -1135.0000000000
4046 -1134.0000000000
4048 -1133.0000000000
4049 -1132.0000000000
4051 -1131.0000000000
4065 -1129.0000000000
4066 -1127.0000000000
4070 -1125.0000000000
4072 -1124.0000000000
4074 -1122.0000000000
4078 -1121.0000000000
4097 -1120.0000000000
4115 -1119.0000000000
4131 -1118.0000000000
4143 -1117.0000000000
4147 -1116.0000000000
4156 -1115.0000000000
4157 -1114.0000000000
4163 -1113.0000000000
4170 -1112.0000000000
4174 -1111.0000000000
4200 -1110.0000000000
4208 -1109.0000000000
4210 -1108.0000000000
4221 -1107.0000000000
4234 -1105.0000000000
4239 -1104.0000000000
4254 -1103.0000000000
4260 -1102.0000000000
4264 -1101.0000000000
4266 -1100.0000000000
4269 -1099.0000000000
4276 -1098.0000000000
4288 -1097.0000000000
4290 -1095.0000000000
4291 -1094.0000000000
4308 -1093.0000000000
4316 -1092.0000000000
4325 -1091.0000000000
4331 -1089.0000000000
4336 -1088.0000000000
4344 -1087.0000000000
4346 -1086.0000000000
4347 -1083.0000000000
4353 -1081.0000000000
4356 -1080.0000000000
4357 -1079.0000000000
4368 -1078.0000000000
4380 -1077.0000000000
4388 -1076.0000000000
4396 -1075.0000000000
4414 -1074.0000000000
4417 -1073.0000000000
4420 -1072.0000000000
4435 -1071.0000000000
4460 -1070.0000000000
4467 -1069.0000000000
4468 -1068.0000000000
4486 -1067.0000000000
4502 -1066.0000000000
4503 -1065.0000000000
4514 -1064.0000000000
4518 -1063.0000000000
4520 -1062.0000000000
4522 -1060.0000000000
4526 -1058.0000000000
4537 -1057.0000000000
4538 -1056.0000000000
4543 -1055.0000000000
4568 -1054.0000000000
4572 -1053.0000000000
4581 -1052.0000000000
4585 -1051.0000000000
4589 -1050.0000000000
4590 -1049.0000000000
4596 -1048.0000000000
4607 -1047.0000000000
4609 -1046.0000000000
4610 -1045.0000000000
4627 -1044.0000000000
4652 -1043.0000000000
4653 -1042.0000000000
4670 -1041.0000000000
4673 -1040.0000000000
4679 -1039.0000000000
4682 -1038.0000000000
4684 -1037.0000000000
4688 -1036.0000000000
4699 -1035.0000000000
4703 -1034.0000000000
4711 -1033.0000000000
4715 -1032.0000000000
4722 -1031.0000000000
4735 -1030.0000000000
4768 -1029.0000000000
4774 -1028.0000000000
4778 -1027.0000000000
4779 -1026.0000000000
4782 -1025.0000000000
4784 -1024.0000000000
4787 -1022.0000000000
4788 -1021.0000000000
4798 -1020.0000000000
4802 -1019.0000000000
4807 -1018.0000000000
4839 -1017.0000000000
4840 -1016.0000000000
4850 -1015.0000000000
4867 -1014.0000000000
4870 -1013.0000000000
4871 -1011.0000000000
4873 -1010.0000000000
4882 -1009.0000000000
4885 -1008.0000000000
4887 -1007.0000000000
4910 -1006.0000000000
4919 -1005.0000000000
4938 -1004.0000000000
4939 -1003.0000000000
4941 -1002.0000000000
4947 -1001.0000000000
4949 -1000.0000000000
4954 -999.0000000000
4958 -998.0000000000
4962 -997.0000000000
4972 -996.0000000000
4975 -995.0000000000
4977 -994.0000000000
4984 -993.0000000000
4996 -992.0000000000
5000 -991.0000000000
5014 -990.0000000000
5020 -989.0000000000
5024 -988.0000000000
5028 -987.0000000000
5029 -986.0000000000
5034 -985.0000000000
5036 -984.0000000000
5038 -983.0000000000
5048 -982.0000000000
5058 -981.0000000000
5064 -980.0000000000
5085 -979.0000000000
5092 -978.0000000000
5096 -977.0000000000
5102 -976.0000000000
5127 -975.0000000000
5130 -974.0000000000
5136 -973.0000000000
5140 -972.0000000000
5154 -971.0000000000
5155 -970.0000000000
5160 -969.0000000000
5163 -967.0000000000
5173 -966.0000000000
5189 -964.0000000000
5196 -963.0000000000
5205 -962.0000000000
5212 -961.0000000000
5224 -960.0000000000
5225 -959.0000000000
5230 -958.0000000000
5238 -957.0000000000
5261 -955.0000000000
5264 -954.0000000000
5284 -953.0000000000
5289 -952.0000000000
5306 -950.0000000000
5358 -949.0000000000
5365 -948.0000000000
5374 -946.0000000000
5409 -944.0000000000
5412 -943.0000000000
5419 -942.0000000000
5420 -941.0000000000
5461 -940.0000000000
5465 -939.0000000000
5476 -938.0000000000
5485 -937.0000000000
5494 -936.0000000000
5498 -935.0000000000
5507 -933.0000000000
5511 -932.0000000000
5513 -931.0000000000
5521 -930.0000000000
5545 -929.0000000000
5548 -928.0000000000
5552 -927.0000000000
5556 -926.0000000000
5566 -925.0000000000
5567 -924.0000000000
5590 -923.0000000000
5603 -922.0000000000
5605 -921.0000000000
5609 -920.0000000000
5620 -919.0000000000
5621 -918.0000000000
5660 -916.0000000000
5661 -915.0000000000
5676 -914.0000000000
5679 -913.0000000000
5683 -912.0000000000
5693 -911.0000000000
5706 -910.0000000000
5727 -909.0000000000
5729 -908.0000000000
5754 -905.0000000000
5755 -903.0000000000
5759 -902.0000000000
5770 -901.0000000000
5771 -900.0000000000
5773 -898.0000000000
5779 -897.0000000000
5795 -896.0000000000
5802 -895.0000000000
5822 -894.0000000000
5828 -893.0000000000
5829 -892.0000000000
5833 -891.0000000000
5835 -890.0000000000
5861 -889.0000000000
5862 -888.0000000000
5876 -886.0000000000
5895 -885.0000000000
5897 -884.0000000000
5915 -883.0000000000
5921 -882.0000000000
5950 -881.0000000000
5955 -880.0000000000
5974 -878.0000000000
6017 -877.0000000000
6039 -876.0000000000
6040 -875.0000000000
6061 -874.0000000000
6067 -873.0000000000
6093 -872.0000000000
6095 -870.0000000000
6102 -869.0000000000
6113 -868.0000000000
6123 -867.0000000000
6126 -866.0000000000
6140 -865.0000000000
6145 -864.0000000000
6162 -863.0000000000
6176 -862.0000000000
6177 -861.0000000000
6179 -860.0000000000
6186 -859.0000000000
6187 -857.0000000000
6189 -855.0000000000
6196 -854.0000000000
6205 -853.0000000000
6213 -852.0000000000
6233 -851.0000000000
6239 -850.0000000000
6243 -849.0000000000
6246 -848.0000000000
6259 -847.0000000000
6266 -844.0000000000
6271 -843.0000000000
6276 -842.0000000000
6281 -841.0000000000
6302 -840.0000000000
6303 -839.0000000000
6308 -838.0000000000
6312 -837.0000000000
6318 -836.0000000000
6320 -835.0000000000
6326 -834.0000000000
6333 -833.0000000000
6342 -832.0000000000
6351 -831.0000000000
6379 -830.0000000000
6388 -829.0000000000
6390 -828.0000000000
6402 -827.0000000000
6431 -826.0000000000
6432 -825.0000000000
6436 -824.0000000000
6459 -823.0000000000
6467 -822.0000000000
6470 -821.0000000000
6507 -820.0000000000
6509 -819.0000000000
6544 -818.0000000000
6552 -817.0000000000
6554 -816.0000000000
6576 -815.0000000000
6579 -814.0000000000
6580 -812.0000000000
6582 -811.0000000000
6584 -810.0000000000
6592 -809.0000000000
6609 -808.0000000000
6610 -807.0000000000
6634 -806.0000000000
6646 -805.0000000000
6662 -804.0000000000
6680 -802.0000000000
6686 -801.0000000000
6694 -800.0000000000
6717 -799.0000000000
6722 -798.0000000000
6728 -797.0000000000
6732 -796.0000000000
6740 -795.0000000000
6755 -793.0000000000
6773 -792.0000000000
6781 -791.0000000000
6790 -790.0000000000
6794 -789.0000000000
6800 -788.0000000000
6808 -786.0000000000
6810 -785.0000000000
6823 -783.0000000000
6826 -782.0000000000
6828 -780.0000000000
6838 -779.0000000000
6853 -778.0000000000
6881 -777.0000000000
6885 -776.0000000000
6904 -775.0000000000
6907 -774.0000000000
6911 -773.0000000000
6925 -772.0000000000
6938 -771.0000000000
6966 -769.0000000000
6978 -768.0000000000
6982 -766.0000000000
7016 -764.0000000000
7028 -763.0000000000
7037 -762.0000000000
7041 -760.0000000000
7059 -759.0000000000
7070 -758.0000000000
7117 -757.0000000000
7128 -756.0000000000
7130 -755.0000000000
7133 -754.0000000000
7144 -753.0000000000
7151 -752.0000000000
7195 -751.0000000000
7196 -750.0000000000
7200 -748.0000000000
7209 -747.0000000000
7214 -746.0000000000
7238 -745.0000000000
7252 -744.0000000000
7260 -743.0000000000
7265 -742.0000000000
7294 -741.0000000000
7299 -740.0000000000
7326 -739.0000000000
7346 -738.0000000000
7363 -737.0000000000
7366 -736.0000000000
7378 -735.0000000000
7387 -734.0000000000
7392 -733.0000000000
7445 -732.0000000000
7451 -731.0000000000
7454 -730.0000000000
7455 -729.0000000000
7469 -728.0000000000
7472 -727.0000000000
7476 -726.0000000000
7479 -725.0000000000
7480 -724.0000000000
7481 -723.0000000000
7488 -721.0000000000
7534 -720.0000000000
7550 -719.0000000000
7551 -718.0000000000
7567 -717.0000000000
7575 -716.0000000000
7577 -715.0000000000
7581 -714.0000000000
7593 -713.0000000000
7596 -712.0000000000
7625 -711.0000000000
7637 -710.0000000000
7639 -709.0000000000
7646 -708.0000000000
7666 -707.0000000000
7671 -706.0000000000
7681 -705.0000000000
7705 -703.0000000000
7714 -702.0000000000
7723 -701.0000000000
7726 -700.0000000000
7728 -699.0000000000
7730 -698.0000000000
7746 -697.0000000000
7756 -696.0000000000
7768 -695.0000000000
7789 -694.0000000000
7795 -693.0000000000
7810 -692.0000000000
7821 -690.0000000000
7828 -689.0000000000
7831 -688.0000000000
7863 -687.0000000000
7921 -686.0000000000
7923 -685.0000000000
7924 -684.0000000000
7941 -683.0000000000
7942 -682.0000000000
7947 -681.0000000000
7948 -680.0000000000
7955 -679.0000000000
7972 -678.0000000000
7978 -677.0000000000
7995 -676.0000000000
7996 -675.0000000000
7999 -674.0000000000
8015 -673.0000000000
8016 -672.0000000000
8017 -671.0000000000
8021 -670.0000000000
8042 -668.0000000000
8056 -667.0000000000
8059 -666.0000000000
8072 -665.0000000000
8077 -664.0000000000
8136 -663.0000000000
8137 -662.0000000000
8177 -661.0000000000
8201 -660.0000000000
8204 -659.0000000000
8211 -658.0000000000
8212 -657.0000000000
8226 -656.0000000000
8267 -655.0000000000
8289 -654.0000000000
8324 -653.0000000000
8328 -652.0000000000
8353 -651.0000000000
8359 -649.0000000000
8363 -648.0000000000
8373 -647.0000000000
8380 -645.0000000000
8428 -644.0000000000
8431 -643.0000000000
8441 -642.0000000000
8446 -641.0000000000
8450 -640.0000000000
8483 -639.0000000000
8490 -638.0000000000
8491 -637.0000000000
8499 -636.0000000000
8500 -634.0000000000
8504 -633.0000000000
8520 -632.0000000000
8532 -631.0000000000
8554 -630.0000000000
8609 -629.0000000000
8615 -628.0000000000
8628 -627.0000000000
8648 -626.0000000000
8653 -625.0000000000
8656 -624.0000000000
8673 -623.0000000000
8720 -622.0000000000
8731 -621.0000000000
8733 -620.0000000000
8741 -619.0000000000
8758 -618.0000000000
8802 -617.0000000000
8808 -616.0000000000
8816 -615.0000000000
8853 -614.0000000000
8863 -612.0000000000
8866 -611.0000000000
8870 -610.0000000000
8872 -609.0000000000
8921 -608.0000000000
8976 -607.0000000000
8980 -606.0000000000
8989 -605.0000000000
8996 -604.0000000000
9009 -603.0000000000
9020 -602.0000000000
9033 -601.0000000000
9034 -600.0000000000
9041 -598.0000000000
9065 -597.0000000000
9111 -596.0000000000
9116 -595.0000000000
9140 -594.0000000000
9148 -593.0000000000
9156 -591.0000000000
9161 -590.0000000000
9183 -589.0000000000
9188 -588.0000000000
9202 -587.0000000000
9203 -586.0000000000
9210 -585.0000000000
9214 -584.0000000000
9220 -583.0000000000
9248 -581.0000000000
9260 -580.0000000000
9262 -579.0000000000
9287 -578.0000000000
9288 -577.0000000000
9296 -576.0000000000
9304 -575.0000000000
9316 -574.0000000000
9331 -573.0000000000
9336 -572.0000000000
9351 -571.0000000000
9380 -570.0000000000
9423 -569.0000000000
9438 -568.0000000000
9448 -567.0000000000
9460 -566.0000000000
9461 -565.0000000000
9470 -564.0000000000
9484 -562.0000000000
9501 -561.0000000000
9511 -560.0000000000
9521 -559.0000000000
9535 -558.0000000000
9556 -557.0000000000
9567 -556.0000000000
9575 -555.0000000000
9577 -554.0000000000
9583 -553.0000000000
9584 -552.0000000000
9595 -551.0000000000
9615 -550.0000000000
9635 -549.0000000000
9676 -548.0000000000
9684 -547.0000000000
9691 -546.0000000000
9692 -545.0000000000
9702 -544.0000000000
9705 -542.0000000000
9710 -541.0000000000
9748 -540.0000000000
9821 -539.0000000000
9840 -538.0000000000
9867 -536.0000000000
9870 -535.0000000000
9877 -534.0000000000
9895 -532.0000000000
9976 -531.0000000000
10000 -533.0000000000
evaluations raw_y
1 -1999.0000000000
8 -1998.0000000000
9 -1996.0000000000
12 -1995.0000000000
19 -1994.0000000000
21 -1993.0000000000
27 -1992.0000000000
28 -1991.0000000000
33 -1990.0000000000
38 -1989.0000000000
42 -1988.0000000000
43 -1987.0000000000
46 -1986.0000000000
49 -1985.0000000000
50 -1984.0000000000
52 -1983.0000000000
56 -1982.0000000000
58 -1981.0000000000
60 -1980.0000000000
61 -1979.0000000000
64 -1978.0000000000
70 -1976.0000000000
87 -1973.0000000000
91 -1971.0000000000
96 -1970.0000000000
97 -1969.0000000000
99 -1968.0000000000
101 -1967.0000000000
104 -1966.0000000000
112 -1965.0000000000
116 -1964.0000000000
120 -1962.0000000000
121 -1960.0000000000
124 -1958.0000000000
129 -1956.0000000000
131 -1955.0000000000
136 -1954.0000000000
137 -1953.0000000000
141 -1952.0000000000
143 -1950.0000000000
147 -1948.0000000000
151 -1947.0000000000
152 -1946.0000000000
158 -1944.0000000000
159 -1943.0000000000
160 -1941.0000000000
166 -1940.0000000000
180 -1939.0000000000
185 -1938.0000000000
190 -1936.0000000000
192 -1935.0000000000
193 -1934.0000000000
194 -1932.0000000000
195 -1931.0000000000
196 -1930.0000000000
197 -1929.0000000000
202 -1928.0000000000
205 -1927.0000000000
208 -1925.0000000000
209 -1923.0000000000
210 -1922.0000000000
214 -1921.0000000000
217 -1920.0000000000
222 -1918.0000000000
226 -1917.0000000000
227 -1916.0000000000
228 -1914.0000000000
232 -1913.0000000000
235 -1912.0000000000
237 -1909.0000000000
240 -1907.0000000000
247 -1906.0000000000
248 -1905.0000000000
255 -1904.0000000000
262 -1903.0000000000
268 -1902.0000000000
270 -1901.0000000000
272 -1900.0000000000
282 -1899.0000000000
287 -1898.0000000000
288 -1896.0000000000
292 -1895.0000000000
299 -1894.0000000000
304 -1892.0000000000
306 -1891.0000000000
307 -1890.0000000000
310 -1889.0000000000
312 -1888.0000000000
317 -1887.0000000000
318 -1886.0000000000
324 -1885.0000000000
326 -1884.0000000000
327 -1883.0000000000
334 -1882.0000000000
335 -1879.0000000000
339 -1877.0000000000
349 -1876.0000000000
355 -1875.0000000000
357 -1874.0000000000
358 -1873.0000000000
359 -1870.0000000000
364 -1868.0000000000
366 -1866.0000000000
370 -1865.0000000000
371 -1862.0000000000
373 -1861.0000000000
374 -1859.0000000000
376 -1858.0000000000
378 -1857.0000000000
381 -1856.0000000000
382 -1855.0000000000
391 -1854.0000000000
392 -1853.0000000000
397 -1852.0000000000
400 -1851.0000000000
401 -1849.0000000000
406 -1848.0000000000
409 -1843.0000000000
411 -1841.0000000000
415 -1840.0000000000
418 -1839.0000000000
430 -1838.0000000000
431 -1837.0000000000
440 -1835.0000000000
444 -1834.0000000000
446 -1833.0000000000
449 -1832.0000000000
455 -1831.0000000000
459 -1830.0000000000
466 -1829.0000000000
468 -1828.0000000000
469 -1827.0000000000
478 -1826.0000000000
484 -1825.0000000000
492 -1824.0000000000
495 -1823.0000000000
496 -1822.0000000000
497 -1821.0000000000
499 -1820.0000000000
502 -1819.0000000000
504 -1818.0000000000
509 -1817.0000000000
517 -1814.0000000000
526 -1813.0000000000
536 -1811.0000000000
537 -1809.0000000000
545 -1808.0000000000
549 -1807.0000000000
550 -1805.0000000000
557 -1803.0000000000
562 -1802.0000000000
569 -1800.0000000000
570 -1799.0000000000
573 -1798.0000000000
574 -1797.0000000000
575 -1796.0000000000
580 -1795.0000000000
586 -1794.0000000000
596 -1792.0000000000
601 -1790.0000000000
607 -1789.0000000000
610 -1788.0000000000
624 -1786.0000000000
625 -1785.0000000000
633 -1784.0000000000
635 -1783.0000000000
639 -1782.0000000000
640 -1780.0000000000
643 -1779.0000000000
646 -1778.0000000000
649 -1777.0000000000
651 -1776.0000000000
652 -1775.0000000000
654 -1774.0000000000
656 -1772.0000000000
657 -1771.0000000000
662 -1770.0000000000
670 -1769.0000000000
671 -1768.0000000000
676 -1767.0000000000
679 -1766.0000000000
685 -1765.0000000000
686 -1764.0000000000
689 -1763.0000000000
691 -1762.0000000000
692 -1760.0000000000
694 -1759.0000000000
696 -1758.0000000000
701 -1757.0000000000
704 -1756.0000000000
705 -1755.0000000000
708 -1754.0000000000
709 -1753.0000000000
712 -1752.0000000000
719 -1750.0000000000
729 -1747.0000000000
730 -1746.0000000000
731 -1745.0000000000
734 -1744.0000000000
735 -1742.0000000000
736 -1741.0000000000
744 -1740.0000000000
752 -1739.0000000000
753 -1737.0000000000
759 -1736.0000000000
761 -1735.0000000000
766 -1733.0000000000
769 -1732.0000000000
771 -1730.0000000000
773 -1729.0000000000
774 -1727.0000000000
780 -1726.0000000000
781 -1725.0000000000
789 -1724.0000000000
791 -1723.0000000000
792 -1722.0000000000
797 -1721.0000000000
800 -1720.0000000000
802 -1717.0000000000
805 -1716.0000000000
806 -1715.0000000000
808 -1713.0000000000
813 -1712.0000000000
816 -1711.0000000000
819 -1710.0000000000
820 -1709.0000000000
824 -1708.0000000000
830 -1707.0000000000
832 -1706.0000000000
838 -1704.0000000000
842 -1703.0000000000
852 -1702.0000000000
853 -1701.0000000000
866 -1698.0000000000
869 -1697.0000000000
871 -1696.0000000000
875 -1695.0000000000
876 -1694.0000000000
882 -1693.0000000000
883 -1691.0000000000
886 -1690.0000000000
891 -1689.0000000000
896 -1688.0000000000
897 -1687.0000000000
910 -1686.0000000000
914 -1685.0000000000
916 -1684.0000000000
920 -1683.0000000000
924 -1682.0000000000
928 -1681.0000000000
930 -1680.0000000000
934 -1679.0000000000
946 -1678.0000000000
948 -1677.0000000000
959 -1676.0000000000
965 -1675.0000000000
968 -1674.0000000000
969 -1673.0000000000
974 -1671.0000000000
986 -1670.0000000000
989 -1668.0000000000
993 -1667.0000000000
994 -1666.0000000000
995 -1664.0000000000
997 -1663.0000000000
1000 -1662.0000000000
1003 -1661.0000000000
1016 -1659.0000000000
1032 -1658.0000000000
1040 -1657.0000000000
1042 -1654.0000000000
1044 -1653.0000000000
1047 -1652.0000000000
1050 -1650.0000000000
1051 -1649.0000000000
1053 -1647.0000000000
1062 -1646.0000000000
1065 -1645.0000000000
1068 -1644.0000000000
1079 -1642.0000000000
1083 -1641.0000000000
1084 -1640.0000000000
1085 -1639.0000000000
1102 -1637.0000000000
1106 -1636.0000000000
1119 -1635.0000000000
1127 -1634.0000000000
1129 -1633.0000000000
1132 -1632.0000000000
1138 -1631.0000000000
1148 -1630.0000000000
1149 -1629.0000000000
1150 -1628.0000000000
1152 -1627.0000000000
1153 -1626.0000000000
1158 -1624.0000000000
1159 -1623.0000000000
1167 -1622.0000000000
1170 -1621.0000000000
1187 -1620.0000000000
1190 -1619.0000000000
1197 -1618.0000000000
1204 -1617.0000000000
1205 -1615.0000000000
1206 -1613.0000000000
1217 -1612.0000000000
1228 -1611.0000000000
1231 -1610.0000000000
1234 -1609.0000000000
1238 -1608.0000000000
1247 -1607.0000000000
1257 -1606.0000000000
1274 -1605.0000000000
1278 -1604.0000000000
1280 -1603.0000000000
1282 -1602.0000000000
1287 -1601.0000000000
1289 -1600.0000000000
1303 -1597.0000000000
1306 -1596.0000000000
1314 -1595.0000000000
1329 -1594.0000000000
1353 -1593.0000000000
1366 -1592.0000000000
1367 -1590.0000000000
1369 -1589.0000000000
1374 -1588.0000000000
1375 -1587.0000000000
1376 -1585.0000000000
1381 -1584.0000000000
1384 -1583.0000000000
1385 -1582.0000000000
1387 -1581.0000000000
1389 -1579.0000000000
1392 -1578.0000000000
1393 -1576.0000000000
1405 -1575.0000000000
1408 -1574.0000000000
1409 -1571.0000000000
1413 -1570.0000000000
1416 -1569.0000000000
1423 -1568.0000000000
1425 -1567.0000000000
1429 -1566.0000000000
1430 -1565.0000000000
1431 -1564.0000000000
1433 -1563.0000000000
1438 -1562.0000000000
1449 -1561.0000000000
1452 -1559.0000000000
1462 -1558.0000000000
1464 -1557.0000000000
1480 -1555.0000000000
1484 -1554.0000000000
1490 -1553.0000000000
1498 -1551.0000000000
1499 -1550.0000000000
1508 -1549.0000000000
1512 -1548.0000000000
1518 -1546.0000000000
1524 -1544.0000000000
1528 -1543.0000000000
1529 -1542.0000000000
1535 -1541.0000000000
1540 -1540.0000000000
1541 -1539.0000000000
1544 -1538.0000000000
1553 -1537.0000000000
1565 -1536.0000000000
1575 -1535.0000000000
1576 -1533.0000000000
1588 -1532.0000000000
1591 -1531.0000000000
1596 -1528.0000000000
1601 -1527.0000000000
1607 -1526.0000000000
1608 -1525.0000000000
1616 -1522.0000000000
1618 -1521.0000000000
1623 -1520.0000000000
1630 -1519.0000000000
1633 -1518.0000000000
1645 -1516.0000000000
1656 -1515.0000000000
1658 -1513.0000000000
1659 -1512.0000000000
1666 -1509.0000000000
1671 -1507.0000000000
1680 -1505.0000000000
1681 -1504.0000000000
1688 -1503.0000000000
1691 -1502.0000000000
1692 -1501.0000000000
1693 -1500.0000000000
1696 -1499.0000000000
1698 -1498.0000000000
1701 -1497.0000000000
1703 -1496.0000000000
1717 -1495.0000000000
1718 -1494.0000000000
1724 -1493.0000000000
1726 -1491.0000000000
1743 -1490.0000000000
1747 -1489.0000000000
1760 -1488.0000000000
1768 -1487.0000000000
1770 -1486.0000000000
1774 -1484.0000000000
1778 -1482.0000000000
1783 -1481.0000000000
1797 -1480.0000000000
1802 -1479.0000000000
1807 -1477.0000000000
1808 -1475.0000000000
1812 -1474.0000000000
1821 -1472.0000000000
1824 -1470.0000000000
1827 -1469.0000000000
1828 -1468.0000000000
1829 -1467.0000000000
1839 -1466.0000000000
1843 -1465.0000000000
1847 -1463.0000000000
1849 -1462.0000000000
1850 -1461.0000000000
1853 -1460.0000000000
1861 -1458.0000000000
1864 -1457.0000000000
1868 -1456.0000000000
1871 -1455.0000000000
1874 -1453.0000000000
1878 -1452.0000000000
1881 -1451.0000000000
1900 -1450.0000000000
1902 -1449.0000000000
1903 -1448.0000000000
1907 -1447.0000000000
1910 -1446.0000000000
1923 -1445.0000000000
1927 -1444.0000000000
1930 -1443.0000000000
1935 -1442.0000000000
1939 -1441.0000000000
1942 -1440.0000000000
1949 -1439.0000000000
1953 -1438.0000000000
1958 -1437.0000000000
1966 -1435.0000000000
1972 -1433.0000000000
1982 -1432.0000000000
1986 -1431.0000000000
1995 -1430.0000000000
1998 -1429.0000000000
1999 -1428.0000000000
2002 -1427.0000000000
2003 -1426.0000000000
2013 -1425.0000000000
2014 -1424.0000000000
2024 -1423.0000000000
2029 -1422.0000000000
2030 -1421.0000000000
2033 -1419.0000000000
2047 -1418.0000000000
2048 -1417.0000000000
2051 -1416.0000000000
2055 -1415.0000000000
2058 -1414.0000000000
2059 -1413.0000000000
2071 -1412.0000000000
2073 -1411.0000000000
2076 -1409.0000000000
2080 -1408.0000000000
2081 -1407.0000000000
2083 -1406.0000000000
2084 -1405.0000000000
2086 -1404.0000000000
2087 -1403.0000000000
2090 -1402.0000000000
2092 -1401.0000000000
2098 -1400.0000000000
2099 -1399.0000000000
2100 -1398.0000000000
2108 -1397.0000000000
2110 -1396.0000000000
2112 -1395.0000000000
2116 -1394.0000000000
2124 -1393.0000000000
2129 -1392.0000000000
2132 -1391.0000000000
2134 -1390.0000000000
2150 -1389.0000000000
2151 -1388.0000000000
2159 -1387.0000000000
2161 -1385.0000000000
2170 -1384.0000000000
2171 -1382.0000000000
2174 -1381.0000000000
2181 -1380.0000000000
2194 -1379.0000000000
2196 -1378.0000000000
2214 -1376.0000000000
2216 -1375.0000000000
2221 -1374.0000000000
2234 -1373.0000000000
2235 -1372.0000000000
2237 -1371.0000000000
2241 -1370.0000000000
2255 -1369.0000000000
2259 -1368.0000000000
2265 -1366.0000000000
2268 -1365.0000000000
2276 -1363.0000000000
2282 -1362.0000000000
2284 -1361.0000000000
2285 -1360.0000000000
2289 -1359.0000000000
2297 -1358.0000000000
2298 -1357.0000000000
2306 -1354.0000000000
2318 -1353.0000000000
2319 -1348.0000000000
2331 -1347.0000000000
2353 -1346.0000000000
2378 -1345.0000000000
2380 -1344.0000000000
2383 -1343.0000000000
2387 -1341.0000000000
2410 -1340.0000000000
2425 -1339.0000000000
2430 -1338.0000000000
2438 -1335.0000000000
2439 -1334.0000000000
2442 -1333.0000000000
2448 -1332.0000000000
2449 -1331.0000000000
2464 -1330.0000000000
2466 -1329.0000000000
2467 -1328.0000000000
2471 -1327.0000000000
2477 -1326.0000000000
2480 -1325.0000000000
2495 -1324.0000000000
2496 -1322.0000000000
2498 -1321.0000000000
2500 -1319.0000000000
2501 -1317.0000000000
2504 -1316.0000000000
2507 -1314.0000000000
2514 -1313.0000000000
2518 -1312.0000000000
2519 -1311.0000000000
2527 -1310.0000000000
2535 -1309.0000000000
2552 -1308.0000000000
2556 -1307.0000000000
2557 -1306.0000000000
2559 -1304.0000000000
2581 -1303.0000000000
2583 -1301.0000000000
2588 -1300.0000000000
2599 -1299.0000000000
2604 -1298.0000000000
2619 -1297.0000000000
2620 -1296.0000000000
2627 -1295.0000000000
2629 -1294.0000000000
2634 -1293.0000000000
2660 -1291.0000000000
2669 -1290.0000000000
2681 -1289.0000000000
2694 -1288.0000000000
2697 -1287.0000000000
2711 -1286.0000000000
2715 -1285.0000000000
2727 -1284.0000000000
2729 -1283.0000000000
2736 -1282.0000000000
2748 -1280.0000000000
2756 -1278.0000000000
2778 -1276.0000000000
2784 -1275.0000000000
2791 -1274.0000000000
2808 -1273.0000000000
2826 -1272.0000000000
2830 -1271.0000000000
2852 -1270.0000000000
2854 -1269.0000000000
2858 -1267.0000000000
2861 -1266.0000000000
2862 -1265.0000000000
2869 -1264.0000000000
2881 -1263.0000000000
2883 -1262.0000000000
2898 -1261.0000000000
2903 -1260.0000000000
2912 -1259.0000000000
2915 -1258.0000000000
2929 -1257.0000000000
2930 -1256.0000000000
2935 -1255.0000000000
2942 -1254.0000000000
2948 -1253.0000000000
2950 -1251.0000000000
2963 -1250.0000000000
2967 -1249.0000000000
2973 -1248.0000000000
2994 -1247.0000000000
2996 -1246.0000000000
3004 -1245.0000000000
3032 -1244.0000000000
3033 -1242.0000000000
3034 -1241.0000000000
3040 -1240.0000000000
3054 -1239.0000000000
3073 -1238.0000000000
3080 -1237.0000000000
3099 -1236.0000000000
3101 -1235.0000000000
3102 -1234.0000000000
3108 -1233.0000000000
3115 -1232.0000000000
3118 -1231.0000000000
3124 -1230.0000000000
3133 -1229.0000000000
3158 -1228.0000000000
3184 -1227.0000000000
3193 -1226.0000000000
3199 -1224.0000000000
3204 -1222.0000000000
3206 -1221.0000000000
3213 -1220.0000000000
3242 -1219.0000000000
3254 -1218.0000000000
3261 -1217.0000000000
3269 -1216.0000000000
3271 -1215.0000000000
3276 -1214.0000000000
3283 -1213.0000000000
3287 -1212.0000000000
3300 -1211.0000000000
3307 -1210.0000000000
3314 -1209.0000000000
3318 -1208.0000000000
3327 -1207.0000000000
3338 -1206.0000000000
3343 -1205.0000000000
3352 -1204.0000000000
3353 -1203.0000000000
3359 -1201.0000000000
3363 -1200.0000000000
3367 -1199.0000000000
3373 -1198.0000000000
3384 -1197.0000000000
3403 -1196.0000000000
3404 -1195.0000000000
3406 -1194.0000000000
3412 -1192.0000000000
3415 -1191.0000000000
3416 -1190.0000000000
3418 -1188.0000000000
3431 -1187.0000000000
3434 -1186.0000000000
3447 -1185.0000000000
3474 -1183.0000000000
3480 -1182.0000000000
3492 -1180.0000000000
3497 -1179.0000000000
3498 -1178.0000000000
3505 -1177.0000000000
3506 -1176.0000000000
3513 -1175.0000000000
3515 -1174.0000000000
3522 -1173.0000000000
3524 -1172.0000000000
3540 -1171.0000000000
3552 -1170.0000000000
3558 -1169.0000000000
3565 -1168.0000000000
3578 -1167.0000000000
3590 -1166.0000000000
3601 -1165.0000000000
3608 -1164.0000000000
3615 -1163.0000000000
3620 -1162.0000000000
3645 -1161.0000000000
3658 -1160.0000000000
3659 -1159.0000000000
3672 -1158.0000000000
3673 -1157.0000000000
3677 -1156.0000000000
3679 -1155.0000000000
3691 -1154.0000000000
3708 -1153.0000000000
3720 -1152.0000000000
3726 -1151.0000000000
3733 -1150.0000000000
3740 -1148.0000000000
3741 -1147.0000000000
3747 -1146.0000000000
3759 -1145.0000000000
3800 -1144.0000000000
3807 -1143.0000000000
3816 -1142.0000000000
3818 -1141.0000000000
3830 -1140.0000000000
3836 -1139.0000000000
3837 -1138.0000000000
3853 -1136.0000000000
3856 -1135.0000000000
3865 -1134.0000000000
3874 -1133.0000000000
3875 -1132.0000000000
3892 -1131.0000000000
3893 -1130.0000000000
3894 -1129.0000000000
3901 -1128.0000000000
3929 -1127.0000000000
3943 -1126.0000000000
3946 -1125.0000000000
3956 -1123.0000000000
3960 -1121.0000000000
3987 -1120.0000000000
3988 -1119.0000000000
3994 -1118.0000000000
3998 -1117.0000000000
4005 -1115.0000000000
4018 -1114.0000000000
4020 -1113.0000000000
4023 -1112.0000000000
4029 -1111.0000000000
4050 -1110.0000000000
4060 -1109.0000000000
4064 -1108.0000000000
4083 -1107.0000000000
4086 -1106.0000000000
4097 -1105.0000000000
4099 -1104.0000000000
4107 -1103.0000000000
4108 -1102.0000000000
4112 -1101.0000000000
4115 -1100.0000000000
4124 -1099.0000000000
4134 -1098.0000000000
4145 -1097.0000000000
4158 -1096.0000000000
4159 -1095.0000000000
4176 -1094.0000000000
4187 -1093.0000000000
4188 -1092.0000000000
4207 -1091.0000000000
4213 -1088.0000000000
4230 -1086.0000000000
4234 -1085.0000000000
4235 -1084.0000000000
4241 -1083.0000000000
4243 -1082.0000000000
4254 -1081.0000000000
4256 -1080.0000000000
4261 -1079.0000000000
4265 -1078.0000000000
4268 -1077.0000000000
4277 -1076.0000000000
4288 -1075.0000000000
4290 -1074.0000000000
4291 -1073.0000000000
4298 -1072.0000000000
4320 -1071.0000000000
4327 -1070.0000000000
4345 -1069.0000000000
4354 -1068.0000000000
4382 -1067.0000000000
4391 -1066.0000000000
4397 -1065.0000000000
4403 -1064.0000000000
4409 -1063.0000000000
4414 -1061.0000000000
4420 -1060.0000000000
4433 -1058.0000000000
4457 -1057.0000000000
4459 -1054.0000000000
4464 -1053.0000000000
4465 -1052.0000000000
4469 -1051.0000000000
4475 -1050.0000000000
4483 -1048.0000000000
4484 -1047.0000000000
4487 -1046.0000000000
4490 -1045.0000000000
4516 -1044.0000000000
4529 -1043.0000000000
4540 -1042.0000000000
4548 -1041.0000000000
4561 -1039.0000000000
4562 -1038.0000000000
4577 -1037.0000000000
4610 -1036.0000000000
4621 -1035.0000000000
4622 -1034.0000000000
4628 -1033.0000000000
4629 -1032.0000000000
4654 -1031.0000000000
4656 -1030.0000000000
4662 -1029.0000000000
4678 -1028.0000000000
4683 -1027.0000000000
4686 -1026.0000000000
4696 -1025.0000000000
4697 -1024.0000000000
4702 -1023.0000000000
4711 -1021.0000000000
4738 -1020.0000000000
4740 -1019.0000000000
4742 -1018.0000000000
4749 -1017.0000000000
4759 -1015.0000000000
4761 -1013.0000000000
4764 -1012.0000000000
4767 -1011.0000000000
4768 -1010.0000000000
4769 -1009.0000000000
4775 -1008.0000000000
4789 -1007.0000000000
4793 -1006.0000000000
4795 -1005.0000000000
4800 -1004.0000000000
4805 -1002.0000000000
4815 -1001.0000000000
4863 -1000.0000000000
4872 -999.0000000000
4876 -998.0000000000
4879 -997.0000000000
4880 -996.0000000000
4886 -994.0000000000
4892 -993.0000000000
4899 -992.0000000000
4919 -991.0000000000
4925 -990.0000000000
4928 -989.0000000000
4938 -987.0000000000
4940 -986.0000000000
4941 -985.0000000000
4942 -984.0000000000
4962 -983.0000000000
4977 -982.0000000000
4994 -981.0000000000
5002 -980.0000000000
5030 -979.0000000000
5047 -978.0000000000
5054 -977.0000000000
5057 -976.0000000000
5060 -975.0000000000
5062 -974.0000000000
5067 -973.0000000000
5089 -972.0000000000
5094 -971.0000000000
5096 -970.0000000000
5104 -969.0000000000
5116 -968.0000000000
5128 -967.0000000000
5139 -966.0000000000
5150 -965.0000000000
5154 -964.0000000000
5165 -963.0000000000
5182 -962.0000000000
5187 -960.0000000000
5200 -959.0000000000
5209 -958.0000000000
5234 -957.0000000000
5237 -956.0000000000
5244 -955.0000000000
5260 -954.0000000000
5261 -953.0000000000
5271 -952.0000000000
5294 -950.0000000000
5295 -949.0000000000
5297 -948.0000000000
5302 -947.0000000000
5311 -945.0000000000
5314 -944.0000000000
5319 -943.0000000000
5366 -942.0000000000
5374 -941.0000000000
5377 -939.0000000000
5378 -938.0000000000
5385 -937.0000000000
5388 -935.0000000000
5390 -934.0000000000
5396 -933.0000000000
5399 -932.0000000000
5400 -930.0000000000
5409 -929.0000000000
5411 -928.0000000000
5437 -927.0000000000
5445 -926.0000000000
5473 -925.0000000000
5483 -924.0000000000
5500 -923.0000000000
5503 -922.0000000000
5515 -921.0000000000
5524 -920.0000000000
5525 -919.0000000000
5527 -918.0000000000
5528 -917.0000000000
5542 -916.0000000000
5544 -915.0000000000
5548 -914.0000000000
5550 -913.0000000000
5565 -912.0000000000
5580 -911.0000000000
5584 -910.0000000000
5590 -909.0000000000
5591 -907.0000000000
5596 -906.0000000000
5600 -905.0000000000
5625 -902.0000000000
5640 -901.0000000000
5652 -900.0000000000
5659 -899.0000000000
5673 -898.0000000000
5675 -897.0000000000
5678 -896.0000000000
5689 -894.0000000000
5690 -893.0000000000
5692 -892.0000000000
5720 -891.0000000000
5760 -890.0000000000
5765 -889.0000000000
5774 -888.0000000000
5778 -887.0000000000
5781 -886.0000000000
5806 -885.0000000000
5811 -884.0000000000
5833 -883.0000000000
5839 -882.0000000000
5841 -881.0000000000
5848 -879.0000000000
5852 -877.0000000000
5853 -876.0000000000
5855 -875.0000000000
5859 -874.0000000000
5860 -873.0000000000
5865 -872.0000000000
5869 -871.0000000000
5888 -870.0000000000
5910 -869.0000000000
5920 -868.0000000000
5924 -867.0000000000
5950 -866.0000000000
5965 -865.0000000000
5971 -864.0000000000
6010 -863.0000000000
6013 -862.0000000000
6014 -861.0000000000
6015 -860.0000000000
6025 -859.0000000000
6028 -858.0000000000
6044 -857.0000000000
6058 -856.0000000000
6071 -855.0000000000
6094 -854.0000000000
6099 -853.0000000000
6105 -852.0000000000
6108 -850.0000000000
6118 -849.0000000000
6125 -848.0000000000
6127 -846.0000000000
6139 -845.0000000000
6147 -843.0000000000
6152 -842.0000000000
6158 -840.0000000000
6161 -838.0000000000
6165 -837.0000000000
6171 -836.0000000000
6173 -835.0000000000
6184 -834.0000000000
6185 -833.0000000000
6188 -832.0000000000
6197 -831.0000000000
6199 -830.0000000000
6200 -828.0000000000
6203 -826.0000000000
6204 -825.0000000000
6225 -823.0000000000
6238 -822.0000000000
6246 -821.0000000000
6251 -820.0000000000
6263 -819.0000000000
6266 -818.0000000000
6297 -817.0000000000
6301 -816.0000000000
6305 -815.0000000000
6306 -814.0000000000
6340 -813.0000000000
6345 -812.0000000000
6356 -811.0000000000
6361 -810.0000000000
6383 -809.0000000000
6385 -808.0000000000
6398 -807.0000000000
6400 -804.0000000000
6452 -803.0000000000
6453 -802.0000000000
6460 -801.0000000000
6473 -800.0000000000
6480 -799.0000000000
6493 -798.0000000000
6497 -797.0000000000
6504 -796.0000000000
6507 -795.0000000000
6518 -794.0000000000
6533 -793.0000000000
6534 -792.0000000000
6538 -791.0000000000
6559 -790.0000000000
6562 -789.0000000000
6568 -788.0000000000
6581 -787.0000000000
6585 -786.0000000000
6594 -785.0000000000
6596 -784.0000000000
6607 -783.0000000000
6609 -782.0000000000
6610 -780.0000000000
6619 -778.0000000000
6632 -777.0000000000
6634 -776.0000000000
6637 -775.0000000000
6651 -774.0000000000
6662 -773.0000000000
6678 -772.0000000000
6680 -771.0000000000
6684 -769.0000000000
6687 -768.0000000000
6689 -767.0000000000
6691 -766.0000000000
6704 -765.0000000000
6723 -763.0000000000
6741 -762.0000000000
6743 -761.0000000000
6752 -760.0000000000
6804 -759.0000000000
6808 -758.0000000000
6867 -757.0000000000
6869 -756.0000000000
6885 -755.0000000000
6887 -753.0000000000
6888 -752.0000000000
6889 -751.0000000000
6900 -749.0000000000
6905 -748.0000000000
6925 -745.0000000000
6935 -744.0000000000
6936 -743.0000000000
6937 -741.0000000000
6942 -740.0000000000
6943 -738.0000000000
6951 -737.0000000000
6962 -736.0000000000
6966 -735.0000000000
6991 -734.0000000000
7029 -733.0000000000
7038 -732.0000000000
7045 -731.0000000000
7050 -730.0000000000
7054 -729.0000000000
7061 -728.0000000000
7073 -727.0000000000
7085 -726.0000000000
7092 -725.0000000000
7106 -724.0000000000
7109 -723.0000000000
7127 -722.0000000000
7148 -721.0000000000
7151 -720.0000000000
7155 -719.0000000000
7159 -717.0000000000
7161 -716.0000000000
7177 -715.0000000000
7202 -714.0000000000
7205 -713.0000000000
7231 -712.0000000000
7236 -711.0000000000
7241 -710.0000000000
7253 -708.0000000000
7270 -707.0000000000
7276 -706.0000000000
7278 -705.0000000000
7281 -704.0000000000
7282 -703.0000000000
7289 -702.0000000000
7297 -701.0000000000
7314 -700.0000000000
7316 -699.0000000000
7334 -698.0000000000
7336 -697.0000000000
7340 -696.0000000000
7343 -695.0000000000
7366 -693.0000000000
7368 -692.0000000000
7386 -691.0000000000
7405 -690.0000000000
7422 -689.0000000000
7436 -688.0000000000
7469 -687.0000000000
7480 -685.0000000000
7544 -684.0000000000
7546 -683.0000000000
7550 -682.0000000000
7560 -681.0000000000
7570 -680.0000000000
7575 -679.0000000000
7588 -678.0000000000
7608 -677.0000000000
7628 -676.0000000000
7634 -674.0000000000
7670 -673.0000000000
7674 -672.0000000000
7683 -671.0000000000
7687 -670.0000000000
7709 -669.0000000000
7714 -668.0000000000
7721 -666.0000000000
7747 -665.0000000000
7766 -663.0000000000
7770 -662.0000000000
7779 -660.0000000000
7793 -659.0000000000
7795 -658.0000000000
7814 -657.0000000000
7818 -656.0000000000
7819 -655.0000000000
7823 -654.0000000000
7832 -653.0000000000
7866 -652.0000000000
7879 -651.0000000000
7908 -650.0000000000
7909 -649.0000000000
7928 -648.0000000000
7932 -647.0000000000
7950 -646.0000000000
7958 -644.0000000000
7960 -643.0000000000
7985 -642.0000000000
7992 -641.0000000000
8002 -640.0000000000
8010 -639.0000000000
8027 -638.0000000000
8040 -637.0000000000
8069 -636.0000000000
8087 -635.0000000000
8089 -634.0000000000
8111 -633.0000000000
8139 -632.0000000000
8145 -631.0000000000
8150 -630.0000000000
8166 -629.0000000000
8176 -628.0000000000
8184 -627.0000000000
8198 -626.0000000000
8206 -625.0000000000
8211 -624.0000000000
8231 -623.0000000000
8263 -622.0000000000
8268 -621.0000000000
8273 -619.0000000000
8286 -618.0000000000
8344 -617.0000000000
8345 -616.0000000000
8367 -615.0000000000
8371 -614.0000000000
8391 -613.0000000000
8412 -612.0000000000
8419 -611.0000000000
8431 -610.0000000000
8440 -609.0000000000
8469 -608.0000000000
8493 -607.0000000000
8496 -606.0000000000
8499 -605.0000000000
8532 -604.0000000000
8543 -603.0000000000
8547 -602.0000000000
8583 -601.0000000000
8604 -600.0000000000
8623 -599.0000000000
8636 -598.0000000000
8637 -597.0000000000
8646 -596.0000000000
8650 -595.0000000000
8676 -594.0000000000
8685 -593.0000000000
8721 -592.0000000000
8800 -591.0000000000
8810 -590.0000000000
8821 -589.0000000000
8838 -588.0000000000
8859 -587.0000000000
8916 -586.0000000000
8973 -585.0000000000
8985 -584.0000000000
8992 -581.0000000000
8999 -579.0000000000
9075 -578.0000000000
9097 -577.0000000000
9115 -576.0000000000
9157 -575.0000000000
9182 -574.0000000000
9187 -573.0000000000
9191 -572.0000000000
9218 -571.0000000000
9233 -570.0000000000
9243 -569.0000000000
9253 -568.0000000000
9254 -567.0000000000
9256 -566.0000000000
9257 -565.0000000000
9259 -564.0000000000
9278 -563.0000000000
9324 -562.0000000000
9335 -561.0000000000
9338 -560.0000000000
9343 -559.0000000000
9369 -558.0000000000
9375 -557.0000000000
9397 -556.0000000000
9399 -555.0000000000
9463 -554.0000000000
9488 -553.0000000000
9489 -552.0000000000
9493 -551.0000000000
9523 -550.0000000000
9525 -549.0000000000
9540 -548.0000000000
9549 -547.0000000000
9580 -546.0000000000
9583 -545.0000000000
9590 -544.0000000000
9618 -543.0000000000
9619 -542.0000000000
9621 -541.0000000000
9646 -540.0000000000
9668 -539.0000000000
9698 -538.0000000000
9706 -537.0000000000
9730 -536.0000000000
9736 -535.0000000000
9737 -534.0000000000
9746 -533.0000000000
9758 -532.0000000000
9809 -531.0000000000
9823 -530.0000000000
9828 -529.0000000000
9842 -528.0000000000
9870 -527.0000000000
9899 -526.0000000000
9937 -524.0000000000
9946 -523.0000000000
9960 -521.0000000000
9989 -520.0000000000
9995 -519.0000000000
9996 -518.0000000000
10000 -518.0000000000
evaluations raw_y
1 -2028.0000000000
4 -2027.0000000000
6 -2026.0000000000
13 -2025.0000000000
18 -2023.0000000000
20 -2022.0000000000
32 -2021.0000000000
33 -2019.0000000000
35 -2018.0000000000
43 -2017.0000000000
50 -2016.0000000000
51 -2015.0000000000
54 -2014.0000000000
61 -2013.0000000000
63 -2012.0000000000
67 -2011.0000000000
71 -2008.0000000000
76 -2007.0000000000
79 -2006.0000000000
80 -2004.0000000000
85 -2003.0000000000
87 -2002.0000000000
88 -2001.0000000000
100 -1999.0000000000
106 -1998.0000000000
108 -1996.0000000000
110 -1995.0000000000
118 -1994.0000000000
121 -1992.0000000000
124 -1991.0000000000
125 -1990.0000000000
127 -1989.0000000000
128 -1988.0000000000
130 -1987.0000000000
133 -1986.0000000000
145 -1985.0000000000
146 -1984.0000000000
150 -1983.0000000000
155 -1982.0000000000
156 -1981.0000000000
159 -1980.0000000000
160 -1979.0000000000
166 -1978.0000000000
167 -1977.0000000000
169 -1976.0000000000
171 -1975.0000000000
172 -1971.0000000000
179 -1969.0000000000
182 -1968.0000000000
183 -1967.0000000000
186 -1966.0000000000
187 -1965.0000000000
189 -1964.0000000000
194 -1963.0000000000
198 -1962.0000000000
199 -1961.0000000000
201 -1960.0000000000
202 -1959.0000000000
206 -1958.0000000000
208 -1957.0000000000
211 -1955.0000000000
212 -1953.0000000000
224 -1952.0000000000
227 -1951.0000000000
229 -1950.0000000000
233 -1946.0000000000
235 -1945.0000000000
239 -1944.0000000000
244 -1940.0000000000
246 -1939.0000000000
247 -1938.0000000000
251 -1937.0000000000
252 -1936.0000000000
260 -1935.0000000000
262 -1934.0000000000
271 -1933.0000000000
274 -1931.0000000000
277 -1929.0000000000
278 -1928.0000000000
281 -1926.0000000000
284 -1925.0000000000
288 -1923.0000000000
290 -1922.0000000000
291 -1920.0000000000
292 -1919.0000000000
297 -1917.0000000000
304 -1916.0000000000
305 -1915.0000000000
307 -1914.0000000000
308 -1913.0000000000
309 -1912.0000000000
321 -1911.0000000000
328 -1910.0000000000
333 -1909.0000000000
335 -1908.0000000000
336 -1907.0000000000
337 -1905.0000000000
340 -1903.0000000000
342 -1902.0000000000
350 -1901.0000000000
352 -1900.0000000000
355 -1899.0000000000
360 -1897.0000000000
362 -1896.0000000000
365 -1895.0000000000
367 -1894.0000000000
368 -1892.0000000000
372 -1891.0000000000
379 -1890.0000000000
380 -1889.0000000000
381 -1888.0000000000
384 -1887.0000000000
397 -1886.0000000000
399 -1885.0000000000
401 -1883.0000000000
403 -1882.0000000000
410 -1881.0000000000
413 -1880.0000000000
417 -1879.0000000000
422 -1878.0000000000
423 -1876.0000000000
426 -1874.0000000000
428 -1873.0000000000
433 -1872.0000000000
438 -1871.0000000000
439 -1870.0000000000
440 -1869.0000000000
443 -1868.0000000000
450 -1867.0000000000
464 -1866.0000000000
467 -1864.0000000000
469 -1863.0000000000
473 -1861.0000000000
474 -1859.0000000000
481 -1858.0000000000
491 -1857.0000000000
500 -1856.0000000000
511 -1855.0000000000
522 -1854.0000000000
528 -1852.0000000000
533 -1851.0000000000
535 -1850.0000000000
538 -1849.0000000000
545 -1848.0000000000
546 -1845.0000000000
551 -1843.0000000000
561 -1842.0000000000
564 -1841.0000000000
568 -1840.0000000000
569 -1839.0000000000
593 -1838.0000000000
597 -1837.0000000000
604 -1836.0000000000
606 -1835.0000000000
607 -1833.0000000000
608 -1832.0000000000
609 -1831.0000000000
610 -1830.0000000000
612 -1828.0000000000
619 -1827.0000000000
624 -1826.0000000000
631 -1825.0000000000
634 -1823.0000000000
636 -1822.0000000000
639 -1821.0000000000
641 -1819.0000000000
642 -1816.0000000000
644 -1815.0000000000
645 -1814.0000000000
647 -1813.0000000000
653 -1811.0000000000
667 -1810.0000000000
669 -1809.0000000000
672 -1808.0000000000
679 -1807.0000000000
690 -1806.0000000000
701 -1805.0000000000
705 -1804.0000000000
711 -1803.0000000000
717 -1802.0000000000
722 -1800.0000000000
733 -1799.0000000000
738 -1798.0000000000
750 -1797.0000000000
768 -1796.0000000000
769 -1794.0000000000
781 -1793.0000000000
786 -1792.0000000000
790 -1791.0000000000
796 -1790.0000000000
798 -1789.0000000000
802 -1788.0000000000
803 -1787.0000000000
804 -1786.0000000000
808 -1785.0000000000
809 -1784.0000000000
816 -1783.0000000000
819 -1782.0000000000
825 -1781.0000000000
828 -1780.0000000000
831 -1779.0000000000
832 -1778.0000000000
834 -1777.0000000000
838 -1775.0000000000
839 -1774.0000000000
850 -1773.0000000000
854 -1772.0000000000
866 -1771.0000000000
872 -1769.0000000000
882 -1768.0000000000
889 -1767.0000000000
890 -1766.0000000000
893 -1765.0000000000
898 -1764.0000000000
904 -1762.0000000000
911 -1761.0000000000
917 -1760.0000000000
928 -1758.0000000000
937 -1757.0000000000
945 -1756.0000000000
948 -1755.0000000000
953 -1754.0000000000
954 -1752.0000000000
955 -1751.0000000000
957 -1750.0000000000
960 -1749.0000000000
963 -1748.0000000000
971 -1747.0000000000
977 -1746.0000000000
978 -1745.0000000000
979 -1744.0000000000
983 -1743.0000000000
986 -1742.0000000000
990 -1741.0000000000
993 -1740.0000000000
995 -1739.0000000000
1001 -1738.0000000000
1006 -1736.0000000000
1022 -1735.0000000000
1025 -1734.0000000000
1026 -1733.0000000000
1027 -1732.0000000000
1029 -1731.0000000000
1030 -1729.0000000000
1041 -1728.0000000000
1044 -1727.0000000000
1048 -1726.0000000000
1052 -1724.0000000000
1054 -1723.0000000000
1055 -1722.0000000000
1072 -1721.0000000000
1082 -1720.0000000000
1087 -1719.0000000000
1089 -1717.0000000000
1091 -1716.0000000000
1100 -1715.0000000000
1107 -1714.0000000000
1115 -1713.0000000000
1117 -1712.0000000000
1119 -1711.0000000000
1125 -1710.0000000000
1128 -1709.0000000000
1130 -1708.0000000000
1137 -1707.0000000000
1144 -1706.0000000000
1145 -1705.0000000000
1146 -1704.0000000000
1148 -1703.0000000000
1149 -1702.0000000000
1152 -1701.0000000000
1156 -1699.0000000000
1157 -1697.0000000000
1162 -1695.0000000000
1165 -1693.0000000000
1168 -1691.0000000000
1175 -1690.0000000000
1181 -1689.0000000000
1182 -1688.0000000000
1184 -1687.0000000000
1186 -1685.0000000000
1187 -1684.0000000000
1188 -1682.0000000000
1195 -1681.0000000000
1200 -1680.0000000000
1206 -1679.0000000000
1210 -1677.0000000000
1213 -1676.0000000000
1218 -1675.0000000000
1222 -1674.0000000000
1227 -1673.0000000000
1236 -1671.0000000000
1243 -1670.0000000000
1246 -1668.0000000000
1251 -1666.0000000000
1258 -1664.0000000000
1265 -1663.0000000000
1267 -1662.0000000000
1269 -1659.0000000000
1273 -1657.0000000000
1277 -1656.0000000000
1291 -1654.0000000000
1299 -1652.0000000000
1303 -1651.0000000000
1304 -1649.0000000000
1311 -1648.0000000000
1313 -1647.0000000000
1314 -1645.0000000000
1319 -1643.0000000000
1320 -1641.0000000000
1321 -1639.0000000000
1323 -1638.0000000000
1328 -1637.0000000000
1333 -1636.0000000000
1339 -1635.0000000000
1340 -1634.0000000000
1342 -1633.0000000000
1345 -1632.0000000000
1348 -1631.0000000000
1352 -1630.0000000000
1357 -1628.0000000000
1364 -1626.0000000000
1379 -1625.0000000000
1381 -1624.0000000000
1389 -1623.0000000000
1393 -1621.0000000000
1395 -1620.0000000000
1398 -1618.0000000000
1405 -1617.0000000000
1406 -1616.0000000000
1415 -1615.0000000000
1416 -1614.0000000000
1426 -1613.0000000000
1427 -1612.0000000000
1430 -1611.0000000000
1431 -1610.0000000000
1432 -1609.0000000000
1434 -1608.0000000000
1436 -1607.0000000000
1437 -1606.0000000000
1439 -1605.0000000000
1444 -1604.0000000000
1447 -1603.0000000000
1457 -1602.0000000000
1459 -1601.0000000000
1460 -1600.0000000000
1477 -1599.0000000000
1490 -1598.0000000000
1507 -1597.0000000000
1508 -1596.0000000000
1512 -1595.0000000000
1517 -1594.0000000000
1534 -1593.0000000000
1537 -1592.0000000000
1551 -1591.0000000000
1552 -1590.0000000000
1555 -1589.0000000000
1557 -1587.0000000000
1558 -1586.0000000000
1580 -1585.0000000000
1581 -1583.0000000000
1584 -1582.0000000000
1585 -1581.0000000000
1604 -1580.0000000000
1605 -1578.0000000000
1608 -1575.0000000000
1615 -1573.0000000000
1617 -1572.0000000000
1619 -1571.0000000000
1627 -1570.0000000000
1647 -1569.0000000000
1659 -1568.0000000000
1662 -1567.0000000000
1678 -1566.0000000000
1679 -1563.0000000000
1687 -1562.0000000000
1708 -1560.0000000000
1709 -1559.0000000000
1725 -1558.0000000000
1731 -1557.0000000000
1732 -1556.0000000000
1734 -1555.0000000000
1736 -1553.0000000000
1751 -1552.0000000000
1762 -1551.0000000000
1765 -1550.0000000000
1768 -1549.0000000000
1771 -1547.0000000000
1776 -1545.0000000000
1778 -1544.0000000000
1781 -1543.0000000000
1783 -1542.0000000000
1786 -1541.0000000000
1801 -1540.0000000000
1803 -1539.0000000000
1806 -1538.0000000000
1811 -1537.0000000000
1813 -1536.0000000000
1816 -1535.0000000000
1819 -1533.0000000000
1822 -1531.0000000000
1830 -1530.0000000000
1831 -1529.0000000000
1832 -1528.0000000000
1833 -1527.0000000000
1835 -1524.0000000000
1838 -1523.0000000000
1848 -1522.0000000000
1853 -1521.0000000000
1857 -1520.0000000000
1858 -1519.0000000000
1872 -1518.0000000000
1882 -1517.0000000000
1892 -1516.0000000000
1900 -1515.0000000000
1907 -1514.0000000000
1908 -1513.0000000000
1916 -1512.0000000000
1917 -1511.0000000000
1919 -1510.0000000000
1920 -1509.0000000000
1930 -1508.0000000000
1948 -1507.0000000000
1963 -1506.0000000000
1968 -1505.0000000000
1972 -1504.0000000000
1975 -1503.0000000000
1987 -1502.0000000000
1995 -1501.0000000000
1999 -1500.0000000000
2000 -1499.0000000000
2011 -1497.0000000000
2013 -1496.0000000000
2016 -1495.0000000000
2024 -1494.0000000000
2035 -1492.0000000000
2036 -1490.0000000000
2038 -1489.0000000000
2040 -1488.0000000000
2041 -1487.0000000000
2047 -1486.0000000000
2048 -1485.0000000000
2052 -1484.0000000000
2053 -1483.0000000000
2067 -1482.0000000000
2070 -1481.0000000000
2079 -1479.0000000000
2084 -1478.0000000000
2085 -1476.0000000000
2094 -1475.0000000000
2118 -1474.0000000000
2127 -1473.0000000000
2130 -1471.0000000000
2131 -1470.0000000000
2132 -1469.0000000000
2135 -1468.0000000000
2141 -1467.0000000000
2148 -1466.0000000000
2153 -1465.0000000000
2156 -1464.0000000000
2158 -1463.0000000000
2159 -1461.0000000000
2160 -1460.0000000000
2161 -1459.0000000000
2169 -1458.0000000000
2171 -1457.0000000000
2176 -1455.0000000000
2179 -1454.0000000000
2182 -1453.0000000000
2183 -1449.0000000000
2205 -1448.0000000000
2211 -1447.0000000000
2215 -1446.0000000000
2219 -1445.0000000000
2221 -1444.0000000000
2225 -1443.0000000000
2228 -1441.0000000000
2231 -1440.0000000000
2237 -1438.0000000000
2239 -1437.0000000000
2244 -1436.0000000000
2245 -1435.0000000000
2257 -1434.0000000000
2259 -1433.0000000000
2279 -1432.0000000000
2283 -1431.0000000000
2284 -1429.0000000000
2286 -1428.0000000000
2287 -1427.0000000000
2290 -1426.0000000000
2293 -1425.0000000000
2312 -1424.0000000000
2325 -1422.0000000000
2326 -1421.0000000000
2332 -1420.0000000000
2334 -1419.0000000000
2344 -1418.0000000000
2345 -1417.0000000000
2353 -1416.0000000000
2354 -1415.0000000000
2361 -1414.0000000000
2362 -1412.0000000000
2366 -1410.0000000000
2369 -1409.0000000000
2372 -1408.0000000000
2382 -1407.0000000000
2398 -1405.0000000000
2399 -1404.0000000000
2403 -1403.0000000000
2407 -1401.0000000000
2411 -1400.0000000000
2414 -1399.0000000000
2416 -1398.0000000000
2425 -1397.0000000000
2429 -1396.0000000000
2434 -1395.0000000000
2440 -1394.0000000000
2449 -1391.0000000000
2455 -1390.0000000000
2462 -1389.0000000000
2464 -1388.0000000000
2465 -1386.0000000000
2472 -1385.0000000000
2487 -1384.0000000000
2500 -1383.0000000000
2504 -1382.0000000000
2508 -1380.0000000000
2522 -1379.0000000000
2525 -1378.0000000000
2527 -1377.0000000000
2531 -1376.0000000000
2532 -1375.0000000000
2534 -1374.0000000000
2536 -1373.0000000000
2544 -1371.0000000000
2546 -1370.0000000000
2555 -1369.0000000000
2560 -1368.0000000000
2576 -1367.0000000000
2583 -1366.0000000000
2589 -1365.0000000000
2590 -1364.0000000000
2600 -1363.0000000000
2602 -1362.0000000000
2619 -1361.0000000000
2622 -1359.0000000000
2628 -1358.0000000000
2632 -1357.0000000000
2639 -1355.0000000000
2640 -1354.0000000000
2641 -1353.0000000000
2643 -1352.0000000000
2646 -1351.0000000000
2651 -1350.0000000000
2655 -1348.0000000000
2667 -1347.0000000000
2668 -1346.0000000000
2683 -1343.0000000000
2693 -1341.0000000000
2716 -1340.0000000000
2718 -1339.0000000000
2721 -1338.0000000000
2723 -1337.0000000000
2726 -1336.0000000000
2727 -1335.0000000000
2732 -1334.0000000000
2742 -1333.0000000000
2751 -1332.0000000000
2759 -1330.0000000000
2766 -1329.0000000000
2768 -1328.0000000000
2777 -1327.0000000000
2784 -1326.0000000000
2791 -1325.0000000000
2806 -1324.0000000000
2808 -1323.0000000000
2811 -1322.0000000000
2812 -1320.0000000000
2818 -1319.0000000000
2823 -1318.0000000000
2824 -1317.0000000000
2826 -1316.0000000000
2839 -1314.0000000000
2849 -1313.0000000000
2859 -1310.0000000000
2860 -1309.0000000000
2862 -1308.0000000000
2880 -1307.0000000000
2881 -1306.0000000000
2884 -1305.0000000000
2895 -1304.0000000000
2900 -1303.0000000000
2914 -1302.0000000000
2919 -1301.0000000000
2933 -1300.0000000000
2935 -1299.0000000000
2942 -1298.0000000000
2956 -1297.0000000000
2957 -1296.0000000000
2963 -1295.0000000000
2966 -1294.0000000000
2969 -1293.0000000000
2974 -1292.0000000000
2975 -1291.0000000000
2976 -1289.0000000000
2980 -1288.0000000000
3001 -1287.0000000000
3006 -1286.0000000000
3010 -1285.0000000000
3013 -1284.0000000000
3027 -1283.0000000000
3041 -1282.0000000000
3048 -1281.0000000000
3050 -1280.0000000000
3053 -1279.0000000000
3062 -1278.0000000000
3065 -1277.0000000000
3070 -1276.0000000000
3071 -1275.0000000000
3083 -1274.0000000000
3086 -1272.0000000000
3099 -1271.0000000000
3106 -1269.0000000000
3108 -1268.0000000000
3111 -1267.0000000000
3112 -1266.0000000000
3119 -1264.0000000000
3125 -1262.0000000000
3138 -1260.0000000000
3144 -1259.0000000000
3153 -1258.0000000000
3154 -1257.0000000000
3171 -1256.0000000000
3189 -1254.0000000000
3190 -1253.0000000000
3191 -1252.0000000000
3193 -1251.0000000000
3194 -1250.0000000000
3206 -1249.0000000000
3214 -1248.0000000000
3215 -1247.0000000000
3220 -1246.0000000000
3222 -1245.0000000000
3225 -1244.0000000000
3226 -1243.0000000000
3227 -1242.0000000000
3228 -1241.0000000000
3229 -1240.0000000000
3250 -1239.0000000000
3256 -1238.0000000000
3258 -1237.0000000000
3259 -1236.0000000000
3269 -1235.0000000000
3275 -1233.0000000000
3299 -1232.0000000000
3302 -1231.0000000000
3310 -1230.0000000000
3316 -1229.0000000000
3330 -1228.0000000000
3331 -1227.0000000000
3332 -1226.0000000000
3338 -1225.0000000000
3344 -1224.0000000000
3348 -1223.0000000000
3356 -1222.0000000000
3359 -1221.0000000000
3362 -1220.0000000000
3363 -1219.0000000000
3366 -1218.0000000000
3381 -1216.0000000000
3382 -1214.0000000000
3387 -1213.0000000000
3388 -1211.0000000000
3399 -1209.0000000000
3401 -1208.0000000000
3405 -1207.0000000000
3408 -1206.0000000000
3412 -1205.0000000000
3415 -1204.0000000000
3416 -1203.0000000000
3425 -1201.0000000000
3430 -1200.0000000000
3440 -1199.0000000000
3441 -1198.0000000000
3447 -1197.0000000000
3463 -1195.0000000000
3469 -1194.0000000000
3474 -1193.0000000000
3484 -1192.0000000000
3493 -1191.0000000000
3509 -1190.0000000000
3514 -1188.0000000000
3515 -1187.0000000000
3518 -1186.0000000000
3520 -1185.0000000000
3522 -1184.0000000000
3527 -1182.0000000000
3529 -1181.0000000000
3534 -1180.0000000000
3544 -1179.0000000000
3569 -1178.0000000000
3574 -1176.0000000000
3579 -1175.0000000000
3585 -1174.0000000000
3591 -1173.0000000000
3593 -1172.0000000000
3598 -1171.0000000000
3606 -1170.0000000000
3607 -1169.0000000000
3611 -1168.0000000000
3617 -1167.0000000000
3621 -1166.0000000000
3639 -1165.0000000000
3646 -1164.0000000000
3648 -1163.0000000000
3670 -1162.0000000000
3671 -1161.0000000000
3682 -1160.0000000000
3685 -1159.0000000000
3686 -1158.0000000000
3724 -1157.0000000000
3730 -1156.0000000000
3731 -1155.0000000000
3741 -1154.0000000000
3751 -1153.0000000000
3753 -1152.0000000000
3769 -1151.0000000000
3778 -1150.0000000000
3786 -1149.0000000000
3795 -1148.0000000000
3797 -1147.0000000000
3799 -1146.0000000000
3809 -1145.0000000000
3813 -1144.0000000000
3823 -1143.0000000000
3829 -1142.0000000000
3846 -1141.0000000000
3859 -1140.0000000000
3862 -1139.0000000000
3863 -1138.0000000000
3864 -1137.0000000000
3872 -1136.0000000000
3882 -1135.0000000000
3891 -1134.0000000000
3900 -1133.0000000000
3902 -1132.0000000000
3906 -1131.0000000000
3910 -1130.0000000000
3912 -1128.0000000000
3914 -1127.0000000000
3924 -1126.0000000000
3927 -1125.0000000000
3928 -1124.0000000000
3937 -1123.0000000000
3938 -1122.0000000000
3943 -1121.0000000000
3952 -1119.0000000000
3954 -1118.0000000000
3962 -1117.0000000000
3966 -1115.0000000000
3980 -1114.0000000000
3984 -1113.0000000000
3986 -1112.0000000000
3991 -1111.0000000000
3992 -1110.0000000000
3993 -1109.0000000000
4001 -1108.0000000000
4005 -1107.0000000000
4039 -1106.0000000000
4049 -1105.0000000000
4075 -1104.0000000000
4080 -1103.0000000000
4083 -1102.0000000000
4095 -1101.0000000000
4103 -1099.0000000000
4104 -1098.0000000000
4105 -1097.0000000000
4115 -1096.0000000000
4126 -1095.0000000000
4149 -1094.0000000000
4153 -1093.0000000000
4161 -1091.0000000000
4179 -1090.0000000000
4182 -1089.0000000000
4211 -1088.0000000000
4216 -1087.0000000000
4221 -1086.0000000000
4237 -1085.0000000000
4242 -1084.0000000000
4247 -1083.0000000000
4258 -1082.0000000000
4260 -1081.0000000000
4280 -1080.0000000000
4286 -1079.0000000000
4300 -1077.0000000000
4306 -1075.0000000000
4310 -1074.0000000000
4311 -1073.0000000000
4343 -1072.0000000000
4346 -1071.0000000000
4348 -1070.0000000000
4352 -1069.0000000000
4355 -1068.0000000000
4357 -1067.0000000000
4360 -1066.0000000000
4361 -1065.0000000000
4370 -1064.0000000000
4379 -1063.0000000000
4384 -1062.0000000000
4391 -1061.0000000000
4407 -1060.0000000000
4452 -1059.0000000000
4473 -1058.0000000000
4478 -1057.0000000000
4488 -1056.0000000000
4498 -1055.0000000000
4501 -1054.0000000000
4503 -1053.0000000000
4517 -1052.0000000000
4532 -1051.0000000000
4538 -1050.0000000000
4539 -1049.0000000000
4548 -1048.0000000000
4551 -1047.0000000000
4554 -1046.0000000000
4555 -1045.0000000000
4598 -1043.0000000000
4600 -1042.0000000000
4603 -1041.0000000000
4617 -1040.0000000000
4619 -1039.0000000000
4621 -1038.0000000000
4622 -1037.0000000000
4628 -1036.0000000000
4633 -1035.0000000000
4635 -1034.0000000000
4649 -1033.0000000000
4658 -1032.0000000000
4659 -1031.0000000000
4670 -1030.0000000000
4672 -1029.0000000000
4691 -1028.0000000000
4707 -1027.0000000000
4712 -1026.0000000000
4714 -1025.0000000000
4718 -1024.0000000000
4726 -1023.0000000000
4731 -1022.0000000000
4739 -1021.0000000000
4741 -1020.0000000000
4757 -1019.0000000000
4760 -1018.0000000000
4763 -1016.0000000000
4773 -1015.0000000000
4786 -1014.0000000000
4793 -1013.0000000000
4794 -1012.0000000000
4798 -1011.0000000000
4803 -1010.0000000000
4804 -1009.0000000000
4806 -1008.0000000000
4813 -1007.0000000000
4827 -1006.0000000000
4830 -1005.0000000000
4840 -1004.0000000000
4850 -1003.0000000000
4855 -1002.0000000000
4867 -1001.0000000000
4870 -1000.0000000000
4882 -999.0000000000
4884 -998.0000000000
4887 -997.0000000000
4889 -996.0000000000
4890 -995.0000000000
4893 -994.0000000000
4917 -993.0000000000
4920 -992.0000000000
4922 -991.0000000000
4952 -990.0000000000
4953 -989.0000000000
4975 -988.0000000000
4981 -987.0000000000
4988 -986.0000000000
4989 -985.0000000000
5007 -984.0000000000
5018 -983.0000000000
5024 -982.0000000000
5045 -981.0000000000
5048 -980.0000000000
5049 -979.0000000000
5051 -978.0000000000
5070 -977.0000000000
5074 -976.0000000000
5080 -975.0000000000
5085 -974.0000000000
5092 -973.0000000000
5098 -972.0000000000
5099 -971.0000000000
5107 -970.0000000000
5113 -969.0000000000
5116 -968.0000000000
5120 -967.0000000000
5132 -966.0000000000
5133 -964.0000000000
5160 -962.0000000000
5166 -961.0000000000
5185 -960.0000000000
5190 -959.0000000000
5214 -958.0000000000
5219 -957.0000000000
5226 -956.0000000000
5239 -955.0000000000
5261 -954.0000000000
5263 -953.0000000000
5265 -952.0000000000
5268 -951.0000000000
5284 -950.0000000000
5299 -949.0000000000
5300 -948.0000000000
5301 -947.0000000000
5311 -946.0000000000
5313 -944.0000000000
5316 -943.0000000000
5328 -942.0000000000
5331 -941.0000000000
5342 -940.0000000000
5347 -939.0000000000
5357 -938.0000000000
5363 -937.0000000000
5385 -936.0000000000
5387 -934.0000000000
5430 -933.0000000000
5444 -931.0000000000
5454 -930.0000000000
5456 -929.0000000000
5458 -928.0000000000
5468 -927.0000000000
5471 -926.0000000000
5479 -925.0000000000
5502 -923.0000000000
5508 -922.0000000000
5518 -920.0000000000
5527 -919.0000000000
5533 -918.0000000000
5555 -917.0000000000
5564 -916.0000000000
5569 -914.0000000000
5574 -913.0000000000
5589 -912.0000000000
5594 -911.0000000000
5597 -910.0000000000
5606 -909.0000000000
5612 -908.0000000000
5625 -907.0000000000
5628 -906.0000000000
5639 -905.0000000000
5649 -904.0000000000
5665 -903.0000000000
5685 -901.0000000000
5690 -899.0000000000
5731 -898.0000000000
5732 -897.0000000000
5734 -896.0000000000
5735 -895.0000000000
5741 -894.0000000000
5748 -893.0000000000
5759 -892.0000000000
5761 -890.0000000000
5763 -889.0000000000
5772 -888.0000000000
5780 -887.0000000000
5782 -885.0000000000
5787 -883.0000000000
5790 -882.0000000000
5801 -881.0000000000
5803 -880.0000000000
5812 -879.0000000000
5818 -878.0000000000
5819 -877.0000000000
5821 -876.0000000000
5823 -873.0000000000
5850 -872.0000000000
5861 -871.0000000000
5869 -870.0000000000
5872 -868.0000000000
5877 -867.0000000000
5881 -866.0000000000
5891 -865.0000000000
5906 -864.0000000000
5940 -863.0000000000
5969 -861.0000000000
5980 -860.0000000000
6003 -859.0000000000
6012 -858.0000000000
6016 -857.0000000000
6024 -856.0000000000
6033 -855.0000000000
6038 -854.0000000000
6056 -853.0000000000
6066 -852.0000000000
6080 -851.0000000000
6085 -850.0000000000
6090 -849.0000000000
6111 -847.0000000000
6123 -846.0000000000
6124 -844.0000000000
6135 -843.0000000000
6149 -842.0000000000
6151 -841.0000000000
6153 -840.0000000000
6157 -839.0000000000
6193 -838.0000000000
6195 -837.0000000000
6206 -836.0000000000
6210 -834.0000000000
6230 -833.0000000000
6238 -832.0000000000
6250 -831.0000000000
6266 -830.0000000000
6289 -829.0000000000
6303 -827.0000000000
6305 -826.0000000000
6318 -825.0000000000
6327 -824.0000000000
6341 -823.0000000000
6348 -822.0000000000
6350 -821.0000000000
6360 -820.0000000000
6361 -818.0000000000
6370 -817.0000000000
6371 -816.0000000000
6372 -815.0000000000
6377 -814.0000000000
6396 -813.0000000000
6409 -812.0000000000
6411 -811.0000000000
6430 -810.0000000000
6431 -809.0000000000
6434 -808.0000000000
6439 -807.0000000000
6458 -806.0000000000
6465 -805.0000000000
6474 -804.0000000000
6479 -803.0000000000
6493 -802.0000000000
6518 -801.0000000000
6570 -800.0000000000
6584 -799.0000000000
6600 -798.0000000000
6612 -797.0000000000
6630 -796.0000000000
6639 -795.0000000000
6647 -794.0000000000
6676 -793.0000000000
6679 -792.0000000000
6709 -791.0000000000
6728 -790.0000000000
6748 -789.0000000000
6751 -788.0000000000
6763 -787.0000000000
6769 -786.0000000000
6784 -785.0000000000
6805 -783.0000000000
6830 -782.0000000000
6837 -781.0000000000
6862 -779.0000000000
6884 -778.0000000000
6925 -777.0000000000
6953 -776.0000000000
6986 -775.0000000000
7010 -774.0000000000
7017 -772.0000000000
7022 -771.0000000000
7033 -770.0000000000
7035 -769.0000000000
7049 -768.0000000000
7051 -767.0000000000
7061 -765.0000000000
7070 -764.0000000000
7081 -763.0000000000
7083 -761.0000000000
7098 -760.0000000000
7104 -759.0000000000
7109 -758.0000000000
7125 -757.0000000000
7139 -756.0000000000
7146 -755.0000000000
7148 -754.0000000000
7149 -753.0000000000
7163 -752.0000000000
7166 -751.0000000000
7190 -750.0000000000
7192 -748.0000000000
7200 -747.0000000000
7213 -746.0000000000
7251 -745.0000000000
7259 -744.0000000000
7261 -743.0000000000
7296 -742.0000000000
7300 -741.0000000000
7302 -740.0000000000
7310 -739.0000000000
7331 -737.0000000000
7337 -736.0000000000
7338 -735.0000000000
7340 -734.0000000000
7367 -733.0000000000
7384 -732.0000000000
7388 -731.0000000000
7392 -730.0000000000
7400 -729.0000000000
7402 -728.0000000000
7404 -727.0000000000
7419 -726.0000000000
7424 -724.0000000000
7426 -723.0000000000
7461 -722.0000000000
7503 -720.0000000000
7510 -718.0000000000
7512 -717.0000000000
7530 -716.0000000000
7537 -715.0000000000
7555 -714.0000000000
7567 -713.0000000000
7595 -712.0000000000
7614 -711.0000000000
7620 -710.0000000000
7627 -709.0000000000
7636 -708.0000000000
7658 -707.0000000000
7688 -705.0000000000
7716 -704.0000000000
7723 -702.0000000000
7725 -701.0000000000
7739 -700.0000000000
7744 -699.0000000000
7751 -698.0000000000
7783 -697.0000000000
7809 -696.0000000000
7811 -695.0000000000
7821 -694.0000000000
7829 -693.0000000000
7855 -692.0000000000
7866 -691.0000000000
7901 -690.0000000000
7909 -689.0000000000
7920 -688.0000000000
7922 -687.0000000000
7929 -686.0000000000
7931 -685.0000000000
7940 -684.0000000000
7974 -683.0000000000
7983 -682.0000000000
8002 -681.0000000000
8007 -680.0000000000
8017 -678.0000000000
8048 -677.0000000000
8071 -676.0000000000
8073 -675.0000000000
8107 -674.0000000000
8120 -673.0000000000
8121 -672.0000000000
8126 -671.0000000000
8159 -670.0000000000
8165 -669.0000000000
8166 -668.0000000000
8239 -666.0000000000
8252 -665.0000000000
8254 -664.0000000000
8257 -663.0000000000
8263 -662.0000000000
8267 -661.0000000000
8273 -660.0000000000
8275 -659.0000000000
8282 -658.0000000000
8299 -657.0000000000
8305 -656.0000000000
8324 -655.0000000000
8334 -654.0000000000
8362 -653.0000000000
8366 -652.0000000000
8388 -651.0000000000
8399 -650.0000000000
8411 -648.0000000000
8420 -647.0000000000
8427 -646.0000000000
8499 -645.0000000000
8577 -644.0000000000
8578 -643.0000000000
8585 -642.0000000000
8587 -641.0000000000
8606 -640.0000000000
8616 -639.0000000000
8629 -637.0000000000
8649 -636.0000000000
8660 -635.0000000000
8663 -634.0000000000
8676 -633.0000000000
8688 -632.0000000000
8706 -631.0000000000
8731 -630.0000000000
8741 -629.0000000000
8746 -628.0000000000
8754 -627.0000000000
8760 -625.0000000000
8776 -624.0000000000
8778 -623.0000000000
8779 -622.0000000000
8786 -621.0000000000
8789 -619.0000000000
8814 -618.0000000000
8824 -617.0000000000
8839 -616.0000000000
8844 -614.0000000000
8845 -613.0000000000
8850 -612.0000000000
8874 -611.0000000000
8882 -610.0000000000
8898 -609.0000000000
8915 -608.0000000000
8934 -607.0000000000
8950 -606.0000000000
8976 -605.0000000000
8983 -604.0000000000
8988 -603.0000000000
8992 -602.0000000000
8996 -601.0000000000
8997 -600.0000000000
9009 -599.0000000000
9020 -598.0000000000
9021 -597.0000000000
9031 -596.0000000000
9041 -595.0000000000
9074 -594.0000000000
9091 -593.0000000000
9099 -592.0000000000
9109 -591.0000000000
9157 -590.0000000000
9179 -589.0000000000
9187 -587.0000000000
9207 -586.0000000000
9216 -585.0000000000
9218 -584.0000000000
9229 -583.0000000000
9230 -582.0000000000
9238 -580.0000000000
9320 -579.0000000000
9327 -578.0000000000
9357 -575.0000000000
9384 -574.0000000000
9387 -573.0000000000
9414 -572.0000000000
9423 -571.0000000000
9434 -570.0000000000
9444 -569.0000000000
9496 -568.0000000000
9523 -567.0000000000
9569 -566.0000000000
9591 -565.0000000000
9594 -564.0000000000
9603 -563.0000000000
9634 -562.0000000000
9654 -561.0000000000
9660 -560.0000000000
9682 -559.0000000000
9685 -558.0000000000
9698 -557.0000000000
9707 -556.0000000000
9720 -555.0000000000
9750 -554.0000000000
9758 -552.0000000000
9780 -551.0000000000
9783 -550.0000000000
9784 -549.0000000000
9805 -548.0000000000
9832 -547.0000000000
9853 -546.0000000000
9862 -544.0000000000
9878 -542.0000000000
9908 -541.0000000000
9943 -540.0000000000
9948 -539.0000000000
9952 -538.0000000000
9954 -537.0000000000
9957 -536.0000000000
9968 -535.0000000000
9991 -534.0000000000
9999 -533.0000000000
10000 -533.0000000000
evaluations raw_y
1 -1996.0000000000
4 -1995.0000000000
5 -1994.0000000000
11 -1993.0000000000
15 -1992.0000000000
16 -1991.0000000000
20 -1990.0000000000
22 -1989.0000000000
24 -1988.0000000000
29 -1987.0000000000
30 -1986.0000000000
44 -1985.0000000000
48 -1984.0000000000
58 -1983.0000000000
61 -1981.0000000000
62 -1977.0000000000
64 -1976.0000000000
65 -1975.0000000000
66 -1973.0000000000
70 -1970.0000000000
71 -1969.0000000000
76 -1968.0000000000
78 -1967.0000000000
93 -1966.0000000000
98 -1965.0000000000
109 -1964.0000000000
115 -1963.0000000000
117 -1961.0000000000
122 -1960.0000000000
124 -1959.0000000000
128 -1958.0000000000
137 -1957.0000000000
142 -1956.0000000000
144 -1955.0000000000
147 -1954.0000000000
152 -1953.0000000000
158 -1951.0000000000
162 -1950.0000000000
167 -1949.0000000000
174 -1948.0000000000
176 -1947.0000000000
177 -1946.0000000000
184 -1945.0000000000
189 -1943.0000000000
190 -1938.0000000000
191 -1937.0000000000
194 -1935.0000000000
198 -1934.0000000000
205 -1933.0000000000
206 -1932.0000000000
208 -1929.0000000000
211 -1928.0000000000
213 -1926.0000000000
214 -1925.0000000000
216 -1924.0000000000
220 -1923.0000000000
223 -1921.0000000000
227 -1920.0000000000
228 -1919.0000000000
231 -1918.0000000000
232 -1917.0000000000
234 -1916.0000000000
239 -1915.0000000000
241 -1914.0000000000
247 -1913.0000000000
249 -1912.0000000000
250 -1911.0000000000
261 -1910.0000000000
266 -1909.0000000000
267 -1907.0000000000
268 -1906.0000000000
269 -1905.0000000000
270 -1904.0000000000
272 -1903.0000000000
273 -1902.0000000000
276 -1901.0000000000
278 -1899.0000000000
279 -1898.0000000000
281 -1897.0000000000
284 -1896.0000000000
292 -1895.0000000000
298 -1894.0000000000
299 -1893.0000000000
301 -1891.0000000000
309 -1890.0000000000
312 -1889.0000000000
316 -1887.0000000000
319 -1886.0000000000
329 -1883.0000000000
330 -1881.0000000000
336 -1879.0000000000
340 -1878.0000000000
350 -1877.0000000000
351 -1876.0000000000
353 -1874.0000000000
360 -1873.0000000000
365 -1871.0000000000
367 -1870.0000000000
369 -1869.0000000000
375 -1868.0000000000
381 -1866.0000000000
384 -1865.0000000000
386 -1864.0000000000
394 -1863.0000000000
397 -1862.0000000000
402 -1861.0000000000
403 -1860.0000000000
411 -1859.0000000000
417 -1858.0000000000
418 -1857.0000000000
421 -1856.0000000000
426 -1855.0000000000
441 -1853.0000000000
442 -1852.0000000000
447 -1851.0000000000
448 -1850.0000000000
449 -1848.0000000000
454 -1847.0000000000
461 -1846.0000000000
467 -1845.0000000000
470 -1844.0000000000
480 -1843.0000000000
483 -1842.0000000000
484 -1841.0000000000
486 -1840.0000000000
489 -1839.0000000000
491 -1838.0000000000
492 -1837.0000000000
495 -1836.0000000000
499 -1835.0000000000
506 -1834.0000000000
507 -1832.0000000000
515 -1831.0000000000
516 -1830.0000000000
525 -1829.0000000000
532 -1828.0000000000
534 -1827.0000000000
536 -1825.0000000000
538 -1824.0000000000
550 -1823.0000000000
552 -1821.0000000000
554 -1820.0000000000
562 -1819.0000000000
565 -1817.0000000000
570 -1816.0000000000
579 -1815.0000000000
585 -1814.0000000000
590 -1813.0000000000
594 -1812.0000000000
596 -1811.0000000000
598 -1810.0000000000
607 -1809.0000000000
614 -1808.0000000000
615 -1807.0000000000
618 -1806.0000000000
619 -1805.0000000000
621 -1804.0000000000
622 -1803.0000000000
623 -1802.0000000000
628 -1801.0000000000
629 -1799.0000000000
631 -1798.0000000000
633 -1797.0000000000
639 -1794.0000000000
643 -1793.0000000000
654 -1791.0000000000
658 -1790.0000000000
664 -1789.0000000000
666 -1788.0000000000
667 -1786.0000000000
668 -1784.0000000000
678 -1783.0000000000
685 -1782.0000000000
686 -1781.0000000000
699 -1780.0000000000
711 -1779.0000000000
714 -1778.0000000000
723 -1777.0000000000
724 -1776.0000000000
746 -1775.0000000000
753 -1772.0000000000
763 -1770.0000000000
771 -1769.0000000000
772 -1768.0000000000
780 -1766.0000000000
783 -1764.0000000000
784 -1762.0000000000
785 -1761.0000000000
786 -1760.0000000000
787 -1759.0000000000
790 -1758.0000000000
793 -1757.0000000000
797 -1756.0000000000
800 -1755.0000000000
802 -1753.0000000000
805 -1752.0000000000
809 -1751.0000000000
812 -1750.0000000000
814 -1749.0000000000
821 -1748.0000000000
829 -1747.0000000000
837 -1745.0000000000
838 -1743.0000000000
840 -1741.0000000000
845 -1740.0000000000
847 -1739.0000000000
850 -1738.0000000000
851 -1737.0000000000
856 -1736.0000000000
858 -1735.0000000000
861 -1734.0000000000
863 -1733.0000000000
867 -1731.0000000000
868 -1730.0000000000
873 -1729.0000000000
882 -1728.0000000000
885 -1727.0000000000
898 -1726.0000000000
902 -1725.0000000000
904 -1724.0000000000
913 -1723.0000000000
922 -1721.0000000000
924 -1720.0000000000
928 -1719.0000000000
929 -1718.0000000000
930 -1717.0000000000
931 -1716.0000000000
932 -1714.0000000000
939 -1713.0000000000
940 -1712.0000000000
947 -1711.0000000000
948 -1710.0000000000
959 -1709.0000000000
963 -1706.0000000000
966 -1705.0000000000
969 -1704.0000000000
970 -1703.0000000000
975 -1702.0000000000
986 -1701.0000000000
988 -1699.0000000000
997 -1698.0000000000
1007 -1697.0000000000
1013 -1696.0000000000
1016 -1695.0000000000
1017 -1694.0000000000
1023 -1693.0000000000
1027 -1692.0000000000
1033 -1691.0000000000
1035 -1690.0000000000
1043 -1689.0000000000
1044 -1688.0000000000
1052 -1687.0000000000
1053 -1686.0000000000
1055 -1685.0000000000
1077 -1683.0000000000
1080 -1682.0000000000
1094 -1681.0000000000
1095 -1679.0000000000
1100 -1678.0000000000
1103 -1677.0000000000
1115 -1675.0000000000
1117 -1673.0000000000
1120 -1671.0000000000
1121 -1670.0000000000
1127 -1669.0000000000
1131 -1666.0000000000
1132 -1665.0000000000
1133 -1664.0000000000
1134 -1663.0000000000
1140 -1662.0000000000
1141 -1661.0000000000
1142 -1660.0000000000
1147 -1659.0000000000
1151 -1658.0000000000
1161 -1657.0000000000
1170 -1656.0000000000
1172 -1655.0000000000
1173 -1654.0000000000
1181 -1653.0000000000
1182 -1652.0000000000
1183 -1651.0000000000
1189 -1650.0000000000
1191 -1649.0000000000
1200 -1648.0000000000
1202 -1647.0000000000
1211 -1646.0000000000
1218 -1645.0000000000
1219 -1643.0000000000
1224 -1642.0000000000
1229 -1640.0000000000
1231 -1638.0000000000
1234 -1636.0000000000
1235 -1635.0000000000
1237 -1634.0000000000
1239 -1633.0000000000
1244 -1632.0000000000
1253 -1631.0000000000
1257 -1630.0000000000
1258 -1628.0000000000
1262 -1627.0000000000
1264 -1625.0000000000
1270 -1624.0000000000
1271 -1623.0000000000
1272 -1622.0000000000
1276 -1620.0000000000
1280 -1619.0000000000
1281 -1618.0000000000
1288 -1617.0000000000
1292 -1616.0000000000
1299 -1615.0000000000
1302 -1614.0000000000
1304 -1613.0000000000
1311 -1611.0000000000
1320 -1610.0000000000
1322 -1609.0000000000
1328 -1608.0000000000
1330 -1607.0000000000
1334 -1606.0000000000
1338 -1605.0000000000
1349 -1604.0000000000
1350 -1603.0000000000
1360 -1602.0000000000
1362 -1601.0000000000
1363 -1600.0000000000
1366 -1599.0000000000
1367 -1597.0000000000
1368 -1596.0000000000
1373 -1595.0000000000
1378 -1593.0000000000
1380 -1590.0000000000
1384 -1589.0000000000
1389 -1588.0000000000
1398 -1586.0000000000
1401 -1585.0000000000
1409 -1583.0000000000
1410 -1582.0000000000
1413 -1580.0000000000
1414 -1579.0000000000
1415 -1578.0000000000
1418 -1577.0000000000
1422 -1575.0000000000
1423 -1574.0000000000
1437 -1573.0000000000
1439 -1572.0000000000
1445 -1571.0000000000
1454 -1570.0000000000
1470 -1569.0000000000
1487 -1568.0000000000
1503 -1564.0000000000
1504 -1563.0000000000
1514 -1562.0000000000
1518 -1560.0000000000
1523 -1558.0000000000
1526 -1557.0000000000
1530 -1555.0000000000
1532 -1554.0000000000
1536 -1553.0000000000
1540 -1552.0000000000
1548 -1551.0000000000
1549 -1550.0000000000
1554 -1548.0000000000
1555 -1547.0000000000
1556 -1546.0000000000
1562 -1545.0000000000
1563 -1543.0000000000
1567 -1542.0000000000
1568 -1541.0000000000
1572 -1540.0000000000
1591 -1539.0000000000
1594 -1538.0000000000
1595 -1536.0000000000
1598 -1535.0000000000
1600 -1534.0000000000
1608 -1533.0000000000
1615 -1532.0000000000
1617 -1531.0000000000
1621 -1530.0000000000
1623 -1529.0000000000
1625 -1528.0000000000
1626 -1527.0000000000
1630 -1525.0000000000
1633 -1524.0000000000
1636 -1523.0000000000
1638 -1522.0000000000
1642 -1521.0000000000
1650 -1520.0000000000
1652 -1519.0000000000
1653 -1518.0000000000
1657 -1517.0000000000
1659 -1516.0000000000
1675 -1514.0000000000
1677 -1513.0000000000
1684 -1512.0000000000
1691 -1511.0000000000
1698 -1510.0000000000
1701 -1507.0000000000
1705 -1506.0000000000
1721 -1505.0000000000
1724 -1504.0000000000
1725 -1503.0000000000
1737 -1501.0000000000
1740 -1500.0000000000
1756 -1499.0000000000
1759 -1498.0000000000
1760 -1497.0000000000
1767 -1496.0000000000
1769 -1495.0000000000
1774 -1494.0000000000
1776 -1493.0000000000
1778 -1492.0000000000
1793 -1491.0000000000
1802 -1490.0000000000
1803 -1488.0000000000
1811 -1487.0000000000
1812 -1486.0000000000
1819 -1484.0000000000
1820 -1483.0000000000
1833 -1481.0000000000
1837 -1480.0000000000
1842 -1479.0000000000
1845 -1478.0000000000
1851 -1476.0000000000
1853 -1474.0000000000
1874 -1473.0000000000
1877 -1472.0000000000
1886 -1471.0000000000
1887 -1470.0000000000
1891 -1469.0000000000
1893 -1468.0000000000
1901 -1467.0000000000
1903 -1466.0000000000
1912 -1465.0000000000
1918 -1464.0000000000
1923 -1463.0000000000
1925 -1462.0000000000
1928 -1461.0000000000
1930 -1460.0000000000
1931 -1459.0000000000
1934 -1457.0000000000
1937 -1456.0000000000
1941 -1454.0000000000
1945 -1453.0000000000
1948 -1452.0000000000
1949 -1451.0000000000
1957 -1449.0000000000
1980 -1448.0000000000
1981 -1447.0000000000
1986 -1446.0000000000
1993 -1445.0000000000
1996 -1444.0000000000
2000 -1443.0000000000
2006 -1442.0000000000
2009 -1441.0000000000
2016 -1440.0000000000
2017 -1439.0000000000
2018 -1438.0000000000
2027 -1437.0000000000
2030 -1436.0000000000
2032 -1435.0000000000
2036 -1434.0000000000
2040 -1432.0000000000
2045 -1430.0000000000
2053 -1429.0000000000
2058 -1428.0000000000
2061 -1427.0000000000
2064 -1425.0000000000
2066 -1424.0000000000
2070 -1422.0000000000
2072 -1421.0000000000
2074 -1420.0000000000
2083 -1419.0000000000
2085 -1418.0000000000
2094 -1417.0000000000
2100 -1416.0000000000
2110 -1415.0000000000
2116 -1414.0000000000
2123 -1413.0000000000
2130 -1412.0000000000
2132 -1411.0000000000
2133 -1409.0000000000
2151 -1408.0000000000
2152 -1407.0000000000
2155 -1406.0000000000
2162 -1405.0000000000
2170 -1403.0000000000
2173 -1401.0000000000
2174 -1399.0000000000
2177 -1398.0000000000
2178 -1397.0000000000
2185 -1396.0000000000
2188 -1395.0000000000
2202 -1394.0000000000
2203 -1393.0000000000
2205 -1391.0000000000
2208 -1389.0000000000
2213 -1387.0000000000
2226 -1385.0000000000
2233 -1384.0000000000
2235 -1383.0000000000
2245 -1382.0000000000
2247 -1381.0000000000
2251 -1380.0000000000
2256 -1378.0000000000
2267 -1377.0000000000
2270 -1376.0000000000
2274 -1375.0000000000
2275 -1374.0000000000
2278 -1373.0000000000
2287 -1372.0000000000
2303 -1371.0000000000
2315 -1369.0000000000
2316 -1367.0000000000
2322 -1366.0000000000
2323 -1365.0000000000
2330 -1364.0000000000
2336 -1363.0000000000
2337 -1361.0000000000
2339 -1360.0000000000
2340 -1359.0000000000
2344 -1358.0000000000
2354 -1357.0000000000
2368 -1356.0000000000
2370 -1355.0000000000
2374 -1354.0000000000
2379 -1353.0000000000
2381 -1352.0000000000
2384 -1351.0000000000
2387 -1350.0000000000
2394 -1349.0000000000
2395 -1348.0000000000
2415 -1347.0000000000
2416 -1346.0000000000
2419 -1345.0000000000
2422 -1344.0000000000
2423 -1343.0000000000
2431 -1342.0000000000
2438 -1341.0000000000
2440 -1340.0000000000
2442 -1339.0000000000
2445 -1338.0000000000
2456 -1337.0000000000
2459 -1336.0000000000
2460 -1334.0000000000
2462 -1333.0000000000
2464 -1332.0000000000
2469 -1331.0000000000
2471 -1329.0000000000
2472 -1327.0000000000
2493 -1326.0000000000
2530 -1324.0000000000
2544 -1323.0000000000
2555 -1322.0000000000
2560 -1321.0000000000
2573 -1320.0000000000
2578 -1319.0000000000
2589 -1318.0000000000
2593 -1317.0000000000
2595 -1316.0000000000
2598 -1315.0000000000
2600 -1314.0000000000
2622 -1313.0000000000
2625 -1312.0000000000
2631 -1311.0000000000
2645 -1309.0000000000
2661 -1308.0000000000
2672 -1307.0000000000
2677 -1306.0000000000
2679 -1305.0000000000
2683 -1304.0000000000
2684 -1303.0000000000
2685 -1302.0000000000
2689 -1300.0000000000
2697 -1299.0000000000
2703 -1298.0000000000
2704 -1295.0000000000
2705 -1294.0000000000
2709 -1293.0000000000
2715 -1292.0000000000
2720 -1290.0000000000
2733 -1289.0000000000
2737 -1288.0000000000
2740 -1287.0000000000
2744 -1285.0000000000
2746 -1284.0000000000
2747 -1283.0000000000
2750 -1282.0000000000
2753 -1281.0000000000
2754 -1280.0000000000
2768 -1278.0000000000
2771 -1277.0000000000
2774 -1276.0000000000
2776 -1275.0000000000
2783 -1274.0000000000
2815 -1273.0000000000
2826 -1272.0000000000
2830 -1271.0000000000
2833 -1270.0000000000
2840 -1268.0000000000
2852 -1267.0000000000
2859 -1266.0000000000
2870 -1265.0000000000
2877 -1264.0000000000
2890 -1263.0000000000
2902 -1262.0000000000
2915 -1261.0000000000
2917 -1260.0000000000
2922 -1259.0000000000
2928 -1257.0000000000
2929 -1256.0000000000
2932 -1255.0000000000
2944 -1253.0000000000
2950 -1252.0000000000
2954 -1251.0000000000
2970 -1250.0000000000
2983 -1249.0000000000
2986 -1248.0000000000
2988 -1246.0000000000
2989 -1245.0000000000
3003 -1243.0000000000
3012 -1242.0000000000
3022 -1241.0000000000
3030 -1240.0000000000
3035 -1239.0000000000
3045 -1237.0000000000
3049 -1236.0000000000
3060 -1233.0000000000
3089 -1232.0000000000
3092 -1231.0000000000
3096 -1230.0000000000
3098 -1227.0000000000
3101 -1226.0000000000
3112 -1225.0000000000
3113 -1224.0000000000
3139 -1222.0000000000
3148 -1221.0000000000
3149 -1220.0000000000
3156 -1219.0000000000
3159 -1218.0000000000
3162 -1217.0000000000
3179 -1216.0000000000
3183 -1215.0000000000
3196 -1214.0000000000
3199 -1213.0000000000
3209 -1211.0000000000
3211 -1210.0000000000
3213 -1209.0000000000
3215 -1207.0000000000
3219 -1206.0000000000
3228 -1205.0000000000
3234 -1204.0000000000
3237 -1203.0000000000
3241 -1202.0000000000
3256 -1201.0000000000
3264 -1198.0000000000
3268 -1196.0000000000
3270 -1195.0000000000
3273 -1194.0000000000
3283 -1193.0000000000
3286 -1192.0000000000
3311 -1191.0000000000
3315 -1190.0000000000
3317 -1188.0000000000
3318 -1187.0000000000
3321 -1186.0000000000
3332 -1185.0000000000
3335 -1184.0000000000
3341 -1183.0000000000
3358 -1181.0000000000
3359 -1179.0000000000
3375 -1178.0000000000
3380 -1176.0000000000
3381 -1175.0000000000
3386 -1174.0000000000
3393 -1173.0000000000
3395 -1172.0000000000
3397 -1171.0000000000
3398 -1170.0000000000
3402 -1169.0000000000
3408 -1168.0000000000
3415 -1167.0000000000
3431 -1166.0000000000
3433 -1165.0000000000
3437 -1164.0000000000
3443 -1162.0000000000
3444 -1161.0000000000
3446 -1159.0000000000
3453 -1158.0000000000
3470 -1157.0000000000
3473 -1156.0000000000
3496 -1155.0000000000
3501 -1154.0000000000
3502 -1153.0000000000
3514 -1151.0000000000
3530 -1150.0000000000
3531 -1149.0000000000
3546 -1148.0000000000
3549 -1146.0000000000
3552 -1145.0000000000
3569 -1144.0000000000
3571 -1143.0000000000
3574 -1142.0000000000
3577 -1141.0000000000
3584 -1140.0000000000
3590 -1139.0000000000
3606 -1138.0000000000
3613 -1137.0000000000
3614 -1136.0000000000
3634 -1134.0000000000
3635 -1133.0000000000
3647 -1132.0000000000
3651 -1130.0000000000
3652 -1129.0000000000
3654 -1128.0000000000
3666 -1127.0000000000
3669 -1126.0000000000
3683 -1124.0000000000
3688 -1123.0000000000
3709 -1122.0000000000
3716 -1121.0000000000
3718 -1120.0000000000
3719 -1119.0000000000
3758 -1118.0000000000
3763 -1117.0000000000
3780 -1116.0000000000
3812 -1114.0000000000
3822 -1112.0000000000
3831 -1110.0000000000
3836 -1109.0000000000
3842 -1108.0000000000
3860 -1106.0000000000
3867 -1105.0000000000
3873 -1104.0000000000
3878 -1103.0000000000
3901 -1102.0000000000
3907 -1101.0000000000
3930 -1100.0000000000
3945 -1099.0000000000
3947 -1098.0000000000
3948 -1097.0000000000
3950 -1095.0000000000
3951 -1094.0000000000
3954 -1093.0000000000
3957 -1092.0000000000
3958 -1091.0000000000
3967 -1090.0000000000
3968 -1089.0000000000
3978 -1088.0000000000
3982 -1087.0000000000
3999 -1086.0000000000
4003 -1085.0000000000
4012 -1084.0000000000
4019 -1083.0000000000
4033 -1081.0000000000
4047 -1080.0000000000
4060 -1079.0000000000
4064 -1078.0000000000
4067 -1077.0000000000
4085 -1076.0000000000
4093 -1075.0000000000
4103 -1074.0000000000
4106 -1073.0000000000
4107 -1072.0000000000
4108 -1071.0000000000
4111 -1070.0000000000
4116 -1069.0000000000
4119 -1068.0000000000
4122 -1067.0000000000
4126 -1066.0000000000
4130 -1065.0000000000
4141 -1064.0000000000
4147 -1063.0000000000
4152 -1061.0000000000
4180 -1060.0000000000
4182 -1059.0000000000
4186 -1058.0000000000
4194 -1057.0000000000
4203 -1056.0000000000
4217 -1055.0000000000
4226 -1054.0000000000
4227 -1053.0000000000
4228 -1052.0000000000
4233 -1051.0000000000
4238 -1050.0000000000
4239 -1048.0000000000
4246 -1047.0000000000
4258 -1046.0000000000
4274 -1045.0000000000
4297 -1044.0000000000
4299 -1043.0000000000
4302 -1042.0000000000
4305 -1041.0000000000
4330 -1040.0000000000
4334 -1039.0000000000
4337 -1038.0000000000
4339 -1036.0000000000
4372 -1035.0000000000
4375 -1034.0000000000
4376 -1032.0000000000
4382 -1031.0000000000
4391 -1030.0000000000
4405 -1029.0000000000
4426 -1028.0000000000
4427 -1027.0000000000
4447 -1025.0000000000
4455 -1024.0000000000
4467 -1023.0000000000
4483 -1021.0000000000
4485 -1020.0000000000
4489 -1019.0000000000
4491 -1018.0000000000
4494 -1017.0000000000
4514 -1016.0000000000
4525 -1015.0000000000
4527 -1014.0000000000
4528 -1013.0000000000
4529 -1011.0000000000
4530 -1010.0000000000
4535 -1009.0000000000
4536 -1008.0000000000
4550 -1007.0000000000
4563 -1006.0000000000
4573 -1004.0000000000
4586 -1002.0000000000
4588 -1001.0000000000
4593 -1000.0000000000
4629 -999.0000000000
4632 -998.0000000000
4637 -997.0000000000
4646 -996.0000000000
4648 -995.0000000000
4651 -994.0000000000
4654 -993.0000000000
4657 -992.0000000000
4681 -991.0000000000
4683 -990.0000000000
4686 -989.0000000000
4690 -988.0000000000
4712 -987.0000000000
4716 -986.0000000000
4717 -985.0000000000
4754 -984.0000000000
4769 -983.0000000000
4781 -982.0000000000
4793 -980.0000000000
4796 -979.0000000000
4812 -978.0000000000
4813 -977.0000000000
4818 -975.0000000000
4824 -974.0000000000
4835 -973.0000000000
4847 -972.0000000000
4869 -971.0000000000
4877 -969.0000000000
4879 -968.0000000000
4888 -967.0000000000
4909 -966.0000000000
4910 -965.0000000000
4916 -964.0000000000
4927 -963.0000000000
4949 -962.0000000000
4961 -961.0000000000
4962 -960.0000000000
4973 -959.0000000000
4974 -958.0000000000
4976 -957.0000000000
4980 -956.0000000000
4982 -955.0000000000
4992 -954.0000000000
4995 -953.0000000000
5022 -952.0000000000
5030 -951.0000000000
5048 -950.0000000000
5049 -948.0000000000
5055 -947.0000000000
5064 -946.0000000000
5066 -945.0000000000
5085 -943.0000000000
5110 -942.0000000000
5130 -941.0000000000
5136 -939.0000000000
5146 -937.0000000000
5164 -936.0000000000
5188 -934.0000000000
5192 -933.0000000000
5196 -932.0000000000
5215 -931.0000000000
5248 -929.0000000000
5262 -928.0000000000
5263 -927.0000000000
5266 -925.0000000000
5284 -924.0000000000
5296 -923.0000000000
5303 -922.0000000000
5310 -921.0000000000
5333 -920.0000000000
5335 -919.0000000000
5343 -918.0000000000
5351 -917.0000000000
5364 -916.0000000000
5371 -914.0000000000
5384 -913.0000000000
5403 -911.0000000000
5412 -910.0000000000
5423 -908.0000000000
5425 -907.0000000000
5427 -906.0000000000
5442 -905.0000000000
5460 -904.0000000000
5463 -903.0000000000
5474 -902.0000000000
5476 -900.0000000000
5486 -899.0000000000
5499 -898.0000000000
5504 -897.0000000000
5507 -896.0000000000
5525 -895.0000000000
5545 -894.0000000000
5557 -893.0000000000
5562 -892.0000000000
5578 -891.0000000000
5579 -890.0000000000
5581 -889.0000000000
5591 -888.0000000000
5621 -887.0000000000
5628 -886.0000000000
5633 -885.0000000000
5635 -883.0000000000
5646 -882.0000000000
5648 -880.0000000000
5670 -879.0000000000
5674 -878.0000000000
5684 -877.0000000000
5690 -876.0000000000
5702 -875.0000000000
5707 -874.0000000000
5725 -873.0000000000
5749 -872.0000000000
5751 -871.0000000000
5754 -870.0000000000
5773 -868.0000000000
5808 -867.0000000000
5820 -866.0000000000
5833 -865.0000000000
5837 -864.0000000000
5847 -863.0000000000
5860 -862.0000000000
5868 -861.0000000000
5869 -860.0000000000
5870 -859.0000000000
5887 -858.0000000000
5931 -857.0000000000
5932 -855.0000000000
5937 -854.0000000000
5961 -853.0000000000
5969 -852.0000000000
5984 -851.0000000000
6003 -850.0000000000
6013 -849.0000000000
6018 -848.0000000000
6032 -847.0000000000
6034 -846.0000000000
6035 -845.0000000000
6052 -844.0000000000
6057 -842.0000000000
6081 -841.0000000000
6087 -840.0000000000
6113 -839.0000000000
6115 -838.0000000000
6117 -837.0000000000
6148 -836.0000000000
6193 -835.0000000000
6209 -834.0000000000
6210 -833.0000000000
6227 -832.0000000000
6228 -831.0000000000
6241 -830.0000000000
6242 -829.0000000000
6244 -828.0000000000
6249 -827.0000000000
6252 -826.0000000000
6256 -825.0000000000
6258 -824.0000000000
6266 -821.0000000000
6287 -820.0000000000
6307 -818.0000000000
6313 -817.0000000000
6315 -816.0000000000
6317 -815.0000000000
6348 -814.0000000000
6359 -811.0000000000
6384 -810.0000000000
6401 -808.0000000000
6407 -807.0000000000
6417 -806.0000000000
6423 -805.0000000000
6437 -804.0000000000
6448 -803.0000000000
6453 -802.0000000000
6464 -801.0000000000
6486 -799.0000000000
6488 -798.0000000000
6494 -797.0000000000
6533 -796.0000000000
6538 -795.0000000000
6548 -794.0000000000
6551 -793.0000000000
6553 -792.0000000000
6573 -791.0000000000
6582 -790.0000000000
6601 -789.0000000000
6603 -787.0000000000
6604 -786.0000000000
6607 -785.0000000000
6613 -784.0000000000
6615 -783.0000000000
6616 -782.0000000000
6627 -781.0000000000
6659 -779.0000000000
6677 -777.0000000000
6693 -776.0000000000
6718 -775.0000000000
6737 -774.0000000000
6738 -773.0000000000
6744 -772.0000000000
6751 -771.0000000000
6752 -770.0000000000
6757 -769.0000000000
6759 -768.0000000000
6807 -767.0000000000
6822 -766.0000000000
6824 -765.0000000000
6857 -764.0000000000
6865 -763.0000000000
6876 -762.0000000000
6879 -761.0000000000
6897 -760.0000000000
6917 -759.0000000000
6927 -758.0000000000
6929 -757.0000000000
6937 -756.0000000000
6970 -755.0000000000
7023 -754.0000000000
7031 -753.0000000000
7050 -752.0000000000
7068 -751.0000000000
7082 -750.0000000000
7084 -749.0000000000
7104 -748.0000000000
7111 -746.0000000000
7133 -745.0000000000
7141 -744.0000000000
7144 -743.0000000000
7159 -742.0000000000
7160 -741.0000000000
7172 -740.0000000000
7181 -739.0000000000
7209 -738.0000000000
7247 -737.0000000000
7258 -736.0000000000
7280 -735.0000000000
7288 -734.0000000000
7304 -733.0000000000
7306 -732.0000000000
7317 -731.0000000000
7320 -730.0000000000
7330 -728.0000000000
7371 -727.0000000000
7376 -726.0000000000
7378 -725.0000000000
7384 -723.0000000000
7389 -722.0000000000
7390 -721.0000000000
7419 -720.0000000000
7427 -719.0000000000
7430 -717.0000000000
7443 -716.0000000000
7446 -715.0000000000
7448 -714.0000000000
7460 -712.0000000000
7465 -711.0000000000
7471 -710.0000000000
7478 -709.0000000000
7492 -708.0000000000
7501 -706.0000000000
7518 -704.0000000000
7519 -703.0000000000
7559 -702.0000000000
7565 -701.0000000000
7568 -700.0000000000
7602 -699.0000000000
7612 -698.0000000000
7665 -697.0000000000
7669 -695.0000000000
7681 -694.0000000000
7682 -693.0000000000
7710 -692.0000000000
7711 -691.0000000000
7712 -690.0000000000
7713 -689.0000000000
7721 -688.0000000000
7723 -687.0000000000
7732 -686.0000000000
7755 -685.0000000000
7780 -684.0000000000
7818 -683.0000000000
7823 -682.0000000000
7832 -680.0000000000
7848 -679.0000000000
7867 -678.0000000000
7888 -676.0000000000
7910 -675.0000000000
7925 -674.0000000000
7943 -673.0000000000
7970 -672.0000000000
7972 -671.0000000000
7983 -670.0000000000
7984 -669.0000000000
8022 -667.0000000000
8023 -666.0000000000
8033 -665.0000000000
8035 -664.0000000000
8050 -662.0000000000
8054 -661.0000000000
8083 -660.0000000000
8084 -659.0000000000
8102 -658.0000000000
8106 -656.0000000000
8137 -655.0000000000
8160 -654.0000000000
8164 -653.0000000000
8169 -652.0000000000
8188 -651.0000000000
8197 -650.0000000000
8200 -648.0000000000
8221 -647.0000000000
8222 -646.0000000000
8225 -645.0000000000
8227 -644.0000000000
8228 -643.0000000000
8230 -642.0000000000
8248 -641.0000000000
8274 -640.0000000000
8302 -639.0000000000
8305 -638.0000000000
8318 -637.0000000000
8346 -636.0000000000
8365 -635.0000000000
8372 -634.0000000000
8373 -633.0000000000
8383 -632.0000000000
8400 -631.0000000000
8405 -630.0000000000
8410 -629.0000000000
8510 -628.0000000000
8516 -627.0000000000
8537 -626.0000000000
8549 -625.0000000000
8555 -624.0000000000
8557 -623.0000000000
8575 -622.0000000000
8579 -621.0000000000
8596 -620.0000000000
8630 -619.0000000000
8643 -618.0000000000
8669 -617.0000000000
8677 -615.0000000000
8691 -614.0000000000
8694 -613.0000000000
8699 -612.0000000000
8711 -611.0000000000
8716 -610.0000000000
8736 -609.0000000000
8739 -608.0000000000
8740 -607.0000000000
8782 -606.0000000000
8785 -605.0000000000
8789 -604.0000000000
8807 -603.0000000000
8834 -602.0000000000
8843 -600.0000000000
8849 -599.0000000000
8873 -598.0000000000
8904 -597.0000000000
8916 -596.0000000000
8923 -595.0000000000
8935 -594.0000000000
8982 -593.0000000000
9025 -592.0000000000
9055 -591.0000000000
9056 -590.0000000000
9124 -589.0000000000
9129 -588.0000000000
9132 -587.0000000000
9137 -586.0000000000
9147 -585.0000000000
9152 -584.0000000000
9191 -583.0000000000
9194 -582.0000000000
9201 -581.0000000000
9209 -580.0000000000
9214 -579.0000000000
9232 -578.0000000000
9233 -577.0000000000
9239 -576.0000000000
9248 -575.0000000000
9262 -574.0000000000
9267 -573.0000000000
9272 -572.0000000000
9274 -571.0000000000
9282 -569.0000000000
9291 -568.0000000000
9325 -567.0000000000
9333 -566.0000000000
9351 -565.0000000000
9374 -564.0000000000
9384 -563.0000000000
9387 -561.0000000000
9407 -560.0000000000
9435 -559.0000000000
9441 -558.0000000000
9443 -557.0000000000
9445 -556.0000000000
9460 -555.0000000000
9465 -554.0000000000
9476 -553.0000000000
9484 -552.0000000000
9490 -551.0000000000
9492 -550.0000000000
9556 -549.0000000000
9570 -548.0000000000
9573 -547.0000000000
9576 -546.0000000000
9583 -544.0000000000
9595 -543.0000000000
9596 -542.0000000000
9606 -541.0000000000
9608 -539.0000000000
9619 -538.0000000000
9626 -537.0000000000
9639 -536.0000000000
9706 -535.0000000000
9716 -534.0000000000
9754 -533.0000000000
9781 -532.0000000000
9795 -531.0000000000
9817 -530.0000000000
9842 -529.0000000000
9859 -528.0000000000
9890 -527.0000000000
9895 -526.0000000000
9900 -525.0000000000
9911 -524.0000000000
9921 -522.0000000000
9928 -521.0000000000
9976 -520.0000000000
9977 -519.0000000000
9978 -518.0000000000
10000 -521.0000000000
evaluations raw_y
1 -1961.0000000000
3 -1960.0000000000
15 -1959.0000000000
25 -1957.0000000000
28 -1956.0000000000
29 -1954.0000000000
36 -1953.0000000000
40 -1952.0000000000
41 -1951.0000000000
43 -1950.0000000000
45 -1949.0000000000
46 -1948.0000000000
62 -1947.0000000000
69 -1946.0000000000
77 -1945.0000000000
84 -1944.0000000000
87 -1943.0000000000
90 -1942.0000000000
91 -1941.0000000000
92 -1940.0000000000
104 -1938.0000000000
105 -1936.0000000000
106 -1935.0000000000
107 -1934.0000000000
108 -1933.0000000000
116 -1932.0000000000
123 -1931.0000000000
124 -1930.0000000000
126 -1929.0000000000
129 -1928.0000000000
137 -1927.0000000000
142 -1925.0000000000
144 -1924.0000000000
146 -1923.0000000000
159 -1922.0000000000
163 -1921.0000000000
168 -1919.0000000000
173 -1918.0000000000
175 -1917.0000000000
178 -1916.0000000000
181 -1915.0000000000
182 -1914.0000000000
193 -1913.0000000000
204 -1912.0000000000
209 -1911.0000000000
214 -1910.0000000000
216 -1909.0000000000
221 -1906.0000000000
222 -1904.0000000000
225 -1903.0000000000
228 -1902.0000000000
236 -1900.0000000000
239 -1899.0000000000
241 -1897.0000000000
242 -1896.0000000000
263 -1895.0000000000
267 -1894.0000000000
268 -1893.0000000000
269 -1892.0000000000
270 -1891.0000000000
271 -1889.0000000000
275 -1888.0000000000
276 -1887.0000000000
283 -1886.0000000000
292 -1885.0000000000
301 -1884.0000000000
302 -1883.0000000000
305 -1882.0000000000
313 -1881.0000000000
315 -1879.0000000000
316 -1878.0000000000
324 -1877.0000000000
333 -1875.0000000000
336 -1874.0000000000
340 -1873.0000000000
352 -1872.0000000000
359 -1871.0000000000
360 -1870.0000000000
364 -1869.0000000000
375 -1868.0000000000
376 -1866.0000000000
377 -1865.0000000000
378 -1864.0000000000
380 -1863.0000000000
390 -1862.0000000000
393 -1861.0000000000
395 -1860.0000000000
397 -1859.0000000000
404 -1858.0000000000
413 -1857.0000000000
415 -1855.0000000000
416 -1854.0000000000
418 -1853.0000000000
422 -1851.0000000000
440 -1850.0000000000
441 -1849.0000000000
451 -1848.0000000000
468 -1847.0000000000
472 -1846.0000000000
473 -1845.0000000000
477 -1844.0000000000
481 -1843.0000000000
490 -1842.0000000000
491 -1841.0000000000
497 -1840.0000000000
503 -1839.0000000000
504 -1837.0000000000
508 -1836.0000000000
511 -1835.0000000000
514 -1834.0000000000
517 -1833.0000000000
519 -1832.0000000000
523 -1831.0000000000
525 -1830.0000000000
531 -1829.0000000000
536 -1828.0000000000
539 -1827.0000000000
543 -1826.0000000000
545 -1825.0000000000
547 -1824.0000000000
548 -1823.0000000000
554 -1822.0000000000
563 -1821.0000000000
565 -1819.0000000000
567 -1818.0000000000
571 -1817.0000000000
579 -1816.0000000000
581 -1815.0000000000
583 -1814.0000000000
589 -1813.0000000000
593 -1812.0000000000
594 -1811.0000000000
595 -1810.0000000000
604 -1808.0000000000
608 -1807.0000000000
614 -1806.0000000000
615 -1805.0000000000
618 -1804.0000000000
619 -1802.0000000000
622 -1801.0000000000
623 -1800.0000000000
626 -1799.0000000000
634 -1798.0000000000
635 -1797.0000000000
642 -1796.0000000000
643 -1794.0000000000
647 -1793.0000000000
648 -1792.0000000000
650 -1791.0000000000
655 -1790.0000000000
657 -1789.0000000000
664 -1788.0000000000
667 -1787.0000000000
671 -1786.0000000000
674 -1785.0000000000
679 -1784.0000000000
680 -1783.0000000000
685 -1782.0000000000
687 -1780.0000000000
692 -1779.0000000000
693 -1778.0000000000
694 -1777.0000000000
695 -1776.0000000000
697 -1775.0000000000
701 -1774.0000000000
711 -1773.0000000000
716 -1772.0000000000
719 -1771.0000000000
735 -1770.0000000000
742 -1769.0000000000
748 -1768.0000000000
750 -1767.0000000000
752 -1766.0000000000
758 -1765.0000000000
763 -1764.0000000000
765 -1761.0000000000
766 -1760.0000000000
767 -1759.0000000000
770 -1757.0000000000
781 -1755.0000000000
783 -1754.0000000000
786 -1752.0000000000
794 -1751.0000000000
797 -1750.0000000000
800 -1748.0000000000
807 -1747.0000000000
810 -1746.0000000000
814 -1745.0000000000
822 -1744.0000000000
827 -1743.0000000000
833 -1742.0000000000
834 -1739.0000000000
838 -1738.0000000000
856 -1737.0000000000
858 -1736.0000000000
859 -1735.0000000000
862 -1733.0000000000
863 -1732.0000000000
864 -1731.0000000000
873 -1730.0000000000
874 -1729.0000000000
880 -1728.0000000000
915 -1727.0000000000
921 -1726.0000000000
922 -1725.0000000000
933 -1724.0000000000
941 -1723.0000000000
945 -1722.0000000000
950 -1721.0000000000
951 -1720.0000000000
953 -1719.0000000000
954 -1718.0000000000
960 -1717.0000000000
964 -1716.0000000000
969 -1715.0000000000
970 -1714.0000000000
972 -1712.0000000000
977 -1710.0000000000
980 -1709.0000000000
982 -1708.0000000000
984 -1707.0000000000
988 -1706.0000000000
989 -1705.0000000000
992 -1704.0000000000
994 -1702.0000000000
996 -1701.0000000000
1006 -1700.0000000000
1008 -1698.0000000000
1017 -1697.0000000000
1018 -1695.0000000000
1022 -1694.0000000000
1035 -1693.0000000000
1037 -1692.0000000000
1040 -1690.0000000000
1058 -1689.0000000000
1072 -1688.0000000000
1078 -1687.0000000000
1081 -1686.0000000000
1094 -1685.0000000000
1101 -1684.0000000000
1102 -1683.0000000000
1105 -1682.0000000000
1106 -1681.0000000000
1108 -1679.0000000000
1110 -1678.0000000000
1112 -1677.0000000000
1113 -1676.0000000000
1116 -1675.0000000000
1118 -1673.0000000000
1119 -1672.0000000000
1122 -1671.0000000000
1124 -1670.0000000000
1125 -1669.0000000000
1129 -1668.0000000000
1134 -1667.0000000000
1136 -1666.0000000000
1137 -1665.0000000000
1139 -1664.0000000000
1143 -1663.0000000000
1153 -1662.0000000000
1154 -1661.0000000000
1155 -1660.0000000000
1162 -1659.0000000000
1177 -1658.0000000000
1178 -1657.0000000000
1191 -1656.0000000000
1199 -1655.0000000000
1207 -1654.0000000000
1221 -1653.0000000000
1231 -1652.0000000000
1235 -1651.0000000000
1238 -1649.0000000000
1239 -1648.0000000000
1245 -1647.0000000000
1255 -1645.0000000000
1259 -1644.0000000000
1262 -1643.0000000000
1264 -1642.0000000000
1275 -1640.0000000000
1279 -1639.0000000000
1281 -1638.0000000000
1285 -1637.0000000000
1288 -1636.0000000000
1289 -1635.0000000000
1291 -1634.0000000000
1298 -1632.0000000000
1303 -1631.0000000000
1305 -1630.0000000000
1308 -1629.0000000000
1310 -1628.0000000000
1314 -1627.0000000000
1317 -1626.0000000000
1318 -1625.0000000000
1321 -1624.0000000000
1325 -1623.0000000000
1330 -1622.0000000000
1331 -1621.0000000000
1332 -1620.0000000000
1337 -1619.0000000000
1347 -1618.0000000000
1351 -1617.0000000000
1352 -1616.0000000000
1356 -1615.0000000000
1371 -1614.0000000000
1378 -1613.0000000000
1380 -1612.0000000000
1383 -1611.0000000000
1388 -1609.0000000000
1410 -1608.0000000000
1416 -1607.0000000000
1422 -1606.0000000000
1427 -1605.0000000000
1428 -1604.0000000000
1436 -1603.0000000000
1447 -1602.0000000000
1449 -1601.0000000000
1456 -1600.0000000000
1467 -1599.0000000000
1482 -1598.0000000000
1484 -1597.0000000000
1485 -1596.0000000000
1492 -1595.0000000000
1497 -1594.0000000000
1498 -1593.0000000000
1506 -1592.0000000000
1513 -1591.0000000000
1515 -1590.0000000000
1521 -1589.0000000000
1535 -1588.0000000000
1536 -1587.0000000000
1539 -1586.0000000000
1541 -1585.0000000000
1544 -1584.0000000000
1551 -1583.0000000000
1552 -1582.0000000000
1555 -1580.0000000000
1556 -1579.0000000000
1558 -1578.0000000000
1571 -1577.0000000000
1572 -1576.0000000000
1573 -1575.0000000000
1575 -1574.0000000000
1579 -1573.0000000000
1583 -1572.0000000000
1590 -1571.0000000000
1595 -1570.0000000000
1597 -1569.0000000000
1601 -1568.0000000000
1602 -1567.0000000000
1612 -1566.0000000000
1615 -1565.0000000000
1616 -1564.0000000000
1631 -1563.0000000000
1635 -1562.0000000000
1640 -1561.0000000000
1650 -1559.0000000000
1655 -1558.0000000000
1656 -1557.0000000000
1661 -1556.0000000000
1667 -1555.0000000000
1668 -1553.0000000000
1674 -1552.0000000000
1675 -1551.0000000000
1682 -1550.0000000000
1683 -1549.0000000000
1684 -1548.0000000000
1685 -1547.0000000000
1687 -1546.0000000000
1688 -1545.0000000000
1689 -1543.0000000000
1699 -1542.0000000000
1705 -1541.0000000000
1709 -1540.0000000000
1714 -1539.0000000000
1728 -1538.0000000000
1738 -1535.0000000000
1744 -1534.0000000000
1748 -1532.0000000000
1754 -1531.0000000000
1756 -1530.0000000000
1758 -1529.0000000000
1762 -1528.0000000000
1764 -1527.0000000000
1765 -1526.0000000000
1768 -1524.0000000000
1771 -1523.0000000000
1775 -1522.0000000000
1778 -1521.0000000000
1780 -1519.0000000000
1785 -1518.0000000000
1787 -1517.0000000000
1790 -1516.0000000000
1798 -1515.0000000000
1799 -1514.0000000000
1807 -1513.0000000000
1812 -1512.0000000000
1816 -1511.0000000000
1827 -1510.0000000000
1829 -1509.0000000000
1839 -1508.0000000000
1840 -1507.0000000000
1846 -1506.0000000000
1859 -1505.0000000000
1861 -1503.0000000000
1866 -1502.0000000000
1871 -1501.0000000000
1877 -1499.0000000000
1878 -1498.0000000000
1880 -1497.0000000000
1887 -1496.0000000000
1888 -1495.0000000000
1902 -1494.0000000000
1908 -1493.0000000000
1911 -1492.0000000000
1916 -1491.0000000000
1919 -1489.0000000000
1925 -1488.0000000000
1929 -1487.0000000000
1946 -1486.0000000000
1947 -1485.0000000000
1952 -1483.0000000000
1958 -1482.0000000000
1965 -1481.0000000000
1968 -1480.0000000000
1974 -1479.0000000000
1980 -1477.0000000000
1987 -1476.0000000000
1989 -1475.0000000000
1992 -1474.0000000000
1999 -1473.0000000000
2018 -1472.0000000000
2019 -1471.0000000000
2021 -1470.0000000000
2029 -1468.0000000000
2035 -1467.0000000000
2039 -1466.0000000000
2041 -1465.0000000000
2046 -1464.0000000000
2047 -1463.0000000000
2054 -1462.0000000000
2066 -1461.0000000000
2067 -1460.0000000000
2070 -1459.0000000000
2074 -1458.0000000000
2076 -1457.0000000000
2077 -1456.0000000000
2079 -1455.0000000000
2085 -1454.0000000000
2090 -1453.0000000000
2093 -1452.0000000000
2095 -1451.0000000000
2100 -1450.0000000000
2102 -1448.0000000000
2113 -1447.0000000000
2115 -1446.0000000000
2119 -1445.0000000000
2124 -1444.0000000000
2128 -1443.0000000000
2130 -1442.0000000000
2134 -1441.0000000000
2145 -1440.0000000000
2154 -1438.0000000000
2156 -1436.0000000000
2158 -1435.0000000000
2165 -1433.0000000000
2171 -1432.0000000000
2178 -1431.0000000000
2193 -1430.0000000000
2203 -1429.0000000000
2205 -1428.0000000000
2213 -1426.0000000000
2215 -1425.0000000000
2218 -1424.0000000000
2220 -1423.0000000000
2229 -1422.0000000000
2240 -1421.0000000000
2247 -1419.0000000000
2252 -1418.0000000000
2256 -1417.0000000000
2258 -1416.0000000000
2260 -1414.0000000000
2263 -1413.0000000000
2270 -1411.0000000000
2272 -1410.0000000000
2279 -1409.0000000000
2290 -1408.0000000000
2311 -1407.0000000000
2317 -1406.0000000000
2322 -1405.0000000000
2326 -1404.0000000000
2328 -1403.0000000000
2330 -1402.0000000000
2333 -1401.0000000000
2335 -1400.0000000000
2349 -1399.0000000000
2357 -1398.0000000000
2368 -1397.0000000000
2375 -1396.0000000000
2389 -1395.0000000000
2390 -1394.0000000000
2399 -1393.0000000000
2401 -1391.0000000000
2402 -1390.0000000000
2403 -1389.0000000000
2406 -1388.0000000000
2415 -1386.0000000000
2417 -1385.0000000000
2437 -1384.0000000000
2444 -1383.0000000000
2449 -1382.0000000000
2454 -1381.0000000000
2460 -1379.0000000000
2467 -1378.0000000000
2469 -1377.0000000000
2472 -1376.0000000000
2480 -1375.0000000000
2482 -1373.0000000000
2483 -1372.0000000000
2490 -1371.0000000000
2502 -1368.0000000000
2520 -1367.0000000000
2522 -1366.0000000000
2523 -1365.0000000000
2528 -1364.0000000000
2529 -1363.0000000000
2535 -1362.0000000000
2539 -1361.0000000000
2541 -1360.0000000000
2550 -1359.0000000000
2552 -1358.0000000000
2553 -1356.0000000000
2554 -1355.0000000000
2556 -1354.0000000000
2559 -1353.0000000000
2564 -1352.0000000000
2590 -1351.0000000000
2593 -1350.0000000000
2595 -1349.0000000000
2601 -1348.0000000000
2604 -1347.0000000000
2605 -1346.0000000000
2606 -1345.0000000000
2617 -1343.0000000000
2618 -1342.0000000000
2623 -1341.0000000000
2632 -1339.0000000000
2633 -1338.0000000000
2645 -1336.0000000000
2652 -1335.0000000000
2654 -1334.0000000000
2658 -1332.0000000000
2666 -1331.0000000000
2676 -1330.0000000000
2677 -1329.0000000000
2682 -1327.0000000000
2686 -1326.0000000000
2687 -1325.0000000000
2695 -1323.0000000000
2696 -1322.0000000000
2702 -1321.0000000000
2703 -1320.0000000000
2712 -1319.0000000000
2716 -1318.0000000000
2731 -1317.0000000000
2733 -1316.0000000000
2740 -1315.0000000000
2747 -1314.0000000000
2754 -1313.0000000000
2759 -1312.0000000000
2768 -1311.0000000000
2772 -1310.0000000000
2774 -1309.0000000000
2777 -1308.0000000000
2785 -1307.0000000000
2787 -1306.0000000000
2791 -1305.0000000000
2802 -1303.0000000000
2803 -1302.0000000000
2805 -1301.0000000000
2811 -1300.0000000000
2813 -1299.0000000000
2815 -1298.0000000000
2816 -1297.0000000000
2822 -1296.0000000000
2823 -1295.0000000000
2830 -1294.0000000000
2834 -1293.0000000000
2839 -1292.0000000000
2841 -1291.0000000000
2845 -1290.0000000000
2846 -1288.0000000000
2847 -1287.0000000000
2850 -1286.0000000000
2851 -1285.0000000000
2865 -1284.0000000000
2869 -1283.0000000000
2882 -1282.0000000000
2887 -1281.0000000000
2893 -1280.0000000000
2899 -1279.0000000000
2900 -1278.0000000000
2916 -1276.0000000000
2928 -1275.0000000000
2941 -1274.0000000000
2952 -1273.0000000000
2958 -1271.0000000000
2959 -1270.0000000000
2969 -1269.0000000000
2978 -1268.0000000000
2991 -1266.0000000000
3003 -1265.0000000000
3009 -1264.0000000000
3016 -1263.0000000000
3017 -1262.0000000000
3021 -1261.0000000000
3030 -1260.0000000000
3034 -1259.0000000000
3041 -1258.0000000000
3070 -1257.0000000000
3073 -1256.0000000000
3074 -1255.0000000000
3078 -1254.0000000000
3082 -1253.0000000000
3087 -1252.0000000000
3089 -1251.0000000000
3093 -1250.0000000000
3104 -1249.0000000000
3106 -1248.0000000000
3109 -1247.0000000000
3115 -1246.0000000000
3123 -1243.0000000000
3125 -1242.0000000000
3135 -1241.0000000000
3136 -1240.0000000000
3157 -1239.0000000000
3163 -1238.0000000000
3170 -1237.0000000000
3175 -1236.0000000000
3180 -1235.0000000000
3189 -1234.0000000000
3194 -1233.0000000000
3206 -1232.0000000000
3208 -1231.0000000000
3209 -1229.0000000000
3216 -1228.0000000000
3221 -1225.0000000000
3229 -1224.0000000000
3237 -1222.0000000000
3254 -1221.0000000000
3256 -1220.0000000000
3261 -1216.0000000000
3263 -1215.0000000000
3271 -1214.0000000000
3272 -1213.0000000000
3273 -1212.0000000000
3280 -1211.0000000000
3291 -1210.0000000000
3297 -1208.0000000000
3299 -1207.0000000000
3301 -1206.0000000000
3306 -1205.0000000000
3313 -1203.0000000000
3316 -1202.0000000000
3323 -1201.0000000000
3326 -1200.0000000000
3329 -1199.0000000000
3343 -1198.0000000000
3352 -1197.0000000000
3373 -1196.0000000000
3378 -1195.0000000000
3379 -1194.0000000000
3384 -1193.0000000000
3392 -1190.0000000000
3399 -1188.0000000000
3400 -1187.0000000000
3402 -1186.0000000000
3432 -1185.0000000000
3447 -1184.0000000000
3448 -1183.0000000000
3453 -1182.0000000000
3457 -1181.0000000000
3468 -1180.0000000000
3469 -1178.0000000000
3487 -1177.0000000000
3497 -1176.0000000000
3512 -1175.0000000000
3530 -1174.0000000000
3536 -1173.0000000000
3540 -1172.0000000000
3541 -1171.0000000000
3542 -1169.0000000000
3545 -1168.0000000000
3561 -1167.0000000000
3565 -1166.0000000000
3574 -1164.0000000000
3576 -1163.0000000000
3584 -1162.0000000000
3596 -1161.0000000000
3616 -1159.0000000000
3625 -1158.0000000000
3629 -1157.0000000000
3653 -1156.0000000000
3659 -1154.0000000000
3674 -1153.0000000000
3675 -1152.0000000000
3680 -1151.0000000000
3681 -1150.0000000000
3695 -1149.0000000000
3701 -1148.0000000000
3708 -1147.0000000000
3715 -1146.0000000000
3730 -1145.0000000000
3735 -1144.0000000000
3747 -1142.0000000000
3767 -1141.0000000000
3770 -1140.0000000000
3772 -1137.0000000000
3783 -1136.0000000000
3808 -1135.0000000000
3820 -1134.0000000000
3825 -1132.0000000000
3826 -1131.0000000000
3830 -1129.0000000000
3837 -1128.0000000000
3847 -1127.0000000000
3858 -1126.0000000000
3863 -1125.0000000000
3864 -1124.0000000000
3877 -1123.0000000000
3879 -1122.0000000000
3880 -1121.0000000000
3890 -1120.0000000000
3897 -1119.0000000000
3913 -1118.0000000000
3914 -1117.0000000000
3915 -1116.0000000000
3925 -1115.0000000000
3953 -1114.0000000000
3956 -1113.0000000000
3957 -1112.0000000000
3962 -1111.0000000000
3989 -1110.0000000000
3990 -1109.0000000000
4016 -1108.0000000000
4018 -1107.0000000000
4040 -1106.0000000000
4049 -1104.0000000000
4051 -1103.0000000000
4060 -1102.0000000000
4091 -1101.0000000000
4103 -1100.0000000000
4104 -1099.0000000000
4105 -1098.0000000000
4106 -1097.0000000000
4108 -1096.0000000000
4114 -1095.0000000000
4122 -1094.0000000000
4158 -1092.0000000000
4169 -1091.0000000000
4177 -1090.0000000000
4189 -1089.0000000000
4190 -1087.0000000000
4209 -1086.0000000000
4215 -1085.0000000000
4218 -1084.0000000000
4220 -1083.0000000000
4232 -1082.0000000000
4239 -1081.0000000000
4241 -1080.0000000000
4242 -1079.0000000000
4244 -1078.0000000000
4249 -1077.0000000000
4271 -1075.0000000000
4277 -1074.0000000000
4279 -1073.0000000000
4297 -1072.0000000000
4299 -1071.0000000000
4310 -1070.0000000000
4328 -1069.0000000000
4360 -1068.0000000000
4364 -1067.0000000000
4371 -1066.0000000000
4372 -1065.0000000000
4374 -1063.0000000000
4380 -1061.0000000000
4402 -1060.0000000000
4404 -1059.0000000000
4406 -1057.0000000000
4417 -1056.0000000000
4421 -1055.0000000000
4432 -1054.0000000000
4449 -1053.0000000000
4460 -1052.0000000000
4462 -1051.0000000000
4465 -1050.0000000000
4467 -1049.0000000000
4478 -1048.0000000000
4487 -1047.0000000000
4494 -1046.0000000000
4505 -1045.0000000000
4509 -1044.0000000000
4512 -1043.0000000000
4518 -1042.0000000000
4521 -1041.0000000000
4522 -1040.0000000000
4548 -1039.0000000000
4552 -1038.0000000000
4562 -1037.0000000000
4570 -1036.0000000000
4579 -1035.0000000000
4594 -1034.0000000000
4610 -1033.0000000000
4627 -1032.0000000000
4631 -1031.0000000000
4634 -1030.0000000000
4643 -1029.0000000000
4646 -1028.0000000000
4673 -1027.0000000000
4702 -1025.0000000000
4710 -1024.0000000000
4717 -1022.0000000000
4724 -1021.0000000000
4725 -1020.0000000000
4734 -1019.0000000000
4736 -1018.0000000000
4738 -1017.0000000000
4746 -1016.0000000000
4756 -1015.0000000000
4760 -1014.0000000000
4766 -1013.0000000000
4772 -1012.0000000000
4784 -1011.0000000000
4786 -1010.0000000000
4794 -1009.0000000000
4818 -1008.0000000000
4827 -1004.0000000000
4831 -1003.0000000000
4858 -1002.0000000000
4860 -1001.0000000000
4866 -1000.0000000000
4871 -999.0000000000
4884 -998.0000000000
4891 -996.0000000000
4895 -995.0000000000
4903 -993.0000000000
4904 -992.0000000000
4907 -990.0000000000
4942 -988.0000000000
4949 -987.0000000000
4969 -985.0000000000
4973 -984.0000000000
4991 -983.0000000000
4992 -982.0000000000
5005 -981.0000000000
5014 -980.0000000000
5015 -979.0000000000
5028 -977.0000000000
5052 -975.0000000000
5064 -974.0000000000
5066 -973.0000000000
5069 -971.0000000000
5073 -970.0000000000
5077 -968.0000000000
5085 -967.0000000000
5108 -966.0000000000
5111 -965.0000000000
5136 -964.0000000000
5140 -962.0000000000
5141 -961.0000000000
5154 -960.0000000000
5159 -959.0000000000
5184 -958.0000000000
5214 -957.0000000000
5217 -956.0000000000
5221 -955.0000000000
5228 -954.0000000000
5238 -953.0000000000
5262 -952.0000000000
5267 -951.0000000000
5271 -950.0000000000
5276 -949.0000000000
5279 -948.0000000000
5293 -947.0000000000
5309 -946.0000000000
5317 -945.0000000000
5325 -944.0000000000
5333 -943.0000000000
5369 -942.0000000000
5373 -940.0000000000
5386 -939.0000000000
5404 -938.0000000000
5410 -937.0000000000
5418 -936.0000000000
5424 -935.0000000000
5426 -933.0000000000
5455 -932.0000000000
5463 -931.0000000000
5467 -930.0000000000
5479 -929.0000000000
5484 -928.0000000000
5504 -927.0000000000
5507 -926.0000000000
5525 -925.0000000000
5528 -924.0000000000
5534 -923.0000000000
5535 -922.0000000000
5536 -921.0000000000
5537 -919.0000000000
5550 -918.0000000000
5558 -917.0000000000
5560 -914.0000000000
5563 -913.0000000000
5564 -911.0000000000
5568 -910.0000000000
5569 -909.0000000000
5577 -908.0000000000
5615 -907.0000000000
5617 -906.0000000000
5625 -905.0000000000
5634 -904.0000000000
5639 -903.0000000000
5649 -902.0000000000
5655 -901.0000000000
5668 -900.0000000000
5705 -899.0000000000
5708 -898.0000000000
5710 -897.0000000000
5717 -896.0000000000
5722 -894.0000000000
5732 -893.0000000000
5739 -892.0000000000
5755 -891.0000000000
5787 -890.0000000000
5794 -889.0000000000
5802 -888.0000000000
5828 -887.0000000000
5833 -885.0000000000
5838 -884.0000000000
5839 -883.0000000000
5858 -881.0000000000
5861 -880.0000000000
5882 -879.0000000000
5883 -878.0000000000
5901 -876.0000000000
5928 -875.0000000000
5929 -874.0000000000
5934 -873.0000000000
5935 -872.0000000000
5948 -871.0000000000
5955 -870.0000000000
5958 -869.0000000000
5959 -867.0000000000
5963 -866.0000000000
5973 -865.0000000000
5989 -864.0000000000
5995 -862.0000000000
6002 -861.0000000000
6006 -859.0000000000
6010 -857.0000000000
6034 -856.0000000000
6042 -855.0000000000
6063 -854.0000000000
6087 -853.0000000000
6091 -852.0000000000
6108 -851.0000000000
6110 -850.0000000000
6117 -849.0000000000
6130 -848.0000000000
6138 -847.0000000000
6149 -846.0000000000
6154 -845.0000000000
6156 -844.0000000000
6173 -843.0000000000
6182 -842.0000000000
6185 -841.0000000000
6198 -840.0000000000
6203 -839.0000000000
6204 -838.0000000000
6216 -837.0000000000
6218 -836.0000000000
6221 -835.0000000000
6225 -834.0000000000
6227 -833.0000000000
6231 -832.0000000000
6267 -831.0000000000
6270 -830.0000000000
6271 -829.0000000000
6275 -828.0000000000
6279 -827.0000000000
6280 -826.0000000000
6288 -825.0000000000
6293 -824.0000000000
6308 -823.0000000000
6313 -822.0000000000
6315 -821.0000000000
6316 -820.0000000000
6320 -819.0000000000
6321 -818.0000000000
6334 -817.0000000000
6360 -816.0000000000
6364 -815.0000000000
6370 -814.0000000000
6373 -813.0000000000
6378 -812.0000000000
6393 -810.0000000000
6394 -808.0000000000
6421 -807.0000000000
6427 -806.0000000000
6431 -805.0000000000
6479 -804.0000000000
6482 -803.0000000000
6506 -802.0000000000
6514 -801.0000000000
6515 -800.0000000000
6523 -799.0000000000
6550 -798.0000000000
6556 -797.0000000000
6571 -796.0000000000
6582 -795.0000000000
6585 -794.0000000000
6586 -793.0000000000
6592 -792.0000000000
6618 -791.0000000000
6628 -790.0000000000
6641 -789.0000000000
6650 -788.0000000000
6654 -787.0000000000
6670 -786.0000000000
6679 -785.0000000000
6692 -784.0000000000
6696 -783.0000000000
6728 -782.0000000000
6733 -781.0000000000
6748 -780.0000000000
6760 -779.0000000000
6774 -778.0000000000
6777 -777.0000000000
6792 -776.0000000000
6810 -775.0000000000
6830 -774.0000000000
6833 -773.0000000000
6841 -772.0000000000
6842 -771.0000000000
6844 -770.0000000000
6858 -769.0000000000
6880 -768.0000000000
6885 -767.0000000000
6910 -766.0000000000
6919 -764.0000000000
6939 -763.0000000000
6951 -762.0000000000
6961 -761.0000000000
6962 -760.0000000000
6973 -759.0000000000
6984 -758.0000000000
6986 -757.0000000000
6992 -755.0000000000
7011 -753.0000000000
7026 -752.0000000000
7038 -751.0000000000
7059 -750.0000000000
7066 -749.0000000000
7087 -748.0000000000
7098 -747.0000000000
7115 -746.0000000000
7118 -745.0000000000
7138 -744.0000000000
7172 -743.0000000000
7215 -742.0000000000
7216 -741.0000000000
7227 -740.0000000000
7236 -739.0000000000
7238 -738.0000000000
7239 -737.0000000000
7247 -736.0000000000
7248 -735.0000000000
7261 -734.0000000000
7270 -733.0000000000
7289 -732.0000000000
7300 -731.0000000000
7308 -730.0000000000
7310 -728.0000000000
7324 -727.0000000000
7325 -726.0000000000
7327 -725.0000000000
7335 -724.0000000000
7370 -723.0000000000
7386 -722.0000000000
7407 -721.0000000000
7439 -720.0000000000
7450 -719.0000000000
7470 -718.0000000000
7496 -717.0000000000
7513 -716.0000000000
7521 -715.0000000000
7532 -714.0000000000
7542 -713.0000000000
7543 -712.0000000000
7560 -710.0000000000
7594 -709.0000000000
7608 -708.0000000000
7630 -707.0000000000
7633 -706.0000000000
7636 -705.0000000000
7644 -704.0000000000
7646 -702.0000000000
7667 -701.0000000000
7703 -700.0000000000
7714 -699.0000000000
7725 -698.0000000000
7738 -697.0000000000
7744 -695.0000000000
7763 -694.0000000000
7794 -693.0000000000
7812 -692.0000000000
7814 -691.0000000000
7825 -690.0000000000
7833 -689.0000000000
7842 -688.0000000000
7877 -686.0000000000
7880 -685.0000000000
7909 -684.0000000000
7919 -683.0000000000
7942 -682.0000000000
7991 -681.0000000000
8015 -680.0000000000
8019 -679.0000000000
8020 -678.0000000000
8027 -677.0000000000
8037 -676.0000000000
8042 -675.0000000000
8044 -673.0000000000
8058 -672.0000000000
8089 -671.0000000000
8094 -670.0000000000
8101 -669.0000000000
8105 -668.0000000000
8115 -667.0000000000
8120 -665.0000000000
8121 -664.0000000000
8125 -663.0000000000
8149 -662.0000000000
8163 -661.0000000000
8166 -660.0000000000
8179 -659.0000000000
8217 -658.0000000000
8244 -657.0000000000
8252 -656.0000000000
8254 -655.0000000000
8257 -654.0000000000
8273 -653.0000000000
8275 -652.0000000000
8285 -651.0000000000
8289 -650.0000000000
8304 -649.0000000000
8309 -647.0000000000
8330 -646.0000000000
8337 -645.0000000000
8349 -644.0000000000
8352 -643.0000000000
8374 -642.0000000000
8396 -641.0000000000
8399 -640.0000000000
8410 -639.0000000000
8450 -638.0000000000
8464 -637.0000000000
8511 -636.0000000000
8518 -635.0000000000
8521 -634.0000000000
8525 -633.0000000000
8530 -632.0000000000
8535 -631.0000000000
8538 -630.0000000000
8547 -629.0000000000
8551 -628.0000000000
8559 -627.0000000000
8575 -626.0000000000
8606 -625.0000000000
8618 -624.0000000000
8639 -623.0000000000
8640 -621.0000000000
8653 -620.0000000000
8660 -619.0000000000
8691 -618.0000000000
8705 -617.0000000000
8714 -615.0000000000
8735 -614.0000000000
8736 -613.0000000000
8741 -612.0000000000
8776 -611.0000000000
8795 -610.0000000000
8853 -608.0000000000
8856 -607.0000000000
8878 -606.0000000000
8883 -605.0000000000
8897 -604.0000000000
8902 -603.0000000000
8944 -602.0000000000
8960 -601.0000000000
8964 -600.0000000000
8983 -599.0000000000
9000 -598.0000000000
9010 -597.0000000000
9058 -596.0000000000
9066 -595.0000000000
9071 -593.0000000000
9092 -592.0000000000
9100 -591.0000000000
9103 -590.0000000000
9109 -589.0000000000
9128 -588.0000000000
9159 -587.0000000000
9166 -586.0000000000
9169 -585.0000000000
9173 -584.0000000000
9188 -583.0000000000
9208 -582.0000000000
9213 -581.0000000000
9222 -580.0000000000
9259 -579.0000000000
9293 -578.0000000000
9296 -577.0000000000
9299 -576.0000000000
9320 -575.0000000000
9359 -574.0000000000
9363 -573.0000000000
9409 -572.0000000000
9418 -571.0000000000
9421 -570.0000000000
9424 -569.0000000000
9436 -568.0000000000
9464 -566.0000000000
9489 -565.0000000000
9509 -564.0000000000
9541 -563.0000000000
9546 -562.0000000000
9567 -560.0000000000
9569 -559.0000000000
9576 -558.0000000000
9578 -557.0000000000
9614 -556.0000000000
9642 -555.0000000000
9643 -554.0000000000
9653 -553.0000000000
9679 -551.0000000000
9698 -550.0000000000
9717 -549.0000000000
9729 -548.0000000000
9742 -547.0000000000
9754 -546.0000000000
9760 -545.0000000000
9772 -543.0000000000
9776 -542.0000000000
9780 -541.0000000000
9784 -540.0000000000
9827 -539.0000000000
9867 -538.0000000000
9870 -537.0000000000
9888 -536.0000000000
9909 -535.0000000000
9921 -534.0000000000
9931 -533.0000000000
9941 -532.0000000000
9943 -531.0000000000
9982 -530.0000000000
9984 -529.0000000000
9999 -528.0000000000
10000 -530.0000000000
evaluations raw_y
1 -1973.0000000000
11 -1972.0000000000
15 -1971.0000000000
30 -1969.0000000000
32 -1968.0000000000
34 -1966.0000000000
38 -1964.0000000000
41 -1963.0000000000
44 -1962.0000000000
45 -1961.0000000000
48 -1960.0000000000
49 -1959.0000000000
55 -1958.0000000000
56 -1957.0000000000
59 -1955.0000000000
65 -1954.0000000000
67 -1953.0000000000
73 -1952.0000000000
74 -1951.0000000000
79 -1950.0000000000
82 -1948.0000000000
84 -1947.0000000000
87 -1946.0000000000
89 -1945.0000000000
91 -1944.0000000000
95 -1943.0000000000
96 -1942.0000000000
97 -1941.0000000000
99 -1940.0000000000
103 -1939.0000000000
108 -1937.0000000000
109 -1936.0000000000
119 -1935.0000000000
122 -1933.0000000000
129 -1932.0000000000
133 -1931.0000000000
136 -1930.0000000000
140 -1929.0000000000
144 -1926.0000000000
145 -1925.0000000000
146 -1924.0000000000
147 -1923.0000000000
149 -1922.0000000000
151 -1921.0000000000
156 -1920.0000000000
159 -1919.0000000000
160 -1918.0000000000
161 -1916.0000000000
162 -1915.0000000000
166 -1914.0000000000
167 -1913.0000000000
173 -1912.0000000000
174 -1910.0000000000
183 -1909.0000000000
189 -1908.0000000000
199 -1907.0000000000
206 -1906.0000000000
213 -1905.0000000000
215 -1904.0000000000
217 -1903.0000000000
221 -1902.0000000000
222 -1901.0000000000
232 -1900.0000000000
233 -1898.0000000000
237 -1897.0000000000
238 -1896.0000000000
241 -1895.0000000000
244 -1894.0000000000
250 -1893.0000000000
257 -1891.0000000000
262 -1889.0000000000
266 -1888.0000000000
267 -1887.0000000000
269 -1886.0000000000
277 -1885.0000000000
282 -1884.0000000000
284 -1883.0000000000
285 -1882.0000000000
301 -1881.0000000000
305 -1879.0000000000
309 -1878.0000000000
314 -1876.0000000000
318 -1875.0000000000
320 -1874.0000000000
326 -1873.0000000000
329 -1872.0000000000
330 -1871.0000000000
333 -1870.0000000000
348 -1869.0000000000
359 -1868.0000000000
361 -1867.0000000000
365 -1866.0000000000
369 -1865.0000000000
371 -1864.0000000000
375 -1863.0000000000
376 -1859.0000000000
377 -1858.0000000000
387 -1857.0000000000
388 -1856.0000000000
392 -1854.0000000000
394 -1853.0000000000
397 -1851.0000000000
401 -1850.0000000000
402 -1849.0000000000
416 -1848.0000000000
417 -1847.0000000000
420 -1846.0000000000
426 -1845.0000000000
438 -1844.0000000000
439 -1843.0000000000
440 -1842.0000000000
441 -1840.0000000000
449 -1837.0000000000
450 -1836.0000000000
451 -1835.0000000000
459 -1833.0000000000
460 -1832.0000000000
467 -1830.0000000000
474 -1829.0000000000
475 -1827.0000000000
483 -1825.0000000000
486 -1823.0000000000
489 -1822.0000000000
497 -1821.0000000000
498 -1820.0000000000
499 -1819.0000000000
505 -1818.0000000000
510 -1816.0000000000
511 -1815.0000000000
512 -1813.0000000000
516 -1810.0000000000
527 -1809.0000000000
528 -1808.0000000000
535 -1807.0000000000
537 -1806.0000000000
542 -1805.0000000000
549 -1804.0000000000
552 -1803.0000000000
555 -1802.0000000000
559 -1801.0000000000
560 -1800.0000000000
567 -1799.0000000000
568 -1797.0000000000
571 -1796.0000000000
579 -1795.0000000000
596 -1793.0000000000
603 -1792.0000000000
606 -1791.0000000000
614 -1790.0000000000
626 -1789.0000000000
628 -1788.0000000000
640 -1787.0000000000
645 -1786.0000000000
646 -1785.0000000000
647 -1784.0000000000
653 -1783.0000000000
658 -1782.0000000000
660 -1780.0000000000
677 -1779.0000000000
689 -1777.0000000000
690 -1776.0000000000
698 -1775.0000000000
700 -1774.0000000000
709 -1773.0000000000
713 -1771.0000000000
715 -1770.0000000000
721 -1769.0000000000
729 -1768.0000000000
731 -1767.0000000000
735 -1766.0000000000
737 -1765.0000000000
738 -1763.0000000000
739 -1762.0000000000
745 -1761.0000000000
747 -1760.0000000000
751 -1759.0000000000
755 -1758.0000000000
762 -1757.0000000000
763 -1756.0000000000
771 -1755.0000000000
780 -1754.0000000000
781 -1753.0000000000
784 -1752.0000000000
787 -1751.0000000000
795 -1750.0000000000
797 -1749.0000000000
805 -1748.0000000000
807 -1746.0000000000
810 -1745.0000000000
812 -1744.0000000000
814 -1743.0000000000
817 -1741.0000000000
819 -1740.0000000000
822 -1739.0000000000
830 -1738.0000000000
839 -1735.0000000000
841 -1734.0000000000
847 -1733.0000000000
848 -1732.0000000000
849 -1731.0000000000
852 -1730.0000000000
857 -1729.0000000000
858 -1728.0000000000
865 -1727.0000000000
866 -1726.0000000000
868 -1725.0000000000
869 -1723.0000000000
871 -1722.0000000000
873 -1721.0000000000
885 -1719.0000000000
889 -1718.0000000000
897 -1716.0000000000
903 -1715.0000000000
909 -1714.0000000000
916 -1713.0000000000
922 -1712.0000000000
923 -1711.0000000000
924 -1710.0000000000
931 -1709.0000000000
934 -1706.0000000000
941 -1705.0000000000
944 -1704.0000000000
946 -1703.0000000000
952 -1702.0000000000
953 -1700.0000000000
969 -1699.0000000000
971 -1698.0000000000
972 -1697.0000000000
985 -1696.0000000000
987 -1695.0000000000
989 -1694.0000000000
990 -1693.0000000000
995 -1692.0000000000
996 -1691.0000000000
997 -1690.0000000000
1000 -1689.0000000000
1002 -1688.0000000000
1007 -1687.0000000000
1011 -1686.0000000000
1021 -1685.0000000000
1028 -1684.0000000000
1029 -1683.0000000000
1030 -1682.0000000000
1043 -1681.0000000000
1044 -1680.0000000000
1047 -1679.0000000000
1048 -1678.0000000000
1050 -1677.0000000000
1053 -1676.0000000000
1054 -1675.0000000000
1068 -1674.0000000000
1073 -1673.0000000000
1074 -1672.0000000000
1076 -1671.0000000000
1082 -1670.0000000000
1087 -1669.0000000000
1093 -1668.0000000000
1094 -1667.0000000000
1100 -1666.0000000000
1101 -1664.0000000000
1108 -1663.0000000000
1112 -1662.0000000000
1118 -1661.0000000000
1120 -1659.0000000000
1123 -1658.0000000000
1128 -1657.0000000000
1130 -1656.0000000000
1131 -1654.0000000000
1132 -1653.0000000000
1134 -1652.0000000000
1145 -1651.0000000000
1149 -1649.0000000000
1152 -1648.0000000000
1153 -1646.0000000000
1156 -1645.0000000000
1159 -1644.0000000000
1163 -1643.0000000000
1166 -1642.0000000000
1175 -1641.0000000000
1177 -1640.0000000000
1183 -1639.0000000000
1184 -1638.0000000000
1192 -1637.0000000000
1194 -1635.0000000000
1202 -1634.0000000000
1210 -1633.0000000000
1214 -1632.0000000000
1217 -1631.0000000000
1221 -1630.0000000000
1235 -1629.0000000000
1242 -1627.0000000000
1256 -1625.0000000000
1258 -1624.0000000000
1260 -1623.0000000000
1262 -1622.0000000000
1264 -1621.0000000000
1266 -1620.0000000000
1271 -1619.0000000000
1273 -1618.0000000000
1275 -1617.0000000000
1277 -1616.0000000000
1279 -1615.0000000000
1280 -1614.0000000000
1282 -1613.0000000000
1293 -1612.0000000000
1302 -1610.0000000000
1304 -1609.0000000000
1307 -1607.0000000000
1311 -1605.0000000000
1312 -1602.0000000000
1316 -1601.0000000000
1319 -1599.0000000000
1321 -1598.0000000000
1327 -1597.0000000000
1328 -1595.0000000000
1332 -1594.0000000000
1338 -1593.0000000000
1340 -1592.0000000000
1343 -1591.0000000000
1349 -1589.0000000000
1353 -1587.0000000000
1355 -1586.0000000000
1359 -1585.0000000000
1361 -1584.0000000000
1366 -1583.0000000000
1379 -1582.0000000000
1384 -1580.0000000000
1390 -1579.0000000000
1401 -1578.0000000000
1406 -1577.0000000000
1407 -1576.0000000000
1410 -1575.0000000000
1413 -1574.0000000000
1414 -1573.0000000000
1415 -1571.0000000000
1416 -1570.0000000000
1418 -1568.0000000000
1423 -1566.0000000000
1426 -1564.0000000000
1429 -1562.0000000000
1430 -1561.0000000000
1435 -1559.0000000000
1438 -1558.0000000000
1442 -1557.0000000000
1446 -1554.0000000000
1449 -1553.0000000000
1457 -1552.0000000000
1458 -1551.0000000000
1476 -1550.0000000000
1482 -1549.0000000000
1504 -1548.0000000000
1505 -1547.0000000000
1506 -1546.0000000000
1514 -1545.0000000000
1515 -1544.0000000000
1518 -1542.0000000000
1526 -1541.0000000000
1537 -1540.0000000000
1545 -1539.0000000000
1555 -1538.0000000000
1573 -1535.0000000000
1576 -1534.0000000000
1577 -1532.0000000000
1578 -1531.0000000000
1585 -1530.0000000000
1591 -1529.0000000000
1592 -1528.0000000000
1594 -1527.0000000000
1605 -1526.0000000000
1611 -1525.0000000000
1618 -1524.0000000000
1621 -1523.0000000000
1628 -1521.0000000000
1632 -1519.0000000000
1639 -1518.0000000000
1646 -1517.0000000000
1647 -1516.0000000000
1652 -1515.0000000000
1663 -1514.0000000000
1668 -1513.0000000000
1676 -1512.0000000000
1678 -1511.0000000000
1682 -1509.0000000000
1685 -1508.0000000000
1688 -1507.0000000000
1700 -1506.0000000000
1702 -1505.0000000000
1707 -1504.0000000000
1712 -1503.0000000000
1714 -1502.0000000000
1716 -1501.0000000000
1718 -1500.0000000000
1720 -1498.0000000000
1741 -1497.0000000000
1742 -1496.0000000000
1744 -1495.0000000000
1753 -1494.0000000000
1758 -1493.0000000000
1759 -1492.0000000000
1761 -1490.0000000000
1769 -1489.0000000000
1772 -1488.0000000000
1779 -1487.0000000000
1785 -1485.0000000000
1802 -1484.0000000000
1830 -1483.0000000000
1836 -1482.0000000000
1844 -1481.0000000000
1854 -1480.0000000000
1861 -1479.0000000000
1865 -1478.0000000000
1880 -1477.0000000000
1887 -1475.0000000000
1890 -1474.0000000000
1893 -1472.0000000000
1894 -1471.0000000000
1900 -1470.0000000000
1907 -1467.0000000000
1908 -1466.0000000000
1910 -1465.0000000000
1922 -1464.0000000000
1928 -1463.0000000000
1932 -1462.0000000000
1937 -1459.0000000000
1943 -1458.0000000000
1944 -1457.0000000000
1946 -1456.0000000000
1950 -1455.0000000000
1951 -1454.0000000000
1958 -1453.0000000000
1967 -1451.0000000000
1975 -1450.0000000000
1981 -1449.0000000000
1984 -1448.0000000000
2011 -1447.0000000000
2015 -1446.0000000000
2021 -1445.0000000000
2023 -1444.0000000000
2034 -1443.0000000000
2041 -1442.0000000000
2054 -1441.0000000000
2068 -1440.0000000000
2073 -1439.0000000000
2079 -1438.0000000000
2082 -1437.0000000000
2085 -1435.0000000000
2086 -1434.0000000000
2099 -1433.0000000000
2105 -1431.0000000000
2109 -1430.0000000000
2144 -1429.0000000000
2145 -1427.0000000000
2164 -1426.0000000000
2167 -1425.0000000000
2176 -1424.0000000000
2179 -1423.0000000000
2190 -1422.0000000000
2202 -1421.0000000000
2203 -1420.0000000000
2205 -1418.0000000000
2208 -1417.0000000000
2215 -1416.0000000000
2234 -1414.0000000000
2238 -1412.0000000000
2242 -1411.0000000000
2247 -1410.0000000000
2254 -1409.0000000000
2274 -1408.0000000000
2276 -1407.0000000000
2299 -1406.0000000000
2315 -1405.0000000000
2325 -1404.0000000000
2328 -1403.0000000000
2332 -1402.0000000000
2335 -1401.0000000000
2336 -1400.0000000000
2337 -1399.0000000000
2341 -1398.0000000000
2344 -1397.0000000000
2359 -1396.0000000000
2361 -1394.0000000000
2376 -1393.0000000000
2382 -1391.0000000000
2403 -1390.0000000000
2416 -1389.0000000000
2422 -1388.0000000000
2429 -1387.0000000000
2430 -1386.0000000000
2431 -1385.0000000000
2433 -1384.0000000000
2437 -1383.0000000000
2441 -1382.0000000000
2442 -1381.0000000000
2445 -1380.0000000000
2467 -1379.0000000000
2469 -1378.0000000000
2470 -1376.0000000000
2472 -1375.0000000000
2473 -1374.0000000000
2478 -1373.0000000000
2492 -1371.0000000000
2508 -1369.0000000000
2511 -1368.0000000000
2517 -1367.0000000000
2526 -1366.0000000000
2527 -1365.0000000000
2530 -1364.0000000000
2536 -1363.0000000000
2541 -1362.0000000000
2543 -1361.0000000000
2546 -1360.0000000000
2552 -1359.0000000000
2558 -1358.0000000000
2566 -1357.0000000000
2571 -1355.0000000000
2576 -1353.0000000000
2590 -1352.0000000000
2603 -1351.0000000000
2604 -1350.0000000000
2606 -1349.0000000000
2612 -1348.0000000000
2618 -1347.0000000000
2621 -1346.0000000000
2626 -1345.0000000000
2635 -1344.0000000000
2637 -1343.0000000000
2638 -1342.0000000000
2639 -1341.0000000000
2644 -1340.0000000000
2648 -1339.0000000000
2655 -1338.0000000000
2659 -1337.0000000000
2661 -1336.0000000000
2667 -1335.0000000000
2688 -1334.0000000000
2689 -1333.0000000000
2690 -1332.0000000000
2691 -1331.0000000000
2694 -1330.0000000000
2701 -1329.0000000000
2702 -1328.0000000000
2704 -1327.0000000000
2712 -1326.0000000000
2713 -1325.0000000000
2714 -1324.0000000000
2716 -1323.0000000000
2722 -1321.0000000000
2725 -1320.0000000000
2726 -1319.0000000000
2737 -1318.0000000000
2738 -1315.0000000000
2749 -1313.0000000000
2755 -1311.0000000000
2759 -1310.0000000000
2764 -1309.0000000000
2766 -1308.0000000000
2779 -1307.0000000000
2781 -1305.0000000000
2784 -1304.0000000000
2795 -1303.0000000000
2797 -1302.0000000000
2817 -1301.0000000000
2819 -1300.0000000000
2834 -1299.0000000000
2843 -1298.0000000000
2869 -1297.0000000000
2873 -1296.0000000000
2886 -1295.0000000000
2895 -1294.0000000000
2897 -1291.0000000000
2898 -1290.0000000000
2906 -1289.0000000000
2912 -1288.0000000000
2918 -1286.0000000000
2940 -1285.0000000000
2943 -1284.0000000000
2944 -1283.0000000000
2956 -1280.0000000000
2962 -1279.0000000000
2964 -1278.0000000000
2966 -1277.0000000000
2968 -1276.0000000000
2982 -1275.0000000000
2983 -1274.0000000000
2995 -1273.0000000000
3004 -1272.0000000000
3005 -1271.0000000000
3008 -1270.0000000000
3043 -1269.0000000000
3045 -1268.0000000000
3046 -1267.0000000000
3062 -1266.0000000000
3067 -1265.0000000000
3074 -1263.0000000000
3084 -1262.0000000000
3104 -1261.0000000000
3111 -1260.0000000000
3118 -1259.0000000000
3119 -1258.0000000000
3125 -1256.0000000000
3151 -1255.0000000000
3159 -1254.0000000000
3167 -1253.0000000000
3172 -1252.0000000000
3173 -1251.0000000000
3175 -1249.0000000000
3179 -1248.0000000000
3180 -1246.0000000000
3182 -1245.0000000000
3187 -1244.0000000000
3193 -1243.0000000000
3207 -1241.0000000000
3214 -1240.0000000000
3234 -1239.0000000000
3235 -1238.0000000000
3236 -1237.0000000000
3237 -1236.0000000000
3238 -1235.0000000000
3239 -1234.0000000000
3256 -1233.0000000000
3259 -1232.0000000000
3269 -1231.0000000000
3271 -1230.0000000000
3272 -1229.0000000000
3276 -1228.0000000000
3279 -1227.0000000000
3284 -1226.0000000000
3301 -1225.0000000000
3304 -1224.0000000000
3311 -1223.0000000000
3314 -1221.0000000000
3315 -1219.0000000000
3324 -1218.0000000000
3330 -1217.0000000000
3335 -1216.0000000000
3353 -1215.0000000000
3357 -1214.0000000000
3371 -1213.0000000000
3383 -1212.0000000000
3387 -1211.0000000000
3407 -1210.0000000000
3422 -1209.0000000000
3437 -1208.0000000000
3447 -1207.0000000000
3449 -1205.0000000000
3452 -1204.0000000000
3454 -1203.0000000000
3459 -1202.0000000000
3480 -1201.0000000000
3481 -1200.0000000000
3482 -1199.0000000000
3486 -1198.0000000000
3487 -1197.0000000000
3488 -1196.0000000000
3500 -1194.0000000000
3501 -1192.0000000000
3503 -1190.0000000000
3506 -1189.0000000000
3507 -1188.0000000000
3511 -1187.0000000000
3520 -1186.0000000000
3523 -1185.0000000000
3532 -1184.0000000000
3533 -1183.0000000000
3537 -1181.0000000000
3538 -1180.0000000000
3545 -1179.0000000000
3549 -1178.0000000000
3550 -1177.0000000000
3558 -1176.0000000000
3562 -1175.0000000000
3578 -1174.0000000000
3580 -1173.0000000000
3599 -1172.0000000000
3605 -1170.0000000000
3636 -1169.0000000000
3640 -1168.0000000000
3644 -1167.0000000000
3646 -1166.0000000000
3664 -1164.0000000000
3707 -1163.0000000000
3726 -1162.0000000000
3739 -1160.0000000000
3741 -1159.0000000000
3742 -1158.0000000000
3754 -1156.0000000000
3756 -1155.0000000000
3765 -1154.0000000000
3775 -1152.0000000000
3787 -1151.0000000000
3795 -1150.0000000000
3797 -1148.0000000000
3812 -1147.0000000000
3826 -1146.0000000000
3839 -1145.0000000000
3848 -1144.0000000000
3860 -1143.0000000000
3867 -1142.0000000000
3868 -1141.0000000000
3889 -1140.0000000000
3902 -1139.0000000000
3906 -1138.0000000000
3908 -1137.0000000000
3919 -1136.0000000000
3920 -1135.0000000000
3927 -1134.0000000000
3928 -1133.0000000000
3949 -1131.0000000000
3952 -1129.0000000000
3958 -1128.0000000000
3959 -1127.0000000000
3977 -1126.0000000000
3978 -1125.0000000000
3980 -1124.0000000000
3998 -1123.0000000000
4008 -1122.0000000000
4012 -1121.0000000000
4013 -1120.0000000000
4015 -1118.0000000000
4029 -1117.0000000000
4032 -1116.0000000000
4042 -1115.0000000000
4047 -1114.0000000000
4057 -1112.0000000000
4058 -1111.0000000000
4066 -1110.0000000000
4075 -1109.0000000000
4107 -1108.0000000000
4109 -1107.0000000000
4114 -1106.0000000000
4118 -1105.0000000000
4121 -1104.0000000000
4123 -1103.0000000000
4132 -1102.0000000000
4134 -1101.0000000000
4135 -1100.0000000000
4139 -1099.0000000000
4149 -1097.0000000000
4163 -1096.0000000000
4175 -1095.0000000000
4176 -1094.0000000000
4177 -1093.0000000000
4185 -1092.0000000000
4210 -1091.0000000000
4213 -1090.0000000000
4223 -1089.0000000000
4243 -1088.0000000000
4247 -1086.0000000000
4251 -1085.0000000000
4252 -1084.0000000000
4255 -1083.0000000000
4257 -1082.0000000000
4273 -1081.0000000000
4299 -1080.0000000000
4301 -1079.0000000000
4317 -1078.0000000000
4323 -1077.0000000000
4328 -1076.0000000000
4330 -1074.0000000000
4335 -1073.0000000000
4340 -1072.0000000000
4342 -1071.0000000000
4359 -1069.0000000000
4370 -1068.0000000000
4378 -1067.0000000000
4393 -1065.0000000000
4402 -1064.0000000000
4413 -1063.0000000000
4432 -1062.0000000000
4453 -1061.0000000000
4484 -1060.0000000000
4494 -1059.0000000000
4499 -1058.0000000000
4503 -1057.0000000000
4508 -1055.0000000000
4513 -1054.0000000000
4528 -1053.0000000000
4529 -1051.0000000000
4538 -1050.0000000000
4545 -1047.0000000000
4549 -1046.0000000000
4558 -1044.0000000000
4561 -1043.0000000000
4566 -1042.0000000000
4584 -1040.0000000000
4606 -1039.0000000000
4613 -1037.0000000000
4620 -1036.0000000000
4625 -1034.0000000000
4650 -1033.0000000000
4654 -1032.0000000000
4657 -1031.0000000000
4658 -1030.0000000000
4668 -1029.0000000000
4673 -1028.0000000000
4687 -1026.0000000000
4743 -1025.0000000000
4750 -1024.0000000000
4761 -1023.0000000000
4771 -1022.0000000000
4772 -1021.0000000000
4788 -1020.0000000000
4804 -1019.0000000000
4805 -1018.0000000000
4808 -1017.0000000000
4816 -1016.0000000000
4820 -1015.0000000000
4840 -1014.0000000000
4845 -1013.0000000000
4855 -1012.0000000000
4864 -1011.0000000000
4877 -1010.0000000000
4885 -1009.0000000000
4892 -1008.0000000000
4893 -1007.0000000000
4909 -1006.0000000000
4950 -1005.0000000000
4952 -1003.0000000000
4956 -1002.0000000000
4967 -1001.0000000000
4997 -1000.0000000000
4998 -999.0000000000
5010 -998.0000000000
5021 -997.0000000000
5034 -996.0000000000
5045 -995.0000000000
5054 -994.0000000000
5063 -993.0000000000
5069 -991.0000000000
5070 -990.0000000000
5081 -989.0000000000
5094 -988.0000000000
5098 -987.0000000000
5099 -986.0000000000
5102 -984.0000000000
5103 -983.0000000000
5117 -982.0000000000
5119 -980.0000000000
5124 -979.0000000000
5134 -978.0000000000
5155 -977.0000000000
5156 -974.0000000000
5172 -973.0000000000
5194 -971.0000000000
5198 -970.0000000000
5219 -969.0000000000
5221 -968.0000000000
5234 -967.0000000000
5247 -966.0000000000
5257 -965.0000000000
5277 -964.0000000000
5295 -963.0000000000
5304 -962.0000000000
5305 -961.0000000000
5314 -959.0000000000
5317 -958.0000000000
5321 -957.0000000000
5324 -956.0000000000
5326 -954.0000000000
5330 -953.0000000000
5353 -952.0000000000
5356 -951.0000000000
5357 -950.0000000000
5363 -949.0000000000
5365 -948.0000000000
5375 -947.0000000000
5380 -946.0000000000
5393 -945.0000000000
5410 -944.0000000000
5416 -943.0000000000
5425 -942.0000000000
5430 -940.0000000000
5463 -939.0000000000
5472 -938.0000000000
5475 -937.0000000000
5488 -936.0000000000
5500 -935.0000000000
5511 -934.0000000000
5518 -933.0000000000
5525 -932.0000000000
5532 -931.0000000000
5551 -929.0000000000
5557 -928.0000000000
5568 -926.0000000000
5605 -925.0000000000
5610 -924.0000000000
5612 -922.0000000000
5628 -921.0000000000
5629 -919.0000000000
5635 -918.0000000000
5638 -917.0000000000
5650 -916.0000000000
5670 -915.0000000000
5673 -914.0000000000
5681 -913.0000000000
5689 -912.0000000000
5713 -911.0000000000
5718 -910.0000000000
5733 -909.0000000000
5738 -908.0000000000
5749 -907.0000000000
5752 -906.0000000000
5753 -905.0000000000
5756 -904.0000000000
5759 -903.0000000000
5791 -902.0000000000
5808 -901.0000000000
5814 -900.0000000000
5818 -899.0000000000
5822 -897.0000000000
5828 -896.0000000000
5833 -895.0000000000
5835 -894.0000000000
5853 -893.0000000000
5859 -892.0000000000
5903 -891.0000000000
5909 -890.0000000000
5915 -889.0000000000
5938 -888.0000000000
5945 -887.0000000000
5960 -886.0000000000
5974 -885.0000000000
5980 -884.0000000000
5983 -883.0000000000
5984 -882.0000000000
6001 -881.0000000000
6035 -880.0000000000
6045 -879.0000000000
6070 -878.0000000000
6079 -876.0000000000
6083 -875.0000000000
6095 -874.0000000000
6097 -873.0000000000
6145 -872.0000000000
6150 -871.0000000000
6153 -870.0000000000
6173 -869.0000000000
6186 -868.0000000000
6191 -867.0000000000
6193 -866.0000000000
6208 -865.0000000000
6212 -864.0000000000
6214 -862.0000000000
6220 -861.0000000000
6221 -860.0000000000
6251 -859.0000000000
6259 -858.0000000000
6278 -857.0000000000
6282 -856.0000000000
6287 -855.0000000000
6291 -854.0000000000
6307 -853.0000000000
6313 -852.0000000000
6314 -851.0000000000
6340 -850.0000000000
6353 -849.0000000000
6356 -848.0000000000
6384 -847.0000000000
6389 -846.0000000000
6396 -845.0000000000
6416 -844.0000000000
6430 -843.0000000000
6439 -842.0000000000
6442 -841.0000000000
6476 -840.0000000000
6480 -839.0000000000
6484 -838.0000000000
6505 -837.0000000000
6516 -836.0000000000
6518 -835.0000000000
6531 -834.0000000000
6534 -833.0000000000
6545 -832.0000000000
6553 -831.0000000000
6555 -830.0000000000
6563 -829.0000000000
6588 -828.0000000000
6590 -827.0000000000
6601 -826.0000000000
6615 -824.0000000000
6624 -823.0000000000
6627 -822.0000000000
6631 -821.0000000000
6641 -820.0000000000
6642 -819.0000000000
6662 -818.0000000000
6668 -817.0000000000
6693 -816.0000000000
6713 -815.0000000000
6714 -814.0000000000
6723 -813.0000000000
6725 -812.0000000000
6735 -811.0000000000
6757 -810.0000000000
6774 -809.0000000000
6788 -808.0000000000
6793 -807.0000000000
6802 -806.0000000000
6830 -805.0000000000
6832 -804.0000000000
6841 -803.0000000000
6859 -802.0000000000
6865 -801.0000000000
6872 -800.0000000000
6877 -799.0000000000
6882 -798.0000000000
6937 -797.0000000000
6942 -796.0000000000
6977 -795.0000000000
6979 -794.0000000000
6980 -793.0000000000
6994 -792.0000000000
7005 -791.0000000000
7014 -790.0000000000
7038 -789.0000000000
7059 -788.0000000000
7069 -787.0000000000
7091 -786.0000000000
7093 -785.0000000000
7103 -784.0000000000
7112 -783.0000000000
7118 -782.0000000000
7119 -781.0000000000
7130 -779.0000000000
7131 -778.0000000000
7133 -777.0000000000
7136 -776.0000000000
7177 -775.0000000000
7221 -774.0000000000
7230 -773.0000000000
7249 -772.0000000000
7262 -771.0000000000
7275 -770.0000000000
7297 -769.0000000000
7312 -768.0000000000
7321 -767.0000000000
7332 -766.0000000000
7339 -765.0000000000
7357 -764.0000000000
7362 -763.0000000000
7376 -762.0000000000
7377 -761.0000000000
7389 -760.0000000000
7399 -759.0000000000
7411 -758.0000000000
7413 -757.0000000000
7419 -756.0000000000
7431 -755.0000000000
7435 -754.0000000000
7446 -753.0000000000
7449 -752.0000000000
7457 -749.0000000000
7474 -747.0000000000
7477 -746.0000000000
7496 -745.0000000000
7515 -744.0000000000
7539 -743.0000000000
7542 -742.0000000000
7550 -741.0000000000
7554 -740.0000000000
7556 -739.0000000000
7566 -738.0000000000
7567 -737.0000000000
7568 -736.0000000000
7573 -735.0000000000
7574 -734.0000000000
7577 -733.0000000000
7588 -732.0000000000
7590 -731.0000000000
7618 -730.0000000000
7625 -729.0000000000
7659 -728.0000000000
7665 -727.0000000000
7667 -726.0000000000
7672 -725.0000000000
7702 -724.0000000000
7722 -723.0000000000
7732 -722.0000000000
7738 -721.0000000000
7749 -720.0000000000
7750 -719.0000000000
7752 -718.0000000000
7759 -717.0000000000
7771 -716.0000000000
7799 -715.0000000000
7816 -714.0000000000
7840 -713.0000000000
7844 -712.0000000000
7852 -711.0000000000
7865 -710.0000000000
7926 -709.0000000000
7937 -708.0000000000
7959 -707.0000000000
7987 -706.0000000000
7992 -705.0000000000
8012 -704.0000000000
8029 -703.0000000000
8034 -702.0000000000
8040 -701.0000000000
8042 -699.0000000000
8043 -698.0000000000
8098 -697.0000000000
8107 -696.0000000000
8111 -695.0000000000
8114 -694.0000000000
8116 -693.0000000000
8151 -692.0000000000
8164 -691.0000000000
8193 -690.0000000000
8216 -689.0000000000
8227 -688.0000000000
8229 -687.0000000000
8234 -686.0000000000
8243 -685.0000000000
8285 -684.0000000000
8309 -683.0000000000
8311 -682.0000000000
8324 -681.0000000000
8326 -680.0000000000
8335 -679.0000000000
8350 -678.0000000000
8362 -677.0000000000
8363 -676.0000000000
8386 -674.0000000000
8402 -673.0000000000
8405 -672.0000000000
8434 -671.0000000000
8447 -670.0000000000
8450 -669.0000000000
8469 -668.0000000000
8474 -667.0000000000
8491 -666.0000000000
8531 -665.0000000000
8548 -664.0000000000
8552 -663.0000000000
8555 -662.0000000000
8562 -661.0000000000
8577 -660.0000000000
8578 -659.0000000000
8579 -658.0000000000
8580 -657.0000000000
8586 -656.0000000000
8588 -655.0000000000
8608 -654.0000000000
8643 -653.0000000000
8672 -652.0000000000
8683 -651.0000000000
8684 -650.0000000000
8704 -649.0000000000
8712 -648.0000000000
8719 -647.0000000000
8725 -646.0000000000
8742 -645.0000000000
8747 -644.0000000000
8755 -643.0000000000
8798 -642.0000000000
8815 -641.0000000000
8817 -640.0000000000
8829 -638.0000000000
8838 -637.0000000000
8840 -636.0000000000
8843 -635.0000000000
8854 -634.0000000000
8863 -633.0000000000
8869 -632.0000000000
8892 -631.0000000000
8910 -630.0000000000
8936 -629.0000000000
8938 -628.0000000000
8952 -627.0000000000
8972 -626.0000000000
8990 -625.0000000000
9013 -624.0000000000
9021 -623.0000000000
9024 -622.0000000000
9047 -621.0000000000
9053 -620.0000000000
9065 -619.0000000000
9083 -618.0000000000
9084 -617.0000000000
9095 -616.0000000000
9096 -615.0000000000
9120 -614.0000000000
9133 -613.0000000000
9135 -612.0000000000
9162 -611.0000000000
9197 -609.0000000000
9202 -608.0000000000
9216 -607.0000000000
9217 -606.0000000000
9220 -605.0000000000
9262 -604.0000000000
9270 -603.0000000000
9318 -602.0000000000
9325 -601.0000000000
9333 -600.0000000000
9392 -599.0000000000
9404 -598.0000000000
9413 -597.0000000000
9473 -596.0000000000
9495 -595.0000000000
9504 -594.0000000000
9510 -593.0000000000
9521 -592.0000000000
9530 -591.0000000000
9539 -590.0000000000
9547 -589.0000000000
9551 -588.0000000000
9575 -587.0000000000
9621 -586.0000000000
9623 -584.0000000000
9655 -583.0000000000
9660 -582.0000000000
9700 -581.0000000000
9704 -580.0000000000
9706 -579.0000000000
9721 -578.0000000000
9726 -577.0000000000
9746 -576.0000000000
9762 -575.0000000000
9763 -574.0000000000
9770 -573.0000000000
9773 -572.0000000000
9782 -571.0000000000
9789 -570.0000000000
9811 -569.0000000000
9833 -568.0000000000
9838 -567.0000000000
9879 -566.0000000000
9883 -565.0000000000
9896 -564.0000000000
9915 -563.0000000000
9924 -562.0000000000
9936 -561.0000000000
9945 -560.0000000000
9949 -559.0000000000
9967 -558.0000000000
9972 -557.0000000000
9978 -556.0000000000
9998 -555.0000000000
10000 -555.0000000000
evaluations raw_y
1 -2009.0000000000
5 -2007.0000000000
6 -2006.0000000000
8 -2002.0000000000
9 -2001.0000000000
22 -1998.0000000000
29 -1997.0000000000
33 -1996.0000000000
35 -1995.0000000000
38 -1994.0000000000
43 -1993.0000000000
44 -1991.0000000000
45 -1990.0000000000
46 -1989.0000000000
47 -1986.0000000000
49 -1985.0000000000
59 -1984.0000000000
60 -1983.0000000000
63 -1982.0000000000
65 -1980.0000000000
66 -1978.0000000000
69 -1977.0000000000
71 -1976.0000000000
75 -1975.0000000000
77 -1973.0000000000
80 -1972.0000000000
82 -1971.0000000000
83 -1969.0000000000
84 -1968.0000000000
85 -1965.0000000000
87 -1964.0000000000
88 -1962.0000000000
100 -1961.0000000000
102 -1960.0000000000
106 -1959.0000000000
110 -1958.0000000000
115 -1957.0000000000
124 -1955.0000000000
130 -1954.0000000000
139 -1953.0000000000
143 -1951.0000000000
150 -1949.0000000000
152 -1946.0000000000
153 -1945.0000000000
156 -1944.0000000000
161 -1943.0000000000
163 -1942.0000000000
166 -1941.0000000000
174 -1940.0000000000
176 -1938.0000000000
179 -1937.0000000000
180 -1936.0000000000
182 -1935.0000000000
185 -1934.0000000000
187 -1933.0000000000
189 -1932.0000000000
193 -1931.0000000000
196 -1929.0000000000
197 -1928.0000000000
214 -1925.0000000000
222 -1924.0000000000
226 -1923.0000000000
231 -1922.0000000000
232 -1921.0000000000
233 -1919.0000000000
235 -1917.0000000000
243 -1916.0000000000
244 -1914.0000000000
249 -1913.0000000000
251 -1912.0000000000
259 -1909.0000000000
262 -1908.0000000000
266 -1906.0000000000
273 -1905.0000000000
282 -1904.0000000000
283 -1903.0000000000
293 -1902.0000000000
295 -1900.0000000000
296 -1897.0000000000
300 -1896.0000000000
310 -1895.0000000000
313 -1894.0000000000
323 -1893.0000000000
339 -1892.0000000000
347 -1891.0000000000
353 -1890.0000000000
356 -1889.0000000000
359 -1888.0000000000
361 -1887.0000000000
363 -1886.0000000000
368 -1885.0000000000
377 -1884.0000000000
382 -1883.0000000000
384 -1882.0000000000
386 -1881.0000000000
389 -1880.0000000000
393 -1879.0000000000
394 -1877.0000000000
397 -1874.0000000000
398 -1872.0000000000
400 -1871.0000000000
401 -1870.0000000000
403 -1869.0000000000
411 -1867.0000000000
416 -1866.0000000000
424 -1865.0000000000
425 -1864.0000000000
427 -1863.0000000000
431 -1862.0000000000
437 -1860.0000000000
439 -1859.0000000000
447 -1857.0000000000
452 -1856.0000000000
461 -1855.0000000000
465 -1854.0000000000
469 -1853.0000000000
474 -1852.0000000000
478 -1851.0000000000
484 -1849.0000000000
485 -1848.0000000000
488 -1847.0000000000
489 -1844.0000000000
501 -1843.0000000000
511 -1842.0000000000
513 -1841.0000000000
523 -1838.0000000000
527 -1837.0000000000
538 -1836.0000000000
544 -1835.0000000000
546 -1834.0000000000
547 -1832.0000000000
551 -1831.0000000000
561 -1830.0000000000
568 -1829.0000000000
569 -1828.0000000000
573 -1827.0000000000
575 -1826.0000000000
577 -1825.0000000000
581 -1824.0000000000
590 -1823.0000000000
593 -1822.0000000000
597 -1820.0000000000
600 -1819.0000000000
606 -1818.0000000000
610 -1817.0000000000
617 -1816.0000000000
618 -1815.0000000000
626 -1814.0000000000
630 -1812.0000000000
631 -1811.0000000000
646 -1810.0000000000
647 -1809.0000000000
649 -1807.0000000000
650 -1806.0000000000
671 -1805.0000000000
672 -1804.0000000000
677 -1803.0000000000
681 -1801.0000000000
684 -1800.0000000000
685 -1799.0000000000
692 -1798.0000000000
693 -1796.0000000000
694 -1795.0000000000
696 -1794.0000000000
697 -1793.0000000000
703 -1791.0000000000
713 -1789.0000000000
717 -1788.0000000000
719 -1787.0000000000
728 -1786.0000000000
731 -1785.0000000000
736 -1784.0000000000
739 -1783.0000000000
743 -1782.0000000000
749 -1781.0000000000
752 -1780.0000000000
757 -1779.0000000000
760 -1778.0000000000
766 -1777.0000000000
771 -1775.0000000000
776 -1774.0000000000
779 -1773.0000000000
788 -1772.0000000000
809 -1771.0000000000
810 -1768.0000000000
813 -1767.0000000000
817 -1766.0000000000
840 -1765.0000000000
842 -1763.0000000000
845 -1762.0000000000
847 -1761.0000000000
848 -1760.0000000000
853 -1759.0000000000
860 -1758.0000000000
861 -1757.0000000000
864 -1756.0000000000
866 -1754.0000000000
872 -1753.0000000000
873 -1752.0000000000
877 -1751.0000000000
882 -1750.0000000000
886 -1749.0000000000
892 -1748.0000000000
895 -1747.0000000000
904 -1745.0000000000
913 -1744.0000000000
914 -1743.0000000000
923 -1742.0000000000
927 -1741.0000000000
928 -1740.0000000000
930 -1739.0000000000
931 -1738.0000000000
934 -1737.0000000000
935 -1736.0000000000
953 -1735.0000000000
959 -1734.0000000000
960 -1733.0000000000
964 -1731.0000000000
966 -1730.0000000000
967 -1729.0000000000
968 -1728.0000000000
971 -1725.0000000000
979 -1724.0000000000
989 -1723.0000000000
995 -1722.0000000000
1000 -1721.0000000000
1002 -1719.0000000000
1003 -1718.0000000000
1006 -1717.0000000000
1007 -1716.0000000000
1012 -1715.0000000000
1015 -1713.0000000000
1019 -1712.0000000000
1020 -1711.0000000000
1021 -1710.0000000000
1022 -1709.0000000000
1031 -1706.0000000000
1045 -1701.0000000000
1046 -1700.0000000000
1057 -1699.0000000000
1058 -1698.0000000000
1059 -1697.0000000000
1062 -1696.0000000000
1065 -1694.0000000000
1066 -1693.0000000000
1071 -1692.0000000000
1080 -1691.0000000000
1085 -1690.0000000000
1092 -1688.0000000000
1093 -1686.0000000000
1098 -1685.0000000000
1102 -1684.0000000000
1104 -1682.0000000000
1106 -1681.0000000000
1107 -1680.0000000000
1113 -1679.0000000000
1117 -1678.0000000000
1119 -1676.0000000000
1126 -1674.0000000000
1129 -1673.0000000000
1130 -1672.0000000000
1135 -1670.0000000000
1138 -1668.0000000000
1147 -1667.0000000000
1151 -1666.0000000000
1153 -1665.0000000000
1156 -1664.0000000000
1164 -1663.0000000000
1172 -1662.0000000000
1194 -1660.0000000000
1196 -1658.0000000000
1198 -1657.0000000000
1200 -1655.0000000000
1201 -1654.0000000000
1202 -1653.0000000000
1204 -1652.0000000000
1215 -1651.0000000000
1219 -1650.0000000000
1221 -1649.0000000000
1229 -1648.0000000000
1238 -1647.0000000000
1254 -1645.0000000000
1258 -1644.0000000000
1263 -1643.0000000000
1271 -1642.0000000000
1272 -1641.0000000000
1274 -1639.0000000000
1280 -1638.0000000000
1281 -1637.0000000000
1286 -1635.0000000000
1290 -1634.0000000000
1293 -1633.0000000000
1301 -1632.0000000000
1302 -1631.0000000000
1303 -1630.0000000000
1311 -1629.0000000000
1315 -1628.0000000000
1339 -1627.0000000000
1348 -1626.0000000000
1350 -1625.0000000000
1354 -1622.0000000000
1355 -1621.0000000000
1356 -1619.0000000000
1358 -1617.0000000000
1359 -1616.0000000000
1360 -1615.0000000000
1364 -1614.0000000000
1366 -1613.0000000000
1371 -1612.0000000000
1378 -1611.0000000000
1379 -1610.0000000000
1380 -1607.0000000000
1381 -1606.0000000000
1385 -1605.0000000000
1386 -1604.0000000000
1405 -1602.0000000000
1415 -1601.0000000000
1419 -1600.0000000000
1425 -1599.0000000000
1426 -1598.0000000000
1427 -1597.0000000000
1437 -1595.0000000000
1448 -1594.0000000000
1461 -1593.0000000000
1463 -1592.0000000000
1467 -1591.0000000000
1474 -1589.0000000000
1479 -1588.0000000000
1493 -1586.0000000000
1513 -1585.0000000000
1517 -1584.0000000000
1523 -1583.0000000000
1527 -1582.0000000000
1532 -1581.0000000000
1542 -1580.0000000000
1547 -1579.0000000000
1566 -1578.0000000000
1570 -1577.0000000000
1576 -1576.0000000000
1582 -1575.0000000000
1584 -1574.0000000000
1589 -1573.0000000000
1592 -1571.0000000000
1596 -1570.0000000000
1601 -1569.0000000000
1602 -1568.0000000000
1604 -1567.0000000000
1605 -1566.0000000000
1611 -1565.0000000000
1616 -1561.0000000000
1623 -1560.0000000000
1627 -1559.0000000000
1635 -1558.0000000000
1636 -1557.0000000000
1638 -1556.0000000000
1643 -1554.0000000000
1647 -1553.0000000000
1648 -1551.0000000000
1650 -1550.0000000000
1651 -1549.0000000000
1652 -1547.0000000000
1656 -1546.0000000000
1660 -1544.0000000000
1663 -1541.0000000000
1666 -1540.0000000000
1668 -1539.0000000000
1672 -1538.0000000000
1676 -1537.0000000000
1687 -1536.0000000000
1695 -1535.0000000000
1701 -1534.0000000000
1703 -1533.0000000000
1708 -1532.0000000000
1727 -1531.0000000000
1729 -1530.0000000000
1732 -1527.0000000000
1743 -1526.0000000000
1748 -1525.0000000000
1749 -1524.0000000000
1771 -1523.0000000000
1783 -1522.0000000000
1789 -1521.0000000000
1790 -1520.0000000000
1795 -1519.0000000000
1801 -1518.0000000000
1803 -1517.0000000000
1808 -1516.0000000000
1812 -1515.0000000000
1818 -1514.0000000000
1823 -1513.0000000000
1826 -1512.0000000000
1827 -1511.0000000000
1828 -1510.0000000000
1831 -1509.0000000000
1832 -1507.0000000000
1833 -1505.0000000000
1834 -1503.0000000000
1836 -1502.0000000000
1842 -1501.0000000000
1847 -1500.0000000000
1850 -1499.0000000000
1852 -1498.0000000000
1854 -1497.0000000000
1856 -1496.0000000000
1869 -1495.0000000000
1881 -1494.0000000000
1882 -1493.0000000000
1886 -1492.0000000000
1890 -1490.0000000000
1894 -1489.0000000000
1896 -1488.0000000000
1902 -1487.0000000000
1909 -1486.0000000000
1914 -1485.0000000000
1915 -1484.0000000000
1919 -1482.0000000000
1931 -1481.0000000000
1935 -1480.0000000000
1939 -1478.0000000000
1958 -1477.0000000000
1962 -1476.0000000000
1965 -1475.0000000000
1968 -1474.0000000000
1969 -1473.0000000000
1972 -1471.0000000000
1984 -1470.0000000000
1987 -1468.0000000000
2006 -1467.0000000000
2008 -1465.0000000000
2010 -1464.0000000000
2011 -1463.0000000000
2013 -1462.0000000000
2021 -1461.0000000000
2046 -1460.0000000000
2047 -1459.0000000000
2051 -1458.0000000000
2055 -1457.0000000000
2073 -1455.0000000000
2077 -1454.0000000000
2080 -1452.0000000000
2085 -1451.0000000000
2104 -1450.0000000000
2105 -1448.0000000000
2123 -1447.0000000000
2125 -1445.0000000000
2127 -1444.0000000000
2136 -1442.0000000000
2139 -1441.0000000000
2140 -1440.0000000000
2152 -1439.0000000000
2157 -1438.0000000000
2158 -1437.0000000000
2166 -1436.0000000000
2167 -1435.0000000000
2176 -1434.0000000000
2180 -1433.0000000000
2182 -1432.0000000000
2186 -1431.0000000000
2189 -1430.0000000000
2191 -1429.0000000000
2195 -1428.0000000000
2201 -1427.0000000000
2203 -1426.0000000000
2205 -1425.0000000000
2216 -1424.0000000000
2218 -1423.0000000000
2220 -1421.0000000000
2230 -1420.0000000000
2233 -1419.0000000000
2253 -1418.0000000000
2254 -1417.0000000000
2278 -1415.0000000000
2283 -1413.0000000000
2286 -1411.0000000000
2288 -1409.0000000000
2290 -1407.0000000000
2293 -1405.0000000000
2299 -1404.0000000000
2301 -1403.0000000000
2304 -1402.0000000000
2326 -1401.0000000000
2328 -1400.0000000000
2342 -1399.0000000000
2344 -1398.0000000000
2345 -1397.0000000000
2350 -1396.0000000000
2353 -1394.0000000000
2355 -1393.0000000000
2365 -1392.0000000000
2374 -1391.0000000000
2375 -1390.0000000000
2376 -1389.0000000000
2380 -1388.0000000000
2381 -1386.0000000000
2382 -1385.0000000000
2383 -1384.0000000000
2386 -1383.0000000000
2397 -1382.0000000000
2403 -1381.0000000000
2411 -1380.0000000000
2415 -1379.0000000000
2416 -1378.0000000000
2423 -1376.0000000000
2424 -1375.0000000000
2428 -1374.0000000000
2451 -1372.0000000000
2452 -1371.0000000000
2460 -1370.0000000000
2470 -1369.0000000000
2483 -1367.0000000000
2487 -1366.0000000000
2490 -1365.0000000000
2492 -1364.0000000000
2498 -1363.0000000000
2502 -1362.0000000000
2503 -1361.0000000000
2513 -1360.0000000000
2526 -1359.0000000000
2527 -1358.0000000000
2531 -1357.0000000000
2532 -1355.0000000000
2536 -1354.0000000000
2545 -1353.0000000000
2550 -1352.0000000000
2555 -1351.0000000000
2566 -1350.0000000000
2570 -1349.0000000000
2571 -1348.0000000000
2573 -1347.0000000000
2584 -1346.0000000000
2586 -1345.0000000000
2592 -1344.0000000000
2599 -1343.0000000000
2604 -1342.0000000000
2605 -1341.0000000000
2608 -1340.0000000000
2610 -1339.0000000000
2625 -1338.0000000000
2627 -1337.0000000000
2639 -1336.0000000000
2646 -1335.0000000000
2649 -1334.0000000000
2666 -1332.0000000000
2667 -1331.0000000000
2669 -1330.0000000000
2670 -1328.0000000000
2676 -1327.0000000000
2679 -1326.0000000000
2680 -1325.0000000000
2690 -1324.0000000000
2696 -1323.0000000000
2698 -1322.0000000000
2701 -1321.0000000000
2708 -1320.0000000000
2725 -1319.0000000000
2731 -1318.0000000000
2746 -1317.0000000000
2747 -1316.0000000000
2750 -1315.0000000000
2751 -1314.0000000000
2755 -1311.0000000000
2758 -1310.0000000000
2759 -1309.0000000000
2761 -1308.0000000000
2767 -1307.0000000000
2768 -1305.0000000000
2770 -1304.0000000000
2774 -1303.0000000000
2778 -1302.0000000000
2781 -1300.0000000000
2789 -1299.0000000000
2790 -1298.0000000000
2801 -1297.0000000000
2812 -1296.0000000000
2813 -1295.0000000000
2815 -1293.0000000000
2841 -1291.0000000000
2844 -1290.0000000000
2848 -1289.0000000000
2850 -1288.0000000000
2859 -1287.0000000000
2870 -1286.0000000000
2872 -1285.0000000000
2880 -1284.0000000000
2894 -1283.0000000000
2900 -1282.0000000000
2906 -1280.0000000000
2909 -1278.0000000000
2913 -1277.0000000000
2936 -1276.0000000000
2955 -1275.0000000000
2963 -1274.0000000000
2970 -1273.0000000000
2971 -1270.0000000000
2978 -1269.0000000000
2980 -1268.0000000000
2988 -1267.0000000000
2990 -1266.0000000000
2992 -1265.0000000000
2997 -1263.0000000000
3001 -1262.0000000000
3008 -1260.0000000000
3017 -1259.0000000000
3018 -1257.0000000000
3021 -1256.0000000000
3022 -1255.0000000000
3038 -1254.0000000000
3041 -1253.0000000000
3044 -1252.0000000000
3054 -1251.0000000000
3074 -1250.0000000000
3077 -1249.0000000000
3081 -1247.0000000000
3084 -1246.0000000000
3095 -1244.0000000000
3099 -1243.0000000000
3100 -1242.0000000000
3101 -1240.0000000000
3126 -1239.0000000000
3128 -1238.0000000000
3132 -1237.0000000000
3144 -1235.0000000000
3146 -1233.0000000000
3151 -1232.0000000000
3154 -1231.0000000000
3161 -1230.0000000000
3177 -1229.0000000000
3178 -1227.0000000000
3197 -1226.0000000000
3200 -1225.0000000000
3208 -1224.0000000000
3214 -1223.0000000000
3221 -1222.0000000000
3223 -1221.0000000000
3227 -1220.0000000000
3230 -1219.0000000000
3235 -1218.0000000000
3247 -1217.0000000000
3251 -1216.0000000000
3256 -1215.0000000000
3259 -1214.0000000000
3264 -1213.0000000000
3268 -1212.0000000000
3279 -1211.0000000000
3284 -1209.0000000000
3287 -1208.0000000000
3289 -1207.0000000000
3294 -1206.0000000000
3303 -1205.0000000000
3308 -1202.0000000000
3314 -1201.0000000000
3317 -1200.0000000000
3324 -1199.0000000000
3331 -1198.0000000000
3347 -1197.0000000000
3348 -1196.0000000000
3357 -1195.0000000000
3359 -1194.0000000000
3381 -1193.0000000000
3382 -1192.0000000000
3387 -1191.0000000000
3392 -1190.0000000000
3396 -1189.0000000000
3399 -1188.0000000000
3419 -1187.0000000000
3423 -1186.0000000000
3430 -1185.0000000000
3431 -1184.0000000000
3432 -1183.0000000000
3443 -1182.0000000000
3444 -1181.0000000000
3445 -1180.0000000000
3447 -1179.0000000000
3448 -1178.0000000000
3450 -1177.0000000000
3454 -1175.0000000000
3455 -1174.0000000000
3456 -1172.0000000000
3461 -1171.0000000000
3468 -1169.0000000000
3471 -1168.0000000000
3482 -1167.0000000000
3484 -1166.0000000000
3486 -1165.0000000000
3488 -1164.0000000000
3504 -1163.0000000000
3510 -1160.0000000000
3522 -1159.0000000000
3527 -1158.0000000000
3547 -1157.0000000000
3549 -1156.0000000000
3554 -1155.0000000000
3559 -1154.0000000000
3567 -1153.0000000000
3570 -1152.0000000000
3571 -1151.0000000000
3574 -1149.0000000000
3586 -1148.0000000000
3587 -1147.0000000000
3590 -1146.0000000000
3601 -1145.0000000000
3603 -1144.0000000000
3604 -1143.0000000000
3610 -1142.0000000000
3637 -1141.0000000000
3642 -1140.0000000000
3645 -1139.0000000000
3652 -1138.0000000000
3655 -1137.0000000000
3659 -1135.0000000000
3666 -1134.0000000000
3668 -1133.0000000000
3672 -1130.0000000000
3691 -1129.0000000000
3696 -1128.0000000000
3714 -1127.0000000000
3719 -1126.0000000000
3722 -1125.0000000000
3733 -1124.0000000000
3734 -1123.0000000000
3736 -1122.0000000000
3738 -1121.0000000000
3760 -1120.0000000000
3779 -1119.0000000000
3781 -1118.0000000000
3788 -1117.0000000000
3798 -1116.0000000000
3805 -1115.0000000000
3809 -1114.0000000000
3811 -1113.0000000000
3812 -1112.0000000000
3818 -1111.0000000000
3837 -1109.0000000000
3838 -1108.0000000000
3855 -1107.0000000000
3878 -1106.0000000000
3879 -1105.0000000000
3889 -1104.0000000000
3891 -1103.0000000000
3920 -1102.0000000000
3940 -1101.0000000000
3947 -1100.0000000000
3948 -1098.0000000000
3950 -1097.0000000000
3952 -1096.0000000000
3953 -1095.0000000000
3954 -1093.0000000000
3959 -1092.0000000000
3960 -1091.0000000000
3964 -1090.0000000000
3973 -1089.0000000000
3982 -1088.0000000000
4003 -1087.0000000000
4010 -1086.0000000000
4014 -1084.0000000000
4022 -1083.0000000000
4029 -1082.0000000000
4035 -1081.0000000000
4041 -1080.0000000000
4044 -1079.0000000000
4046 -1078.0000000000
4056 -1077.0000000000
4060 -1075.0000000000
4077 -1074.0000000000
4079 -1073.0000000000
4102 -1072.0000000000
4108 -1071.0000000000
4129 -1070.0000000000
4137 -1069.0000000000
4144 -1068.0000000000
4155 -1067.0000000000
4158 -1066.0000000000
4163 -1065.0000000000
4169 -1064.0000000000
4176 -1063.0000000000
4182 -1062.0000000000
4212 -1061.0000000000
4228 -1060.0000000000
4234 -1059.0000000000
4240 -1058.0000000000
4247 -1057.0000000000
4249 -1056.0000000000
4250 -1055.0000000000
4258 -1054.0000000000
4263 -1052.0000000000
4268 -1051.0000000000
4269 -1049.0000000000
4283 -1048.0000000000
4310 -1046.0000000000
4325 -1044.0000000000
4353 -1043.0000000000
4358 -1042.0000000000
4362 -1041.0000000000
4377 -1040.0000000000
4397 -1039.0000000000
4400 -1038.0000000000
4401 -1037.0000000000
4408 -1036.0000000000
4409 -1035.0000000000
4415 -1034.0000000000
4426 -1033.0000000000
4427 -1032.0000000000
4444 -1031.0000000000
4450 -1030.0000000000
4467 -1029.0000000000
4470 -1028.0000000000
4476 -1027.0000000000
4483 -1026.0000000000
4506 -1025.0000000000
4515 -1024.0000000000
4524 -1023.0000000000
4545 -1021.0000000000
4557 -1020.0000000000
4577 -1019.0000000000
4584 -1016.0000000000
4585 -1015.0000000000
4587 -1014.0000000000
4593 -1013.0000000000
4599 -1012.0000000000
4603 -1011.0000000000
4612 -1010.0000000000
4615 -1008.0000000000
4635 -1006.0000000000
4670 -1005.0000000000
4671 -1003.0000000000
4694 -1002.0000000000
4702 -1001.0000000000
4709 -999.0000000000
4720 -998.0000000000
4727 -997.0000000000
4743 -996.0000000000
4746 -995.0000000000
4756 -994.0000000000
4766 -993.0000000000
4770 -992.0000000000
4772 -991.0000000000
4782 -990.0000000000
4793 -989.0000000000
4796 -988.0000000000
4799 -987.0000000000
4805 -986.0000000000
4811 -985.0000000000
4812 -984.0000000000
4820 -982.0000000000
4821 -981.0000000000
4828 -980.0000000000
4838 -978.0000000000
4845 -977.0000000000
4854 -975.0000000000
4861 -974.0000000000
4863 -973.0000000000
4873 -972.0000000000
4881 -971.0000000000
4888 -970.0000000000
4889 -969.0000000000
4893 -968.0000000000
4904 -967.0000000000
4905 -966.0000000000
4908 -965.0000000000
4911 -964.0000000000
4912 -963.0000000000
4914 -962.0000000000
4927 -961.0000000000
4937 -960.0000000000
4944 -959.0000000000
4945 -958.0000000000
4979 -957.0000000000
4987 -956.0000000000
4991 -955.0000000000
5004 -954.0000000000
5008 -953.0000000000
5017 -952.0000000000
5020 -951.0000000000
5028 -950.0000000000
5055 -948.0000000000
5080 -947.0000000000
5082 -944.0000000000
5103 -943.0000000000
5112 -942.0000000000
5136 -941.0000000000
5148 -940.0000000000
5155 -939.0000000000
5158 -938.0000000000
5171 -937.0000000000
5174 -936.0000000000
5186 -935.0000000000
5187 -934.0000000000
5192 -933.0000000000
5197 -932.0000000000
5201 -931.0000000000
5202 -930.0000000000
5208 -929.0000000000
5216 -928.0000000000
5233 -926.0000000000
5249 -925.0000000000
5252 -924.0000000000
5256 -923.0000000000
5257 -922.0000000000
5272 -920.0000000000
5276 -919.0000000000
5290 -918.0000000000
5301 -917.0000000000
5303 -916.0000000000
5308 -915.0000000000
5315 -913.0000000000
5319 -912.0000000000
5323 -911.0000000000
5333 -910.0000000000
5373 -909.0000000000
5379 -908.0000000000
5390 -907.0000000000
5393 -906.0000000000
5405 -905.0000000000
5416 -904.0000000000
5422 -903.0000000000
5426 -901.0000000000
5427 -900.0000000000
5449 -897.0000000000
5454 -896.0000000000
5465 -895.0000000000
5484 -894.0000000000
5485 -893.0000000000
5486 -892.0000000000
5496 -891.0000000000
5500 -890.0000000000
5542 -889.0000000000
5580 -888.0000000000
5581 -887.0000000000
5584 -886.0000000000
5612 -885.0000000000
5613 -884.0000000000
5642 -883.0000000000
5645 -882.0000000000
5657 -881.0000000000
5665 -880.0000000000
5668 -879.0000000000
5674 -878.0000000000
5679 -877.0000000000
5682 -875.0000000000
5684 -873.0000000000
5696 -872.0000000000
5717 -870.0000000000
5746 -869.0000000000
5747 -867.0000000000
5753 -865.0000000000
5762 -864.0000000000
5780 -863.0000000000
5781 -862.0000000000
5788 -861.0000000000
5796 -859.0000000000
5799 -858.0000000000
5808 -857.0000000000
5815 -855.0000000000
5878 -854.0000000000
5888 -853.0000000000
5898 -852.0000000000
5910 -851.0000000000
5931 -850.0000000000
5932 -849.0000000000
5938 -848.0000000000
5952 -847.0000000000
5954 -846.0000000000
5955 -845.0000000000
5972 -844.0000000000
5974 -843.0000000000
5994 -842.0000000000
6002 -841.0000000000
6004 -840.0000000000
6006 -839.0000000000
6028 -838.0000000000
6030 -837.0000000000
6047 -836.0000000000
6073 -835.0000000000
6089 -834.0000000000
6094 -833.0000000000
6106 -832.0000000000
6107 -831.0000000000
6114 -830.0000000000
6130 -829.0000000000
6148 -828.0000000000
6151 -826.0000000000
6172 -825.0000000000
6175 -824.0000000000
6184 -823.0000000000
6237 -822.0000000000
6247 -821.0000000000
6259 -819.0000000000
6277 -818.0000000000
6279 -817.0000000000
6283 -816.0000000000
6311 -815.0000000000
6319 -814.0000000000
6329 -813.0000000000
6345 -812.0000000000
6347 -811.0000000000
6352 -808.0000000000
6354 -807.0000000000
6369 -806.0000000000
6395 -805.0000000000
6407 -804.0000000000
6422 -803.0000000000
6427 -802.0000000000
6428 -800.0000000000
6433 -799.0000000000
6443 -798.0000000000
6457 -796.0000000000
6481 -795.0000000000
6485 -794.0000000000
6501 -793.0000000000
6513 -792.0000000000
6527 -791.0000000000
6531 -790.0000000000
6539 -789.0000000000
6551 -788.0000000000
6564 -787.0000000000
6593 -786.0000000000
6598 -784.0000000000
6605 -783.0000000000
6650 -782.0000000000
6653 -781.0000000000
6661 -780.0000000000
6666 -779.0000000000
6678 -778.0000000000
6705 -777.0000000000
6711 -776.0000000000
6734 -775.0000000000
6743 -774.0000000000
6745 -773.0000000000
6748 -772.0000000000
6753 -771.0000000000
6757 -770.0000000000
6763 -769.0000000000
6766 -768.0000000000
6792 -767.0000000000
6798 -766.0000000000
6800 -765.0000000000
6810 -764.0000000000
6816 -763.0000000000
6851 -762.0000000000
6852 -761.0000000000
6858 -758.0000000000
6893 -757.0000000000
6911 -756.0000000000
6927 -754.0000000000
6936 -753.0000000000
6937 -752.0000000000
6946 -751.0000000000
6961 -750.0000000000
6969 -749.0000000000
6975 -748.0000000000
7002 -747.0000000000
7011 -746.0000000000
7044 -745.0000000000
7054 -744.0000000000
7060 -743.0000000000
7063 -742.0000000000
7071 -741.0000000000
7072 -740.0000000000
7075 -739.0000000000
7099 -737.0000000000
7156 -736.0000000000
7189 -734.0000000000
7200 -733.0000000000
7230 -732.0000000000
7237 -730.0000000000
7238 -728.0000000000
7247 -726.0000000000
7259 -725.0000000000
7266 -724.0000000000
7275 -723.0000000000
7285 -722.0000000000
7287 -721.0000000000
7305 -720.0000000000
7308 -719.0000000000
7314 -718.0000000000
7329 -717.0000000000
7347 -716.0000000000
7371 -715.0000000000
7440 -714.0000000000
7460 -713.0000000000
7468 -712.0000000000
7493 -711.0000000000
7510 -709.0000000000
7518 -708.0000000000
7525 -707.0000000000
7526 -705.0000000000
7561 -704.0000000000
7563 -703.0000000000
7568 -701.0000000000
7585 -700.0000000000
7597 -699.0000000000
7603 -698.0000000000
7605 -697.0000000000
7609 -696.0000000000
7611 -695.0000000000
7612 -694.0000000000
7632 -693.0000000000
7672 -691.0000000000
7722 -690.0000000000
7748 -689.0000000000
7765 -688.0000000000
7767 -687.0000000000
7770 -686.0000000000
7786 -685.0000000000
7824 -684.0000000000
7847 -683.0000000000
7869 -682.0000000000
7880 -681.0000000000
7886 -680.0000000000
7899 -679.0000000000
7921 -678.0000000000
7935 -677.0000000000
7936 -676.0000000000
7951 -675.0000000000
7992 -674.0000000000
7996 -673.0000000000
8038 -672.0000000000
8053 -671.0000000000
8062 -670.0000000000
8065 -669.0000000000
8079 -668.0000000000
8104 -667.0000000000
8111 -666.0000000000
8116 -665.0000000000
8119 -663.0000000000
8120 -662.0000000000
8126 -661.0000000000
8130 -659.0000000000
8134 -658.0000000000
8143 -657.0000000000
8145 -656.0000000000
8148 -655.0000000000
8155 -654.0000000000
8196 -653.0000000000
8207 -652.0000000000
8226 -651.0000000000
8230 -650.0000000000
8247 -649.0000000000
8250 -648.0000000000
8262 -647.0000000000
8268 -646.0000000000
8280 -645.0000000000
8297 -644.0000000000
8328 -643.0000000000
8338 -642.0000000000
8346 -641.0000000000
8349 -640.0000000000
8351 -639.0000000000
8370 -638.0000000000
8387 -637.0000000000
8388 -636.0000000000
8392 -635.0000000000
8394 -634.0000000000
8400 -633.0000000000
8403 -632.0000000000
8431 -631.0000000000
8437 -630.0000000000
8446 -629.0000000000
8456 -628.0000000000
8479 -627.0000000000
8486 -626.0000000000
8492 -625.0000000000
8514 -624.0000000000
8516 -623.0000000000
8524 -622.0000000000
8525 -621.0000000000
8528 -620.0000000000
8536 -619.0000000000
8565 -618.0000000000
8593 -617.0000000000
8638 -616.0000000000
8653 -615.0000000000
8681 -614.0000000000
8693 -613.0000000000
8716 -612.0000000000
8718 -611.0000000000
8721 -610.0000000000
8743 -609.0000000000
8764 -607.0000000000
8771 -606.0000000000
8773 -605.0000000000
8778 -604.0000000000
8780 -603.0000000000
8799 -602.0000000000
8820 -601.0000000000
8824 -599.0000000000
8835 -598.0000000000
8856 -597.0000000000
8861 -596.0000000000
8871 -595.0000000000
8883 -594.0000000000
8884 -592.0000000000
8886 -591.0000000000
8921 -590.0000000000
8967 -587.0000000000
8982 -586.0000000000
8987 -585.0000000000
8990 -584.0000000000
9003 -583.0000000000
9016 -582.0000000000
9033 -581.0000000000
9063 -580.0000000000
9066 -579.0000000000
9113 -578.0000000000
9150 -577.0000000000
9184 -576.0000000000
9188 -575.0000000000
9214 -574.0000000000
9216 -573.0000000000
9249 -572.0000000000
9250 -571.0000000000
9285 -570.0000000000
9316 -569.0000000000
9323 -568.0000000000
9331 -567.0000000000
9361 -566.0000000000
9368 -565.0000000000
9450 -564.0000000000
9483 -563.0000000000
9505 -562.0000000000
9546 -561.0000000000
9561 -560.0000000000
9594 -559.0000000000
9622 -558.0000000000
9623 -557.0000000000
9625 -556.0000000000
9647 -555.0000000000
9703 -553.0000000000
9711 -552.0000000000
9724 -551.0000000000
9725 -550.0000000000
9742 -549.0000000000
9786 -548.0000000000
9827 -547.0000000000
9844 -546.0000000000
9859 -545.0000000000
9899 -544.0000000000
9900 -543.0000000000
9907 -542.0000000000
9923 -541.0000000000
9927 -540.0000000000
9937 -539.0000000000
9942 -538.0000000000
10000 -539.0000000000
evaluations raw_y
1 -2061.0000000000
5 -2058.0000000000
19 -2056.0000000000
22 -2054.0000000000
28 -2053.0000000000
29 -2052.0000000000
32 -2051.0000000000
41 -2049.0000000000
42 -2047.0000000000
46 -2046.0000000000
54 -2044.0000000000
55 -2042.0000000000
56 -2041.0000000000
57 -2040.0000000000
59 -2039.0000000000
60 -2038.0000000000
64 -2036.0000000000
71 -2035.0000000000
76 -2034.0000000000
81 -2032.0000000000
84 -2031.0000000000
85 -2030.0000000000
90 -2028.0000000000
95 -2027.0000000000
100 -2026.0000000000
102 -2025.0000000000
103 -2024.0000000000
110 -2023.0000000000
112 -2021.0000000000
114 -2019.0000000000
118 -2016.0000000000
122 -2015.0000000000
123 -2014.0000000000
124 -2013.0000000000
125 -2012.0000000000
127 -2011.0000000000
151 -2010.0000000000
154 -2009.0000000000
159 -2008.0000000000
163 -2007.0000000000
164 -2006.0000000000
166 -2005.0000000000
174 -2004.0000000000
176 -2002.0000000000
177 -2000.0000000000
181 -1998.0000000000
190 -1997.0000000000
192 -1995.0000000000
194 -1994.0000000000
201 -1993.0000000000
203 -1992.0000000000
204 -1991.0000000000
214 -1990.0000000000
215 -1989.0000000000
216 -1987.0000000000
224 -1985.0000000000
225 -1984.0000000000
226 -1981.0000000000
228 -1980.0000000000
230 -1978.0000000000
237 -1977.0000000000
238 -1976.0000000000
243 -1975.0000000000
244 -1974.0000000000
251 -1973.0000000000
255 -1972.0000000000
258 -1971.0000000000
259 -1970.0000000000
270 -1969.0000000000
271 -1968.0000000000
272 -1967.0000000000
278 -1966.0000000000
280 -1965.0000000000
286 -1964.0000000000
288 -1963.0000000000
290 -1962.0000000000
296 -1961.0000000000
308 -1960.0000000000
310 -1959.0000000000
311 -1957.0000000000
312 -1956.0000000000
315 -1954.0000000000
318 -1953.0000000000
320 -1951.0000000000
321 -1950.0000000000
331 -1949.0000000000
333 -1948.0000000000
335 -1946.0000000000
347 -1944.0000000000
351 -1943.0000000000
356 -1942.0000000000
360 -1939.0000000000
361 -1938.0000000000
364 -1937.0000000000
369 -1936.0000000000
370 -1934.0000000000
375 -1932.0000000000
380 -1931.0000000000
391 -1930.0000000000
396 -1929.0000000000
400 -1928.0000000000
403 -1927.0000000000
406 -1926.0000000000
410 -1925.0000000000
417 -1924.0000000000
430 -1923.0000000000
432 -1922.0000000000
434 -1921.0000000000
438 -1920.0000000000
444 -1919.0000000000
450 -1918.0000000000
453 -1917.0000000000
455 -1914.0000000000
471 -1913.0000000000
472 -1912.0000000000
473 -1911.0000000000
474 -1909.0000000000
480 -1908.0000000000
483 -1907.0000000000
484 -1906.0000000000
489 -1905.0000000000
495 -1904.0000000000
498 -1903.0000000000
503 -1902.0000000000
506 -1901.0000000000
507 -1900.0000000000
513 -1899.0000000000
532 -1898.0000000000
533 -1897.0000000000
535 -1896.0000000000
536 -1895.0000000000
537 -1894.0000000000
543 -1893.0000000000
545 -1892.0000000000
548 -1891.0000000000
554 -1889.0000000000
563 -1888.0000000000
566 -1887.0000000000
567 -1886.0000000000
570 -1884.0000000000
574 -1883.0000000000
575 -1881.0000000000
581 -1880.0000000000
588 -1879.0000000000
593 -1878.0000000000
594 -1877.0000000000
602 -1876.0000000000
604 -1875.0000000000
608 -1873.0000000000
610 -1872.0000000000
611 -1871.0000000000
615 -1870.0000000000
616 -1869.0000000000
618 -1868.0000000000
621 -1867.0000000000
628 -1866.0000000000
632 -1865.0000000000
635 -1864.0000000000
637 -1863.0000000000
640 -1862.0000000000
643 -1859.0000000000
646 -1858.0000000000
660 -1857.0000000000
662 -1856.0000000000
668 -1855.0000000000
669 -1854.0000000000
670 -1851.0000000000
674 -1849.0000000000
678 -1848.0000000000
683 -1847.0000000000
686 -1846.0000000000
688 -1845.0000000000
690 -1844.0000000000
692 -1843.0000000000
695 -1842.0000000000
701 -1840.0000000000
707 -1839.0000000000
711 -1838.0000000000
717 -1836.0000000000
719 -1835.0000000000
728 -1834.0000000000
738 -1833.0000000000
740 -1832.0000000000
742 -1831.0000000000
748 -1829.0000000000
749 -1828.0000000000
757 -1827.0000000000
761 -1826.0000000000
764 -1825.0000000000
772 -1824.0000000000
774 -1823.0000000000
783 -1822.0000000000
784 -1821.0000000000
787 -1820.0000000000
789 -1816.0000000000
791 -1815.0000000000
805 -1814.0000000000
809 -1813.0000000000
811 -1812.0000000000
812 -1810.0000000000
816 -1809.0000000000
818 -1808.0000000000
822 -1807.0000000000
832 -1806.0000000000
836 -1805.0000000000
856 -1804.0000000000
862 -1803.0000000000
863 -1801.0000000000
867 -1800.0000000000
868 -1799.0000000000
869 -1798.0000000000
871 -1797.0000000000
873 -1796.0000000000
874 -1795.0000000000
876 -1794.0000000000
883 -1793.0000000000
884 -1792.0000000000
892 -1791.0000000000
895 -1790.0000000000
898 -1789.0000000000
916 -1787.0000000000
920 -1786.0000000000
924 -1784.0000000000
927 -1783.0000000000
933 -1782.0000000000
936 -1781.0000000000
946 -1780.0000000000
952 -1779.0000000000
953 -1778.0000000000
962 -1776.0000000000
970 -1775.0000000000
974 -1774.0000000000
977 -1773.0000000000
981 -1772.0000000000
985 -1769.0000000000
989 -1768.0000000000
990 -1767.0000000000
992 -1766.0000000000
1000 -1765.0000000000
1003 -1764.0000000000
1005 -1763.0000000000
1007 -1762.0000000000
1017 -1761.0000000000
1019 -1760.0000000000
1020 -1759.0000000000
1037 -1758.0000000000
1041 -1757.0000000000
1044 -1756.0000000000
1047 -1755.0000000000
1050 -1753.0000000000
1054 -1750.0000000000
1065 -1749.0000000000
1067 -1748.0000000000
1071 -1747.0000000000
1072 -1746.0000000000
1080 -1744.0000000000
1090 -1743.0000000000
1091 -1742.0000000000
1096 -1741.0000000000
1103 -1740.0000000000
1104 -1739.0000000000
1105 -1738.0000000000
1107 -1737.0000000000
1118 -1736.0000000000
1124 -1735.0000000000
1127 -1733.0000000000
1130 -1732.0000000000
1137 -1731.0000000000
1139 -1730.0000000000
1143 -1729.0000000000
1156 -1728.0000000000
1166 -1726.0000000000
1171 -1725.0000000000
1173 -1724.0000000000
1182 -1722.0000000000
1184 -1721.0000000000
1191 -1720.0000000000
1198 -1719.0000000000
1203 -1718.0000000000
1207 -1717.0000000000
1217 -1716.0000000000
1221 -1715.0000000000
1222 -1714.0000000000
1223 -1713.0000000000
1226 -1712.0000000000
1233 -1710.0000000000
1241 -1709.0000000000
1242 -1707.0000000000
1248 -1706.0000000000
1249 -1705.0000000000
1258 -1704.0000000000
1259 -1703.0000000000
1266 -1702.0000000000
1268 -1701.0000000000
1275 -1700.0000000000
1279 -1699.0000000000
1285 -1698.0000000000
1289 -1697.0000000000
1293 -1696.0000000000
1294 -1695.0000000000
1297 -1693.0000000000
1300 -1692.0000000000
1308 -1691.0000000000
1312 -1690.0000000000
1322 -1689.0000000000
1324 -1688.0000000000
1331 -1687.0000000000
1338 -1686.0000000000
1341 -1683.0000000000
1343 -1682.0000000000
1370 -1681.0000000000
1372 -1680.0000000000
1376 -1679.0000000000
1379 -1678.0000000000
1380 -1675.0000000000
1383 -1674.0000000000
1384 -1672.0000000000
1397 -1671.0000000000
1398 -1669.0000000000
1403 -1668.0000000000
1414 -1667.0000000000
1416 -1666.0000000000
1420 -1665.0000000000
1425 -1664.0000000000
1426 -1663.0000000000
1428 -1661.0000000000
1431 -1660.0000000000
1439 -1659.0000000000
1440 -1658.0000000000
1444 -1657.0000000000
1449 -1656.0000000000
1459 -1655.0000000000
1468 -1654.0000000000
1469 -1652.0000000000
1470 -1651.0000000000
1473 -1650.0000000000
1478 -1649.0000000000
1482 -1648.0000000000
1500 -1647.0000000000
1503 -1646.0000000000
1504 -1645.0000000000
1516 -1644.0000000000
1518 -1643.0000000000
1519 -1642.0000000000
1522 -1640.0000000000
1528 -1639.0000000000
1529 -1638.0000000000
1535 -1637.0000000000
1538 -1636.0000000000
1543 -1635.0000000000
1546 -1634.0000000000
1549 -1633.0000000000
1552 -1632.0000000000
1553 -1631.0000000000
1556 -1630.0000000000
1559 -1628.0000000000
1560 -1627.0000000000
1561 -1625.0000000000
1562 -1624.0000000000
1563 -1623.0000000000
1565 -1622.0000000000
1570 -1621.0000000000
1571 -1619.0000000000
1573 -1617.0000000000
1576 -1616.0000000000
1579 -1614.0000000000
1591 -1613.0000000000
1609 -1612.0000000000
1623 -1611.0000000000
1626 -1610.0000000000
1631 -1609.0000000000
1632 -1608.0000000000
1634 -1607.0000000000
1641 -1606.0000000000
1644 -1605.0000000000
1651 -1604.0000000000
1652 -1603.0000000000
1661 -1602.0000000000
1664 -1601.0000000000
1666 -1600.0000000000
1669 -1598.0000000000
1672 -1597.0000000000
1673 -1596.0000000000
1677 -1594.0000000000
1679 -1593.0000000000
1680 -1592.0000000000
1691 -1591.0000000000
1692 -1590.0000000000
1693 -1589.0000000000
1698 -1588.0000000000
1702 -1587.0000000000
1708 -1586.0000000000
1710 -1585.0000000000
1711 -1584.0000000000
1719 -1583.0000000000
1720 -1582.0000000000
1725 -1580.0000000000
1730 -1579.0000000000
1739 -1578.0000000000
1744 -1576.0000000000
1771 -1575.0000000000
1793 -1574.0000000000
1804 -1572.0000000000
1810 -1571.0000000000
1812 -1569.0000000000
1813 -1568.0000000000
1820 -1567.0000000000
1821 -1566.0000000000
1823 -1565.0000000000
1824 -1564.0000000000
1827 -1563.0000000000
1845 -1562.0000000000
1846 -1561.0000000000
1847 -1560.0000000000
1854 -1559.0000000000
1856 -1558.0000000000
1859 -1557.0000000000
1860 -1556.0000000000
1870 -1555.0000000000
1873 -1554.0000000000
1890 -1553.0000000000
1907 -1552.0000000000
1910 -1551.0000000000
1912 -1550.0000000000
1914 -1549.0000000000
1919 -1548.0000000000
1921 -1546.0000000000
1923 -1545.0000000000
1929 -1544.0000000000
1931 -1543.0000000000
1932 -1542.0000000000
1934 -1541.0000000000
1935 -1540.0000000000
1937 -1539.0000000000
1938 -1538.0000000000
1952 -1537.0000000000
1956 -1536.0000000000
1959 -1535.0000000000
1966 -1534.0000000000
1969 -1533.0000000000
1973 -1532.0000000000
1989 -1531.0000000000
1996 -1530.0000000000
1997 -1529.0000000000
2003 -1527.0000000000
2006 -1526.0000000000
2010 -1525.0000000000
2013 -1524.0000000000
2061 -1523.0000000000
2067 -1522.0000000000
2072 -1521.0000000000
2075 -1520.0000000000
2076 -1519.0000000000
2077 -1518.0000000000
2088 -1517.0000000000
2126 -1516.0000000000
2127 -1515.0000000000
2129 -1513.0000000000
2141 -1512.0000000000
2144 -1511.0000000000
2145 -1509.0000000000
2151 -1507.0000000000
2156 -1505.0000000000
2161 -1504.0000000000
2162 -1503.0000000000
2163 -1502.0000000000
2164 -1501.0000000000
2178 -1500.0000000000
2188 -1499.0000000000
2189 -1498.0000000000
2216 -1497.0000000000
2222 -1496.0000000000
2224 -1495.0000000000
2228 -1494.0000000000
2234 -1492.0000000000
2239 -1491.0000000000
2243 -1490.0000000000
2250 -1488.0000000000
2252 -1486.0000000000
2253 -1485.0000000000
2259 -1484.0000000000
2261 -1483.0000000000
2265 -1482.0000000000
2279 -1479.0000000000
2297 -1478.0000000000
2306 -1476.0000000000
2314 -1475.0000000000
2320 -1474.0000000000
2325 -1473.0000000000
2332 -1472.0000000000
2334 -1471.0000000000
2335 -1470.0000000000
2336 -1469.0000000000
2344 -1467.0000000000
2353 -1465.0000000000
2367 -1464.0000000000
2368 -1463.0000000000
2391 -1462.0000000000
2392 -1461.0000000000
2394 -1458.0000000000
2399 -1457.0000000000
2404 -1456.0000000000
2406 -1455.0000000000
2414 -1454.0000000000
2419 -1453.0000000000
2426 -1452.0000000000
2427 -1451.0000000000
2428 -1449.0000000000
2439 -1448.0000000000
2441 -1446.0000000000
2449 -1445.0000000000
2463 -1444.0000000000
2467 -1442.0000000000
2472 -1440.0000000000
2475 -1439.0000000000
2477 -1438.0000000000
2481 -1437.0000000000
2491 -1436.0000000000
2493 -1435.0000000000
2494 -1434.0000000000
2499 -1433.0000000000
2510 -1431.0000000000
2512 -1430.0000000000
2514 -1429.0000000000
2516 -1428.0000000000
2517 -1427.0000000000
2527 -1426.0000000000
2528 -1424.0000000000
2532 -1423.0000000000
2546 -1422.0000000000
2549 -1420.0000000000
2553 -1419.0000000000
2554 -1418.0000000000
2558 -1416.0000000000
2559 -1415.0000000000
2564 -1413.0000000000
2565 -1412.0000000000
2566 -1409.0000000000
2578 -1407.0000000000
2586 -1406.0000000000
2592 -1405.0000000000
2597 -1404.0000000000
2602 -1403.0000000000
2605 -1402.0000000000
2613 -1401.0000000000
2616 -1399.0000000000
2620 -1398.0000000000
2622 -1397.0000000000
2624 -1396.0000000000
2630 -1395.0000000000
2631 -1394.0000000000
2642 -1393.0000000000
2671 -1392.0000000000
2684 -1391.0000000000
2685 -1390.0000000000
2688 -1389.0000000000
2690 -1388.0000000000
2701 -1386.0000000000
2703 -1385.0000000000
2705 -1384.0000000000
2708 -1383.0000000000
2718 -1381.0000000000
2720 -1379.0000000000
2722 -1378.0000000000
2723 -1375.0000000000
2726 -1374.0000000000
2729 -1373.0000000000
2734 -1372.0000000000
2735 -1369.0000000000
2750 -1368.0000000000
2755 -1367.0000000000
2758 -1366.0000000000
2774 -1365.0000000000
2776 -1364.0000000000
2780 -1361.0000000000
2790 -1360.0000000000
2799 -1359.0000000000
2805 -1357.0000000000
2812 -1356.0000000000
2815 -1355.0000000000
2819 -1354.0000000000
2843 -1353.0000000000
2870 -1352.0000000000
2884 -1351.0000000000
2887 -1350.0000000000
2889 -1349.0000000000
2898 -1347.0000000000
2913 -1346.0000000000
2916 -1345.0000000000
2919 -1343.0000000000
2925 -1342.0000000000
2929 -1340.0000000000
2930 -1339.0000000000
2938 -1338.0000000000
2940 -1337.0000000000
2942 -1335.0000000000
2943 -1334.0000000000
2948 -1332.0000000000
2953 -1331.0000000000
2957 -1330.0000000000
2966 -1329.0000000000
2976 -1328.0000000000
2978 -1327.0000000000
2980 -1325.0000000000
2981 -1324.0000000000
2985 -1323.0000000000
2986 -1321.0000000000
2988 -1320.0000000000
2989 -1319.0000000000
2997 -1318.0000000000
3000 -1317.0000000000
3002 -1316.0000000000
3004 -1315.0000000000
3012 -1313.0000000000
3023 -1312.0000000000
3027 -1311.0000000000
3031 -1310.0000000000
3049 -1309.0000000000
3050 -1307.0000000000
3051 -1306.0000000000
3052 -1305.0000000000
3057 -1304.0000000000
3068 -1303.0000000000
3077 -1302.0000000000
3082 -1301.0000000000
3087 -1300.0000000000
3103 -1299.0000000000
3112 -1298.0000000000
3118 -1297.0000000000
3119 -1296.0000000000
3122 -1295.0000000000
3136 -1294.0000000000
3137 -1293.0000000000
3144 -1292.0000000000
3153 -1291.0000000000
3155 -1290.0000000000
3176 -1289.0000000000
3178 -1288.0000000000
3184 -1287.0000000000
3192 -1286.0000000000
3195 -1285.0000000000
3197 -1284.0000000000
3201 -1283.0000000000
3208 -1282.0000000000
3235 -1281.0000000000
3252 -1280.0000000000
3255 -1279.0000000000
3262 -1278.0000000000
3264 -1276.0000000000
3268 -1275.0000000000
3269 -1274.0000000000
3283 -1273.0000000000
3314 -1272.0000000000
3321 -1271.0000000000
3330 -1269.0000000000
3336 -1268.0000000000
3347 -1267.0000000000
3351 -1266.0000000000
3357 -1265.0000000000
3359 -1264.0000000000
3364 -1262.0000000000
3375 -1261.0000000000
3387 -1260.0000000000
3397 -1259.0000000000
3407 -1258.0000000000
3411 -1256.0000000000
3448 -1255.0000000000
3457 -1254.0000000000
3465 -1253.0000000000
3471 -1251.0000000000
3483 -1250.0000000000
3487 -1249.0000000000
3492 -1248.0000000000
3496 -1247.0000000000
3504 -1246.0000000000
3508 -1245.0000000000
3536 -1244.0000000000
3556 -1243.0000000000
3580 -1242.0000000000
3602 -1240.0000000000
3612 -1239.0000000000
3621 -1238.0000000000
3626 -1237.0000000000
3632 -1236.0000000000
3640 -1235.0000000000
3653 -1234.0000000000
3657 -1232.0000000000
3662 -1231.0000000000
3666 -1230.0000000000
3698 -1229.0000000000
3707 -1228.0000000000
3711 -1226.0000000000
3713 -1225.0000000000
3726 -1223.0000000000
3750 -1222.0000000000
3759 -1221.0000000000
3761 -1220.0000000000
3765 -1219.0000000000
3782 -1218.0000000000
3803 -1217.0000000000
3804 -1216.0000000000
3808 -1215.0000000000
3823 -1214.0000000000
3824 -1213.0000000000
3827 -1212.0000000000
3840 -1211.0000000000
3847 -1210.0000000000
3855 -1209.0000000000
3856 -1208.0000000000
3859 -1207.0000000000
3861 -1206.0000000000
3862 -1205.0000000000
3865 -1204.0000000000
3867 -1203.0000000000
3869 -1202.0000000000
3887 -1200.0000000000
3892 -1199.0000000000
3910 -1198.0000000000
3922 -1196.0000000000
3928 -1195.0000000000
3951 -1194.0000000000
3952 -1192.0000000000
3960 -1190.0000000000
3966 -1189.0000000000
3991 -1188.0000000000
3996 -1187.0000000000
3998 -1186.0000000000
4011 -1185.0000000000
4022 -1184.0000000000
4025 -1182.0000000000
4033 -1181.0000000000
4037 -1180.0000000000
4061 -1179.0000000000
4062 -1178.0000000000
4065 -1177.0000000000
4073 -1175.0000000000
4078 -1174.0000000000
4079 -1173.0000000000
4080 -1172.0000000000
4081 -1171.0000000000
4083 -1168.0000000000
4085 -1167.0000000000
4087 -1165.0000000000
4123 -1164.0000000000
4125 -1163.0000000000
4126 -1162.0000000000
4129 -1161.0000000000
4144 -1160.0000000000
4153 -1159.0000000000
4158 -1158.0000000000
4165 -1156.0000000000
4188 -1154.0000000000
4203 -1152.0000000000
4207 -1151.0000000000
4208 -1150.0000000000
4228 -1149.0000000000
4229 -1148.0000000000
4239 -1147.0000000000
4246 -1146.0000000000
4254 -1145.0000000000
4259 -1144.0000000000
4261 -1142.0000000000
4277 -1140.0000000000
4281 -1139.0000000000
4283 -1137.0000000000
4285 -1136.0000000000
4288 -1135.0000000000
4298 -1133.0000000000
4299 -1132.0000000000
4302 -1131.0000000000
4313 -1130.0000000000
4320 -1129.0000000000
4326 -1128.0000000000
4342 -1127.0000000000
4348 -1126.0000000000
4350 -1125.0000000000
4351 -1124.0000000000
4352 -1123.0000000000
4356 -1122.0000000000
4359 -1121.0000000000
4364 -1120.0000000000
4376 -1119.0000000000
4387 -1118.0000000000
4393 -1117.0000000000
4400 -1116.0000000000
4401 -1115.0000000000
4429 -1114.0000000000
4440 -1113.0000000000
4446 -1112.0000000000
4450 -1111.0000000000
4456 -1110.0000000000
4459 -1109.0000000000
4481 -1108.0000000000
4482 -1107.0000000000
4486 -1106.0000000000
4488 -1105.0000000000
4494 -1104.0000000000
4524 -1103.0000000000
4525 -1102.0000000000
4526 -1101.0000000000
4533 -1099.0000000000
4537 -1098.0000000000
4539 -1097.0000000000
4545 -1096.0000000000
4553 -1095.0000000000
4556 -1094.0000000000
4577 -1093.0000000000
4581 -1091.0000000000
4583 -1090.0000000000
4584 -1089.0000000000
4587 -1088.0000000000
4596 -1087.0000000000
4611 -1086.0000000000
4618 -1085.0000000000
4628 -1084.0000000000
4637 -1083.0000000000
4640 -1082.0000000000
4660 -1081.0000000000
4665 -1080.0000000000
4668 -1079.0000000000
4672 -1078.0000000000
4682 -1077.0000000000
4694 -1076.0000000000
4699 -1075.0000000000
4701 -1074.0000000000
4708 -1073.0000000000
4722 -1072.0000000000
4732 -1071.0000000000
4766 -1069.0000000000
4768 -1068.0000000000
4770 -1065.0000000000
4775 -1064.0000000000
4783 -1062.0000000000
4816 -1060.0000000000
4834 -1059.0000000000
4847 -1056.0000000000
4864 -1055.0000000000
4906 -1054.0000000000
4909 -1053.0000000000
4918 -1052.0000000000
4933 -1051.0000000000
4934 -1050.0000000000
4935 -1049.0000000000
4940 -1048.0000000000
4947 -1047.0000000000
4948 -1046.0000000000
4955 -1045.0000000000
4960 -1044.0000000000
4972 -1043.0000000000
4981 -1042.0000000000
4984 -1041.0000000000
4985 -1040.0000000000
4987 -1039.0000000000
4988 -1038.0000000000
4990 -1036.0000000000
5006 -1035.0000000000
5013 -1034.0000000000
5015 -1033.0000000000
5017 -1032.0000000000
5021 -1031.0000000000
5027 -1030.0000000000
5044 -1029.0000000000
5045 -1028.0000000000
5048 -1027.0000000000
5050 -1026.0000000000
5065 -1024.0000000000
5069 -1023.0000000000
5081 -1022.0000000000
5092 -1020.0000000000
5093 -1019.0000000000
5095 -1018.0000000000
5100 -1016.0000000000
5104 -1015.0000000000
5114 -1014.0000000000
5125 -1013.0000000000
5132 -1012.0000000000
5135 -1010.0000000000
5153 -1009.0000000000
5158 -1008.0000000000
5175 -1007.0000000000
5182 -1006.0000000000
5191 -1005.0000000000
5194 -1004.0000000000
5204 -1003.0000000000
5209 -1001.0000000000
5211 -1000.0000000000
5217 -999.0000000000
5221 -998.0000000000
5269 -997.0000000000
5279 -996.0000000000
5284 -995.0000000000
5297 -994.0000000000
5300 -992.0000000000
5302 -991.0000000000
5306 -990.0000000000
5315 -989.0000000000
5322 -988.0000000000
5323 -987.0000000000
5357 -985.0000000000
5388 -984.0000000000
5390 -983.0000000000
5399 -982.0000000000
5402 -981.0000000000
5405 -980.0000000000
5412 -979.0000000000
5415 -978.0000000000
5417 -977.0000000000
5428 -976.0000000000
5446 -975.0000000000
5484 -973.0000000000
5491 -972.0000000000
5494 -971.0000000000
5496 -970.0000000000
5520 -969.0000000000
5522 -968.0000000000
5546 -967.0000000000
5548 -966.0000000000
5556 -964.0000000000
5568 -963.0000000000
5569 -962.0000000000
5571 -961.0000000000
5573 -960.0000000000
5585 -959.0000000000
5605 -958.0000000000
5620 -957.0000000000
5624 -956.0000000000
5645 -955.0000000000
5668 -953.0000000000
5682 -952.0000000000
5685 -950.0000000000
5691 -949.0000000000
5699 -948.0000000000
5707 -947.0000000000
5728 -946.0000000000
5736 -945.0000000000
5737 -944.0000000000
5751 -942.0000000000
5761 -941.0000000000
5762 -940.0000000000
5773 -939.0000000000
5778 -937.0000000000
5788 -936.0000000000
5796 -935.0000000000
5799 -934.0000000000
5805 -933.0000000000
5809 -932.0000000000
5811 -931.0000000000
5875 -930.0000000000
5882 -929.0000000000
5889 -928.0000000000
5911 -927.0000000000
5925 -926.0000000000
5935 -925.0000000000
5939 -924.0000000000
5948 -923.0000000000
5961 -922.0000000000
5969 -921.0000000000
5970 -920.0000000000
5973 -919.0000000000
5975 -918.0000000000
5985 -917.0000000000
5993 -916.0000000000
6022 -915.0000000000
6059 -914.0000000000
6086 -913.0000000000
6091 -912.0000000000
6100 -911.0000000000
6124 -910.0000000000
6125 -909.0000000000
6138 -908.0000000000
6140 -907.0000000000
6145 -906.0000000000
6164 -905.0000000000
6167 -904.0000000000
6179 -903.0000000000
6186 -902.0000000000
6201 -901.0000000000
6241 -900.0000000000
6251 -899.0000000000
6261 -898.0000000000
6267 -897.0000000000
6272 -896.0000000000
6274 -895.0000000000
6276 -894.0000000000
6280 -893.0000000000
6281 -892.0000000000
6289 -890.0000000000
6299 -889.0000000000
6357 -888.0000000000
6358 -887.0000000000
6367 -886.0000000000
6372 -885.0000000000
6373 -884.0000000000
6414 -883.0000000000
6416 -882.0000000000
6418 -881.0000000000
6436 -880.0000000000
6455 -879.0000000000
6464 -877.0000000000
6473 -875.0000000000
6478 -874.0000000000
6485 -872.0000000000
6492 -871.0000000000
6496 -870.0000000000
6500 -869.0000000000
6513 -868.0000000000
6519 -867.0000000000
6524 -866.0000000000
6533 -865.0000000000
6547 -864.0000000000
6548 -863.0000000000
6551 -861.0000000000
6566 -860.0000000000
6568 -859.0000000000
6581 -858.0000000000
6590 -856.0000000000
6594 -854.0000000000
6619 -853.0000000000
6635 -852.0000000000
6638 -851.0000000000
6644 -850.0000000000
6647 -849.0000000000
6652 -848.0000000000
6669 -847.0000000000
6688 -846.0000000000
6702 -845.0000000000
6709 -844.0000000000
6724 -843.0000000000
6725 -842.0000000000
6729 -841.0000000000
6742 -840.0000000000
6753 -839.0000000000
6756 -838.0000000000
6757 -837.0000000000
6783 -836.0000000000
6813 -835.0000000000
6828 -834.0000000000
6829 -832.0000000000
6837 -831.0000000000
6841 -830.0000000000
6857 -829.0000000000
6860 -827.0000000000
6862 -825.0000000000
6870 -824.0000000000
6880 -823.0000000000
6886 -822.0000000000
6891 -821.0000000000
6892 -820.0000000000
6897 -819.0000000000
6919 -817.0000000000
6924 -816.0000000000
6929 -815.0000000000
6931 -814.0000000000
6948 -812.0000000000
6986 -811.0000000000
7004 -810.0000000000
7016 -809.0000000000
7021 -808.0000000000
7050 -807.0000000000
7083 -806.0000000000
7101 -805.0000000000
7103 -804.0000000000
7112 -803.0000000000
7133 -802.0000000000
7155 -801.0000000000
7167 -800.0000000000
7170 -799.0000000000
7175 -798.0000000000
7188 -797.0000000000
7202 -796.0000000000
7215 -795.0000000000
7223 -794.0000000000
7252 -793.0000000000
7253 -792.0000000000
7264 -791.0000000000
7273 -790.0000000000
7280 -789.0000000000
7283 -788.0000000000
7286 -787.0000000000
7290 -786.0000000000
7293 -785.0000000000
7310 -784.0000000000
7316 -782.0000000000
7317 -781.0000000000
7325 -780.0000000000
7359 -779.0000000000
7394 -778.0000000000
7404 -777.0000000000
7405 -776.0000000000
7409 -775.0000000000
7413 -774.0000000000
7416 -772.0000000000
7417 -771.0000000000
7426 -770.0000000000
7460 -769.0000000000
7479 -768.0000000000
7505 -767.0000000000
7507 -766.0000000000
7535 -765.0000000000
7536 -764.0000000000
7554 -761.0000000000
7570 -760.0000000000
7575 -759.0000000000
7577 -758.0000000000
7585 -757.0000000000
7593 -756.0000000000
7597 -755.0000000000
7610 -754.0000000000
7614 -753.0000000000
7618 -752.0000000000
7622 -751.0000000000
7635 -750.0000000000
7639 -749.0000000000
7650 -748.0000000000
7666 -747.0000000000
7670 -746.0000000000
7671 -745.0000000000
7681 -744.0000000000
7692 -743.0000000000
7701 -742.0000000000
7752 -740.0000000000
7759 -739.0000000000
7769 -738.0000000000
7785 -737.0000000000
7803 -736.0000000000
7810 -734.0000000000
7816 -733.0000000000
7821 -732.0000000000
7843 -731.0000000000
7866 -730.0000000000
7870 -728.0000000000
7877 -727.0000000000
7898 -726.0000000000
7913 -725.0000000000
7918 -724.0000000000
7922 -723.0000000000
7943 -722.0000000000
7951 -720.0000000000
7965 -719.0000000000
7966 -718.0000000000
7992 -717.0000000000
8025 -716.0000000000
8030 -715.0000000000
8035 -714.0000000000
8052 -713.0000000000
8054 -712.0000000000
8057 -711.0000000000
8072 -710.0000000000
8084 -709.0000000000
8093 -708.0000000000
8094 -707.0000000000
8096 -706.0000000000
8098 -704.0000000000
8100 -703.0000000000
8106 -702.0000000000
8109 -701.0000000000
8112 -700.0000000000
8123 -699.0000000000
8132 -698.0000000000
8146 -697.0000000000
8156 -696.0000000000
8157 -695.0000000000
8163 -693.0000000000
8180 -692.0000000000
8183 -691.0000000000
8186 -690.0000000000
8188 -689.0000000000
8200 -688.0000000000
8201 -687.0000000000
8205 -686.0000000000
8222 -685.0000000000
8243 -684.0000000000
8268 -683.0000000000
8285 -682.0000000000
8287 -681.0000000000
8289 -680.0000000000
8294 -679.0000000000
8296 -678.0000000000
8301 -677.0000000000
8304 -676.0000000000
8312 -674.0000000000
8314 -673.0000000000
8316 -672.0000000000
8319 -671.0000000000
8326 -670.0000000000
8351 -669.0000000000
8354 -667.0000000000
8364 -666.0000000000
8378 -665.0000000000
8380 -664.0000000000
8404 -663.0000000000
8418 -662.0000000000
8428 -661.0000000000
8440 -660.0000000000
8468 -659.0000000000
8498 -658.0000000000
8505 -657.0000000000
8507 -656.0000000000
8525 -655.0000000000
8527 -654.0000000000
8540 -653.0000000000
8562 -651.0000000000
8586 -649.0000000000
8592 -648.0000000000
8609 -647.0000000000
8624 -646.0000000000
8635 -645.0000000000
8663 -644.0000000000
8668 -643.0000000000
8678 -642.0000000000
8701 -641.0000000000
8715 -640.0000000000
8752 -639.0000000000
8753 -638.0000000000
8755 -637.0000000000
8756 -636.0000000000
8767 -635.0000000000
8782 -634.0000000000
8791 -633.0000000000
8832 -632.0000000000
8886 -631.0000000000
8889 -630.0000000000
8896 -629.0000000000
8919 -628.0000000000
8946 -626.0000000000
8975 -625.0000000000
8978 -624.0000000000
9001 -623.0000000000
9005 -622.0000000000
9023 -621.0000000000
9026 -620.0000000000
9046 -619.0000000000
9060 -618.0000000000
9068 -617.0000000000
9119 -616.0000000000
9144 -614.0000000000
9181 -613.0000000000
9184 -612.0000000000
9185 -611.0000000000
9187 -610.0000000000
9188 -609.0000000000
9219 -608.0000000000
9229 -607.0000000000
9232 -606.0000000000
9240 -605.0000000000
9243 -604.0000000000
9258 -603.0000000000
9291 -601.0000000000
9310 -599.0000000000
9330 -598.0000000000
9353 -597.0000000000
9388 -596.0000000000
9441 -595.0000000000
9458 -594.0000000000
9476 -593.0000000000
9485 -592.0000000000
9509 -591.0000000000
9513 -590.0000000000
9542 -589.0000000000
9560 -588.0000000000
9599 -587.0000000000
9615 -586.0000000000
9625 -585.0000000000
9630 -584.0000000000
9634 -582.0000000000
9646 -581.0000000000
9662 -580.0000000000
9666 -579.0000000000
9672 -578.0000000000
9684 -577.0000000000
9687 -576.0000000000
9704 -575.0000000000
9713 -574.0000000000
9744 -572.0000000000
9753 -571.0000000000
9770 -569.0000000000
9785 -568.0000000000
9846 -567.0000000000
9855 -566.0000000000
9857 -565.0000000000
9878 -563.0000000000
9902 -562.0000000000
9918 -561.0000000000
9923 -560.0000000000
9928 -559.0000000000
9954 -558.0000000000
9960 -557.0000000000
10000 -558.0000000000
evaluations raw_y
1 -1970.0000000000
5 -1968.0000000000
7 -1967.0000000000
11 -1965.0000000000
12 -1962.0000000000
14 -1961.0000000000
18 -1960.0000000000
22 -1959.0000000000
23 -1957.0000000000
29 -1956.0000000000
30 -1954.0000000000
31 -1953.0000000000
35 -1952.0000000000
36 -1951.0000000000
37 -1950.0000000000
39 -1947.0000000000
40 -1946.0000000000
48 -1944.0000000000
50 -1943.0000000000
51 -1942.0000000000
53 -1941.0000000000
67 -1940.0000000000
68 -1938.0000000000
69 -1937.0000000000
75 -1936.0000000000
76 -1935.0000000000
77 -1934.0000000000
81 -1932.0000000000
88 -1931.0000000000
92 -1930.0000000000
93 -1929.0000000000
102 -1928.0000000000
104 -1927.0000000000
106 -1924.0000000000
107 -1923.0000000000
109 -1922.0000000000
111 -1921.0000000000
114 -1918.0000000000
115 -1914.0000000000
116 -1912.0000000000
124 -1910.0000000000
126 -1909.0000000000
127 -1908.0000000000
132 -1905.0000000000
133 -1904.0000000000
135 -1903.0000000000
149 -1902.0000000000
154 -1900.0000000000
156 -1899.0000000000
157 -1898.0000000000
159 -1897.0000000000
160 -1895.0000000000
162 -1894.0000000000
165 -1893.0000000000
168 -1891.0000000000
169 -1890.0000000000
184 -1889.0000000000
186 -1888.0000000000
187 -1887.0000000000
190 -1886.0000000000
192 -1885.0000000000
206 -1884.0000000000
209 -1883.0000000000
210 -1882.0000000000
214 -1881.0000000000
222 -1880.0000000000
226 -1879.0000000000
233 -1878.0000000000
234 -1877.0000000000
236 -1876.0000000000
242 -1875.0000000000
245 -1874.0000000000
253 -1873.0000000000
254 -1872.0000000000
256 -1871.0000000000
262 -1870.0000000000
268 -1869.0000000000
269 -1868.0000000000
270 -1867.0000000000
279 -1866.0000000000
281 -1865.0000000000
282 -1864.0000000000
286 -1863.0000000000
294 -1862.0000000000
300 -1861.0000000000
302 -1860.0000000000
306 -1859.0000000000
309 -1858.0000000000
310 -1856.0000000000
313 -1855.0000000000
316 -1854.0000000000
318 -1853.0000000000
321 -1852.0000000000
339 -1851.0000000000
342 -1850.0000000000
344 -1849.0000000000
345 -1848.0000000000
350 -1847.0000000000
351 -1846.0000000000
353 -1845.0000000000
354 -1844.0000000000
355 -1843.0000000000
356 -1842.0000000000
361 -1840.0000000000
364 -1838.0000000000
366 -1836.0000000000
371 -1835.0000000000
373 -1834.0000000000
379 -1833.0000000000
380 -1831.0000000000
381 -1830.0000000000
388 -1829.0000000000
389 -1828.0000000000
391 -1827.0000000000
394 -1826.0000000000
397 -1825.0000000000
403 -1823.0000000000
417 -1822.0000000000
422 -1821.0000000000
425 -1820.0000000000
430 -1819.0000000000
437 -1818.0000000000
443 -1817.0000000000
444 -1816.0000000000
449 -1814.0000000000
454 -1813.0000000000
456 -1812.0000000000
460 -1811.0000000000
463 -1810.0000000000
471 -1808.0000000000
477 -1807.0000000000
478 -1805.0000000000
483 -1803.0000000000
486 -1801.0000000000
487 -1800.0000000000
490 -1799.0000000000
491 -1798.0000000000
492 -1796.0000000000
493 -1795.0000000000
496 -1793.0000000000
500 -1792.0000000000
515 -1791.0000000000
527 -1789.0000000000
530 -1788.0000000000
532 -1787.0000000000
534 -1786.0000000000
537 -1785.0000000000
538 -1784.0000000000
539 -1783.0000000000
541 -1781.0000000000
542 -1780.0000000000
544 -1778.0000000000
557 -1777.0000000000
563 -1776.0000000000
566 -1774.0000000000
568 -1773.0000000000
580 -1772.0000000000
582 -1771.0000000000
584 -1770.0000000000
585 -1768.0000000000
592 -1767.0000000000
594 -1766.0000000000
598 -1765.0000000000
599 -1764.0000000000
604 -1763.0000000000
617 -1762.0000000000
621 -1761.0000000000
622 -1760.0000000000
628 -1759.0000000000
630 -1758.0000000000
637 -1756.0000000000
638 -1755.0000000000
644 -1754.0000000000
645 -1753.0000000000
655 -1752.0000000000
662 -1750.0000000000
665 -1749.0000000000
667 -1747.0000000000
672 -1746.0000000000
683 -1745.0000000000
691 -1744.0000000000
692 -1742.0000000000
703 -1741.0000000000
712 -1740.0000000000
717 -1739.0000000000
720 -1738.0000000000
723 -1736.0000000000
739 -1735.0000000000
744 -1734.0000000000
746 -1733.0000000000
751 -1732.0000000000
752 -1730.0000000000
753 -1728.0000000000
762 -1727.0000000000
764 -1726.0000000000
769 -1725.0000000000
775 -1724.0000000000
780 -1722.0000000000
783 -1721.0000000000
785 -1719.0000000000
789 -1717.0000000000
794 -1716.0000000000
804 -1715.0000000000
806 -1713.0000000000
808 -1712.0000000000
817 -1711.0000000000
827 -1710.0000000000
831 -1709.0000000000
844 -1708.0000000000
850 -1707.0000000000
851 -1706.0000000000
855 -1703.0000000000
861 -1702.0000000000
869 -1701.0000000000
872 -1700.0000000000
878 -1699.0000000000
880 -1698.0000000000
882 -1697.0000000000
884 -1696.0000000000
887 -1693.0000000000
895 -1691.0000000000
896 -1690.0000000000
898 -1689.0000000000
899 -1686.0000000000
913 -1684.0000000000
918 -1682.0000000000
920 -1681.0000000000
923 -1680.0000000000
927 -1679.0000000000
932 -1678.0000000000
938 -1677.0000000000
940 -1676.0000000000
941 -1675.0000000000
943 -1673.0000000000
949 -1672.0000000000
956 -1671.0000000000
960 -1669.0000000000
972 -1668.0000000000
976 -1667.0000000000
978 -1666.0000000000
980 -1665.0000000000
981 -1664.0000000000
992 -1663.0000000000
993 -1662.0000000000
998 -1660.0000000000
1001 -1658.0000000000
1015 -1657.0000000000
1018 -1656.0000000000
1023 -1653.0000000000
1027 -1651.0000000000
1030 -1650.0000000000
1037 -1649.0000000000
1042 -1648.0000000000
1043 -1647.0000000000
1060 -1645.0000000000
1063 -1643.0000000000
1072 -1642.0000000000
1075 -1641.0000000000
1076 -1639.0000000000
1078 -1638.0000000000
1080 -1637.0000000000
1089 -1636.0000000000
1097 -1635.0000000000
1105 -1634.0000000000
1117 -1632.0000000000
1119 -1631.0000000000
1126 -1630.0000000000
1130 -1628.0000000000
1135 -1627.0000000000
1137 -1626.0000000000
1139 -1625.0000000000
1147 -1624.0000000000
1151 -1623.0000000000
1157 -1622.0000000000
1176 -1621.0000000000
1177 -1620.0000000000
1189 -1619.0000000000
1190 -1618.0000000000
1193 -1617.0000000000
1199 -1616.0000000000
1209 -1615.0000000000
1214 -1612.0000000000
1215 -1611.0000000000
1217 -1610.0000000000
1229 -1609.0000000000
1237 -1608.0000000000
1241 -1607.0000000000
1243 -1606.0000000000
1246 -1604.0000000000
1250 -1602.0000000000
1252 -1601.0000000000
1253 -1599.0000000000
1260 -1597.0000000000
1261 -1596.0000000000
1262 -1595.0000000000
1268 -1593.0000000000
1270 -1592.0000000000
1279 -1591.0000000000
1280 -1590.0000000000
1286 -1589.0000000000
1288 -1588.0000000000
1298 -1587.0000000000
1307 -1586.0000000000
1309 -1585.0000000000
1317 -1584.0000000000
1318 -1583.0000000000
1320 -1582.0000000000
1329 -1581.0000000000
1334 -1580.0000000000
1341 -1579.0000000000
1343 -1577.0000000000
1347 -1576.0000000000
1359 -1574.0000000000
1363 -1573.0000000000
1370 -1572.0000000000
1381 -1571.0000000000
1387 -1570.0000000000
1394 -1569.0000000000
1404 -1568.0000000000
1410 -1567.0000000000
1412 -1564.0000000000
1414 -1563.0000000000
1426 -1561.0000000000
1428 -1560.0000000000
1437 -1559.0000000000
1440 -1558.0000000000
1443 -1557.0000000000
1446 -1556.0000000000
1447 -1555.0000000000
1448 -1554.0000000000
1450 -1552.0000000000
1456 -1551.0000000000
1458 -1550.0000000000
1461 -1549.0000000000
1467 -1548.0000000000
1474 -1546.0000000000
1477 -1545.0000000000
1480 -1544.0000000000
1490 -1543.0000000000
1497 -1542.0000000000
1498 -1541.0000000000
1500 -1540.0000000000
1511 -1539.0000000000
1524 -1538.0000000000
1529 -1537.0000000000
1534 -1535.0000000000
1538 -1534.0000000000
1546 -1533.0000000000
1550 -1532.0000000000
1555 -1531.0000000000
1562 -1530.0000000000
1579 -1529.0000000000
1590 -1526.0000000000
1596 -1525.0000000000
1598 -1524.0000000000
1602 -1523.0000000000
1604 -1522.0000000000
1611 -1521.0000000000
1623 -1520.0000000000
1627 -1519.0000000000
1629 -1518.0000000000
1636 -1517.0000000000
1642 -1516.0000000000
1644 -1515.0000000000
1645 -1513.0000000000
1648 -1512.0000000000
1669 -1511.0000000000
1672 -1510.0000000000
1678 -1509.0000000000
1688 -1508.0000000000
1699 -1507.0000000000
1702 -1506.0000000000
1703 -1505.0000000000
1710 -1503.0000000000
1719 -1502.0000000000
1723 -1501.0000000000
1727 -1499.0000000000
1737 -1498.0000000000
1741 -1497.0000000000
1748 -1496.0000000000
1754 -1494.0000000000
1762 -1493.0000000000
1770 -1492.0000000000
1775 -1491.0000000000
1785 -1490.0000000000
1793 -1489.0000000000
1797 -1488.0000000000
1803 -1487.0000000000
1808 -1486.0000000000
1820 -1485.0000000000
1825 -1484.0000000000
1826 -1482.0000000000
1828 -1481.0000000000
1838 -1480.0000000000
1842 -1479.0000000000
1848 -1477.0000000000
1850 -1476.0000000000
1853 -1475.0000000000
1855 -1474.0000000000
1866 -1473.0000000000
1872 -1471.0000000000
1875 -1470.0000000000
1886 -1469.0000000000
1889 -1467.0000000000
1894 -1466.0000000000
1895 -1465.0000000000
1896 -1463.0000000000
1902 -1462.0000000000
1903 -1461.0000000000
1916 -1460.0000000000
1922 -1459.0000000000
1923 -1458.0000000000
1932 -1457.0000000000
1933 -1456.0000000000
1943 -1455.0000000000
1960 -1454.0000000000
1963 -1453.0000000000
1979 -1452.0000000000
1991 -1450.0000000000
2003 -1449.0000000000
2008 -1447.0000000000
2017 -1446.0000000000
2021 -1445.0000000000
2030 -1444.0000000000
2035 -1443.0000000000
2037 -1442.0000000000
2038 -1441.0000000000
2040 -1440.0000000000
2043 -1439.0000000000
2044 -1438.0000000000
2049 -1437.0000000000
2051 -1436.0000000000
2056 -1434.0000000000
2057 -1432.0000000000
2066 -1431.0000000000
2071 -1430.0000000000
2074 -1429.0000000000
2076 -1428.0000000000
2077 -1427.0000000000
2080 -1426.0000000000
2087 -1425.0000000000
2092 -1424.0000000000
2094 -1423.0000000000
2095 -1422.0000000000
2097 -1421.0000000000
2100 -1420.0000000000
2102 -1419.0000000000
2107 -1418.0000000000
2117 -1416.0000000000
2119 -1414.0000000000
2123 -1413.0000000000
2124 -1412.0000000000
2129 -1411.0000000000
2150 -1410.0000000000
2156 -1409.0000000000
2157 -1408.0000000000
2168 -1407.0000000000
2169 -1406.0000000000
2173 -1405.0000000000
2177 -1404.0000000000
2181 -1403.0000000000
2189 -1402.0000000000
2210 -1401.0000000000
2216 -1400.0000000000
2222 -1399.0000000000
2224 -1398.0000000000
2228 -1397.0000000000
2229 -1396.0000000000
2233 -1395.0000000000
2235 -1394.0000000000
2238 -1393.0000000000
2255 -1392.0000000000
2263 -1391.0000000000
2268 -1390.0000000000
2286 -1389.0000000000
2290 -1388.0000000000
2293 -1387.0000000000
2299 -1386.0000000000
2305 -1385.0000000000
2314 -1384.0000000000
2315 -1383.0000000000
2321 -1381.0000000000
2323 -1379.0000000000
2335 -1378.0000000000
2345 -1377.0000000000
2347 -1376.0000000000
2364 -1375.0000000000
2366 -1373.0000000000
2369 -1372.0000000000
2374 -1371.0000000000
2377 -1370.0000000000
2379 -1369.0000000000
2380 -1368.0000000000
2386 -1367.0000000000
2389 -1366.0000000000
2393 -1365.0000000000
2397 -1364.0000000000
2416 -1363.0000000000
2455 -1362.0000000000
2457 -1361.0000000000
2477 -1360.0000000000
2482 -1359.0000000000
2483 -1358.0000000000
2498 -1357.0000000000
2505 -1355.0000000000
2522 -1354.0000000000
2524 -1353.0000000000
2526 -1352.0000000000
2546 -1351.0000000000
2548 -1350.0000000000
2552 -1349.0000000000
2559 -1348.0000000000
2564 -1347.0000000000
2568 -1345.0000000000
2572 -1344.0000000000
2576 -1343.0000000000
2584 -1342.0000000000
2585 -1341.0000000000
2586 -1339.0000000000
2600 -1338.0000000000
2619 -1337.0000000000
2620 -1336.0000000000
2623 -1335.0000000000
2630 -1334.0000000000
2643 -1333.0000000000
2648 -1331.0000000000
2659 -1329.0000000000
2669 -1328.0000000000
2675 -1327.0000000000
2679 -1326.0000000000
2689 -1325.0000000000
2692 -1324.0000000000
2697 -1323.0000000000
2703 -1322.0000000000
2705 -1321.0000000000
2706 -1320.0000000000
2707 -1319.0000000000
2718 -1318.0000000000
2721 -1316.0000000000
2727 -1315.0000000000
2728 -1314.0000000000
2753 -1313.0000000000
2760 -1312.0000000000
2761 -1311.0000000000
2763 -1310.0000000000
2771 -1308.0000000000
2791 -1307.0000000000
2793 -1306.0000000000
2804 -1304.0000000000
2806 -1303.0000000000
2830 -1301.0000000000
2846 -1300.0000000000
2863 -1298.0000000000
2871 -1297.0000000000
2881 -1296.0000000000
2884 -1295.0000000000
2888 -1294.0000000000
2892 -1293.0000000000
2899 -1292.0000000000
2905 -1290.0000000000
2906 -1289.0000000000
2916 -1288.0000000000
2922 -1287.0000000000
2961 -1286.0000000000
2963 -1285.0000000000
2965 -1284.0000000000
2998 -1283.0000000000
3000 -1282.0000000000
3003 -1281.0000000000
3005 -1279.0000000000
3011 -1278.0000000000
3018 -1277.0000000000
3023 -1275.0000000000
3031 -1273.0000000000
3043 -1272.0000000000
3051 -1271.0000000000
3052 -1270.0000000000
3054 -1269.0000000000
3057 -1268.0000000000
3059 -1267.0000000000
3068 -1266.0000000000
3075 -1265.0000000000
3080 -1264.0000000000
3081 -1263.0000000000
3085 -1261.0000000000
3088 -1260.0000000000
3102 -1259.0000000000
3106 -1257.0000000000
3112 -1256.0000000000
3117 -1255.0000000000
3131 -1254.0000000000
3158 -1253.0000000000
3164 -1252.0000000000
3176 -1250.0000000000
3183 -1248.0000000000
3200 -1247.0000000000
3202 -1245.0000000000
3206 -1244.0000000000
3212 -1242.0000000000
3218 -1241.0000000000
3223 -1240.0000000000
3224 -1239.0000000000
3230 -1238.0000000000
3235 -1236.0000000000
3238 -1235.0000000000
3259 -1234.0000000000
3265 -1233.0000000000
3273 -1232.0000000000
3278 -1231.0000000000
3283 -1229.0000000000
3293 -1228.0000000000
3296 -1227.0000000000
3302 -1226.0000000000
3305 -1225.0000000000
3307 -1224.0000000000
3310 -1223.0000000000
3319 -1222.0000000000
3320 -1221.0000000000
3335 -1220.0000000000
3339 -1219.0000000000
3341 -1218.0000000000
3342 -1216.0000000000
3380 -1215.0000000000
3382 -1213.0000000000
3399 -1212.0000000000
3402 -1211.0000000000
3404 -1210.0000000000
3411 -1209.0000000000
3412 -1208.0000000000
3416 -1207.0000000000
3419 -1206.0000000000
3420 -1205.0000000000
3424 -1204.0000000000
3431 -1203.0000000000
3445 -1202.0000000000
3460 -1201.0000000000
3462 -1200.0000000000
3466 -1198.0000000000
3477 -1197.0000000000
3487 -1194.0000000000
3496 -1193.0000000000
3500 -1192.0000000000
3501 -1191.0000000000
3504 -1190.0000000000
3506 -1189.0000000000
3509 -1188.0000000000
3535 -1187.0000000000
3541 -1185.0000000000
3542 -1184.0000000000
3545 -1183.0000000000
3550 -1182.0000000000
3551 -1181.0000000000
3556 -1180.0000000000
3558 -1178.0000000000
3559 -1177.0000000000
3560 -1176.0000000000
3562 -1175.0000000000
3563 -1174.0000000000
3566 -1173.0000000000
3572 -1172.0000000000
3578 -1171.0000000000
3579 -1170.0000000000
3590 -1169.0000000000
3591 -1168.0000000000
3593 -1167.0000000000
3614 -1165.0000000000
3616 -1164.0000000000
3622 -1163.0000000000
3632 -1162.0000000000
3639 -1161.0000000000
3641 -1160.0000000000
3644 -1159.0000000000
3651 -1158.0000000000
3658 -1157.0000000000
3661 -1156.0000000000
3663 -1155.0000000000
3693 -1154.0000000000
3696 -1153.0000000000
3697 -1152.0000000000
3703 -1151.0000000000
3709 -1150.0000000000
3716 -1149.0000000000
3720 -1148.0000000000
3733 -1146.0000000000
3738 -1145.0000000000
3763 -1144.0000000000
3766 -1143.0000000000
3776 -1142.0000000000
3787 -1141.0000000000
3790 -1140.0000000000
3797 -1139.0000000000
3803 -1138.0000000000
3810 -1137.0000000000
3811 -1136.0000000000
3814 -1134.0000000000
3820 -1133.0000000000
3824 -1132.0000000000
3828 -1131.0000000000
3841 -1130.0000000000
3851 -1129.0000000000
3863 -1128.0000000000
3865 -1127.0000000000
3866 -1126.0000000000
3870 -1125.0000000000
3878 -1124.0000000000
3882 -1123.0000000000
3902 -1122.0000000000
3913 -1121.0000000000
3927 -1120.0000000000
3929 -1119.0000000000
3943 -1117.0000000000
3944 -1116.0000000000
3954 -1115.0000000000
3966 -1114.0000000000
3971 -1113.0000000000
3974 -1112.0000000000
3979 -1110.0000000000
3988 -1109.0000000000
3994 -1108.0000000000
4016 -1107.0000000000
4024 -1106.0000000000
4036 -1105.0000000000
4039 -1104.0000000000
4048 -1102.0000000000
4051 -1100.0000000000
4058 -1099.0000000000
4063 -1098.0000000000
4073 -1097.0000000000
4080 -1096.0000000000
4098 -1095.0000000000
4103 -1094.0000000000
4112 -1093.0000000000
4125 -1092.0000000000
4133 -1091.0000000000
4148 -1090.0000000000
4157 -1089.0000000000
4171 -1088.0000000000
4176 -1087.0000000000
4179 -1086.0000000000
4182 -1085.0000000000
4203 -1084.0000000000
4208 -1083.0000000000
4214 -1082.0000000000
4225 -1081.0000000000
4228 -1078.0000000000
4233 -1077.0000000000
4249 -1076.0000000000
4265 -1075.0000000000
4277 -1074.0000000000
4282 -1073.0000000000
4285 -1072.0000000000
4289 -1071.0000000000
4290 -1070.0000000000
4294 -1069.0000000000
4296 -1068.0000000000
4314 -1067.0000000000
4329 -1066.0000000000
4374 -1065.0000000000
4383 -1063.0000000000
4384 -1062.0000000000
4387 -1061.0000000000
4393 -1060.0000000000
4399 -1059.0000000000
4403 -1058.0000000000
4415 -1057.0000000000
4431 -1056.0000000000
4446 -1055.0000000000
4451 -1054.0000000000
4481 -1053.0000000000
4483 -1052.0000000000
4489 -1051.0000000000
4496 -1050.0000000000
4500 -1049.0000000000
4505 -1048.0000000000
4508 -1047.0000000000
4511 -1046.0000000000
4516 -1045.0000000000
4521 -1043.0000000000
4522 -1041.0000000000
4523 -1039.0000000000
4526 -1038.0000000000
4527 -1037.0000000000
4528 -1036.0000000000
4536 -1035.0000000000
4539 -1034.0000000000
4542 -1031.0000000000
4544 -1030.0000000000
4550 -1027.0000000000
4561 -1026.0000000000
4566 -1025.0000000000
4577 -1024.0000000000
4597 -1023.0000000000
4598 -1022.0000000000
4602 -1021.0000000000
4619 -1020.0000000000
4628 -1018.0000000000
4643 -1017.0000000000
4647 -1015.0000000000
4655 -1014.0000000000
4658 -1013.0000000000
4666 -1012.0000000000
4683 -1011.0000000000
4685 -1010.0000000000
4690 -1009.0000000000
4694 -1008.0000000000
4697 -1006.0000000000
4702 -1005.0000000000
4708 -1004.0000000000
4721 -1003.0000000000
4724 -1001.0000000000
4734 -1000.0000000000
4757 -999.0000000000
4759 -998.0000000000
4760 -996.0000000000
4772 -995.0000000000
4776 -994.0000000000
4801 -993.0000000000
4808 -992.0000000000
4810 -991.0000000000
4811 -990.0000000000
4813 -989.0000000000
4828 -987.0000000000
4830 -986.0000000000
4852 -985.0000000000
4853 -984.0000000000
4858 -983.0000000000
4868 -982.0000000000
4871 -981.0000000000
4889 -980.0000000000
4903 -979.0000000000
4912 -978.0000000000
4914 -976.0000000000
4937 -975.0000000000
4938 -974.0000000000
4939 -973.0000000000
4941 -971.0000000000
4953 -970.0000000000
4958 -969.0000000000
4963 -968.0000000000
4973 -966.0000000000
4993 -964.0000000000
4994 -963.0000000000
5011 -962.0000000000
5013 -961.0000000000
5023 -960.0000000000
5069 -959.0000000000
5076 -958.0000000000
5080 -957.0000000000
5084 -956.0000000000
5090 -955.0000000000
5100 -954.0000000000
5107 -953.0000000000
5112 -952.0000000000
5125 -951.0000000000
5128 -948.0000000000
5131 -947.0000000000
5136 -945.0000000000
5164 -944.0000000000
5175 -943.0000000000
5200 -942.0000000000
5208 -941.0000000000
5213 -940.0000000000
5219 -937.0000000000
5222 -936.0000000000
5239 -935.0000000000
5241 -934.0000000000
5244 -933.0000000000
5251 -932.0000000000
5258 -931.0000000000
5271 -930.0000000000
5274 -929.0000000000
5278 -928.0000000000
5293 -927.0000000000
5308 -926.0000000000
5309 -925.0000000000
5312 -924.0000000000
5316 -923.0000000000
5322 -922.0000000000
5337 -921.0000000000
5344 -920.0000000000
5349 -919.0000000000
5355 -918.0000000000
5359 -917.0000000000
5360 -915.0000000000
5363 -914.0000000000
5364 -913.0000000000
5372 -912.0000000000
5373 -911.0000000000
5403 -910.0000000000
5415 -909.0000000000
5440 -908.0000000000
5455 -907.0000000000
5456 -906.0000000000
5457 -905.0000000000
5476 -904.0000000000
5511 -903.0000000000
5520 -902.0000000000
5526 -900.0000000000
5549 -898.0000000000
5551 -897.0000000000
5555 -896.0000000000
5559 -894.0000000000
5569 -893.0000000000
5578 -892.0000000000
5597 -891.0000000000
5610 -888.0000000000
5632 -887.0000000000
5648 -886.0000000000
5667 -885.0000000000
5673 -883.0000000000
5678 -882.0000000000
5682 -881.0000000000
5689 -880.0000000000
5692 -879.0000000000
5699 -878.0000000000
5704 -877.0000000000
5723 -875.0000000000
5729 -874.0000000000
5741 -873.0000000000
5783 -872.0000000000
5798 -871.0000000000
5825 -870.0000000000
5831 -869.0000000000
5864 -868.0000000000
5880 -867.0000000000
5881 -866.0000000000
5903 -865.0000000000
5919 -864.0000000000
5924 -863.0000000000
5934 -862.0000000000
5939 -861.0000000000
5965 -860.0000000000
5986 -859.0000000000
5996 -858.0000000000
6002 -857.0000000000
6006 -855.0000000000
6018 -854.0000000000
6048 -853.0000000000
6073 -852.0000000000
6083 -851.0000000000
6107 -850.0000000000
6123 -849.0000000000
6185 -848.0000000000
6217 -847.0000000000
6228 -846.0000000000
6237 -845.0000000000
6242 -844.0000000000
6244 -843.0000000000
6250 -842.0000000000
6252 -841.0000000000
6253 -840.0000000000
6261 -839.0000000000
6265 -838.0000000000
6292 -836.0000000000
6294 -835.0000000000
6327 -834.0000000000
6343 -833.0000000000
6347 -831.0000000000
6363 -830.0000000000
6367 -829.0000000000
6393 -828.0000000000
6417 -827.0000000000
6446 -826.0000000000
6491 -825.0000000000
6500 -824.0000000000
6514 -823.0000000000
6516 -822.0000000000
6517 -821.0000000000
6545 -820.0000000000
6549 -819.0000000000
6577 -818.0000000000
6583 -817.0000000000
6591 -816.0000000000
6599 -815.0000000000
6608 -813.0000000000
6613 -812.0000000000
6614 -811.0000000000
6670 -810.0000000000
6672 -809.0000000000
6673 -808.0000000000
6679 -807.0000000000
6682 -805.0000000000
6684 -804.0000000000
6688 -803.0000000000
6691 -802.0000000000
6693 -801.0000000000
6696 -800.0000000000
6699 -799.0000000000
6706 -798.0000000000
6717 -797.0000000000
6725 -796.0000000000
6742 -795.0000000000
6747 -794.0000000000
6748 -793.0000000000
6760 -792.0000000000
6777 -791.0000000000
6808 -790.0000000000
6820 -789.0000000000
6860 -788.0000000000
6865 -787.0000000000
6876 -786.0000000000
6878 -785.0000000000
6893 -784.0000000000
6906 -783.0000000000
6919 -782.0000000000
6921 -781.0000000000
6930 -780.0000000000
6955 -779.0000000000
6979 -777.0000000000
6992 -776.0000000000
7003 -775.0000000000
7006 -774.0000000000
7008 -773.0000000000
7038 -772.0000000000
7040 -771.0000000000
7056 -770.0000000000
7086 -769.0000000000
7102 -768.0000000000
7105 -767.0000000000
7114 -766.0000000000
7126 -765.0000000000
7130 -764.0000000000
7138 -763.0000000000
7142 -762.0000000000
7172 -761.0000000000
7181 -760.0000000000
7186 -759.0000000000
7205 -758.0000000000
7206 -757.0000000000
7210 -756.0000000000
7254 -755.0000000000
7255 -754.0000000000
7267 -753.0000000000
7311 -752.0000000000
7319 -751.0000000000
7330 -750.0000000000
7356 -749.0000000000
7358 -748.0000000000
7362 -747.0000000000
7363 -746.0000000000
7367 -745.0000000000
7370 -744.0000000000
7378 -743.0000000000
7379 -742.0000000000
7402 -741.0000000000
7438 -740.0000000000
7440 -739.0000000000
7445 -738.0000000000
7468 -737.0000000000
7485 -736.0000000000
7497 -735.0000000000
7514 -734.0000000000
7520 -733.0000000000
7521 -732.0000000000
7536 -731.0000000000
7542 -730.0000000000
7628 -729.0000000000
7630 -728.0000000000
7635 -727.0000000000
7642 -726.0000000000
7681 -725.0000000000
7688 -724.0000000000
7699 -723.0000000000
7718 -722.0000000000
7722 -721.0000000000
7768 -720.0000000000
7781 -719.0000000000
7788 -718.0000000000
7808 -717.0000000000
7811 -716.0000000000
7829 -714.0000000000
7833 -713.0000000000
7873 -712.0000000000
7881 -711.0000000000
7892 -710.0000000000
7906 -709.0000000000
7920 -708.0000000000
7921 -707.0000000000
7924 -706.0000000000
7943 -705.0000000000
7957 -704.0000000000
7964 -703.0000000000
7966 -702.0000000000
7968 -701.0000000000
7976 -700.0000000000
7993 -698.0000000000
8009 -696.0000000000
8019 -695.0000000000
8026 -694.0000000000
8028 -693.0000000000
8031 -691.0000000000
8041 -690.0000000000
8042 -689.0000000000
8046 -688.0000000000
8063 -687.0000000000
8064 -686.0000000000
8068 -685.0000000000
8113 -684.0000000000
8138 -683.0000000000
8139 -682.0000000000
8144 -681.0000000000
8171 -680.0000000000
8174 -679.0000000000
8176 -678.0000000000
8182 -677.0000000000
8190 -676.0000000000
8192 -675.0000000000
8197 -674.0000000000
8211 -673.0000000000
8217 -672.0000000000
8225 -671.0000000000
8234 -670.0000000000
8246 -669.0000000000
8256 -667.0000000000
8269 -666.0000000000
8276 -665.0000000000
8289 -664.0000000000
8293 -663.0000000000
8295 -662.0000000000
8303 -661.0000000000
8334 -660.0000000000
8339 -659.0000000000
8360 -658.0000000000
8370 -657.0000000000
8384 -656.0000000000
8393 -655.0000000000
8403 -654.0000000000
8409 -653.0000000000
8414 -652.0000000000
8426 -651.0000000000
8448 -650.0000000000
8453 -648.0000000000
8455 -647.0000000000
8483 -646.0000000000
8484 -645.0000000000
8505 -644.0000000000
8513 -643.0000000000
8537 -642.0000000000
8540 -641.0000000000
8544 -640.0000000000
8561 -639.0000000000
8564 -638.0000000000
8587 -637.0000000000
8591 -636.0000000000
8605 -635.0000000000
8614 -634.0000000000
8625 -632.0000000000
8631 -631.0000000000
8642 -630.0000000000
8644 -629.0000000000
8659 -628.0000000000
8666 -627.0000000000
8667 -626.0000000000
8671 -625.0000000000
8688 -624.0000000000
8689 -623.0000000000
8702 -622.0000000000
8745 -621.0000000000
8757 -620.0000000000
8767 -619.0000000000
8769 -618.0000000000
8779 -617.0000000000
8785 -616.0000000000
8786 -615.0000000000
8801 -614.0000000000
8812 -613.0000000000
8814 -612.0000000000
8822 -611.0000000000
8835 -610.0000000000
8857 -609.0000000000
8861 -608.0000000000
8873 -607.0000000000
8880 -605.0000000000
8950 -604.0000000000
8954 -603.0000000000
8975 -601.0000000000
8978 -600.0000000000
9005 -599.0000000000
9014 -598.0000000000
9047 -597.0000000000
9059 -596.0000000000
9067 -595.0000000000
9076 -593.0000000000
9092 -592.0000000000
9125 -591.0000000000
9127 -590.0000000000
9131 -589.0000000000
9157 -588.0000000000
9169 -587.0000000000
9184 -586.0000000000
9220 -585.0000000000
9224 -583.0000000000
9232 -582.0000000000
9264 -580.0000000000
9273 -579.0000000000
9281 -578.0000000000
9288 -577.0000000000
9302 -576.0000000000
9315 -575.0000000000
9393 -574.0000000000
9396 -573.0000000000
9404 -571.0000000000
9426 -570.0000000000
9459 -569.0000000000
9476 -568.0000000000
9481 -567.0000000000
9488 -565.0000000000
9499 -564.0000000000
9532 -562.0000000000
9533 -561.0000000000
9534 -560.0000000000
9543 -559.0000000000
9586 -558.0000000000
9590 -557.0000000000
9635 -556.0000000000
9643 -555.0000000000
9645 -554.0000000000
9680 -553.0000000000
9722 -552.0000000000
9725 -551.0000000000
9730 -550.0000000000
9747 -549.0000000000
9755 -548.0000000000
9762 -546.0000000000
9786 -545.0000000000
9813 -544.0000000000
9821 -543.0000000000
9834 -542.0000000000
9852 -541.0000000000
9869 -539.0000000000
9883 -538.0000000000
9898 -537.0000000000
9906 -536.0000000000
9919 -534.0000000000
9953 -533.0000000000
9974 -531.0000000000
10000 -532.0000000000
evaluations raw_y
1 -1994.0000000000
3 -1992.0000000000
5 -1991.0000000000
10 -1990.0000000000
11 -1989.0000000000
12 -1988.0000000000
16 -1985.0000000000
17 -1984.0000000000
19 -1983.0000000000
20 -1982.0000000000
26 -1981.0000000000
34 -1980.0000000000
36 -1979.0000000000
39 -1978.0000000000
47 -1977.0000000000
48 -1976.0000000000
51 -1975.0000000000
52 -1974.0000000000
58 -1972.0000000000
64 -1971.0000000000
68 -1970.0000000000
70 -1969.0000000000
71 -1968.0000000000
72 -1966.0000000000
73 -1964.0000000000
78 -1963.0000000000
86 -1962.0000000000
88 -1960.0000000000
91 -1959.0000000000
96 -1958.0000000000
101 -1957.0000000000
103 -1956.0000000000
106 -1955.0000000000
111 -1954.0000000000
116 -1953.0000000000
119 -1950.0000000000
120 -1948.0000000000
121 -1947.0000000000
123 -1946.0000000000
131 -1945.0000000000
143 -1944.0000000000
149 -1942.0000000000
153 -1941.0000000000
157 -1940.0000000000
160 -1938.0000000000
166 -1937.0000000000
168 -1936.0000000000
169 -1935.0000000000
170 -1934.0000000000
175 -1933.0000000000
177 -1932.0000000000
178 -1931.0000000000
180 -1929.0000000000
181 -1928.0000000000
184 -1927.0000000000
187 -1925.0000000000
189 -1924.0000000000
193 -1923.0000000000
195 -1922.0000000000
198 -1919.0000000000
199 -1917.0000000000
201 -1916.0000000000
202 -1915.0000000000
205 -1914.0000000000
207 -1913.0000000000
208 -1911.0000000000
209 -1909.0000000000
211 -1908.0000000000
213 -1905.0000000000
218 -1904.0000000000
219 -1903.0000000000
228 -1902.0000000000
241 -1901.0000000000
253 -1900.0000000000
258 -1899.0000000000
271 -1898.0000000000
281 -1897.0000000000
288 -1896.0000000000
302 -1893.0000000000
303 -1892.0000000000
306 -1891.0000000000
312 -1890.0000000000
326 -1889.0000000000
330 -1888.0000000000
331 -1886.0000000000
332 -1884.0000000000
345 -1883.0000000000
354 -1881.0000000000
362 -1880.0000000000
365 -1878.0000000000
368 -1876.0000000000
371 -1875.0000000000
373 -1874.0000000000
378 -1872.0000000000
379 -1871.0000000000
383 -1870.0000000000
384 -1869.0000000000
385 -1868.0000000000
387 -1867.0000000000
394 -1865.0000000000
396 -1862.0000000000
399 -1861.0000000000
406 -1860.0000000000
407 -1859.0000000000
408 -1858.0000000000
410 -1857.0000000000
424 -1856.0000000000
426 -1855.0000000000
428 -1854.0000000000
429 -1853.0000000000
437 -1852.0000000000
440 -1851.0000000000
442 -1850.0000000000
443 -1848.0000000000
455 -1846.0000000000
462 -1844.0000000000
467 -1843.0000000000
468 -1842.0000000000
469 -1841.0000000000
472 -1840.0000000000
473 -1839.0000000000
477 -1838.0000000000
478 -1837.0000000000
483 -1836.0000000000
487 -1835.0000000000
493 -1834.0000000000
499 -1833.0000000000
500 -1832.0000000000
513 -1830.0000000000
516 -1829.0000000000
518 -1828.0000000000
522 -1825.0000000000
536 -1824.0000000000
538 -1823.0000000000
548 -1822.0000000000
554 -1821.0000000000
556 -1817.0000000000
559 -1816.0000000000
560 -1815.0000000000
562 -1814.0000000000
565 -1813.0000000000
572 -1812.0000000000
574 -1811.0000000000
575 -1810.0000000000
579 -1809.0000000000
588 -1808.0000000000
589 -1807.0000000000
590 -1806.0000000000
592 -1805.0000000000
593 -1803.0000000000
597 -1801.0000000000
601 -1800.0000000000
603 -1799.0000000000
612 -1798.0000000000
618 -1797.0000000000
624 -1796.0000000000
625 -1795.0000000000
632 -1794.0000000000
636 -1793.0000000000
640 -1792.0000000000
644 -1791.0000000000
647 -1790.0000000000
650 -1789.0000000000
663 -1788.0000000000
668 -1786.0000000000
669 -1785.0000000000
680 -1784.0000000000
683 -1782.0000000000
691 -1781.0000000000
695 -1779.0000000000
709 -1778.0000000000
716 -1777.0000000000
718 -1776.0000000000
731 -1775.0000000000
739 -1774.0000000000
741 -1773.0000000000
743 -1771.0000000000
753 -1770.0000000000
761 -1769.0000000000
763 -1768.0000000000
772 -1767.0000000000
778 -1766.0000000000
782 -1765.0000000000
793 -1764.0000000000
794 -1763.0000000000
809 -1762.0000000000
813 -1761.0000000000
814 -1760.0000000000
820 -1759.0000000000
822 -1758.0000000000
824 -1757.0000000000
826 -1756.0000000000
828 -1755.0000000000
835 -1754.0000000000
837 -1753.0000000000
838 -1752.0000000000
839 -1751.0000000000
850 -1750.0000000000
852 -1749.0000000000
859 -1748.0000000000
868 -1747.0000000000
887 -1746.0000000000
889 -1745.0000000000
894 -1743.0000000000
895 -1742.0000000000
909 -1741.0000000000
910 -1740.0000000000
912 -1738.0000000000
919 -1736.0000000000
927 -1735.0000000000
934 -1734.0000000000
938 -1732.0000000000
941 -1731.0000000000
947 -1730.0000000000
948 -1729.0000000000
949 -1728.0000000000
957 -1726.0000000000
962 -1725.0000000000
963 -1723.0000000000
970 -1722.0000000000
978 -1721.0000000000
987 -1720.0000000000
992 -1719.0000000000
995 -1718.0000000000
997 -1717.0000000000
999 -1716.0000000000
1000 -1715.0000000000
1002 -1714.0000000000
1037 -1713.0000000000
1040 -1712.0000000000
1041 -1711.0000000000
1047 -1710.0000000000
1052 -1709.0000000000
1056 -1708.0000000000
1057 -1707.0000000000
1063 -1704.0000000000
1066 -1703.0000000000
1069 -1702.0000000000
1071 -1701.0000000000
1074 -1699.0000000000
1075 -1698.0000000000
1077 -1697.0000000000
1085 -1696.0000000000
1091 -1695.0000000000
1092 -1693.0000000000
1104 -1692.0000000000
1106 -1690.0000000000
1108 -1689.0000000000
1109 -1688.0000000000
1119 -1687.0000000000
1120 -1686.0000000000
1126 -1684.0000000000
1136 -1683.0000000000
1140 -1682.0000000000
1152 -1681.0000000000
1155 -1679.0000000000
1158 -1678.0000000000
1160 -1677.0000000000
1168 -1676.0000000000
1171 -1675.0000000000
1172 -1674.0000000000
1174 -1672.0000000000
1179 -1671.0000000000
1183 -1670.0000000000
1184 -1669.0000000000
1187 -1668.0000000000
1190 -1667.0000000000
1193 -1666.0000000000
1204 -1665.0000000000
1217 -1664.0000000000
1231 -1662.0000000000
1235 -1661.0000000000
1245 -1660.0000000000
1249 -1659.0000000000
1254 -1658.0000000000
1261 -1657.0000000000
1269 -1656.0000000000
1295 -1655.0000000000
1302 -1654.0000000000
1306 -1653.0000000000
1309 -1652.0000000000
1317 -1650.0000000000
1332 -1649.0000000000
1335 -1648.0000000000
1344 -1646.0000000000
1346 -1645.0000000000
1347 -1644.0000000000
1352 -1641.0000000000
1354 -1639.0000000000
1359 -1637.0000000000
1361 -1636.0000000000
1363 -1635.0000000000
1365 -1634.0000000000
1372 -1633.0000000000
1373 -1632.0000000000
1378 -1631.0000000000
1381 -1630.0000000000
1383 -1629.0000000000
1389 -1626.0000000000
1390 -1625.0000000000
1396 -1624.0000000000
1399 -1623.0000000000
1404 -1622.0000000000
1406 -1621.0000000000
1412 -1619.0000000000
1414 -1617.0000000000
1420 -1615.0000000000
1421 -1613.0000000000
1423 -1612.0000000000
1426 -1611.0000000000
1430 -1610.0000000000
1431 -1608.0000000000
1435 -1607.0000000000
1436 -1606.0000000000
1440 -1604.0000000000
1442 -1603.0000000000
1443 -1602.0000000000
1447 -1601.0000000000
1451 -1600.0000000000
1454 -1598.0000000000
1457 -1597.0000000000
1464 -1596.0000000000
1479 -1595.0000000000
1498 -1594.0000000000
1499 -1593.0000000000
1516 -1592.0000000000
1517 -1590.0000000000
1522 -1589.0000000000
1523 -1588.0000000000
1524 -1587.0000000000
1528 -1586.0000000000
1535 -1585.0000000000
1538 -1584.0000000000
1540 -1583.0000000000
1547 -1581.0000000000
1553 -1580.0000000000
1556 -1579.0000000000
1560 -1578.0000000000
1563 -1577.0000000000
1566 -1576.0000000000
1571 -1575.0000000000
1574 -1574.0000000000
1581 -1573.0000000000
1582 -1572.0000000000
1587 -1571.0000000000
1597 -1570.0000000000
1600 -1569.0000000000
1607 -1568.0000000000
1618 -1567.0000000000
1620 -1566.0000000000
1622 -1565.0000000000
1623 -1564.0000000000
1627 -1563.0000000000
1629 -1562.0000000000
1630 -1561.0000000000
1631 -1560.0000000000
1634 -1559.0000000000
1637 -1558.0000000000
1638 -1557.0000000000
1639 -1556.0000000000
1641 -1555.0000000000
1644 -1554.0000000000
1665 -1553.0000000000
1667 -1552.0000000000
1675 -1551.0000000000
1676 -1550.0000000000
1678 -1549.0000000000
1681 -1548.0000000000
1685 -1546.0000000000
1688 -1545.0000000000
1704 -1544.0000000000
1708 -1542.0000000000
1713 -1541.0000000000
1716 -1540.0000000000
1718 -1538.0000000000
1726 -1537.0000000000
1730 -1536.0000000000
1742 -1535.0000000000
1753 -1534.0000000000
1771 -1533.0000000000
1775 -1532.0000000000
1779 -1531.0000000000
1786 -1530.0000000000
1789 -1529.0000000000
1791 -1528.0000000000
1800 -1527.0000000000
1801 -1525.0000000000
1802 -1524.0000000000
1804 -1523.0000000000
1809 -1522.0000000000
1818 -1521.0000000000
1822 -1520.0000000000
1859 -1519.0000000000
1860 -1518.0000000000
1861 -1514.0000000000
1886 -1511.0000000000
1888 -1510.0000000000
1892 -1509.0000000000
1897 -1508.0000000000
1898 -1507.0000000000
1902 -1506.0000000000
1903 -1505.0000000000
1913 -1503.0000000000
1917 -1502.0000000000
1921 -1501.0000000000
1933 -1500.0000000000
1939 -1499.0000000000
1940 -1498.0000000000
1947 -1497.0000000000
1955 -1496.0000000000
1957 -1495.0000000000
1961 -1493.0000000000
1999 -1492.0000000000
2014 -1491.0000000000
2018 -1490.0000000000
2030 -1489.0000000000
2031 -1488.0000000000
2045 -1486.0000000000
2061 -1485.0000000000
2066 -1484.0000000000
2070 -1483.0000000000
2072 -1482.0000000000
2075 -1481.0000000000
2077 -1480.0000000000
2078 -1479.0000000000
2080 -1478.0000000000
2090 -1477.0000000000
2099 -1476.0000000000
2103 -1475.0000000000
2110 -1474.0000000000
2122 -1473.0000000000
2126 -1472.0000000000
2127 -1471.0000000000
2128 -1470.0000000000
2131 -1469.0000000000
2138 -1468.0000000000
2152 -1466.0000000000
2153 -1464.0000000000
2154 -1463.0000000000
2157 -1461.0000000000
2161 -1458.0000000000
2162 -1457.0000000000
2166 -1456.0000000000
2183 -1455.0000000000
2189 -1454.0000000000
2196 -1453.0000000000
2197 -1452.0000000000
2202 -1450.0000000000
2213 -1449.0000000000
2218 -1448.0000000000
2220 -1447.0000000000
2225 -1446.0000000000
2230 -1445.0000000000
2233 -1443.0000000000
2250 -1442.0000000000
2254 -1441.0000000000
2260 -1440.0000000000
2262 -1439.0000000000
2263 -1438.0000000000
2264 -1436.0000000000
2266 -1434.0000000000
2272 -1433.0000000000
2279 -1432.0000000000
2285 -1431.0000000000
2286 -1430.0000000000
2291 -1428.0000000000
2305 -1427.0000000000
2317 -1425.0000000000
2328 -1424.0000000000
2332 -1423.0000000000
2336 -1421.0000000000
2343 -1420.0000000000
2350 -1419.0000000000
2351 -1418.0000000000
2361 -1416.0000000000
2363 -1415.0000000000
2369 -1414.0000000000
2378 -1413.0000000000
2382 -1412.0000000000
2384 -1411.0000000000
2386 -1410.0000000000
2388 -1409.0000000000
2390 -1408.0000000000
2393 -1407.0000000000
2395 -1406.0000000000
2408 -1405.0000000000
2414 -1404.0000000000
2416 -1403.0000000000
2417 -1402.0000000000
2422 -1401.0000000000
2426 -1400.0000000000
2429 -1399.0000000000
2437 -1398.0000000000
2438 -1397.0000000000
2444 -1395.0000000000
2446 -1393.0000000000
2447 -1392.0000000000
2448 -1391.0000000000
2452 -1390.0000000000
2457 -1389.0000000000
2462 -1388.0000000000
2470 -1386.0000000000
2479 -1385.0000000000
2481 -1384.0000000000
2496 -1383.0000000000
2498 -1382.0000000000
2499 -1381.0000000000
2505 -1380.0000000000
2512 -1379.0000000000
2532 -1378.0000000000
2536 -1376.0000000000
2539 -1375.0000000000
2548 -1374.0000000000
2552 -1373.0000000000
2561 -1372.0000000000
2564 -1371.0000000000
2565 -1370.0000000000
2575 -1369.0000000000
2576 -1368.0000000000
2587 -1367.0000000000
2604 -1366.0000000000
2611 -1364.0000000000
2613 -1363.0000000000
2616 -1362.0000000000
2626 -1361.0000000000
2628 -1360.0000000000
2629 -1359.0000000000
2632 -1358.0000000000
2635 -1357.0000000000
2636 -1356.0000000000
2638 -1355.0000000000
2647 -1354.0000000000
2666 -1353.0000000000
2683 -1352.0000000000
2688 -1351.0000000000
2689 -1350.0000000000
2700 -1349.0000000000
2707 -1347.0000000000
2709 -1346.0000000000
2721 -1345.0000000000
2725 -1344.0000000000
2740 -1343.0000000000
2753 -1342.0000000000
2756 -1340.0000000000
2758 -1339.0000000000
2761 -1338.0000000000
2772 -1337.0000000000
2779 -1336.0000000000
2783 -1335.0000000000
2784 -1334.0000000000
2791 -1333.0000000000
2793 -1332.0000000000
2794 -1331.0000000000
2797 -1329.0000000000
2810 -1328.0000000000
2817 -1326.0000000000
2819 -1325.0000000000
2820 -1324.0000000000
2828 -1323.0000000000
2836 -1321.0000000000
2865 -1320.0000000000
2866 -1319.0000000000
2875 -1318.0000000000
2877 -1316.0000000000
2880 -1315.0000000000
2884 -1314.0000000000
2907 -1313.0000000000
2908 -1311.0000000000
2910 -1310.0000000000
2920 -1308.0000000000
2924 -1307.0000000000
2925 -1306.0000000000
2926 -1305.0000000000
2930 -1304.0000000000
2931 -1303.0000000000
2932 -1302.0000000000
2934 -1301.0000000000
2944 -1300.0000000000
2954 -1299.0000000000
2966 -1298.0000000000
2967 -1296.0000000000
2971 -1295.0000000000
2975 -1294.0000000000
2998 -1293.0000000000
2999 -1292.0000000000
3004 -1291.0000000000
3006 -1290.0000000000
3017 -1289.0000000000
3027 -1288.0000000000
3039 -1287.0000000000
3053 -1286.0000000000
3054 -1285.0000000000
3066 -1284.0000000000
3075 -1282.0000000000
3076 -1281.0000000000
3084 -1279.0000000000
3087 -1278.0000000000
3091 -1276.0000000000
3093 -1275.0000000000
3095 -1274.0000000000
3102 -1273.0000000000
3108 -1272.0000000000
3112 -1271.0000000000
3116 -1270.0000000000
3123 -1269.0000000000
3126 -1268.0000000000
3129 -1267.0000000000
3133 -1265.0000000000
3139 -1264.0000000000
3140 -1263.0000000000
3146 -1262.0000000000
3151 -1260.0000000000
3160 -1258.0000000000
3162 -1257.0000000000
3171 -1256.0000000000
3176 -1255.0000000000
3177 -1254.0000000000
3179 -1253.0000000000
3191 -1252.0000000000
3197 -1251.0000000000
3205 -1250.0000000000
3211 -1249.0000000000
3219 -1247.0000000000
3227 -1246.0000000000
3230 -1244.0000000000
3238 -1243.0000000000
3249 -1242.0000000000
3283 -1240.0000000000
3290 -1239.0000000000
3294 -1238.0000000000
3295 -1237.0000000000
3297 -1236.0000000000
3307 -1235.0000000000
3309 -1233.0000000000
3322 -1231.0000000000
3327 -1229.0000000000
3333 -1228.0000000000
3336 -1227.0000000000
3338 -1226.0000000000
3353 -1225.0000000000
3354 -1224.0000000000
3366 -1223.0000000000
3367 -1222.0000000000
3378 -1221.0000000000
3389 -1220.0000000000
3396 -1219.0000000000
3402 -1218.0000000000
3406 -1217.0000000000
3409 -1216.0000000000
3411 -1215.0000000000
3412 -1214.0000000000
3417 -1213.0000000000
3422 -1212.0000000000
3428 -1211.0000000000
3429 -1210.0000000000
3432 -1209.0000000000
3434 -1208.0000000000
3441 -1207.0000000000
3444 -1206.0000000000
3447 -1205.0000000000
3456 -1204.0000000000
3459 -1202.0000000000
3461 -1201.0000000000
3494 -1200.0000000000
3499 -1199.0000000000
3500 -1197.0000000000
3504 -1196.0000000000
3529 -1195.0000000000
3531 -1194.0000000000
3533 -1193.0000000000
3547 -1192.0000000000
3567 -1191.0000000000
3575 -1190.0000000000
3593 -1189.0000000000
3594 -1188.0000000000
3596 -1187.0000000000
3613 -1186.0000000000
3617 -1185.0000000000
3622 -1184.0000000000
3624 -1183.0000000000
3631 -1181.0000000000
3639 -1180.0000000000
3655 -1179.0000000000
3666 -1178.0000000000
3677 -1177.0000000000
3679 -1176.0000000000
3688 -1175.0000000000
3700 -1174.0000000000
3701 -1173.0000000000
3702 -1172.0000000000
3712 -1171.0000000000
3714 -1169.0000000000
3718 -1168.0000000000
3723 -1167.0000000000
3726 -1166.0000000000
3738 -1165.0000000000
3751 -1162.0000000000
3752 -1161.0000000000
3758 -1160.0000000000
3768 -1159.0000000000
3779 -1158.0000000000
3786 -1156.0000000000
3801 -1155.0000000000
3805 -1154.0000000000
3811 -1153.0000000000
3819 -1151.0000000000
3822 -1150.0000000000
3824 -1148.0000000000
3834 -1146.0000000000
3838 -1145.0000000000
3849 -1144.0000000000
3850 -1143.0000000000
3857 -1142.0000000000
3861 -1141.0000000000
3870 -1140.0000000000
3874 -1139.0000000000
3876 -1138.0000000000
3879 -1137.0000000000
3885 -1136.0000000000
3896 -1135.0000000000
3922 -1133.0000000000
3929 -1130.0000000000
3940 -1129.0000000000
3968 -1127.0000000000
3981 -1126.0000000000
3983 -1125.0000000000
3984 -1123.0000000000
3987 -1122.0000000000
3988 -1121.0000000000
4007 -1120.0000000000
4011 -1119.0000000000
4015 -1117.0000000000
4034 -1116.0000000000
4059 -1115.0000000000
4065 -1114.0000000000
4072 -1113.0000000000
4080 -1112.0000000000
4099 -1111.0000000000
4108 -1110.0000000000
4113 -1109.0000000000
4131 -1108.0000000000
4164 -1106.0000000000
4165 -1105.0000000000
4168 -1104.0000000000
4201 -1103.0000000000
4209 -1101.0000000000
4222 -1100.0000000000
4231 -1099.0000000000
4246 -1098.0000000000
4257 -1097.0000000000
4267 -1096.0000000000
4271 -1095.0000000000
4278 -1094.0000000000
4284 -1093.0000000000
4288 -1091.0000000000
4313 -1089.0000000000
4318 -1088.0000000000
4327 -1087.0000000000
4330 -1086.0000000000
4335 -1085.0000000000
4336 -1083.0000000000
4339 -1082.0000000000
4352 -1081.0000000000
4354 -1080.0000000000
4360 -1079.0000000000
4374 -1077.0000000000
4375 -1076.0000000000
4379 -1075.0000000000
4382 -1074.0000000000
4391 -1073.0000000000
4400 -1072.0000000000
4407 -1071.0000000000
4408 -1070.0000000000
4411 -1069.0000000000
4414 -1068.0000000000
4419 -1067.0000000000
4433 -1066.0000000000
4434 -1065.0000000000
4435 -1064.0000000000
4440 -1063.0000000000
4444 -1062.0000000000
4451 -1061.0000000000
4462 -1060.0000000000
4464 -1059.0000000000
4468 -1058.0000000000
4478 -1057.0000000000
4495 -1056.0000000000
4498 -1055.0000000000
4501 -1054.0000000000
4507 -1053.0000000000
4534 -1052.0000000000
4536 -1050.0000000000
4542 -1049.0000000000
4551 -1048.0000000000
4566 -1047.0000000000
4572 -1045.0000000000
4575 -1044.0000000000
4596 -1043.0000000000
4606 -1042.0000000000
4622 -1041.0000000000
4631 -1040.0000000000
4647 -1038.0000000000
4661 -1037.0000000000
4685 -1036.0000000000
4692 -1035.0000000000
4693 -1034.0000000000
4701 -1033.0000000000
4704 -1032.0000000000
4716 -1031.0000000000
4717 -1030.0000000000
4723 -1029.0000000000
4729 -1028.0000000000
4735 -1027.0000000000
4742 -1026.0000000000
4745 -1025.0000000000
4749 -1024.0000000000
4754 -1022.0000000000
4763 -1021.0000000000
4780 -1020.0000000000
4786 -1018.0000000000
4788 -1016.0000000000
4798 -1015.0000000000
4801 -1014.0000000000
4813 -1013.0000000000
4828 -1012.0000000000
4836 -1011.0000000000
4839 -1010.0000000000
4842 -1008.0000000000
4881 -1007.0000000000
4902 -1006.0000000000
4913 -1005.0000000000
4915 -1004.0000000000
4926 -1003.0000000000
4953 -1002.0000000000
4956 -1001.0000000000
4968 -1000.0000000000
4970 -999.0000000000
4980 -998.0000000000
5003 -997.0000000000
5011 -996.0000000000
5029 -995.0000000000
5047 -994.0000000000
5053 -993.0000000000
5058 -992.0000000000
5064 -991.0000000000
5078 -990.0000000000
5080 -988.0000000000
5097 -987.0000000000
5106 -986.0000000000
5139 -985.0000000000
5148 -984.0000000000
5189 -983.0000000000
5194 -981.0000000000
5197 -980.0000000000
5198 -977.0000000000
5201 -976.0000000000
5202 -975.0000000000
5203 -974.0000000000
5211 -973.0000000000
5212 -972.0000000000
5213 -971.0000000000
5217 -970.0000000000
5233 -967.0000000000
5244 -966.0000000000
5247 -965.0000000000
5255 -964.0000000000
5266 -963.0000000000
5281 -962.0000000000
5291 -961.0000000000
5294 -960.0000000000
5295 -958.0000000000
5301 -957.0000000000
5302 -956.0000000000
5306 -955.0000000000
5312 -954.0000000000
5322 -953.0000000000
5334 -952.0000000000
5344 -951.0000000000
5351 -950.0000000000
5354 -949.0000000000
5361 -947.0000000000
5367 -946.0000000000
5387 -945.0000000000
5400 -944.0000000000
5409 -943.0000000000
5415 -942.0000000000
5429 -941.0000000000
5433 -939.0000000000
5438 -938.0000000000
5441 -937.0000000000
5442 -936.0000000000
5443 -935.0000000000
5447 -934.0000000000
5463 -933.0000000000
5478 -932.0000000000
5495 -931.0000000000
5497 -930.0000000000
5504 -929.0000000000
5511 -928.0000000000
5523 -927.0000000000
5533 -926.0000000000
5537 -925.0000000000
5575 -923.0000000000
5578 -922.0000000000
5617 -921.0000000000
5620 -920.0000000000
5642 -919.0000000000
5645 -918.0000000000
5665 -917.0000000000
5696 -915.0000000000
5699 -914.0000000000
5707 -913.0000000000
5708 -912.0000000000
5720 -911.0000000000
5730 -910.0000000000
5740 -909.0000000000
5747 -908.0000000000
5753 -907.0000000000
5754 -905.0000000000
5757 -904.0000000000
5759 -903.0000000000
5784 -902.0000000000
5804 -901.0000000000
5822 -900.0000000000
5823 -899.0000000000
5826 -898.0000000000
5831 -897.0000000000
5836 -896.0000000000
5847 -895.0000000000
5851 -894.0000000000
5852 -892.0000000000
5860 -891.0000000000
5865 -890.0000000000
5873 -889.0000000000
5880 -888.0000000000
5882 -887.0000000000
5886 -886.0000000000
5892 -885.0000000000
5904 -884.0000000000
5921 -882.0000000000
5922 -881.0000000000
5928 -880.0000000000
5940 -879.0000000000
5948 -878.0000000000
5949 -877.0000000000
5965 -876.0000000000
5997 -875.0000000000
5998 -874.0000000000
6001 -873.0000000000
6007 -872.0000000000
6009 -871.0000000000
6012 -870.0000000000
6014 -869.0000000000
6040 -868.0000000000
6045 -867.0000000000
6073 -866.0000000000
6105 -865.0000000000
6106 -864.0000000000
6120 -863.0000000000
6121 -862.0000000000
6124 -860.0000000000
6129 -859.0000000000
6137 -858.0000000000
6138 -856.0000000000
6211 -855.0000000000
6214 -854.0000000000
6218 -853.0000000000
6230 -852.0000000000
6250 -851.0000000000
6286 -850.0000000000
6287 -849.0000000000
6296 -848.0000000000
6308 -847.0000000000
6311 -846.0000000000
6312 -845.0000000000
6316 -844.0000000000
6329 -843.0000000000
6331 -842.0000000000
6334 -841.0000000000
6335 -840.0000000000
6349 -838.0000000000
6350 -837.0000000000
6375 -835.0000000000
6378 -834.0000000000
6382 -833.0000000000
6407 -832.0000000000
6417 -831.0000000000
6447 -830.0000000000
6472 -829.0000000000
6481 -828.0000000000
6485 -827.0000000000
6486 -826.0000000000
6487 -825.0000000000
6493 -823.0000000000
6495 -822.0000000000
6501 -821.0000000000
6510 -820.0000000000
6511 -819.0000000000
6529 -818.0000000000
6530 -817.0000000000
6546 -816.0000000000
6560 -815.0000000000
6569 -814.0000000000
6573 -813.0000000000
6588 -812.0000000000
6593 -811.0000000000
6601 -810.0000000000
6616 -809.0000000000
6617 -808.0000000000
6638 -807.0000000000
6644 -806.0000000000
6678 -805.0000000000
6681 -804.0000000000
6683 -803.0000000000
6687 -802.0000000000
6694 -801.0000000000
6714 -800.0000000000
6723 -799.0000000000
6727 -798.0000000000
6733 -797.0000000000
6737 -796.0000000000
6745 -795.0000000000
6783 -794.0000000000
6796 -793.0000000000
6802 -792.0000000000
6808 -791.0000000000
6824 -790.0000000000
6834 -789.0000000000
6837 -788.0000000000
6839 -787.0000000000
6851 -786.0000000000
6867 -785.0000000000
6879 -784.0000000000
6886 -782.0000000000
6901 -781.0000000000
6907 -780.0000000000
6916 -779.0000000000
6924 -778.0000000000
6927 -777.0000000000
6936 -775.0000000000
6937 -773.0000000000
6986 -772.0000000000
6990 -771.0000000000
7013 -770.0000000000
7020 -769.0000000000
7022 -768.0000000000
7023 -767.0000000000
7033 -766.0000000000
7038 -764.0000000000
7039 -763.0000000000
7048 -762.0000000000
7061 -761.0000000000
7090 -760.0000000000
7112 -759.0000000000
7128 -758.0000000000
7131 -756.0000000000
7134 -753.0000000000
7149 -752.0000000000
7152 -751.0000000000
7163 -750.0000000000
7166 -748.0000000000
7181 -747.0000000000
7189 -746.0000000000
7215 -745.0000000000
7227 -744.0000000000
7231 -743.0000000000
7251 -742.0000000000
7274 -741.0000000000
7277 -740.0000000000
7294 -738.0000000000
7301 -737.0000000000
7315 -736.0000000000
7337 -735.0000000000
7343 -734.0000000000
7345 -733.0000000000
7356 -732.0000000000
7360 -731.0000000000
7365 -730.0000000000
7366 -729.0000000000
7371 -728.0000000000
7391 -727.0000000000
7395 -726.0000000000
7397 -725.0000000000
7408 -724.0000000000
7420 -723.0000000000
7423 -722.0000000000
7425 -721.0000000000
7449 -720.0000000000
7453 -719.0000000000
7488 -718.0000000000
7550 -717.0000000000
7554 -716.0000000000
7579 -715.0000000000
7588 -714.0000000000
7590 -713.0000000000
7607 -712.0000000000
7659 -711.0000000000
7664 -710.0000000000
7665 -709.0000000000
7671 -708.0000000000
7674 -707.0000000000
7700 -706.0000000000
7706 -705.0000000000
7719 -704.0000000000
7744 -703.0000000000
7764 -702.0000000000
7775 -701.0000000000
7780 -700.0000000000
7786 -699.0000000000
7787 -698.0000000000
7832 -697.0000000000
7840 -696.0000000000
7846 -695.0000000000
7852 -694.0000000000
7864 -693.0000000000
7871 -692.0000000000
7890 -690.0000000000
7896 -689.0000000000
7934 -688.0000000000
7938 -687.0000000000
7939 -686.0000000000
8000 -685.0000000000
8049 -684.0000000000
8080 -683.0000000000
8081 -682.0000000000
8087 -681.0000000000
8121 -680.0000000000
8124 -678.0000000000
8141 -677.0000000000
8150 -676.0000000000
8155 -675.0000000000
8181 -673.0000000000
8192 -672.0000000000
8196 -671.0000000000
8206 -670.0000000000
8217 -669.0000000000
8221 -668.0000000000
8222 -667.0000000000
8248 -666.0000000000
8251 -665.0000000000
8255 -664.0000000000
8272 -663.0000000000
8275 -662.0000000000
8284 -661.0000000000
8315 -660.0000000000
8318 -659.0000000000
8326 -658.0000000000
8344 -657.0000000000
8390 -656.0000000000
8407 -654.0000000000
8445 -653.0000000000
8453 -652.0000000000
8465 -651.0000000000
8474 -650.0000000000
8486 -649.0000000000
8513 -648.0000000000
8547 -647.0000000000
8573 -646.0000000000
8577 -645.0000000000
8587 -644.0000000000
8607 -643.0000000000
8612 -642.0000000000
8614 -641.0000000000
8618 -640.0000000000
8636 -639.0000000000
8642 -638.0000000000
8649 -637.0000000000
8695 -636.0000000000
8706 -635.0000000000
8713 -634.0000000000
8718 -633.0000000000
8721 -632.0000000000
8749 -631.0000000000
8756 -630.0000000000
8782 -629.0000000000
8787 -628.0000000000
8809 -627.0000000000
8813 -626.0000000000
8824 -625.0000000000
8839 -624.0000000000
8846 -623.0000000000
8859 -622.0000000000
8860 -620.0000000000
8890 -619.0000000000
8901 -618.0000000000
8908 -617.0000000000
8941 -616.0000000000
8952 -615.0000000000
8956 -614.0000000000
8967 -613.0000000000
8968 -612.0000000000
8970 -610.0000000000
9021 -609.0000000000
9043 -608.0000000000
9052 -607.0000000000
9056 -606.0000000000
9057 -605.0000000000
9059 -604.0000000000
9069 -603.0000000000
9092 -602.0000000000
9097 -601.0000000000
9103 -600.0000000000
9104 -599.0000000000
9105 -598.0000000000
9108 -595.0000000000
9120 -594.0000000000
9126 -593.0000000000
9188 -592.0000000000
9199 -591.0000000000
9215 -590.0000000000
9218 -589.0000000000
9245 -588.0000000000
9266 -587.0000000000
9278 -586.0000000000
9283 -585.0000000000
9295 -584.0000000000
9308 -583.0000000000
9316 -582.0000000000
9337 -581.0000000000
9359 -580.0000000000
9367 -578.0000000000
9397 -576.0000000000
9405 -575.0000000000
9412 -574.0000000000
9418 -573.0000000000
9423 -572.0000000000
9435 -571.0000000000
9445 -569.0000000000
9448 -568.0000000000
9477 -567.0000000000
9479 -566.0000000000
9489 -565.0000000000
9520 -564.0000000000
9551 -563.0000000000
9560 -562.0000000000
9594 -561.0000000000
9599 -560.0000000000
9605 -559.0000000000
9608 -557.0000000000
9673 -556.0000000000
9687 -555.0000000000
9689 -554.0000000000
9702 -553.0000000000
9706 -552.0000000000
9708 -551.0000000000
9742 -550.0000000000
9765 -549.0000000000
9821 -548.0000000000
9826 -547.0000000000
9863 -546.0000000000
9874 -545.0000000000
9894 -544.0000000000
9898 -543.0000000000
9905 -542.0000000000
9909 -541.0000000000
9911 -540.0000000000
9931 -539.0000000000
9984 -537.0000000000
9997 -536.0000000000
10000 -537.0000000000
evaluations raw_y
1 -1980.0000000000
4 -1979.0000000000
8 -1978.0000000000
10 -1975.0000000000
13 -1973.0000000000
15 -1972.0000000000
18 -1971.0000000000
21 -1970.0000000000
22 -1969.0000000000
31 -1968.0000000000
35 -1967.0000000000
36 -1966.0000000000
38 -1965.0000000000
49 -1964.0000000000
59 -1963.0000000000
62 -1962.0000000000
66 -1961.0000000000
69 -1960.0000000000
70 -1957.0000000000
72 -1955.0000000000
73 -1954.0000000000
74 -1953.0000000000
82 -1951.0000000000
86 -1950.0000000000
94 -1949.0000000000
98 -1947.0000000000
109 -1946.0000000000
113 -1944.0000000000
114 -1942.0000000000
118 -1941.0000000000
123 -1940.0000000000
131 -1939.0000000000
132 -1938.0000000000
139 -1937.0000000000
140 -1936.0000000000
141 -1935.0000000000
142 -1933.0000000000
143 -1932.0000000000
145 -1931.0000000000
148 -1930.0000000000
149 -1929.0000000000
150 -1928.0000000000
151 -1927.0000000000
153 -1926.0000000000
160 -1925.0000000000
163 -1924.0000000000
179 -1923.0000000000
180 -1922.0000000000
187 -1921.0000000000
189 -1920.0000000000
192 -1919.0000000000
201 -1918.0000000000
205 -1917.0000000000
210 -1915.0000000000
221 -1914.0000000000
222 -1913.0000000000
229 -1912.0000000000
234 -1911.0000000000
235 -1910.0000000000
238 -1909.0000000000
239 -1908.0000000000
240 -1907.0000000000
246 -1905.0000000000
247 -1903.0000000000
254 -1902.0000000000
262 -1901.0000000000
263 -1900.0000000000
267 -1898.0000000000
269 -1897.0000000000
275 -1896.0000000000
280 -1895.0000000000
293 -1894.0000000000
297 -1893.0000000000
305 -1892.0000000000
309 -1890.0000000000
312 -1889.0000000000
317 -1888.0000000000
318 -1886.0000000000
323 -1885.0000000000
327 -1884.0000000000
328 -1883.0000000000
330 -1882.0000000000
333 -1880.0000000000
337 -1879.0000000000
339 -1878.0000000000
345 -1876.0000000000
348 -1875.0000000000
351 -1874.0000000000
352 -1873.0000000000
357 -1872.0000000000
358 -1871.0000000000
360 -1870.0000000000
364 -1868.0000000000
365 -1867.0000000000
369 -1866.0000000000
373 -1865.0000000000
381 -1864.0000000000
399 -1863.0000000000
400 -1861.0000000000
401 -1860.0000000000
406 -1859.0000000000
416 -1857.0000000000
418 -1855.0000000000
420 -1853.0000000000
423 -1852.0000000000
428 -1850.0000000000
431 -1849.0000000000
438 -1848.0000000000
442 -1845.0000000000
444 -1844.0000000000
452 -1843.0000000000
453 -1842.0000000000
456 -1841.0000000000
458 -1840.0000000000
463 -1839.0000000000
468 -1838.0000000000
469 -1837.0000000000
471 -1836.0000000000
474 -1835.0000000000
476 -1833.0000000000
482 -1831.0000000000
490 -1829.0000000000
500 -1828.0000000000
501 -1827.0000000000
510 -1826.0000000000
518 -1824.0000000000
522 -1823.0000000000
528 -1822.0000000000
531 -1819.0000000000
534 -1818.0000000000
535 -1817.0000000000
538 -1816.0000000000
541 -1815.0000000000
543 -1814.0000000000
546 -1812.0000000000
549 -1811.0000000000
552 -1810.0000000000
555 -1809.0000000000
583 -1808.0000000000
593 -1807.0000000000
598 -1806.0000000000
604 -1805.0000000000
607 -1803.0000000000
609 -1802.0000000000
614 -1801.0000000000
620 -1800.0000000000
624 -1799.0000000000
625 -1798.0000000000
640 -1797.0000000000
641 -1796.0000000000
649 -1795.0000000000
650 -1793.0000000000
653 -1792.0000000000
654 -1791.0000000000
661 -1790.0000000000
664 -1789.0000000000
667 -1788.0000000000
673 -1787.0000000000
676 -1785.0000000000
678 -1784.0000000000
679 -1782.0000000000
680 -1781.0000000000
686 -1780.0000000000
687 -1779.0000000000
698 -1778.0000000000
699 -1777.0000000000
701 -1776.0000000000
705 -1775.0000000000
706 -1774.0000000000
712 -1772.0000000000
726 -1770.0000000000
728 -1769.0000000000
729 -1768.0000000000
732 -1767.0000000000
733 -1766.0000000000
737 -1765.0000000000
740 -1764.0000000000
749 -1761.0000000000
750 -1760.0000000000
752 -1759.0000000000
753 -1758.0000000000
754 -1757.0000000000
758 -1756.0000000000
763 -1755.0000000000
772 -1753.0000000000
780 -1752.0000000000
782 -1750.0000000000
785 -1749.0000000000
796 -1748.0000000000
800 -1747.0000000000
805 -1746.0000000000
807 -1745.0000000000
809 -1744.0000000000
811 -1743.0000000000
812 -1742.0000000000
823 -1741.0000000000
825 -1740.0000000000
830 -1739.0000000000
832 -1738.0000000000
833 -1737.0000000000
835 -1736.0000000000
846 -1735.0000000000
851 -1734.0000000000
856 -1733.0000000000
857 -1731.0000000000
858 -1730.0000000000
859 -1729.0000000000
867 -1726.0000000000
871 -1725.0000000000
876 -1724.0000000000
878 -1722.0000000000
884 -1721.0000000000
885 -1720.0000000000
887 -1719.0000000000
894 -1718.0000000000
902 -1717.0000000000
912 -1716.0000000000
913 -1715.0000000000
924 -1714.0000000000
931 -1713.0000000000
938 -1712.0000000000
940 -1711.0000000000
941 -1710.0000000000
952 -1709.0000000000
955 -1708.0000000000
956 -1706.0000000000
960 -1705.0000000000
965 -1704.0000000000
968 -1703.0000000000
978 -1702.0000000000
984 -1701.0000000000
993 -1700.0000000000
995 -1698.0000000000
996 -1697.0000000000
1004 -1696.0000000000
1007 -1693.0000000000
1008 -1692.0000000000
1014 -1691.0000000000
1015 -1689.0000000000
1021 -1688.0000000000
1022 -1687.0000000000
1023 -1686.0000000000
1024 -1685.0000000000
1033 -1684.0000000000
1036 -1682.0000000000
1041 -1681.0000000000
1053 -1680.0000000000
1064 -1679.0000000000
1070 -1678.0000000000
1071 -1677.0000000000
1079 -1676.0000000000
1092 -1674.0000000000
1096 -1673.0000000000
1103 -1672.0000000000
1106 -1671.0000000000
1115 -1670.0000000000
1118 -1669.0000000000
1119 -1668.0000000000
1135 -1667.0000000000
1136 -1666.0000000000
1140 -1665.0000000000
1142 -1664.0000000000
1143 -1663.0000000000
1149 -1662.0000000000
1154 -1661.0000000000
1155 -1660.0000000000
1160 -1659.0000000000
1169 -1657.0000000000
1174 -1655.0000000000
1178 -1654.0000000000
1185 -1653.0000000000
1189 -1652.0000000000
1191 -1651.0000000000
1192 -1650.0000000000
1195 -1649.0000000000
1196 -1648.0000000000
1202 -1647.0000000000
1203 -1646.0000000000
1204 -1645.0000000000
1206 -1644.0000000000
1208 -1643.0000000000
1214 -1642.0000000000
1215 -1641.0000000000
1222 -1640.0000000000
1228 -1639.0000000000
1237 -1638.0000000000
1242 -1637.0000000000
1259 -1636.0000000000
1269 -1634.0000000000
1272 -1633.0000000000
1286 -1632.0000000000
1293 -1631.0000000000
1296 -1629.0000000000
1297 -1627.0000000000
1306 -1625.0000000000
1312 -1624.0000000000
1313 -1623.0000000000
1314 -1622.0000000000
1320 -1621.0000000000
1329 -1620.0000000000
1331 -1619.0000000000
1335 -1618.0000000000
1364 -1616.0000000000
1365 -1615.0000000000
1372 -1614.0000000000
1373 -1613.0000000000
1374 -1612.0000000000
1378 -1611.0000000000
1379 -1609.0000000000
1386 -1608.0000000000
1389 -1607.0000000000
1391 -1606.0000000000
1392 -1605.0000000000
1403 -1604.0000000000
1409 -1603.0000000000
1415 -1601.0000000000
1421 -1600.0000000000
1428 -1599.0000000000
1431 -1598.0000000000
1436 -1597.0000000000
1441 -1596.0000000000
1442 -1593.0000000000
1449 -1592.0000000000
1452 -1591.0000000000
1453 -1590.0000000000
1458 -1589.0000000000
1459 -1588.0000000000
1480 -1585.0000000000
1481 -1584.0000000000
1490 -1583.0000000000
1492 -1582.0000000000
1499 -1581.0000000000
1505 -1580.0000000000
1509 -1579.0000000000
1510 -1578.0000000000
1512 -1577.0000000000
1513 -1575.0000000000
1517 -1574.0000000000
1521 -1573.0000000000
1529 -1572.0000000000
1540 -1571.0000000000
1541 -1570.0000000000
1543 -1569.0000000000
1549 -1568.0000000000
1550 -1567.0000000000
1552 -1566.0000000000
1555 -1565.0000000000
1556 -1564.0000000000
1557 -1563.0000000000
1560 -1561.0000000000
1561 -1560.0000000000
1563 -1559.0000000000
1567 -1558.0000000000
1571 -1557.0000000000
1573 -1554.0000000000
1577 -1552.0000000000
1581 -1551.0000000000
1582 -1550.0000000000
1604 -1549.0000000000
1605 -1548.0000000000
1608 -1545.0000000000
1609 -1544.0000000000
1610 -1543.0000000000
1616 -1542.0000000000
1617 -1541.0000000000
1635 -1540.0000000000
1637 -1538.0000000000
1639 -1537.0000000000
1645 -1536.0000000000
1650 -1535.0000000000
1655 -1534.0000000000
1656 -1533.0000000000
1657 -1532.0000000000
1660 -1531.0000000000
1663 -1530.0000000000
1666 -1529.0000000000
1667 -1528.0000000000
1671 -1527.0000000000
1681 -1526.0000000000
1682 -1525.0000000000
1683 -1524.0000000000
1688 -1523.0000000000
1698 -1522.0000000000
1703 -1521.0000000000
1704 -1520.0000000000
1719 -1519.0000000000
1720 -1518.0000000000
1723 -1517.0000000000
1724 -1516.0000000000
1741 -1515.0000000000
1745 -1514.0000000000
1746 -1512.0000000000
1748 -1511.0000000000
1752 -1508.0000000000
1753 -1506.0000000000
1760 -1505.0000000000
1774 -1504.0000000000
1784 -1502.0000000000
1789 -1501.0000000000
1798 -1500.0000000000
1800 -1499.0000000000
1812 -1497.0000000000
1816 -1496.0000000000
1826 -1495.0000000000
1832 -1494.0000000000
1833 -1493.0000000000
1834 -1492.0000000000
1853 -1491.0000000000
1856 -1488.0000000000
1857 -1487.0000000000
1860 -1485.0000000000
1862 -1483.0000000000
1868 -1482.0000000000
1871 -1480.0000000000
1872 -1479.0000000000
1873 -1478.0000000000
1875 -1475.0000000000
1876 -1474.0000000000
1877 -1473.0000000000
1879 -1472.0000000000
1886 -1471.0000000000
1888 -1470.0000000000
1891 -1468.0000000000
1894 -1467.0000000000
1919 -1466.0000000000
1923 -1465.0000000000
1924 -1464.0000000000
1927 -1463.0000000000
1929 -1461.0000000000
1940 -1460.0000000000
1941 -1458.0000000000
1959 -1457.0000000000
1961 -1456.0000000000
1962 -1455.0000000000
1979 -1453.0000000000
1980 -1451.0000000000
1982 -1450.0000000000
1988 -1449.0000000000
1996 -1448.0000000000
2001 -1447.0000000000
2005 -1446.0000000000
2016 -1445.0000000000
2024 -1444.0000000000
2032 -1443.0000000000
2041 -1442.0000000000
2044 -1441.0000000000
2051 -1439.0000000000
2054 -1438.0000000000
2056 -1437.0000000000
2062 -1435.0000000000
2064 -1434.0000000000
2070 -1432.0000000000
2072 -1431.0000000000
2076 -1430.0000000000
2092 -1429.0000000000
2093 -1427.0000000000
2099 -1426.0000000000
2101 -1425.0000000000
2104 -1424.0000000000
2105 -1423.0000000000
2124 -1422.0000000000
2127 -1421.0000000000
2132 -1420.0000000000
2151 -1419.0000000000
2155 -1418.0000000000
2158 -1417.0000000000
2161 -1415.0000000000
2169 -1413.0000000000
2172 -1411.0000000000
2176 -1409.0000000000
2180 -1408.0000000000
2193 -1407.0000000000
2196 -1406.0000000000
2200 -1404.0000000000
2206 -1402.0000000000
2223 -1401.0000000000
2229 -1400.0000000000
2234 -1399.0000000000
2236 -1398.0000000000
2252 -1397.0000000000
2253 -1395.0000000000
2256 -1394.0000000000
2265 -1393.0000000000
2273 -1392.0000000000
2277 -1391.0000000000
2281 -1390.0000000000
2284 -1389.0000000000
2287 -1388.0000000000
2288 -1386.0000000000
2293 -1385.0000000000
2312 -1384.0000000000
2318 -1383.0000000000
2331 -1382.0000000000
2334 -1380.0000000000
2336 -1379.0000000000
2346 -1378.0000000000
2347 -1376.0000000000
2359 -1375.0000000000
2367 -1373.0000000000
2374 -1372.0000000000
2378 -1370.0000000000
2384 -1369.0000000000
2388 -1367.0000000000
2390 -1366.0000000000
2392 -1364.0000000000
2399 -1363.0000000000
2405 -1362.0000000000
2406 -1361.0000000000
2408 -1360.0000000000
2409 -1358.0000000000
2416 -1357.0000000000
2420 -1356.0000000000
2450 -1355.0000000000
2468 -1353.0000000000
2483 -1352.0000000000
2491 -1351.0000000000
2492 -1350.0000000000
2496 -1349.0000000000
2498 -1348.0000000000
2507 -1346.0000000000
2516 -1345.0000000000
2528 -1344.0000000000
2533 -1343.0000000000
2535 -1341.0000000000
2536 -1339.0000000000
2538 -1338.0000000000
2546 -1337.0000000000
2552 -1336.0000000000
2555 -1335.0000000000
2567 -1333.0000000000
2568 -1332.0000000000
2570 -1330.0000000000
2582 -1329.0000000000
2585 -1328.0000000000
2587 -1327.0000000000
2588 -1326.0000000000
2589 -1324.0000000000
2592 -1323.0000000000
2594 -1322.0000000000
2609 -1321.0000000000
2610 -1320.0000000000
2612 -1318.0000000000
2614 -1317.0000000000
2617 -1316.0000000000
2624 -1315.0000000000
2636 -1314.0000000000
2645 -1313.0000000000
2656 -1312.0000000000
2658 -1311.0000000000
2663 -1310.0000000000
2669 -1309.0000000000
2687 -1308.0000000000
2697 -1307.0000000000
2705 -1305.0000000000
2709 -1304.0000000000
2712 -1303.0000000000
2720 -1302.0000000000
2734 -1301.0000000000
2743 -1300.0000000000
2745 -1299.0000000000
2758 -1298.0000000000
2764 -1297.0000000000
2765 -1296.0000000000
2768 -1295.0000000000
2774 -1293.0000000000
2788 -1292.0000000000
2789 -1291.0000000000
2790 -1290.0000000000
2801 -1289.0000000000
2807 -1288.0000000000
2814 -1287.0000000000
2816 -1286.0000000000
2822 -1285.0000000000
2823 -1284.0000000000
2824 -1283.0000000000
2827 -1282.0000000000
2837 -1281.0000000000
2862 -1280.0000000000
2867 -1279.0000000000
2873 -1278.0000000000
2877 -1277.0000000000
2879 -1275.0000000000
2882 -1273.0000000000
2886 -1269.0000000000
2891 -1268.0000000000
2893 -1267.0000000000
2899 -1266.0000000000
2900 -1265.0000000000
2901 -1264.0000000000
2902 -1263.0000000000
2905 -1262.0000000000
2910 -1261.0000000000
2919 -1260.0000000000
2920 -1259.0000000000
2928 -1258.0000000000
2929 -1257.0000000000
2931 -1256.0000000000
2933 -1255.0000000000
2937 -1254.0000000000
2940 -1253.0000000000
2942 -1252.0000000000
2945 -1251.0000000000
2962 -1250.0000000000
2967 -1249.0000000000
2970 -1247.0000000000
2972 -1246.0000000000
2980 -1245.0000000000
2982 -1242.0000000000
2986 -1239.0000000000
2990 -1238.0000000000
2999 -1237.0000000000
3000 -1236.0000000000
3005 -1235.0000000000
3006 -1234.0000000000
3007 -1233.0000000000
3010 -1232.0000000000
3038 -1231.0000000000
3042 -1230.0000000000
3065 -1229.0000000000
3067 -1228.0000000000
3088 -1227.0000000000
3105 -1226.0000000000
3108 -1225.0000000000
3124 -1224.0000000000
3142 -1223.0000000000
3143 -1222.0000000000
3162 -1221.0000000000
3175 -1220.0000000000
3176 -1219.0000000000
3189 -1217.0000000000
3209 -1216.0000000000
3210 -1215.0000000000
3237 -1214.0000000000
3245 -1213.0000000000
3246 -1212.0000000000
3249 -1211.0000000000
3269 -1210.0000000000
3280 -1209.0000000000
3281 -1208.0000000000
3290 -1207.0000000000
3291 -1205.0000000000
3293 -1204.0000000000
3298 -1202.0000000000
3302 -1201.0000000000
3326 -1200.0000000000
3337 -1198.0000000000
3338 -1197.0000000000
3342 -1194.0000000000
3343 -1193.0000000000
3368 -1192.0000000000
3370 -1191.0000000000
3374 -1190.0000000000
3377 -1189.0000000000
3378 -1188.0000000000
3383 -1187.0000000000
3402 -1186.0000000000
3433 -1185.0000000000
3435 -1184.0000000000
3436 -1183.0000000000
3441 -1182.0000000000
3443 -1181.0000000000
3459 -1180.0000000000
3462 -1178.0000000000
3467 -1177.0000000000
3471 -1176.0000000000
3475 -1175.0000000000
3490 -1174.0000000000
3507 -1173.0000000000
3521 -1172.0000000000
3545 -1171.0000000000
3554 -1170.0000000000
3556 -1169.0000000000
3558 -1168.0000000000
3566 -1166.0000000000
3569 -1164.0000000000
3577 -1163.0000000000
3579 -1162.0000000000
3592 -1161.0000000000
3595 -1160.0000000000
3596 -1159.0000000000
3607 -1158.0000000000
3612 -1157.0000000000
3613 -1156.0000000000
3616 -1155.0000000000
3622 -1154.0000000000
3631 -1153.0000000000
3632 -1152.0000000000
3640 -1151.0000000000
3643 -1150.0000000000
3646 -1149.0000000000
3649 -1148.0000000000
3656 -1147.0000000000
3658 -1146.0000000000
3659 -1145.0000000000
3661 -1144.0000000000
3667 -1142.0000000000
3674 -1141.0000000000
3686 -1139.0000000000
3687 -1138.0000000000
3695 -1137.0000000000
3713 -1136.0000000000
3716 -1135.0000000000
3720 -1134.0000000000
3722 -1133.0000000000
3746 -1132.0000000000
3756 -1131.0000000000
3758 -1130.0000000000
3762 -1129.0000000000
3768 -1127.0000000000
3769 -1125.0000000000
3779 -1124.0000000000
3785 -1123.0000000000
3786 -1122.0000000000
3787 -1121.0000000000
3791 -1120.0000000000
3798 -1119.0000000000
3803 -1118.0000000000
3813 -1117.0000000000
3824 -1116.0000000000
3841 -1115.0000000000
3865 -1114.0000000000
3869 -1113.0000000000
3875 -1112.0000000000
3879 -1111.0000000000
3884 -1110.0000000000
3887 -1108.0000000000
3888 -1106.0000000000
3890 -1105.0000000000
3935 -1104.0000000000
3949 -1103.0000000000
3951 -1102.0000000000
3954 -1101.0000000000
3955 -1100.0000000000
3964 -1099.0000000000
3968 -1097.0000000000
3971 -1096.0000000000
3973 -1095.0000000000
3976 -1094.0000000000
3989 -1093.0000000000
4001 -1092.0000000000
4011 -1091.0000000000
4012 -1090.0000000000
4019 -1089.0000000000
4020 -1088.0000000000
4025 -1087.0000000000
4026 -1085.0000000000
4031 -1083.0000000000
4037 -1082.0000000000
4038 -1081.0000000000
4040 -1080.0000000000
4041 -1079.0000000000
4042 -1078.0000000000
4043 -1076.0000000000
4044 -1075.0000000000
4047 -1072.0000000000
4063 -1071.0000000000
4064 -1070.0000000000
4065 -1069.0000000000
4073 -1067.0000000000
4082 -1065.0000000000
4097 -1064.0000000000
4105 -1063.0000000000
4107 -1062.0000000000
4110 -1061.0000000000
4116 -1060.0000000000
4119 -1059.0000000000
4128 -1058.0000000000
4133 -1057.0000000000
4136 -1056.0000000000
4143 -1055.0000000000
4145 -1054.0000000000
4153 -1053.0000000000
4156 -1052.0000000000
4160 -1050.0000000000
4165 -1049.0000000000
4166 -1048.0000000000
4184 -1047.0000000000
4194 -1046.0000000000
4199 -1045.0000000000
4210 -1044.0000000000
4241 -1043.0000000000
4258 -1042.0000000000
4277 -1041.0000000000
4280 -1040.0000000000
4304 -1039.0000000000
4322 -1038.0000000000
4323 -1037.0000000000
4333 -1036.0000000000
4349 -1035.0000000000
4361 -1034.0000000000
4365 -1032.0000000000
4405 -1031.0000000000
4411 -1030.0000000000
4413 -1029.0000000000
4417 -1028.0000000000
4419 -1027.0000000000
4430 -1026.0000000000
4432 -1025.0000000000
4438 -1024.0000000000
4452 -1023.0000000000
4458 -1022.0000000000
4464 -1021.0000000000
4467 -1020.0000000000
4468 -1019.0000000000
4484 -1017.0000000000
4489 -1016.0000000000
4495 -1015.0000000000
4502 -1014.0000000000
4503 -1013.0000000000
4514 -1012.0000000000
4515 -1010.0000000000
4535 -1009.0000000000
4557 -1008.0000000000
4560 -1006.0000000000
4562 -1005.0000000000
4577 -1004.0000000000
4580 -1003.0000000000
4593 -1002.0000000000
4604 -1001.0000000000
4614 -1000.0000000000
4620 -999.0000000000
4628 -998.0000000000
4642 -997.0000000000
4643 -995.0000000000
4650 -994.0000000000
4657 -993.0000000000
4659 -992.0000000000
4661 -990.0000000000
4677 -989.0000000000
4712 -988.0000000000
4714 -987.0000000000
4726 -986.0000000000
4731 -985.0000000000
4740 -984.0000000000
4742 -983.0000000000
4749 -982.0000000000
4751 -981.0000000000
4753 -980.0000000000
4754 -979.0000000000
4757 -978.0000000000
4763 -977.0000000000
4769 -976.0000000000
4773 -975.0000000000
4782 -974.0000000000
4789 -973.0000000000
4793 -971.0000000000
4797 -969.0000000000
4802 -968.0000000000
4808 -967.0000000000
4811 -966.0000000000
4815 -965.0000000000
4828 -964.0000000000
4836 -963.0000000000
4844 -962.0000000000
4847 -961.0000000000
4860 -960.0000000000
4868 -959.0000000000
4881 -957.0000000000
4894 -956.0000000000
4902 -955.0000000000
4914 -954.0000000000
4925 -953.0000000000
4940 -952.0000000000
4950 -951.0000000000
4965 -950.0000000000
4975 -949.0000000000
4994 -948.0000000000
4995 -947.0000000000
5007 -946.0000000000
5021 -945.0000000000
5044 -944.0000000000
5055 -943.0000000000
5063 -942.0000000000
5066 -941.0000000000
5086 -940.0000000000
5090 -939.0000000000
5092 -938.0000000000
5096 -937.0000000000
5109 -936.0000000000
5114 -935.0000000000
5120 -934.0000000000
5126 -933.0000000000
5129 -931.0000000000
5143 -930.0000000000
5166 -929.0000000000
5178 -928.0000000000
5180 -927.0000000000
5184 -926.0000000000
5191 -925.0000000000
5194 -924.0000000000
5195 -923.0000000000
5218 -922.0000000000
5229 -921.0000000000
5239 -920.0000000000
5240 -919.0000000000
5246 -918.0000000000
5265 -917.0000000000
5267 -916.0000000000
5274 -915.0000000000
5280 -914.0000000000
5282 -913.0000000000
5287 -912.0000000000
5288 -911.0000000000
5314 -909.0000000000
5323 -908.0000000000
5325 -907.0000000000
5328 -906.0000000000
5340 -905.0000000000
5350 -904.0000000000
5363 -903.0000000000
5377 -902.0000000000
5379 -901.0000000000
5383 -900.0000000000
5390 -899.0000000000
5419 -898.0000000000
5421 -897.0000000000
5424 -896.0000000000
5437 -895.0000000000
5448 -894.0000000000
5450 -893.0000000000
5455 -892.0000000000
5461 -890.0000000000
5481 -889.0000000000
5540 -887.0000000000
5542 -886.0000000000
5543 -885.0000000000
5555 -883.0000000000
5596 -881.0000000000
5606 -880.0000000000
5608 -879.0000000000
5619 -878.0000000000
5629 -877.0000000000
5632 -876.0000000000
5635 -875.0000000000
5657 -874.0000000000
5676 -873.0000000000
5677 -872.0000000000
5682 -871.0000000000
5687 -870.0000000000
5699 -869.0000000000
5701 -868.0000000000
5706 -867.0000000000
5725 -866.0000000000
5728 -865.0000000000
5736 -864.0000000000
5746 -863.0000000000
5750 -862.0000000000
5764 -861.0000000000
5767 -860.0000000000
5802 -859.0000000000
5825 -858.0000000000
5829 -857.0000000000
5831 -856.0000000000
5843 -855.0000000000
5844 -854.0000000000
5846 -853.0000000000
5847 -852.0000000000
5848 -851.0000000000
5855 -850.0000000000
5857 -849.0000000000
5906 -848.0000000000
5907 -847.0000000000
5912 -846.0000000000
5915 -845.0000000000
5919 -844.0000000000
5925 -842.0000000000
5936 -841.0000000000
5937 -840.0000000000
5954 -839.0000000000
5961 -838.0000000000
5966 -837.0000000000
5985 -836.0000000000
5992 -835.0000000000
6000 -834.0000000000
6012 -833.0000000000
6024 -832.0000000000
6033 -830.0000000000
6040 -829.0000000000
6053 -828.0000000000
6055 -827.0000000000
6057 -826.0000000000
6059 -825.0000000000
6060 -824.0000000000
6064 -822.0000000000
6098 -821.0000000000
6109 -820.0000000000
6122 -818.0000000000
6136 -817.0000000000
6139 -816.0000000000
6168 -815.0000000000
6186 -814.0000000000
6191 -813.0000000000
6197 -812.0000000000
6201 -811.0000000000
6210 -810.0000000000
6218 -809.0000000000
6220 -808.0000000000
6230 -807.0000000000
6245 -806.0000000000
6302 -805.0000000000
6310 -804.0000000000
6326 -803.0000000000
6332 -802.0000000000
6340 -801.0000000000
6342 -800.0000000000
6359 -799.0000000000
6361 -798.0000000000
6378 -797.0000000000
6387 -796.0000000000
6399 -795.0000000000
6455 -794.0000000000
6477 -793.0000000000
6478 -792.0000000000
6489 -791.0000000000
6499 -790.0000000000
6511 -789.0000000000
6516 -788.0000000000
6519 -787.0000000000
6524 -786.0000000000
6538 -785.0000000000
6545 -784.0000000000
6562 -783.0000000000
6569 -782.0000000000
6576 -781.0000000000
6586 -780.0000000000
6611 -779.0000000000
6639 -777.0000000000
6657 -776.0000000000
6663 -775.0000000000
6682 -774.0000000000
6712 -773.0000000000
6731 -772.0000000000
6733 -771.0000000000
6742 -770.0000000000
6745 -769.0000000000
6757 -768.0000000000
6779 -766.0000000000
6783 -765.0000000000
6813 -764.0000000000
6823 -763.0000000000
6830 -762.0000000000
6832 -761.0000000000
6839 -760.0000000000
6865 -759.0000000000
6868 -758.0000000000
6897 -757.0000000000
6899 -756.0000000000
6933 -754.0000000000
6936 -753.0000000000
6940 -752.0000000000
6944 -751.0000000000
6955 -750.0000000000
6969 -749.0000000000
6991 -748.0000000000
6995 -747.0000000000
7008 -746.0000000000
7012 -745.0000000000
7013 -744.0000000000
7020 -742.0000000000
7028 -741.0000000000
7040 -740.0000000000
7042 -739.0000000000
7055 -738.0000000000
7067 -737.0000000000
7115 -736.0000000000
7126 -734.0000000000
7147 -733.0000000000
7149 -732.0000000000
7152 -731.0000000000
7158 -730.0000000000
7164 -729.0000000000
7184 -728.0000000000
7194 -727.0000000000
7207 -726.0000000000
7234 -725.0000000000
7243 -724.0000000000
7244 -723.0000000000
7261 -722.0000000000
7267 -721.0000000000
7272 -720.0000000000
7275 -718.0000000000
7306 -717.0000000000
7312 -716.0000000000
7327 -715.0000000000
7358 -714.0000000000
7375 -713.0000000000
7389 -712.0000000000
7401 -711.0000000000
7402 -710.0000000000
7414 -709.0000000000
7425 -708.0000000000
7440 -707.0000000000
7450 -706.0000000000
7455 -704.0000000000
7470 -703.0000000000
7473 -702.0000000000
7488 -701.0000000000
7490 -700.0000000000
7493 -699.0000000000
7498 -698.0000000000
7503 -697.0000000000
7505 -696.0000000000
7531 -695.0000000000
7536 -694.0000000000
7552 -693.0000000000
7565 -692.0000000000
7573 -691.0000000000
7580 -690.0000000000
7586 -689.0000000000
7590 -688.0000000000
7605 -687.0000000000
7613 -686.0000000000
7625 -685.0000000000
7632 -684.0000000000
7664 -683.0000000000
7689 -682.0000000000
7692 -681.0000000000
7700 -680.0000000000
7768 -679.0000000000
7784 -678.0000000000
7796 -677.0000000000
7806 -676.0000000000
7826 -675.0000000000
7840 -674.0000000000
7842 -673.0000000000
7849 -672.0000000000
7868 -671.0000000000
7869 -669.0000000000
7884 -667.0000000000
7902 -666.0000000000
7908 -665.0000000000
7917 -664.0000000000
7926 -663.0000000000
7945 -661.0000000000
7947 -660.0000000000
7955 -659.0000000000
7990 -658.0000000000
8009 -657.0000000000
8021 -656.0000000000
8045 -655.0000000000
8065 -654.0000000000
8070 -653.0000000000
8078 -652.0000000000
8080 -651.0000000000
8142 -650.0000000000
8144 -649.0000000000
8159 -648.0000000000
8162 -647.0000000000
8206 -645.0000000000
8235 -644.0000000000
8239 -643.0000000000
8242 -641.0000000000
8255 -640.0000000000
8264 -639.0000000000
8273 -638.0000000000
8283 -637.0000000000
8284 -636.0000000000
8285 -634.0000000000
8293 -633.0000000000
8318 -632.0000000000
8320 -631.0000000000
8334 -630.0000000000
8343 -629.0000000000
8347 -628.0000000000
8364 -627.0000000000
8365 -626.0000000000
8373 -625.0000000000
8396 -624.0000000000
8407 -623.0000000000
8460 -621.0000000000
8470 -620.0000000000
8518 -618.0000000000
8528 -617.0000000000
8532 -616.0000000000
8541 -615.0000000000
8552 -614.0000000000
8589 -613.0000000000
8632 -612.0000000000
8639 -610.0000000000
8641 -609.0000000000
8646 -608.0000000000
8652 -607.0000000000
8659 -606.0000000000
8670 -605.0000000000
8673 -604.0000000000
8681 -603.0000000000
8688 -602.0000000000
8689 -601.0000000000
8697 -600.0000000000
8717 -599.0000000000
8728 -598.0000000000
8733 -597.0000000000
8753 -596.0000000000
8762 -595.0000000000
8774 -594.0000000000
8781 -593.0000000000
8795 -592.0000000000
8797 -591.0000000000
8802 -590.0000000000
8807 -589.0000000000
8832 -588.0000000000
8842 -587.0000000000
8844 -586.0000000000
8880 -585.0000000000
8903 -584.0000000000
8912 -583.0000000000
8913 -582.0000000000
8916 -581.0000000000
8922 -580.0000000000
8926 -579.0000000000
8940 -578.0000000000
8943 -577.0000000000
8956 -576.0000000000
8958 -575.0000000000
8964 -574.0000000000
8967 -573.0000000000
8973 -572.0000000000
8977 -571.0000000000
9016 -570.0000000000
9025 -569.0000000000
9028 -567.0000000000
9067 -566.0000000000
9073 -565.0000000000
9076 -564.0000000000
9079 -563.0000000000
9099 -562.0000000000
9177 -561.0000000000
9184 -560.0000000000
9204 -559.0000000000
9213 -558.0000000000
9222 -557.0000000000
9225 -556.0000000000
9229 -555.0000000000
9247 -554.0000000000
9257 -553.0000000000
9258 -552.0000000000
9260 -551.0000000000
9268 -550.0000000000
9270 -549.0000000000
9293 -548.0000000000
9297 -547.0000000000
9307 -546.0000000000
9309 -545.0000000000
9344 -544.0000000000
9350 -543.0000000000
9383 -542.0000000000
9386 -541.0000000000
9397 -539.0000000000
9411 -538.0000000000
9455 -537.0000000000
9462 -536.0000000000
9476 -535.0000000000
9482 -534.0000000000
9508 -532.0000000000
9516 -531.0000000000
9517 -530.0000000000
9524 -529.0000000000
9559 -528.0000000000
9581 -527.0000000000
9591 -526.0000000000
9597 -525.0000000000
9606 -524.0000000000
9656 -523.0000000000
9661 -522.0000000000
9675 -521.0000000000
9689 -520.0000000000
9781 -518.0000000000
9810 -517.0000000000
9815 -516.0000000000
9832 -515.0000000000
9850 -514.0000000000
9858 -513.0000000000
9867 -512.0000000000
9887 -511.0000000000
9985 -510.0000000000
10000 -511.0000000000
evaluations raw_y
1 -2024.0000000000
8 -2023.0000000000
9 -2021.0000000000
10 -2020.0000000000
13 -2019.0000000000
15 -2018.0000000000
17 -2016.0000000000
23 -2015.0000000000
25 -2014.0000000000
26 -2013.0000000000
38 -2012.0000000000
45 -2011.0000000000
48 -2010.0000000000
50 -2008.0000000000
52 -2006.0000000000
54 -2004.0000000000
56 -2003.0000000000
57 -2002.0000000000
64 -2001.0000000000
69 -2000.0000000000
79 -1999.0000000000
80 -1997.0000000000
84 -1996.0000000000
86 -1995.0000000000
95 -1994.0000000000
96 -1993.0000000000
98 -1992.0000000000
99 -1991.0000000000
104 -1990.0000000000
109 -1989.0000000000
110 -1988.0000000000
113 -1986.0000000000
115 -1985.0000000000
117 -1984.0000000000
119 -1982.0000000000
120 -1981.0000000000
122 -1980.0000000000
123 -1978.0000000000
124 -1977.0000000000
125 -1976.0000000000
130 -1975.0000000000
137 -1974.0000000000
138 -1973.0000000000
145 -1972.0000000000
146 -1971.0000000000
156 -1969.0000000000
160 -1968.0000000000
166 -1966.0000000000
167 -1965.0000000000
168 -1963.0000000000
169 -1962.0000000000
174 -1959.0000000000
178 -1957.0000000000
183 -1955.0000000000
184 -1954.0000000000
187 -1953.0000000000
189 -1952.0000000000
190 -1951.0000000000
201 -1950.0000000000
202 -1948.0000000000
206 -1947.0000000000
209 -1946.0000000000
212 -1943.0000000000
222 -1940.0000000000
226 -1939.0000000000
228 -1937.0000000000
230 -1935.0000000000
237 -1934.0000000000
239 -1933.0000000000
240 -1932.0000000000
250 -1931.0000000000
255 -1930.0000000000
269 -1929.0000000000
279 -1928.0000000000
282 -1927.0000000000
289 -1926.0000000000
293 -1925.0000000000
298 -1924.0000000000
303 -1923.0000000000
310 -1922.0000000000
311 -1921.0000000000
313 -1920.0000000000
314 -1919.0000000000
319 -1918.0000000000
326 -1915.0000000000
327 -1914.0000000000
331 -1913.0000000000
333 -1912.0000000000
336 -1911.0000000000
340 -1910.0000000000
343 -1908.0000000000
347 -1905.0000000000
352 -1904.0000000000
360 -1903.0000000000
361 -1902.0000000000
366 -1900.0000000000
371 -1899.0000000000
377 -1898.0000000000
379 -1896.0000000000
391 -1895.0000000000
394 -1894.0000000000
400 -1893.0000000000
404 -1892.0000000000
406 -1890.0000000000
411 -1889.0000000000
418 -1888.0000000000
422 -1887.0000000000
425 -1886.0000000000
427 -1885.0000000000
433 -1884.0000000000
434 -1882.0000000000
441 -1881.0000000000
442 -1880.0000000000
445 -1879.0000000000
446 -1878.0000000000
457 -1877.0000000000
467 -1876.0000000000
468 -1874.0000000000
473 -1873.0000000000
481 -1872.0000000000
486 -1871.0000000000
490 -1870.0000000000
491 -1869.0000000000
492 -1868.0000000000
502 -1866.0000000000
503 -1865.0000000000
505 -1864.0000000000
514 -1863.0000000000
516 -1862.0000000000
521 -1861.0000000000
522 -1860.0000000000
524 -1859.0000000000
525 -1858.0000000000
532 -1857.0000000000
543 -1856.0000000000
544 -1854.0000000000
546 -1853.0000000000
552 -1852.0000000000
567 -1850.0000000000
573 -1849.0000000000
582 -1848.0000000000
584 -1847.0000000000
585 -1846.0000000000
586 -1845.0000000000
590 -1844.0000000000
599 -1843.0000000000
603 -1842.0000000000
607 -1839.0000000000
610 -1838.0000000000
611 -1836.0000000000
615 -1835.0000000000
616 -1834.0000000000
626 -1833.0000000000
627 -1832.0000000000
630 -1831.0000000000
631 -1830.0000000000
637 -1829.0000000000
642 -1828.0000000000
644 -1827.0000000000
645 -1825.0000000000
646 -1823.0000000000
648 -1822.0000000000
649 -1821.0000000000
651 -1820.0000000000
673 -1819.0000000000
676 -1818.0000000000
681 -1817.0000000000
683 -1816.0000000000
685 -1813.0000000000
686 -1811.0000000000
688 -1810.0000000000
689 -1809.0000000000
691 -1808.0000000000
694 -1807.0000000000
695 -1806.0000000000
697 -1805.0000000000
700 -1804.0000000000
702 -1803.0000000000
706 -1802.0000000000
708 -1800.0000000000
716 -1799.0000000000
720 -1797.0000000000
721 -1796.0000000000
722 -1795.0000000000
728 -1793.0000000000
732 -1792.0000000000
736 -1791.0000000000
739 -1790.0000000000
741 -1789.0000000000
744 -1787.0000000000
747 -1786.0000000000
749 -1785.0000000000
757 -1783.0000000000
758 -1782.0000000000
767 -1781.0000000000
775 -1779.0000000000
777 -1778.0000000000
778 -1776.0000000000
790 -1775.0000000000
811 -1773.0000000000
813 -1772.0000000000
815 -1771.0000000000
818 -1769.0000000000
827 -1768.0000000000
830 -1767.0000000000
835 -1766.0000000000
837 -1765.0000000000
840 -1764.0000000000
844 -1763.0000000000
850 -1762.0000000000
853 -1761.0000000000
855 -1759.0000000000
857 -1757.0000000000
864 -1756.0000000000
865 -1755.0000000000
871 -1754.0000000000
874 -1753.0000000000
878 -1752.0000000000
879 -1751.0000000000
880 -1750.0000000000
886 -1749.0000000000
889 -1748.0000000000
897 -1746.0000000000
902 -1745.0000000000
904 -1744.0000000000
910 -1743.0000000000
911 -1741.0000000000
915 -1739.0000000000
919 -1738.0000000000
920 -1736.0000000000
926 -1735.0000000000
938 -1734.0000000000
943 -1733.0000000000
952 -1732.0000000000
959 -1730.0000000000
961 -1729.0000000000
964 -1728.0000000000
966 -1726.0000000000
969 -1725.0000000000
970 -1724.0000000000
971 -1723.0000000000
981 -1722.0000000000
995 -1720.0000000000
1000 -1719.0000000000
1006 -1718.0000000000
1010 -1717.0000000000
1014 -1716.0000000000
1017 -1715.0000000000
1018 -1712.0000000000
1035 -1711.0000000000
1040 -1710.0000000000
1045 -1709.0000000000
1051 -1706.0000000000
1055 -1705.0000000000
1060 -1704.0000000000
1062 -1703.0000000000
1066 -1702.0000000000
1070 -1701.0000000000
1071 -1700.0000000000
1077 -1699.0000000000
1078 -1698.0000000000
1079 -1697.0000000000
1081 -1696.0000000000
1088 -1695.0000000000
1103 -1693.0000000000
1109 -1692.0000000000
1111 -1691.0000000000
1116 -1690.0000000000
1126 -1689.0000000000
1132 -1688.0000000000
1136 -1687.0000000000
1138 -1686.0000000000
1146 -1685.0000000000
1150 -1683.0000000000
1152 -1682.0000000000
1153 -1681.0000000000
1156 -1680.0000000000
1159 -1679.0000000000
1160 -1677.0000000000
1167 -1675.0000000000
1170 -1674.0000000000
1177 -1673.0000000000
1184 -1672.0000000000
1189 -1671.0000000000
1192 -1669.0000000000
1194 -1668.0000000000
1199 -1665.0000000000
1206 -1664.0000000000
1218 -1663.0000000000
1221 -1662.0000000000
1231 -1660.0000000000
1233 -1659.0000000000
1238 -1658.0000000000
1240 -1657.0000000000
1243 -1656.0000000000
1247 -1655.0000000000
1256 -1654.0000000000
1265 -1653.0000000000
1267 -1652.0000000000
1280 -1651.0000000000
1283 -1649.0000000000
1285 -1648.0000000000
1288 -1647.0000000000
1289 -1646.0000000000
1292 -1644.0000000000
1325 -1643.0000000000
1336 -1642.0000000000
1337 -1641.0000000000
1344 -1639.0000000000
1353 -1638.0000000000
1354 -1637.0000000000
1363 -1636.0000000000
1373 -1635.0000000000
1374 -1634.0000000000
1375 -1633.0000000000
1376 -1632.0000000000
1386 -1631.0000000000
1397 -1630.0000000000
1400 -1629.0000000000
1404 -1627.0000000000
1413 -1626.0000000000
1416 -1625.0000000000
1417 -1624.0000000000
1420 -1623.0000000000
1426 -1622.0000000000
1435 -1620.0000000000
1441 -1617.0000000000
1448 -1616.0000000000
1456 -1615.0000000000
1458 -1614.0000000000
1460 -1613.0000000000
1469 -1612.0000000000
1471 -1611.0000000000
1473 -1610.0000000000
1475 -1609.0000000000
1477 -1608.0000000000
1488 -1606.0000000000
1495 -1604.0000000000
1502 -1603.0000000000
1503 -1601.0000000000
1506 -1600.0000000000
1510 -1599.0000000000
1511 -1598.0000000000
1512 -1597.0000000000
1517 -1596.0000000000
1520 -1595.0000000000
1524 -1594.0000000000
1532 -1593.0000000000
1540 -1592.0000000000
1542 -1591.0000000000
1544 -1590.0000000000
1557 -1588.0000000000
1560 -1587.0000000000
1561 -1585.0000000000
1583 -1584.0000000000
1592 -1583.0000000000
1596 -1581.0000000000
1600 -1580.0000000000
1602 -1577.0000000000
1613 -1576.0000000000
1617 -1575.0000000000
1620 -1574.0000000000
1638 -1572.0000000000
1641 -1571.0000000000
1644 -1570.0000000000
1645 -1568.0000000000
1659 -1567.0000000000
1660 -1566.0000000000
1664 -1564.0000000000
1665 -1562.0000000000
1667 -1561.0000000000
1668 -1560.0000000000
1671 -1559.0000000000
1672 -1558.0000000000
1686 -1556.0000000000
1691 -1555.0000000000
1692 -1554.0000000000
1697 -1553.0000000000
1702 -1552.0000000000
1708 -1551.0000000000
1710 -1548.0000000000
1712 -1547.0000000000
1714 -1546.0000000000
1720 -1544.0000000000
1722 -1543.0000000000
1725 -1542.0000000000
1727 -1541.0000000000
1734 -1540.0000000000
1735 -1539.0000000000
1736 -1538.0000000000
1749 -1537.0000000000
1753 -1536.0000000000
1758 -1535.0000000000
1761 -1532.0000000000
1770 -1530.0000000000
1772 -1529.0000000000
1776 -1526.0000000000
1782 -1525.0000000000
1790 -1524.0000000000
1800 -1523.0000000000
1804 -1522.0000000000
1806 -1521.0000000000
1808 -1520.0000000000
1809 -1519.0000000000
1826 -1518.0000000000
1833 -1517.0000000000
1839 -1516.0000000000
1855 -1515.0000000000
1858 -1514.0000000000
1864 -1511.0000000000
1868 -1510.0000000000
1872 -1509.0000000000
1881 -1508.0000000000
1891 -1507.0000000000
1908 -1506.0000000000
1912 -1505.0000000000
1920 -1504.0000000000
1931 -1503.0000000000
1937 -1502.0000000000
1939 -1501.0000000000
1946 -1500.0000000000
1961 -1499.0000000000
1964 -1498.0000000000
1966 -1496.0000000000
1968 -1495.0000000000
1969 -1494.0000000000
1982 -1493.0000000000
1994 -1491.0000000000
1995 -1490.0000000000
2000 -1489.0000000000
2009 -1488.0000000000
2014 -1487.0000000000
2019 -1486.0000000000
2032 -1484.0000000000
2043 -1483.0000000000
2050 -1481.0000000000
2054 -1480.0000000000
2065 -1478.0000000000
2069 -1477.0000000000
2087 -1476.0000000000
2097 -1475.0000000000
2101 -1474.0000000000
2113 -1473.0000000000
2115 -1472.0000000000
2123 -1471.0000000000
2132 -1470.0000000000
2136 -1468.0000000000
2138 -1466.0000000000
2143 -1465.0000000000
2146 -1464.0000000000
2148 -1463.0000000000
2171 -1460.0000000000
2176 -1459.0000000000
2179 -1457.0000000000
2180 -1456.0000000000
2186 -1455.0000000000
2199 -1454.0000000000
2205 -1453.0000000000
2207 -1452.0000000000
2219 -1451.0000000000
2221 -1450.0000000000
2224 -1449.0000000000
2225 -1448.0000000000
2228 -1447.0000000000
2243 -1446.0000000000
2252 -1445.0000000000
2253 -1444.0000000000
2255 -1443.0000000000
2260 -1442.0000000000
2262 -1440.0000000000
2280 -1439.0000000000
2286 -1437.0000000000
2289 -1436.0000000000
2296 -1435.0000000000
2310 -1434.0000000000
2311 -1433.0000000000
2314 -1431.0000000000
2320 -1429.0000000000
2323 -1428.0000000000
2324 -1427.0000000000
2336 -1426.0000000000
2342 -1425.0000000000
2343 -1423.0000000000
2344 -1422.0000000000
2345 -1421.0000000000
2346 -1420.0000000000
2359 -1419.0000000000
2365 -1418.0000000000
2369 -1417.0000000000
2372 -1416.0000000000
2378 -1415.0000000000
2391 -1414.0000000000
2393 -1413.0000000000
2395 -1412.0000000000
2407 -1411.0000000000
2410 -1410.0000000000
2424 -1409.0000000000
2429 -1408.0000000000
2433 -1407.0000000000
2436 -1406.0000000000
2438 -1405.0000000000
2440 -1404.0000000000
2452 -1403.0000000000
2463 -1402.0000000000
2471 -1401.0000000000
2479 -1400.0000000000
2481 -1399.0000000000
2485 -1398.0000000000
2486 -1397.0000000000
2491 -1396.0000000000
2501 -1395.0000000000
2521 -1394.0000000000
2524 -1392.0000000000
2528 -1391.0000000000
2533 -1390.0000000000
2535 -1389.0000000000
2542 -1388.0000000000
2545 -1387.0000000000
2548 -1386.0000000000
2553 -1384.0000000000
2564 -1383.0000000000
2569 -1382.0000000000
2575 -1380.0000000000
2577 -1379.0000000000
2580 -1378.0000000000
2586 -1377.0000000000
2590 -1376.0000000000
2597 -1375.0000000000
2610 -1374.0000000000
2621 -1373.0000000000
2625 -1372.0000000000
2644 -1370.0000000000
2653 -1369.0000000000
2655 -1368.0000000000
2657 -1367.0000000000
2658 -1366.0000000000
2661 -1365.0000000000
2695 -1363.0000000000
2699 -1362.0000000000
2703 -1361.0000000000
2704 -1360.0000000000
2716 -1359.0000000000
2719 -1358.0000000000
2724 -1357.0000000000
2729 -1356.0000000000
2737 -1355.0000000000
2739 -1354.0000000000
2754 -1353.0000000000
2758 -1352.0000000000
2767 -1351.0000000000
2769 -1350.0000000000
2777 -1349.0000000000
2779 -1348.0000000000
2790 -1347.0000000000
2795 -1346.0000000000
2798 -1345.0000000000
2802 -1343.0000000000
2806 -1342.0000000000
2827 -1340.0000000000
2833 -1338.0000000000
2844 -1337.0000000000
2849 -1336.0000000000
2851 -1335.0000000000
2863 -1334.0000000000
2869 -1332.0000000000
2871 -1331.0000000000
2885 -1329.0000000000
2889 -1327.0000000000
2898 -1326.0000000000
2902 -1325.0000000000
2903 -1324.0000000000
2918 -1323.0000000000
2923 -1321.0000000000
2925 -1320.0000000000
2927 -1319.0000000000
2941 -1318.0000000000
2945 -1317.0000000000
2952 -1315.0000000000
2953 -1314.0000000000
2955 -1313.0000000000
2960 -1311.0000000000
2964 -1310.0000000000
2973 -1309.0000000000
2981 -1308.0000000000
2984 -1307.0000000000
2989 -1306.0000000000
2992 -1305.0000000000
2996 -1304.0000000000
2998 -1302.0000000000
3001 -1301.0000000000
3003 -1300.0000000000
3016 -1299.0000000000
3024 -1298.0000000000
3028 -1297.0000000000
3040 -1296.0000000000
3045 -1295.0000000000
3049 -1294.0000000000
3065 -1293.0000000000
3067 -1292.0000000000
3070 -1291.0000000000
3079 -1289.0000000000
3097 -1288.0000000000
3108 -1287.0000000000
3111 -1286.0000000000
3117 -1285.0000000000
3120 -1284.0000000000
3121 -1283.0000000000
3126 -1282.0000000000
3142 -1281.0000000000
3148 -1280.0000000000
3150 -1279.0000000000
3151 -1278.0000000000
3155 -1277.0000000000
3161 -1276.0000000000
3175 -1275.0000000000
3188 -1274.0000000000
3193 -1273.0000000000
3201 -1271.0000000000
3207 -1270.0000000000
3209 -1268.0000000000
3210 -1267.0000000000
3213 -1266.0000000000
3217 -1265.0000000000
3222 -1264.0000000000
3228 -1263.0000000000
3231 -1262.0000000000
3243 -1260.0000000000
3250 -1259.0000000000
3252 -1258.0000000000
3257 -1257.0000000000
3261 -1256.0000000000
3265 -1255.0000000000
3269 -1254.0000000000
3270 -1253.0000000000
3284 -1251.0000000000
3285 -1250.0000000000
3289 -1249.0000000000
3290 -1248.0000000000
3295 -1247.0000000000
3303 -1246.0000000000
3307 -1245.0000000000
3314 -1244.0000000000
3325 -1243.0000000000
3327 -1242.0000000000
3330 -1241.0000000000
3352 -1240.0000000000
3354 -1239.0000000000
3358 -1238.0000000000
3367 -1237.0000000000
3382 -1236.0000000000
3387 -1235.0000000000
3395 -1234.0000000000
3397 -1233.0000000000
3398 -1232.0000000000
3403 -1231.0000000000
3411 -1230.0000000000
3415 -1228.0000000000
3431 -1227.0000000000
3432 -1226.0000000000
3434 -1224.0000000000
3449 -1220.0000000000
3457 -1219.0000000000
3470 -1217.0000000000
3476 -1216.0000000000
3484 -1215.0000000000
3485 -1214.0000000000
3488 -1211.0000000000
3518 -1210.0000000000
3524 -1208.0000000000
3528 -1207.0000000000
3529 -1206.0000000000
3536 -1205.0000000000
3537 -1203.0000000000
3539 -1202.0000000000
3551 -1201.0000000000
3558 -1200.0000000000
3564 -1199.0000000000
3580 -1198.0000000000
3584 -1197.0000000000
3599 -1196.0000000000
3608 -1195.0000000000
3609 -1194.0000000000
3618 -1193.0000000000
3623 -1191.0000000000
3624 -1190.0000000000
3629 -1189.0000000000
3643 -1188.0000000000
3644 -1187.0000000000
3659 -1186.0000000000
3666 -1185.0000000000
3668 -1184.0000000000
3671 -1183.0000000000
3674 -1182.0000000000
3678 -1181.0000000000
3686 -1180.0000000000
3689 -1179.0000000000
3696 -1178.0000000000
3698 -1176.0000000000
3708 -1175.0000000000
3716 -1174.0000000000
3717 -1173.0000000000
3719 -1172.0000000000
3720 -1171.0000000000
3723 -1170.0000000000
3725 -1169.0000000000
3734 -1168.0000000000
3740 -1167.0000000000
3746 -1166.0000000000
3747 -1165.0000000000
3753 -1163.0000000000
3754 -1162.0000000000
3757 -1161.0000000000
3760 -1160.0000000000
3762 -1159.0000000000
3781 -1158.0000000000
3789 -1157.0000000000
3795 -1156.0000000000
3827 -1155.0000000000
3836 -1154.0000000000
3844 -1153.0000000000
3846 -1151.0000000000
3848 -1150.0000000000
3849 -1149.0000000000
3851 -1148.0000000000
3857 -1147.0000000000
3869 -1146.0000000000
3870 -1145.0000000000
3877 -1144.0000000000
3891 -1143.0000000000
3902 -1142.0000000000
3905 -1141.0000000000
3910 -1140.0000000000
3916 -1139.0000000000
3917 -1137.0000000000
3920 -1136.0000000000
3923 -1135.0000000000
3925 -1133.0000000000
3932 -1132.0000000000
3936 -1131.0000000000
3957 -1130.0000000000
3970 -1129.0000000000
3973 -1128.0000000000
3984 -1127.0000000000
3985 -1126.0000000000
3997 -1125.0000000000
4014 -1124.0000000000
4020 -1123.0000000000
4026 -1122.0000000000
4028 -1121.0000000000
4029 -1120.0000000000
4035 -1119.0000000000
4036 -1118.0000000000
4038 -1117.0000000000
4039 -1116.0000000000
4047 -1115.0000000000
4050 -1113.0000000000
4066 -1112.0000000000
4067 -1111.0000000000
4073 -1108.0000000000
4091 -1107.0000000000
4092 -1106.0000000000
4097 -1105.0000000000
4105 -1104.0000000000
4109 -1103.0000000000
4124 -1102.0000000000
4125 -1101.0000000000
4127 -1100.0000000000
4130 -1099.0000000000
4132 -1097.0000000000
4137 -1096.0000000000
4170 -1095.0000000000
4172 -1094.0000000000
4173 -1093.0000000000
4179 -1092.0000000000
4197 -1090.0000000000
4199 -1088.0000000000
4212 -1087.0000000000
4230 -1086.0000000000
4235 -1085.0000000000
4236 -1084.0000000000
4239 -1083.0000000000
4240 -1082.0000000000
4249 -1081.0000000000
4262 -1080.0000000000
4277 -1079.0000000000
4279 -1078.0000000000
4296 -1077.0000000000
4301 -1076.0000000000
4303 -1075.0000000000
4315 -1074.0000000000
4322 -1073.0000000000
4325 -1072.0000000000
4349 -1071.0000000000
4353 -1070.0000000000
4355 -1069.0000000000
4357 -1068.0000000000
4374 -1067.0000000000
4380 -1066.0000000000
4391 -1065.0000000000
4392 -1064.0000000000
4398 -1063.0000000000
4411 -1061.0000000000
4422 -1060.0000000000
4450 -1059.0000000000
4463 -1058.0000000000
4464 -1057.0000000000
4466 -1056.0000000000
4475 -1055.0000000000
4478 -1054.0000000000
4479 -1053.0000000000
4486 -1052.0000000000
4490 -1051.0000000000
4495 -1050.0000000000
4500 -1049.0000000000
4503 -1048.0000000000
4513 -1047.0000000000
4514 -1046.0000000000
4516 -1045.0000000000
4519 -1044.0000000000
4555 -1042.0000000000
4556 -1041.0000000000
4562 -1039.0000000000
4572 -1038.0000000000
4573 -1037.0000000000
4575 -1035.0000000000
4584 -1034.0000000000
4590 -1033.0000000000
4601 -1031.0000000000
4613 -1030.0000000000
4621 -1029.0000000000
4628 -1028.0000000000
4662 -1027.0000000000
4680 -1026.0000000000
4685 -1025.0000000000
4697 -1024.0000000000
4747 -1023.0000000000
4749 -1022.0000000000
4753 -1020.0000000000
4775 -1019.0000000000
4776 -1018.0000000000
4782 -1017.0000000000
4785 -1014.0000000000
4796 -1013.0000000000
4800 -1011.0000000000
4802 -1010.0000000000
4814 -1009.0000000000
4828 -1008.0000000000
4856 -1007.0000000000
4871 -1006.0000000000
4875 -1005.0000000000
4884 -1004.0000000000
4885 -1003.0000000000
4888 -1001.0000000000
4890 -1000.0000000000
4902 -999.0000000000
4905 -998.0000000000
4934 -997.0000000000
4943 -996.0000000000
4953 -995.0000000000
4954 -994.0000000000
4977 -993.0000000000
4997 -992.0000000000
5008 -991.0000000000
5034 -990.0000000000
5036 -989.0000000000
5038 -988.0000000000
5078 -987.0000000000
5079 -986.0000000000
5081 -985.0000000000
5083 -984.0000000000
5090 -983.0000000000
5093 -981.0000000000
5110 -980.0000000000
5137 -979.0000000000
5143 -978.0000000000
5146 -977.0000000000
5153 -976.0000000000
5169 -975.0000000000
5175 -974.0000000000
5199 -973.0000000000
5206 -972.0000000000
5212 -971.0000000000
5235 -970.0000000000
5237 -969.0000000000
5238 -967.0000000000
5240 -966.0000000000
5241 -964.0000000000
5244 -963.0000000000
5253 -962.0000000000
5254 -960.0000000000
5267 -959.0000000000
5275 -958.0000000000
5292 -957.0000000000
5294 -955.0000000000
5303 -954.0000000000
5311 -953.0000000000
5323 -952.0000000000
5330 -951.0000000000
5339 -950.0000000000
5354 -948.0000000000
5377 -947.0000000000
5392 -946.0000000000
5398 -945.0000000000
5403 -944.0000000000
5406 -943.0000000000
5409 -941.0000000000
5414 -940.0000000000
5415 -939.0000000000
5416 -937.0000000000
5417 -935.0000000000
5419 -934.0000000000
5420 -933.0000000000
5428 -932.0000000000
5429 -931.0000000000
5432 -930.0000000000
5435 -929.0000000000
5443 -928.0000000000
5454 -927.0000000000
5456 -926.0000000000
5468 -925.0000000000
5532 -924.0000000000
5555 -923.0000000000
5573 -922.0000000000
5592 -921.0000000000
5643 -920.0000000000
5655 -919.0000000000
5677 -917.0000000000
5690 -916.0000000000
5691 -915.0000000000
5700 -914.0000000000
5711 -913.0000000000
5748 -912.0000000000
5754 -911.0000000000
5756 -910.0000000000
5765 -909.0000000000
5772 -908.0000000000
5786 -907.0000000000
5788 -906.0000000000
5797 -905.0000000000
5803 -904.0000000000
5804 -903.0000000000
5808 -902.0000000000
5811 -901.0000000000
5821 -900.0000000000
5833 -899.0000000000
5863 -898.0000000000
5868 -897.0000000000
5875 -896.0000000000
5879 -895.0000000000
5894 -893.0000000000
5912 -892.0000000000
5929 -891.0000000000
5932 -890.0000000000
5935 -889.0000000000
5938 -888.0000000000
5951 -887.0000000000
5965 -886.0000000000
5971 -885.0000000000
5985 -884.0000000000
5992 -881.0000000000
6008 -880.0000000000
6012 -879.0000000000
6015 -878.0000000000
6024 -877.0000000000
6025 -876.0000000000
6037 -875.0000000000
6050 -874.0000000000
6066 -873.0000000000
6092 -872.0000000000
6096 -871.0000000000
6105 -870.0000000000
6108 -869.0000000000
6109 -868.0000000000
6116 -867.0000000000
6119 -866.0000000000
6133 -865.0000000000
6138 -864.0000000000
6153 -863.0000000000
6161 -862.0000000000
6178 -861.0000000000
6184 -860.0000000000
6188 -859.0000000000
6189 -858.0000000000
6194 -856.0000000000
6216 -854.0000000000
6285 -853.0000000000
6289 -852.0000000000
6314 -851.0000000000
6324 -850.0000000000
6333 -848.0000000000
6342 -847.0000000000
6344 -846.0000000000
6351 -845.0000000000
6384 -844.0000000000
6394 -843.0000000000
6398 -842.0000000000
6403 -841.0000000000
6413 -840.0000000000
6442 -839.0000000000
6447 -838.0000000000
6448 -837.0000000000
6453 -836.0000000000
6463 -835.0000000000
6473 -834.0000000000
6482 -833.0000000000
6494 -832.0000000000
6524 -831.0000000000
6525 -830.0000000000
6556 -829.0000000000
6558 -828.0000000000
6564 -827.0000000000
6566 -826.0000000000
6567 -825.0000000000
6586 -824.0000000000
6589 -823.0000000000
6618 -822.0000000000
6643 -821.0000000000
6689 -820.0000000000
6705 -819.0000000000
6708 -817.0000000000
6709 -815.0000000000
6711 -814.0000000000
6753 -813.0000000000
6757 -812.0000000000
6761 -811.0000000000
6784 -810.0000000000
6786 -809.0000000000
6789 -807.0000000000
6806 -806.0000000000
6809 -805.0000000000
6821 -804.0000000000
6836 -803.0000000000
6855 -800.0000000000
6861 -799.0000000000
6875 -798.0000000000
6877 -797.0000000000
6880 -796.0000000000
6884 -795.0000000000
6919 -793.0000000000
6927 -792.0000000000
6940 -791.0000000000
6947 -789.0000000000
6950 -788.0000000000
6955 -787.0000000000
6981 -785.0000000000
6991 -784.0000000000
7003 -783.0000000000
7017 -782.0000000000
7029 -781.0000000000
7032 -780.0000000000
7037 -779.0000000000
7071 -778.0000000000
7077 -777.0000000000
7078 -776.0000000000
7084 -775.0000000000
7087 -774.0000000000
7094 -773.0000000000
7107 -772.0000000000
7110 -771.0000000000
7111 -770.0000000000
7142 -769.0000000000
7158 -768.0000000000
7163 -767.0000000000
7175 -766.0000000000
7178 -765.0000000000
7186 -764.0000000000
7199 -763.0000000000
7215 -762.0000000000
7230 -761.0000000000
7238 -760.0000000000
7247 -759.0000000000
7250 -758.0000000000
7254 -755.0000000000
7261 -754.0000000000
7266 -753.0000000000
7267 -752.0000000000
7270 -751.0000000000
7292 -750.0000000000
7320 -749.0000000000
7321 -748.0000000000
7322 -747.0000000000
7359 -746.0000000000
7360 -745.0000000000
7362 -744.0000000000
7374 -743.0000000000
7376 -742.0000000000
7383 -741.0000000000
7398 -740.0000000000
7409 -739.0000000000
7451 -738.0000000000
7469 -737.0000000000
7487 -736.0000000000
7537 -735.0000000000
7538 -734.0000000000
7553 -733.0000000000
7560 -732.0000000000
7565 -731.0000000000
7583 -730.0000000000
7603 -729.0000000000
7618 -728.0000000000
7638 -727.0000000000
7646 -726.0000000000
7650 -725.0000000000
7662 -724.0000000000
7671 -723.0000000000
7718 -722.0000000000
7724 -721.0000000000
7727 -720.0000000000
7736 -719.0000000000
7772 -718.0000000000
7811 -717.0000000000
7825 -716.0000000000
7839 -715.0000000000
7880 -714.0000000000
7883 -713.0000000000
7884 -712.0000000000
7887 -711.0000000000
7900 -710.0000000000
7920 -709.0000000000
7940 -708.0000000000
7969 -707.0000000000
7972 -706.0000000000
7982 -704.0000000000
7986 -703.0000000000
7991 -702.0000000000
8000 -701.0000000000
8004 -700.0000000000
8020 -699.0000000000
8029 -698.0000000000
8036 -697.0000000000
8038 -696.0000000000
8039 -695.0000000000
8058 -693.0000000000
8064 -692.0000000000
8066 -691.0000000000
8093 -690.0000000000
8100 -689.0000000000
8136 -688.0000000000
8188 -687.0000000000
8201 -686.0000000000
8203 -685.0000000000
8210 -684.0000000000
8223 -683.0000000000
8225 -681.0000000000
8227 -680.0000000000
8234 -679.0000000000
8252 -677.0000000000
8270 -676.0000000000
8280 -675.0000000000
8292 -674.0000000000
8318 -673.0000000000
8325 -672.0000000000
8340 -671.0000000000
8368 -670.0000000000
8377 -669.0000000000
8404 -668.0000000000
8412 -667.0000000000
8446 -666.0000000000
8467 -665.0000000000
8469 -664.0000000000
8477 -663.0000000000
8479 -662.0000000000
8482 -661.0000000000
8492 -660.0000000000
8495 -659.0000000000
8514 -658.0000000000
8530 -657.0000000000
8534 -656.0000000000
8537 -655.0000000000
8544 -654.0000000000
8614 -653.0000000000
8634 -652.0000000000
8636 -651.0000000000
8643 -650.0000000000
8651 -649.0000000000
8654 -648.0000000000
8669 -647.0000000000
8672 -646.0000000000
8694 -645.0000000000
8703 -644.0000000000
8706 -643.0000000000
8709 -642.0000000000
8710 -641.0000000000
8734 -640.0000000000
8736 -639.0000000000
8743 -638.0000000000
8748 -637.0000000000
8756 -636.0000000000
8785 -635.0000000000
8788 -634.0000000000
8797 -633.0000000000
8831 -632.0000000000
8852 -631.0000000000
8862 -630.0000000000
8866 -629.0000000000
8903 -628.0000000000
8919 -627.0000000000
8923 -626.0000000000
8936 -625.0000000000
8958 -624.0000000000
8969 -623.0000000000
8998 -622.0000000000
9003 -621.0000000000
9017 -620.0000000000
9038 -619.0000000000
9067 -618.0000000000
9081 -617.0000000000
9119 -614.0000000000
9121 -613.0000000000
9133 -612.0000000000
9135 -611.0000000000
9166 -610.0000000000
9178 -609.0000000000
9181 -608.0000000000
9185 -607.0000000000
9188 -606.0000000000
9195 -605.0000000000
9254 -604.0000000000
9258 -603.0000000000
9279 -602.0000000000
9281 -601.0000000000
9307 -600.0000000000
9333 -599.0000000000
9339 -598.0000000000
9355 -597.0000000000
9374 -596.0000000000
9377 -595.0000000000
9394 -594.0000000000
9396 -593.0000000000
9420 -591.0000000000
9427 -590.0000000000
9432 -589.0000000000
9438 -588.0000000000
9443 -587.0000000000
9444 -586.0000000000
9452 -585.0000000000
9493 -584.0000000000
9498 -583.0000000000
9531 -582.0000000000
9540 -581.0000000000
9549 -580.0000000000
9579 -579.0000000000
9592 -578.0000000000
9600 -577.0000000000
9624 -574.0000000000
9625 -573.0000000000
9634 -572.0000000000
9636 -571.0000000000
9677 -570.0000000000
9696 -569.0000000000
9732 -568.0000000000
9734 -567.0000000000
9744 -566.0000000000
9763 -565.0000000000
9769 -564.0000000000
9782 -563.0000000000
9800 -562.0000000000
9801 -561.0000000000
9816 -560.0000000000
9828 -559.0000000000
9874 -558.0000000000
9877 -557.0000000000
9916 -556.0000000000
9923 -555.0000000000
9946 -554.0000000000
9952 -553.0000000000
9964 -552.0000000000
9965 -551.0000000000
9968 -550.0000000000
10000 -552.0000000000
evaluations raw_y
1 -2007.0000000000
4 -2006.0000000000
11 -2004.0000000000
12 -2003.0000000000
18 -2002.0000000000
19 -2001.0000000000
30 -2000.0000000000
37 -1999.0000000000
40 -1998.0000000000
49 -1997.0000000000
53 -1996.0000000000
58 -1994.0000000000
63 -1993.0000000000
82 -1990.0000000000
83 -1989.0000000000
93 -1988.0000000000
94 -1987.0000000000
96 -1986.0000000000
100 -1985.0000000000
101 -1984.0000000000
105 -1983.0000000000
106 -1982.0000000000
108 -1981.0000000000
110 -1980.0000000000
112 -1979.0000000000
116 -1978.0000000000
120 -1977.0000000000
123 -1976.0000000000
125 -1975.0000000000
128 -1974.0000000000
130 -1973.0000000000
132 -1972.0000000000
134 -1971.0000000000
138 -1970.0000000000
143 -1969.0000000000
144 -1967.0000000000
146 -1965.0000000000
153 -1964.0000000000
155 -1963.0000000000
157 -1962.0000000000
165 -1961.0000000000
169 -1960.0000000000
170 -1959.0000000000
174 -1958.0000000000
178 -1957.0000000000
179 -1956.0000000000
185 -1955.0000000000
187 -1951.0000000000
188 -1950.0000000000
196 -1948.0000000000
197 -1945.0000000000
198 -1943.0000000000
211 -1942.0000000000
214 -1941.0000000000
216 -1940.0000000000
217 -1939.0000000000
229 -1938.0000000000
233 -1937.0000000000
238 -1935.0000000000
247 -1934.0000000000
257 -1933.0000000000
262 -1932.0000000000
263 -1931.0000000000
267 -1930.0000000000
268 -1929.0000000000
269 -1927.0000000000
270 -1926.0000000000
273 -1925.0000000000
274 -1924.0000000000
276 -1923.0000000000
278 -1922.0000000000
279 -1921.0000000000
280 -1920.0000000000
283 -1919.0000000000
287 -1918.0000000000
294 -1916.0000000000
295 -1915.0000000000
299 -1914.0000000000
300 -1913.0000000000
301 -1912.0000000000
303 -1911.0000000000
305 -1910.0000000000
307 -1909.0000000000
308 -1908.0000000000
334 -1906.0000000000
335 -1904.0000000000
337 -1903.0000000000
339 -1902.0000000000
342 -1901.0000000000
344 -1900.0000000000
345 -1899.0000000000
350 -1898.0000000000
353 -1897.0000000000
357 -1896.0000000000
361 -1895.0000000000
365 -1894.0000000000
374 -1893.0000000000
377 -1892.0000000000
387 -1891.0000000000
392 -1890.0000000000
393 -1889.0000000000
397 -1888.0000000000
398 -1887.0000000000
401 -1885.0000000000
405 -1884.0000000000
407 -1883.0000000000
408 -1882.0000000000
412 -1881.0000000000
413 -1878.0000000000
418 -1877.0000000000
420 -1876.0000000000
425 -1875.0000000000
428 -1874.0000000000
430 -1873.0000000000
437 -1872.0000000000
445 -1871.0000000000
448 -1870.0000000000
454 -1869.0000000000
456 -1868.0000000000
457 -1867.0000000000
462 -1866.0000000000
464 -1865.0000000000
466 -1864.0000000000
471 -1861.0000000000
478 -1860.0000000000
483 -1859.0000000000
486 -1857.0000000000
487 -1855.0000000000
488 -1854.0000000000
489 -1853.0000000000
490 -1852.0000000000
491 -1851.0000000000
498 -1850.0000000000
502 -1849.0000000000
506 -1848.0000000000
508 -1847.0000000000
516 -1846.0000000000
517 -1845.0000000000
518 -1842.0000000000
519 -1841.0000000000
521 -1840.0000000000
530 -1839.0000000000
531 -1836.0000000000
534 -1834.0000000000
544 -1833.0000000000
551 -1832.0000000000
557 -1831.0000000000
562 -1830.0000000000
564 -1829.0000000000
570 -1828.0000000000
571 -1827.0000000000
573 -1826.0000000000
574 -1825.0000000000
576 -1824.0000000000
579 -1822.0000000000
586 -1821.0000000000
589 -1820.0000000000
597 -1819.0000000000
598 -1818.0000000000
600 -1817.0000000000
601 -1816.0000000000
602 -1815.0000000000
604 -1814.0000000000
614 -1812.0000000000
616 -1811.0000000000
617 -1810.0000000000
619 -1809.0000000000
626 -1808.0000000000
629 -1806.0000000000
630 -1805.0000000000
635 -1804.0000000000
636 -1803.0000000000
638 -1802.0000000000
647 -1801.0000000000
652 -1800.0000000000
654 -1799.0000000000
659 -1797.0000000000
660 -1796.0000000000
672 -1795.0000000000
676 -1794.0000000000
687 -1793.0000000000
691 -1792.0000000000
700 -1791.0000000000
706 -1790.0000000000
707 -1789.0000000000
711 -1788.0000000000
712 -1787.0000000000
713 -1786.0000000000
719 -1785.0000000000
720 -1784.0000000000
722 -1782.0000000000
726 -1781.0000000000
733 -1779.0000000000
745 -1778.0000000000
749 -1776.0000000000
754 -1775.0000000000
755 -1774.0000000000
756 -1773.0000000000
759 -1772.0000000000
767 -1771.0000000000
772 -1770.0000000000
773 -1769.0000000000
786 -1768.0000000000
787 -1766.0000000000
790 -1765.0000000000
794 -1764.0000000000
795 -1763.0000000000
810 -1762.0000000000
812 -1761.0000000000
818 -1760.0000000000
823 -1759.0000000000
826 -1758.0000000000
828 -1757.0000000000
839 -1756.0000000000
848 -1755.0000000000
849 -1754.0000000000
861 -1752.0000000000
867 -1751.0000000000
877 -1750.0000000000
882 -1748.0000000000
889 -1747.0000000000
895 -1746.0000000000
898 -1745.0000000000
906 -1744.0000000000
912 -1743.0000000000
915 -1742.0000000000
918 -1741.0000000000
931 -1740.0000000000
932 -1738.0000000000
933 -1737.0000000000
934 -1736.0000000000
940 -1735.0000000000
944 -1734.0000000000
945 -1733.0000000000
946 -1732.0000000000
948 -1731.0000000000
950 -1729.0000000000
954 -1725.0000000000
959 -1724.0000000000
965 -1723.0000000000
967 -1722.0000000000
974 -1721.0000000000
979 -1719.0000000000
982 -1718.0000000000
987 -1716.0000000000
990 -1715.0000000000
994 -1714.0000000000
1001 -1713.0000000000
1007 -1711.0000000000
1021 -1710.0000000000
1027 -1709.0000000000
1028 -1708.0000000000
1033 -1707.0000000000
1038 -1706.0000000000
1045 -1704.0000000000
1046 -1703.0000000000
1055 -1700.0000000000
1062 -1699.0000000000
1063 -1698.0000000000
1066 -1696.0000000000
1068 -1695.0000000000
1071 -1693.0000000000
1074 -1692.0000000000
1079 -1690.0000000000
1081 -1689.0000000000
1089 -1688.0000000000
1096 -1687.0000000000
1097 -1686.0000000000
1099 -1685.0000000000
1106 -1684.0000000000
1107 -1683.0000000000
1119 -1682.0000000000
1123 -1681.0000000000
1124 -1680.0000000000
1126 -1679.0000000000
1129 -1678.0000000000
1132 -1676.0000000000
1139 -1675.0000000000
1141 -1674.0000000000
1143 -1673.0000000000
1147 -1671.0000000000
1148 -1670.0000000000
1149 -1669.0000000000
1154 -1668.0000000000
1158 -1667.0000000000
1159 -1666.0000000000
1162 -1664.0000000000
1172 -1663.0000000000
1174 -1662.0000000000
1177 -1661.0000000000
1178 -1660.0000000000
1184 -1659.0000000000
1185 -1658.0000000000
1187 -1657.0000000000
1192 -1654.0000000000
1193 -1653.0000000000
1206 -1652.0000000000
1214 -1651.0000000000
1215 -1650.0000000000
1218 -1649.0000000000
1221 -1648.0000000000
1230 -1647.0000000000
1232 -1646.0000000000
1233 -1645.0000000000
1235 -1644.0000000000
1240 -1643.0000000000
1241 -1642.0000000000
1246 -1641.0000000000
1260 -1640.0000000000
1264 -1639.0000000000
1265 -1638.0000000000
1267 -1636.0000000000
1272 -1634.0000000000
1278 -1633.0000000000
1282 -1632.0000000000
1287 -1631.0000000000
1288 -1630.0000000000
1290 -1628.0000000000
1293 -1627.0000000000
1295 -1626.0000000000
1296 -1624.0000000000
1302 -1623.0000000000
1304 -1621.0000000000
1308 -1620.0000000000
1312 -1618.0000000000
1313 -1617.0000000000
1314 -1616.0000000000
1322 -1615.0000000000
1327 -1614.0000000000
1330 -1613.0000000000
1334 -1612.0000000000
1336 -1611.0000000000
1343 -1610.0000000000
1346 -1609.0000000000
1354 -1608.0000000000
1355 -1607.0000000000
1357 -1606.0000000000
1358 -1605.0000000000
1359 -1603.0000000000
1362 -1602.0000000000
1366 -1601.0000000000
1378 -1600.0000000000
1381 -1599.0000000000
1398 -1598.0000000000
1400 -1596.0000000000
1403 -1594.0000000000
1405 -1593.0000000000
1406 -1592.0000000000
1409 -1589.0000000000
1420 -1585.0000000000
1424 -1584.0000000000
1427 -1583.0000000000
1429 -1582.0000000000
1434 -1581.0000000000
1443 -1579.0000000000
1459 -1578.0000000000
1463 -1577.0000000000
1467 -1576.0000000000
1474 -1575.0000000000
1478 -1574.0000000000
1480 -1573.0000000000
1491 -1572.0000000000
1495 -1571.0000000000
1498 -1570.0000000000
1503 -1569.0000000000
1509 -1568.0000000000
1514 -1567.0000000000
1515 -1566.0000000000
1518 -1565.0000000000
1520 -1564.0000000000
1521 -1563.0000000000
1522 -1562.0000000000
1526 -1561.0000000000
1528 -1560.0000000000
1540 -1559.0000000000
1543 -1558.0000000000
1544 -1557.0000000000
1548 -1556.0000000000
1550 -1554.0000000000
1559 -1553.0000000000
1564 -1552.0000000000
1567 -1551.0000000000
1569 -1550.0000000000
1579 -1549.0000000000
1582 -1547.0000000000
1586 -1546.0000000000
1590 -1545.0000000000
1595 -1543.0000000000
1598 -1542.0000000000
1599 -1540.0000000000
1600 -1539.0000000000
1602 -1538.0000000000
1605 -1537.0000000000
1606 -1535.0000000000
1612 -1533.0000000000
1614 -1532.0000000000
1619 -1531.0000000000
1624 -1529.0000000000
1636 -1528.0000000000
1640 -1527.0000000000
1645 -1525.0000000000
1646 -1524.0000000000
1658 -1521.0000000000
1659 -1520.0000000000
1666 -1519.0000000000
1667 -1517.0000000000
1672 -1516.0000000000
1678 -1515.0000000000
1681 -1514.0000000000
1684 -1513.0000000000
1685 -1511.0000000000
1686 -1510.0000000000
1688 -1509.0000000000
1692 -1508.0000000000
1693 -1506.0000000000
1695 -1505.0000000000
1697 -1503.0000000000
1698 -1502.0000000000
1699 -1501.0000000000
1700 -1500.0000000000
1707 -1499.0000000000
1709 -1498.0000000000
1710 -1495.0000000000
1711 -1494.0000000000
1719 -1493.0000000000
1732 -1492.0000000000
1737 -1491.0000000000
1739 -1490.0000000000
1743 -1489.0000000000
1744 -1488.0000000000
1747 -1487.0000000000
1749 -1486.0000000000
1774 -1485.0000000000
1781 -1484.0000000000
1792 -1483.0000000000
1793 -1481.0000000000
1796 -1480.0000000000
1800 -1479.0000000000
1802 -1478.0000000000
1818 -1477.0000000000
1820 -1475.0000000000
1821 -1474.0000000000
1833 -1473.0000000000
1835 -1472.0000000000
1836 -1471.0000000000
1837 -1470.0000000000
1840 -1469.0000000000
1842 -1468.0000000000
1844 -1467.0000000000
1845 -1466.0000000000
1848 -1465.0000000000
1851 -1464.0000000000
1854 -1463.0000000000
1857 -1461.0000000000
1865 -1460.0000000000
1868 -1459.0000000000
1869 -1458.0000000000
1879 -1457.0000000000
1886 -1456.0000000000
1899 -1455.0000000000
1906 -1454.0000000000
1908 -1453.0000000000
1924 -1452.0000000000
1925 -1451.0000000000
1927 -1450.0000000000
1930 -1449.0000000000
1934 -1448.0000000000
1935 -1447.0000000000
1944 -1446.0000000000
1958 -1444.0000000000
1974 -1443.0000000000
1983 -1442.0000000000
1987 -1441.0000000000
1988 -1440.0000000000
1989 -1439.0000000000
1991 -1438.0000000000
1992 -1436.0000000000
1993 -1435.0000000000
2000 -1434.0000000000
2012 -1433.0000000000
2016 -1432.0000000000
2017 -1431.0000000000
2033 -1430.0000000000
2034 -1429.0000000000
2045 -1428.0000000000
2046 -1427.0000000000
2048 -1426.0000000000
2062 -1425.0000000000
2063 -1424.0000000000
2071 -1423.0000000000
2080 -1422.0000000000
2083 -1421.0000000000
2096 -1420.0000000000
2097 -1419.0000000000
2103 -1418.0000000000
2117 -1416.0000000000
2120 -1415.0000000000
2122 -1412.0000000000
2127 -1410.0000000000
2134 -1409.0000000000
2136 -1408.0000000000
2137 -1407.0000000000
2139 -1406.0000000000
2143 -1405.0000000000
2165 -1404.0000000000
2169 -1403.0000000000
2177 -1401.0000000000
2184 -1400.0000000000
2189 -1399.0000000000
2193 -1397.0000000000
2196 -1396.0000000000
2227 -1395.0000000000
2230 -1394.0000000000
2239 -1393.0000000000
2241 -1392.0000000000
2245 -1391.0000000000
2246 -1390.0000000000
2248 -1389.0000000000
2260 -1388.0000000000
2262 -1386.0000000000
2267 -1385.0000000000
2277 -1384.0000000000
2279 -1383.0000000000
2284 -1382.0000000000
2288 -1381.0000000000
2311 -1380.0000000000
2325 -1378.0000000000
2328 -1377.0000000000
2333 -1376.0000000000
2344 -1375.0000000000
2354 -1374.0000000000
2356 -1373.0000000000
2367 -1372.0000000000
2387 -1371.0000000000
2389 -1370.0000000000
2391 -1369.0000000000
2395 -1368.0000000000
2400 -1367.0000000000
2413 -1366.0000000000
2421 -1365.0000000000
2428 -1364.0000000000
2430 -1363.0000000000
2432 -1361.0000000000
2447 -1359.0000000000
2450 -1358.0000000000
2452 -1356.0000000000
2454 -1355.0000000000
2455 -1354.0000000000
2465 -1353.0000000000
2468 -1352.0000000000
2472 -1350.0000000000
2473 -1349.0000000000
2476 -1347.0000000000
2485 -1346.0000000000
2490 -1345.0000000000
2504 -1344.0000000000
2520 -1343.0000000000
2541 -1342.0000000000
2549 -1341.0000000000
2551 -1339.0000000000
2562 -1338.0000000000
2569 -1337.0000000000
2574 -1336.0000000000
2575 -1335.0000000000
2578 -1334.0000000000
2579 -1333.0000000000
2598 -1332.0000000000
2601 -1331.0000000000
2608 -1330.0000000000
2610 -1329.0000000000
2616 -1327.0000000000
2620 -1326.0000000000
2631 -1325.0000000000
2638 -1323.0000000000
2645 -1322.0000000000
2651 -1321.0000000000
2656 -1320.0000000000
2659 -1319.0000000000
2675 -1318.0000000000
2676 -1317.0000000000
2683 -1316.0000000000
2689 -1315.0000000000
2690 -1314.0000000000
2698 -1313.0000000000
2724 -1312.0000000000
2727 -1311.0000000000
2742 -1310.0000000000
2743 -1309.0000000000
2750 -1308.0000000000
2769 -1306.0000000000
2776 -1304.0000000000
2777 -1303.0000000000
2784 -1302.0000000000
2791 -1301.0000000000
2796 -1299.0000000000
2803 -1298.0000000000
2809 -1295.0000000000
2813 -1294.0000000000
2833 -1293.0000000000
2844 -1292.0000000000
2852 -1291.0000000000
2861 -1290.0000000000
2868 -1289.0000000000
2870 -1288.0000000000
2876 -1286.0000000000
2880 -1283.0000000000
2897 -1282.0000000000
2905 -1279.0000000000
2922 -1278.0000000000
2927 -1277.0000000000
2935 -1275.0000000000
2936 -1274.0000000000
2938 -1273.0000000000
2947 -1272.0000000000
2950 -1271.0000000000
2955 -1270.0000000000
2959 -1268.0000000000
2983 -1267.0000000000
2986 -1266.0000000000
2987 -1265.0000000000
3013 -1263.0000000000
3016 -1262.0000000000
3026 -1261.0000000000
3031 -1260.0000000000
3038 -1259.0000000000
3040 -1258.0000000000
3047 -1256.0000000000
3057 -1255.0000000000
3061 -1254.0000000000
3065 -1253.0000000000
3076 -1252.0000000000
3086 -1250.0000000000
3099 -1249.0000000000
3105 -1247.0000000000
3112 -1246.0000000000
3117 -1244.0000000000
3126 -1243.0000000000
3132 -1241.0000000000
3133 -1240.0000000000
3136 -1239.0000000000
3139 -1238.0000000000
3150 -1237.0000000000
3159 -1236.0000000000
3161 -1235.0000000000
3170 -1234.0000000000
3173 -1233.0000000000
3177 -1232.0000000000
3186 -1231.0000000000
3189 -1230.0000000000
3207 -1229.0000000000
3225 -1227.0000000000
3240 -1226.0000000000
3241 -1225.0000000000
3247 -1224.0000000000
3253 -1223.0000000000
3260 -1222.0000000000
3261 -1220.0000000000
3266 -1219.0000000000
3268 -1218.0000000000
3273 -1217.0000000000
3275 -1216.0000000000
3276 -1215.0000000000
3277 -1214.0000000000
3285 -1213.0000000000
3287 -1212.0000000000
3291 -1211.0000000000
3292 -1210.0000000000
3295 -1209.0000000000
3297 -1208.0000000000
3301 -1207.0000000000
3302 -1206.0000000000
3313 -1204.0000000000
3317 -1203.0000000000
3324 -1202.0000000000
3326 -1201.0000000000
3327 -1200.0000000000
3330 -1199.0000000000
3340 -1196.0000000000
3343 -1195.0000000000
3346 -1194.0000000000
3351 -1192.0000000000
3378 -1191.0000000000
3381 -1190.0000000000
3387 -1189.0000000000
3400 -1188.0000000000
3404 -1187.0000000000
3437 -1186.0000000000
3442 -1185.0000000000
3450 -1184.0000000000
3457 -1183.0000000000
3471 -1182.0000000000
3494 -1181.0000000000
3511 -1180.0000000000
3519 -1179.0000000000
3521 -1178.0000000000
3556 -1177.0000000000
3557 -1176.0000000000
3568 -1175.0000000000
3582 -1174.0000000000
3584 -1173.0000000000
3585 -1172.0000000000
3586 -1171.0000000000
3592 -1170.0000000000
3599 -1169.0000000000
3606 -1168.0000000000
3610 -1167.0000000000
3617 -1166.0000000000
3635 -1165.0000000000
3644 -1164.0000000000
3648 -1163.0000000000
3649 -1162.0000000000
3658 -1161.0000000000
3685 -1160.0000000000
3693 -1159.0000000000
3710 -1158.0000000000
3717 -1157.0000000000
3722 -1156.0000000000
3737 -1154.0000000000
3738 -1153.0000000000
3741 -1152.0000000000
3752 -1151.0000000000
3774 -1150.0000000000
3776 -1149.0000000000
3790 -1148.0000000000
3805 -1147.0000000000
3815 -1146.0000000000
3816 -1145.0000000000
3821 -1144.0000000000
3822 -1143.0000000000
3837 -1142.0000000000
3842 -1141.0000000000
3852 -1140.0000000000
3854 -1139.0000000000
3856 -1138.0000000000
3864 -1137.0000000000
3870 -1136.0000000000
3877 -1135.0000000000
3890 -1134.0000000000
3896 -1133.0000000000
3898 -1132.0000000000
3915 -1131.0000000000
3916 -1130.0000000000
3929 -1127.0000000000
3933 -1126.0000000000
3942 -1125.0000000000
3953 -1124.0000000000
3965 -1122.0000000000
3969 -1119.0000000000
3974 -1118.0000000000
3979 -1117.0000000000
3981 -1116.0000000000
3986 -1115.0000000000
3990 -1113.0000000000
3995 -1112.0000000000
4000 -1111.0000000000
4011 -1110.0000000000
4035 -1108.0000000000
4066 -1107.0000000000
4069 -1105.0000000000
4072 -1104.0000000000
4080 -1102.0000000000
4099 -1101.0000000000
4107 -1100.0000000000
4117 -1099.0000000000
4120 -1098.0000000000
4145 -1097.0000000000
4196 -1096.0000000000
4205 -1095.0000000000
4214 -1094.0000000000
4216 -1093.0000000000
4237 -1092.0000000000
4254 -1090.0000000000
4255 -1089.0000000000
4260 -1088.0000000000
4286 -1087.0000000000
4290 -1086.0000000000
4294 -1085.0000000000
4296 -1083.0000000000
4304 -1082.0000000000
4317 -1081.0000000000
4338 -1080.0000000000
4340 -1079.0000000000
4368 -1077.0000000000
4380 -1076.0000000000
4381 -1075.0000000000
4382 -1073.0000000000
4390 -1072.0000000000
4399 -1071.0000000000
4414 -1070.0000000000
4450 -1068.0000000000
4457 -1066.0000000000
4465 -1065.0000000000
4482 -1063.0000000000
4488 -1062.0000000000
4503 -1061.0000000000
4505 -1060.0000000000
4508 -1059.0000000000
4523 -1058.0000000000
4528 -1057.0000000000
4536 -1056.0000000000
4543 -1055.0000000000
4544 -1054.0000000000
4549 -1052.0000000000
4563 -1050.0000000000
4577 -1048.0000000000
4579 -1047.0000000000
4582 -1046.0000000000
4599 -1044.0000000000
4604 -1043.0000000000
4607 -1042.0000000000
4608 -1041.0000000000
4621 -1040.0000000000
4639 -1038.0000000000
4648 -1037.0000000000
4650 -1035.0000000000
4651 -1034.0000000000
4653 -1033.0000000000
4663 -1032.0000000000
4664 -1030.0000000000
4666 -1029.0000000000
4668 -1027.0000000000
4669 -1026.0000000000
4673 -1025.0000000000
4674 -1024.0000000000
4677 -1023.0000000000
4679 -1022.0000000000
4705 -1021.0000000000
4709 -1019.0000000000
4726 -1016.0000000000
4730 -1015.0000000000
4732 -1014.0000000000
4738 -1012.0000000000
4743 -1011.0000000000
4744 -1010.0000000000
4764 -1009.0000000000
4797 -1008.0000000000
4802 -1007.0000000000
4821 -1006.0000000000
4835 -1005.0000000000
4837 -1004.0000000000
4844 -1003.0000000000
4862 -1002.0000000000
4884 -1001.0000000000
4886 -999.0000000000
4892 -998.0000000000
4897 -996.0000000000
4901 -994.0000000000
4902 -993.0000000000
4904 -992.0000000000
4928 -991.0000000000
4929 -990.0000000000
4931 -989.0000000000
4941 -988.0000000000
4947 -987.0000000000
4959 -986.0000000000
4982 -985.0000000000
4993 -984.0000000000
5003 -983.0000000000
5007 -982.0000000000
5012 -981.0000000000
5024 -980.0000000000
5027 -979.0000000000
5034 -978.0000000000
5043 -977.0000000000
5053 -976.0000000000
5057 -975.0000000000
5060 -974.0000000000
5063 -973.0000000000
5067 -972.0000000000
5069 -970.0000000000
5082 -969.0000000000
5132 -968.0000000000
5139 -967.0000000000
5151 -966.0000000000
5154 -965.0000000000
5163 -964.0000000000
5184 -963.0000000000
5185 -962.0000000000
5191 -961.0000000000
5193 -960.0000000000
5198 -959.0000000000
5201 -958.0000000000
5206 -957.0000000000
5213 -956.0000000000
5215 -954.0000000000
5231 -953.0000000000
5254 -952.0000000000
5264 -950.0000000000
5273 -949.0000000000
5288 -948.0000000000
5305 -947.0000000000
5316 -946.0000000000
5318 -945.0000000000
5343 -944.0000000000
5350 -943.0000000000
5352 -942.0000000000
5353 -941.0000000000
5374 -940.0000000000
5380 -939.0000000000
5397 -938.0000000000
5406 -937.0000000000
5426 -936.0000000000
5429 -935.0000000000
5468 -934.0000000000
5472 -933.0000000000
5481 -932.0000000000
5492 -931.0000000000
5498 -930.0000000000
5520 -929.0000000000
5532 -928.0000000000
5541 -927.0000000000
5545 -926.0000000000
5547 -925.0000000000
5561 -924.0000000000
5562 -923.0000000000
5567 -922.0000000000
5573 -921.0000000000
5577 -920.0000000000
5579 -919.0000000000
5580 -918.0000000000
5584 -917.0000000000
5586 -915.0000000000
5593 -914.0000000000
5597 -913.0000000000
5598 -912.0000000000
5622 -911.0000000000
5630 -910.0000000000
5650 -909.0000000000
5682 -908.0000000000
5690 -907.0000000000
5691 -906.0000000000
5692 -905.0000000000
5700 -904.0000000000
5709 -903.0000000000
5728 -902.0000000000
5730 -901.0000000000
5733 -900.0000000000
5741 -899.0000000000
5743 -898.0000000000
5757 -896.0000000000
5791 -895.0000000000
5809 -894.0000000000
5815 -893.0000000000
5817 -892.0000000000
5820 -891.0000000000
5824 -890.0000000000
5828 -889.0000000000
5931 -887.0000000000
5944 -884.0000000000
5963 -883.0000000000
5976 -882.0000000000
5988 -881.0000000000
5989 -880.0000000000
5991 -879.0000000000
6002 -878.0000000000
6018 -877.0000000000
6020 -876.0000000000
6024 -874.0000000000
6050 -873.0000000000
6086 -872.0000000000
6096 -871.0000000000
6097 -870.0000000000
6111 -869.0000000000
6135 -868.0000000000
6140 -867.0000000000
6142 -866.0000000000
6164 -865.0000000000
6168 -863.0000000000
6183 -862.0000000000
6200 -861.0000000000
6204 -860.0000000000
6211 -859.0000000000
6228 -858.0000000000
6229 -857.0000000000
6231 -856.0000000000
6238 -854.0000000000
6248 -853.0000000000
6258 -852.0000000000
6277 -851.0000000000
6278 -849.0000000000
6294 -848.0000000000
6308 -845.0000000000
6316 -843.0000000000
6317 -842.0000000000
6373 -841.0000000000
6386 -840.0000000000
6390 -839.0000000000
6401 -837.0000000000
6405 -836.0000000000
6410 -835.0000000000
6421 -834.0000000000
6423 -833.0000000000
6430 -832.0000000000
6439 -830.0000000000
6445 -829.0000000000
6447 -828.0000000000
6449 -827.0000000000
6450 -826.0000000000
6461 -825.0000000000
6468 -824.0000000000
6482 -823.0000000000
6508 -822.0000000000
6510 -821.0000000000
6515 -819.0000000000
6543 -818.0000000000
6545 -817.0000000000
6553 -816.0000000000
6565 -814.0000000000
6571 -813.0000000000
6575 -812.0000000000
6582 -811.0000000000
6647 -810.0000000000
6669 -809.0000000000
6688 -808.0000000000
6706 -806.0000000000
6720 -804.0000000000
6730 -803.0000000000
6737 -802.0000000000
6739 -801.0000000000
6773 -799.0000000000
6776 -798.0000000000
6777 -797.0000000000
6784 -796.0000000000
6814 -795.0000000000
6819 -794.0000000000
6833 -793.0000000000
6838 -792.0000000000
6850 -791.0000000000
6852 -790.0000000000
6856 -789.0000000000
6858 -788.0000000000
6893 -787.0000000000
6904 -786.0000000000
6925 -785.0000000000
6934 -784.0000000000
6935 -783.0000000000
6967 -782.0000000000
7025 -781.0000000000
7027 -780.0000000000
7039 -779.0000000000
7042 -778.0000000000
7065 -777.0000000000
7074 -776.0000000000
7093 -775.0000000000
7109 -773.0000000000
7115 -772.0000000000
7138 -771.0000000000
7152 -770.0000000000
7229 -768.0000000000
7230 -767.0000000000
7266 -766.0000000000
7278 -765.0000000000
7288 -763.0000000000
7298 -761.0000000000
7303 -760.0000000000
7318 -759.0000000000
7324 -758.0000000000
7339 -757.0000000000
7351 -756.0000000000
7358 -754.0000000000
7370 -753.0000000000
7375 -752.0000000000
7383 -751.0000000000
7408 -750.0000000000
7424 -749.0000000000
7434 -748.0000000000
7438 -747.0000000000
7534 -745.0000000000
7536 -744.0000000000
7564 -743.0000000000
7565 -742.0000000000
7571 -740.0000000000
7580 -739.0000000000
7608 -738.0000000000
7618 -737.0000000000
7633 -736.0000000000
7639 -735.0000000000
7653 -733.0000000000
7660 -732.0000000000
7661 -731.0000000000
7667 -730.0000000000
7702 -729.0000000000
7707 -728.0000000000
7721 -727.0000000000
7757 -726.0000000000
7759 -725.0000000000
7763 -724.0000000000
7785 -723.0000000000
7794 -722.0000000000
7803 -721.0000000000
7818 -720.0000000000
7821 -719.0000000000
7827 -718.0000000000
7835 -717.0000000000
7841 -716.0000000000
7862 -715.0000000000
7867 -714.0000000000
7874 -713.0000000000
7881 -712.0000000000
7899 -711.0000000000
7912 -710.0000000000
7918 -709.0000000000
7952 -708.0000000000
7971 -707.0000000000
7979 -706.0000000000
7987 -705.0000000000
7990 -704.0000000000
7994 -703.0000000000
8002 -702.0000000000
8012 -701.0000000000
8064 -700.0000000000
8091 -699.0000000000
8114 -698.0000000000
8122 -697.0000000000
8126 -696.0000000000
8151 -695.0000000000
8158 -694.0000000000
8188 -693.0000000000
8201 -692.0000000000
8207 -691.0000000000
8215 -690.0000000000
8222 -689.0000000000
8231 -688.0000000000
8240 -687.0000000000
8243 -686.0000000000
8265 -685.0000000000
8266 -684.0000000000
8281 -683.0000000000
8314 -682.0000000000
8322 -681.0000000000
8333 -680.0000000000
8379 -679.0000000000
8384 -678.0000000000
8400 -677.0000000000
8420 -676.0000000000
8433 -675.0000000000
8462 -674.0000000000
8464 -673.0000000000
8472 -672.0000000000
8476 -671.0000000000
8489 -670.0000000000
8501 -669.0000000000
8516 -668.0000000000
8522 -667.0000000000
8529 -666.0000000000
8546 -665.0000000000
8558 -664.0000000000
8591 -663.0000000000
8615 -662.0000000000
8620 -661.0000000000
8627 -660.0000000000
8664 -659.0000000000
8680 -658.0000000000
8682 -657.0000000000
8683 -656.0000000000
8724 -655.0000000000
8773 -654.0000000000
8778 -653.0000000000
8780 -652.0000000000
8789 -651.0000000000
8796 -650.0000000000
8802 -649.0000000000
8817 -648.0000000000
8831 -647.0000000000
8846 -646.0000000000
8888 -645.0000000000
8896 -644.0000000000
8904 -643.0000000000
8919 -642.0000000000
8924 -641.0000000000
8927 -640.0000000000
8929 -639.0000000000
8936 -638.0000000000
8938 -637.0000000000
8943 -636.0000000000
8967 -635.0000000000
8973 -634.0000000000
8998 -633.0000000000
9004 -632.0000000000
9005 -631.0000000000
9032 -630.0000000000
9033 -629.0000000000
9043 -627.0000000000
9064 -626.0000000000
9078 -625.0000000000
9081 -624.0000000000
9107 -623.0000000000
9139 -622.0000000000
9153 -621.0000000000
9183 -620.0000000000
9207 -618.0000000000
9231 -617.0000000000
9232 -616.0000000000
9248 -615.0000000000
9251 -614.0000000000
9252 -613.0000000000
9259 -612.0000000000
9280 -611.0000000000
9300 -610.0000000000
9323 -609.0000000000
9331 -608.0000000000
9377 -607.0000000000
9404 -606.0000000000
9405 -605.0000000000
9418 -603.0000000000
9421 -602.0000000000
9430 -601.0000000000
9452 -600.0000000000
9453 -599.0000000000
9506 -598.0000000000
9510 -596.0000000000
9519 -595.0000000000
9546 -594.0000000000
9552 -593.0000000000
9554 -592.0000000000
9559 -591.0000000000
9568 -590.0000000000
9579 -589.0000000000
9582 -588.0000000000
9588 -587.0000000000
9592 -586.0000000000
9599 -585.0000000000
9625 -584.0000000000
9626 -583.0000000000
9649 -582.0000000000
9650 -581.0000000000
9661 -580.0000000000
9665 -579.0000000000
9673 -577.0000000000
9682 -576.0000000000
9695 -575.0000000000
9705 -573.0000000000
9708 -572.0000000000
9718 -571.0000000000
9725 -570.0000000000
9726 -569.0000000000
9744 -568.0000000000
9748 -567.0000000000
9758 -566.0000000000
9759 -565.0000000000
9761 -564.0000000000
9763 -563.0000000000
9767 -562.0000000000
9768 -561.0000000000
9821 -560.0000000000
9865 -559.0000000000
9963 -558.0000000000
9964 -557.0000000000
9989 -556.0000000000
9998 -555.0000000000
10000 -555.0000000000
evaluations raw_y
1 -1981.0000000000
3 -1980.0000000000
4 -1979.0000000000
15 -1978.0000000000
16 -1977.0000000000
20 -1976.0000000000
23 -1974.0000000000
25 -1972.0000000000
26 -1971.0000000000
29 -1970.0000000000
30 -1969.0000000000
33 -1968.0000000000
35 -1967.0000000000
42 -1966.0000000000
43 -1965.0000000000
45 -1964.0000000000
46 -1963.0000000000
47 -1962.0000000000
48 -1960.0000000000
53 -1958.0000000000
54 -1956.0000000000
70 -1955.0000000000
74 -1954.0000000000
81 -1953.0000000000
87 -1952.0000000000
92 -1951.0000000000
98 -1950.0000000000
100 -1949.0000000000
108 -1948.0000000000
113 -1943.0000000000
119 -1942.0000000000
120 -1941.0000000000
123 -1940.0000000000
124 -1939.0000000000
129 -1938.0000000000
138 -1936.0000000000
146 -1935.0000000000
147 -1933.0000000000
156 -1932.0000000000
159 -1930.0000000000
160 -1929.0000000000
161 -1928.0000000000
163 -1927.0000000000
164 -1926.0000000000
165 -1925.0000000000
166 -1924.0000000000
170 -1923.0000000000
172 -1922.0000000000
178 -1921.0000000000
185 -1919.0000000000
187 -1918.0000000000
192 -1917.0000000000
194 -1916.0000000000
195 -1915.0000000000
202 -1913.0000000000
205 -1912.0000000000
210 -1911.0000000000
218 -1910.0000000000
219 -1909.0000000000
220 -1908.0000000000
222 -1907.0000000000
223 -1906.0000000000
227 -1905.0000000000
229 -1904.0000000000
244 -1902.0000000000
246 -1901.0000000000
248 -1900.0000000000
249 -1899.0000000000
251 -1898.0000000000
257 -1897.0000000000
258 -1896.0000000000
259 -1894.0000000000
268 -1893.0000000000
270 -1892.0000000000
271 -1890.0000000000
280 -1889.0000000000
282 -1888.0000000000
288 -1887.0000000000
291 -1884.0000000000
292 -1883.0000000000
298 -1882.0000000000
311 -1881.0000000000
312 -1880.0000000000
317 -1879.0000000000
318 -1877.0000000000
319 -1874.0000000000
323 -1873.0000000000
327 -1872.0000000000
336 -1869.0000000000
338 -1868.0000000000
343 -1867.0000000000
344 -1866.0000000000
349 -1864.0000000000
352 -1863.0000000000
353 -1862.0000000000
358 -1861.0000000000
367 -1859.0000000000
374 -1858.0000000000
378 -1857.0000000000
380 -1856.0000000000
381 -1855.0000000000
386 -1854.0000000000
390 -1853.0000000000
397 -1852.0000000000
401 -1851.0000000000
402 -1850.0000000000
407 -1848.0000000000
409 -1847.0000000000
412 -1846.0000000000
413 -1845.0000000000
415 -1844.0000000000
417 -1843.0000000000
424 -1842.0000000000
427 -1841.0000000000
437 -1839.0000000000
439 -1838.0000000000
440 -1836.0000000000
448 -1835.0000000000
452 -1834.0000000000
455 -1833.0000000000
457 -1832.0000000000
461 -1830.0000000000
462 -1829.0000000000
467 -1828.0000000000
476 -1827.0000000000
477 -1826.0000000000
478 -1825.0000000000
480 -1824.0000000000
486 -1823.0000000000
491 -1822.0000000000
498 -1821.0000000000
505 -1820.0000000000
508 -1819.0000000000
510 -1818.0000000000
517 -1816.0000000000
528 -1815.0000000000
534 -1814.0000000000
535 -1813.0000000000
540 -1812.0000000000
541 -1811.0000000000
546 -1809.0000000000
549 -1808.0000000000
559 -1807.0000000000
561 -1805.0000000000
562 -1802.0000000000
567 -1801.0000000000
575 -1800.0000000000
579 -1798.0000000000
580 -1797.0000000000
591 -1796.0000000000
594 -1795.0000000000
597 -1794.0000000000
601 -1793.0000000000
603 -1791.0000000000
604 -1790.0000000000
607 -1789.0000000000
608 -1788.0000000000
611 -1787.0000000000
614 -1786.0000000000
628 -1785.0000000000
630 -1784.0000000000
633 -1783.0000000000
634 -1782.0000000000
635 -1780.0000000000
637 -1779.0000000000
638 -1777.0000000000
645 -1776.0000000000
648 -1775.0000000000
656 -1774.0000000000
660 -1773.0000000000
667 -1772.0000000000
669 -1771.0000000000
671 -1769.0000000000
672 -1768.0000000000
674 -1767.0000000000
675 -1766.0000000000
676 -1765.0000000000
679 -1764.0000000000
680 -1763.0000000000
682 -1761.0000000000
684 -1760.0000000000
685 -1759.0000000000
687 -1757.0000000000
691 -1756.0000000000
696 -1754.0000000000
698 -1753.0000000000
700 -1752.0000000000
701 -1751.0000000000
702 -1750.0000000000
703 -1749.0000000000
704 -1745.0000000000
708 -1744.0000000000
718 -1743.0000000000
720 -1742.0000000000
721 -1741.0000000000
722 -1739.0000000000
732 -1738.0000000000
758 -1737.0000000000
764 -1735.0000000000
766 -1732.0000000000
773 -1731.0000000000
778 -1730.0000000000
793 -1727.0000000000
795 -1726.0000000000
807 -1725.0000000000
808 -1723.0000000000
810 -1722.0000000000
830 -1721.0000000000
832 -1720.0000000000
836 -1719.0000000000
837 -1718.0000000000
839 -1717.0000000000
843 -1715.0000000000
844 -1714.0000000000
850 -1713.0000000000
856 -1712.0000000000
858 -1711.0000000000
859 -1710.0000000000
860 -1709.0000000000
864 -1708.0000000000
868 -1707.0000000000
872 -1705.0000000000
876 -1704.0000000000
880 -1703.0000000000
888 -1702.0000000000
889 -1701.0000000000
895 -1700.0000000000
900 -1698.0000000000
901 -1696.0000000000
905 -1695.0000000000
914 -1694.0000000000
921 -1692.0000000000
923 -1691.0000000000
938 -1690.0000000000
940 -1689.0000000000
942 -1686.0000000000
945 -1684.0000000000
949 -1683.0000000000
957 -1682.0000000000
963 -1680.0000000000
965 -1679.0000000000
971 -1678.0000000000
973 -1677.0000000000
974 -1676.0000000000
988 -1675.0000000000
991 -1674.0000000000
996 -1673.0000000000
1004 -1672.0000000000
1006 -1671.0000000000
1011 -1670.0000000000
1016 -1669.0000000000
1018 -1668.0000000000
1019 -1667.0000000000
1021 -1666.0000000000
1028 -1665.0000000000
1031 -1664.0000000000
1047 -1663.0000000000
1057 -1660.0000000000
1058 -1659.0000000000
1061 -1658.0000000000
1062 -1656.0000000000
1069 -1655.0000000000
1072 -1654.0000000000
1091 -1651.0000000000
1092 -1650.0000000000
1099 -1649.0000000000
1108 -1648.0000000000
1111 -1647.0000000000
1113 -1646.0000000000
1116 -1645.0000000000
1125 -1644.0000000000
1130 -1643.0000000000
1132 -1642.0000000000
1134 -1640.0000000000
1147 -1639.0000000000
1159 -1638.0000000000
1161 -1637.0000000000
1166 -1636.0000000000
1170 -1635.0000000000
1176 -1634.0000000000
1178 -1632.0000000000
1182 -1630.0000000000
1189 -1629.0000000000
1191 -1628.0000000000
1195 -1627.0000000000
1199 -1626.0000000000
1208 -1624.0000000000
1211 -1622.0000000000
1219 -1621.0000000000
1221 -1620.0000000000
1225 -1619.0000000000
1230 -1617.0000000000
1233 -1616.0000000000
1240 -1615.0000000000
1244 -1614.0000000000
1248 -1612.0000000000
1257 -1611.0000000000
1258 -1610.0000000000
1260 -1609.0000000000
1262 -1608.0000000000
1268 -1606.0000000000
1269 -1605.0000000000
1278 -1603.0000000000
1281 -1601.0000000000
1282 -1600.0000000000
1294 -1599.0000000000
1297 -1598.0000000000
1300 -1596.0000000000
1304 -1595.0000000000
1306 -1594.0000000000
1310 -1593.0000000000
1312 -1591.0000000000
1313 -1589.0000000000
1324 -1588.0000000000
1334 -1587.0000000000
1336 -1585.0000000000
1346 -1584.0000000000
1349 -1583.0000000000
1357 -1582.0000000000
1359 -1581.0000000000
1360 -1580.0000000000
1366 -1579.0000000000
1376 -1578.0000000000
1388 -1577.0000000000
1391 -1576.0000000000
1396 -1573.0000000000
1398 -1572.0000000000
1416 -1571.0000000000
1419 -1570.0000000000
1427 -1569.0000000000
1428 -1567.0000000000
1429 -1566.0000000000
1432 -1565.0000000000
1439 -1563.0000000000
1445 -1561.0000000000
1446 -1560.0000000000
1448 -1559.0000000000
1466 -1558.0000000000
1475 -1557.0000000000
1482 -1556.0000000000
1490 -1554.0000000000
1501 -1553.0000000000
1509 -1552.0000000000
1517 -1550.0000000000
1519 -1549.0000000000
1524 -1547.0000000000
1528 -1545.0000000000
1536 -1544.0000000000
1543 -1543.0000000000
1549 -1541.0000000000
1552 -1539.0000000000
1558 -1538.0000000000
1559 -1537.0000000000
1561 -1536.0000000000
1571 -1535.0000000000
1578 -1533.0000000000
1583 -1532.0000000000
1591 -1531.0000000000
1592 -1530.0000000000
1594 -1529.0000000000
1596 -1528.0000000000
1601 -1526.0000000000
1613 -1525.0000000000
1620 -1524.0000000000
1625 -1523.0000000000
1627 -1522.0000000000
1629 -1521.0000000000
1630 -1520.0000000000
1631 -1518.0000000000
1636 -1517.0000000000
1642 -1516.0000000000
1643 -1515.0000000000
1646 -1513.0000000000
1647 -1512.0000000000
1656 -1511.0000000000
1664 -1510.0000000000
1667 -1509.0000000000
1671 -1508.0000000000
1678 -1507.0000000000
1685 -1504.0000000000
1686 -1503.0000000000
1697 -1502.0000000000
1707 -1500.0000000000
1710 -1499.0000000000
1711 -1498.0000000000
1714 -1497.0000000000
1715 -1496.0000000000
1717 -1495.0000000000
1718 -1494.0000000000
1720 -1493.0000000000
1725 -1492.0000000000
1734 -1491.0000000000
1736 -1489.0000000000
1742 -1487.0000000000
1753 -1485.0000000000
1754 -1484.0000000000
1756 -1483.0000000000
1757 -1482.0000000000
1758 -1481.0000000000
1759 -1480.0000000000
1764 -1479.0000000000
1767 -1478.0000000000
1770 -1477.0000000000
1777 -1476.0000000000
1781 -1475.0000000000
1786 -1474.0000000000
1788 -1473.0000000000
1790 -1472.0000000000
1794 -1470.0000000000
1799 -1469.0000000000
1801 -1468.0000000000
1802 -1467.0000000000
1803 -1466.0000000000
1806 -1464.0000000000
1810 -1462.0000000000
1816 -1461.0000000000
1818 -1460.0000000000
1819 -1458.0000000000
1821 -1455.0000000000
1826 -1454.0000000000
1833 -1453.0000000000
1834 -1451.0000000000
1843 -1450.0000000000
1844 -1449.0000000000
1848 -1448.0000000000
1856 -1447.0000000000
1860 -1444.0000000000
1862 -1443.0000000000
1869 -1442.0000000000
1872 -1441.0000000000
1875 -1440.0000000000
1876 -1439.0000000000
1894 -1438.0000000000
1898 -1437.0000000000
1913 -1436.0000000000
1923 -1435.0000000000
1944 -1434.0000000000
1947 -1433.0000000000
1949 -1432.0000000000
1961 -1431.0000000000
1964 -1430.0000000000
1965 -1429.0000000000
1967 -1428.0000000000
1968 -1427.0000000000
1975 -1426.0000000000
1977 -1425.0000000000
1981 -1423.0000000000
1987 -1422.0000000000
1989 -1421.0000000000
1990 -1420.0000000000
1991 -1418.0000000000
1992 -1415.0000000000
2004 -1414.0000000000
2011 -1413.0000000000
2026 -1412.0000000000
2028 -1411.0000000000
2031 -1410.0000000000
2033 -1409.0000000000
2045 -1408.0000000000
2047 -1406.0000000000
2060 -1405.0000000000
2075 -1404.0000000000
2082 -1403.0000000000
2084 -1402.0000000000
2092 -1401.0000000000
2102 -1399.0000000000
2104 -1398.0000000000
2105 -1397.0000000000
2106 -1396.0000000000
2109 -1395.0000000000
2110 -1394.0000000000
2113 -1393.0000000000
2116 -1392.0000000000
2121 -1391.0000000000
2132 -1390.0000000000
2134 -1389.0000000000
2136 -1387.0000000000
2151 -1386.0000000000
2152 -1385.0000000000
2169 -1384.0000000000
2171 -1383.0000000000
2174 -1381.0000000000
2175 -1380.0000000000
2180 -1379.0000000000
2196 -1378.0000000000
2202 -1376.0000000000
2210 -1375.0000000000
2211 -1374.0000000000
2215 -1373.0000000000
2225 -1372.0000000000
2230 -1370.0000000000
2231 -1369.0000000000
2233 -1368.0000000000
2236 -1367.0000000000
2245 -1366.0000000000
2248 -1365.0000000000
2252 -1364.0000000000
2259 -1363.0000000000
2266 -1362.0000000000
2271 -1360.0000000000
2277 -1359.0000000000
2303 -1358.0000000000
2313 -1357.0000000000
2316 -1356.0000000000
2317 -1355.0000000000
2320 -1354.0000000000
2337 -1353.0000000000
2343 -1351.0000000000
2355 -1350.0000000000
2357 -1349.0000000000
2361 -1348.0000000000
2374 -1347.0000000000
2376 -1346.0000000000
2382 -1345.0000000000
2385 -1344.0000000000
2387 -1343.0000000000
2391 -1342.0000000000
2400 -1341.0000000000
2407 -1340.0000000000
2433 -1339.0000000000
2438 -1337.0000000000
2443 -1335.0000000000
2448 -1333.0000000000
2451 -1332.0000000000
2452 -1331.0000000000
2460 -1330.0000000000
2471 -1329.0000000000
2488 -1328.0000000000
2492 -1327.0000000000
2493 -1326.0000000000
2495 -1325.0000000000
2496 -1324.0000000000
2497 -1323.0000000000
2501 -1322.0000000000
2504 -1321.0000000000
2508 -1320.0000000000
2509 -1319.0000000000
2510 -1318.0000000000
2536 -1316.0000000000
2548 -1314.0000000000
2550 -1313.0000000000
2555 -1312.0000000000
2560 -1311.0000000000
2561 -1310.0000000000
2571 -1309.0000000000
2573 -1308.0000000000
2579 -1307.0000000000
2585 -1306.0000000000
2589 -1304.0000000000
2596 -1303.0000000000
2605 -1301.0000000000
2608 -1300.0000000000
2609 -1299.0000000000
2617 -1298.0000000000
2618 -1296.0000000000
2622 -1295.0000000000
2627 -1294.0000000000
2641 -1292.0000000000
2660 -1290.0000000000
2669 -1289.0000000000
2673 -1288.0000000000
2687 -1287.0000000000
2693 -1285.0000000000
2697 -1284.0000000000
2712 -1283.0000000000
2718 -1281.0000000000
2722 -1280.0000000000
2728 -1279.0000000000
2729 -1277.0000000000
2731 -1276.0000000000
2748 -1275.0000000000
2763 -1273.0000000000
2769 -1271.0000000000
2770 -1270.0000000000
2772 -1269.0000000000
2773 -1268.0000000000
2778 -1266.0000000000
2788 -1265.0000000000
2796 -1264.0000000000
2797 -1263.0000000000
2804 -1262.0000000000
2811 -1261.0000000000
2819 -1259.0000000000
2823 -1258.0000000000
2825 -1255.0000000000
2831 -1254.0000000000
2834 -1253.0000000000
2839 -1252.0000000000
2841 -1251.0000000000
2845 -1250.0000000000
2848 -1249.0000000000
2850 -1248.0000000000
2852 -1247.0000000000
2866 -1246.0000000000
2886 -1245.0000000000
2887 -1244.0000000000
2891 -1242.0000000000
2905 -1241.0000000000
2918 -1240.0000000000
2921 -1239.0000000000
2936 -1238.0000000000
2939 -1237.0000000000
2948 -1236.0000000000
2965 -1234.0000000000
2967 -1233.0000000000
2971 -1232.0000000000
2982 -1231.0000000000
2986 -1230.0000000000
3001 -1229.0000000000
3017 -1226.0000000000
3026 -1225.0000000000
3036 -1224.0000000000
3041 -1223.0000000000
3043 -1222.0000000000
3045 -1221.0000000000
3050 -1220.0000000000
3052 -1219.0000000000
3053 -1218.0000000000
3061 -1217.0000000000
3077 -1216.0000000000
3078 -1215.0000000000
3091 -1214.0000000000
3101 -1213.0000000000
3112 -1212.0000000000
3115 -1211.0000000000
3121 -1209.0000000000
3134 -1208.0000000000
3142 -1207.0000000000
3144 -1206.0000000000
3147 -1205.0000000000
3164 -1203.0000000000
3171 -1202.0000000000
3186 -1201.0000000000
3189 -1200.0000000000
3200 -1199.0000000000
3207 -1198.0000000000
3220 -1197.0000000000
3234 -1196.0000000000
3243 -1195.0000000000
3253 -1194.0000000000
3254 -1193.0000000000
3261 -1192.0000000000
3286 -1191.0000000000
3291 -1190.0000000000
3299 -1189.0000000000
3300 -1188.0000000000
3310 -1187.0000000000
3318 -1186.0000000000
3320 -1185.0000000000
3324 -1184.0000000000
3339 -1183.0000000000
3349 -1182.0000000000
3363 -1181.0000000000
3364 -1180.0000000000
3372 -1179.0000000000
3377 -1178.0000000000
3401 -1176.0000000000
3428 -1175.0000000000
3430 -1174.0000000000
3449 -1173.0000000000
3458 -1172.0000000000
3461 -1171.0000000000
3465 -1169.0000000000
3469 -1168.0000000000
3482 -1166.0000000000
3486 -1165.0000000000
3494 -1164.0000000000
3510 -1163.0000000000
3512 -1162.0000000000
3517 -1161.0000000000
3537 -1160.0000000000
3540 -1159.0000000000
3546 -1158.0000000000
3547 -1157.0000000000
3548 -1155.0000000000
3562 -1154.0000000000
3569 -1153.0000000000
3570 -1152.0000000000
3572 -1151.0000000000
3579 -1150.0000000000
3589 -1149.0000000000
3590 -1148.0000000000
3593 -1147.0000000000
3601 -1146.0000000000
3605 -1145.0000000000
3607 -1144.0000000000
3622 -1143.0000000000
3641 -1142.0000000000
3644 -1141.0000000000
3646 -1140.0000000000
3647 -1139.0000000000
3648 -1138.0000000000
3654 -1137.0000000000
3673 -1136.0000000000
3680 -1135.0000000000
3691 -1134.0000000000
3717 -1133.0000000000
3720 -1132.0000000000
3727 -1131.0000000000
3728 -1130.0000000000
3732 -1129.0000000000
3759 -1128.0000000000
3767 -1127.0000000000
3768 -1125.0000000000
3795 -1123.0000000000
3800 -1122.0000000000
3805 -1121.0000000000
3811 -1119.0000000000
3818 -1118.0000000000
3849 -1117.0000000000
3852 -1116.0000000000
3853 -1114.0000000000
3857 -1113.0000000000
3859 -1112.0000000000
3866 -1111.0000000000
3871 -1110.0000000000
3877 -1109.0000000000
3880 -1107.0000000000
3883 -1106.0000000000
3896 -1105.0000000000
3902 -1104.0000000000
3915 -1103.0000000000
3927 -1102.0000000000
3929 -1101.0000000000
3937 -1100.0000000000
3948 -1099.0000000000
3950 -1098.0000000000
3951 -1097.0000000000
3964 -1096.0000000000
3973 -1095.0000000000
3976 -1094.0000000000
3983 -1093.0000000000
3991 -1092.0000000000
3996 -1091.0000000000
4024 -1090.0000000000
4027 -1088.0000000000
4028 -1087.0000000000
4038 -1086.0000000000
4055 -1084.0000000000
4062 -1083.0000000000
4065 -1082.0000000000
4067 -1081.0000000000
4074 -1080.0000000000
4084 -1079.0000000000
4111 -1078.0000000000
4113 -1077.0000000000
4127 -1076.0000000000
4130 -1075.0000000000
4133 -1074.0000000000
4146 -1073.0000000000
4151 -1072.0000000000
4154 -1071.0000000000
4156 -1070.0000000000
4166 -1069.0000000000
4174 -1068.0000000000
4178 -1067.0000000000
4179 -1066.0000000000
4181 -1065.0000000000
4185 -1064.0000000000
4188 -1063.0000000000
4199 -1062.0000000000
4202 -1061.0000000000
4203 -1060.0000000000
4209 -1059.0000000000
4228 -1058.0000000000
4235 -1057.0000000000
4241 -1056.0000000000
4259 -1055.0000000000
4263 -1054.0000000000
4268 -1052.0000000000
4271 -1051.0000000000
4295 -1050.0000000000
4296 -1049.0000000000
4315 -1046.0000000000
4324 -1044.0000000000
4329 -1043.0000000000
4340 -1042.0000000000
4351 -1041.0000000000
4353 -1040.0000000000
4362 -1039.0000000000
4367 -1038.0000000000
4393 -1037.0000000000
4414 -1036.0000000000
4415 -1035.0000000000
4425 -1034.0000000000
4427 -1033.0000000000
4428 -1032.0000000000
4441 -1031.0000000000
4455 -1030.0000000000
4467 -1029.0000000000
4476 -1028.0000000000
4478 -1027.0000000000
4487 -1026.0000000000
4488 -1025.0000000000
4495 -1024.0000000000
4498 -1023.0000000000
4500 -1022.0000000000
4507 -1021.0000000000
4529 -1020.0000000000
4557 -1019.0000000000
4563 -1018.0000000000
4565 -1016.0000000000
4567 -1015.0000000000
4580 -1014.0000000000
4591 -1013.0000000000
4593 -1012.0000000000
4599 -1011.0000000000
4619 -1010.0000000000
4622 -1009.0000000000
4626 -1008.0000000000
4633 -1007.0000000000
4634 -1005.0000000000
4651 -1003.0000000000
4652 -1002.0000000000
4668 -1001.0000000000
4670 -1000.0000000000
4690 -999.0000000000
4700 -998.0000000000
4712 -997.0000000000
4714 -996.0000000000
4721 -995.0000000000
4722 -994.0000000000
4736 -993.0000000000
4737 -992.0000000000
4747 -991.0000000000
4760 -990.0000000000
4766 -989.0000000000
4770 -988.0000000000
4792 -986.0000000000
4794 -985.0000000000
4830 -983.0000000000
4831 -982.0000000000
4851 -981.0000000000
4853 -980.0000000000
4858 -979.0000000000
4863 -978.0000000000
4880 -977.0000000000
4881 -976.0000000000
4882 -975.0000000000
4885 -974.0000000000
4887 -973.0000000000
4892 -972.0000000000
4894 -971.0000000000
4905 -969.0000000000
4921 -968.0000000000
4929 -967.0000000000
4930 -966.0000000000
4938 -965.0000000000
4942 -963.0000000000
4963 -962.0000000000
4967 -961.0000000000
4983 -960.0000000000
4985 -959.0000000000
4992 -958.0000000000
4994 -957.0000000000
4995 -956.0000000000
4996 -955.0000000000
5007 -954.0000000000
5028 -953.0000000000
5029 -952.0000000000
5030 -951.0000000000
5035 -950.0000000000
5056 -949.0000000000
5058 -948.0000000000
5059 -947.0000000000
5067 -946.0000000000
5070 -945.0000000000
5129 -944.0000000000
5133 -943.0000000000
5168 -941.0000000000
5175 -940.0000000000
5180 -939.0000000000
5182 -938.0000000000
5183 -937.0000000000
5185 -935.0000000000
5201 -934.0000000000
5209 -933.0000000000
5217 -931.0000000000
5219 -930.0000000000
5232 -929.0000000000
5245 -928.0000000000
5249 -927.0000000000
5255 -926.0000000000
5259 -925.0000000000
5281 -924.0000000000
5285 -923.0000000000
5292 -921.0000000000
5297 -920.0000000000
5308 -919.0000000000
5318 -918.0000000000
5327 -917.0000000000
5335 -916.0000000000
5336 -915.0000000000
5346 -914.0000000000
5363 -913.0000000000
5373 -912.0000000000
5380 -911.0000000000
5383 -910.0000000000
5394 -909.0000000000
5398 -908.0000000000
5408 -907.0000000000
5409 -906.0000000000
5435 -905.0000000000
5440 -904.0000000000
5450 -903.0000000000
5459 -902.0000000000
5460 -901.0000000000
5464 -900.0000000000
5465 -899.0000000000
5479 -897.0000000000
5506 -896.0000000000
5510 -895.0000000000
5511 -894.0000000000
5560 -893.0000000000
5564 -890.0000000000
5570 -889.0000000000
5603 -888.0000000000
5608 -887.0000000000
5614 -886.0000000000
5618 -885.0000000000
5628 -884.0000000000
5675 -883.0000000000
5680 -882.0000000000
5688 -881.0000000000
5689 -879.0000000000
5710 -878.0000000000
5725 -876.0000000000
5733 -875.0000000000
5737 -874.0000000000
5747 -873.0000000000
5753 -872.0000000000
5760 -871.0000000000
5815 -870.0000000000
5818 -869.0000000000
5831 -868.0000000000
5854 -867.0000000000
5873 -866.0000000000
5874 -865.0000000000
5882 -864.0000000000
5931 -863.0000000000
5937 -862.0000000000
5946 -861.0000000000
5948 -860.0000000000
5963 -859.0000000000
5970 -858.0000000000
5979 -856.0000000000
5983 -855.0000000000
5985 -854.0000000000
5998 -853.0000000000
6006 -852.0000000000
6009 -851.0000000000
6011 -848.0000000000
6018 -847.0000000000
6023 -845.0000000000
6027 -844.0000000000
6033 -843.0000000000
6034 -842.0000000000
6080 -841.0000000000
6090 -840.0000000000
6112 -839.0000000000
6124 -838.0000000000
6126 -837.0000000000
6127 -836.0000000000
6156 -835.0000000000
6184 -834.0000000000
6204 -832.0000000000
6208 -831.0000000000
6210 -830.0000000000
6237 -829.0000000000
6249 -828.0000000000
6252 -827.0000000000
6282 -826.0000000000
6302 -825.0000000000
6303 -824.0000000000
6334 -823.0000000000
6345 -822.0000000000
6362 -821.0000000000
6376 -820.0000000000
6380 -819.0000000000
6381 -818.0000000000
6382 -817.0000000000
6393 -816.0000000000
6404 -815.0000000000
6421 -814.0000000000
6430 -813.0000000000
6431 -812.0000000000
6444 -811.0000000000
6451 -810.0000000000
6455 -809.0000000000
6461 -806.0000000000
6472 -805.0000000000
6485 -804.0000000000
6508 -803.0000000000
6510 -802.0000000000
6511 -801.0000000000
6527 -800.0000000000
6537 -799.0000000000
6557 -798.0000000000
6569 -797.0000000000
6588 -795.0000000000
6607 -794.0000000000
6616 -792.0000000000
6618 -791.0000000000
6622 -790.0000000000
6632 -789.0000000000
6637 -788.0000000000
6644 -787.0000000000
6649 -785.0000000000
6652 -784.0000000000
6655 -783.0000000000
6675 -782.0000000000
6676 -781.0000000000
6693 -780.0000000000
6701 -779.0000000000
6717 -778.0000000000
6770 -777.0000000000
6781 -776.0000000000
6785 -775.0000000000
6791 -774.0000000000
6800 -773.0000000000
6802 -772.0000000000
6813 -771.0000000000
6818 -770.0000000000
6822 -769.0000000000
6833 -767.0000000000
6856 -766.0000000000
6883 -765.0000000000
6886 -764.0000000000
6887 -763.0000000000
6892 -762.0000000000
6896 -761.0000000000
6897 -760.0000000000
6899 -759.0000000000
6907 -758.0000000000
6908 -757.0000000000
6910 -756.0000000000
6932 -755.0000000000
6933 -754.0000000000
6943 -753.0000000000
6952 -752.0000000000
6954 -749.0000000000
6957 -748.0000000000
6958 -747.0000000000
6970 -746.0000000000
6977 -745.0000000000
6980 -744.0000000000
6983 -743.0000000000
7012 -742.0000000000
7027 -740.0000000000
7047 -738.0000000000
7048 -737.0000000000
7052 -736.0000000000
7063 -735.0000000000
7083 -734.0000000000
7105 -733.0000000000
7114 -732.0000000000
7115 -731.0000000000
7120 -730.0000000000
7122 -729.0000000000
7123 -728.0000000000
7127 -727.0000000000
7139 -726.0000000000
7174 -724.0000000000
7177 -723.0000000000
7183 -722.0000000000
7210 -720.0000000000
7212 -719.0000000000
7218 -718.0000000000
7226 -717.0000000000
7240 -716.0000000000
7249 -715.0000000000
7252 -714.0000000000
7258 -713.0000000000
7259 -711.0000000000
7262 -710.0000000000
7272 -709.0000000000
7275 -707.0000000000
7294 -706.0000000000
7309 -705.0000000000
7321 -704.0000000000
7354 -703.0000000000
7369 -702.0000000000
7381 -701.0000000000
7400 -700.0000000000
7401 -699.0000000000
7402 -698.0000000000
7406 -697.0000000000
7422 -696.0000000000
7432 -695.0000000000
7455 -694.0000000000
7484 -693.0000000000
7492 -692.0000000000
7494 -691.0000000000
7507 -690.0000000000
7513 -689.0000000000
7517 -688.0000000000
7519 -687.0000000000
7523 -686.0000000000
7544 -685.0000000000
7547 -684.0000000000
7561 -683.0000000000
7563 -682.0000000000
7566 -680.0000000000
7569 -678.0000000000
7625 -677.0000000000
7631 -676.0000000000
7642 -675.0000000000
7747 -674.0000000000
7751 -673.0000000000
7760 -670.0000000000
7770 -669.0000000000
7774 -668.0000000000
7808 -667.0000000000
7820 -666.0000000000
7822 -664.0000000000
7833 -663.0000000000
7834 -662.0000000000
7850 -661.0000000000
7852 -660.0000000000
7865 -659.0000000000
7870 -658.0000000000
7892 -657.0000000000
7893 -656.0000000000
7898 -655.0000000000
7928 -654.0000000000
7936 -653.0000000000
7941 -652.0000000000
7960 -651.0000000000
7963 -650.0000000000
7966 -649.0000000000
7969 -648.0000000000
7984 -647.0000000000
8005 -646.0000000000
8007 -645.0000000000
8010 -644.0000000000
8020 -643.0000000000
8038 -642.0000000000
8084 -641.0000000000
8095 -640.0000000000
8113 -639.0000000000
8129 -638.0000000000
8131 -637.0000000000
8147 -636.0000000000
8167 -634.0000000000
8199 -633.0000000000
8255 -632.0000000000
8276 -631.0000000000
8305 -630.0000000000
8315 -629.0000000000
8342 -628.0000000000
8353 -627.0000000000
8374 -626.0000000000
8380 -625.0000000000
8399 -624.0000000000
8435 -623.0000000000
8448 -622.0000000000
8454 -621.0000000000
8463 -620.0000000000
8465 -619.0000000000
8470 -618.0000000000
8474 -616.0000000000
8475 -614.0000000000
8486 -613.0000000000
8497 -612.0000000000
8499 -611.0000000000
8509 -610.0000000000
8526 -608.0000000000
8569 -607.0000000000
8572 -606.0000000000
8581 -605.0000000000
8599 -604.0000000000
8625 -603.0000000000
8643 -602.0000000000
8652 -601.0000000000
8666 -600.0000000000
8667 -599.0000000000
8680 -598.0000000000
8714 -597.0000000000
8730 -596.0000000000
8746 -595.0000000000
8768 -594.0000000000
8773 -593.0000000000
8796 -592.0000000000
8801 -591.0000000000
8810 -590.0000000000
8822 -589.0000000000
8827 -588.0000000000
8842 -586.0000000000
8851 -585.0000000000
8860 -584.0000000000
8879 -583.0000000000
8882 -582.0000000000
8890 -581.0000000000
8892 -580.0000000000
8893 -579.0000000000
8894 -578.0000000000
8905 -577.0000000000
8912 -576.0000000000
8952 -575.0000000000
8959 -574.0000000000
8968 -573.0000000000
8999 -572.0000000000
9007 -571.0000000000
9010 -570.0000000000
9043 -569.0000000000
9103 -568.0000000000
9123 -567.0000000000
9138 -566.0000000000
9145 -565.0000000000
9176 -564.0000000000
9240 -563.0000000000
9261 -562.0000000000
9280 -561.0000000000
9281 -560.0000000000
9326 -559.0000000000
9349 -558.0000000000
9383 -557.0000000000
9390 -556.0000000000
9394 -555.0000000000
9402 -554.0000000000
9419 -553.0000000000
9482 -552.0000000000
9508 -551.0000000000
9511 -550.0000000000
9517 -549.0000000000
9556 -548.0000000000
9575 -546.0000000000
9579 -545.0000000000
9606 -544.0000000000
9614 -543.0000000000
9639 -542.0000000000
9650 -541.0000000000
9658 -539.0000000000
9688 -538.0000000000
9691 -536.0000000000
9709 -535.0000000000
9724 -534.0000000000
9743 -533.0000000000
9753 -532.0000000000
9762 -531.0000000000
9768 -530.0000000000
9770 -529.0000000000
9792 -528.0000000000
9807 -527.0000000000
9815 -526.0000000000
9842 -525.0000000000
9856 -524.0000000000
9862 -523.0000000000
9918 -522.0000000000
9939 -521.0000000000
9943 -520.0000000000
9983 -519.0000000000
10000 -523.0000000000
evaluations raw_y
1 -1994.0000000000
3 -1993.0000000000
6 -1992.0000000000
8 -1990.0000000000
9 -1989.0000000000
15 -1987.0000000000
17 -1986.0000000000
20 -1985.0000000000
23 -1984.0000000000
26 -1983.0000000000
27 -1982.0000000000
28 -1981.0000000000
29 -1980.0000000000
32 -1979.0000000000
34 -1978.0000000000
39 -1977.0000000000
42 -1976.0000000000
46 -1974.0000000000
48 -1973.0000000000
50 -1972.0000000000
51 -1971.0000000000
52 -1970.0000000000
59 -1969.0000000000
63 -1968.0000000000
65 -1967.0000000000
77 -1966.0000000000
80 -1965.0000000000
81 -1963.0000000000
85 -1962.0000000000
88 -1961.0000000000
89 -1960.0000000000
91 -1959.0000000000
92 -1958.0000000000
93 -1957.0000000000
105 -1956.0000000000
106 -1955.0000000000
108 -1954.0000000000
111 -1953.0000000000
113 -1951.0000000000
116 -1950.0000000000
122 -1949.0000000000
125 -1948.0000000000
126 -1947.0000000000
128 -1944.0000000000
130 -1943.0000000000
137 -1942.0000000000
140 -1941.0000000000
147 -1940.0000000000
148 -1939.0000000000
151 -1937.0000000000
152 -1936.0000000000
153 -1935.0000000000
154 -1934.0000000000
160 -1931.0000000000
161 -1930.0000000000
169 -1929.0000000000
171 -1928.0000000000
172 -1927.0000000000
174 -1926.0000000000
175 -1925.0000000000
184 -1923.0000000000
187 -1922.0000000000
191 -1921.0000000000
194 -1920.0000000000
195 -1918.0000000000
201 -1917.0000000000
213 -1916.0000000000
216 -1915.0000000000
220 -1913.0000000000
226 -1912.0000000000
227 -1911.0000000000
230 -1909.0000000000
231 -1908.0000000000
235 -1907.0000000000
237 -1905.0000000000
241 -1904.0000000000
243 -1903.0000000000
247 -1902.0000000000
249 -1901.0000000000
253 -1900.0000000000
255 -1899.0000000000
257 -1898.0000000000
272 -1897.0000000000
276 -1894.0000000000
277 -1893.0000000000
280 -1892.0000000000
282 -1891.0000000000
284 -1889.0000000000
289 -1887.0000000000
290 -1886.0000000000
291 -1885.0000000000
300 -1884.0000000000
301 -1883.0000000000
302 -1882.0000000000
308 -1881.0000000000
312 -1879.0000000000
317 -1878.0000000000
318 -1877.0000000000
319 -1876.0000000000
322 -1875.0000000000
325 -1874.0000000000
334 -1872.0000000000
338 -1871.0000000000
339 -1870.0000000000
354 -1869.0000000000
356 -1868.0000000000
358 -1867.0000000000
363 -1865.0000000000
370 -1864.0000000000
379 -1862.0000000000
381 -1860.0000000000
383 -1857.0000000000
387 -1855.0000000000
390 -1854.0000000000
393 -1852.0000000000
395 -1851.0000000000
397 -1850.0000000000
403 -1849.0000000000
405 -1848.0000000000
406 -1846.0000000000
408 -1845.0000000000
412 -1844.0000000000
415 -1842.0000000000
421 -1841.0000000000
422 -1839.0000000000
429 -1838.0000000000
433 -1837.0000000000
442 -1836.0000000000
444 -1835.0000000000
449 -1834.0000000000
459 -1832.0000000000
463 -1831.0000000000
465 -1830.0000000000
467 -1829.0000000000
469 -1827.0000000000
470 -1826.0000000000
478 -1825.0000000000
483 -1824.0000000000
489 -1823.0000000000
490 -1821.0000000000
492 -1820.0000000000
496 -1819.0000000000
497 -1818.0000000000
499 -1817.0000000000
500 -1815.0000000000
501 -1814.0000000000
505 -1812.0000000000
506 -1811.0000000000
508 -1810.0000000000
518 -1809.0000000000
519 -1808.0000000000
526 -1807.0000000000
529 -1806.0000000000
531 -1805.0000000000
532 -1804.0000000000
536 -1802.0000000000
537 -1801.0000000000
538 -1800.0000000000
540 -1798.0000000000
543 -1797.0000000000
552 -1796.0000000000
554 -1795.0000000000
560 -1794.0000000000
563 -1793.0000000000
564 -1792.0000000000
565 -1791.0000000000
567 -1790.0000000000
577 -1788.0000000000
597 -1787.0000000000
599 -1784.0000000000
600 -1783.0000000000
603 -1782.0000000000
619 -1781.0000000000
620 -1780.0000000000
626 -1779.0000000000
645 -1777.0000000000
649 -1774.0000000000
652 -1773.0000000000
653 -1772.0000000000
657 -1771.0000000000
659 -1770.0000000000
664 -1769.0000000000
671 -1768.0000000000
676 -1767.0000000000
677 -1764.0000000000
678 -1763.0000000000
684 -1762.0000000000
685 -1760.0000000000
704 -1759.0000000000
710 -1758.0000000000
717 -1757.0000000000
721 -1756.0000000000
729 -1755.0000000000
742 -1754.0000000000
743 -1753.0000000000
750 -1752.0000000000
759 -1751.0000000000
761 -1750.0000000000
765 -1748.0000000000
773 -1747.0000000000
781 -1746.0000000000
782 -1745.0000000000
784 -1744.0000000000
785 -1743.0000000000
786 -1742.0000000000
791 -1741.0000000000
792 -1740.0000000000
794 -1738.0000000000
799 -1737.0000000000
802 -1735.0000000000
804 -1733.0000000000
805 -1732.0000000000
813 -1731.0000000000
814 -1730.0000000000
817 -1729.0000000000
826 -1728.0000000000
827 -1727.0000000000
831 -1726.0000000000
843 -1725.0000000000
846 -1724.0000000000
859 -1722.0000000000
877 -1721.0000000000
879 -1720.0000000000
887 -1719.0000000000
892 -1717.0000000000
897 -1716.0000000000
907 -1715.0000000000
909 -1714.0000000000
912 -1713.0000000000
918 -1712.0000000000
919 -1711.0000000000
921 -1710.0000000000
933 -1709.0000000000
934 -1708.0000000000
935 -1707.0000000000
948 -1706.0000000000
949 -1705.0000000000
950 -1704.0000000000
954 -1702.0000000000
967 -1701.0000000000
969 -1700.0000000000
973 -1698.0000000000
974 -1697.0000000000
975 -1696.0000000000
979 -1695.0000000000
980 -1694.0000000000
983 -1693.0000000000
985 -1692.0000000000
987 -1691.0000000000
988 -1690.0000000000
997 -1689.0000000000
1006 -1688.0000000000
1007 -1687.0000000000
1017 -1686.0000000000
1018 -1685.0000000000
1025 -1684.0000000000
1027 -1683.0000000000
1028 -1682.0000000000
1029 -1681.0000000000
1032 -1680.0000000000
1033 -1679.0000000000
1038 -1678.0000000000
1041 -1677.0000000000
1042 -1675.0000000000
1050 -1674.0000000000
1052 -1673.0000000000
1053 -1672.0000000000
1066 -1671.0000000000
1067 -1670.0000000000
1070 -1669.0000000000
1072 -1668.0000000000
1077 -1667.0000000000
1085 -1664.0000000000
1089 -1663.0000000000
1090 -1661.0000000000
1096 -1660.0000000000
1114 -1659.0000000000
1115 -1658.0000000000
1118 -1657.0000000000
1124 -1656.0000000000
1125 -1655.0000000000
1126 -1654.0000000000
1134 -1653.0000000000
1140 -1651.0000000000
1144 -1650.0000000000
1153 -1649.0000000000
1162 -1648.0000000000
1170 -1647.0000000000
1184 -1646.0000000000
1192 -1645.0000000000
1201 -1644.0000000000
1203 -1643.0000000000
1206 -1642.0000000000
1213 -1641.0000000000
1214 -1640.0000000000
1225 -1639.0000000000
1229 -1638.0000000000
1231 -1637.0000000000
1233 -1636.0000000000
1237 -1635.0000000000
1239 -1634.0000000000
1240 -1633.0000000000
1243 -1632.0000000000
1246 -1631.0000000000
1253 -1630.0000000000
1256 -1629.0000000000
1262 -1627.0000000000
1269 -1626.0000000000
1277 -1625.0000000000
1278 -1624.0000000000
1288 -1623.0000000000
1290 -1622.0000000000
1291 -1621.0000000000
1294 -1620.0000000000
1300 -1619.0000000000
1304 -1618.0000000000
1314 -1617.0000000000
1318 -1616.0000000000
1325 -1615.0000000000
1326 -1614.0000000000
1337 -1613.0000000000
1349 -1612.0000000000
1350 -1611.0000000000
1357 -1610.0000000000
1359 -1609.0000000000
1360 -1608.0000000000
1373 -1607.0000000000
1377 -1606.0000000000
1381 -1605.0000000000
1385 -1604.0000000000
1395 -1603.0000000000
1397 -1602.0000000000
1399 -1601.0000000000
1404 -1600.0000000000
1412 -1598.0000000000
1413 -1597.0000000000
1415 -1595.0000000000
1418 -1594.0000000000
1421 -1593.0000000000
1423 -1592.0000000000
1428 -1591.0000000000
1438 -1590.0000000000
1442 -1589.0000000000
1446 -1588.0000000000
1447 -1587.0000000000
1452 -1586.0000000000
1462 -1585.0000000000
1464 -1584.0000000000
1468 -1582.0000000000
1475 -1580.0000000000
1479 -1578.0000000000
1481 -1577.0000000000
1482 -1576.0000000000
1490 -1575.0000000000
1503 -1573.0000000000
1507 -1572.0000000000
1508 -1570.0000000000
1509 -1569.0000000000
1516 -1568.0000000000
1517 -1567.0000000000
1519 -1566.0000000000
1522 -1565.0000000000
1524 -1564.0000000000
1530 -1562.0000000000
1533 -1561.0000000000
1537 -1558.0000000000
1538 -1557.0000000000
1540 -1556.0000000000
1547 -1555.0000000000
1548 -1554.0000000000
1551 -1553.0000000000
1569 -1552.0000000000
1570 -1551.0000000000
1579 -1550.0000000000
1584 -1548.0000000000
1585 -1547.0000000000
1588 -1546.0000000000
1593 -1545.0000000000
1596 -1544.0000000000
1600 -1543.0000000000
1610 -1542.0000000000
1627 -1541.0000000000
1635 -1540.0000000000
1641 -1539.0000000000
1655 -1538.0000000000
1666 -1537.0000000000
1672 -1536.0000000000
1674 -1535.0000000000
1676 -1534.0000000000
1683 -1531.0000000000
1689 -1530.0000000000
1690 -1528.0000000000
1692 -1527.0000000000
1693 -1526.0000000000
1694 -1523.0000000000
1704 -1522.0000000000
1710 -1520.0000000000
1718 -1519.0000000000
1723 -1518.0000000000
1724 -1517.0000000000
1728 -1516.0000000000
1730 -1515.0000000000
1731 -1514.0000000000
1732 -1512.0000000000
1734 -1511.0000000000
1740 -1510.0000000000
1746 -1509.0000000000
1756 -1508.0000000000
1759 -1507.0000000000
1773 -1505.0000000000
1781 -1504.0000000000
1782 -1503.0000000000
1783 -1502.0000000000
1784 -1500.0000000000
1791 -1498.0000000000
1793 -1496.0000000000
1794 -1495.0000000000
1799 -1494.0000000000
1802 -1493.0000000000
1804 -1492.0000000000
1806 -1490.0000000000
1808 -1489.0000000000
1811 -1488.0000000000
1837 -1485.0000000000
1846 -1484.0000000000
1848 -1483.0000000000
1852 -1482.0000000000
1855 -1481.0000000000
1857 -1480.0000000000
1858 -1478.0000000000
1864 -1476.0000000000
1865 -1474.0000000000
1874 -1473.0000000000
1875 -1471.0000000000
1880 -1470.0000000000
1891 -1469.0000000000
1898 -1468.0000000000
1899 -1467.0000000000
1903 -1466.0000000000
1906 -1465.0000000000
1910 -1464.0000000000
1911 -1463.0000000000
1921 -1462.0000000000
1922 -1461.0000000000
1939 -1460.0000000000
1943 -1458.0000000000
1945 -1457.0000000000
1952 -1456.0000000000
1955 -1455.0000000000
1957 -1453.0000000000
1958 -1452.0000000000
1966 -1451.0000000000
1972 -1450.0000000000
1979 -1448.0000000000
1981 -1447.0000000000
1988 -1446.0000000000
1989 -1445.0000000000
1993 -1444.0000000000
1998 -1443.0000000000
2001 -1442.0000000000
2002 -1441.0000000000
2008 -1440.0000000000
2009 -1439.0000000000
2015 -1438.0000000000
2027 -1437.0000000000
2031 -1436.0000000000
2032 -1435.0000000000
2042 -1434.0000000000
2045 -1433.0000000000
2048 -1432.0000000000
2056 -1431.0000000000
2064 -1430.0000000000
2066 -1429.0000000000
2074 -1427.0000000000
2084 -1425.0000000000
2089 -1424.0000000000
2113 -1423.0000000000
2115 -1422.0000000000
2118 -1420.0000000000
2128 -1419.0000000000
2136 -1418.0000000000
2146 -1417.0000000000
2155 -1416.0000000000
2168 -1415.0000000000
2173 -1414.0000000000
2182 -1412.0000000000
2195 -1411.0000000000
2210 -1410.0000000000
2218 -1409.0000000000
2221 -1408.0000000000
2225 -1407.0000000000
2227 -1406.0000000000
2240 -1405.0000000000
2241 -1404.0000000000
2250 -1403.0000000000
2259 -1402.0000000000
2263 -1401.0000000000
2268 -1399.0000000000
2270 -1398.0000000000
2273 -1397.0000000000
2280 -1396.0000000000
2281 -1395.0000000000
2284 -1394.0000000000
2289 -1393.0000000000
2293 -1392.0000000000
2303 -1391.0000000000
2304 -1390.0000000000
2305 -1388.0000000000
2309 -1386.0000000000
2322 -1385.0000000000
2327 -1384.0000000000
2331 -1383.0000000000
2335 -1382.0000000000
2337 -1381.0000000000
2342 -1379.0000000000
2347 -1377.0000000000
2353 -1374.0000000000
2355 -1372.0000000000
2364 -1371.0000000000
2373 -1370.0000000000
2374 -1369.0000000000
2376 -1368.0000000000
2387 -1367.0000000000
2403 -1366.0000000000
2405 -1365.0000000000
2416 -1364.0000000000
2417 -1363.0000000000
2419 -1362.0000000000
2420 -1361.0000000000
2431 -1360.0000000000
2434 -1359.0000000000
2436 -1358.0000000000
2441 -1357.0000000000
2452 -1356.0000000000
2462 -1355.0000000000
2467 -1354.0000000000
2480 -1353.0000000000
2486 -1352.0000000000
2492 -1351.0000000000
2494 -1350.0000000000
2502 -1349.0000000000
2503 -1348.0000000000
2504 -1347.0000000000
2505 -1346.0000000000
2510 -1345.0000000000
2511 -1343.0000000000
2512 -1342.0000000000
2517 -1341.0000000000
2524 -1340.0000000000
2553 -1339.0000000000
2555 -1338.0000000000
2565 -1337.0000000000
2572 -1336.0000000000
2582 -1334.0000000000
2585 -1333.0000000000
2587 -1332.0000000000
2593 -1330.0000000000
2607 -1329.0000000000
2608 -1328.0000000000
2612 -1327.0000000000
2623 -1326.0000000000
2625 -1325.0000000000
2633 -1324.0000000000
2635 -1323.0000000000
2644 -1322.0000000000
2660 -1320.0000000000
2671 -1319.0000000000
2675 -1318.0000000000
2684 -1317.0000000000
2688 -1316.0000000000
2700 -1315.0000000000
2702 -1314.0000000000
2707 -1312.0000000000
2710 -1311.0000000000
2720 -1310.0000000000
2721 -1309.0000000000
2725 -1308.0000000000
2751 -1307.0000000000
2752 -1306.0000000000
2753 -1305.0000000000
2756 -1304.0000000000
2774 -1301.0000000000
2778 -1300.0000000000
2785 -1299.0000000000
2795 -1298.0000000000
2796 -1297.0000000000
2800 -1296.0000000000
2807 -1294.0000000000
2808 -1292.0000000000
2814 -1290.0000000000
2827 -1289.0000000000
2833 -1288.0000000000
2839 -1286.0000000000
2847 -1285.0000000000
2852 -1284.0000000000
2853 -1283.0000000000
2866 -1282.0000000000
2873 -1281.0000000000
2940 -1280.0000000000
2942 -1278.0000000000
2944 -1276.0000000000
2954 -1274.0000000000
2969 -1273.0000000000
2973 -1271.0000000000
2984 -1270.0000000000
3002 -1269.0000000000
3003 -1268.0000000000
3012 -1267.0000000000
3016 -1266.0000000000
3035 -1264.0000000000
3036 -1263.0000000000
3037 -1262.0000000000
3038 -1261.0000000000
3043 -1260.0000000000
3064 -1259.0000000000
3066 -1258.0000000000
3079 -1257.0000000000
3105 -1256.0000000000
3106 -1254.0000000000
3109 -1253.0000000000
3112 -1252.0000000000
3120 -1251.0000000000
3130 -1250.0000000000
3133 -1249.0000000000
3138 -1248.0000000000
3150 -1247.0000000000
3155 -1245.0000000000
3160 -1243.0000000000
3163 -1241.0000000000
3164 -1240.0000000000
3170 -1238.0000000000
3171 -1237.0000000000
3183 -1236.0000000000
3185 -1235.0000000000
3187 -1234.0000000000
3189 -1233.0000000000
3197 -1232.0000000000
3208 -1231.0000000000
3214 -1230.0000000000
3221 -1229.0000000000
3237 -1228.0000000000
3253 -1226.0000000000
3254 -1225.0000000000
3257 -1223.0000000000
3273 -1222.0000000000
3309 -1221.0000000000
3325 -1220.0000000000
3344 -1219.0000000000
3345 -1218.0000000000
3348 -1216.0000000000
3350 -1215.0000000000
3365 -1214.0000000000
3368 -1213.0000000000
3382 -1212.0000000000
3389 -1211.0000000000
3398 -1210.0000000000
3403 -1209.0000000000
3406 -1208.0000000000
3411 -1207.0000000000
3412 -1206.0000000000
3432 -1205.0000000000
3453 -1204.0000000000
3457 -1203.0000000000
3465 -1201.0000000000
3468 -1200.0000000000
3478 -1198.0000000000
3481 -1197.0000000000
3484 -1196.0000000000
3485 -1194.0000000000
3494 -1193.0000000000
3500 -1192.0000000000
3501 -1191.0000000000
3502 -1190.0000000000
3517 -1189.0000000000
3522 -1187.0000000000
3524 -1186.0000000000
3538 -1185.0000000000
3552 -1184.0000000000
3554 -1183.0000000000
3574 -1182.0000000000
3597 -1181.0000000000
3601 -1179.0000000000
3622 -1177.0000000000
3627 -1176.0000000000
3629 -1175.0000000000
3631 -1174.0000000000
3635 -1172.0000000000
3636 -1171.0000000000
3661 -1170.0000000000
3664 -1169.0000000000
3665 -1168.0000000000
3666 -1167.0000000000
3677 -1166.0000000000
3678 -1165.0000000000
3688 -1164.0000000000
3690 -1163.0000000000
3691 -1161.0000000000
3693 -1160.0000000000
3706 -1159.0000000000
3716 -1157.0000000000
3717 -1156.0000000000
3733 -1155.0000000000
3740 -1154.0000000000
3741 -1153.0000000000
3748 -1152.0000000000
3763 -1151.0000000000
3768 -1150.0000000000
3777 -1149.0000000000
3789 -1148.0000000000
3804 -1145.0000000000
3805 -1144.0000000000
3813 -1143.0000000000
3817 -1142.0000000000
3821 -1141.0000000000
3825 -1140.0000000000
3833 -1139.0000000000
3838 -1138.0000000000
3858 -1137.0000000000
3871 -1136.0000000000
3908 -1135.0000000000
3936 -1134.0000000000
3951 -1133.0000000000
3974 -1132.0000000000
3978 -1130.0000000000
3981 -1129.0000000000
3988 -1128.0000000000
4003 -1127.0000000000
4005 -1126.0000000000
4017 -1125.0000000000
4023 -1124.0000000000
4024 -1123.0000000000
4033 -1122.0000000000
4036 -1121.0000000000
4044 -1120.0000000000
4065 -1118.0000000000
4068 -1117.0000000000
4076 -1116.0000000000
4085 -1114.0000000000
4115 -1112.0000000000
4116 -1111.0000000000
4118 -1110.0000000000
4119 -1109.0000000000
4128 -1108.0000000000
4145 -1107.0000000000
4153 -1106.0000000000
4157 -1104.0000000000
4160 -1103.0000000000
4163 -1102.0000000000
4169 -1100.0000000000
4171 -1099.0000000000
4189 -1098.0000000000
4198 -1097.0000000000
4201 -1096.0000000000
4213 -1095.0000000000
4216 -1094.0000000000
4218 -1093.0000000000
4222 -1092.0000000000
4236 -1091.0000000000
4238 -1090.0000000000
4256 -1089.0000000000
4263 -1088.0000000000
4283 -1087.0000000000
4284 -1086.0000000000
4288 -1085.0000000000
4293 -1084.0000000000
4304 -1083.0000000000
4315 -1081.0000000000
4317 -1080.0000000000
4341 -1079.0000000000
4350 -1078.0000000000
4354 -1077.0000000000
4358 -1076.0000000000
4360 -1075.0000000000
4367 -1074.0000000000
4368 -1073.0000000000
4387 -1071.0000000000
4389 -1070.0000000000
4393 -1069.0000000000
4410 -1068.0000000000
4415 -1067.0000000000
4416 -1066.0000000000
4419 -1065.0000000000
4427 -1063.0000000000
4435 -1062.0000000000
4437 -1061.0000000000
4458 -1060.0000000000
4462 -1059.0000000000
4464 -1058.0000000000
4476 -1057.0000000000
4479 -1054.0000000000
4480 -1053.0000000000
4486 -1052.0000000000
4495 -1050.0000000000
4498 -1048.0000000000
4499 -1047.0000000000
4502 -1046.0000000000
4523 -1044.0000000000
4527 -1043.0000000000
4531 -1041.0000000000
4534 -1039.0000000000
4542 -1038.0000000000
4547 -1037.0000000000
4556 -1036.0000000000
4568 -1034.0000000000
4570 -1033.0000000000
4574 -1032.0000000000
4583 -1030.0000000000
4595 -1029.0000000000
4627 -1028.0000000000
4630 -1027.0000000000
4631 -1026.0000000000
4635 -1025.0000000000
4640 -1024.0000000000
4668 -1023.0000000000
4679 -1022.0000000000
4708 -1021.0000000000
4719 -1020.0000000000
4720 -1019.0000000000
4727 -1018.0000000000
4728 -1016.0000000000
4735 -1015.0000000000
4739 -1014.0000000000
4747 -1013.0000000000
4756 -1012.0000000000
4760 -1011.0000000000
4782 -1010.0000000000
4785 -1009.0000000000
4786 -1008.0000000000
4794 -1007.0000000000
4799 -1006.0000000000
4818 -1005.0000000000
4821 -1004.0000000000
4822 -1003.0000000000
4825 -1002.0000000000
4840 -1001.0000000000
4845 -1000.0000000000
4868 -997.0000000000
4880 -996.0000000000
4889 -993.0000000000
4911 -992.0000000000
4963 -991.0000000000
4969 -990.0000000000
4995 -989.0000000000
5005 -988.0000000000
5011 -987.0000000000
5030 -986.0000000000
5032 -984.0000000000
5049 -983.0000000000
5053 -982.0000000000
5067 -981.0000000000
5073 -980.0000000000
5074 -979.0000000000
5079 -977.0000000000
5102 -976.0000000000
5106 -975.0000000000
5124 -973.0000000000
5135 -972.0000000000
5138 -971.0000000000
5148 -969.0000000000
5155 -967.0000000000
5182 -966.0000000000
5186 -965.0000000000
5196 -964.0000000000
5198 -963.0000000000
5204 -962.0000000000
5207 -961.0000000000
5211 -959.0000000000
5228 -958.0000000000
5232 -956.0000000000
5233 -955.0000000000
5240 -954.0000000000
5242 -953.0000000000
5250 -952.0000000000
5251 -951.0000000000
5252 -949.0000000000
5256 -948.0000000000
5268 -947.0000000000
5282 -945.0000000000
5286 -944.0000000000
5288 -943.0000000000
5299 -942.0000000000
5314 -941.0000000000
5332 -939.0000000000
5338 -938.0000000000
5339 -937.0000000000
5371 -936.0000000000
5372 -935.0000000000
5373 -934.0000000000
5389 -933.0000000000
5390 -932.0000000000
5396 -931.0000000000
5397 -929.0000000000
5407 -928.0000000000
5422 -927.0000000000
5433 -926.0000000000
5441 -925.0000000000
5446 -924.0000000000
5461 -923.0000000000
5468 -921.0000000000
5496 -920.0000000000
5519 -919.0000000000
5536 -918.0000000000
5537 -916.0000000000
5540 -915.0000000000
5561 -914.0000000000
5573 -913.0000000000
5598 -912.0000000000
5615 -911.0000000000
5625 -910.0000000000
5630 -909.0000000000
5647 -907.0000000000
5668 -906.0000000000
5672 -905.0000000000
5673 -904.0000000000
5678 -903.0000000000
5688 -902.0000000000
5692 -901.0000000000
5705 -900.0000000000
5706 -899.0000000000
5723 -898.0000000000
5729 -897.0000000000
5763 -896.0000000000
5771 -895.0000000000
5772 -894.0000000000
5777 -893.0000000000
5825 -892.0000000000
5840 -891.0000000000
5843 -890.0000000000
5847 -889.0000000000
5851 -888.0000000000
5859 -887.0000000000
5861 -885.0000000000
5909 -884.0000000000
5919 -883.0000000000
5925 -882.0000000000
5946 -881.0000000000
5947 -880.0000000000
5948 -879.0000000000
5949 -878.0000000000
5952 -877.0000000000
5971 -876.0000000000
5984 -875.0000000000
5993 -874.0000000000
6003 -873.0000000000
6027 -872.0000000000
6044 -871.0000000000
6067 -869.0000000000
6072 -868.0000000000
6079 -867.0000000000
6087 -866.0000000000
6110 -865.0000000000
6117 -864.0000000000
6122 -863.0000000000
6125 -862.0000000000
6131 -861.0000000000
6134 -860.0000000000
6135 -859.0000000000
6166 -858.0000000000
6167 -857.0000000000
6170 -856.0000000000
6186 -855.0000000000
6205 -854.0000000000
6213 -853.0000000000
6227 -852.0000000000
6240 -851.0000000000
6244 -850.0000000000
6249 -848.0000000000
6256 -847.0000000000
6292 -846.0000000000
6294 -845.0000000000
6309 -844.0000000000
6317 -842.0000000000
6324 -841.0000000000
6351 -840.0000000000
6365 -839.0000000000
6367 -838.0000000000
6370 -837.0000000000
6372 -836.0000000000
6395 -835.0000000000
6415 -834.0000000000
6416 -833.0000000000
6428 -832.0000000000
6440 -831.0000000000
6448 -830.0000000000
6451 -829.0000000000
6465 -828.0000000000
6470 -827.0000000000
6485 -826.0000000000
6493 -825.0000000000
6531 -824.0000000000
6532 -823.0000000000
6534 -822.0000000000
6546 -821.0000000000
6552 -820.0000000000
6557 -819.0000000000
6559 -817.0000000000
6570 -816.0000000000
6572 -814.0000000000
6582 -813.0000000000
6602 -812.0000000000
6619 -811.0000000000
6627 -810.0000000000
6628 -809.0000000000
6634 -808.0000000000
6636 -807.0000000000
6642 -806.0000000000
6646 -805.0000000000
6655 -804.0000000000
6662 -803.0000000000
6670 -802.0000000000
6671 -801.0000000000
6687 -799.0000000000
6691 -798.0000000000
6729 -797.0000000000
6750 -796.0000000000
6758 -795.0000000000
6777 -794.0000000000
6803 -793.0000000000
6819 -792.0000000000
6841 -791.0000000000
6851 -790.0000000000
6874 -789.0000000000
6887 -788.0000000000
6907 -786.0000000000
6910 -784.0000000000
6918 -783.0000000000
6923 -782.0000000000
6928 -781.0000000000
6944 -779.0000000000
6948 -778.0000000000
6953 -777.0000000000
6964 -776.0000000000
6966 -775.0000000000
6996 -774.0000000000
6998 -773.0000000000
7001 -772.0000000000
7004 -771.0000000000
7005 -770.0000000000
7010 -769.0000000000
7011 -768.0000000000
7014 -767.0000000000
7048 -766.0000000000
7052 -765.0000000000
7053 -762.0000000000
7060 -760.0000000000
7076 -759.0000000000
7103 -758.0000000000
7111 -756.0000000000
7120 -755.0000000000
7123 -754.0000000000
7126 -753.0000000000
7135 -752.0000000000
7149 -751.0000000000
7165 -749.0000000000
7201 -748.0000000000
7207 -747.0000000000
7220 -746.0000000000
7229 -745.0000000000
7276 -744.0000000000
7280 -742.0000000000
7281 -741.0000000000
7282 -740.0000000000
7285 -739.0000000000
7328 -738.0000000000
7333 -737.0000000000
7334 -736.0000000000
7336 -735.0000000000
7351 -734.0000000000
7352 -733.0000000000
7364 -732.0000000000
7440 -731.0000000000
7447 -730.0000000000
7459 -729.0000000000
7463 -728.0000000000
7473 -727.0000000000
7486 -725.0000000000
7491 -724.0000000000
7498 -723.0000000000
7515 -722.0000000000
7547 -721.0000000000
7558 -720.0000000000
7570 -719.0000000000
7584 -718.0000000000
7592 -717.0000000000
7625 -716.0000000000
7642 -715.0000000000
7654 -714.0000000000
7688 -713.0000000000
7692 -712.0000000000
7725 -711.0000000000
7746 -710.0000000000
7775 -709.0000000000
7790 -708.0000000000
7792 -707.0000000000
7823 -706.0000000000
7824 -705.0000000000
7891 -703.0000000000
7904 -702.0000000000
7936 -701.0000000000
8029 -700.0000000000
8031 -699.0000000000
8051 -698.0000000000
8055 -697.0000000000
8076 -696.0000000000
8083 -695.0000000000
8095 -693.0000000000
8137 -692.0000000000
8142 -691.0000000000
8169 -690.0000000000
8177 -689.0000000000
8189 -688.0000000000
8198 -687.0000000000
8203 -686.0000000000
8219 -685.0000000000
8226 -684.0000000000
8239 -683.0000000000
8248 -682.0000000000
8253 -681.0000000000
8290 -680.0000000000
8293 -679.0000000000
8302 -678.0000000000
8310 -677.0000000000
8341 -676.0000000000
8342 -675.0000000000
8357 -674.0000000000
8367 -673.0000000000
8373 -672.0000000000
8389 -671.0000000000
8438 -670.0000000000
8439 -669.0000000000
8461 -668.0000000000
8468 -667.0000000000
8491 -666.0000000000
8529 -665.0000000000
8534 -664.0000000000
8535 -663.0000000000
8562 -662.0000000000
8565 -661.0000000000
8577 -660.0000000000
8598 -659.0000000000
8614 -658.0000000000
8632 -657.0000000000
8640 -656.0000000000
8668 -654.0000000000
8670 -653.0000000000
8713 -652.0000000000
8717 -651.0000000000
8746 -650.0000000000
8761 -649.0000000000
8771 -648.0000000000
8772 -647.0000000000
8778 -646.0000000000
8782 -645.0000000000
8799 -644.0000000000
8801 -643.0000000000
8804 -642.0000000000
8843 -641.0000000000
8881 -640.0000000000
8892 -639.0000000000
8906 -637.0000000000
8933 -636.0000000000
8967 -635.0000000000
8968 -634.0000000000
8972 -633.0000000000
8975 -632.0000000000
8977 -631.0000000000
8999 -630.0000000000
9013 -627.0000000000
9026 -626.0000000000
9028 -625.0000000000
9029 -624.0000000000
9033 -623.0000000000
9038 -621.0000000000
9062 -620.0000000000
9065 -619.0000000000
9086 -618.0000000000
9097 -617.0000000000
9146 -616.0000000000
9148 -615.0000000000
9158 -614.0000000000
9162 -613.0000000000
9164 -612.0000000000
9167 -611.0000000000
9209 -610.0000000000
9233 -609.0000000000
9242 -608.0000000000
9251 -607.0000000000
9278 -606.0000000000
9288 -605.0000000000
9293 -604.0000000000
9337 -603.0000000000
9338 -602.0000000000
9347 -601.0000000000
9350 -600.0000000000
9372 -599.0000000000
9393 -598.0000000000
9397 -597.0000000000
9406 -595.0000000000
9438 -594.0000000000
9442 -593.0000000000
9464 -592.0000000000
9468 -591.0000000000
9477 -590.0000000000
9489 -589.0000000000
9518 -588.0000000000
9521 -587.0000000000
9522 -586.0000000000
9547 -585.0000000000
9569 -584.0000000000
9574 -583.0000000000
9580 -582.0000000000
9588 -581.0000000000
9605 -580.0000000000
9634 -579.0000000000
9684 -577.0000000000
9719 -576.0000000000
9742 -575.0000000000
9743 -574.0000000000
9764 -573.0000000000
9783 -572.0000000000
9816 -571.0000000000
9817 -570.0000000000
9822 -569.0000000000
9827 -568.0000000000
9845 -567.0000000000
9846 -565.0000000000
9883 -564.0000000000
9892 -563.0000000000
9928 -562.0000000000
9945 -561.0000000000
9955 -560.0000000000
9971 -559.0000000000
9995 -558.0000000000
10000 -559.0000000000
evaluations raw_y
1 -2059.0000000000
2 -2058.0000000000
7 -2056.0000000000
11 -2055.0000000000
17 -2054.0000000000
20 -2053.0000000000
24 -2052.0000000000
27 -2051.0000000000
28 -2050.0000000000
31 -2049.0000000000
33 -2047.0000000000
38 -2046.0000000000
40 -2045.0000000000
48 -2044.0000000000
50 -2043.0000000000
55 -2041.0000000000
56 -2040.0000000000
64 -2038.0000000000
65 -2036.0000000000
66 -2034.0000000000
70 -2033.0000000000
71 -2032.0000000000
72 -2030.0000000000
73 -2029.0000000000
76 -2028.0000000000
82 -2026.0000000000
91 -2025.0000000000
96 -2024.0000000000
98 -2023.0000000000
103 -2021.0000000000
104 -2020.0000000000
105 -2019.0000000000
106 -2018.0000000000
108 -2017.0000000000
110 -2016.0000000000
114 -2015.0000000000
115 -2014.0000000000
116 -2013.0000000000
118 -2012.0000000000
120 -2011.0000000000
127 -2010.0000000000
135 -2009.0000000000
136 -2008.0000000000
143 -2007.0000000000
144 -2006.0000000000
146 -2005.0000000000
149 -2003.0000000000
150 -2002.0000000000
158 -2001.0000000000
160 -2000.0000000000
162 -1999.0000000000
164 -1997.0000000000
166 -1995.0000000000
170 -1994.0000000000
172 -1993.0000000000
173 -1992.0000000000
174 -1991.0000000000
176 -1990.0000000000
180 -1989.0000000000
183 -1988.0000000000
189 -1987.0000000000
197 -1985.0000000000
206 -1984.0000000000
209 -1983.0000000000
211 -1982.0000000000
218 -1981.0000000000
219 -1980.0000000000
221 -1978.0000000000
226 -1977.0000000000
235 -1975.0000000000
245 -1974.0000000000
250 -1973.0000000000
255 -1972.0000000000
261 -1971.0000000000
263 -1969.0000000000
269 -1967.0000000000
274 -1966.0000000000
275 -1965.0000000000
276 -1964.0000000000
278 -1963.0000000000
280 -1962.0000000000
283 -1961.0000000000
287 -1960.0000000000
296 -1959.0000000000
299 -1958.0000000000
300 -1957.0000000000
301 -1956.0000000000
303 -1954.0000000000
304 -1953.0000000000
309 -1952.0000000000
311 -1951.0000000000
312 -1950.0000000000
317 -1949.0000000000
319 -1948.0000000000
325 -1947.0000000000
328 -1946.0000000000
329 -1945.0000000000
336 -1944.0000000000
338 -1943.0000000000
339 -1941.0000000000
340 -1940.0000000000
345 -1938.0000000000
346 -1936.0000000000
350 -1935.0000000000
352 -1934.0000000000
361 -1933.0000000000
374 -1932.0000000000
377 -1931.0000000000
379 -1930.0000000000
381 -1927.0000000000
384 -1926.0000000000
386 -1924.0000000000
388 -1922.0000000000
389 -1920.0000000000
394 -1919.0000000000
401 -1918.0000000000
402 -1917.0000000000
406 -1916.0000000000
407 -1915.0000000000
408 -1914.0000000000
411 -1913.0000000000
413 -1912.0000000000
414 -1910.0000000000
416 -1909.0000000000
417 -1908.0000000000
423 -1907.0000000000
424 -1906.0000000000
425 -1904.0000000000
427 -1903.0000000000
428 -1900.0000000000
429 -1899.0000000000
433 -1898.0000000000
435 -1897.0000000000
441 -1896.0000000000
447 -1895.0000000000
448 -1894.0000000000
450 -1893.0000000000
451 -1892.0000000000
455 -1891.0000000000
460 -1890.0000000000
466 -1889.0000000000
473 -1888.0000000000
478 -1887.0000000000
480 -1886.0000000000
483 -1885.0000000000
490 -1884.0000000000
494 -1883.0000000000
507 -1882.0000000000
509 -1881.0000000000
515 -1880.0000000000
516 -1879.0000000000
518 -1878.0000000000
530 -1877.0000000000
535 -1876.0000000000
541 -1875.0000000000
552 -1873.0000000000
555 -1872.0000000000
558 -1871.0000000000
559 -1870.0000000000
570 -1869.0000000000
571 -1868.0000000000
573 -1866.0000000000
576 -1865.0000000000
588 -1864.0000000000
594 -1863.0000000000
595 -1862.0000000000
603 -1860.0000000000
605 -1857.0000000000
610 -1856.0000000000
618 -1854.0000000000
621 -1852.0000000000
624 -1851.0000000000
626 -1850.0000000000
633 -1849.0000000000
638 -1848.0000000000
639 -1846.0000000000
647 -1844.0000000000
653 -1843.0000000000
660 -1842.0000000000
661 -1840.0000000000
663 -1838.0000000000
666 -1837.0000000000
672 -1836.0000000000
677 -1834.0000000000
678 -1833.0000000000
680 -1832.0000000000
682 -1831.0000000000
683 -1830.0000000000
691 -1829.0000000000
693 -1828.0000000000
699 -1827.0000000000
701 -1826.0000000000
709 -1825.0000000000
711 -1824.0000000000
718 -1822.0000000000
721 -1821.0000000000
729 -1819.0000000000
734 -1818.0000000000
745 -1817.0000000000
751 -1816.0000000000
753 -1815.0000000000
760 -1813.0000000000
763 -1812.0000000000
765 -1810.0000000000
766 -1809.0000000000
769 -1808.0000000000
772 -1807.0000000000
774 -1806.0000000000
779 -1805.0000000000
800 -1804.0000000000
808 -1803.0000000000
812 -1802.0000000000
825 -1801.0000000000
837 -1799.0000000000
841 -1798.0000000000
846 -1797.0000000000
848 -1796.0000000000
854 -1794.0000000000
860 -1793.0000000000
865 -1792.0000000000
871 -1791.0000000000
872 -1790.0000000000
880 -1789.0000000000
881 -1788.0000000000
892 -1786.0000000000
894 -1784.0000000000
895 -1783.0000000000
901 -1782.0000000000
909 -1781.0000000000
917 -1780.0000000000
919 -1777.0000000000
920 -1776.0000000000
926 -1775.0000000000
930 -1774.0000000000
938 -1773.0000000000
943 -1771.0000000000
957 -1769.0000000000
962 -1768.0000000000
964 -1767.0000000000
965 -1766.0000000000
968 -1765.0000000000
971 -1764.0000000000
972 -1763.0000000000
990 -1762.0000000000
997 -1760.0000000000
1015 -1759.0000000000
1019 -1758.0000000000
1026 -1757.0000000000
1027 -1756.0000000000
1035 -1753.0000000000
1039 -1751.0000000000
1045 -1748.0000000000
1049 -1747.0000000000
1050 -1746.0000000000
1059 -1745.0000000000
1066 -1744.0000000000
1069 -1743.0000000000
1077 -1742.0000000000
1079 -1741.0000000000
1086 -1740.0000000000
1087 -1739.0000000000
1088 -1738.0000000000
1089 -1737.0000000000
1091 -1735.0000000000
1092 -1733.0000000000
1099 -1732.0000000000
1103 -1731.0000000000
1109 -1730.0000000000
1111 -1728.0000000000
1122 -1727.0000000000
1123 -1726.0000000000
1138 -1724.0000000000
1144 -1723.0000000000
1147 -1722.0000000000
1148 -1721.0000000000
1152 -1720.0000000000
1154 -1718.0000000000
1155 -1717.0000000000
1157 -1716.0000000000
1158 -1715.0000000000
1165 -1714.0000000000
1169 -1713.0000000000
1171 -1712.0000000000
1173 -1711.0000000000
1186 -1710.0000000000
1188 -1709.0000000000
1192 -1708.0000000000
1197 -1706.0000000000
1199 -1705.0000000000
1201 -1704.0000000000
1204 -1703.0000000000
1208 -1702.0000000000
1209 -1701.0000000000
1214 -1698.0000000000
1216 -1697.0000000000
1219 -1695.0000000000
1222 -1694.0000000000
1224 -1693.0000000000
1227 -1692.0000000000
1234 -1691.0000000000
1238 -1690.0000000000
1245 -1689.0000000000
1248 -1688.0000000000
1251 -1686.0000000000
1256 -1684.0000000000
1257 -1682.0000000000
1266 -1681.0000000000
1279 -1680.0000000000
1291 -1679.0000000000
1298 -1677.0000000000
1299 -1676.0000000000
1302 -1675.0000000000
1304 -1674.0000000000
1311 -1673.0000000000
1317 -1672.0000000000
1319 -1670.0000000000
1332 -1668.0000000000
1334 -1667.0000000000
1335 -1666.0000000000
1338 -1665.0000000000
1339 -1664.0000000000
1347 -1663.0000000000
1356 -1662.0000000000
1357 -1661.0000000000
1359 -1660.0000000000
1363 -1658.0000000000
1364 -1657.0000000000
1370 -1656.0000000000
1375 -1654.0000000000
1385 -1653.0000000000
1388 -1651.0000000000
1390 -1650.0000000000
1393 -1649.0000000000
1395 -1647.0000000000
1399 -1646.0000000000
1400 -1645.0000000000
1401 -1644.0000000000
1410 -1643.0000000000
1411 -1642.0000000000
1412 -1641.0000000000
1414 -1640.0000000000
1419 -1638.0000000000
1432 -1637.0000000000
1437 -1636.0000000000
1441 -1635.0000000000
1445 -1634.0000000000
1448 -1633.0000000000
1449 -1632.0000000000
1450 -1631.0000000000
1455 -1630.0000000000
1467 -1629.0000000000
1487 -1627.0000000000
1492 -1626.0000000000
1494 -1625.0000000000
1499 -1624.0000000000
1503 -1623.0000000000
1509 -1622.0000000000
1513 -1621.0000000000
1524 -1620.0000000000
1539 -1619.0000000000
1541 -1618.0000000000
1544 -1617.0000000000
1550 -1616.0000000000
1551 -1614.0000000000
1560 -1613.0000000000
1563 -1612.0000000000
1569 -1611.0000000000
1570 -1609.0000000000
1572 -1608.0000000000
1577 -1607.0000000000
1585 -1606.0000000000
1586 -1605.0000000000
1587 -1604.0000000000
1605 -1603.0000000000
1608 -1601.0000000000
1610 -1600.0000000000
1618 -1599.0000000000
1628 -1597.0000000000
1630 -1596.0000000000
1635 -1595.0000000000
1636 -1594.0000000000
1647 -1593.0000000000
1651 -1592.0000000000
1653 -1591.0000000000
1657 -1589.0000000000
1658 -1588.0000000000
1659 -1587.0000000000
1662 -1585.0000000000
1669 -1583.0000000000
1670 -1582.0000000000
1676 -1580.0000000000
1682 -1579.0000000000
1689 -1578.0000000000
1692 -1577.0000000000
1695 -1576.0000000000
1707 -1575.0000000000
1709 -1574.0000000000
1711 -1573.0000000000
1714 -1572.0000000000
1725 -1571.0000000000
1726 -1569.0000000000
1732 -1568.0000000000
1747 -1566.0000000000
1760 -1565.0000000000
1764 -1564.0000000000
1769 -1563.0000000000
1774 -1562.0000000000
1777 -1561.0000000000
1778 -1560.0000000000
1781 -1558.0000000000
1801 -1556.0000000000
1807 -1555.0000000000
1809 -1554.0000000000
1814 -1551.0000000000
1817 -1550.0000000000
1821 -1549.0000000000
1832 -1548.0000000000
1840 -1546.0000000000
1846 -1545.0000000000
1851 -1544.0000000000
1852 -1543.0000000000
1854 -1541.0000000000
1856 -1540.0000000000
1857 -1539.0000000000
1860 -1538.0000000000
1864 -1536.0000000000
1871 -1535.0000000000
1876 -1534.0000000000
1881 -1533.0000000000
1888 -1532.0000000000
1890 -1531.0000000000
1895 -1530.0000000000
1923 -1528.0000000000
1931 -1527.0000000000
1934 -1526.0000000000
1938 -1525.0000000000
1957 -1524.0000000000
1963 -1523.0000000000
1977 -1522.0000000000
1980 -1521.0000000000
1985 -1519.0000000000
1987 -1518.0000000000
1993 -1517.0000000000
2000 -1515.0000000000
2002 -1514.0000000000
2019 -1513.0000000000
2020 -1512.0000000000
2021 -1511.0000000000
2022 -1510.0000000000
2027 -1509.0000000000
2031 -1508.0000000000
2033 -1507.0000000000
2039 -1506.0000000000
2043 -1505.0000000000
2051 -1503.0000000000
2056 -1502.0000000000
2060 -1501.0000000000
2062 -1500.0000000000
2068 -1499.0000000000
2075 -1498.0000000000
2081 -1497.0000000000
2082 -1496.0000000000
2090 -1495.0000000000
2093 -1494.0000000000
2094 -1493.0000000000
2100 -1491.0000000000
2108 -1490.0000000000
2116 -1489.0000000000
2121 -1488.0000000000
2129 -1487.0000000000
2130 -1486.0000000000
2132 -1485.0000000000
2140 -1484.0000000000
2153 -1483.0000000000
2156 -1482.0000000000
2159 -1481.0000000000
2166 -1480.0000000000
2167 -1479.0000000000
2171 -1478.0000000000
2184 -1476.0000000000
2195 -1474.0000000000
2197 -1473.0000000000
2203 -1472.0000000000
2204 -1470.0000000000
2208 -1468.0000000000
2211 -1467.0000000000
2227 -1466.0000000000
2228 -1465.0000000000
2229 -1464.0000000000
2231 -1463.0000000000
2238 -1462.0000000000
2242 -1461.0000000000
2243 -1460.0000000000
2246 -1459.0000000000
2264 -1458.0000000000
2280 -1457.0000000000
2281 -1455.0000000000
2283 -1454.0000000000
2284 -1453.0000000000
2285 -1452.0000000000
2288 -1451.0000000000
2297 -1449.0000000000
2301 -1448.0000000000
2307 -1447.0000000000
2317 -1446.0000000000
2321 -1445.0000000000
2328 -1444.0000000000
2333 -1443.0000000000
2334 -1442.0000000000
2336 -1441.0000000000
2337 -1439.0000000000
2353 -1438.0000000000
2355 -1437.0000000000
2369 -1435.0000000000
2370 -1434.0000000000
2376 -1433.0000000000
2379 -1432.0000000000
2388 -1431.0000000000
2389 -1430.0000000000
2396 -1429.0000000000
2403 -1428.0000000000
2413 -1427.0000000000
2419 -1426.0000000000
2427 -1425.0000000000
2428 -1424.0000000000
2430 -1422.0000000000
2439 -1421.0000000000
2448 -1419.0000000000
2453 -1418.0000000000
2457 -1417.0000000000
2458 -1416.0000000000
2462 -1415.0000000000
2466 -1414.0000000000
2470 -1412.0000000000
2484 -1410.0000000000
2486 -1408.0000000000
2489 -1407.0000000000
2491 -1406.0000000000
2497 -1405.0000000000
2506 -1403.0000000000
2525 -1401.0000000000
2530 -1400.0000000000
2534 -1399.0000000000
2537 -1397.0000000000
2559 -1396.0000000000
2563 -1395.0000000000
2571 -1393.0000000000
2584 -1392.0000000000
2595 -1390.0000000000
2612 -1389.0000000000
2620 -1388.0000000000
2627 -1387.0000000000
2630 -1386.0000000000
2641 -1385.0000000000
2645 -1384.0000000000
2659 -1383.0000000000
2661 -1382.0000000000
2663 -1381.0000000000
2665 -1380.0000000000
2674 -1379.0000000000
2675 -1378.0000000000
2677 -1375.0000000000
2680 -1373.0000000000
2683 -1372.0000000000
2684 -1371.0000000000
2685 -1370.0000000000
2694 -1369.0000000000
2701 -1368.0000000000
2707 -1367.0000000000
2722 -1365.0000000000
2723 -1364.0000000000
2726 -1363.0000000000
2727 -1361.0000000000
2740 -1360.0000000000
2752 -1359.0000000000
2755 -1358.0000000000
2765 -1356.0000000000
2767 -1353.0000000000
2778 -1352.0000000000
2784 -1350.0000000000
2788 -1349.0000000000
2789 -1348.0000000000
2796 -1347.0000000000
2798 -1345.0000000000
2807 -1344.0000000000
2808 -1342.0000000000
2811 -1341.0000000000
2820 -1340.0000000000
2821 -1338.0000000000
2823 -1337.0000000000
2828 -1336.0000000000
2829 -1335.0000000000
2830 -1334.0000000000
2832 -1333.0000000000
2840 -1332.0000000000
2843 -1331.0000000000
2848 -1330.0000000000
2852 -1329.0000000000
2855 -1328.0000000000
2857 -1327.0000000000
2859 -1326.0000000000
2882 -1325.0000000000
2887 -1324.0000000000
2891 -1323.0000000000
2905 -1322.0000000000
2911 -1321.0000000000
2915 -1320.0000000000
2922 -1319.0000000000
2934 -1318.0000000000
2940 -1316.0000000000
2959 -1315.0000000000
2963 -1314.0000000000
2969 -1311.0000000000
2975 -1310.0000000000
2979 -1309.0000000000
2983 -1307.0000000000
2993 -1306.0000000000
2994 -1305.0000000000
2997 -1304.0000000000
3001 -1303.0000000000
3015 -1302.0000000000
3023 -1301.0000000000
3026 -1300.0000000000
3031 -1299.0000000000
3036 -1298.0000000000
3042 -1297.0000000000
3060 -1295.0000000000
3067 -1294.0000000000
3069 -1293.0000000000
3078 -1292.0000000000
3080 -1291.0000000000
3083 -1290.0000000000
3086 -1289.0000000000
3088 -1287.0000000000
3095 -1286.0000000000
3103 -1285.0000000000
3134 -1282.0000000000
3139 -1281.0000000000
3146 -1280.0000000000
3147 -1279.0000000000
3150 -1278.0000000000
3155 -1277.0000000000
3158 -1276.0000000000
3164 -1275.0000000000
3176 -1274.0000000000
3181 -1273.0000000000
3185 -1271.0000000000
3195 -1270.0000000000
3197 -1269.0000000000
3200 -1268.0000000000
3205 -1267.0000000000
3211 -1266.0000000000
3214 -1265.0000000000
3215 -1264.0000000000
3228 -1263.0000000000
3232 -1262.0000000000
3234 -1261.0000000000
3235 -1260.0000000000
3240 -1259.0000000000
3252 -1258.0000000000
3253 -1257.0000000000
3254 -1256.0000000000
3255 -1255.0000000000
3261 -1254.0000000000
3262 -1252.0000000000
3263 -1251.0000000000
3266 -1249.0000000000
3269 -1248.0000000000
3276 -1247.0000000000
3278 -1246.0000000000
3286 -1245.0000000000
3287 -1243.0000000000
3295 -1242.0000000000
3299 -1241.0000000000
3304 -1240.0000000000
3327 -1239.0000000000
3330 -1237.0000000000
3333 -1236.0000000000
3360 -1234.0000000000
3379 -1233.0000000000
3384 -1232.0000000000
3387 -1231.0000000000
3390 -1230.0000000000
3400 -1229.0000000000
3403 -1228.0000000000
3405 -1227.0000000000
3427 -1226.0000000000
3440 -1225.0000000000
3445 -1224.0000000000
3466 -1223.0000000000
3468 -1222.0000000000
3501 -1221.0000000000
3502 -1220.0000000000
3509 -1219.0000000000
3511 -1218.0000000000
3513 -1217.0000000000
3517 -1216.0000000000
3518 -1215.0000000000
3526 -1214.0000000000
3532 -1213.0000000000
3537 -1212.0000000000
3546 -1211.0000000000
3548 -1210.0000000000
3549 -1209.0000000000
3550 -1208.0000000000
3555 -1207.0000000000
3557 -1206.0000000000
3579 -1205.0000000000
3582 -1204.0000000000
3589 -1203.0000000000
3591 -1202.0000000000
3594 -1201.0000000000
3595 -1200.0000000000
3596 -1199.0000000000
3612 -1198.0000000000
3614 -1196.0000000000
3621 -1194.0000000000
3633 -1193.0000000000
3640 -1192.0000000000
3645 -1191.0000000000
3670 -1190.0000000000
3674 -1189.0000000000
3675 -1188.0000000000
3676 -1187.0000000000
3681 -1186.0000000000
3700 -1185.0000000000
3701 -1184.0000000000
3710 -1183.0000000000
3719 -1182.0000000000
3721 -1181.0000000000
3725 -1180.0000000000
3742 -1178.0000000000
3745 -1177.0000000000
3746 -1176.0000000000
3768 -1175.0000000000
3784 -1174.0000000000
3789 -1173.0000000000
3792 -1171.0000000000
3799 -1170.0000000000
3800 -1169.0000000000
3805 -1168.0000000000
3815 -1167.0000000000
3820 -1166.0000000000
3821 -1165.0000000000
3822 -1164.0000000000
3823 -1163.0000000000
3824 -1162.0000000000
3829 -1161.0000000000
3830 -1160.0000000000
3832 -1159.0000000000
3841 -1158.0000000000
3843 -1157.0000000000
3856 -1156.0000000000
3857 -1155.0000000000
3868 -1154.0000000000
3878 -1153.0000000000
3883 -1152.0000000000
3884 -1151.0000000000
3889 -1150.0000000000
3891 -1149.0000000000
3900 -1148.0000000000
3906 -1147.0000000000
3907 -1146.0000000000
3908 -1145.0000000000
3924 -1143.0000000000
3935 -1142.0000000000
3958 -1141.0000000000
3962 -1140.0000000000
3964 -1139.0000000000
3972 -1138.0000000000
3975 -1137.0000000000
3979 -1135.0000000000
3981 -1133.0000000000
3987 -1131.0000000000
3990 -1130.0000000000
4001 -1129.0000000000
4005 -1128.0000000000
4010 -1127.0000000000
4017 -1126.0000000000
4025 -1125.0000000000
4030 -1123.0000000000
4039 -1122.0000000000
4040 -1121.0000000000
4045 -1120.0000000000
4083 -1118.0000000000
4087 -1117.0000000000
4088 -1116.0000000000
4091 -1115.0000000000
4098 -1114.0000000000
4104 -1113.0000000000
4112 -1112.0000000000
4122 -1111.0000000000
4125 -1109.0000000000
4131 -1108.0000000000
4136 -1107.0000000000
4148 -1105.0000000000
4161 -1104.0000000000
4162 -1103.0000000000
4173 -1102.0000000000
4176 -1101.0000000000
4177 -1100.0000000000
4178 -1099.0000000000
4187 -1098.0000000000
4189 -1097.0000000000
4196 -1096.0000000000
4201 -1095.0000000000
4202 -1094.0000000000
4209 -1093.0000000000
4222 -1092.0000000000
4224 -1091.0000000000
4226 -1090.0000000000
4227 -1089.0000000000
4230 -1087.0000000000
4245 -1085.0000000000
4250 -1084.0000000000
4251 -1083.0000000000
4269 -1082.0000000000
4270 -1081.0000000000
4273 -1080.0000000000
4277 -1079.0000000000
4286 -1077.0000000000
4289 -1076.0000000000
4292 -1075.0000000000
4294 -1074.0000000000
4297 -1073.0000000000
4316 -1072.0000000000
4319 -1071.0000000000
4323 -1070.0000000000
4338 -1068.0000000000
4343 -1067.0000000000
4355 -1066.0000000000
4358 -1065.0000000000
4365 -1064.0000000000
4373 -1063.0000000000
4382 -1061.0000000000
4383 -1060.0000000000
4386 -1059.0000000000
4396 -1058.0000000000
4398 -1057.0000000000
4408 -1055.0000000000
4409 -1054.0000000000
4412 -1053.0000000000
4416 -1052.0000000000
4421 -1051.0000000000
4423 -1050.0000000000
4425 -1048.0000000000
4434 -1047.0000000000
4439 -1046.0000000000
4456 -1044.0000000000
4497 -1043.0000000000
4520 -1041.0000000000
4534 -1040.0000000000
4539 -1039.0000000000
4546 -1038.0000000000
4549 -1037.0000000000
4555 -1036.0000000000
4561 -1035.0000000000
4599 -1034.0000000000
4601 -1033.0000000000
4608 -1032.0000000000
4627 -1031.0000000000
4636 -1030.0000000000
4644 -1029.0000000000
4651 -1028.0000000000
4652 -1027.0000000000
4653 -1026.0000000000
4654 -1025.0000000000
4656 -1024.0000000000
4657 -1023.0000000000
4678 -1022.0000000000
4693 -1021.0000000000
4702 -1020.0000000000
4706 -1019.0000000000
4707 -1018.0000000000
4736 -1017.0000000000
4752 -1015.0000000000
4755 -1014.0000000000
4772 -1013.0000000000
4790 -1012.0000000000
4796 -1011.0000000000
4802 -1010.0000000000
4806 -1009.0000000000
4818 -1008.0000000000
4819 -1007.0000000000
4824 -1006.0000000000
4841 -1005.0000000000
4850 -1004.0000000000
4859 -1003.0000000000
4889 -1002.0000000000
4898 -1001.0000000000
4910 -1000.0000000000
4923 -999.0000000000
4928 -998.0000000000
4950 -997.0000000000
4957 -996.0000000000
4988 -994.0000000000
4991 -993.0000000000
5050 -992.0000000000
5060 -990.0000000000
5068 -989.0000000000
5069 -988.0000000000
5075 -987.0000000000
5076 -985.0000000000
5079 -984.0000000000
5088 -983.0000000000
5093 -982.0000000000
5113 -981.0000000000
5115 -980.0000000000
5123 -979.0000000000
5125 -978.0000000000
5127 -977.0000000000
5134 -976.0000000000
5135 -975.0000000000
5138 -974.0000000000
5140 -973.0000000000
5146 -972.0000000000
5148 -971.0000000000
5149 -970.0000000000
5179 -968.0000000000
5182 -967.0000000000
5191 -966.0000000000
5192 -965.0000000000
5209 -964.0000000000
5212 -963.0000000000
5218 -961.0000000000
5225 -960.0000000000
5234 -959.0000000000
5238 -958.0000000000
5241 -957.0000000000
5257 -956.0000000000
5264 -955.0000000000
5270 -954.0000000000
5277 -953.0000000000
5280 -952.0000000000
5291 -951.0000000000
5315 -950.0000000000
5318 -949.0000000000
5333 -948.0000000000
5341 -947.0000000000
5356 -946.0000000000
5358 -945.0000000000
5363 -944.0000000000
5365 -943.0000000000
5369 -942.0000000000
5373 -941.0000000000
5379 -940.0000000000
5393 -939.0000000000
5399 -938.0000000000
5405 -937.0000000000
5408 -935.0000000000
5423 -934.0000000000
5425 -933.0000000000
5437 -932.0000000000
5453 -931.0000000000
5457 -930.0000000000
5458 -929.0000000000
5466 -928.0000000000
5472 -927.0000000000
5483 -926.0000000000
5487 -925.0000000000
5488 -924.0000000000
5493 -923.0000000000
5494 -922.0000000000
5500 -921.0000000000
5507 -920.0000000000
5515 -919.0000000000
5516 -918.0000000000
5528 -917.0000000000
5543 -916.0000000000
5546 -915.0000000000
5547 -914.0000000000
5552 -913.0000000000
5571 -911.0000000000
5572 -910.0000000000
5573 -909.0000000000
5574 -908.0000000000
5583 -907.0000000000
5590 -906.0000000000
5622 -905.0000000000
5634 -904.0000000000
5640 -903.0000000000
5656 -902.0000000000
5658 -901.0000000000
5660 -900.0000000000
5671 -899.0000000000
5679 -898.0000000000
5690 -897.0000000000
5704 -896.0000000000
5711 -895.0000000000
5712 -894.0000000000
5752 -892.0000000000
5759 -891.0000000000
5770 -890.0000000000
5774 -889.0000000000
5785 -888.0000000000
5794 -887.0000000000
5803 -886.0000000000
5811 -885.0000000000
5833 -884.0000000000
5836 -882.0000000000
5838 -881.0000000000
5866 -880.0000000000
5882 -879.0000000000
5896 -878.0000000000
5923 -877.0000000000
5927 -876.0000000000
5930 -874.0000000000
5931 -873.0000000000
5940 -872.0000000000
5941 -871.0000000000
5957 -870.0000000000
6016 -868.0000000000
6021 -867.0000000000
6039 -866.0000000000
6054 -865.0000000000
6062 -864.0000000000
6064 -863.0000000000
6078 -862.0000000000
6101 -861.0000000000
6110 -860.0000000000
6113 -858.0000000000
6125 -857.0000000000
6128 -856.0000000000
6130 -855.0000000000
6136 -854.0000000000
6139 -853.0000000000
6151 -852.0000000000
6177 -851.0000000000
6191 -850.0000000000
6195 -849.0000000000
6199 -848.0000000000
6201 -847.0000000000
6202 -846.0000000000
6203 -843.0000000000
6219 -842.0000000000
6233 -841.0000000000
6235 -840.0000000000
6242 -839.0000000000
6249 -838.0000000000
6260 -837.0000000000
6269 -836.0000000000
6284 -835.0000000000
6313 -834.0000000000
6334 -833.0000000000
6364 -832.0000000000
6390 -831.0000000000
6395 -829.0000000000
6412 -828.0000000000
6423 -827.0000000000
6433 -826.0000000000
6435 -825.0000000000
6436 -824.0000000000
6443 -822.0000000000
6510 -821.0000000000
6511 -820.0000000000
6572 -819.0000000000
6578 -818.0000000000
6596 -817.0000000000
6606 -816.0000000000
6660 -814.0000000000
6663 -813.0000000000
6670 -811.0000000000
6678 -810.0000000000
6725 -809.0000000000
6746 -808.0000000000
6752 -807.0000000000
6759 -806.0000000000
6762 -805.0000000000
6808 -804.0000000000
6821 -803.0000000000
6843 -802.0000000000
6875 -801.0000000000
6880 -800.0000000000
6884 -799.0000000000
6887 -798.0000000000
6905 -796.0000000000
6911 -794.0000000000
6915 -793.0000000000
6923 -792.0000000000
6925 -791.0000000000
6926 -790.0000000000
6931 -789.0000000000
6946 -788.0000000000
6948 -787.0000000000
6951 -786.0000000000
6959 -785.0000000000
6961 -784.0000000000
7018 -783.0000000000
7021 -782.0000000000
7045 -781.0000000000
7061 -780.0000000000
7080 -779.0000000000
7094 -778.0000000000
7099 -777.0000000000
7102 -775.0000000000
7129 -774.0000000000
7134 -773.0000000000
7142 -772.0000000000
7149 -771.0000000000
7201 -770.0000000000
7205 -769.0000000000
7232 -768.0000000000
7268 -767.0000000000
7283 -766.0000000000
7294 -763.0000000000
7297 -762.0000000000
7312 -761.0000000000
7333 -760.0000000000
7367 -759.0000000000
7374 -758.0000000000
7378 -757.0000000000
7410 -756.0000000000
7426 -754.0000000000
7431 -753.0000000000
7435 -752.0000000000
7455 -751.0000000000
7460 -749.0000000000
7462 -748.0000000000
7475 -747.0000000000
7484 -746.0000000000
7488 -745.0000000000
7489 -744.0000000000
7498 -743.0000000000
7503 -742.0000000000
7511 -741.0000000000
7516 -740.0000000000
7536 -739.0000000000
7558 -736.0000000000
7559 -735.0000000000
7587 -734.0000000000
7608 -733.0000000000
7621 -732.0000000000
7631 -731.0000000000
7636 -730.0000000000
7642 -728.0000000000
7673 -727.0000000000
7689 -726.0000000000
7696 -725.0000000000
7703 -724.0000000000
7716 -723.0000000000
7761 -722.0000000000
7766 -721.0000000000
7772 -719.0000000000
7774 -718.0000000000
7788 -716.0000000000
7797 -715.0000000000
7808 -714.0000000000
7841 -713.0000000000
7860 -712.0000000000
7867 -711.0000000000
7876 -710.0000000000
7895 -709.0000000000
7906 -708.0000000000
7911 -707.0000000000
7912 -706.0000000000
7938 -705.0000000000
7956 -704.0000000000
7984 -703.0000000000
7994 -702.0000000000
7999 -701.0000000000
8010 -700.0000000000
8025 -699.0000000000
8028 -698.0000000000
8029 -697.0000000000
8032 -696.0000000000
8043 -695.0000000000
8061 -694.0000000000
8066 -693.0000000000
8081 -692.0000000000
8086 -691.0000000000
8098 -690.0000000000
8119 -689.0000000000
8137 -688.0000000000
8181 -687.0000000000
8191 -686.0000000000
8194 -685.0000000000
8221 -684.0000000000
8237 -683.0000000000
8268 -682.0000000000
8277 -681.0000000000
8286 -680.0000000000
8303 -679.0000000000
8316 -678.0000000000
8320 -677.0000000000
8322 -676.0000000000
8343 -675.0000000000
8386 -674.0000000000
8418 -673.0000000000
8431 -672.0000000000
8447 -671.0000000000
8450 -670.0000000000
8455 -669.0000000000
8461 -668.0000000000
8468 -667.0000000000
8498 -666.0000000000
8499 -665.0000000000
8501 -664.0000000000
8502 -663.0000000000
8538 -662.0000000000
8547 -661.0000000000
8549 -660.0000000000
8561 -659.0000000000
8567 -658.0000000000
8584 -657.0000000000
8587 -656.0000000000
8610 -655.0000000000
8618 -654.0000000000
8648 -653.0000000000
8649 -652.0000000000
8660 -651.0000000000
8664 -650.0000000000
8679 -649.0000000000
8683 -648.0000000000
8687 -647.0000000000
8710 -646.0000000000
8726 -645.0000000000
8735 -644.0000000000
8748 -643.0000000000
8751 -642.0000000000
8756 -641.0000000000
8776 -640.0000000000
8782 -639.0000000000
8785 -636.0000000000
8794 -635.0000000000
8805 -634.0000000000
8843 -632.0000000000
8859 -631.0000000000
8883 -630.0000000000
8886 -629.0000000000
8904 -628.0000000000
8907 -627.0000000000
8918 -626.0000000000
8938 -625.0000000000
8978 -624.0000000000
8988 -623.0000000000
9013 -622.0000000000
9052 -621.0000000000
9062 -620.0000000000
9063 -619.0000000000
9068 -618.0000000000
9075 -617.0000000000
9087 -616.0000000000
9091 -615.0000000000
9100 -614.0000000000
9109 -613.0000000000
9111 -612.0000000000
9132 -611.0000000000
9145 -610.0000000000
9173 -609.0000000000
9185 -608.0000000000
9189 -607.0000000000
9190 -606.0000000000
9230 -605.0000000000
9257 -604.0000000000
9264 -603.0000000000
9283 -602.0000000000
9295 -601.0000000000
9327 -600.0000000000
9329 -599.0000000000
9352 -598.0000000000
9368 -597.0000000000
9372 -596.0000000000
9386 -595.0000000000
9400 -594.0000000000
9404 -593.0000000000
9415 -591.0000000000
9423 -590.0000000000
9429 -589.0000000000
9436 -588.0000000000
9502 -587.0000000000
9519 -586.0000000000
9523 -585.0000000000
9525 -584.0000000000
9593 -581.0000000000
9600 -580.0000000000
9621 -579.0000000000
9631 -578.0000000000
9673 -577.0000000000
9681 -576.0000000000
9710 -575.0000000000
9722 -574.0000000000
9724 -573.0000000000
9726 -572.0000000000
9775 -571.0000000000
9789 -570.0000000000
9799 -569.0000000000
9828 -568.0000000000
9865 -566.0000000000
9880 -565.0000000000
9887 -564.0000000000
9890 -562.0000000000
9906 -561.0000000000
9918 -560.0000000000
9929 -558.0000000000
9936 -557.0000000000
9977 -556.0000000000
9984 -555.0000000000
10000 -556.0000000000
evaluations raw_y
1 -1987.0000000000
5 -1986.0000000000
12 -1985.0000000000
15 -1984.0000000000
22 -1983.0000000000
29 -1982.0000000000
31 -1981.0000000000
32 -1979.0000000000
39 -1978.0000000000
40 -1976.0000000000
41 -1975.0000000000
51 -1972.0000000000
56 -1971.0000000000
58 -1969.0000000000
61 -1968.0000000000
62 -1967.0000000000
64 -1966.0000000000
67 -1965.0000000000
71 -1964.0000000000
72 -1963.0000000000
73 -1962.0000000000
74 -1961.0000000000
76 -1960.0000000000
78 -1959.0000000000
81 -1957.0000000000
82 -1956.0000000000
84 -1955.0000000000
88 -1954.0000000000
94 -1951.0000000000
95 -1949.0000000000
96 -1948.0000000000
98 -1946.0000000000
102 -1945.0000000000
104 -1944.0000000000
107 -1943.0000000000
109 -1942.0000000000
112 -1941.0000000000
114 -1940.0000000000
115 -1939.0000000000
119 -1938.0000000000
120 -1937.0000000000
121 -1935.0000000000
123 -1934.0000000000
124 -1933.0000000000
125 -1931.0000000000
128 -1930.0000000000
130 -1929.0000000000
132 -1928.0000000000
134 -1925.0000000000
136 -1924.0000000000
142 -1923.0000000000
143 -1922.0000000000
144 -1920.0000000000
145 -1919.0000000000
149 -1917.0000000000
150 -1915.0000000000
151 -1914.0000000000
152 -1913.0000000000
157 -1912.0000000000
158 -1911.0000000000
162 -1910.0000000000
167 -1909.0000000000
168 -1907.0000000000
169 -1906.0000000000
175 -1904.0000000000
176 -1903.0000000000
181 -1902.0000000000
182 -1901.0000000000
185 -1899.0000000000
186 -1898.0000000000
197 -1897.0000000000
202 -1896.0000000000
203 -1895.0000000000
204 -1894.0000000000
205 -1893.0000000000
210 -1892.0000000000
213 -1891.0000000000
219 -1890.0000000000
222 -1888.0000000000
225 -1887.0000000000
227 -1885.0000000000
232 -1884.0000000000
233 -1882.0000000000
238 -1881.0000000000
241 -1880.0000000000
245 -1879.0000000000
251 -1878.0000000000
262 -1877.0000000000
268 -1876.0000000000
278 -1875.0000000000
286 -1874.0000000000
291 -1872.0000000000
292 -1871.0000000000
295 -1870.0000000000
298 -1868.0000000000
300 -1867.0000000000
302 -1865.0000000000
307 -1864.0000000000
313 -1863.0000000000
315 -1862.0000000000
318 -1861.0000000000
323 -1858.0000000000
324 -1857.0000000000
325 -1856.0000000000
326 -1854.0000000000
329 -1853.0000000000
336 -1852.0000000000
338 -1851.0000000000
340 -1850.0000000000
341 -1849.0000000000
347 -1847.0000000000
348 -1845.0000000000
350 -1844.0000000000
355 -1842.0000000000
356 -1841.0000000000
359 -1840.0000000000
360 -1838.0000000000
366 -1837.0000000000
367 -1836.0000000000
369 -1835.0000000000
377 -1834.0000000000
378 -1833.0000000000
381 -1832.0000000000
383 -1831.0000000000
388 -1830.0000000000
393 -1828.0000000000
396 -1825.0000000000
397 -1824.0000000000
401 -1823.0000000000
409 -1821.0000000000
413 -1820.0000000000
414 -1819.0000000000
428 -1818.0000000000
429 -1816.0000000000
436 -1815.0000000000
442 -1814.0000000000
445 -1813.0000000000
447 -1811.0000000000
448 -1807.0000000000
453 -1806.0000000000
454 -1805.0000000000
455 -1804.0000000000
456 -1803.0000000000
457 -1802.0000000000
459 -1801.0000000000
460 -1800.0000000000
462 -1799.0000000000
466 -1797.0000000000
475 -1796.0000000000
476 -1795.0000000000
477 -1794.0000000000
478 -1793.0000000000
485 -1792.0000000000
487 -1790.0000000000
490 -1788.0000000000
492 -1787.0000000000
494 -1785.0000000000
501 -1784.0000000000
510 -1782.0000000000
511 -1781.0000000000
512 -1779.0000000000
513 -1778.0000000000
525 -1777.0000000000
532 -1776.0000000000
541 -1773.0000000000
547 -1771.0000000000
554 -1770.0000000000
559 -1769.0000000000
561 -1768.0000000000
565 -1767.0000000000
571 -1766.0000000000
574 -1765.0000000000
578 -1764.0000000000
581 -1763.0000000000
582 -1762.0000000000
586 -1761.0000000000
590 -1760.0000000000
595 -1759.0000000000
598 -1758.0000000000
601 -1757.0000000000
602 -1756.0000000000
604 -1755.0000000000
605 -1754.0000000000
609 -1752.0000000000
610 -1751.0000000000
619 -1750.0000000000
628 -1749.0000000000
632 -1747.0000000000
635 -1745.0000000000
636 -1744.0000000000
646 -1743.0000000000
650 -1742.0000000000
651 -1740.0000000000
656 -1739.0000000000
659 -1738.0000000000
670 -1737.0000000000
678 -1736.0000000000
682 -1735.0000000000
686 -1733.0000000000
688 -1732.0000000000
692 -1731.0000000000
694 -1730.0000000000
704 -1729.0000000000
709 -1728.0000000000
710 -1727.0000000000
726 -1726.0000000000
729 -1724.0000000000
730 -1723.0000000000
736 -1722.0000000000
742 -1721.0000000000
752 -1720.0000000000
753 -1718.0000000000
755 -1717.0000000000
756 -1716.0000000000
760 -1715.0000000000
762 -1714.0000000000
763 -1713.0000000000
766 -1712.0000000000
772 -1711.0000000000
780 -1710.0000000000
787 -1709.0000000000
798 -1708.0000000000
808 -1707.0000000000
809 -1706.0000000000
810 -1705.0000000000
811 -1704.0000000000
812 -1703.0000000000
816 -1702.0000000000
822 -1701.0000000000
824 -1700.0000000000
833 -1699.0000000000
837 -1698.0000000000
846 -1697.0000000000
847 -1696.0000000000
856 -1694.0000000000
868 -1693.0000000000
873 -1692.0000000000
879 -1691.0000000000
880 -1690.0000000000
883 -1689.0000000000
888 -1688.0000000000
892 -1687.0000000000
895 -1685.0000000000
896 -1684.0000000000
902 -1682.0000000000
904 -1681.0000000000
906 -1680.0000000000
907 -1679.0000000000
908 -1678.0000000000
913 -1677.0000000000
918 -1676.0000000000
926 -1675.0000000000
936 -1674.0000000000
939 -1673.0000000000
942 -1672.0000000000
948 -1671.0000000000
953 -1670.0000000000
955 -1669.0000000000
957 -1668.0000000000
964 -1667.0000000000
969 -1665.0000000000
971 -1664.0000000000
974 -1663.0000000000
977 -1662.0000000000
983 -1661.0000000000
998 -1659.0000000000
1000 -1657.0000000000
1002 -1656.0000000000
1003 -1655.0000000000
1005 -1654.0000000000
1012 -1653.0000000000
1013 -1652.0000000000
1014 -1650.0000000000
1019 -1648.0000000000
1027 -1645.0000000000
1029 -1644.0000000000
1030 -1643.0000000000
1036 -1642.0000000000
1044 -1641.0000000000
1046 -1640.0000000000
1047 -1639.0000000000
1051 -1637.0000000000
1052 -1636.0000000000
1053 -1635.0000000000
1056 -1634.0000000000
1061 -1633.0000000000
1067 -1632.0000000000
1071 -1630.0000000000
1074 -1629.0000000000
1075 -1628.0000000000
1082 -1627.0000000000
1086 -1624.0000000000
1105 -1622.0000000000
1107 -1621.0000000000
1109 -1620.0000000000
1110 -1619.0000000000
1114 -1618.0000000000
1122 -1617.0000000000
1123 -1615.0000000000
1124 -1614.0000000000
1125 -1613.0000000000
1127 -1612.0000000000
1130 -1611.0000000000
1137 -1610.0000000000
1138 -1609.0000000000
1140 -1608.0000000000
1144 -1607.0000000000
1145 -1606.0000000000
1147 -1605.0000000000
1149 -1604.0000000000
1159 -1603.0000000000
1163 -1602.0000000000
1175 -1601.0000000000
1181 -1600.0000000000
1186 -1599.0000000000
1190 -1598.0000000000
1195 -1596.0000000000
1197 -1595.0000000000
1199 -1594.0000000000
1207 -1593.0000000000
1212 -1591.0000000000
1215 -1590.0000000000
1234 -1589.0000000000
1236 -1588.0000000000
1237 -1587.0000000000
1238 -1585.0000000000
1240 -1584.0000000000
1248 -1583.0000000000
1250 -1582.0000000000
1252 -1581.0000000000
1257 -1580.0000000000
1266 -1579.0000000000
1269 -1578.0000000000
1275 -1577.0000000000
1277 -1576.0000000000
1278 -1574.0000000000
1282 -1573.0000000000
1286 -1572.0000000000
1287 -1571.0000000000
1298 -1570.0000000000
1300 -1569.0000000000
1305 -1567.0000000000
1312 -1566.0000000000
1317 -1565.0000000000
1319 -1564.0000000000
1320 -1563.0000000000
1322 -1562.0000000000
1324 -1560.0000000000
1330 -1559.0000000000
1333 -1558.0000000000
1344 -1557.0000000000
1346 -1556.0000000000
1350 -1555.0000000000
1351 -1554.0000000000
1353 -1553.0000000000
1356 -1552.0000000000
1359 -1551.0000000000
1363 -1550.0000000000
1369 -1549.0000000000
1372 -1548.0000000000
1373 -1547.0000000000
1378 -1544.0000000000
1384 -1543.0000000000
1390 -1542.0000000000
1399 -1541.0000000000
1411 -1539.0000000000
1418 -1538.0000000000
1421 -1536.0000000000
1428 -1535.0000000000
1441 -1533.0000000000
1448 -1532.0000000000
1449 -1531.0000000000
1450 -1530.0000000000
1468 -1529.0000000000
1471 -1528.0000000000
1478 -1527.0000000000
1482 -1526.0000000000
1483 -1525.0000000000
1487 -1524.0000000000
1499 -1523.0000000000
1502 -1522.0000000000
1511 -1520.0000000000
1520 -1519.0000000000
1523 -1518.0000000000
1532 -1516.0000000000
1534 -1514.0000000000
1536 -1513.0000000000
1547 -1512.0000000000
1562 -1511.0000000000
1568 -1510.0000000000
1572 -1509.0000000000
1576 -1508.0000000000
1583 -1507.0000000000
1593 -1506.0000000000
1598 -1505.0000000000
1603 -1504.0000000000
1606 -1503.0000000000
1618 -1502.0000000000
1628 -1501.0000000000
1637 -1500.0000000000
1647 -1499.0000000000
1648 -1498.0000000000
1652 -1496.0000000000
1653 -1495.0000000000
1655 -1494.0000000000
1660 -1492.0000000000
1667 -1491.0000000000
1668 -1490.0000000000
1669 -1489.0000000000
1680 -1488.0000000000
1684 -1487.0000000000
1699 -1486.0000000000
1702 -1484.0000000000
1703 -1483.0000000000
1708 -1482.0000000000
1712 -1481.0000000000
1726 -1480.0000000000
1729 -1479.0000000000
1748 -1477.0000000000
1752 -1476.0000000000
1754 -1475.0000000000
1758 -1474.0000000000
1759 -1473.0000000000
1760 -1471.0000000000
1769 -1469.0000000000
1772 -1467.0000000000
1776 -1466.0000000000
1778 -1465.0000000000
1783 -1464.0000000000
1784 -1463.0000000000
1792 -1462.0000000000
1794 -1461.0000000000
1795 -1459.0000000000
1796 -1458.0000000000
1810 -1457.0000000000
1820 -1456.0000000000
1823 -1455.0000000000
1830 -1454.0000000000
1836 -1453.0000000000
1844 -1452.0000000000
1848 -1451.0000000000
1856 -1449.0000000000
1865 -1448.0000000000
1867 -1447.0000000000
1868 -1446.0000000000
1882 -1445.0000000000
1891 -1443.0000000000
1893 -1442.0000000000
1895 -1440.0000000000
1906 -1439.0000000000
1908 -1438.0000000000
1914 -1436.0000000000
1916 -1435.0000000000
1930 -1434.0000000000
1933 -1433.0000000000
1947 -1432.0000000000
1953 -1431.0000000000
1959 -1429.0000000000
1978 -1428.0000000000
1980 -1427.0000000000
1983 -1426.0000000000
1984 -1425.0000000000
1990 -1424.0000000000
1994 -1423.0000000000
1998 -1422.0000000000
2000 -1421.0000000000
2003 -1420.0000000000
2013 -1418.0000000000
2015 -1417.0000000000
2041 -1416.0000000000
2043 -1414.0000000000
2047 -1412.0000000000
2056 -1411.0000000000
2060 -1410.0000000000
2061 -1409.0000000000
2064 -1408.0000000000
2071 -1407.0000000000
2072 -1406.0000000000
2074 -1405.0000000000
2080 -1404.0000000000
2094 -1403.0000000000
2107 -1402.0000000000
2140 -1400.0000000000
2146 -1399.0000000000
2147 -1398.0000000000
2157 -1397.0000000000
2162 -1396.0000000000
2169 -1395.0000000000
2188 -1394.0000000000
2190 -1393.0000000000
2191 -1391.0000000000
2205 -1390.0000000000
2212 -1389.0000000000
2234 -1388.0000000000
2236 -1387.0000000000
2255 -1385.0000000000
2265 -1384.0000000000
2272 -1383.0000000000
2287 -1382.0000000000
2290 -1381.0000000000
2307 -1380.0000000000
2317 -1378.0000000000
2323 -1377.0000000000
2345 -1376.0000000000
2355 -1375.0000000000
2358 -1374.0000000000
2367 -1373.0000000000
2374 -1372.0000000000
2392 -1371.0000000000
2410 -1370.0000000000
2414 -1369.0000000000
2425 -1368.0000000000
2429 -1367.0000000000
2444 -1366.0000000000
2449 -1364.0000000000
2453 -1363.0000000000
2454 -1362.0000000000
2456 -1361.0000000000
2465 -1360.0000000000
2466 -1359.0000000000
2469 -1358.0000000000
2471 -1357.0000000000
2473 -1356.0000000000
2474 -1355.0000000000
2496 -1354.0000000000
2509 -1353.0000000000
2510 -1352.0000000000
2520 -1350.0000000000
2522 -1349.0000000000
2524 -1348.0000000000
2526 -1347.0000000000
2531 -1345.0000000000
2556 -1343.0000000000
2560 -1342.0000000000
2563 -1341.0000000000
2574 -1340.0000000000
2577 -1339.0000000000
2579 -1338.0000000000
2581 -1337.0000000000
2582 -1336.0000000000
2585 -1335.0000000000
2587 -1334.0000000000
2589 -1333.0000000000
2600 -1332.0000000000
2605 -1331.0000000000
2608 -1330.0000000000
2613 -1329.0000000000
2614 -1328.0000000000
2616 -1327.0000000000
2630 -1326.0000000000
2633 -1325.0000000000
2638 -1324.0000000000
2641 -1323.0000000000
2642 -1322.0000000000
2643 -1320.0000000000
2651 -1318.0000000000
2654 -1317.0000000000
2656 -1315.0000000000
2662 -1314.0000000000
2664 -1313.0000000000
2665 -1312.0000000000
2668 -1311.0000000000
2671 -1310.0000000000
2674 -1309.0000000000
2680 -1308.0000000000
2687 -1307.0000000000
2710 -1306.0000000000
2714 -1305.0000000000
2715 -1304.0000000000
2716 -1303.0000000000
2717 -1302.0000000000
2725 -1300.0000000000
2727 -1299.0000000000
2731 -1298.0000000000
2732 -1297.0000000000
2734 -1295.0000000000
2736 -1294.0000000000
2745 -1292.0000000000
2747 -1291.0000000000
2752 -1290.0000000000
2757 -1289.0000000000
2762 -1287.0000000000
2765 -1286.0000000000
2766 -1285.0000000000
2768 -1284.0000000000
2772 -1283.0000000000
2786 -1282.0000000000
2789 -1281.0000000000
2790 -1280.0000000000
2791 -1279.0000000000
2803 -1278.0000000000
2807 -1276.0000000000
2809 -1275.0000000000
2816 -1274.0000000000
2829 -1273.0000000000
2845 -1272.0000000000
2849 -1271.0000000000
2850 -1270.0000000000
2851 -1269.0000000000
2872 -1267.0000000000
2884 -1266.0000000000
2888 -1263.0000000000
2893 -1261.0000000000
2904 -1260.0000000000
2915 -1259.0000000000
2922 -1258.0000000000
2927 -1257.0000000000
2948 -1256.0000000000
2950 -1255.0000000000
2951 -1254.0000000000
2952 -1253.0000000000
2953 -1252.0000000000
2957 -1251.0000000000
2962 -1250.0000000000
2969 -1249.0000000000
2974 -1248.0000000000
2981 -1246.0000000000
2982 -1245.0000000000
2985 -1244.0000000000
2986 -1243.0000000000
2995 -1242.0000000000
2996 -1241.0000000000
3011 -1240.0000000000
3022 -1239.0000000000
3037 -1238.0000000000
3040 -1236.0000000000
3049 -1235.0000000000
3054 -1234.0000000000
3059 -1233.0000000000
3066 -1232.0000000000
3071 -1231.0000000000
3076 -1229.0000000000
3079 -1228.0000000000
3094 -1227.0000000000
3101 -1224.0000000000
3105 -1223.0000000000
3114 -1222.0000000000
3115 -1220.0000000000
3120 -1219.0000000000
3132 -1218.0000000000
3134 -1217.0000000000
3135 -1216.0000000000
3140 -1215.0000000000
3149 -1213.0000000000
3155 -1211.0000000000
3164 -1210.0000000000
3172 -1209.0000000000
3192 -1208.0000000000
3195 -1207.0000000000
3203 -1206.0000000000
3217 -1204.0000000000
3244 -1203.0000000000
3253 -1202.0000000000
3255 -1201.0000000000
3259 -1200.0000000000
3269 -1197.0000000000
3277 -1196.0000000000
3285 -1195.0000000000
3289 -1192.0000000000
3312 -1191.0000000000
3319 -1189.0000000000
3322 -1188.0000000000
3323 -1187.0000000000
3328 -1186.0000000000
3335 -1185.0000000000
3352 -1184.0000000000
3354 -1183.0000000000
3358 -1181.0000000000
3363 -1180.0000000000
3367 -1179.0000000000
3375 -1178.0000000000
3382 -1177.0000000000
3386 -1175.0000000000
3391 -1174.0000000000
3399 -1173.0000000000
3403 -1172.0000000000
3409 -1169.0000000000
3425 -1168.0000000000
3426 -1166.0000000000
3437 -1165.0000000000
3439 -1164.0000000000
3440 -1163.0000000000
3441 -1162.0000000000
3442 -1161.0000000000
3443 -1160.0000000000
3452 -1159.0000000000
3453 -1157.0000000000
3476 -1156.0000000000
3494 -1154.0000000000
3499 -1153.0000000000
3504 -1152.0000000000
3506 -1150.0000000000
3512 -1149.0000000000
3530 -1148.0000000000
3532 -1147.0000000000
3538 -1146.0000000000
3543 -1145.0000000000
3547 -1144.0000000000
3548 -1143.0000000000
3559 -1142.0000000000
3584 -1141.0000000000
3587 -1139.0000000000
3591 -1137.0000000000
3605 -1136.0000000000
3606 -1135.0000000000
3610 -1134.0000000000
3621 -1132.0000000000
3634 -1130.0000000000
3635 -1128.0000000000
3636 -1127.0000000000
3651 -1125.0000000000
3655 -1124.0000000000
3663 -1123.0000000000
3666 -1122.0000000000
3668 -1121.0000000000
3687 -1119.0000000000
3689 -1118.0000000000
3699 -1117.0000000000
3713 -1115.0000000000
3721 -1114.0000000000
3728 -1112.0000000000
3734 -1111.0000000000
3741 -1110.0000000000
3753 -1109.0000000000
3765 -1108.0000000000
3776 -1106.0000000000
3783 -1105.0000000000
3793 -1103.0000000000
3797 -1101.0000000000
3828 -1100.0000000000
3831 -1099.0000000000
3833 -1098.0000000000
3837 -1097.0000000000
3838 -1096.0000000000
3839 -1095.0000000000
3866 -1094.0000000000
3875 -1093.0000000000
3892 -1092.0000000000
3893 -1091.0000000000
3894 -1090.0000000000
3910 -1089.0000000000
3916 -1088.0000000000
3928 -1087.0000000000
3932 -1086.0000000000
3936 -1085.0000000000
3940 -1084.0000000000
3950 -1083.0000000000
3951 -1082.0000000000
3952 -1081.0000000000
3956 -1080.0000000000
3962 -1078.0000000000
3974 -1076.0000000000
3976 -1075.0000000000
3997 -1073.0000000000
4010 -1072.0000000000
4020 -1071.0000000000
4036 -1070.0000000000
4039 -1068.0000000000
4042 -1067.0000000000
4044 -1066.0000000000
4046 -1064.0000000000
4063 -1062.0000000000
4069 -1061.0000000000
4071 -1060.0000000000
4075 -1059.0000000000
4078 -1058.0000000000
4089 -1057.0000000000
4104 -1056.0000000000
4105 -1055.0000000000
4106 -1054.0000000000
4109 -1053.0000000000
4110 -1052.0000000000
4124 -1051.0000000000
4132 -1050.0000000000
4137 -1049.0000000000
4144 -1048.0000000000
4181 -1047.0000000000
4183 -1046.0000000000
4196 -1045.0000000000
4211 -1044.0000000000
4212 -1043.0000000000
4215 -1042.0000000000
4235 -1041.0000000000
4270 -1040.0000000000
4279 -1039.0000000000
4285 -1038.0000000000
4295 -1036.0000000000
4302 -1035.0000000000
4308 -1034.0000000000
4311 -1033.0000000000
4319 -1032.0000000000
4339 -1031.0000000000
4357 -1030.0000000000
4381 -1029.0000000000
4402 -1028.0000000000
4409 -1027.0000000000
4410 -1026.0000000000
4414 -1025.0000000000
4421 -1024.0000000000
4422 -1023.0000000000
4428 -1022.0000000000
4429 -1021.0000000000
4437 -1020.0000000000
4453 -1019.0000000000
4458 -1018.0000000000
4475 -1017.0000000000
4476 -1016.0000000000
4482 -1013.0000000000
4484 -1011.0000000000
4489 -1009.0000000000
4502 -1008.0000000000
4510 -1007.0000000000
4517 -1006.0000000000
4520 -1005.0000000000
4527 -1004.0000000000
4536 -1002.0000000000
4541 -1001.0000000000
4542 -1000.0000000000
4544 -999.0000000000
4560 -998.0000000000
4563 -997.0000000000
4581 -996.0000000000
4585 -995.0000000000
4591 -994.0000000000
4594 -993.0000000000
4597 -992.0000000000
4607 -991.0000000000
4608 -990.0000000000
4610 -989.0000000000
4617 -988.0000000000
4622 -987.0000000000
4624 -986.0000000000
4639 -985.0000000000
4641 -984.0000000000
4647 -983.0000000000
4653 -982.0000000000
4655 -980.0000000000
4657 -979.0000000000
4664 -978.0000000000
4667 -977.0000000000
4687 -976.0000000000
4695 -975.0000000000
4696 -974.0000000000
4720 -973.0000000000
4721 -972.0000000000
4735 -971.0000000000
4736 -970.0000000000
4740 -969.0000000000
4744 -968.0000000000
4747 -967.0000000000
4769 -966.0000000000
4777 -965.0000000000
4818 -964.0000000000
4833 -963.0000000000
4865 -962.0000000000
4871 -961.0000000000
4883 -960.0000000000
4891 -959.0000000000
4904 -958.0000000000
4915 -957.0000000000
4920 -956.0000000000
4929 -955.0000000000
4930 -954.0000000000
4940 -953.0000000000
4944 -952.0000000000
4950 -951.0000000000
4955 -950.0000000000
4963 -949.0000000000
4977 -948.0000000000
4997 -947.0000000000
5000 -946.0000000000
5019 -945.0000000000
5024 -944.0000000000
5027 -942.0000000000
5041 -941.0000000000
5051 -940.0000000000
5066 -939.0000000000
5073 -938.0000000000
5079 -937.0000000000
5115 -936.0000000000
5122 -935.0000000000
5124 -933.0000000000
5159 -932.0000000000
5165 -931.0000000000
5172 -930.0000000000
5178 -928.0000000000
5191 -927.0000000000
5208 -926.0000000000
5219 -925.0000000000
5241 -924.0000000000
5252 -923.0000000000
5255 -922.0000000000
5265 -921.0000000000
5266 -919.0000000000
5271 -918.0000000000
5278 -917.0000000000
5300 -916.0000000000
5307 -915.0000000000
5321 -913.0000000000
5333 -912.0000000000
5344 -911.0000000000
5363 -910.0000000000
5373 -909.0000000000
5378 -908.0000000000
5391 -907.0000000000
5405 -906.0000000000
5410 -905.0000000000
5453 -904.0000000000
5460 -903.0000000000
5507 -902.0000000000
5516 -901.0000000000
5523 -900.0000000000
5545 -899.0000000000
5548 -896.0000000000
5558 -895.0000000000
5569 -894.0000000000
5571 -893.0000000000
5577 -892.0000000000
5581 -891.0000000000
5587 -890.0000000000
5592 -889.0000000000
5596 -888.0000000000
5606 -887.0000000000
5610 -886.0000000000
5612 -884.0000000000
5633 -882.0000000000
5641 -881.0000000000
5655 -879.0000000000
5661 -878.0000000000
5674 -877.0000000000
5692 -876.0000000000
5720 -875.0000000000
5740 -874.0000000000
5741 -873.0000000000
5746 -872.0000000000
5764 -871.0000000000
5772 -870.0000000000
5784 -869.0000000000
5803 -868.0000000000
5804 -867.0000000000
5808 -866.0000000000
5820 -865.0000000000
5822 -864.0000000000
5848 -863.0000000000
5851 -862.0000000000
5852 -861.0000000000
5854 -860.0000000000
5858 -859.0000000000
5859 -858.0000000000
5863 -857.0000000000
5879 -856.0000000000
5884 -855.0000000000
5903 -854.0000000000
5908 -853.0000000000
5921 -852.0000000000
5927 -851.0000000000
5939 -850.0000000000
5944 -849.0000000000
5953 -848.0000000000
5966 -846.0000000000
5970 -845.0000000000
5974 -844.0000000000
5981 -843.0000000000
5990 -842.0000000000
6012 -841.0000000000
6019 -840.0000000000
6031 -839.0000000000
6044 -838.0000000000
6084 -837.0000000000
6097 -836.0000000000
6099 -835.0000000000
6110 -834.0000000000
6132 -833.0000000000
6157 -832.0000000000
6170 -831.0000000000
6181 -830.0000000000
6200 -829.0000000000
6209 -828.0000000000
6218 -827.0000000000
6220 -826.0000000000
6221 -825.0000000000
6241 -824.0000000000
6257 -823.0000000000
6258 -822.0000000000
6281 -821.0000000000
6283 -820.0000000000
6294 -819.0000000000
6307 -818.0000000000
6314 -817.0000000000
6338 -816.0000000000
6348 -814.0000000000
6359 -813.0000000000
6361 -811.0000000000
6380 -810.0000000000
6382 -809.0000000000
6404 -808.0000000000
6406 -807.0000000000
6413 -806.0000000000
6423 -805.0000000000
6433 -804.0000000000
6475 -803.0000000000
6486 -802.0000000000
6487 -801.0000000000
6510 -800.0000000000
6548 -798.0000000000
6568 -797.0000000000
6587 -796.0000000000
6593 -794.0000000000
6618 -793.0000000000
6622 -792.0000000000
6626 -791.0000000000
6627 -790.0000000000
6632 -789.0000000000
6635 -788.0000000000
6655 -787.0000000000
6657 -786.0000000000
6661 -785.0000000000
6663 -784.0000000000
6665 -783.0000000000
6697 -782.0000000000
6714 -781.0000000000
6720 -780.0000000000
6729 -779.0000000000
6735 -778.0000000000
6774 -777.0000000000
6784 -776.0000000000
6802 -775.0000000000
6807 -774.0000000000
6809 -773.0000000000
6813 -772.0000000000
6816 -771.0000000000
6825 -770.0000000000
6826 -769.0000000000
6839 -768.0000000000
6842 -766.0000000000
6858 -765.0000000000
6873 -764.0000000000
6877 -763.0000000000
6906 -762.0000000000
6918 -761.0000000000
6920 -760.0000000000
6924 -759.0000000000
6939 -758.0000000000
6949 -757.0000000000
6955 -756.0000000000
6965 -755.0000000000
6969 -754.0000000000
6970 -753.0000000000
6983 -752.0000000000
6996 -751.0000000000
6999 -750.0000000000
7011 -749.0000000000
7019 -748.0000000000
7039 -746.0000000000
7051 -745.0000000000
7054 -743.0000000000
7058 -741.0000000000
7064 -740.0000000000
7067 -737.0000000000
7078 -736.0000000000
7080 -735.0000000000
7085 -734.0000000000
7103 -733.0000000000
7107 -732.0000000000
7126 -731.0000000000
7130 -730.0000000000
7138 -729.0000000000
7196 -728.0000000000
7203 -727.0000000000
7230 -726.0000000000
7242 -725.0000000000
7249 -723.0000000000
7256 -721.0000000000
7290 -720.0000000000
7292 -719.0000000000
7357 -717.0000000000
7364 -716.0000000000
7377 -715.0000000000
7385 -714.0000000000
7433 -713.0000000000
7435 -712.0000000000
7452 -711.0000000000
7458 -710.0000000000
7488 -709.0000000000
7493 -708.0000000000
7510 -707.0000000000
7518 -706.0000000000
7523 -705.0000000000
7542 -704.0000000000
7553 -703.0000000000
7558 -702.0000000000
7570 -701.0000000000
7615 -700.0000000000
7635 -699.0000000000
7693 -698.0000000000
7696 -697.0000000000
7717 -696.0000000000
7730 -695.0000000000
7772 -694.0000000000
7800 -693.0000000000
7811 -692.0000000000
7823 -691.0000000000
7835 -690.0000000000
7844 -689.0000000000
7847 -688.0000000000
7850 -687.0000000000
7851 -686.0000000000
7858 -685.0000000000
7864 -684.0000000000
7867 -683.0000000000
7873 -681.0000000000
7874 -680.0000000000
7919 -679.0000000000
7923 -678.0000000000
7936 -677.0000000000
7946 -676.0000000000
7965 -675.0000000000
7996 -674.0000000000
8011 -673.0000000000
8064 -672.0000000000
8071 -671.0000000000
8077 -670.0000000000
8083 -669.0000000000
8111 -668.0000000000
8149 -667.0000000000
8152 -666.0000000000
8172 -665.0000000000
8173 -662.0000000000
8191 -661.0000000000
8198 -660.0000000000
8200 -659.0000000000
8211 -658.0000000000
8235 -657.0000000000
8269 -656.0000000000
8271 -655.0000000000
8275 -654.0000000000
8282 -653.0000000000
8298 -652.0000000000
8311 -651.0000000000
8324 -650.0000000000
8328 -649.0000000000
8344 -648.0000000000
8347 -647.0000000000
8353 -646.0000000000
8369 -644.0000000000
8370 -643.0000000000
8394 -642.0000000000
8398 -641.0000000000
8400 -640.0000000000
8410 -639.0000000000
8426 -638.0000000000
8459 -637.0000000000
8465 -636.0000000000
8469 -635.0000000000
8482 -633.0000000000
8494 -632.0000000000
8501 -630.0000000000
8507 -629.0000000000
8535 -628.0000000000
8557 -626.0000000000
8559 -625.0000000000
8560 -624.0000000000
8599 -623.0000000000
8601 -622.0000000000
8613 -621.0000000000
8630 -620.0000000000
8631 -619.0000000000
8635 -618.0000000000
8641 -617.0000000000
8647 -616.0000000000
8658 -615.0000000000
8659 -614.0000000000
8674 -613.0000000000
8678 -612.0000000000
8682 -611.0000000000
8698 -610.0000000000
8720 -608.0000000000
8734 -607.0000000000
8743 -606.0000000000
8772 -605.0000000000
8791 -604.0000000000
8799 -603.0000000000
8816 -602.0000000000
8867 -601.0000000000
8893 -600.0000000000
8895 -599.0000000000
8935 -598.0000000000
8939 -597.0000000000
8983 -595.0000000000
8996 -594.0000000000
8997 -593.0000000000
9014 -592.0000000000
9020 -590.0000000000
9037 -589.0000000000
9047 -587.0000000000
9069 -586.0000000000
9097 -585.0000000000
9101 -584.0000000000
9110 -583.0000000000
9123 -582.0000000000
9167 -581.0000000000
9189 -580.0000000000
9233 -579.0000000000
9253 -578.0000000000
9261 -577.0000000000
9280 -576.0000000000
9284 -574.0000000000
9352 -573.0000000000
9355 -572.0000000000
9359 -571.0000000000
9360 -570.0000000000
9385 -569.0000000000
9387 -568.0000000000
9423 -567.0000000000
9428 -565.0000000000
9446 -564.0000000000
9464 -563.0000000000
9468 -562.0000000000
9475 -561.0000000000
9518 -560.0000000000
9521 -559.0000000000
9533 -558.0000000000
9551 -557.0000000000
9576 -556.0000000000
9585 -555.0000000000
9616 -554.0000000000
9714 -553.0000000000
9724 -552.0000000000
9728 -551.0000000000
9740 -550.0000000000
9752 -549.0000000000
9772 -548.0000000000
9784 -546.0000000000
9789 -545.0000000000
9798 -544.0000000000
9799 -543.0000000000
9808 -542.0000000000
9816 -541.0000000000
9822 -540.0000000000
9839 -539.0000000000
9859 -538.0000000000
9924 -537.0000000000
9933 -535.0000000000
9957 -534.0000000000
10000 -536.0000000000
evaluations raw_y
1 -2033.0000000000
5 -2031.0000000000
6 -2030.0000000000
11 -2029.0000000000
14 -2028.0000000000
17 -2025.0000000000
21 -2024.0000000000
29 -2023.0000000000
34 -2021.0000000000
36 -2020.0000000000
38 -2019.0000000000
41 -2018.0000000000
46 -2017.0000000000
49 -2015.0000000000
54 -2013.0000000000
57 -2012.0000000000
60 -2011.0000000000
63 -2009.0000000000
67 -2008.0000000000
68 -2007.0000000000
70 -2005.0000000000
75 -2004.0000000000
78 -2002.0000000000
80 -2001.0000000000
84 -1999.0000000000
87 -1998.0000000000
90 -1997.0000000000
92 -1996.0000000000
94 -1995.0000000000
98 -1993.0000000000
106 -1991.0000000000
115 -1990.0000000000
117 -1989.0000000000
123 -1988.0000000000
145 -1987.0000000000
150 -1986.0000000000
152 -1985.0000000000
154 -1983.0000000000
156 -1982.0000000000
163 -1981.0000000000
169 -1980.0000000000
173 -1979.0000000000
179 -1978.0000000000
183 -1976.0000000000
187 -1975.0000000000
192 -1973.0000000000
193 -1972.0000000000
201 -1971.0000000000
206 -1970.0000000000
207 -1969.0000000000
210 -1968.0000000000
213 -1967.0000000000
216 -1966.0000000000
236 -1965.0000000000
238 -1964.0000000000
242 -1963.0000000000
243 -1961.0000000000
246 -1960.0000000000
251 -1959.0000000000
252 -1958.0000000000
255 -1957.0000000000
257 -1956.0000000000
258 -1954.0000000000
260 -1953.0000000000
263 -1952.0000000000
273 -1951.0000000000
277 -1949.0000000000
278 -1948.0000000000
287 -1947.0000000000
291 -1946.0000000000
293 -1945.0000000000
295 -1944.0000000000
297 -1942.0000000000
300 -1941.0000000000
301 -1940.0000000000
302 -1939.0000000000
305 -1938.0000000000
319 -1937.0000000000
321 -1936.0000000000
327 -1934.0000000000
330 -1930.0000000000
333 -1929.0000000000
339 -1928.0000000000
341 -1927.0000000000
344 -1926.0000000000
347 -1925.0000000000
350 -1924.0000000000
354 -1923.0000000000
355 -1922.0000000000
356 -1921.0000000000
358 -1920.0000000000
366 -1919.0000000000
369 -1918.0000000000
375 -1917.0000000000
380 -1916.0000000000
382 -1914.0000000000
385 -1912.0000000000
390 -1911.0000000000
391 -1910.0000000000
392 -1907.0000000000
398 -1906.0000000000
399 -1905.0000000000
421 -1904.0000000000
424 -1903.0000000000
425 -1902.0000000000
429 -1901.0000000000
442 -1899.0000000000
447 -1898.0000000000
451 -1896.0000000000
457 -1895.0000000000
463 -1894.0000000000
465 -1892.0000000000
466 -1891.0000000000
472 -1890.0000000000
487 -1889.0000000000
489 -1888.0000000000
493 -1887.0000000000
508 -1885.0000000000
512 -1884.0000000000
516 -1882.0000000000
517 -1881.0000000000
524 -1880.0000000000
527 -1879.0000000000
530 -1878.0000000000
534 -1877.0000000000
541 -1876.0000000000
543 -1875.0000000000
549 -1873.0000000000
557 -1872.0000000000
561 -1871.0000000000
562 -1870.0000000000
563 -1869.0000000000
567 -1866.0000000000
574 -1863.0000000000
578 -1862.0000000000
582 -1861.0000000000
583 -1860.0000000000
590 -1859.0000000000
598 -1858.0000000000
601 -1857.0000000000
612 -1856.0000000000
614 -1855.0000000000
621 -1854.0000000000
624 -1853.0000000000
625 -1852.0000000000
628 -1851.0000000000
629 -1850.0000000000
630 -1849.0000000000
632 -1848.0000000000
634 -1846.0000000000
638 -1845.0000000000
640 -1844.0000000000
641 -1843.0000000000
643 -1841.0000000000
648 -1839.0000000000
653 -1837.0000000000
654 -1836.0000000000
669 -1832.0000000000
674 -1831.0000000000
678 -1830.0000000000
679 -1828.0000000000
681 -1827.0000000000
682 -1826.0000000000
683 -1825.0000000000
684 -1824.0000000000
685 -1822.0000000000
687 -1820.0000000000
697 -1819.0000000000
699 -1818.0000000000
701 -1817.0000000000
705 -1816.0000000000
706 -1815.0000000000
707 -1814.0000000000
712 -1812.0000000000
714 -1811.0000000000
717 -1810.0000000000
722 -1809.0000000000
734 -1808.0000000000
739 -1806.0000000000
743 -1804.0000000000
745 -1802.0000000000
762 -1801.0000000000
768 -1800.0000000000
775 -1799.0000000000
778 -1798.0000000000
783 -1796.0000000000
788 -1795.0000000000
789 -1794.0000000000
795 -1793.0000000000
797 -1792.0000000000
811 -1791.0000000000
814 -1788.0000000000
816 -1787.0000000000
819 -1786.0000000000
820 -1785.0000000000
821 -1783.0000000000
826 -1782.0000000000
834 -1781.0000000000
835 -1779.0000000000
837 -1778.0000000000
843 -1777.0000000000
846 -1776.0000000000
847 -1775.0000000000
848 -1773.0000000000
851 -1772.0000000000
857 -1771.0000000000
858 -1770.0000000000
861 -1769.0000000000
864 -1768.0000000000
866 -1767.0000000000
867 -1765.0000000000
878 -1764.0000000000
892 -1763.0000000000
897 -1762.0000000000
899 -1761.0000000000
901 -1760.0000000000
902 -1759.0000000000
904 -1758.0000000000
906 -1757.0000000000
909 -1756.0000000000
911 -1753.0000000000
919 -1752.0000000000
921 -1751.0000000000
947 -1750.0000000000
954 -1749.0000000000
957 -1748.0000000000
968 -1746.0000000000
973 -1744.0000000000
975 -1743.0000000000
976 -1742.0000000000
990 -1740.0000000000
995 -1739.0000000000
999 -1738.0000000000
1006 -1737.0000000000
1007 -1736.0000000000
1012 -1735.0000000000
1016 -1734.0000000000
1019 -1733.0000000000
1023 -1732.0000000000
1037 -1731.0000000000
1041 -1730.0000000000
1042 -1729.0000000000
1051 -1728.0000000000
1056 -1727.0000000000
1061 -1726.0000000000
1067 -1725.0000000000
1069 -1724.0000000000
1074 -1723.0000000000
1076 -1721.0000000000
1081 -1720.0000000000
1083 -1719.0000000000
1087 -1718.0000000000
1089 -1717.0000000000
1096 -1716.0000000000
1103 -1715.0000000000
1106 -1714.0000000000
1113 -1712.0000000000
1115 -1711.0000000000
1120 -1710.0000000000
1124 -1708.0000000000
1133 -1707.0000000000
1134 -1706.0000000000
1135 -1705.0000000000
1136 -1703.0000000000
1137 -1702.0000000000
1141 -1701.0000000000
1144 -1700.0000000000
1146 -1698.0000000000
1150 -1697.0000000000
1155 -1695.0000000000
1162 -1694.0000000000
1181 -1693.0000000000
1188 -1692.0000000000
1189 -1690.0000000000
1191 -1689.0000000000
1194 -1687.0000000000
1199 -1686.0000000000
1203 -1685.0000000000
1207 -1684.0000000000
1208 -1682.0000000000
1209 -1681.0000000000
1210 -1680.0000000000
1213 -1679.0000000000
1215 -1678.0000000000
1217 -1675.0000000000
1226 -1674.0000000000
1235 -1673.0000000000
1236 -1672.0000000000
1242 -1670.0000000000
1244 -1668.0000000000
1247 -1667.0000000000
1248 -1666.0000000000
1258 -1664.0000000000
1260 -1662.0000000000
1263 -1661.0000000000
1265 -1659.0000000000
1269 -1658.0000000000
1270 -1657.0000000000
1279 -1656.0000000000
1282 -1655.0000000000
1291 -1654.0000000000
1304 -1653.0000000000
1305 -1651.0000000000
1308 -1650.0000000000
1312 -1649.0000000000
1320 -1648.0000000000
1326 -1647.0000000000
1332 -1646.0000000000
1337 -1645.0000000000
1339 -1644.0000000000
1340 -1643.0000000000
1341 -1642.0000000000
1348 -1641.0000000000
1351 -1640.0000000000
1353 -1639.0000000000
1354 -1638.0000000000
1358 -1637.0000000000
1365 -1635.0000000000
1369 -1634.0000000000
1381 -1633.0000000000
1382 -1632.0000000000
1390 -1631.0000000000
1391 -1630.0000000000
1396 -1629.0000000000
1400 -1628.0000000000
1407 -1627.0000000000
1409 -1625.0000000000
1413 -1624.0000000000
1416 -1621.0000000000
1419 -1620.0000000000
1426 -1618.0000000000
1428 -1617.0000000000
1432 -1616.0000000000
1434 -1614.0000000000
1437 -1613.0000000000
1438 -1612.0000000000
1440 -1611.0000000000
1446 -1609.0000000000
1453 -1608.0000000000
1455 -1607.0000000000
1456 -1606.0000000000
1463 -1605.0000000000
1473 -1604.0000000000
1474 -1603.0000000000
1476 -1602.0000000000
1479 -1601.0000000000
1490 -1600.0000000000
1494 -1599.0000000000
1499 -1598.0000000000
1507 -1597.0000000000
1515 -1596.0000000000
1525 -1595.0000000000
1527 -1594.0000000000
1530 -1593.0000000000
1532 -1592.0000000000
1535 -1591.0000000000
1548 -1590.0000000000
1553 -1589.0000000000
1554 -1588.0000000000
1561 -1587.0000000000
1568 -1585.0000000000
1579 -1584.0000000000
1589 -1583.0000000000
1591 -1582.0000000000
1592 -1581.0000000000
1593 -1579.0000000000
1604 -1578.0000000000
1605 -1576.0000000000
1608 -1575.0000000000
1610 -1574.0000000000
1615 -1573.0000000000
1626 -1571.0000000000
1630 -1570.0000000000
1631 -1569.0000000000
1636 -1568.0000000000
1639 -1567.0000000000
1641 -1566.0000000000
1645 -1565.0000000000
1647 -1564.0000000000
1660 -1563.0000000000
1661 -1562.0000000000
1664 -1561.0000000000
1669 -1560.0000000000
1676 -1559.0000000000
1682 -1557.0000000000
1686 -1556.0000000000
1695 -1555.0000000000
1696 -1554.0000000000
1704 -1553.0000000000
1714 -1552.0000000000
1718 -1551.0000000000
1735 -1550.0000000000
1737 -1549.0000000000
1741 -1548.0000000000
1750 -1547.0000000000
1753 -1546.0000000000
1757 -1545.0000000000
1760 -1544.0000000000
1766 -1542.0000000000
1768 -1541.0000000000
1770 -1540.0000000000
1771 -1537.0000000000
1774 -1536.0000000000
1775 -1535.0000000000
1781 -1532.0000000000
1785 -1530.0000000000
1798 -1529.0000000000
1799 -1528.0000000000
1800 -1527.0000000000
1805 -1525.0000000000
1806 -1524.0000000000
1807 -1523.0000000000
1809 -1521.0000000000
1813 -1519.0000000000
1825 -1518.0000000000
1831 -1517.0000000000
1833 -1516.0000000000
1850 -1514.0000000000
1857 -1513.0000000000
1859 -1512.0000000000
1864 -1511.0000000000
1869 -1509.0000000000
1875 -1507.0000000000
1888 -1506.0000000000
1894 -1505.0000000000
1895 -1504.0000000000
1897 -1502.0000000000
1900 -1500.0000000000
1901 -1499.0000000000
1905 -1498.0000000000
1909 -1497.0000000000
1910 -1496.0000000000
1911 -1495.0000000000
1914 -1494.0000000000
1923 -1493.0000000000
1924 -1492.0000000000
1925 -1491.0000000000
1927 -1490.0000000000
1934 -1489.0000000000
1943 -1488.0000000000
1951 -1487.0000000000
1965 -1486.0000000000
1967 -1485.0000000000
1968 -1484.0000000000
1971 -1483.0000000000
1984 -1482.0000000000
1987 -1481.0000000000
2001 -1480.0000000000
2009 -1479.0000000000
2013 -1478.0000000000
2018 -1477.0000000000
2025 -1476.0000000000
2036 -1475.0000000000
2037 -1474.0000000000
2041 -1473.0000000000
2042 -1472.0000000000
2046 -1471.0000000000
2048 -1470.0000000000
2050 -1468.0000000000
2052 -1467.0000000000
2061 -1465.0000000000
2063 -1463.0000000000
2071 -1462.0000000000
2076 -1461.0000000000
2081 -1460.0000000000
2085 -1459.0000000000
2088 -1458.0000000000
2094 -1457.0000000000
2107 -1456.0000000000
2118 -1454.0000000000
2128 -1453.0000000000
2138 -1452.0000000000
2146 -1451.0000000000
2162 -1450.0000000000
2163 -1449.0000000000
2165 -1448.0000000000
2167 -1446.0000000000
2174 -1445.0000000000
2187 -1444.0000000000
2188 -1443.0000000000
2189 -1442.0000000000
2192 -1440.0000000000
2193 -1439.0000000000
2194 -1438.0000000000
2197 -1437.0000000000
2198 -1436.0000000000
2212 -1435.0000000000
2217 -1434.0000000000
2225 -1433.0000000000
2233 -1432.0000000000
2240 -1431.0000000000
2244 -1430.0000000000
2250 -1428.0000000000
2253 -1426.0000000000
2260 -1424.0000000000
2269 -1423.0000000000
2276 -1422.0000000000
2278 -1421.0000000000
2284 -1420.0000000000
2291 -1419.0000000000
2298 -1418.0000000000
2300 -1416.0000000000
2302 -1414.0000000000
2308 -1413.0000000000
2309 -1412.0000000000
2321 -1411.0000000000
2322 -1410.0000000000
2327 -1409.0000000000
2340 -1407.0000000000
2344 -1406.0000000000
2345 -1405.0000000000
2351 -1404.0000000000
2359 -1403.0000000000
2361 -1402.0000000000
2363 -1400.0000000000
2368 -1399.0000000000
2374 -1398.0000000000
2381 -1396.0000000000
2394 -1395.0000000000
2396 -1394.0000000000
2405 -1393.0000000000
2411 -1392.0000000000
2419 -1391.0000000000
2422 -1390.0000000000
2425 -1389.0000000000
2432 -1387.0000000000
2440 -1386.0000000000
2447 -1385.0000000000
2454 -1384.0000000000
2463 -1383.0000000000
2478 -1382.0000000000
2480 -1381.0000000000
2513 -1380.0000000000
2516 -1379.0000000000
2527 -1378.0000000000
2536 -1377.0000000000
2537 -1376.0000000000
2539 -1375.0000000000
2541 -1374.0000000000
2542 -1373.0000000000
2545 -1371.0000000000
2548 -1369.0000000000
2550 -1368.0000000000
2551 -1367.0000000000
2563 -1366.0000000000
2570 -1364.0000000000
2574 -1363.0000000000
2579 -1361.0000000000
2581 -1359.0000000000
2589 -1358.0000000000
2591 -1357.0000000000
2597 -1356.0000000000
2598 -1354.0000000000
2601 -1353.0000000000
2602 -1351.0000000000
2618 -1350.0000000000
2627 -1349.0000000000
2629 -1348.0000000000
2636 -1347.0000000000
2638 -1346.0000000000
2645 -1345.0000000000
2659 -1343.0000000000
2670 -1342.0000000000
2681 -1341.0000000000
2689 -1340.0000000000
2697 -1339.0000000000
2708 -1338.0000000000
2709 -1337.0000000000
2712 -1336.0000000000
2713 -1335.0000000000
2725 -1334.0000000000
2726 -1333.0000000000
2727 -1331.0000000000
2732 -1330.0000000000
2735 -1328.0000000000
2737 -1327.0000000000
2739 -1326.0000000000
2740 -1325.0000000000
2741 -1324.0000000000
2749 -1323.0000000000
2758 -1322.0000000000
2768 -1321.0000000000
2773 -1320.0000000000
2779 -1319.0000000000
2793 -1318.0000000000
2796 -1317.0000000000
2802 -1316.0000000000
2805 -1313.0000000000
2807 -1312.0000000000
2821 -1311.0000000000
2826 -1310.0000000000
2829 -1309.0000000000
2837 -1308.0000000000
2845 -1307.0000000000
2846 -1306.0000000000
2851 -1305.0000000000
2855 -1304.0000000000
2863 -1303.0000000000
2878 -1302.0000000000
2881 -1301.0000000000
2887 -1299.0000000000
2893 -1297.0000000000
2900 -1295.0000000000
2904 -1294.0000000000
2911 -1293.0000000000
2912 -1292.0000000000
2927 -1290.0000000000
2928 -1289.0000000000
2929 -1288.0000000000
2930 -1287.0000000000
2940 -1286.0000000000
2951 -1284.0000000000
2959 -1283.0000000000
2976 -1282.0000000000
2977 -1281.0000000000
2978 -1279.0000000000
2986 -1277.0000000000
2994 -1276.0000000000
2998 -1275.0000000000
3002 -1274.0000000000
3015 -1273.0000000000
3017 -1272.0000000000
3056 -1269.0000000000
3063 -1268.0000000000
3074 -1267.0000000000
3083 -1265.0000000000
3084 -1264.0000000000
3113 -1262.0000000000
3117 -1261.0000000000
3122 -1260.0000000000
3126 -1259.0000000000
3132 -1258.0000000000
3133 -1256.0000000000
3143 -1255.0000000000
3151 -1254.0000000000
3179 -1253.0000000000
3182 -1251.0000000000
3187 -1250.0000000000
3194 -1248.0000000000
3197 -1247.0000000000
3202 -1246.0000000000
3216 -1245.0000000000
3219 -1244.0000000000
3223 -1243.0000000000
3226 -1242.0000000000
3231 -1241.0000000000
3236 -1239.0000000000
3271 -1238.0000000000
3285 -1237.0000000000
3289 -1235.0000000000
3305 -1234.0000000000
3306 -1233.0000000000
3307 -1231.0000000000
3311 -1230.0000000000
3326 -1228.0000000000
3331 -1227.0000000000
3345 -1226.0000000000
3346 -1225.0000000000
3352 -1224.0000000000
3356 -1223.0000000000
3360 -1222.0000000000
3371 -1221.0000000000
3376 -1220.0000000000
3389 -1218.0000000000
3390 -1217.0000000000
3398 -1216.0000000000
3404 -1215.0000000000
3406 -1214.0000000000
3411 -1213.0000000000
3421 -1212.0000000000
3422 -1211.0000000000
3423 -1210.0000000000
3438 -1209.0000000000
3441 -1208.0000000000
3452 -1207.0000000000
3454 -1206.0000000000
3455 -1205.0000000000
3459 -1203.0000000000
3465 -1202.0000000000
3477 -1200.0000000000
3485 -1198.0000000000
3492 -1197.0000000000
3495 -1195.0000000000
3497 -1194.0000000000
3511 -1193.0000000000
3523 -1192.0000000000
3534 -1191.0000000000
3536 -1190.0000000000
3543 -1189.0000000000
3554 -1188.0000000000
3558 -1187.0000000000
3564 -1186.0000000000
3575 -1185.0000000000
3579 -1184.0000000000
3583 -1183.0000000000
3590 -1182.0000000000
3604 -1181.0000000000
3607 -1180.0000000000
3610 -1179.0000000000
3615 -1178.0000000000
3623 -1175.0000000000
3634 -1174.0000000000
3648 -1173.0000000000
3649 -1172.0000000000
3658 -1171.0000000000
3666 -1170.0000000000
3674 -1169.0000000000
3678 -1168.0000000000
3681 -1167.0000000000
3686 -1166.0000000000
3700 -1165.0000000000
3709 -1163.0000000000
3718 -1162.0000000000
3723 -1161.0000000000
3726 -1160.0000000000
3728 -1159.0000000000
3736 -1158.0000000000
3750 -1157.0000000000
3751 -1156.0000000000
3761 -1155.0000000000
3767 -1153.0000000000
3777 -1152.0000000000
3780 -1151.0000000000
3784 -1150.0000000000
3788 -1149.0000000000
3795 -1148.0000000000
3803 -1147.0000000000
3845 -1146.0000000000
3865 -1145.0000000000
3867 -1144.0000000000
3868 -1143.0000000000
3869 -1142.0000000000
3870 -1141.0000000000
3874 -1140.0000000000
3876 -1139.0000000000
3883 -1138.0000000000
3886 -1136.0000000000
3900 -1135.0000000000
3902 -1134.0000000000
3910 -1133.0000000000
3930 -1132.0000000000
3931 -1131.0000000000
3943 -1130.0000000000
3948 -1129.0000000000
3970 -1128.0000000000
3976 -1127.0000000000
3984 -1126.0000000000
3992 -1125.0000000000
4002 -1124.0000000000
4005 -1123.0000000000
4006 -1122.0000000000
4018 -1121.0000000000
4034 -1120.0000000000
4040 -1119.0000000000
4044 -1118.0000000000
4046 -1117.0000000000
4053 -1116.0000000000
4054 -1115.0000000000
4055 -1114.0000000000
4065 -1113.0000000000
4067 -1112.0000000000
4070 -1111.0000000000
4076 -1110.0000000000
4078 -1108.0000000000
4079 -1107.0000000000
4084 -1105.0000000000
4088 -1104.0000000000
4094 -1103.0000000000
4107 -1102.0000000000
4108 -1101.0000000000
4121 -1100.0000000000
4130 -1099.0000000000
4140 -1098.0000000000
4147 -1097.0000000000
4171 -1096.0000000000
4175 -1095.0000000000
4177 -1094.0000000000
4181 -1093.0000000000
4193 -1092.0000000000
4194 -1091.0000000000
4201 -1090.0000000000
4205 -1089.0000000000
4212 -1088.0000000000
4221 -1087.0000000000
4231 -1086.0000000000
4236 -1084.0000000000
4237 -1083.0000000000
4238 -1082.0000000000
4248 -1080.0000000000
4260 -1078.0000000000
4286 -1077.0000000000
4301 -1076.0000000000
4311 -1075.0000000000
4331 -1074.0000000000
4352 -1073.0000000000
4357 -1072.0000000000
4370 -1071.0000000000
4371 -1070.0000000000
4372 -1068.0000000000
4374 -1067.0000000000
4375 -1066.0000000000
4383 -1065.0000000000
4385 -1064.0000000000
4391 -1063.0000000000
4400 -1062.0000000000
4405 -1059.0000000000
4412 -1058.0000000000
4413 -1057.0000000000
4415 -1056.0000000000
4417 -1055.0000000000
4428 -1054.0000000000
4434 -1053.0000000000
4445 -1052.0000000000
4449 -1051.0000000000
4450 -1050.0000000000
4462 -1049.0000000000
4463 -1048.0000000000
4467 -1047.0000000000
4470 -1046.0000000000
4473 -1045.0000000000
4476 -1044.0000000000
4482 -1043.0000000000
4490 -1042.0000000000
4495 -1041.0000000000
4505 -1040.0000000000
4507 -1039.0000000000
4509 -1038.0000000000
4514 -1037.0000000000
4519 -1036.0000000000
4549 -1035.0000000000
4551 -1034.0000000000
4565 -1033.0000000000
4573 -1032.0000000000
4576 -1031.0000000000
4602 -1030.0000000000
4608 -1029.0000000000
4616 -1028.0000000000
4627 -1027.0000000000
4634 -1026.0000000000
4642 -1025.0000000000
4654 -1024.0000000000
4659 -1023.0000000000
4681 -1022.0000000000
4699 -1021.0000000000
4702 -1020.0000000000
4707 -1019.0000000000
4722 -1018.0000000000
4757 -1016.0000000000
4764 -1015.0000000000
4777 -1014.0000000000
4783 -1013.0000000000
4788 -1012.0000000000
4796 -1011.0000000000
4807 -1010.0000000000
4819 -1009.0000000000
4821 -1008.0000000000
4829 -1007.0000000000
4854 -1006.0000000000
4858 -1005.0000000000
4865 -1004.0000000000
4898 -1003.0000000000
4899 -1002.0000000000
4905 -1000.0000000000
4906 -999.0000000000
4913 -998.0000000000
4919 -997.0000000000
4923 -996.0000000000
4941 -995.0000000000
4942 -994.0000000000
4948 -993.0000000000
4951 -992.0000000000
4954 -991.0000000000
4974 -990.0000000000
5020 -989.0000000000
5039 -988.0000000000
5048 -987.0000000000
5054 -985.0000000000
5108 -984.0000000000
5120 -983.0000000000
5127 -982.0000000000
5137 -981.0000000000
5140 -980.0000000000
5159 -979.0000000000
5186 -978.0000000000
5196 -977.0000000000
5198 -975.0000000000
5214 -974.0000000000
5228 -972.0000000000
5232 -971.0000000000
5233 -970.0000000000
5240 -969.0000000000
5248 -968.0000000000
5249 -967.0000000000
5263 -966.0000000000
5274 -965.0000000000
5295 -964.0000000000
5303 -963.0000000000
5317 -961.0000000000
5319 -960.0000000000
5320 -959.0000000000
5332 -958.0000000000
5340 -957.0000000000
5344 -955.0000000000
5350 -953.0000000000
5356 -952.0000000000
5365 -951.0000000000
5370 -950.0000000000
5377 -949.0000000000
5383 -948.0000000000
5402 -947.0000000000
5404 -946.0000000000
5405 -944.0000000000
5409 -943.0000000000
5412 -942.0000000000
5424 -941.0000000000
5430 -940.0000000000
5441 -939.0000000000
5448 -938.0000000000
5452 -937.0000000000
5491 -935.0000000000
5493 -934.0000000000
5499 -933.0000000000
5525 -932.0000000000
5529 -930.0000000000
5538 -929.0000000000
5570 -928.0000000000
5576 -926.0000000000
5579 -925.0000000000
5587 -924.0000000000
5589 -923.0000000000
5591 -922.0000000000
5600 -921.0000000000
5610 -919.0000000000
5616 -918.0000000000
5620 -917.0000000000
5627 -916.0000000000
5636 -915.0000000000
5647 -914.0000000000
5649 -913.0000000000
5653 -911.0000000000
5654 -909.0000000000
5668 -908.0000000000
5686 -906.0000000000
5689 -905.0000000000
5691 -904.0000000000
5704 -903.0000000000
5723 -902.0000000000
5725 -900.0000000000
5726 -899.0000000000
5734 -898.0000000000
5736 -897.0000000000
5754 -896.0000000000
5777 -895.0000000000
5805 -894.0000000000
5814 -893.0000000000
5843 -892.0000000000
5853 -891.0000000000
5862 -890.0000000000
5867 -889.0000000000
5869 -888.0000000000
5875 -887.0000000000
5877 -886.0000000000
5882 -885.0000000000
5888 -883.0000000000
5919 -882.0000000000
5920 -880.0000000000
5936 -879.0000000000
5937 -878.0000000000
5947 -876.0000000000
5956 -875.0000000000
5981 -874.0000000000
5985 -873.0000000000
5993 -872.0000000000
6014 -871.0000000000
6030 -870.0000000000
6033 -869.0000000000
6040 -868.0000000000
6041 -867.0000000000
6046 -866.0000000000
6050 -865.0000000000
6066 -864.0000000000
6070 -863.0000000000
6073 -862.0000000000
6081 -861.0000000000
6091 -859.0000000000
6101 -858.0000000000
6104 -857.0000000000
6114 -856.0000000000
6117 -855.0000000000
6118 -853.0000000000
6121 -852.0000000000
6124 -851.0000000000
6130 -850.0000000000
6135 -849.0000000000
6147 -848.0000000000
6162 -847.0000000000
6167 -846.0000000000
6173 -845.0000000000
6193 -844.0000000000
6195 -842.0000000000
6200 -841.0000000000
6201 -840.0000000000
6214 -839.0000000000
6217 -838.0000000000
6218 -837.0000000000
6224 -836.0000000000
6225 -835.0000000000
6234 -834.0000000000
6237 -833.0000000000
6244 -832.0000000000
6249 -831.0000000000
6252 -830.0000000000
6253 -829.0000000000
6255 -828.0000000000
6260 -827.0000000000
6268 -826.0000000000
6270 -824.0000000000
6272 -823.0000000000
6273 -822.0000000000
6274 -821.0000000000
6287 -820.0000000000
6291 -819.0000000000
6307 -818.0000000000
6312 -817.0000000000
6320 -815.0000000000
6325 -814.0000000000
6327 -813.0000000000
6335 -812.0000000000
6338 -811.0000000000
6343 -810.0000000000
6347 -809.0000000000
6353 -808.0000000000
6365 -807.0000000000
6379 -806.0000000000
6410 -805.0000000000
6425 -804.0000000000
6429 -803.0000000000
6439 -802.0000000000
6441 -801.0000000000
6442 -800.0000000000
6444 -799.0000000000
6460 -797.0000000000
6476 -796.0000000000
6489 -795.0000000000
6493 -794.0000000000
6499 -793.0000000000
6513 -792.0000000000
6521 -791.0000000000
6555 -790.0000000000
6557 -789.0000000000
6558 -788.0000000000
6562 -787.0000000000
6565 -786.0000000000
6578 -785.0000000000
6581 -784.0000000000
6589 -783.0000000000
6608 -782.0000000000
6611 -781.0000000000
6622 -780.0000000000
6637 -779.0000000000
6644 -777.0000000000
6663 -776.0000000000
6699 -775.0000000000
6704 -773.0000000000
6732 -772.0000000000
6755 -771.0000000000
6759 -770.0000000000
6768 -768.0000000000
6769 -767.0000000000
6773 -766.0000000000
6804 -765.0000000000
6818 -764.0000000000
6819 -763.0000000000
6821 -762.0000000000
6829 -761.0000000000
6842 -760.0000000000
6851 -759.0000000000
6852 -758.0000000000
6882 -757.0000000000
6889 -755.0000000000
6917 -754.0000000000
6926 -753.0000000000
6935 -752.0000000000
6951 -751.0000000000
6961 -750.0000000000
6966 -749.0000000000
7023 -748.0000000000
7042 -747.0000000000
7050 -746.0000000000
7055 -745.0000000000
7092 -744.0000000000
7113 -743.0000000000
7120 -742.0000000000
7138 -741.0000000000
7140 -740.0000000000
7173 -738.0000000000
7180 -737.0000000000
7216 -736.0000000000
7221 -735.0000000000
7230 -734.0000000000
7257 -733.0000000000
7272 -732.0000000000
7275 -731.0000000000
7278 -730.0000000000
7280 -729.0000000000
7311 -728.0000000000
7315 -727.0000000000
7334 -726.0000000000
7336 -725.0000000000
7338 -724.0000000000
7359 -723.0000000000
7362 -722.0000000000
7368 -721.0000000000
7393 -720.0000000000
7400 -718.0000000000
7423 -717.0000000000
7445 -716.0000000000
7451 -715.0000000000
7469 -714.0000000000
7489 -712.0000000000
7497 -711.0000000000
7512 -710.0000000000
7527 -709.0000000000
7530 -708.0000000000
7539 -707.0000000000
7595 -706.0000000000
7597 -705.0000000000
7604 -704.0000000000
7613 -703.0000000000
7621 -702.0000000000
7641 -700.0000000000
7645 -699.0000000000
7672 -698.0000000000
7707 -697.0000000000
7717 -696.0000000000
7726 -695.0000000000
7766 -693.0000000000
7772 -692.0000000000
7774 -690.0000000000
7780 -689.0000000000
7792 -688.0000000000
7803 -687.0000000000
7811 -686.0000000000
7836 -685.0000000000
7838 -683.0000000000
7846 -682.0000000000
7852 -681.0000000000
7861 -680.0000000000
7866 -679.0000000000
7886 -678.0000000000
7902 -677.0000000000
7905 -676.0000000000
7912 -675.0000000000
7933 -674.0000000000
7950 -673.0000000000
7956 -671.0000000000
7969 -669.0000000000
7987 -668.0000000000
8006 -667.0000000000
8011 -666.0000000000
8015 -665.0000000000
8036 -663.0000000000
8051 -662.0000000000
8068 -661.0000000000
8085 -660.0000000000
8088 -659.0000000000
8091 -658.0000000000
8106 -657.0000000000
8136 -656.0000000000
8165 -655.0000000000
8189 -654.0000000000
8207 -653.0000000000
8224 -652.0000000000
8257 -650.0000000000
8276 -649.0000000000
8277 -648.0000000000
8301 -647.0000000000
8320 -646.0000000000
8330 -645.0000000000
8343 -644.0000000000
8363 -643.0000000000
8389 -642.0000000000
8393 -641.0000000000
8429 -640.0000000000
8452 -639.0000000000
8461 -638.0000000000
8463 -637.0000000000
8492 -636.0000000000
8530 -635.0000000000
8592 -634.0000000000
8599 -633.0000000000
8607 -632.0000000000
8612 -631.0000000000
8617 -630.0000000000
8654 -629.0000000000
8662 -628.0000000000
8668 -627.0000000000
8695 -626.0000000000
8701 -625.0000000000
8703 -624.0000000000
8734 -623.0000000000
8740 -622.0000000000
8743 -620.0000000000
8756 -619.0000000000
8842 -618.0000000000
8852 -617.0000000000
8854 -616.0000000000
8871 -614.0000000000
8872 -613.0000000000
8896 -612.0000000000
8929 -611.0000000000
8945 -610.0000000000
8959 -609.0000000000
8980 -608.0000000000
8998 -607.0000000000
9000 -606.0000000000
9006 -605.0000000000
9028 -604.0000000000
9030 -603.0000000000
9073 -602.0000000000
9099 -600.0000000000
9109 -599.0000000000
9113 -598.0000000000
9118 -597.0000000000
9140 -596.0000000000
9187 -595.0000000000
9191 -594.0000000000
9195 -593.0000000000
9199 -592.0000000000
9206 -591.0000000000
9234 -590.0000000000
9264 -588.0000000000
9270 -587.0000000000
9280 -585.0000000000
9285 -584.0000000000
9309 -583.0000000000
9315 -582.0000000000
9326 -581.0000000000
9342 -580.0000000000
9350 -579.0000000000
9364 -578.0000000000
9432 -577.0000000000
9451 -576.0000000000
9455 -575.0000000000
9456 -574.0000000000
9458 -573.0000000000
9460 -572.0000000000
9478 -571.0000000000
9482 -570.0000000000
9501 -569.0000000000
9503 -568.0000000000
9520 -567.0000000000
9528 -566.0000000000
9563 -565.0000000000
9580 -564.0000000000
9596 -563.0000000000
9598 -562.0000000000
9656 -561.0000000000
9666 -560.0000000000
9711 -559.0000000000
9727 -558.0000000000
9739 -557.0000000000
9753 -556.0000000000
9761 -555.0000000000
9783 -554.0000000000
9796 -553.0000000000
9800 -552.0000000000
9811 -551.0000000000
9820 -550.0000000000
9846 -549.0000000000
9849 -548.0000000000
9855 -547.0000000000
9871 -546.0000000000
9908 -545.0000000000
9918 -544.0000000000
9931 -543.0000000000
9945 -542.0000000000
9965 -540.0000000000
9967 -539.0000000000
10000 -543.0000000000
evaluations raw_y
1 -2035.0000000000
6 -2033.0000000000
17 -2032.0000000000
19 -2030.0000000000
21 -2028.0000000000
22 -2027.0000000000
23 -2026.0000000000
24 -2024.0000000000
26 -2023.0000000000
31 -2022.0000000000
35 -2021.0000000000
36 -2020.0000000000
40 -2018.0000000000
41 -2017.0000000000
47 -2015.0000000000
53 -2014.0000000000
54 -2013.0000000000
64 -2012.0000000000
68 -2010.0000000000
69 -2009.0000000000
71 -2008.0000000000
72 -2007.0000000000
77 -2006.0000000000
104 -2005.0000000000
113 -2004.0000000000
123 -2003.0000000000
125 -2002.0000000000
130 -2001.0000000000
131 -2000.0000000000
134 -1999.0000000000
135 -1998.0000000000
143 -1996.0000000000
146 -1994.0000000000
147 -1993.0000000000
150 -1992.0000000000
152 -1991.0000000000
158 -1990.0000000000
159 -1989.0000000000
162 -1988.0000000000
164 -1986.0000000000
170 -1984.0000000000
176 -1982.0000000000
181 -1981.0000000000
198 -1980.0000000000
200 -1979.0000000000
203 -1978.0000000000
204 -1977.0000000000
206 -1976.0000000000
214 -1975.0000000000
215 -1973.0000000000
223 -1972.0000000000
226 -1971.0000000000
228 -1970.0000000000
232 -1969.0000000000
237 -1968.0000000000
238 -1967.0000000000
239 -1966.0000000000
241 -1965.0000000000
242 -1964.0000000000
245 -1963.0000000000
261 -1962.0000000000
263 -1959.0000000000
266 -1958.0000000000
268 -1957.0000000000
269 -1956.0000000000
271 -1954.0000000000
277 -1952.0000000000
278 -1950.0000000000
281 -1949.0000000000
283 -1947.0000000000
288 -1945.0000000000
293 -1944.0000000000
294 -1943.0000000000
299 -1942.0000000000
306 -1941.0000000000
307 -1940.0000000000
309 -1939.0000000000
315 -1938.0000000000
316 -1936.0000000000
318 -1934.0000000000
321 -1933.0000000000
323 -1931.0000000000
332 -1930.0000000000
334 -1928.0000000000
337 -1927.0000000000
338 -1926.0000000000
340 -1925.0000000000
345 -1924.0000000000
348 -1923.0000000000
352 -1922.0000000000
354 -1921.0000000000
356 -1920.0000000000
360 -1919.0000000000
361 -1918.0000000000
381 -1917.0000000000
383 -1916.0000000000
391 -1915.0000000000
392 -1913.0000000000
398 -1911.0000000000
400 -1910.0000000000
401 -1909.0000000000
402 -1908.0000000000
409 -1907.0000000000
410 -1906.0000000000
411 -1905.0000000000
412 -1903.0000000000
427 -1900.0000000000
430 -1899.0000000000
434 -1896.0000000000
444 -1895.0000000000
447 -1894.0000000000
452 -1893.0000000000
454 -1892.0000000000
458 -1891.0000000000
459 -1889.0000000000
461 -1887.0000000000
464 -1885.0000000000
468 -1884.0000000000
470 -1883.0000000000
471 -1882.0000000000
474 -1881.0000000000
475 -1880.0000000000
492 -1879.0000000000
496 -1877.0000000000
499 -1876.0000000000
503 -1875.0000000000
512 -1874.0000000000
514 -1873.0000000000
521 -1872.0000000000
523 -1871.0000000000
529 -1870.0000000000
530 -1868.0000000000
540 -1865.0000000000
547 -1862.0000000000
549 -1861.0000000000
550 -1860.0000000000
553 -1859.0000000000
556 -1858.0000000000
557 -1857.0000000000
558 -1856.0000000000
560 -1854.0000000000
567 -1853.0000000000
584 -1852.0000000000
587 -1851.0000000000
588 -1849.0000000000
594 -1847.0000000000
597 -1845.0000000000
598 -1843.0000000000
608 -1842.0000000000
610 -1840.0000000000
617 -1839.0000000000
618 -1838.0000000000
620 -1837.0000000000
628 -1836.0000000000
630 -1835.0000000000
633 -1834.0000000000
634 -1833.0000000000
650 -1832.0000000000
654 -1831.0000000000
660 -1829.0000000000
673 -1828.0000000000
674 -1827.0000000000
675 -1826.0000000000
687 -1825.0000000000
697 -1824.0000000000
699 -1823.0000000000
700 -1822.0000000000
702 -1821.0000000000
704 -1820.0000000000
705 -1819.0000000000
707 -1817.0000000000
708 -1816.0000000000
713 -1814.0000000000
714 -1812.0000000000
725 -1811.0000000000
739 -1810.0000000000
741 -1809.0000000000
742 -1808.0000000000
743 -1806.0000000000
745 -1805.0000000000
751 -1804.0000000000
752 -1803.0000000000
757 -1802.0000000000
759 -1801.0000000000
760 -1800.0000000000
769 -1799.0000000000
774 -1797.0000000000
775 -1796.0000000000
778 -1795.0000000000
783 -1794.0000000000
798 -1793.0000000000
799 -1792.0000000000
802 -1791.0000000000
804 -1790.0000000000
808 -1789.0000000000
809 -1788.0000000000
810 -1787.0000000000
815 -1786.0000000000
816 -1784.0000000000
818 -1783.0000000000
831 -1782.0000000000
840 -1781.0000000000
851 -1780.0000000000
853 -1779.0000000000
855 -1777.0000000000
856 -1775.0000000000
857 -1774.0000000000
862 -1773.0000000000
873 -1771.0000000000
880 -1770.0000000000
881 -1769.0000000000
882 -1768.0000000000
884 -1767.0000000000
889 -1766.0000000000
899 -1765.0000000000
906 -1764.0000000000
909 -1763.0000000000
917 -1762.0000000000
924 -1761.0000000000
930 -1760.0000000000
934 -1759.0000000000
938 -1757.0000000000
949 -1756.0000000000
958 -1755.0000000000
960 -1754.0000000000
963 -1753.0000000000
967 -1752.0000000000
970 -1750.0000000000
972 -1749.0000000000
973 -1747.0000000000
983 -1746.0000000000
992 -1745.0000000000
998 -1744.0000000000
1002 -1743.0000000000
1005 -1742.0000000000
1009 -1740.0000000000
1014 -1738.0000000000
1020 -1737.0000000000
1033 -1736.0000000000
1035 -1734.0000000000
1040 -1733.0000000000
1048 -1732.0000000000
1049 -1731.0000000000
1050 -1730.0000000000
1056 -1729.0000000000
1061 -1728.0000000000
1071 -1727.0000000000
1074 -1725.0000000000
1075 -1724.0000000000
1076 -1723.0000000000
1081 -1722.0000000000
1102 -1721.0000000000
1105 -1720.0000000000
1108 -1719.0000000000
1110 -1717.0000000000
1113 -1716.0000000000
1122 -1715.0000000000
1126 -1714.0000000000
1128 -1713.0000000000
1129 -1712.0000000000
1130 -1710.0000000000
1136 -1709.0000000000
1139 -1708.0000000000
1140 -1707.0000000000
1152 -1706.0000000000
1159 -1704.0000000000
1160 -1703.0000000000
1168 -1701.0000000000
1173 -1700.0000000000
1176 -1699.0000000000
1178 -1698.0000000000
1189 -1697.0000000000
1195 -1695.0000000000
1196 -1694.0000000000
1201 -1693.0000000000
1207 -1692.0000000000
1218 -1690.0000000000
1220 -1689.0000000000
1222 -1688.0000000000
1223 -1687.0000000000
1225 -1686.0000000000
1227 -1685.0000000000
1230 -1684.0000000000
1232 -1683.0000000000
1235 -1682.0000000000
1239 -1680.0000000000
1242 -1679.0000000000
1244 -1678.0000000000
1253 -1677.0000000000
1259 -1676.0000000000
1260 -1675.0000000000
1262 -1674.0000000000
1274 -1673.0000000000
1279 -1672.0000000000
1282 -1671.0000000000
1287 -1670.0000000000
1293 -1669.0000000000
1294 -1668.0000000000
1307 -1666.0000000000
1310 -1664.0000000000
1312 -1663.0000000000
1322 -1662.0000000000
1323 -1661.0000000000
1328 -1660.0000000000
1330 -1659.0000000000
1331 -1657.0000000000
1332 -1656.0000000000
1343 -1655.0000000000
1354 -1654.0000000000
1359 -1653.0000000000
1361 -1652.0000000000
1374 -1651.0000000000
1375 -1650.0000000000
1379 -1649.0000000000
1387 -1648.0000000000
1390 -1647.0000000000
1392 -1646.0000000000
1393 -1645.0000000000
1399 -1642.0000000000
1409 -1641.0000000000
1412 -1640.0000000000
1416 -1639.0000000000
1418 -1637.0000000000
1431 -1635.0000000000
1445 -1634.0000000000
1447 -1633.0000000000
1455 -1632.0000000000
1459 -1631.0000000000
1462 -1630.0000000000
1465 -1629.0000000000
1469 -1627.0000000000
1474 -1626.0000000000
1486 -1625.0000000000
1487 -1624.0000000000
1489 -1623.0000000000
1490 -1622.0000000000
1504 -1621.0000000000
1508 -1620.0000000000
1512 -1619.0000000000
1513 -1618.0000000000
1520 -1617.0000000000
1524 -1616.0000000000
1528 -1615.0000000000
1546 -1614.0000000000
1548 -1613.0000000000
1549 -1612.0000000000
1556 -1610.0000000000
1559 -1609.0000000000
1564 -1607.0000000000
1578 -1606.0000000000
1582 -1604.0000000000
1586 -1603.0000000000
1590 -1602.0000000000
1598 -1600.0000000000
1601 -1599.0000000000
1605 -1598.0000000000
1606 -1597.0000000000
1611 -1596.0000000000
1616 -1595.0000000000
1625 -1594.0000000000
1633 -1593.0000000000
1634 -1592.0000000000
1638 -1591.0000000000
1639 -1589.0000000000
1652 -1588.0000000000
1654 -1587.0000000000
1655 -1586.0000000000
1661 -1585.0000000000
1664 -1584.0000000000
1668 -1583.0000000000
1674 -1582.0000000000
1697 -1581.0000000000
1702 -1579.0000000000
1703 -1578.0000000000
1706 -1577.0000000000
1710 -1576.0000000000
1713 -1575.0000000000
1716 -1574.0000000000
1718 -1573.0000000000
1719 -1571.0000000000
1726 -1568.0000000000
1727 -1567.0000000000
1728 -1566.0000000000
1731 -1564.0000000000
1732 -1563.0000000000
1740 -1562.0000000000
1741 -1561.0000000000
1747 -1560.0000000000
1751 -1559.0000000000
1759 -1558.0000000000
1765 -1555.0000000000
1779 -1554.0000000000
1784 -1553.0000000000
1789 -1551.0000000000
1791 -1549.0000000000
1792 -1548.0000000000
1794 -1546.0000000000
1797 -1544.0000000000
1800 -1541.0000000000
1801 -1540.0000000000
1803 -1539.0000000000
1808 -1538.0000000000
1831 -1537.0000000000
1836 -1536.0000000000
1840 -1535.0000000000
1841 -1534.0000000000
1844 -1533.0000000000
1848 -1532.0000000000
1852 -1531.0000000000
1855 -1530.0000000000
1856 -1529.0000000000
1857 -1528.0000000000
1858 -1527.0000000000
1860 -1526.0000000000
1861 -1525.0000000000
1866 -1524.0000000000
1868 -1523.0000000000
1869 -1522.0000000000
1875 -1521.0000000000
1881 -1520.0000000000
1890 -1519.0000000000
1894 -1518.0000000000
1895 -1517.0000000000
1897 -1516.0000000000
1900 -1515.0000000000
1906 -1513.0000000000
1909 -1512.0000000000
1917 -1511.0000000000
1921 -1510.0000000000
1927 -1508.0000000000
1929 -1507.0000000000
1935 -1506.0000000000
1943 -1505.0000000000
1947 -1504.0000000000
1951 -1502.0000000000
1954 -1500.0000000000
1959 -1499.0000000000
1963 -1497.0000000000
1967 -1496.0000000000
1969 -1495.0000000000
1974 -1494.0000000000
1982 -1493.0000000000
1983 -1492.0000000000
1988 -1491.0000000000
1989 -1490.0000000000
1990 -1489.0000000000
1996 -1488.0000000000
1997 -1487.0000000000
2000 -1486.0000000000
2007 -1485.0000000000
2009 -1484.0000000000
2027 -1483.0000000000
2033 -1480.0000000000
2052 -1479.0000000000
2059 -1478.0000000000
2070 -1477.0000000000
2073 -1476.0000000000
2075 -1475.0000000000
2076 -1474.0000000000
2081 -1473.0000000000
2084 -1472.0000000000
2112 -1471.0000000000
2117 -1470.0000000000
2127 -1468.0000000000
2132 -1467.0000000000
2140 -1466.0000000000
2145 -1465.0000000000
2152 -1464.0000000000
2155 -1463.0000000000
2157 -1462.0000000000
2162 -1461.0000000000
2173 -1460.0000000000
2184 -1459.0000000000
2192 -1457.0000000000
2215 -1456.0000000000
2217 -1455.0000000000
2218 -1454.0000000000
2221 -1453.0000000000
2224 -1452.0000000000
2225 -1451.0000000000
2232 -1450.0000000000
2237 -1449.0000000000
2238 -1448.0000000000
2245 -1447.0000000000
2251 -1446.0000000000
2255 -1445.0000000000
2260 -1444.0000000000
2269 -1443.0000000000
2273 -1442.0000000000
2276 -1440.0000000000
2286 -1439.0000000000
2314 -1438.0000000000
2322 -1436.0000000000
2324 -1435.0000000000
2347 -1434.0000000000
2348 -1433.0000000000
2351 -1432.0000000000
2357 -1431.0000000000
2358 -1430.0000000000
2363 -1429.0000000000
2364 -1427.0000000000
2368 -1426.0000000000
2373 -1425.0000000000
2379 -1424.0000000000
2380 -1423.0000000000
2388 -1422.0000000000
2400 -1421.0000000000
2405 -1420.0000000000
2406 -1419.0000000000
2411 -1418.0000000000
2412 -1417.0000000000
2414 -1415.0000000000
2418 -1414.0000000000
2426 -1413.0000000000
2453 -1412.0000000000
2458 -1411.0000000000
2473 -1410.0000000000
2475 -1409.0000000000
2476 -1408.0000000000
2477 -1407.0000000000
2484 -1406.0000000000
2492 -1405.0000000000
2499 -1404.0000000000
2505 -1402.0000000000
2508 -1401.0000000000
2510 -1400.0000000000
2519 -1399.0000000000
2527 -1398.0000000000
2529 -1397.0000000000
2532 -1395.0000000000
2542 -1394.0000000000
2544 -1393.0000000000
2553 -1391.0000000000
2555 -1390.0000000000
2564 -1389.0000000000
2576 -1387.0000000000
2583 -1386.0000000000
2586 -1385.0000000000
2592 -1383.0000000000
2601 -1382.0000000000
2605 -1381.0000000000
2616 -1379.0000000000
2617 -1378.0000000000
2619 -1377.0000000000
2626 -1376.0000000000
2638 -1375.0000000000
2647 -1374.0000000000
2648 -1373.0000000000
2649 -1372.0000000000
2660 -1371.0000000000
2667 -1370.0000000000
2671 -1368.0000000000
2675 -1367.0000000000
2676 -1366.0000000000
2682 -1365.0000000000
2691 -1364.0000000000
2695 -1362.0000000000
2706 -1361.0000000000
2707 -1360.0000000000
2715 -1358.0000000000
2717 -1357.0000000000
2722 -1356.0000000000
2732 -1355.0000000000
2749 -1354.0000000000
2766 -1353.0000000000
2775 -1352.0000000000
2777 -1351.0000000000
2786 -1350.0000000000
2790 -1349.0000000000
2792 -1348.0000000000
2797 -1347.0000000000
2800 -1346.0000000000
2804 -1345.0000000000
2810 -1344.0000000000
2811 -1343.0000000000
2814 -1342.0000000000
2816 -1341.0000000000
2825 -1340.0000000000
2831 -1339.0000000000
2835 -1338.0000000000
2839 -1337.0000000000
2851 -1336.0000000000
2864 -1335.0000000000
2878 -1334.0000000000
2881 -1333.0000000000
2894 -1332.0000000000
2900 -1331.0000000000
2908 -1330.0000000000
2918 -1328.0000000000
2920 -1327.0000000000
2925 -1326.0000000000
2928 -1325.0000000000
2932 -1324.0000000000
2944 -1322.0000000000
2948 -1320.0000000000
2955 -1319.0000000000
2962 -1318.0000000000
2964 -1317.0000000000
2966 -1316.0000000000
2967 -1315.0000000000
2972 -1314.0000000000
2980 -1312.0000000000
2983 -1311.0000000000
2984 -1310.0000000000
3005 -1309.0000000000
3010 -1308.0000000000
3017 -1307.0000000000
3028 -1306.0000000000
3035 -1305.0000000000
3036 -1304.0000000000
3037 -1303.0000000000
3038 -1302.0000000000
3041 -1301.0000000000
3047 -1299.0000000000
3053 -1298.0000000000
3056 -1297.0000000000
3057 -1296.0000000000
3084 -1295.0000000000
3091 -1294.0000000000
3103 -1293.0000000000
3104 -1292.0000000000
3108 -1291.0000000000
3111 -1290.0000000000
3122 -1289.0000000000
3124 -1288.0000000000
3132 -1287.0000000000
3133 -1286.0000000000
3135 -1285.0000000000
3144 -1284.0000000000
3149 -1282.0000000000
3151 -1281.0000000000
3154 -1280.0000000000
3173 -1279.0000000000
3186 -1277.0000000000
3189 -1276.0000000000
3191 -1274.0000000000
3192 -1273.0000000000
3193 -1272.0000000000
3197 -1271.0000000000
3207 -1270.0000000000
3209 -1269.0000000000
3210 -1268.0000000000
3211 -1266.0000000000
3212 -1264.0000000000
3227 -1263.0000000000
3247 -1261.0000000000
3249 -1260.0000000000
3279 -1259.0000000000
3281 -1257.0000000000
3288 -1256.0000000000
3290 -1255.0000000000
3296 -1254.0000000000
3299 -1253.0000000000
3303 -1252.0000000000
3313 -1251.0000000000
3318 -1250.0000000000
3342 -1249.0000000000
3343 -1248.0000000000
3351 -1247.0000000000
3356 -1246.0000000000
3365 -1244.0000000000
3366 -1242.0000000000
3370 -1241.0000000000
3371 -1240.0000000000
3374 -1239.0000000000
3381 -1238.0000000000
3382 -1237.0000000000
3383 -1236.0000000000
3390 -1235.0000000000
3395 -1234.0000000000
3396 -1233.0000000000
3397 -1232.0000000000
3399 -1231.0000000000
3408 -1230.0000000000
3413 -1229.0000000000
3417 -1228.0000000000
3418 -1227.0000000000
3421 -1226.0000000000
3426 -1225.0000000000
3427 -1224.0000000000
3429 -1223.0000000000
3432 -1222.0000000000
3433 -1221.0000000000
3448 -1220.0000000000
3452 -1219.0000000000
3462 -1217.0000000000
3468 -1216.0000000000
3479 -1215.0000000000
3482 -1213.0000000000
3485 -1212.0000000000
3491 -1211.0000000000
3501 -1210.0000000000
3506 -1208.0000000000
3520 -1207.0000000000
3528 -1206.0000000000
3529 -1205.0000000000
3533 -1203.0000000000
3548 -1202.0000000000
3551 -1201.0000000000
3558 -1200.0000000000
3564 -1199.0000000000
3570 -1198.0000000000
3575 -1197.0000000000
3576 -1196.0000000000
3587 -1195.0000000000
3589 -1194.0000000000
3590 -1193.0000000000
3591 -1192.0000000000
3595 -1191.0000000000
3598 -1190.0000000000
3600 -1189.0000000000
3607 -1188.0000000000
3612 -1187.0000000000
3628 -1186.0000000000
3633 -1185.0000000000
3644 -1184.0000000000
3652 -1183.0000000000
3656 -1182.0000000000
3657 -1181.0000000000
3668 -1180.0000000000
3671 -1179.0000000000
3673 -1178.0000000000
3674 -1177.0000000000
3680 -1176.0000000000
3688 -1174.0000000000
3689 -1173.0000000000
3691 -1172.0000000000
3702 -1171.0000000000
3704 -1169.0000000000
3712 -1168.0000000000
3713 -1167.0000000000
3729 -1166.0000000000
3739 -1165.0000000000
3747 -1164.0000000000
3751 -1163.0000000000
3754 -1161.0000000000
3816 -1160.0000000000
3820 -1159.0000000000
3824 -1158.0000000000
3834 -1157.0000000000
3840 -1156.0000000000
3842 -1155.0000000000
3844 -1154.0000000000
3853 -1153.0000000000
3864 -1152.0000000000
3870 -1151.0000000000
3873 -1150.0000000000
3875 -1149.0000000000
3880 -1147.0000000000
3887 -1146.0000000000
3895 -1144.0000000000
3896 -1142.0000000000
3897 -1141.0000000000
3898 -1140.0000000000
3906 -1139.0000000000
3909 -1138.0000000000
3911 -1137.0000000000
3925 -1136.0000000000
3928 -1134.0000000000
3936 -1133.0000000000
3952 -1132.0000000000
3969 -1131.0000000000
3980 -1130.0000000000
3984 -1129.0000000000
4007 -1128.0000000000
4008 -1127.0000000000
4011 -1126.0000000000
4014 -1125.0000000000
4048 -1124.0000000000
4051 -1123.0000000000
4068 -1122.0000000000
4069 -1121.0000000000
4070 -1120.0000000000
4081 -1117.0000000000
4116 -1115.0000000000
4118 -1113.0000000000
4128 -1112.0000000000
4134 -1111.0000000000
4140 -1110.0000000000
4170 -1109.0000000000
4172 -1108.0000000000
4185 -1107.0000000000
4192 -1106.0000000000
4208 -1105.0000000000
4210 -1104.0000000000
4223 -1103.0000000000
4232 -1102.0000000000
4243 -1100.0000000000
4244 -1099.0000000000
4255 -1098.0000000000
4260 -1097.0000000000
4277 -1096.0000000000
4280 -1094.0000000000
4282 -1093.0000000000
4290 -1092.0000000000
4294 -1090.0000000000
4304 -1089.0000000000
4325 -1088.0000000000
4336 -1087.0000000000
4357 -1086.0000000000
4359 -1085.0000000000
4367 -1084.0000000000
4377 -1083.0000000000
4378 -1082.0000000000
4381 -1079.0000000000
4387 -1078.0000000000
4391 -1077.0000000000
4414 -1075.0000000000
4442 -1074.0000000000
4450 -1072.0000000000
4451 -1071.0000000000
4453 -1070.0000000000
4454 -1068.0000000000
4480 -1067.0000000000
4487 -1066.0000000000
4515 -1065.0000000000
4517 -1064.0000000000
4524 -1063.0000000000
4525 -1062.0000000000
4530 -1061.0000000000
4544 -1060.0000000000
4550 -1059.0000000000
4557 -1058.0000000000
4562 -1057.0000000000
4569 -1056.0000000000
4572 -1054.0000000000
4585 -1053.0000000000
4587 -1051.0000000000
4595 -1050.0000000000
4599 -1049.0000000000
4639 -1048.0000000000
4643 -1046.0000000000
4645 -1045.0000000000
4647 -1044.0000000000
4652 -1043.0000000000
4661 -1042.0000000000
4667 -1041.0000000000
4714 -1040.0000000000
4722 -1039.0000000000
4723 -1038.0000000000
4737 -1036.0000000000
4750 -1035.0000000000
4752 -1034.0000000000
4760 -1033.0000000000
4763 -1032.0000000000
4770 -1031.0000000000
4806 -1030.0000000000
4808 -1029.0000000000
4811 -1028.0000000000
4840 -1027.0000000000
4846 -1026.0000000000
4849 -1025.0000000000
4860 -1023.0000000000
4879 -1022.0000000000
4881 -1021.0000000000
4883 -1020.0000000000
4888 -1019.0000000000
4894 -1018.0000000000
4911 -1017.0000000000
4920 -1016.0000000000
4922 -1015.0000000000
4923 -1014.0000000000
4928 -1013.0000000000
4955 -1012.0000000000
4964 -1011.0000000000
4970 -1009.0000000000
4981 -1008.0000000000
4988 -1007.0000000000
5002 -1006.0000000000
5020 -1005.0000000000
5021 -1003.0000000000
5039 -1002.0000000000
5051 -1001.0000000000
5058 -999.0000000000
5060 -998.0000000000
5070 -997.0000000000
5071 -996.0000000000
5081 -995.0000000000
5096 -994.0000000000
5106 -993.0000000000
5110 -992.0000000000
5117 -991.0000000000
5122 -990.0000000000
5133 -989.0000000000
5135 -988.0000000000
5138 -987.0000000000
5142 -986.0000000000
5156 -985.0000000000
5169 -984.0000000000
5180 -983.0000000000
5189 -981.0000000000
5213 -980.0000000000
5215 -979.0000000000
5223 -978.0000000000
5224 -977.0000000000
5230 -976.0000000000
5235 -975.0000000000
5251 -973.0000000000
5261 -972.0000000000
5263 -971.0000000000
5265 -970.0000000000
5273 -969.0000000000
5286 -967.0000000000
5290 -966.0000000000
5291 -965.0000000000
5296 -964.0000000000
5301 -963.0000000000
5303 -962.0000000000
5304 -961.0000000000
5307 -960.0000000000
5317 -959.0000000000
5333 -957.0000000000
5344 -956.0000000000
5345 -955.0000000000
5358 -954.0000000000
5361 -953.0000000000
5362 -952.0000000000
5367 -951.0000000000
5371 -950.0000000000
5382 -949.0000000000
5385 -948.0000000000
5386 -947.0000000000
5397 -946.0000000000
5404 -945.0000000000
5405 -944.0000000000
5412 -943.0000000000
5420 -942.0000000000
5438 -941.0000000000
5443 -940.0000000000
5445 -939.0000000000
5448 -938.0000000000
5456 -937.0000000000
5468 -936.0000000000
5481 -935.0000000000
5482 -934.0000000000
5486 -933.0000000000
5493 -932.0000000000
5501 -931.0000000000
5525 -930.0000000000
5529 -929.0000000000
5555 -927.0000000000
5558 -926.0000000000
5574 -925.0000000000
5575 -923.0000000000
5584 -921.0000000000
5585 -920.0000000000
5589 -918.0000000000
5596 -917.0000000000
5597 -916.0000000000
5604 -915.0000000000
5612 -913.0000000000
5628 -912.0000000000
5630 -911.0000000000
5632 -910.0000000000
5638 -909.0000000000
5654 -908.0000000000
5659 -907.0000000000
5661 -906.0000000000
5667 -905.0000000000
5673 -904.0000000000
5695 -903.0000000000
5698 -901.0000000000
5701 -899.0000000000
5706 -898.0000000000
5721 -897.0000000000
5729 -895.0000000000
5748 -893.0000000000
5750 -892.0000000000
5768 -891.0000000000
5784 -890.0000000000
5794 -888.0000000000
5801 -887.0000000000
5812 -886.0000000000
5824 -885.0000000000
5831 -884.0000000000
5833 -883.0000000000
5835 -882.0000000000
5839 -881.0000000000
5870 -880.0000000000
5883 -879.0000000000
5900 -878.0000000000
5903 -877.0000000000
5904 -876.0000000000
5928 -875.0000000000
5931 -874.0000000000
5947 -873.0000000000
5957 -872.0000000000
5974 -871.0000000000
5976 -870.0000000000
6038 -869.0000000000
6057 -868.0000000000
6058 -867.0000000000
6062 -865.0000000000
6068 -864.0000000000
6086 -863.0000000000
6099 -862.0000000000
6106 -861.0000000000
6123 -860.0000000000
6129 -859.0000000000
6141 -858.0000000000
6150 -857.0000000000
6153 -856.0000000000
6160 -855.0000000000
6162 -854.0000000000
6172 -853.0000000000
6182 -852.0000000000
6193 -851.0000000000
6196 -850.0000000000
6198 -849.0000000000
6207 -848.0000000000
6250 -846.0000000000
6280 -845.0000000000
6281 -844.0000000000
6283 -843.0000000000
6290 -841.0000000000
6305 -840.0000000000
6312 -839.0000000000
6319 -838.0000000000
6328 -837.0000000000
6332 -836.0000000000
6341 -835.0000000000
6348 -834.0000000000
6363 -832.0000000000
6380 -831.0000000000
6392 -830.0000000000
6432 -829.0000000000
6455 -828.0000000000
6457 -827.0000000000
6465 -826.0000000000
6471 -824.0000000000
6480 -822.0000000000
6501 -821.0000000000
6527 -820.0000000000
6531 -818.0000000000
6543 -816.0000000000
6563 -814.0000000000
6590 -813.0000000000
6596 -812.0000000000
6600 -811.0000000000
6606 -809.0000000000
6643 -808.0000000000
6676 -807.0000000000
6677 -806.0000000000
6701 -805.0000000000
6709 -804.0000000000
6710 -803.0000000000
6715 -802.0000000000
6730 -801.0000000000
6739 -799.0000000000
6741 -797.0000000000
6743 -796.0000000000
6760 -795.0000000000
6766 -793.0000000000
6776 -792.0000000000
6778 -791.0000000000
6801 -789.0000000000
6809 -788.0000000000
6813 -787.0000000000
6819 -786.0000000000
6822 -785.0000000000
6827 -783.0000000000
6831 -782.0000000000
6839 -781.0000000000
6841 -779.0000000000
6862 -778.0000000000
6882 -777.0000000000
6889 -776.0000000000
6907 -775.0000000000
6917 -774.0000000000
6955 -773.0000000000
6971 -772.0000000000
6977 -771.0000000000
6988 -770.0000000000
6994 -769.0000000000
7015 -768.0000000000
7016 -767.0000000000
7018 -766.0000000000
7043 -765.0000000000
7056 -764.0000000000
7062 -763.0000000000
7063 -762.0000000000
7068 -761.0000000000
7073 -760.0000000000
7075 -759.0000000000
7078 -758.0000000000
7079 -757.0000000000
7084 -756.0000000000
7100 -755.0000000000
7109 -754.0000000000
7111 -753.0000000000
7125 -752.0000000000
7127 -751.0000000000
7159 -750.0000000000
7171 -749.0000000000
7189 -748.0000000000
7203 -747.0000000000
7213 -746.0000000000
7217 -745.0000000000
7221 -744.0000000000
7235 -743.0000000000
7237 -742.0000000000
7250 -741.0000000000
7253 -740.0000000000
7257 -739.0000000000
7285 -738.0000000000
7290 -737.0000000000
7297 -736.0000000000
7317 -735.0000000000
7320 -734.0000000000
7325 -733.0000000000
7330 -732.0000000000
7333 -731.0000000000
7338 -730.0000000000
7345 -729.0000000000
7355 -728.0000000000
7361 -727.0000000000
7363 -726.0000000000
7365 -725.0000000000
7383 -724.0000000000
7461 -722.0000000000
7494 -721.0000000000
7497 -720.0000000000
7534 -719.0000000000
7543 -718.0000000000
7554 -717.0000000000
7558 -716.0000000000
7577 -715.0000000000
7594 -714.0000000000
7597 -713.0000000000
7602 -712.0000000000
7604 -711.0000000000
7624 -709.0000000000
7649 -708.0000000000
7722 -707.0000000000
7725 -706.0000000000
7738 -704.0000000000
7751 -703.0000000000
7771 -702.0000000000
7778 -701.0000000000
7781 -698.0000000000
7789 -697.0000000000
7797 -696.0000000000
7823 -695.0000000000
7829 -694.0000000000
7838 -693.0000000000
7850 -691.0000000000
7859 -690.0000000000
7875 -689.0000000000
7880 -688.0000000000
7884 -687.0000000000
7887 -686.0000000000
7908 -685.0000000000
7952 -683.0000000000
7965 -682.0000000000
8006 -681.0000000000
8024 -680.0000000000
8045 -679.0000000000
8048 -678.0000000000
8052 -677.0000000000
8060 -676.0000000000
8096 -675.0000000000
8099 -674.0000000000
8101 -673.0000000000
8120 -672.0000000000
8121 -671.0000000000
8131 -669.0000000000
8137 -668.0000000000
8145 -667.0000000000
8153 -666.0000000000
8178 -665.0000000000
8212 -664.0000000000
8215 -663.0000000000
8218 -662.0000000000
8224 -661.0000000000
8240 -660.0000000000
8259 -659.0000000000
8265 -657.0000000000
8268 -656.0000000000
8269 -655.0000000000
8280 -653.0000000000
8285 -652.0000000000
8288 -651.0000000000
8310 -649.0000000000
8335 -648.0000000000
8339 -647.0000000000
8341 -646.0000000000
8353 -645.0000000000
8373 -644.0000000000
8379 -643.0000000000
8398 -642.0000000000
8429 -641.0000000000
8431 -640.0000000000
8440 -639.0000000000
8452 -638.0000000000
8471 -637.0000000000
8474 -636.0000000000
8480 -635.0000000000
8484 -634.0000000000
8506 -633.0000000000
8523 -632.0000000000
8525 -631.0000000000
8528 -630.0000000000
8538 -629.0000000000
8542 -628.0000000000
8555 -627.0000000000
8561 -626.0000000000
8562 -625.0000000000
8574 -624.0000000000
8586 -623.0000000000
8596 -621.0000000000
8607 -620.0000000000
8609 -619.0000000000
8615 -618.0000000000
8635 -617.0000000000
8642 -616.0000000000
8646 -615.0000000000
8659 -614.0000000000
8661 -613.0000000000
8665 -612.0000000000
8674 -611.0000000000
8692 -610.0000000000
8699 -609.0000000000
8773 -608.0000000000
8776 -607.0000000000
8826 -606.0000000000
8827 -605.0000000000
8828 -603.0000000000
8831 -602.0000000000
8839 -601.0000000000
8845 -600.0000000000
8846 -599.0000000000
8850 -598.0000000000
8858 -597.0000000000
8865 -596.0000000000
8884 -595.0000000000
8912 -594.0000000000
8922 -593.0000000000
8940 -592.0000000000
8941 -591.0000000000
8942 -590.0000000000
8965 -589.0000000000
8992 -588.0000000000
9000 -587.0000000000
9005 -585.0000000000
9026 -584.0000000000
9046 -583.0000000000
9061 -582.0000000000
9107 -581.0000000000
9152 -580.0000000000
9185 -579.0000000000
9197 -578.0000000000
9283 -577.0000000000
9299 -576.0000000000
9306 -575.0000000000
9315 -574.0000000000
9320 -573.0000000000
9389 -572.0000000000
9424 -571.0000000000
9436 -569.0000000000
9442 -568.0000000000
9444 -566.0000000000
9462 -565.0000000000
9465 -564.0000000000
9470 -563.0000000000
9494 -562.0000000000
9541 -561.0000000000
9545 -560.0000000000
9550 -559.0000000000
9556 -558.0000000000
9573 -557.0000000000
9601 -556.0000000000
9630 -554.0000000000
9634 -553.0000000000
9724 -552.0000000000
9739 -551.0000000000
9774 -550.0000000000
9780 -549.0000000000
9790 -548.0000000000
9807 -547.0000000000
9831 -546.0000000000
9857 -545.0000000000
9860 -544.0000000000
9863 -543.0000000000
9932 -542.0000000000
9934 -541.0000000000
9948 -540.0000000000
9962 -539.0000000000
10000 -539.0000000000
evaluations raw_y
1 -1992.0000000000
2 -1991.0000000000
3 -1990.0000000000
5 -1989.0000000000
23 -1988.0000000000
25 -1987.0000000000
31 -1986.0000000000
36 -1985.0000000000
37 -1983.0000000000
38 -1982.0000000000
44 -1981.0000000000
48 -1980.0000000000
49 -1979.0000000000
55 -1978.0000000000
60 -1976.0000000000
61 -1975.0000000000
63 -1974.0000000000
65 -1973.0000000000
73 -1971.0000000000
79 -1970.0000000000
86 -1969.0000000000
90 -1968.0000000000
96 -1967.0000000000
98 -1966.0000000000
100 -1964.0000000000
101 -1963.0000000000
104 -1962.0000000000
106 -1961.0000000000
112 -1959.0000000000
113 -1957.0000000000
115 -1955.0000000000
116 -1954.0000000000
124 -1953.0000000000
128 -1952.0000000000
131 -1951.0000000000
135 -1950.0000000000
137 -1948.0000000000
147 -1947.0000000000
157 -1946.0000000000
159 -1945.0000000000
160 -1944.0000000000
161 -1943.0000000000
163 -1942.0000000000
175 -1941.0000000000
177 -1940.0000000000
185 -1939.0000000000
192 -1937.0000000000
206 -1936.0000000000
209 -1935.0000000000
212 -1934.0000000000
214 -1933.0000000000
216 -1932.0000000000
222 -1931.0000000000
228 -1930.0000000000
232 -1929.0000000000
233 -1928.0000000000
235 -1927.0000000000
237 -1926.0000000000
239 -1925.0000000000
240 -1922.0000000000
247 -1921.0000000000
251 -1920.0000000000
252 -1919.0000000000
254 -1918.0000000000
256 -1917.0000000000
280 -1914.0000000000
287 -1912.0000000000
290 -1911.0000000000
292 -1910.0000000000
293 -1909.0000000000
297 -1908.0000000000
301 -1907.0000000000
307 -1906.0000000000
312 -1905.0000000000
316 -1904.0000000000
319 -1903.0000000000
321 -1901.0000000000
327 -1900.0000000000
330 -1899.0000000000
338 -1898.0000000000
343 -1897.0000000000
344 -1896.0000000000
350 -1895.0000000000
356 -1894.0000000000
362 -1893.0000000000
363 -1891.0000000000
366 -1889.0000000000
374 -1888.0000000000
375 -1887.0000000000
380 -1886.0000000000
383 -1885.0000000000
385 -1883.0000000000
387 -1880.0000000000
389 -1878.0000000000
393 -1877.0000000000
394 -1876.0000000000
396 -1875.0000000000
397 -1873.0000000000
403 -1871.0000000000
407 -1870.0000000000
410 -1869.0000000000
415 -1868.0000000000
417 -1866.0000000000
422 -1865.0000000000
423 -1864.0000000000
425 -1863.0000000000
426 -1861.0000000000
428 -1860.0000000000
433 -1858.0000000000
437 -1856.0000000000
440 -1855.0000000000
442 -1854.0000000000
443 -1853.0000000000
446 -1852.0000000000
455 -1851.0000000000
456 -1850.0000000000
461 -1849.0000000000
462 -1848.0000000000
465 -1847.0000000000
468 -1846.0000000000
478 -1845.0000000000
482 -1844.0000000000
485 -1843.0000000000
491 -1842.0000000000
500 -1841.0000000000
507 -1840.0000000000
513 -1839.0000000000
517 -1838.0000000000
518 -1837.0000000000
532 -1836.0000000000
533 -1835.0000000000
539 -1834.0000000000
541 -1833.0000000000
551 -1832.0000000000
564 -1831.0000000000
580 -1830.0000000000
586 -1829.0000000000
594 -1828.0000000000
596 -1827.0000000000
607 -1826.0000000000
608 -1825.0000000000
614 -1824.0000000000
617 -1823.0000000000
622 -1822.0000000000
624 -1821.0000000000
637 -1820.0000000000
638 -1819.0000000000
641 -1818.0000000000
645 -1817.0000000000
649 -1816.0000000000
654 -1815.0000000000
657 -1814.0000000000
660 -1812.0000000000
663 -1811.0000000000
674 -1809.0000000000
682 -1808.0000000000
685 -1807.0000000000
689 -1806.0000000000
697 -1805.0000000000
710 -1804.0000000000
715 -1801.0000000000
725 -1800.0000000000
727 -1799.0000000000
729 -1798.0000000000
733 -1797.0000000000
734 -1795.0000000000
735 -1794.0000000000
736 -1793.0000000000
738 -1792.0000000000
748 -1791.0000000000
751 -1790.0000000000
752 -1787.0000000000
754 -1786.0000000000
764 -1784.0000000000
765 -1783.0000000000
770 -1782.0000000000
778 -1781.0000000000
779 -1780.0000000000
783 -1779.0000000000
787 -1778.0000000000
788 -1777.0000000000
792 -1775.0000000000
799 -1774.0000000000
802 -1773.0000000000
804 -1772.0000000000
808 -1771.0000000000
809 -1770.0000000000
811 -1769.0000000000
815 -1768.0000000000
817 -1767.0000000000
819 -1766.0000000000
823 -1765.0000000000
824 -1764.0000000000
828 -1763.0000000000
829 -1761.0000000000
835 -1759.0000000000
837 -1757.0000000000
841 -1755.0000000000
846 -1754.0000000000
847 -1753.0000000000
848 -1751.0000000000
860 -1750.0000000000
862 -1749.0000000000
866 -1748.0000000000
868 -1747.0000000000
869 -1746.0000000000
874 -1744.0000000000
878 -1743.0000000000
883 -1740.0000000000
885 -1739.0000000000
893 -1737.0000000000
898 -1736.0000000000
910 -1735.0000000000
912 -1734.0000000000
916 -1733.0000000000
917 -1732.0000000000
922 -1731.0000000000
924 -1729.0000000000
925 -1728.0000000000
928 -1726.0000000000
950 -1725.0000000000
954 -1724.0000000000
958 -1723.0000000000
962 -1721.0000000000
966 -1720.0000000000
968 -1719.0000000000
985 -1718.0000000000
989 -1717.0000000000
994 -1716.0000000000
998 -1715.0000000000
1005 -1713.0000000000
1013 -1711.0000000000
1016 -1710.0000000000
1019 -1707.0000000000
1020 -1706.0000000000
1023 -1705.0000000000
1025 -1704.0000000000
1048 -1703.0000000000
1051 -1702.0000000000
1056 -1701.0000000000
1060 -1699.0000000000
1061 -1697.0000000000
1064 -1695.0000000000
1072 -1694.0000000000
1077 -1692.0000000000
1082 -1691.0000000000
1085 -1690.0000000000
1089 -1689.0000000000
1092 -1686.0000000000
1096 -1684.0000000000
1098 -1683.0000000000
1099 -1682.0000000000
1100 -1681.0000000000
1110 -1678.0000000000
1112 -1677.0000000000
1113 -1676.0000000000
1115 -1675.0000000000
1121 -1673.0000000000
1124 -1672.0000000000
1125 -1671.0000000000
1133 -1670.0000000000
1145 -1669.0000000000
1146 -1668.0000000000
1152 -1667.0000000000
1153 -1666.0000000000
1156 -1664.0000000000
1157 -1663.0000000000
1161 -1662.0000000000
1172 -1661.0000000000
1180 -1660.0000000000
1181 -1658.0000000000
1183 -1656.0000000000
1186 -1654.0000000000
1191 -1653.0000000000
1207 -1652.0000000000
1209 -1651.0000000000
1210 -1649.0000000000
1211 -1647.0000000000
1214 -1646.0000000000
1220 -1645.0000000000
1221 -1644.0000000000
1222 -1642.0000000000
1231 -1640.0000000000
1233 -1639.0000000000
1234 -1638.0000000000
1248 -1637.0000000000
1249 -1635.0000000000
1257 -1634.0000000000
1261 -1632.0000000000
1271 -1631.0000000000
1273 -1630.0000000000
1281 -1629.0000000000
1285 -1628.0000000000
1301 -1627.0000000000
1311 -1626.0000000000
1316 -1625.0000000000
1320 -1624.0000000000
1322 -1623.0000000000
1325 -1622.0000000000
1329 -1621.0000000000
1330 -1620.0000000000
1334 -1619.0000000000
1337 -1618.0000000000
1339 -1617.0000000000
1348 -1616.0000000000
1351 -1615.0000000000
1371 -1614.0000000000
1374 -1613.0000000000
1377 -1612.0000000000
1381 -1611.0000000000
1383 -1610.0000000000
1384 -1609.0000000000
1396 -1608.0000000000
1400 -1607.0000000000
1401 -1606.0000000000
1403 -1605.0000000000
1418 -1604.0000000000
1423 -1603.0000000000
1432 -1602.0000000000
1434 -1600.0000000000
1438 -1599.0000000000
1453 -1598.0000000000
1455 -1597.0000000000
1464 -1596.0000000000
1468 -1595.0000000000
1471 -1594.0000000000
1474 -1593.0000000000
1487 -1591.0000000000
1489 -1590.0000000000
1494 -1589.0000000000
1495 -1587.0000000000
1501 -1585.0000000000
1508 -1583.0000000000
1520 -1581.0000000000
1523 -1580.0000000000
1525 -1579.0000000000
1527 -1578.0000000000
1528 -1577.0000000000
1529 -1576.0000000000
1538 -1575.0000000000
1545 -1574.0000000000
1549 -1573.0000000000
1555 -1572.0000000000
1556 -1571.0000000000
1566 -1570.0000000000
1583 -1569.0000000000
1584 -1568.0000000000
1590 -1567.0000000000
1594 -1566.0000000000
1596 -1565.0000000000
1597 -1563.0000000000
1608 -1562.0000000000
1609 -1561.0000000000
1612 -1560.0000000000
1613 -1558.0000000000
1614 -1557.0000000000
1615 -1556.0000000000
1616 -1555.0000000000
1618 -1554.0000000000
1621 -1553.0000000000
1622 -1552.0000000000
1623 -1550.0000000000
1641 -1549.0000000000
1648 -1548.0000000000
1660 -1547.0000000000
1661 -1546.0000000000
1669 -1545.0000000000
1675 -1544.0000000000
1678 -1543.0000000000
1683 -1542.0000000000
1686 -1541.0000000000
1693 -1540.0000000000
1696 -1539.0000000000
1703 -1537.0000000000
1709 -1536.0000000000
1710 -1535.0000000000
1711 -1534.0000000000
1723 -1533.0000000000
1724 -1532.0000000000
1730 -1531.0000000000
1734 -1530.0000000000
1739 -1529.0000000000
1746 -1528.0000000000
1749 -1527.0000000000
1761 -1526.0000000000
1762 -1525.0000000000
1764 -1524.0000000000
1769 -1523.0000000000
1781 -1522.0000000000
1790 -1521.0000000000
1792 -1520.0000000000
1798 -1519.0000000000
1801 -1518.0000000000
1811 -1517.0000000000
1812 -1516.0000000000
1817 -1515.0000000000
1820 -1514.0000000000
1824 -1513.0000000000
1827 -1511.0000000000
1832 -1510.0000000000
1858 -1509.0000000000
1861 -1508.0000000000
1865 -1507.0000000000
1873 -1506.0000000000
1877 -1505.0000000000
1886 -1504.0000000000
1888 -1503.0000000000
1896 -1502.0000000000
1900 -1501.0000000000
1903 -1499.0000000000
1909 -1498.0000000000
1910 -1497.0000000000
1912 -1496.0000000000
1914 -1494.0000000000
1922 -1493.0000000000
1946 -1492.0000000000
1952 -1490.0000000000
1960 -1489.0000000000
1973 -1488.0000000000
1980 -1486.0000000000
1981 -1485.0000000000
1992 -1484.0000000000
1995 -1483.0000000000
1996 -1481.0000000000
1998 -1480.0000000000
2001 -1479.0000000000
2004 -1478.0000000000
2017 -1476.0000000000
2023 -1475.0000000000
2028 -1474.0000000000
2032 -1472.0000000000
2034 -1471.0000000000
2038 -1469.0000000000
2044 -1467.0000000000
2060 -1466.0000000000
2063 -1465.0000000000
2070 -1464.0000000000
2077 -1463.0000000000
2085 -1462.0000000000
2087 -1461.0000000000
2101 -1459.0000000000
2106 -1458.0000000000
2111 -1457.0000000000
2129 -1455.0000000000
2130 -1454.0000000000
2143 -1452.0000000000
2149 -1451.0000000000
2150 -1450.0000000000
2153 -1449.0000000000
2154 -1448.0000000000
2164 -1447.0000000000
2175 -1446.0000000000
2176 -1445.0000000000
2184 -1444.0000000000
2200 -1442.0000000000
2201 -1441.0000000000
2208 -1439.0000000000
2209 -1438.0000000000
2215 -1437.0000000000
2216 -1436.0000000000
2217 -1435.0000000000
2222 -1433.0000000000
2223 -1432.0000000000
2233 -1431.0000000000
2236 -1429.0000000000
2241 -1428.0000000000
2243 -1427.0000000000
2257 -1426.0000000000
2262 -1425.0000000000
2263 -1423.0000000000
2272 -1422.0000000000
2273 -1420.0000000000
2275 -1418.0000000000
2276 -1417.0000000000
2282 -1416.0000000000
2288 -1415.0000000000
2289 -1413.0000000000
2298 -1412.0000000000
2321 -1411.0000000000
2330 -1410.0000000000
2342 -1409.0000000000
2353 -1408.0000000000
2355 -1406.0000000000
2365 -1404.0000000000
2366 -1403.0000000000
2370 -1402.0000000000
2372 -1401.0000000000
2380 -1399.0000000000
2398 -1398.0000000000
2407 -1397.0000000000
2408 -1395.0000000000
2413 -1394.0000000000
2419 -1393.0000000000
2421 -1392.0000000000
2422 -1390.0000000000
2425 -1389.0000000000
2432 -1387.0000000000
2442 -1385.0000000000
2445 -1384.0000000000
2454 -1383.0000000000
2461 -1382.0000000000
2462 -1381.0000000000
2465 -1380.0000000000
2467 -1379.0000000000
2472 -1378.0000000000
2485 -1377.0000000000
2487 -1376.0000000000
2489 -1375.0000000000
2491 -1374.0000000000
2498 -1373.0000000000
2506 -1372.0000000000
2511 -1370.0000000000
2520 -1369.0000000000
2524 -1368.0000000000
2531 -1367.0000000000
2538 -1366.0000000000
2540 -1365.0000000000
2547 -1364.0000000000
2548 -1363.0000000000
2550 -1361.0000000000
2559 -1360.0000000000
2562 -1359.0000000000
2576 -1358.0000000000
2584 -1357.0000000000
2587 -1356.0000000000
2590 -1355.0000000000
2594 -1354.0000000000
2603 -1353.0000000000
2608 -1352.0000000000
2618 -1351.0000000000
2624 -1350.0000000000
2628 -1349.0000000000
2629 -1348.0000000000
2631 -1347.0000000000
2636 -1346.0000000000
2641 -1345.0000000000
2647 -1342.0000000000
2656 -1341.0000000000
2658 -1340.0000000000
2660 -1339.0000000000
2686 -1338.0000000000
2687 -1337.0000000000
2704 -1336.0000000000
2708 -1335.0000000000
2710 -1334.0000000000
2713 -1332.0000000000
2715 -1331.0000000000
2724 -1330.0000000000
2735 -1329.0000000000
2736 -1328.0000000000
2739 -1327.0000000000
2742 -1326.0000000000
2747 -1325.0000000000
2752 -1324.0000000000
2755 -1323.0000000000
2757 -1322.0000000000
2758 -1321.0000000000
2762 -1320.0000000000
2764 -1319.0000000000
2772 -1318.0000000000
2784 -1317.0000000000
2803 -1316.0000000000
2804 -1314.0000000000
2811 -1313.0000000000
2817 -1311.0000000000
2824 -1310.0000000000
2826 -1309.0000000000
2831 -1308.0000000000
2833 -1307.0000000000
2844 -1306.0000000000
2845 -1304.0000000000
2846 -1303.0000000000
2860 -1302.0000000000
2862 -1301.0000000000
2864 -1300.0000000000
2865 -1298.0000000000
2871 -1297.0000000000
2875 -1296.0000000000
2878 -1294.0000000000
2882 -1293.0000000000
2894 -1292.0000000000
2895 -1291.0000000000
2915 -1289.0000000000
2920 -1288.0000000000
2921 -1286.0000000000
2930 -1285.0000000000
2935 -1284.0000000000
2936 -1283.0000000000
2949 -1282.0000000000
2952 -1281.0000000000
2953 -1280.0000000000
2956 -1279.0000000000
2966 -1277.0000000000
2973 -1276.0000000000
2974 -1275.0000000000
2976 -1274.0000000000
2984 -1273.0000000000
2995 -1272.0000000000
2999 -1271.0000000000
3000 -1270.0000000000
3002 -1268.0000000000
3005 -1267.0000000000
3009 -1266.0000000000
3014 -1265.0000000000
3019 -1263.0000000000
3029 -1262.0000000000
3031 -1261.0000000000
3033 -1260.0000000000
3038 -1259.0000000000
3040 -1258.0000000000
3059 -1257.0000000000
3066 -1255.0000000000
3067 -1254.0000000000
3068 -1253.0000000000
3069 -1252.0000000000
3071 -1251.0000000000
3079 -1249.0000000000
3089 -1248.0000000000
3098 -1247.0000000000
3102 -1246.0000000000
3108 -1244.0000000000
3139 -1241.0000000000
3145 -1240.0000000000
3152 -1239.0000000000
3155 -1238.0000000000
3160 -1237.0000000000
3170 -1236.0000000000
3180 -1235.0000000000
3186 -1234.0000000000
3193 -1233.0000000000
3195 -1232.0000000000
3201 -1231.0000000000
3203 -1230.0000000000
3204 -1229.0000000000
3220 -1228.0000000000
3221 -1227.0000000000
3223 -1226.0000000000
3228 -1225.0000000000
3231 -1224.0000000000
3234 -1223.0000000000
3237 -1222.0000000000
3240 -1221.0000000000
3245 -1220.0000000000
3246 -1219.0000000000
3263 -1218.0000000000
3269 -1217.0000000000
3270 -1216.0000000000
3275 -1214.0000000000
3279 -1213.0000000000
3282 -1211.0000000000
3288 -1210.0000000000
3304 -1208.0000000000
3312 -1207.0000000000
3323 -1206.0000000000
3325 -1205.0000000000
3340 -1203.0000000000
3349 -1202.0000000000
3351 -1201.0000000000
3364 -1200.0000000000
3365 -1199.0000000000
3374 -1198.0000000000
3383 -1197.0000000000
3390 -1196.0000000000
3415 -1195.0000000000
3420 -1194.0000000000
3428 -1193.0000000000
3430 -1192.0000000000
3432 -1191.0000000000
3434 -1188.0000000000
3439 -1187.0000000000
3446 -1186.0000000000
3463 -1185.0000000000
3471 -1184.0000000000
3476 -1183.0000000000
3489 -1182.0000000000
3491 -1181.0000000000
3512 -1180.0000000000
3518 -1179.0000000000
3523 -1178.0000000000
3524 -1177.0000000000
3537 -1176.0000000000
3539 -1175.0000000000
3542 -1174.0000000000
3547 -1173.0000000000
3548 -1172.0000000000
3553 -1170.0000000000
3576 -1169.0000000000
3578 -1168.0000000000
3599 -1167.0000000000
3617 -1166.0000000000
3619 -1165.0000000000
3621 -1163.0000000000
3623 -1162.0000000000
3624 -1161.0000000000
3628 -1160.0000000000
3640 -1159.0000000000
3644 -1158.0000000000
3648 -1157.0000000000
3652 -1155.0000000000
3660 -1154.0000000000
3664 -1153.0000000000
3670 -1152.0000000000
3685 -1150.0000000000
3712 -1148.0000000000
3725 -1147.0000000000
3749 -1146.0000000000
3759 -1145.0000000000
3760 -1143.0000000000
3761 -1142.0000000000
3773 -1141.0000000000
3774 -1140.0000000000
3777 -1139.0000000000
3781 -1137.0000000000
3782 -1135.0000000000
3788 -1134.0000000000
3803 -1133.0000000000
3804 -1132.0000000000
3819 -1131.0000000000
3828 -1130.0000000000
3833 -1129.0000000000
3853 -1128.0000000000
3874 -1127.0000000000
3885 -1126.0000000000
3887 -1125.0000000000
3895 -1124.0000000000
3902 -1123.0000000000
3914 -1122.0000000000
3918 -1121.0000000000
3924 -1120.0000000000
3925 -1118.0000000000
3936 -1117.0000000000
3937 -1116.0000000000
3942 -1115.0000000000
3944 -1114.0000000000
3945 -1113.0000000000
3947 -1112.0000000000
3952 -1111.0000000000
3957 -1110.0000000000
3965 -1109.0000000000
3968 -1108.0000000000
3969 -1107.0000000000
3977 -1106.0000000000
3980 -1105.0000000000
4016 -1104.0000000000
4035 -1103.0000000000
4045 -1102.0000000000
4047 -1101.0000000000
4053 -1100.0000000000
4054 -1099.0000000000
4057 -1098.0000000000
4074 -1096.0000000000
4075 -1095.0000000000
4077 -1094.0000000000
4078 -1093.0000000000
4105 -1092.0000000000
4131 -1091.0000000000
4132 -1090.0000000000
4135 -1089.0000000000
4141 -1088.0000000000
4167 -1087.0000000000
4169 -1086.0000000000
4175 -1084.0000000000
4176 -1083.0000000000
4177 -1082.0000000000
4182 -1081.0000000000
4187 -1080.0000000000
4190 -1079.0000000000
4195 -1078.0000000000
4200 -1077.0000000000
4201 -1075.0000000000
4206 -1074.0000000000
4235 -1073.0000000000
4240 -1072.0000000000
4241 -1071.0000000000
4244 -1070.0000000000
4256 -1069.0000000000
4277 -1068.0000000000
4281 -1067.0000000000
4285 -1066.0000000000
4299 -1065.0000000000
4306 -1063.0000000000
4309 -1062.0000000000
4314 -1061.0000000000
4334 -1060.0000000000
4340 -1059.0000000000
4359 -1058.0000000000
4364 -1057.0000000000
4366 -1056.0000000000
4394 -1055.0000000000
4398 -1054.0000000000
4405 -1053.0000000000
4438 -1052.0000000000
4441 -1051.0000000000
4445 -1050.0000000000
4447 -1048.0000000000
4451 -1047.0000000000
4458 -1046.0000000000
4466 -1045.0000000000
4467 -1044.0000000000
4470 -1043.0000000000
4476 -1042.0000000000
4477 -1041.0000000000
4479 -1040.0000000000
4481 -1039.0000000000
4484 -1037.0000000000
4498 -1036.0000000000
4510 -1034.0000000000
4515 -1033.0000000000
4521 -1032.0000000000
4543 -1031.0000000000
4546 -1030.0000000000
4550 -1029.0000000000
4560 -1028.0000000000
4564 -1027.0000000000
4580 -1026.0000000000
4592 -1025.0000000000
4609 -1024.0000000000
4614 -1023.0000000000
4615 -1022.0000000000
4618 -1021.0000000000
4622 -1020.0000000000
4631 -1019.0000000000
4633 -1018.0000000000
4637 -1016.0000000000
4643 -1015.0000000000
4656 -1014.0000000000
4667 -1013.0000000000
4669 -1012.0000000000
4676 -1011.0000000000
4679 -1010.0000000000
4695 -1009.0000000000
4702 -1008.0000000000
4711 -1007.0000000000
4726 -1006.0000000000
4729 -1005.0000000000
4741 -1003.0000000000
4742 -1002.0000000000
4758 -1001.0000000000
4771 -1000.0000000000
4789 -999.0000000000
4808 -998.0000000000
4820 -997.0000000000
4830 -996.0000000000
4834 -995.0000000000
4853 -994.0000000000
4865 -993.0000000000
4888 -992.0000000000
4892 -991.0000000000
4894 -990.0000000000
4898 -989.0000000000
4922 -986.0000000000
4936 -985.0000000000
4965 -984.0000000000
4971 -983.0000000000
4972 -982.0000000000
4973 -981.0000000000
4976 -980.0000000000
4978 -979.0000000000
4983 -978.0000000000
5003 -977.0000000000
5006 -976.0000000000
5020 -975.0000000000
5021 -974.0000000000
5022 -973.0000000000
5032 -972.0000000000
5039 -971.0000000000
5044 -970.0000000000
5048 -969.0000000000
5056 -968.0000000000
5075 -966.0000000000
5109 -964.0000000000
5115 -963.0000000000
5123 -962.0000000000
5137 -961.0000000000
5138 -960.0000000000
5145 -959.0000000000
5148 -958.0000000000
5154 -957.0000000000
5159 -956.0000000000
5170 -954.0000000000
5172 -953.0000000000
5175 -952.0000000000
5177 -951.0000000000
5187 -950.0000000000
5191 -949.0000000000
5196 -948.0000000000
5201 -947.0000000000
5204 -946.0000000000
5215 -945.0000000000
5242 -944.0000000000
5244 -943.0000000000
5278 -941.0000000000
5317 -940.0000000000
5346 -939.0000000000
5353 -938.0000000000
5354 -937.0000000000
5366 -936.0000000000
5378 -935.0000000000
5397 -934.0000000000
5398 -933.0000000000
5401 -932.0000000000
5407 -931.0000000000
5411 -929.0000000000
5412 -928.0000000000
5415 -927.0000000000
5425 -926.0000000000
5430 -925.0000000000
5442 -923.0000000000
5444 -922.0000000000
5462 -920.0000000000
5468 -919.0000000000
5472 -918.0000000000
5476 -917.0000000000
5486 -916.0000000000
5493 -915.0000000000
5499 -914.0000000000
5510 -913.0000000000
5524 -912.0000000000
5528 -911.0000000000
5531 -910.0000000000
5535 -909.0000000000
5560 -908.0000000000
5576 -906.0000000000
5580 -904.0000000000
5612 -903.0000000000
5627 -902.0000000000
5631 -901.0000000000
5632 -900.0000000000
5633 -899.0000000000
5663 -898.0000000000
5665 -897.0000000000
5669 -896.0000000000
5690 -895.0000000000
5691 -894.0000000000
5707 -893.0000000000
5718 -892.0000000000
5719 -891.0000000000
5736 -890.0000000000
5760 -889.0000000000
5764 -888.0000000000
5770 -887.0000000000
5772 -886.0000000000
5786 -885.0000000000
5789 -884.0000000000
5791 -883.0000000000
5803 -882.0000000000
5808 -881.0000000000
5818 -879.0000000000
5829 -878.0000000000
5832 -877.0000000000
5834 -876.0000000000
5835 -875.0000000000
5838 -874.0000000000
5846 -873.0000000000
5853 -871.0000000000
5868 -870.0000000000
5886 -869.0000000000
5898 -868.0000000000
5899 -867.0000000000
5911 -866.0000000000
5912 -864.0000000000
5930 -863.0000000000
5936 -862.0000000000
5954 -861.0000000000
5969 -860.0000000000
5981 -858.0000000000
5988 -857.0000000000
5989 -855.0000000000
6037 -854.0000000000
6064 -853.0000000000
6070 -852.0000000000
6082 -851.0000000000
6088 -850.0000000000
6097 -849.0000000000
6127 -848.0000000000
6131 -847.0000000000
6146 -846.0000000000
6180 -845.0000000000
6181 -844.0000000000
6187 -843.0000000000
6188 -840.0000000000
6199 -839.0000000000
6218 -836.0000000000
6231 -835.0000000000
6234 -834.0000000000
6253 -833.0000000000
6271 -832.0000000000
6284 -831.0000000000
6287 -830.0000000000
6297 -829.0000000000
6330 -828.0000000000
6332 -826.0000000000
6337 -825.0000000000
6349 -824.0000000000
6365 -823.0000000000
6388 -822.0000000000
6407 -821.0000000000
6409 -820.0000000000
6429 -819.0000000000
6437 -818.0000000000
6472 -817.0000000000
6482 -816.0000000000
6484 -815.0000000000
6528 -814.0000000000
6535 -813.0000000000
6544 -812.0000000000
6559 -811.0000000000
6564 -810.0000000000
6575 -809.0000000000
6586 -808.0000000000
6592 -806.0000000000
6596 -805.0000000000
6623 -804.0000000000
6662 -803.0000000000
6673 -802.0000000000
6676 -801.0000000000
6683 -800.0000000000
6709 -799.0000000000
6712 -798.0000000000
6719 -797.0000000000
6722 -796.0000000000
6727 -795.0000000000
6744 -794.0000000000
6747 -793.0000000000
6771 -792.0000000000
6777 -791.0000000000
6783 -790.0000000000
6789 -789.0000000000
6800 -788.0000000000
6815 -787.0000000000
6824 -786.0000000000
6836 -785.0000000000
6842 -784.0000000000
6844 -783.0000000000
6859 -782.0000000000
6863 -781.0000000000
6880 -780.0000000000
6902 -779.0000000000
6906 -778.0000000000
6929 -777.0000000000
6941 -776.0000000000
6956 -775.0000000000
6964 -774.0000000000
6966 -773.0000000000
6972 -772.0000000000
6981 -771.0000000000
6983 -770.0000000000
6984 -769.0000000000
7000 -768.0000000000
7017 -767.0000000000
7018 -765.0000000000
7021 -764.0000000000
7031 -763.0000000000
7043 -762.0000000000
7044 -761.0000000000
7045 -760.0000000000
7059 -758.0000000000
7071 -757.0000000000
7100 -756.0000000000
7105 -755.0000000000
7107 -754.0000000000
7111 -753.0000000000
7126 -752.0000000000
7130 -751.0000000000
7131 -750.0000000000
7157 -749.0000000000
7170 -748.0000000000
7180 -747.0000000000
7182 -746.0000000000
7184 -745.0000000000
7205 -744.0000000000
7212 -743.0000000000
7213 -742.0000000000
7214 -741.0000000000
7223 -740.0000000000
7231 -739.0000000000
7241 -738.0000000000
7246 -737.0000000000
7250 -736.0000000000
7255 -735.0000000000
7260 -734.0000000000
7267 -733.0000000000
7276 -732.0000000000
7294 -731.0000000000
7295 -730.0000000000
7315 -729.0000000000
7331 -728.0000000000
7333 -727.0000000000
7340 -726.0000000000
7370 -725.0000000000
7382 -724.0000000000
7384 -723.0000000000
7385 -722.0000000000
7386 -721.0000000000
7388 -720.0000000000
7393 -719.0000000000
7446 -718.0000000000
7458 -717.0000000000
7472 -716.0000000000
7476 -715.0000000000
7493 -713.0000000000
7499 -712.0000000000
7518 -710.0000000000
7533 -709.0000000000
7534 -708.0000000000
7537 -707.0000000000
7540 -706.0000000000
7545 -705.0000000000
7551 -704.0000000000
7571 -703.0000000000
7578 -702.0000000000
7589 -701.0000000000
7609 -700.0000000000
7610 -699.0000000000
7612 -698.0000000000
7643 -696.0000000000
7657 -695.0000000000
7660 -694.0000000000
7676 -693.0000000000
7679 -692.0000000000
7681 -691.0000000000
7693 -690.0000000000
7768 -689.0000000000
7772 -688.0000000000
7789 -687.0000000000
7808 -686.0000000000
7823 -685.0000000000
7828 -684.0000000000
7829 -683.0000000000
7834 -682.0000000000
7854 -681.0000000000
7858 -680.0000000000
7860 -679.0000000000
7862 -678.0000000000
7868 -677.0000000000
7884 -676.0000000000
7892 -675.0000000000
7902 -674.0000000000
7909 -673.0000000000
7918 -672.0000000000
7933 -671.0000000000
7957 -670.0000000000
7978 -669.0000000000
7982 -668.0000000000
7983 -667.0000000000
7986 -666.0000000000
8023 -665.0000000000
8025 -664.0000000000
8030 -663.0000000000
8052 -662.0000000000
8062 -660.0000000000
8066 -659.0000000000
8074 -658.0000000000
8077 -656.0000000000
8094 -655.0000000000
8099 -654.0000000000
8109 -653.0000000000
8129 -652.0000000000
8144 -651.0000000000
8158 -650.0000000000
8159 -649.0000000000
8184 -648.0000000000
8197 -647.0000000000
8199 -646.0000000000
8203 -645.0000000000
8220 -644.0000000000
8242 -643.0000000000
8246 -642.0000000000
8251 -641.0000000000
8253 -640.0000000000
8254 -639.0000000000
8260 -638.0000000000
8262 -637.0000000000
8264 -636.0000000000
8268 -635.0000000000
8283 -634.0000000000
8313 -633.0000000000
8342 -632.0000000000
8349 -631.0000000000
8365 -630.0000000000
8369 -629.0000000000
8382 -628.0000000000
8386 -627.0000000000
8390 -626.0000000000
8420 -625.0000000000
8436 -624.0000000000
8457 -623.0000000000
8458 -622.0000000000
8463 -621.0000000000
8479 -620.0000000000
8498 -619.0000000000
8503 -618.0000000000
8517 -617.0000000000
8574 -616.0000000000
8580 -615.0000000000
8584 -614.0000000000
8594 -613.0000000000
8600 -612.0000000000
8612 -611.0000000000
8628 -610.0000000000
8653 -609.0000000000
8662 -608.0000000000
8668 -607.0000000000
8688 -606.0000000000
8691 -605.0000000000
8692 -604.0000000000
8706 -603.0000000000
8733 -602.0000000000
8735 -600.0000000000
8740 -599.0000000000
8758 -598.0000000000
8775 -597.0000000000
8813 -596.0000000000
8816 -595.0000000000
8822 -594.0000000000
8827 -593.0000000000
8831 -592.0000000000
8833 -591.0000000000
8853 -590.0000000000
8864 -589.0000000000
8868 -588.0000000000
8874 -587.0000000000
8879 -586.0000000000
8880 -585.0000000000
8882 -584.0000000000
8884 -583.0000000000
8888 -582.0000000000
8902 -581.0000000000
8906 -580.0000000000
8920 -579.0000000000
8929 -578.0000000000
8943 -577.0000000000
8946 -575.0000000000
8982 -574.0000000000
9025 -573.0000000000
9053 -571.0000000000
9087 -570.0000000000
9102 -569.0000000000
9111 -568.0000000000
9144 -567.0000000000
9151 -566.0000000000
9165 -565.0000000000
9184 -564.0000000000
9185 -562.0000000000
9219 -561.0000000000
9223 -560.0000000000
9271 -559.0000000000
9288 -558.0000000000
9291 -557.0000000000
9292 -556.0000000000
9307 -555.0000000000
9325 -554.0000000000
9342 -553.0000000000
9387 -552.0000000000
9400 -551.0000000000
9409 -550.0000000000
9417 -549.0000000000
9418 -548.0000000000
9430 -547.0000000000
9449 -546.0000000000
9452 -544.0000000000
9458 -543.0000000000
9461 -542.0000000000
9466 -540.0000000000
9470 -539.0000000000
9502 -538.0000000000
9510 -537.0000000000
9511 -536.0000000000
9552 -535.0000000000
9556 -534.0000000000
9564 -533.0000000000
9586 -532.0000000000
9588 -531.0000000000
9590 -530.0000000000
9629 -529.0000000000
9650 -528.0000000000
9696 -527.0000000000
9716 -526.0000000000
9726 -525.0000000000
9764 -524.0000000000
9771 -523.0000000000
9779 -522.0000000000
9811 -521.0000000000
9817 -520.0000000000
9831 -519.0000000000
9845 -518.0000000000
9850 -517.0000000000
9880 -515.0000000000
9925 -514.0000000000
9927 -513.0000000000
9928 -512.0000000000
9946 -511.0000000000
9956 -510.0000000000
9965 -509.0000000000
10000 -509.0000000000
evaluations raw_y
1 -2037.0000000000
4 -2036.0000000000
7 -2034.0000000000
11 -2033.0000000000
13 -2031.0000000000
16 -2030.0000000000
17 -2025.0000000000
20 -2024.0000000000
21 -2023.0000000000
22 -2022.0000000000
23 -2021.0000000000
24 -2020.0000000000
28 -2019.0000000000
29 -2018.0000000000
30 -2017.0000000000
36 -2016.0000000000
37 -2015.0000000000
43 -2014.0000000000
45 -2013.0000000000
62 -2012.0000000000
66 -2011.0000000000
78 -2010.0000000000
79 -2007.0000000000
81 -2006.0000000000
83 -2005.0000000000
93 -2003.0000000000
100 -2002.0000000000
112 -2001.0000000000
114 -1998.0000000000
116 -1996.0000000000
125 -1995.0000000000
128 -1994.0000000000
135 -1993.0000000000
137 -1992.0000000000
141 -1991.0000000000
143 -1990.0000000000
149 -1989.0000000000
152 -1988.0000000000
161 -1987.0000000000
169 -1986.0000000000
171 -1984.0000000000
172 -1983.0000000000
179 -1982.0000000000
180 -1981.0000000000
183 -1980.0000000000
184 -1979.0000000000
191 -1977.0000000000
193 -1975.0000000000
194 -1974.0000000000
200 -1973.0000000000
201 -1972.0000000000
205 -1971.0000000000
213 -1970.0000000000
216 -1969.0000000000
229 -1968.0000000000
231 -1967.0000000000
233 -1965.0000000000
236 -1964.0000000000
237 -1963.0000000000
256 -1961.0000000000
258 -1960.0000000000
261 -1959.0000000000
262 -1958.0000000000
264 -1956.0000000000
267 -1955.0000000000
269 -1954.0000000000
272 -1953.0000000000
277 -1952.0000000000
279 -1951.0000000000
282 -1950.0000000000
290 -1949.0000000000
293 -1947.0000000000
295 -1945.0000000000
299 -1944.0000000000
304 -1943.0000000000
305 -1942.0000000000
312 -1941.0000000000
324 -1940.0000000000
326 -1939.0000000000
331 -1938.0000000000
339 -1936.0000000000
342 -1934.0000000000
350 -1933.0000000000
352 -1932.0000000000
357 -1931.0000000000
360 -1930.0000000000
361 -1927.0000000000
362 -1924.0000000000
365 -1922.0000000000
367 -1920.0000000000
368 -1919.0000000000
379 -1918.0000000000
382 -1917.0000000000
384 -1916.0000000000
395 -1914.0000000000
396 -1913.0000000000
399 -1912.0000000000
403 -1909.0000000000
404 -1908.0000000000
412 -1906.0000000000
417 -1905.0000000000
422 -1904.0000000000
428 -1903.0000000000
432 -1902.0000000000
434 -1901.0000000000
438 -1900.0000000000
442 -1899.0000000000
443 -1898.0000000000
449 -1896.0000000000
452 -1895.0000000000
458 -1894.0000000000
459 -1893.0000000000
460 -1892.0000000000
461 -1891.0000000000
462 -1890.0000000000
479 -1889.0000000000
480 -1886.0000000000
488 -1885.0000000000
489 -1884.0000000000
496 -1883.0000000000
498 -1881.0000000000
500 -1880.0000000000
501 -1879.0000000000
502 -1878.0000000000
506 -1877.0000000000
508 -1876.0000000000
509 -1875.0000000000
520 -1874.0000000000
521 -1873.0000000000
531 -1871.0000000000
532 -1870.0000000000
539 -1869.0000000000
549 -1868.0000000000
550 -1864.0000000000
555 -1863.0000000000
560 -1862.0000000000
563 -1861.0000000000
564 -1859.0000000000
566 -1857.0000000000
570 -1856.0000000000
572 -1855.0000000000
576 -1854.0000000000
577 -1853.0000000000
579 -1852.0000000000
581 -1851.0000000000
582 -1850.0000000000
589 -1848.0000000000
590 -1847.0000000000
602 -1845.0000000000
605 -1844.0000000000
614 -1843.0000000000
618 -1842.0000000000
632 -1841.0000000000
633 -1840.0000000000
636 -1838.0000000000
638 -1837.0000000000
639 -1836.0000000000
652 -1835.0000000000
654 -1833.0000000000
663 -1832.0000000000
666 -1830.0000000000
667 -1829.0000000000
668 -1828.0000000000
669 -1827.0000000000
670 -1826.0000000000
673 -1825.0000000000
675 -1824.0000000000
680 -1823.0000000000
684 -1821.0000000000
686 -1820.0000000000
687 -1819.0000000000
689 -1817.0000000000
696 -1816.0000000000
702 -1815.0000000000
703 -1814.0000000000
707 -1813.0000000000
708 -1812.0000000000
713 -1811.0000000000
716 -1810.0000000000
719 -1808.0000000000
726 -1807.0000000000
734 -1806.0000000000
736 -1805.0000000000
738 -1804.0000000000
745 -1803.0000000000
746 -1802.0000000000
748 -1800.0000000000
759 -1799.0000000000
761 -1798.0000000000
763 -1795.0000000000
764 -1794.0000000000
772 -1793.0000000000
776 -1792.0000000000
777 -1791.0000000000
778 -1790.0000000000
782 -1789.0000000000
786 -1788.0000000000
789 -1787.0000000000
794 -1786.0000000000
797 -1785.0000000000
800 -1783.0000000000
801 -1782.0000000000
803 -1781.0000000000
806 -1780.0000000000
810 -1779.0000000000
811 -1778.0000000000
815 -1777.0000000000
819 -1776.0000000000
821 -1775.0000000000
824 -1774.0000000000
828 -1773.0000000000
831 -1772.0000000000
838 -1770.0000000000
848 -1769.0000000000
858 -1768.0000000000
859 -1767.0000000000
862 -1765.0000000000
863 -1764.0000000000
871 -1763.0000000000
877 -1762.0000000000
884 -1761.0000000000
890 -1760.0000000000
891 -1759.0000000000
901 -1757.0000000000
903 -1755.0000000000
909 -1753.0000000000
910 -1751.0000000000
911 -1750.0000000000
920 -1749.0000000000
925 -1747.0000000000
938 -1746.0000000000
941 -1745.0000000000
945 -1744.0000000000
951 -1743.0000000000
952 -1742.0000000000
957 -1741.0000000000
960 -1740.0000000000
966 -1739.0000000000
967 -1738.0000000000
968 -1737.0000000000
972 -1736.0000000000
977 -1733.0000000000
978 -1732.0000000000
982 -1731.0000000000
985 -1730.0000000000
993 -1729.0000000000
995 -1728.0000000000
996 -1727.0000000000
1002 -1726.0000000000
1004 -1724.0000000000
1009 -1723.0000000000
1012 -1722.0000000000
1014 -1721.0000000000
1019 -1720.0000000000
1024 -1719.0000000000
1029 -1717.0000000000
1030 -1716.0000000000
1035 -1715.0000000000
1038 -1713.0000000000
1044 -1712.0000000000
1052 -1711.0000000000
1069 -1710.0000000000
1077 -1709.0000000000
1083 -1708.0000000000
1084 -1707.0000000000
1086 -1705.0000000000
1094 -1704.0000000000
1099 -1702.0000000000
1101 -1701.0000000000
1102 -1700.0000000000
1105 -1698.0000000000
1109 -1697.0000000000
1117 -1696.0000000000
1125 -1695.0000000000
1130 -1694.0000000000
1141 -1693.0000000000
1142 -1691.0000000000
1143 -1690.0000000000
1150 -1688.0000000000
1174 -1687.0000000000
1176 -1686.0000000000
1182 -1685.0000000000
1183 -1684.0000000000
1184 -1683.0000000000
1185 -1682.0000000000
1187 -1680.0000000000
1208 -1679.0000000000
1226 -1678.0000000000
1230 -1677.0000000000
1234 -1675.0000000000
1237 -1674.0000000000
1243 -1673.0000000000
1250 -1672.0000000000
1251 -1671.0000000000
1252 -1670.0000000000
1257 -1669.0000000000
1258 -1668.0000000000
1261 -1667.0000000000
1263 -1666.0000000000
1266 -1664.0000000000
1267 -1663.0000000000
1276 -1661.0000000000
1280 -1660.0000000000
1286 -1659.0000000000
1295 -1658.0000000000
1310 -1657.0000000000
1312 -1656.0000000000
1317 -1655.0000000000
1318 -1654.0000000000
1329 -1653.0000000000
1334 -1652.0000000000
1337 -1651.0000000000
1338 -1650.0000000000
1340 -1648.0000000000
1342 -1647.0000000000
1347 -1646.0000000000
1353 -1644.0000000000
1356 -1643.0000000000
1360 -1642.0000000000
1365 -1641.0000000000
1368 -1639.0000000000
1370 -1638.0000000000
1382 -1637.0000000000
1385 -1636.0000000000
1394 -1635.0000000000
1398 -1634.0000000000
1404 -1632.0000000000
1406 -1630.0000000000
1407 -1629.0000000000
1417 -1627.0000000000
1429 -1626.0000000000
1430 -1625.0000000000
1435 -1624.0000000000
1437 -1621.0000000000
1447 -1620.0000000000
1449 -1619.0000000000
1453 -1618.0000000000
1458 -1617.0000000000
1459 -1616.0000000000
1461 -1613.0000000000
1463 -1612.0000000000
1466 -1611.0000000000
1470 -1609.0000000000
1474 -1607.0000000000
1475 -1606.0000000000
1490 -1605.0000000000
1491 -1604.0000000000
1500 -1603.0000000000
1502 -1602.0000000000
1503 -1601.0000000000
1511 -1600.0000000000
1512 -1599.0000000000
1520 -1598.0000000000
1534 -1596.0000000000
1535 -1595.0000000000
1539 -1594.0000000000
1540 -1592.0000000000
1541 -1591.0000000000
1552 -1590.0000000000
1560 -1589.0000000000
1562 -1588.0000000000
1569 -1587.0000000000
1570 -1586.0000000000
1572 -1585.0000000000
1575 -1584.0000000000
1580 -1583.0000000000
1581 -1581.0000000000
1595 -1580.0000000000
1617 -1579.0000000000
1623 -1578.0000000000
1625 -1577.0000000000
1630 -1576.0000000000
1641 -1575.0000000000
1642 -1573.0000000000
1643 -1572.0000000000
1644 -1571.0000000000
1651 -1570.0000000000
1652 -1568.0000000000
1653 -1567.0000000000
1655 -1566.0000000000
1657 -1565.0000000000
1659 -1564.0000000000
1668 -1563.0000000000
1681 -1562.0000000000
1683 -1561.0000000000
1685 -1560.0000000000
1692 -1559.0000000000
1694 -1558.0000000000
1702 -1557.0000000000
1705 -1556.0000000000
1711 -1555.0000000000
1713 -1554.0000000000
1714 -1550.0000000000
1716 -1549.0000000000
1720 -1547.0000000000
1738 -1546.0000000000
1756 -1545.0000000000
1763 -1544.0000000000
1764 -1543.0000000000
1780 -1542.0000000000
1791 -1541.0000000000
1793 -1539.0000000000
1794 -1538.0000000000
1796 -1537.0000000000
1798 -1536.0000000000
1808 -1535.0000000000
1811 -1533.0000000000
1813 -1532.0000000000
1822 -1531.0000000000
1824 -1530.0000000000
1837 -1529.0000000000
1848 -1528.0000000000
1856 -1527.0000000000
1859 -1526.0000000000
1862 -1525.0000000000
1882 -1523.0000000000
1886 -1522.0000000000
1889 -1521.0000000000
1890 -1520.0000000000
1900 -1519.0000000000
1903 -1518.0000000000
1904 -1517.0000000000
1910 -1516.0000000000
1918 -1515.0000000000
1926 -1514.0000000000
1930 -1513.0000000000
1935 -1512.0000000000
1957 -1511.0000000000
1963 -1509.0000000000
1974 -1508.0000000000
1975 -1507.0000000000
1977 -1506.0000000000
1997 -1505.0000000000
2003 -1504.0000000000
2011 -1503.0000000000
2014 -1500.0000000000
2025 -1499.0000000000
2026 -1498.0000000000
2032 -1497.0000000000
2033 -1496.0000000000
2037 -1495.0000000000
2042 -1494.0000000000
2043 -1493.0000000000
2044 -1492.0000000000
2050 -1489.0000000000
2052 -1488.0000000000
2054 -1486.0000000000
2057 -1485.0000000000
2075 -1484.0000000000
2076 -1483.0000000000
2077 -1482.0000000000
2080 -1481.0000000000
2081 -1480.0000000000
2082 -1479.0000000000
2085 -1478.0000000000
2086 -1477.0000000000
2091 -1476.0000000000
2093 -1475.0000000000
2094 -1474.0000000000
2096 -1472.0000000000
2098 -1471.0000000000
2102 -1470.0000000000
2103 -1469.0000000000
2104 -1467.0000000000
2107 -1466.0000000000
2108 -1465.0000000000
2120 -1464.0000000000
2121 -1463.0000000000
2123 -1462.0000000000
2127 -1461.0000000000
2132 -1460.0000000000
2134 -1458.0000000000
2144 -1457.0000000000
2145 -1454.0000000000
2150 -1453.0000000000
2161 -1451.0000000000
2165 -1449.0000000000
2166 -1448.0000000000
2169 -1447.0000000000
2174 -1446.0000000000
2175 -1445.0000000000
2190 -1444.0000000000
2192 -1442.0000000000
2198 -1441.0000000000
2201 -1440.0000000000
2208 -1439.0000000000
2213 -1438.0000000000
2224 -1437.0000000000
2227 -1436.0000000000
2231 -1435.0000000000
2239 -1434.0000000000
2241 -1433.0000000000
2245 -1429.0000000000
2254 -1428.0000000000
2259 -1427.0000000000
2260 -1426.0000000000
2271 -1425.0000000000
2273 -1424.0000000000
2276 -1423.0000000000
2287 -1422.0000000000
2288 -1421.0000000000
2293 -1420.0000000000
2300 -1418.0000000000
2320 -1417.0000000000
2321 -1416.0000000000
2329 -1415.0000000000
2340 -1414.0000000000
2346 -1413.0000000000
2348 -1412.0000000000
2358 -1411.0000000000
2375 -1410.0000000000
2376 -1409.0000000000
2380 -1408.0000000000
2381 -1407.0000000000
2382 -1406.0000000000
2384 -1405.0000000000
2391 -1404.0000000000
2396 -1403.0000000000
2402 -1402.0000000000
2403 -1401.0000000000
2411 -1399.0000000000
2412 -1398.0000000000
2414 -1396.0000000000
2415 -1395.0000000000
2421 -1394.0000000000
2423 -1393.0000000000
2426 -1392.0000000000
2427 -1391.0000000000
2437 -1389.0000000000
2446 -1388.0000000000
2452 -1386.0000000000
2456 -1385.0000000000
2458 -1384.0000000000
2461 -1382.0000000000
2467 -1381.0000000000
2471 -1380.0000000000
2474 -1379.0000000000
2484 -1378.0000000000
2491 -1377.0000000000
2498 -1376.0000000000
2517 -1375.0000000000
2521 -1373.0000000000
2522 -1372.0000000000
2524 -1371.0000000000
2526 -1369.0000000000
2530 -1368.0000000000
2534 -1367.0000000000
2535 -1366.0000000000
2536 -1365.0000000000
2538 -1364.0000000000
2544 -1362.0000000000
2548 -1361.0000000000
2550 -1360.0000000000
2552 -1359.0000000000
2553 -1358.0000000000
2555 -1357.0000000000
2556 -1356.0000000000
2561 -1355.0000000000
2564 -1354.0000000000
2571 -1353.0000000000
2591 -1351.0000000000
2605 -1350.0000000000
2616 -1349.0000000000
2628 -1348.0000000000
2640 -1347.0000000000
2641 -1346.0000000000
2646 -1345.0000000000
2665 -1343.0000000000
2675 -1342.0000000000
2680 -1341.0000000000
2698 -1339.0000000000
2701 -1338.0000000000
2711 -1337.0000000000
2716 -1335.0000000000
2725 -1334.0000000000
2732 -1333.0000000000
2736 -1332.0000000000
2737 -1331.0000000000
2746 -1330.0000000000
2750 -1327.0000000000
2754 -1326.0000000000
2755 -1325.0000000000
2762 -1324.0000000000
2772 -1323.0000000000
2776 -1322.0000000000
2778 -1321.0000000000
2782 -1320.0000000000
2801 -1319.0000000000
2813 -1318.0000000000
2816 -1315.0000000000
2819 -1314.0000000000
2820 -1313.0000000000
2826 -1312.0000000000
2838 -1311.0000000000
2842 -1310.0000000000
2843 -1309.0000000000
2845 -1308.0000000000
2853 -1307.0000000000
2855 -1306.0000000000
2861 -1305.0000000000
2872 -1304.0000000000
2875 -1303.0000000000
2876 -1302.0000000000
2881 -1301.0000000000
2883 -1300.0000000000
2884 -1299.0000000000
2885 -1298.0000000000
2889 -1297.0000000000
2895 -1296.0000000000
2900 -1295.0000000000
2902 -1294.0000000000
2911 -1292.0000000000
2912 -1291.0000000000
2928 -1290.0000000000
2946 -1289.0000000000
2960 -1288.0000000000
2963 -1287.0000000000
2970 -1286.0000000000
2975 -1285.0000000000
2980 -1284.0000000000
2989 -1283.0000000000
2990 -1282.0000000000
2996 -1281.0000000000
2999 -1279.0000000000
3002 -1278.0000000000
3010 -1276.0000000000
3012 -1275.0000000000
3029 -1274.0000000000
3033 -1273.0000000000
3034 -1272.0000000000
3038 -1271.0000000000
3044 -1270.0000000000
3056 -1269.0000000000
3062 -1268.0000000000
3064 -1265.0000000000
3077 -1264.0000000000
3085 -1263.0000000000
3092 -1262.0000000000
3099 -1261.0000000000
3107 -1260.0000000000
3131 -1259.0000000000
3136 -1258.0000000000
3137 -1257.0000000000
3139 -1256.0000000000
3144 -1255.0000000000
3159 -1254.0000000000
3187 -1253.0000000000
3201 -1251.0000000000
3212 -1250.0000000000
3220 -1248.0000000000
3232 -1247.0000000000
3238 -1245.0000000000
3241 -1244.0000000000
3266 -1243.0000000000
3270 -1242.0000000000
3272 -1241.0000000000
3283 -1240.0000000000
3284 -1239.0000000000
3288 -1238.0000000000
3297 -1237.0000000000
3300 -1235.0000000000
3301 -1234.0000000000
3305 -1233.0000000000
3306 -1232.0000000000
3311 -1231.0000000000
3312 -1230.0000000000
3313 -1229.0000000000
3318 -1228.0000000000
3319 -1227.0000000000
3321 -1226.0000000000
3333 -1224.0000000000
3340 -1222.0000000000
3350 -1221.0000000000
3351 -1220.0000000000
3356 -1219.0000000000
3371 -1218.0000000000
3379 -1217.0000000000
3381 -1215.0000000000
3383 -1214.0000000000
3388 -1213.0000000000
3391 -1212.0000000000
3394 -1211.0000000000
3403 -1210.0000000000
3413 -1209.0000000000
3419 -1206.0000000000
3431 -1205.0000000000
3433 -1204.0000000000
3459 -1202.0000000000
3466 -1201.0000000000
3470 -1200.0000000000
3472 -1199.0000000000
3473 -1198.0000000000
3478 -1197.0000000000
3479 -1196.0000000000
3484 -1195.0000000000
3486 -1194.0000000000
3488 -1192.0000000000
3502 -1189.0000000000
3509 -1188.0000000000
3515 -1187.0000000000
3521 -1186.0000000000
3525 -1184.0000000000
3529 -1182.0000000000
3543 -1180.0000000000
3544 -1179.0000000000
3553 -1178.0000000000
3557 -1177.0000000000
3559 -1176.0000000000
3563 -1175.0000000000
3566 -1174.0000000000
3576 -1173.0000000000
3579 -1172.0000000000
3581 -1171.0000000000
3589 -1170.0000000000
3608 -1169.0000000000
3615 -1168.0000000000
3620 -1167.0000000000
3627 -1165.0000000000
3636 -1164.0000000000
3652 -1163.0000000000
3657 -1162.0000000000
3659 -1161.0000000000
3662 -1160.0000000000
3665 -1159.0000000000
3675 -1158.0000000000
3683 -1157.0000000000
3690 -1156.0000000000
3692 -1155.0000000000
3695 -1154.0000000000
3703 -1153.0000000000
3709 -1152.0000000000
3710 -1151.0000000000
3718 -1150.0000000000
3725 -1149.0000000000
3740 -1148.0000000000
3741 -1147.0000000000
3747 -1146.0000000000
3748 -1145.0000000000
3750 -1143.0000000000
3759 -1142.0000000000
3767 -1141.0000000000
3771 -1140.0000000000
3777 -1139.0000000000
3812 -1138.0000000000
3828 -1137.0000000000
3833 -1136.0000000000
3837 -1134.0000000000
3844 -1133.0000000000
3851 -1132.0000000000
3854 -1131.0000000000
3860 -1130.0000000000
3879 -1129.0000000000
3885 -1128.0000000000
3903 -1127.0000000000
3904 -1124.0000000000
3906 -1123.0000000000
3920 -1122.0000000000
3921 -1121.0000000000
3931 -1120.0000000000
3935 -1119.0000000000
3938 -1118.0000000000
3946 -1117.0000000000
3949 -1116.0000000000
3950 -1115.0000000000
3959 -1113.0000000000
3962 -1112.0000000000
3971 -1111.0000000000
3974 -1110.0000000000
3978 -1109.0000000000
3989 -1107.0000000000
3991 -1106.0000000000
3993 -1105.0000000000
3997 -1104.0000000000
4003 -1103.0000000000
4007 -1102.0000000000
4015 -1101.0000000000
4017 -1100.0000000000
4020 -1099.0000000000
4022 -1098.0000000000
4035 -1097.0000000000
4040 -1095.0000000000
4043 -1094.0000000000
4055 -1093.0000000000
4062 -1092.0000000000
4070 -1091.0000000000
4073 -1090.0000000000
4074 -1089.0000000000
4104 -1088.0000000000
4105 -1087.0000000000
4112 -1085.0000000000
4122 -1084.0000000000
4123 -1083.0000000000
4130 -1082.0000000000
4133 -1081.0000000000
4136 -1079.0000000000
4151 -1078.0000000000
4160 -1077.0000000000
4165 -1076.0000000000
4169 -1075.0000000000
4172 -1073.0000000000
4181 -1072.0000000000
4198 -1071.0000000000
4203 -1069.0000000000
4205 -1068.0000000000
4209 -1067.0000000000
4232 -1066.0000000000
4239 -1064.0000000000
4244 -1063.0000000000
4251 -1062.0000000000
4257 -1061.0000000000
4265 -1059.0000000000
4280 -1058.0000000000
4285 -1057.0000000000
4286 -1056.0000000000
4291 -1055.0000000000
4293 -1054.0000000000
4311 -1053.0000000000
4313 -1052.0000000000
4331 -1051.0000000000
4333 -1050.0000000000
4336 -1049.0000000000
4351 -1048.0000000000
4355 -1047.0000000000
4371 -1046.0000000000
4383 -1045.0000000000
4391 -1044.0000000000
4413 -1043.0000000000
4417 -1042.0000000000
4418 -1041.0000000000
4425 -1040.0000000000
4427 -1039.0000000000
4441 -1037.0000000000
4447 -1036.0000000000
4451 -1035.0000000000
4456 -1034.0000000000
4468 -1032.0000000000
4471 -1031.0000000000
4479 -1030.0000000000
4481 -1029.0000000000
4489 -1028.0000000000
4493 -1027.0000000000
4497 -1026.0000000000
4502 -1024.0000000000
4506 -1023.0000000000
4508 -1022.0000000000
4511 -1021.0000000000
4512 -1020.0000000000
4514 -1019.0000000000
4516 -1018.0000000000
4543 -1017.0000000000
4548 -1016.0000000000
4562 -1014.0000000000
4563 -1013.0000000000
4574 -1012.0000000000
4576 -1011.0000000000
4600 -1010.0000000000
4621 -1009.0000000000
4638 -1008.0000000000
4643 -1007.0000000000
4655 -1006.0000000000
4669 -1005.0000000000
4674 -1004.0000000000
4676 -1003.0000000000
4686 -1001.0000000000
4707 -1000.0000000000
4713 -999.0000000000
4750 -998.0000000000
4763 -997.0000000000
4764 -996.0000000000
4775 -995.0000000000
4791 -994.0000000000
4796 -993.0000000000
4798 -992.0000000000
4803 -991.0000000000
4814 -990.0000000000
4821 -987.0000000000
4834 -986.0000000000
4851 -985.0000000000
4858 -984.0000000000
4859 -983.0000000000
4861 -982.0000000000
4865 -981.0000000000
4869 -980.0000000000
4870 -979.0000000000
4872 -978.0000000000
4883 -977.0000000000
4884 -975.0000000000
4885 -974.0000000000
4886 -973.0000000000
4892 -972.0000000000
4899 -971.0000000000
4908 -969.0000000000
4913 -968.0000000000
4919 -967.0000000000
4920 -966.0000000000
4924 -965.0000000000
4927 -964.0000000000
4929 -963.0000000000
4937 -962.0000000000
4940 -959.0000000000
4945 -958.0000000000
4947 -957.0000000000
4959 -956.0000000000
4968 -955.0000000000
4988 -954.0000000000
4990 -953.0000000000
5011 -952.0000000000
5014 -951.0000000000
5017 -950.0000000000
5024 -949.0000000000
5026 -948.0000000000
5063 -947.0000000000
5070 -946.0000000000
5073 -945.0000000000
5090 -944.0000000000
5096 -943.0000000000
5098 -942.0000000000
5099 -941.0000000000
5100 -940.0000000000
5103 -939.0000000000
5112 -938.0000000000
5116 -937.0000000000
5119 -936.0000000000
5133 -935.0000000000
5136 -933.0000000000
5141 -932.0000000000
5150 -930.0000000000
5156 -929.0000000000
5157 -928.0000000000
5170 -927.0000000000
5173 -926.0000000000
5186 -925.0000000000
5187 -924.0000000000
5211 -923.0000000000
5212 -922.0000000000
5215 -921.0000000000
5232 -920.0000000000
5243 -919.0000000000
5254 -918.0000000000
5262 -917.0000000000
5283 -916.0000000000
5288 -915.0000000000
5302 -914.0000000000
5305 -913.0000000000
5339 -912.0000000000
5342 -911.0000000000
5347 -910.0000000000
5351 -909.0000000000
5374 -908.0000000000
5378 -907.0000000000
5385 -906.0000000000
5393 -905.0000000000
5417 -904.0000000000
5436 -903.0000000000
5444 -902.0000000000
5446 -901.0000000000
5457 -900.0000000000
5466 -899.0000000000
5467 -898.0000000000
5470 -897.0000000000
5481 -896.0000000000
5484 -895.0000000000
5485 -894.0000000000
5486 -893.0000000000
5495 -892.0000000000
5497 -891.0000000000
5508 -889.0000000000
5517 -888.0000000000
5524 -887.0000000000
5535 -886.0000000000
5543 -885.0000000000
5546 -884.0000000000
5561 -883.0000000000
5566 -882.0000000000
5594 -881.0000000000
5606 -880.0000000000
5623 -879.0000000000
5635 -877.0000000000
5641 -876.0000000000
5659 -875.0000000000
5700 -874.0000000000
5728 -873.0000000000
5740 -872.0000000000
5742 -871.0000000000
5756 -870.0000000000
5768 -869.0000000000
5774 -868.0000000000
5775 -867.0000000000
5779 -865.0000000000
5788 -864.0000000000
5812 -863.0000000000
5817 -861.0000000000
5834 -860.0000000000
5844 -859.0000000000
5859 -858.0000000000
5869 -857.0000000000
5888 -856.0000000000
5934 -855.0000000000
5936 -854.0000000000
5952 -853.0000000000
5972 -852.0000000000
5983 -851.0000000000
5986 -849.0000000000
5996 -848.0000000000
6019 -847.0000000000
6033 -846.0000000000
6034 -845.0000000000
6037 -844.0000000000
6051 -843.0000000000
6053 -842.0000000000
6054 -841.0000000000
6059 -840.0000000000
6064 -839.0000000000
6083 -837.0000000000
6094 -836.0000000000
6115 -834.0000000000
6123 -833.0000000000
6125 -832.0000000000
6135 -831.0000000000
6161 -830.0000000000
6166 -829.0000000000
6216 -827.0000000000
6217 -826.0000000000
6218 -824.0000000000
6231 -823.0000000000
6234 -822.0000000000
6257 -821.0000000000
6270 -820.0000000000
6276 -817.0000000000
6283 -814.0000000000
6284 -812.0000000000
6288 -811.0000000000
6294 -810.0000000000
6299 -809.0000000000
6301 -808.0000000000
6307 -807.0000000000
6326 -806.0000000000
6332 -805.0000000000
6337 -804.0000000000
6345 -803.0000000000
6351 -802.0000000000
6393 -801.0000000000
6401 -800.0000000000
6412 -799.0000000000
6419 -798.0000000000
6430 -797.0000000000
6431 -796.0000000000
6443 -795.0000000000
6447 -794.0000000000
6471 -793.0000000000
6472 -792.0000000000
6473 -791.0000000000
6487 -789.0000000000
6529 -788.0000000000
6544 -787.0000000000
6561 -786.0000000000
6567 -785.0000000000
6593 -784.0000000000
6609 -783.0000000000
6631 -782.0000000000
6647 -781.0000000000
6651 -780.0000000000
6662 -779.0000000000
6712 -778.0000000000
6718 -777.0000000000
6720 -775.0000000000
6730 -774.0000000000
6781 -773.0000000000
6789 -772.0000000000
6790 -771.0000000000
6813 -769.0000000000
6821 -768.0000000000
6827 -767.0000000000
6835 -766.0000000000
6850 -765.0000000000
6851 -764.0000000000
6876 -763.0000000000
6878 -762.0000000000
6881 -761.0000000000
6891 -760.0000000000
6894 -759.0000000000
6902 -758.0000000000
6909 -757.0000000000
6910 -755.0000000000
6915 -754.0000000000
6930 -753.0000000000
6932 -752.0000000000
6939 -751.0000000000
6966 -750.0000000000
6968 -749.0000000000
6974 -748.0000000000
6987 -747.0000000000
6997 -746.0000000000
7013 -745.0000000000
7035 -744.0000000000
7051 -743.0000000000
7060 -740.0000000000
7100 -739.0000000000
7105 -738.0000000000
7118 -737.0000000000
7132 -736.0000000000
7156 -735.0000000000
7171 -734.0000000000
7178 -733.0000000000
7185 -732.0000000000
7186 -731.0000000000
7191 -730.0000000000
7216 -728.0000000000
7225 -725.0000000000
7239 -724.0000000000
7252 -723.0000000000
7293 -722.0000000000
7313 -721.0000000000
7314 -718.0000000000
7317 -717.0000000000
7320 -716.0000000000
7350 -715.0000000000
7359 -714.0000000000
7393 -713.0000000000
7394 -712.0000000000
7448 -711.0000000000
7449 -710.0000000000
7463 -709.0000000000
7476 -708.0000000000
7477 -707.0000000000
7480 -706.0000000000
7487 -705.0000000000
7493 -704.0000000000
7498 -703.0000000000
7519 -702.0000000000
7537 -701.0000000000
7538 -700.0000000000
7551 -699.0000000000
7562 -698.0000000000
7567 -697.0000000000
7575 -696.0000000000
7581 -695.0000000000
7583 -694.0000000000
7594 -693.0000000000
7600 -692.0000000000
7620 -691.0000000000
7630 -690.0000000000
7636 -689.0000000000
7644 -688.0000000000
7651 -687.0000000000
7659 -686.0000000000
7677 -685.0000000000
7698 -684.0000000000
7717 -683.0000000000
7734 -681.0000000000
7742 -680.0000000000
7755 -679.0000000000
7760 -678.0000000000
7770 -677.0000000000
7785 -676.0000000000
7791 -675.0000000000
7793 -674.0000000000
7798 -673.0000000000
7839 -671.0000000000
7857 -670.0000000000
7875 -669.0000000000
7904 -668.0000000000
7924 -667.0000000000
7930 -666.0000000000
7952 -665.0000000000
7972 -664.0000000000
7979 -663.0000000000
7995 -662.0000000000
8001 -661.0000000000
8006 -660.0000000000
8077 -657.0000000000
8096 -656.0000000000
8106 -655.0000000000
8110 -654.0000000000
8140 -653.0000000000
8146 -652.0000000000
8154 -651.0000000000
8159 -650.0000000000
8161 -649.0000000000
8171 -648.0000000000
8204 -647.0000000000
8208 -646.0000000000
8251 -645.0000000000
8252 -643.0000000000
8307 -642.0000000000
8370 -641.0000000000
8392 -639.0000000000
8406 -638.0000000000
8420 -637.0000000000
8427 -636.0000000000
8476 -635.0000000000
8480 -634.0000000000
8491 -633.0000000000
8520 -632.0000000000
8522 -631.0000000000
8529 -630.0000000000
8532 -629.0000000000
8549 -628.0000000000
8604 -627.0000000000
8633 -626.0000000000
8636 -625.0000000000
8674 -624.0000000000
8678 -622.0000000000
8682 -621.0000000000
8688 -620.0000000000
8721 -619.0000000000
8731 -618.0000000000
8736 -617.0000000000
8742 -616.0000000000
8760 -615.0000000000
8768 -614.0000000000
8791 -612.0000000000
8816 -611.0000000000
8865 -610.0000000000
8872 -609.0000000000
8874 -608.0000000000
8893 -605.0000000000
8894 -604.0000000000
8922 -603.0000000000
8943 -602.0000000000
9000 -601.0000000000
9018 -600.0000000000
9023 -599.0000000000
9041 -598.0000000000
9049 -597.0000000000
9069 -596.0000000000
9076 -595.0000000000
9077 -594.0000000000
9082 -593.0000000000
9085 -592.0000000000
9143 -591.0000000000
9156 -590.0000000000
9164 -589.0000000000
9174 -588.0000000000
9179 -587.0000000000
9192 -586.0000000000
9209 -585.0000000000
9235 -584.0000000000
9236 -582.0000000000
9239 -581.0000000000
9245 -580.0000000000
9262 -579.0000000000
9281 -578.0000000000
9309 -577.0000000000
9313 -576.0000000000
9324 -575.0000000000
9332 -574.0000000000
9333 -573.0000000000
9352 -572.0000000000
9365 -571.0000000000
9374 -570.0000000000
9388 -569.0000000000
9389 -568.0000000000
9395 -567.0000000000
9398 -565.0000000000
9404 -564.0000000000
9405 -563.0000000000
9432 -562.0000000000
9442 -561.0000000000
9474 -560.0000000000
9476 -559.0000000000
9493 -558.0000000000
9524 -557.0000000000
9528 -556.0000000000
9541 -554.0000000000
9564 -553.0000000000
9579 -552.0000000000
9611 -551.0000000000
9637 -550.0000000000
9686 -549.0000000000
9690 -548.0000000000
9713 -547.0000000000
9722 -546.0000000000
9745 -545.0000000000
9746 -544.0000000000
9749 -543.0000000000
9754 -542.0000000000
9763 -541.0000000000
9764 -540.0000000000
9818 -539.0000000000
9829 -538.0000000000
9831 -537.0000000000
9837 -536.0000000000
9843 -535.0000000000
9861 -534.0000000000
9880 -533.0000000000
9881 -532.0000000000
9888 -531.0000000000
9904 -530.0000000000
9933 -529.0000000000
9958 -528.0000000000
9968 -527.0000000000
9989 -526.0000000000
9995 -525.0000000000
10000 -527.0000000000
evaluations raw_y
1 -2001.0000000000
12 -2000.0000000000
13 -1999.0000000000
20 -1997.0000000000
21 -1996.0000000000
23 -1993.0000000000
26 -1992.0000000000
41 -1991.0000000000
42 -1989.0000000000
43 -1988.0000000000
45 -1986.0000000000
48 -1984.0000000000
50 -1982.0000000000
53 -1980.0000000000
56 -1979.0000000000
57 -1978.0000000000
61 -1977.0000000000
62 -1976.0000000000
65 -1975.0000000000
66 -1973.0000000000
70 -1972.0000000000
72 -1971.0000000000
73 -1970.0000000000
74 -1969.0000000000
88 -1968.0000000000
89 -1967.0000000000
94 -1966.0000000000
98 -1965.0000000000
104 -1964.0000000000
112 -1963.0000000000
114 -1962.0000000000
117 -1961.0000000000
118 -1960.0000000000
119 -1959.0000000000
129 -1957.0000000000
131 -1956.0000000000
135 -1955.0000000000
136 -1953.0000000000
139 -1950.0000000000
149 -1949.0000000000
157 -1948.0000000000
162 -1947.0000000000
165 -1946.0000000000
166 -1945.0000000000
168 -1944.0000000000
170 -1943.0000000000
171 -1942.0000000000
175 -1940.0000000000
178 -1939.0000000000
182 -1938.0000000000
188 -1936.0000000000
195 -1935.0000000000
204 -1934.0000000000
210 -1933.0000000000
217 -1932.0000000000
220 -1931.0000000000
223 -1930.0000000000
224 -1929.0000000000
233 -1926.0000000000
236 -1925.0000000000
246 -1924.0000000000
248 -1923.0000000000
258 -1922.0000000000
265 -1921.0000000000
269 -1919.0000000000
270 -1918.0000000000
277 -1917.0000000000
288 -1915.0000000000
290 -1914.0000000000
299 -1913.0000000000
300 -1912.0000000000
307 -1911.0000000000
309 -1910.0000000000
311 -1909.0000000000
316 -1908.0000000000
321 -1907.0000000000
325 -1906.0000000000
327 -1905.0000000000
328 -1904.0000000000
331 -1903.0000000000
335 -1902.0000000000
337 -1900.0000000000
338 -1899.0000000000
343 -1897.0000000000
344 -1896.0000000000
346 -1895.0000000000
359 -1894.0000000000
364 -1893.0000000000
365 -1892.0000000000
381 -1890.0000000000
382 -1889.0000000000
383 -1887.0000000000
387 -1885.0000000000
392 -1884.0000000000
393 -1882.0000000000
395 -1881.0000000000
396 -1880.0000000000
398 -1879.0000000000
399 -1878.0000000000
405 -1877.0000000000
407 -1876.0000000000
418 -1874.0000000000
427 -1871.0000000000
442 -1870.0000000000
452 -1868.0000000000
456 -1867.0000000000
468 -1866.0000000000
471 -1864.0000000000
474 -1863.0000000000
475 -1862.0000000000
482 -1861.0000000000
485 -1859.0000000000
503 -1858.0000000000
508 -1857.0000000000
524 -1856.0000000000
528 -1855.0000000000
529 -1852.0000000000
533 -1851.0000000000
538 -1849.0000000000
539 -1848.0000000000
540 -1847.0000000000
541 -1846.0000000000
546 -1845.0000000000
550 -1844.0000000000
554 -1843.0000000000
555 -1842.0000000000
559 -1841.0000000000
568 -1840.0000000000
569 -1839.0000000000
570 -1838.0000000000
574 -1837.0000000000
581 -1836.0000000000
587 -1834.0000000000
592 -1833.0000000000
600 -1832.0000000000
608 -1831.0000000000
609 -1829.0000000000
613 -1828.0000000000
614 -1827.0000000000
617 -1826.0000000000
622 -1825.0000000000
626 -1823.0000000000
627 -1822.0000000000
628 -1821.0000000000
632 -1820.0000000000
633 -1819.0000000000
636 -1818.0000000000
637 -1816.0000000000
640 -1814.0000000000
645 -1813.0000000000
646 -1812.0000000000
648 -1811.0000000000
653 -1810.0000000000
654 -1809.0000000000
655 -1807.0000000000
659 -1806.0000000000
665 -1804.0000000000
668 -1802.0000000000
672 -1801.0000000000
673 -1800.0000000000
675 -1799.0000000000
676 -1798.0000000000
677 -1797.0000000000
680 -1795.0000000000
685 -1794.0000000000
690 -1793.0000000000
704 -1792.0000000000
714 -1789.0000000000
716 -1788.0000000000
726 -1787.0000000000
727 -1785.0000000000
730 -1784.0000000000
734 -1783.0000000000
735 -1782.0000000000
736 -1781.0000000000
737 -1780.0000000000
745 -1779.0000000000
748 -1777.0000000000
750 -1776.0000000000
753 -1775.0000000000
756 -1774.0000000000
770 -1773.0000000000
774 -1771.0000000000
779 -1770.0000000000
787 -1769.0000000000
794 -1768.0000000000
799 -1767.0000000000
802 -1766.0000000000
803 -1765.0000000000
805 -1763.0000000000
810 -1762.0000000000
818 -1760.0000000000
819 -1759.0000000000
828 -1758.0000000000
838 -1756.0000000000
846 -1755.0000000000
847 -1754.0000000000
850 -1753.0000000000
854 -1752.0000000000
855 -1751.0000000000
860 -1749.0000000000
865 -1748.0000000000
869 -1747.0000000000
871 -1746.0000000000
874 -1745.0000000000
878 -1744.0000000000
880 -1742.0000000000
889 -1741.0000000000
891 -1740.0000000000
892 -1739.0000000000
893 -1738.0000000000
897 -1737.0000000000
901 -1736.0000000000
914 -1735.0000000000
916 -1734.0000000000
918 -1732.0000000000
928 -1731.0000000000
929 -1730.0000000000
943 -1727.0000000000
945 -1726.0000000000
948 -1725.0000000000
949 -1724.0000000000
964 -1723.0000000000
967 -1722.0000000000
972 -1721.0000000000
984 -1720.0000000000
986 -1719.0000000000
988 -1718.0000000000
990 -1717.0000000000
992 -1715.0000000000
996 -1712.0000000000
998 -1711.0000000000
999 -1710.0000000000
1002 -1709.0000000000
1019 -1708.0000000000
1037 -1707.0000000000
1038 -1706.0000000000
1046 -1704.0000000000
1047 -1702.0000000000
1048 -1701.0000000000
1050 -1700.0000000000
1064 -1699.0000000000
1066 -1698.0000000000
1069 -1697.0000000000
1075 -1696.0000000000
1079 -1695.0000000000
1080 -1694.0000000000
1094 -1693.0000000000
1095 -1691.0000000000
1096 -1690.0000000000
1100 -1689.0000000000
1111 -1688.0000000000
1116 -1687.0000000000
1125 -1686.0000000000
1127 -1685.0000000000
1130 -1684.0000000000
1134 -1681.0000000000
1143 -1680.0000000000
1150 -1678.0000000000
1159 -1677.0000000000
1170 -1675.0000000000
1171 -1674.0000000000
1179 -1673.0000000000
1186 -1671.0000000000
1195 -1670.0000000000
1197 -1669.0000000000
1198 -1667.0000000000
1199 -1666.0000000000
1200 -1665.0000000000
1204 -1664.0000000000
1216 -1663.0000000000
1219 -1662.0000000000
1220 -1661.0000000000
1221 -1660.0000000000
1223 -1659.0000000000
1226 -1658.0000000000
1227 -1657.0000000000
1234 -1656.0000000000
1239 -1655.0000000000
1246 -1654.0000000000
1247 -1653.0000000000
1249 -1652.0000000000
1250 -1651.0000000000
1255 -1650.0000000000
1267 -1649.0000000000
1270 -1647.0000000000
1273 -1644.0000000000
1278 -1643.0000000000
1279 -1641.0000000000
1296 -1638.0000000000
1298 -1636.0000000000
1300 -1633.0000000000
1302 -1632.0000000000
1305 -1631.0000000000
1307 -1630.0000000000
1317 -1629.0000000000
1335 -1628.0000000000
1340 -1627.0000000000
1350 -1626.0000000000
1352 -1625.0000000000
1363 -1624.0000000000
1370 -1623.0000000000
1371 -1622.0000000000
1380 -1621.0000000000
1384 -1620.0000000000
1396 -1619.0000000000
1411 -1616.0000000000
1420 -1615.0000000000
1423 -1614.0000000000
1426 -1613.0000000000
1431 -1611.0000000000
1432 -1610.0000000000
1433 -1609.0000000000
1437 -1608.0000000000
1440 -1607.0000000000
1442 -1606.0000000000
1446 -1605.0000000000
1456 -1604.0000000000
1461 -1603.0000000000
1465 -1602.0000000000
1478 -1601.0000000000
1487 -1600.0000000000
1494 -1599.0000000000
1498 -1598.0000000000
1506 -1597.0000000000
1513 -1596.0000000000
1515 -1595.0000000000
1517 -1594.0000000000
1520 -1593.0000000000
1521 -1592.0000000000
1522 -1591.0000000000
1528 -1590.0000000000
1539 -1589.0000000000
1542 -1588.0000000000
1547 -1587.0000000000
1552 -1586.0000000000
1561 -1585.0000000000
1568 -1584.0000000000
1570 -1583.0000000000
1580 -1581.0000000000
1582 -1580.0000000000
1587 -1579.0000000000
1589 -1578.0000000000
1595 -1576.0000000000
1609 -1575.0000000000
1619 -1574.0000000000
1623 -1573.0000000000
1628 -1572.0000000000
1629 -1571.0000000000
1635 -1570.0000000000
1646 -1568.0000000000
1647 -1566.0000000000
1649 -1565.0000000000
1654 -1564.0000000000
1655 -1563.0000000000
1658 -1562.0000000000
1670 -1561.0000000000
1673 -1559.0000000000
1674 -1558.0000000000
1679 -1557.0000000000
1690 -1554.0000000000
1700 -1553.0000000000
1701 -1552.0000000000
1707 -1550.0000000000
1719 -1549.0000000000
1722 -1548.0000000000
1726 -1547.0000000000
1729 -1545.0000000000
1733 -1544.0000000000
1748 -1543.0000000000
1762 -1542.0000000000
1777 -1541.0000000000
1778 -1540.0000000000
1779 -1539.0000000000
1781 -1538.0000000000
1782 -1537.0000000000
1792 -1536.0000000000
1802 -1535.0000000000
1805 -1534.0000000000
1810 -1533.0000000000
1812 -1531.0000000000
1815 -1530.0000000000
1826 -1529.0000000000
1830 -1528.0000000000
1841 -1527.0000000000
1844 -1526.0000000000
1849 -1525.0000000000
1852 -1523.0000000000
1856 -1522.0000000000
1859 -1521.0000000000
1871 -1520.0000000000
1873 -1519.0000000000
1882 -1518.0000000000
1885 -1517.0000000000
1895 -1516.0000000000
1900 -1514.0000000000
1909 -1513.0000000000
1916 -1512.0000000000
1921 -1511.0000000000
1928 -1510.0000000000
1942 -1508.0000000000
1944 -1507.0000000000
1947 -1506.0000000000
1949 -1505.0000000000
1950 -1504.0000000000
1951 -1503.0000000000
1953 -1501.0000000000
1955 -1500.0000000000
1957 -1499.0000000000
1958 -1498.0000000000
1960 -1496.0000000000
1963 -1495.0000000000
1972 -1494.0000000000
1984 -1493.0000000000
1986 -1490.0000000000
1990 -1489.0000000000
1991 -1488.0000000000
1995 -1487.0000000000
2000 -1486.0000000000
2009 -1484.0000000000
2015 -1482.0000000000
2017 -1481.0000000000
2020 -1480.0000000000
2024 -1479.0000000000
2026 -1478.0000000000
2029 -1477.0000000000
2031 -1476.0000000000
2034 -1475.0000000000
2045 -1474.0000000000
2058 -1473.0000000000
2061 -1472.0000000000
2062 -1471.0000000000
2063 -1469.0000000000
2064 -1468.0000000000
2065 -1467.0000000000
2071 -1466.0000000000
2076 -1465.0000000000
2084 -1464.0000000000
2091 -1462.0000000000
2092 -1461.0000000000
2097 -1458.0000000000
2099 -1457.0000000000
2107 -1455.0000000000
2111 -1453.0000000000
2116 -1451.0000000000
2128 -1450.0000000000
2136 -1449.0000000000
2148 -1448.0000000000
2150 -1447.0000000000
2158 -1446.0000000000
2160 -1445.0000000000
2165 -1444.0000000000
2166 -1443.0000000000
2167 -1442.0000000000
2169 -1441.0000000000
2174 -1440.0000000000
2176 -1439.0000000000
2198 -1438.0000000000
2199 -1437.0000000000
2203 -1436.0000000000
2206 -1435.0000000000
2208 -1434.0000000000
2210 -1433.0000000000
2233 -1431.0000000000
2243 -1429.0000000000
2251 -1428.0000000000
2254 -1427.0000000000
2259 -1426.0000000000
2265 -1425.0000000000
2272 -1424.0000000000
2279 -1423.0000000000
2281 -1422.0000000000
2288 -1421.0000000000
2295 -1420.0000000000
2299 -1419.0000000000
2300 -1418.0000000000
2316 -1417.0000000000
2319 -1416.0000000000
2323 -1415.0000000000
2324 -1413.0000000000
2326 -1412.0000000000
2333 -1411.0000000000
2338 -1410.0000000000
2341 -1409.0000000000
2351 -1408.0000000000
2354 -1407.0000000000
2356 -1405.0000000000
2361 -1404.0000000000
2366 -1403.0000000000
2369 -1402.0000000000
2387 -1401.0000000000
2405 -1399.0000000000
2412 -1398.0000000000
2419 -1395.0000000000
2423 -1394.0000000000
2429 -1393.0000000000
2441 -1390.0000000000
2442 -1389.0000000000
2453 -1388.0000000000
2457 -1387.0000000000
2462 -1385.0000000000
2468 -1384.0000000000
2488 -1383.0000000000
2493 -1382.0000000000
2494 -1381.0000000000
2498 -1380.0000000000
2500 -1379.0000000000
2506 -1378.0000000000
2521 -1377.0000000000
2522 -1376.0000000000
2524 -1375.0000000000
2527 -1374.0000000000
2533 -1373.0000000000
2541 -1372.0000000000
2553 -1371.0000000000
2563 -1370.0000000000
2578 -1369.0000000000
2584 -1368.0000000000
2589 -1366.0000000000
2592 -1365.0000000000
2597 -1364.0000000000
2603 -1363.0000000000
2605 -1362.0000000000
2606 -1361.0000000000
2610 -1360.0000000000
2611 -1359.0000000000
2616 -1358.0000000000
2626 -1357.0000000000
2628 -1356.0000000000
2634 -1355.0000000000
2641 -1354.0000000000
2642 -1353.0000000000
2652 -1352.0000000000
2654 -1351.0000000000
2668 -1350.0000000000
2669 -1349.0000000000
2674 -1348.0000000000
2682 -1346.0000000000
2696 -1345.0000000000
2699 -1343.0000000000
2703 -1342.0000000000
2717 -1341.0000000000
2721 -1340.0000000000
2727 -1339.0000000000
2729 -1338.0000000000
2731 -1336.0000000000
2741 -1335.0000000000
2750 -1333.0000000000
2761 -1332.0000000000
2767 -1330.0000000000
2768 -1329.0000000000
2769 -1328.0000000000
2777 -1327.0000000000
2791 -1326.0000000000
2793 -1325.0000000000
2800 -1324.0000000000
2815 -1323.0000000000
2821 -1321.0000000000
2838 -1320.0000000000
2839 -1318.0000000000
2841 -1317.0000000000
2842 -1315.0000000000
2843 -1314.0000000000
2849 -1313.0000000000
2854 -1312.0000000000
2857 -1311.0000000000
2860 -1310.0000000000
2870 -1309.0000000000
2874 -1308.0000000000
2882 -1306.0000000000
2886 -1305.0000000000
2890 -1304.0000000000
2893 -1302.0000000000
2897 -1301.0000000000
2900 -1300.0000000000
2901 -1299.0000000000
2903 -1298.0000000000
2918 -1296.0000000000
2925 -1294.0000000000
2926 -1293.0000000000
2933 -1292.0000000000
2938 -1291.0000000000
2942 -1289.0000000000
2946 -1288.0000000000
2949 -1287.0000000000
2950 -1286.0000000000
2957 -1285.0000000000
2959 -1284.0000000000
2961 -1283.0000000000
2963 -1282.0000000000
2964 -1281.0000000000
2968 -1280.0000000000
2972 -1278.0000000000
2973 -1277.0000000000
2986 -1275.0000000000
2987 -1274.0000000000
2989 -1273.0000000000
2998 -1272.0000000000
2999 -1271.0000000000
3002 -1270.0000000000
3012 -1269.0000000000
3026 -1268.0000000000
3029 -1267.0000000000
3033 -1266.0000000000
3044 -1265.0000000000
3045 -1264.0000000000
3046 -1263.0000000000
3058 -1262.0000000000
3062 -1261.0000000000
3078 -1260.0000000000
3082 -1259.0000000000
3083 -1257.0000000000
3096 -1256.0000000000
3101 -1255.0000000000
3112 -1254.0000000000
3113 -1253.0000000000
3117 -1252.0000000000
3130 -1251.0000000000
3150 -1249.0000000000
3156 -1248.0000000000
3158 -1247.0000000000
3162 -1246.0000000000
3175 -1245.0000000000
3176 -1244.0000000000
3179 -1243.0000000000
3182 -1242.0000000000
3184 -1241.0000000000
3185 -1240.0000000000
3186 -1239.0000000000
3189 -1238.0000000000
3190 -1237.0000000000
3191 -1236.0000000000
3207 -1235.0000000000
3217 -1233.0000000000
3235 -1232.0000000000
3246 -1231.0000000000
3249 -1230.0000000000
3256 -1228.0000000000
3257 -1225.0000000000
3268 -1224.0000000000
3274 -1223.0000000000
3276 -1222.0000000000
3286 -1221.0000000000
3297 -1220.0000000000
3303 -1219.0000000000
3313 -1218.0000000000
3315 -1217.0000000000
3317 -1216.0000000000
3321 -1215.0000000000
3326 -1214.0000000000
3333 -1213.0000000000
3342 -1212.0000000000
3346 -1211.0000000000
3347 -1210.0000000000
3371 -1208.0000000000
3373 -1207.0000000000
3383 -1206.0000000000
3385 -1205.0000000000
3389 -1203.0000000000
3394 -1202.0000000000
3401 -1201.0000000000
3402 -1200.0000000000
3405 -1199.0000000000
3417 -1198.0000000000
3418 -1197.0000000000
3438 -1196.0000000000
3451 -1195.0000000000
3456 -1193.0000000000
3460 -1192.0000000000
3461 -1191.0000000000
3467 -1190.0000000000
3470 -1189.0000000000
3477 -1188.0000000000
3483 -1187.0000000000
3498 -1186.0000000000
3503 -1185.0000000000
3516 -1184.0000000000
3517 -1183.0000000000
3520 -1182.0000000000
3532 -1181.0000000000
3533 -1180.0000000000
3542 -1179.0000000000
3545 -1177.0000000000
3546 -1176.0000000000
3550 -1174.0000000000
3553 -1173.0000000000
3555 -1172.0000000000
3558 -1171.0000000000
3576 -1170.0000000000
3583 -1169.0000000000
3589 -1168.0000000000
3604 -1167.0000000000
3627 -1166.0000000000
3631 -1165.0000000000
3633 -1164.0000000000
3637 -1163.0000000000
3639 -1162.0000000000
3645 -1161.0000000000
3662 -1160.0000000000
3664 -1159.0000000000
3665 -1158.0000000000
3667 -1157.0000000000
3685 -1155.0000000000
3686 -1154.0000000000
3690 -1153.0000000000
3692 -1152.0000000000
3703 -1151.0000000000
3706 -1150.0000000000
3708 -1149.0000000000
3715 -1148.0000000000
3717 -1147.0000000000
3720 -1146.0000000000
3727 -1145.0000000000
3729 -1144.0000000000
3733 -1143.0000000000
3739 -1141.0000000000
3742 -1140.0000000000
3754 -1139.0000000000
3791 -1138.0000000000
3794 -1137.0000000000
3797 -1136.0000000000
3805 -1135.0000000000
3816 -1134.0000000000
3825 -1132.0000000000
3843 -1131.0000000000
3851 -1130.0000000000
3861 -1129.0000000000
3864 -1128.0000000000
3865 -1127.0000000000
3868 -1125.0000000000
3873 -1124.0000000000
3881 -1123.0000000000
3882 -1122.0000000000
3901 -1119.0000000000
3910 -1118.0000000000
3913 -1117.0000000000
3922 -1116.0000000000
3923 -1115.0000000000
3925 -1114.0000000000
3927 -1113.0000000000
3930 -1111.0000000000
3932 -1110.0000000000
3942 -1109.0000000000
3946 -1108.0000000000
3947 -1107.0000000000
3952 -1106.0000000000
3953 -1105.0000000000
3958 -1103.0000000000
3968 -1102.0000000000
3972 -1101.0000000000
3977 -1100.0000000000
3984 -1098.0000000000
3988 -1097.0000000000
3996 -1096.0000000000
4007 -1095.0000000000
4020 -1094.0000000000
4025 -1093.0000000000
4030 -1092.0000000000
4045 -1091.0000000000
4046 -1090.0000000000
4049 -1089.0000000000
4058 -1088.0000000000
4060 -1087.0000000000
4063 -1086.0000000000
4070 -1085.0000000000
4071 -1084.0000000000
4075 -1083.0000000000
4076 -1082.0000000000
4095 -1081.0000000000
4103 -1080.0000000000
4111 -1079.0000000000
4117 -1078.0000000000
4133 -1076.0000000000
4136 -1075.0000000000
4137 -1074.0000000000
4142 -1072.0000000000
4152 -1071.0000000000
4188 -1070.0000000000
4198 -1069.0000000000
4201 -1068.0000000000
4206 -1067.0000000000
4208 -1065.0000000000
4217 -1064.0000000000
4228 -1063.0000000000
4246 -1062.0000000000
4249 -1060.0000000000
4259 -1059.0000000000
4261 -1058.0000000000
4284 -1057.0000000000
4291 -1056.0000000000
4293 -1055.0000000000
4307 -1054.0000000000
4322 -1053.0000000000
4333 -1052.0000000000
4340 -1051.0000000000
4343 -1050.0000000000
4345 -1049.0000000000
4356 -1048.0000000000
4361 -1047.0000000000
4367 -1046.0000000000
4376 -1045.0000000000
4378 -1044.0000000000
4383 -1043.0000000000
4396 -1042.0000000000
4402 -1041.0000000000
4407 -1040.0000000000
4409 -1039.0000000000
4412 -1038.0000000000
4434 -1037.0000000000
4445 -1036.0000000000
4457 -1034.0000000000
4460 -1033.0000000000
4471 -1032.0000000000
4475 -1031.0000000000
4479 -1030.0000000000
4493 -1029.0000000000
4498 -1028.0000000000
4500 -1027.0000000000
4502 -1026.0000000000
4507 -1025.0000000000
4510 -1023.0000000000
4518 -1022.0000000000
4525 -1021.0000000000
4526 -1019.0000000000
4529 -1018.0000000000
4533 -1017.0000000000
4538 -1016.0000000000
4542 -1015.0000000000
4556 -1014.0000000000
4568 -1013.0000000000
4591 -1012.0000000000
4597 -1011.0000000000
4620 -1010.0000000000
4624 -1009.0000000000
4631 -1008.0000000000
4636 -1007.0000000000
4642 -1006.0000000000
4644 -1004.0000000000
4660 -1003.0000000000
4670 -1001.0000000000
4676 -1000.0000000000
4687 -999.0000000000
4697 -997.0000000000
4704 -995.0000000000
4708 -994.0000000000
4720 -993.0000000000
4724 -992.0000000000
4725 -991.0000000000
4730 -990.0000000000
4738 -989.0000000000
4756 -988.0000000000
4757 -987.0000000000
4769 -986.0000000000
4787 -985.0000000000
4792 -984.0000000000
4827 -983.0000000000
4840 -982.0000000000
4854 -981.0000000000
4861 -980.0000000000
4887 -979.0000000000
4890 -978.0000000000
4892 -977.0000000000
4919 -976.0000000000
4926 -975.0000000000
4937 -974.0000000000
4941 -973.0000000000
4947 -972.0000000000
4949 -971.0000000000
4955 -970.0000000000
4959 -969.0000000000
4982 -968.0000000000
4988 -967.0000000000
4989 -966.0000000000
5003 -965.0000000000
5004 -964.0000000000
5012 -963.0000000000
5013 -962.0000000000
5019 -961.0000000000
5020 -959.0000000000
5032 -958.0000000000
5040 -956.0000000000
5062 -955.0000000000
5068 -954.0000000000
5072 -953.0000000000
5082 -952.0000000000
5098 -951.0000000000
5099 -949.0000000000
5106 -947.0000000000
5109 -946.0000000000
5121 -945.0000000000
5135 -944.0000000000
5149 -943.0000000000
5160 -942.0000000000
5161 -940.0000000000
5165 -939.0000000000
5183 -938.0000000000
5193 -937.0000000000
5194 -936.0000000000
5198 -935.0000000000
5202 -934.0000000000
5206 -933.0000000000
5208 -932.0000000000
5219 -931.0000000000
5233 -930.0000000000
5234 -929.0000000000
5235 -928.0000000000
5243 -927.0000000000
5274 -926.0000000000
5296 -925.0000000000
5299 -924.0000000000
5302 -923.0000000000
5312 -922.0000000000
5313 -921.0000000000
5316 -920.0000000000
5325 -919.0000000000
5342 -917.0000000000
5351 -916.0000000000
5363 -915.0000000000
5386 -914.0000000000
5397 -913.0000000000
5410 -912.0000000000
5420 -911.0000000000
5428 -910.0000000000
5435 -909.0000000000
5436 -908.0000000000
5438 -907.0000000000
5444 -906.0000000000
5454 -904.0000000000
5469 -903.0000000000
5472 -902.0000000000
5490 -901.0000000000
5499 -900.0000000000
5510 -899.0000000000
5553 -897.0000000000
5560 -896.0000000000
5562 -895.0000000000
5563 -894.0000000000
5577 -893.0000000000
5578 -891.0000000000
5590 -890.0000000000
5597 -889.0000000000
5606 -887.0000000000
5608 -885.0000000000
5633 -884.0000000000
5636 -883.0000000000
5639 -882.0000000000
5645 -881.0000000000
5654 -880.0000000000
5665 -879.0000000000
5675 -878.0000000000
5724 -877.0000000000
5747 -876.0000000000
5762 -875.0000000000
5775 -874.0000000000
5781 -873.0000000000
5805 -871.0000000000
5806 -870.0000000000
5813 -869.0000000000
5819 -867.0000000000
5841 -865.0000000000
5847 -864.0000000000
5865 -863.0000000000
5876 -862.0000000000
5881 -861.0000000000
5882 -860.0000000000
5883 -859.0000000000
5888 -858.0000000000
5891 -857.0000000000
5900 -856.0000000000
5902 -855.0000000000
5927 -853.0000000000
5928 -852.0000000000
5935 -850.0000000000
5963 -848.0000000000
5966 -847.0000000000
5988 -846.0000000000
5989 -845.0000000000
5990 -844.0000000000
5995 -843.0000000000
6007 -842.0000000000
6019 -841.0000000000
6032 -840.0000000000
6055 -839.0000000000
6070 -838.0000000000
6077 -837.0000000000
6103 -836.0000000000
6146 -834.0000000000
6150 -833.0000000000
6189 -831.0000000000
6195 -829.0000000000
6200 -828.0000000000
6204 -827.0000000000
6227 -826.0000000000
6247 -825.0000000000
6268 -824.0000000000
6269 -823.0000000000
6277 -822.0000000000
6282 -821.0000000000
6289 -820.0000000000
6290 -819.0000000000
6299 -818.0000000000
6303 -817.0000000000
6317 -816.0000000000
6319 -815.0000000000
6352 -814.0000000000
6373 -813.0000000000
6415 -812.0000000000
6423 -811.0000000000
6427 -810.0000000000
6432 -809.0000000000
6455 -808.0000000000
6458 -807.0000000000
6468 -806.0000000000
6482 -805.0000000000
6494 -804.0000000000
6500 -803.0000000000
6504 -802.0000000000
6518 -801.0000000000
6523 -800.0000000000
6533 -799.0000000000
6536 -798.0000000000
6540 -797.0000000000
6552 -796.0000000000
6556 -795.0000000000
6557 -794.0000000000
6566 -792.0000000000
6574 -791.0000000000
6575 -790.0000000000
6595 -789.0000000000
6606 -788.0000000000
6646 -787.0000000000
6652 -786.0000000000
6660 -785.0000000000
6678 -784.0000000000
6689 -783.0000000000
6693 -782.0000000000
6698 -781.0000000000
6708 -780.0000000000
6714 -779.0000000000
6719 -778.0000000000
6725 -777.0000000000
6737 -776.0000000000
6743 -775.0000000000
6760 -774.0000000000
6788 -773.0000000000
6798 -772.0000000000
6803 -770.0000000000
6808 -769.0000000000
6846 -768.0000000000
6858 -767.0000000000
6862 -766.0000000000
6870 -765.0000000000
6873 -764.0000000000
6876 -763.0000000000
6884 -762.0000000000
6886 -761.0000000000
6917 -759.0000000000
6945 -758.0000000000
6957 -757.0000000000
6979 -755.0000000000
7018 -754.0000000000
7019 -753.0000000000
7035 -752.0000000000
7050 -751.0000000000
7064 -750.0000000000
7068 -748.0000000000
7084 -747.0000000000
7088 -746.0000000000
7100 -745.0000000000
7105 -744.0000000000
7114 -743.0000000000
7130 -742.0000000000
7132 -741.0000000000
7146 -740.0000000000
7153 -739.0000000000
7155 -737.0000000000
7182 -736.0000000000
7188 -735.0000000000
7189 -734.0000000000
7196 -733.0000000000
7214 -732.0000000000
7225 -731.0000000000
7233 -730.0000000000
7235 -729.0000000000
7246 -728.0000000000
7247 -727.0000000000
7258 -726.0000000000
7283 -725.0000000000
7290 -724.0000000000
7300 -723.0000000000
7334 -722.0000000000
7352 -721.0000000000
7372 -720.0000000000
7383 -719.0000000000
7385 -718.0000000000
7415 -717.0000000000
7419 -716.0000000000
7422 -715.0000000000
7430 -714.0000000000
7450 -713.0000000000
7468 -711.0000000000
7473 -710.0000000000
7486 -709.0000000000
7509 -707.0000000000
7524 -706.0000000000
7530 -705.0000000000
7533 -704.0000000000
7552 -703.0000000000
7569 -702.0000000000
7577 -701.0000000000
7581 -700.0000000000
7590 -699.0000000000
7603 -698.0000000000
7613 -697.0000000000
7614 -696.0000000000
7621 -695.0000000000
7634 -694.0000000000
7662 -693.0000000000
7666 -692.0000000000
7673 -690.0000000000
7689 -689.0000000000
7712 -688.0000000000
7740 -687.0000000000
7754 -686.0000000000
7758 -685.0000000000
7764 -684.0000000000
7767 -683.0000000000
7785 -682.0000000000
7792 -681.0000000000
7814 -680.0000000000
7817 -679.0000000000
7818 -678.0000000000
7820 -677.0000000000
7828 -676.0000000000
7841 -675.0000000000
7850 -673.0000000000
7857 -672.0000000000
7859 -671.0000000000
7864 -670.0000000000
7873 -669.0000000000
7898 -668.0000000000
7917 -667.0000000000
7919 -666.0000000000
7924 -664.0000000000
7946 -663.0000000000
7953 -662.0000000000
7965 -661.0000000000
7972 -660.0000000000
7973 -658.0000000000
7981 -657.0000000000
8027 -656.0000000000
8036 -655.0000000000
8050 -654.0000000000
8081 -653.0000000000
8092 -652.0000000000
8126 -651.0000000000
8131 -650.0000000000
8135 -649.0000000000
8174 -648.0000000000
8181 -647.0000000000
8221 -646.0000000000
8236 -645.0000000000
8240 -644.0000000000
8288 -643.0000000000
8350 -642.0000000000
8352 -641.0000000000
8424 -639.0000000000
8501 -638.0000000000
8503 -637.0000000000
8507 -635.0000000000
8521 -634.0000000000
8541 -633.0000000000
8542 -632.0000000000
8557 -631.0000000000
8572 -630.0000000000
8582 -629.0000000000
8598 -628.0000000000
8631 -627.0000000000
8638 -626.0000000000
8642 -625.0000000000
8643 -624.0000000000
8645 -623.0000000000
8657 -622.0000000000
8669 -621.0000000000
8686 -620.0000000000
8700 -619.0000000000
8721 -618.0000000000
8727 -617.0000000000
8817 -616.0000000000
8822 -615.0000000000
8864 -614.0000000000
8867 -613.0000000000
8896 -612.0000000000
8910 -610.0000000000
8949 -609.0000000000
8952 -608.0000000000
8958 -607.0000000000
8972 -606.0000000000
8989 -605.0000000000
9019 -603.0000000000
9048 -602.0000000000
9057 -601.0000000000
9077 -600.0000000000
9085 -599.0000000000
9099 -598.0000000000
9110 -597.0000000000
9127 -596.0000000000
9144 -595.0000000000
9169 -594.0000000000
9185 -593.0000000000
9202 -592.0000000000
9216 -591.0000000000
9249 -590.0000000000
9256 -589.0000000000
9261 -588.0000000000
9289 -587.0000000000
9305 -586.0000000000
9313 -585.0000000000
9317 -584.0000000000
9323 -582.0000000000
9345 -581.0000000000
9346 -580.0000000000
9371 -578.0000000000
9386 -577.0000000000
9395 -576.0000000000
9421 -573.0000000000
9430 -572.0000000000
9439 -571.0000000000
9442 -570.0000000000
9443 -568.0000000000
9490 -567.0000000000
9507 -566.0000000000
9508 -565.0000000000
9511 -564.0000000000
9528 -563.0000000000
9566 -562.0000000000
9587 -561.0000000000
9589 -560.0000000000
9593 -559.0000000000
9613 -558.0000000000
9629 -557.0000000000
9635 -556.0000000000
9656 -555.0000000000
9660 -554.0000000000
9665 -553.0000000000
9672 -552.0000000000
9703 -551.0000000000
9709 -550.0000000000
9714 -549.0000000000
9722 -548.0000000000
9725 -547.0000000000
9728 -546.0000000000
9745 -545.0000000000
9771 -544.0000000000
9790 -543.0000000000
9843 -542.0000000000
9896 -540.0000000000
9943 -539.0000000000
9952 -538.0000000000
9963 -537.0000000000
9966 -535.0000000000
10000 -535.0000000000
evaluations raw_y
1 -1993.0000000000
3 -1992.0000000000
5 -1991.0000000000
9 -1990.0000000000
10 -1989.0000000000
12 -1988.0000000000
14 -1986.0000000000
18 -1985.0000000000
19 -1984.0000000000
20 -1983.0000000000
23 -1981.0000000000
24 -1980.0000000000
26 -1978.0000000000
28 -1977.0000000000
30 -1975.0000000000
35 -1973.0000000000
37 -1972.0000000000
43 -1971.0000000000
46 -1969.0000000000
47 -1968.0000000000
49 -1967.0000000000
53 -1966.0000000000
57 -1965.0000000000
66 -1964.0000000000
72 -1963.0000000000
73 -1962.0000000000
81 -1961.0000000000
84 -1960.0000000000
85 -1959.0000000000
86 -1958.0000000000
94 -1957.0000000000
97 -1956.0000000000
105 -1954.0000000000
117 -1953.0000000000
119 -1952.0000000000
121 -1951.0000000000
126 -1950.0000000000
129 -1949.0000000000
135 -1947.0000000000
140 -1945.0000000000
150 -1944.0000000000
151 -1943.0000000000
154 -1942.0000000000
169 -1941.0000000000
172 -1940.0000000000
178 -1939.0000000000
181 -1938.0000000000
184 -1937.0000000000
186 -1936.0000000000
187 -1935.0000000000
188 -1934.0000000000
193 -1933.0000000000
200 -1932.0000000000
206 -1931.0000000000
207 -1930.0000000000
209 -1929.0000000000
213 -1928.0000000000
214 -1924.0000000000
217 -1923.0000000000
218 -1922.0000000000
220 -1921.0000000000
222 -1920.0000000000
226 -1918.0000000000
232 -1917.0000000000
234 -1915.0000000000
245 -1914.0000000000
249 -1912.0000000000
257 -1911.0000000000
258 -1910.0000000000
264 -1909.0000000000
265 -1908.0000000000
266 -1907.0000000000
272 -1906.0000000000
274 -1904.0000000000
276 -1903.0000000000
284 -1902.0000000000
291 -1901.0000000000
292 -1900.0000000000
300 -1899.0000000000
302 -1897.0000000000
308 -1896.0000000000
312 -1895.0000000000
313 -1894.0000000000
314 -1893.0000000000
316 -1892.0000000000
324 -1891.0000000000
326 -1890.0000000000
328 -1888.0000000000
332 -1886.0000000000
334 -1884.0000000000
343 -1883.0000000000
346 -1881.0000000000
351 -1880.0000000000
353 -1878.0000000000
359 -1877.0000000000
365 -1876.0000000000
375 -1875.0000000000
379 -1871.0000000000
387 -1870.0000000000
392 -1869.0000000000
401 -1867.0000000000
402 -1866.0000000000
405 -1864.0000000000
411 -1862.0000000000
413 -1861.0000000000
415 -1860.0000000000
416 -1857.0000000000
417 -1856.0000000000
423 -1854.0000000000
425 -1853.0000000000
429 -1852.0000000000
433 -1851.0000000000
437 -1850.0000000000
439 -1849.0000000000
441 -1848.0000000000
444 -1845.0000000000
445 -1844.0000000000
446 -1843.0000000000
452 -1842.0000000000
455 -1841.0000000000
457 -1839.0000000000
473 -1837.0000000000
474 -1835.0000000000
476 -1834.0000000000
479 -1833.0000000000
482 -1831.0000000000
486 -1830.0000000000
487 -1829.0000000000
489 -1828.0000000000
490 -1827.0000000000
493 -1826.0000000000
495 -1825.0000000000
496 -1824.0000000000
497 -1823.0000000000
500 -1822.0000000000
504 -1821.0000000000
506 -1820.0000000000
511 -1819.0000000000
512 -1818.0000000000
516 -1816.0000000000
522 -1815.0000000000
528 -1814.0000000000
532 -1813.0000000000
534 -1812.0000000000
543 -1811.0000000000
544 -1810.0000000000
549 -1809.0000000000
555 -1807.0000000000
558 -1806.0000000000
564 -1803.0000000000
565 -1802.0000000000
566 -1801.0000000000
569 -1800.0000000000
579 -1799.0000000000
580 -1798.0000000000
581 -1797.0000000000
585 -1796.0000000000
586 -1795.0000000000
587 -1794.0000000000
589 -1792.0000000000
592 -1791.0000000000
593 -1790.0000000000
595 -1788.0000000000
598 -1787.0000000000
602 -1786.0000000000
607 -1785.0000000000
609 -1783.0000000000
613 -1782.0000000000
616 -1781.0000000000
619 -1779.0000000000
624 -1778.0000000000
627 -1777.0000000000
628 -1776.0000000000
630 -1775.0000000000
633 -1773.0000000000
647 -1771.0000000000
649 -1770.0000000000
656 -1769.0000000000
667 -1768.0000000000
668 -1766.0000000000
671 -1764.0000000000
672 -1763.0000000000
677 -1762.0000000000
679 -1761.0000000000
682 -1760.0000000000
683 -1759.0000000000
687 -1757.0000000000
688 -1756.0000000000
691 -1753.0000000000
692 -1752.0000000000
701 -1751.0000000000
703 -1750.0000000000
712 -1749.0000000000
713 -1748.0000000000
717 -1747.0000000000
724 -1746.0000000000
726 -1745.0000000000
732 -1744.0000000000
735 -1743.0000000000
740 -1742.0000000000
744 -1741.0000000000
750 -1740.0000000000
751 -1739.0000000000
760 -1738.0000000000
761 -1736.0000000000
764 -1735.0000000000
773 -1734.0000000000
781 -1733.0000000000
787 -1732.0000000000
789 -1730.0000000000
807 -1729.0000000000
809 -1728.0000000000
815 -1727.0000000000
818 -1725.0000000000
820 -1723.0000000000
821 -1722.0000000000
823 -1721.0000000000
824 -1720.0000000000
833 -1719.0000000000
839 -1718.0000000000
844 -1717.0000000000
859 -1716.0000000000
873 -1715.0000000000
874 -1714.0000000000
875 -1713.0000000000
879 -1712.0000000000
883 -1711.0000000000
884 -1710.0000000000
885 -1709.0000000000
886 -1708.0000000000
888 -1707.0000000000
889 -1706.0000000000
890 -1704.0000000000
893 -1703.0000000000
897 -1702.0000000000
900 -1701.0000000000
902 -1700.0000000000
904 -1699.0000000000
905 -1698.0000000000
911 -1696.0000000000
913 -1695.0000000000
914 -1694.0000000000
915 -1693.0000000000
919 -1691.0000000000
924 -1690.0000000000
925 -1689.0000000000
928 -1688.0000000000
929 -1687.0000000000
938 -1686.0000000000
940 -1685.0000000000
942 -1684.0000000000
947 -1683.0000000000
954 -1682.0000000000
957 -1681.0000000000
959 -1680.0000000000
967 -1678.0000000000
968 -1677.0000000000
969 -1676.0000000000
970 -1674.0000000000
972 -1673.0000000000
977 -1672.0000000000
980 -1671.0000000000
981 -1670.0000000000
984 -1669.0000000000
988 -1668.0000000000
998 -1667.0000000000
1002 -1665.0000000000
1011 -1664.0000000000
1013 -1663.0000000000
1017 -1662.0000000000
1020 -1661.0000000000
1028 -1660.0000000000
1031 -1659.0000000000
1033 -1658.0000000000
1035 -1656.0000000000
1041 -1655.0000000000
1044 -1654.0000000000
1050 -1653.0000000000
1057 -1652.0000000000
1058 -1651.0000000000
1069 -1650.0000000000
1070 -1649.0000000000
1071 -1648.0000000000
1073 -1647.0000000000
1074 -1646.0000000000
1088 -1644.0000000000
1089 -1642.0000000000
1092 -1641.0000000000
1094 -1640.0000000000
1101 -1639.0000000000
1105 -1638.0000000000
1121 -1636.0000000000
1122 -1635.0000000000
1125 -1633.0000000000
1133 -1632.0000000000
1138 -1630.0000000000
1150 -1629.0000000000
1151 -1627.0000000000
1157 -1626.0000000000
1161 -1625.0000000000
1163 -1624.0000000000
1164 -1623.0000000000
1169 -1622.0000000000
1176 -1621.0000000000
1179 -1620.0000000000
1181 -1619.0000000000
1193 -1618.0000000000
1196 -1617.0000000000
1198 -1615.0000000000
1201 -1614.0000000000
1208 -1613.0000000000
1218 -1612.0000000000
1219 -1611.0000000000
1234 -1609.0000000000
1237 -1608.0000000000
1238 -1607.0000000000
1239 -1606.0000000000
1241 -1605.0000000000
1242 -1604.0000000000
1246 -1603.0000000000
1249 -1602.0000000000
1250 -1601.0000000000
1251 -1600.0000000000
1283 -1599.0000000000
1285 -1598.0000000000
1290 -1597.0000000000
1296 -1596.0000000000
1302 -1595.0000000000
1308 -1594.0000000000
1316 -1593.0000000000
1326 -1591.0000000000
1334 -1590.0000000000
1335 -1589.0000000000
1341 -1588.0000000000
1342 -1587.0000000000
1346 -1585.0000000000
1366 -1584.0000000000
1367 -1583.0000000000
1369 -1580.0000000000
1373 -1578.0000000000
1374 -1577.0000000000
1375 -1576.0000000000
1380 -1573.0000000000
1382 -1572.0000000000
1386 -1571.0000000000
1395 -1570.0000000000
1400 -1569.0000000000
1407 -1568.0000000000
1409 -1564.0000000000
1424 -1562.0000000000
1425 -1561.0000000000
1432 -1559.0000000000
1445 -1556.0000000000
1458 -1554.0000000000
1464 -1553.0000000000
1465 -1550.0000000000
1473 -1549.0000000000
1477 -1545.0000000000
1483 -1544.0000000000
1484 -1542.0000000000
1487 -1541.0000000000
1489 -1538.0000000000
1498 -1537.0000000000
1499 -1536.0000000000
1501 -1535.0000000000
1513 -1534.0000000000
1514 -1533.0000000000
1520 -1532.0000000000
1526 -1531.0000000000
1535 -1530.0000000000
1544 -1529.0000000000
1552 -1528.0000000000
1562 -1527.0000000000
1564 -1526.0000000000
1569 -1525.0000000000
1570 -1524.0000000000
1572 -1522.0000000000
1579 -1521.0000000000
1582 -1520.0000000000
1584 -1518.0000000000
1586 -1517.0000000000
1588 -1516.0000000000
1593 -1515.0000000000
1595 -1514.0000000000
1616 -1512.0000000000
1629 -1511.0000000000
1631 -1510.0000000000
1632 -1509.0000000000
1635 -1508.0000000000
1642 -1507.0000000000
1646 -1506.0000000000
1659 -1505.0000000000
1660 -1504.0000000000
1662 -1503.0000000000
1665 -1502.0000000000
1671 -1499.0000000000
1677 -1498.0000000000
1685 -1497.0000000000
1699 -1496.0000000000
1702 -1495.0000000000
1706 -1494.0000000000
1710 -1492.0000000000
1712 -1491.0000000000
1732 -1490.0000000000
1733 -1489.0000000000
1735 -1488.0000000000
1737 -1487.0000000000
1758 -1486.0000000000
1767 -1485.0000000000
1776 -1484.0000000000
1779 -1483.0000000000
1789 -1482.0000000000
1796 -1481.0000000000
1802 -1480.0000000000
1808 -1479.0000000000
1812 -1477.0000000000
1817 -1476.0000000000
1819 -1475.0000000000
1832 -1474.0000000000
1836 -1472.0000000000
1838 -1471.0000000000
1841 -1470.0000000000
1854 -1469.0000000000
1855 -1468.0000000000
1864 -1467.0000000000
1870 -1466.0000000000
1877 -1465.0000000000
1878 -1464.0000000000
1883 -1463.0000000000
1887 -1461.0000000000
1896 -1460.0000000000
1897 -1459.0000000000
1901 -1458.0000000000
1908 -1456.0000000000
1913 -1455.0000000000
1916 -1454.0000000000
1926 -1453.0000000000
1927 -1452.0000000000
1930 -1451.0000000000
1933 -1450.0000000000
1937 -1449.0000000000
1964 -1447.0000000000
1966 -1446.0000000000
1970 -1445.0000000000
1972 -1443.0000000000
1973 -1442.0000000000
1979 -1440.0000000000
2000 -1439.0000000000
2005 -1438.0000000000
2007 -1437.0000000000
2010 -1435.0000000000
2020 -1434.0000000000
2022 -1433.0000000000
2025 -1432.0000000000
2029 -1431.0000000000
2052 -1430.0000000000
2055 -1429.0000000000
2067 -1428.0000000000
2090 -1425.0000000000
2094 -1424.0000000000
2097 -1423.0000000000
2101 -1421.0000000000
2104 -1419.0000000000
2105 -1418.0000000000
2106 -1416.0000000000
2107 -1415.0000000000
2112 -1414.0000000000
2115 -1413.0000000000
2117 -1412.0000000000
2123 -1411.0000000000
2132 -1410.0000000000
2137 -1409.0000000000
2147 -1407.0000000000
2148 -1406.0000000000
2154 -1405.0000000000
2163 -1404.0000000000
2170 -1403.0000000000
2175 -1402.0000000000
2179 -1401.0000000000
2186 -1400.0000000000
2192 -1399.0000000000
2194 -1397.0000000000
2213 -1396.0000000000
2217 -1395.0000000000
2228 -1394.0000000000
2230 -1393.0000000000
2232 -1391.0000000000
2253 -1390.0000000000
2254 -1389.0000000000
2257 -1388.0000000000
2258 -1387.0000000000
2265 -1386.0000000000
2266 -1385.0000000000
2275 -1384.0000000000
2276 -1383.0000000000
2282 -1382.0000000000
2286 -1381.0000000000
2288 -1380.0000000000
2291 -1379.0000000000
2293 -1378.0000000000
2297 -1377.0000000000
2298 -1375.0000000000
2302 -1374.0000000000
2307 -1372.0000000000
2314 -1371.0000000000
2315 -1370.0000000000
2316 -1369.0000000000
2322 -1367.0000000000
2327 -1366.0000000000
2342 -1365.0000000000
2354 -1364.0000000000
2358 -1363.0000000000
2359 -1362.0000000000
2364 -1361.0000000000
2367 -1360.0000000000
2368 -1358.0000000000
2373 -1357.0000000000
2376 -1356.0000000000
2379 -1355.0000000000
2384 -1354.0000000000
2391 -1353.0000000000
2403 -1352.0000000000
2407 -1351.0000000000
2411 -1350.0000000000
2415 -1349.0000000000
2416 -1348.0000000000
2420 -1347.0000000000
2424 -1346.0000000000
2438 -1345.0000000000
2448 -1344.0000000000
2456 -1343.0000000000
2459 -1342.0000000000
2461 -1341.0000000000
2463 -1340.0000000000
2480 -1339.0000000000
2491 -1338.0000000000
2506 -1337.0000000000
2509 -1336.0000000000
2527 -1334.0000000000
2536 -1333.0000000000
2539 -1332.0000000000
2540 -1330.0000000000
2541 -1328.0000000000
2546 -1327.0000000000
2547 -1326.0000000000
2551 -1325.0000000000
2552 -1324.0000000000
2556 -1323.0000000000
2559 -1321.0000000000
2562 -1320.0000000000
2563 -1319.0000000000
2564 -1318.0000000000
2568 -1317.0000000000
2571 -1315.0000000000
2582 -1313.0000000000
2591 -1312.0000000000
2601 -1311.0000000000
2602 -1310.0000000000
2604 -1308.0000000000
2614 -1307.0000000000
2624 -1306.0000000000
2625 -1305.0000000000
2626 -1304.0000000000
2628 -1303.0000000000
2633 -1302.0000000000
2644 -1301.0000000000
2657 -1300.0000000000
2658 -1299.0000000000
2663 -1298.0000000000
2667 -1297.0000000000
2676 -1296.0000000000
2677 -1295.0000000000
2679 -1294.0000000000
2692 -1293.0000000000
2703 -1292.0000000000
2708 -1291.0000000000
2720 -1290.0000000000
2722 -1289.0000000000
2732 -1286.0000000000
2735 -1285.0000000000
2736 -1284.0000000000
2743 -1282.0000000000
2745 -1281.0000000000
2754 -1280.0000000000
2755 -1279.0000000000
2763 -1278.0000000000
2764 -1277.0000000000
2779 -1276.0000000000
2797 -1275.0000000000
2811 -1274.0000000000
2813 -1273.0000000000
2831 -1272.0000000000
2834 -1271.0000000000
2842 -1269.0000000000
2855 -1268.0000000000
2874 -1267.0000000000
2886 -1266.0000000000
2893 -1265.0000000000
2894 -1264.0000000000
2900 -1263.0000000000
2913 -1261.0000000000
2915 -1260.0000000000
2918 -1259.0000000000
2923 -1258.0000000000
2931 -1256.0000000000
2933 -1255.0000000000
2934 -1254.0000000000
2946 -1252.0000000000
2951 -1251.0000000000
2952 -1250.0000000000
2957 -1249.0000000000
2962 -1248.0000000000
2967 -1247.0000000000
2980 -1246.0000000000
2983 -1245.0000000000
2984 -1244.0000000000
2991 -1243.0000000000
2999 -1242.0000000000
3023 -1241.0000000000
3025 -1240.0000000000
3027 -1239.0000000000
3042 -1238.0000000000
3048 -1237.0000000000
3054 -1236.0000000000
3062 -1235.0000000000
3067 -1234.0000000000
3073 -1231.0000000000
3076 -1230.0000000000
3078 -1229.0000000000
3087 -1228.0000000000
3094 -1227.0000000000
3116 -1225.0000000000
3117 -1224.0000000000
3123 -1223.0000000000
3125 -1221.0000000000
3135 -1220.0000000000
3142 -1219.0000000000
3144 -1218.0000000000
3147 -1217.0000000000
3148 -1216.0000000000
3171 -1215.0000000000
3174 -1214.0000000000
3180 -1213.0000000000
3184 -1212.0000000000
3186 -1211.0000000000
3187 -1210.0000000000
3200 -1209.0000000000
3207 -1208.0000000000
3222 -1207.0000000000
3224 -1206.0000000000
3230 -1205.0000000000
3231 -1204.0000000000
3244 -1203.0000000000
3246 -1201.0000000000
3253 -1200.0000000000
3263 -1199.0000000000
3281 -1197.0000000000
3287 -1196.0000000000
3289 -1194.0000000000
3291 -1193.0000000000
3298 -1191.0000000000
3311 -1190.0000000000
3316 -1189.0000000000
3318 -1188.0000000000
3322 -1187.0000000000
3323 -1186.0000000000
3324 -1185.0000000000
3332 -1184.0000000000
3339 -1182.0000000000
3344 -1181.0000000000
3346 -1180.0000000000
3348 -1179.0000000000
3350 -1177.0000000000
3353 -1176.0000000000
3362 -1175.0000000000
3368 -1174.0000000000
3382 -1173.0000000000
3384 -1172.0000000000
3391 -1171.0000000000
3394 -1170.0000000000
3408 -1169.0000000000
3415 -1168.0000000000
3416 -1167.0000000000
3435 -1166.0000000000
3448 -1165.0000000000
3450 -1164.0000000000
3460 -1163.0000000000
3467 -1162.0000000000
3470 -1160.0000000000
3473 -1159.0000000000
3476 -1157.0000000000
3478 -1154.0000000000
3479 -1153.0000000000
3496 -1152.0000000000
3497 -1151.0000000000
3515 -1150.0000000000
3525 -1149.0000000000
3542 -1148.0000000000
3547 -1147.0000000000
3553 -1146.0000000000
3562 -1145.0000000000
3563 -1144.0000000000
3569 -1143.0000000000
3570 -1142.0000000000
3582 -1141.0000000000
3583 -1140.0000000000
3585 -1139.0000000000
3589 -1138.0000000000
3590 -1137.0000000000
3597 -1136.0000000000
3598 -1135.0000000000
3607 -1134.0000000000
3613 -1133.0000000000
3623 -1132.0000000000
3625 -1130.0000000000
3626 -1129.0000000000
3631 -1128.0000000000
3634 -1127.0000000000
3661 -1126.0000000000
3664 -1125.0000000000
3667 -1122.0000000000
3668 -1121.0000000000
3669 -1120.0000000000
3690 -1119.0000000000
3693 -1118.0000000000
3701 -1117.0000000000
3703 -1116.0000000000
3743 -1115.0000000000
3744 -1114.0000000000
3749 -1113.0000000000
3764 -1112.0000000000
3765 -1111.0000000000
3791 -1110.0000000000
3794 -1109.0000000000
3802 -1107.0000000000
3803 -1105.0000000000
3812 -1104.0000000000
3820 -1103.0000000000
3830 -1102.0000000000
3836 -1100.0000000000
3854 -1098.0000000000
3859 -1097.0000000000
3866 -1096.0000000000
3869 -1095.0000000000
3880 -1094.0000000000
3882 -1093.0000000000
3891 -1092.0000000000
3896 -1091.0000000000
3913 -1090.0000000000
3915 -1089.0000000000
3930 -1088.0000000000
3934 -1086.0000000000
3935 -1085.0000000000
3938 -1084.0000000000
3940 -1083.0000000000
3945 -1082.0000000000
3948 -1081.0000000000
3950 -1080.0000000000
3962 -1079.0000000000
3969 -1078.0000000000
3975 -1077.0000000000
3988 -1076.0000000000
3999 -1075.0000000000
4019 -1074.0000000000
4025 -1073.0000000000
4027 -1072.0000000000
4039 -1071.0000000000
4044 -1070.0000000000
4046 -1068.0000000000
4064 -1067.0000000000
4069 -1066.0000000000
4071 -1065.0000000000
4073 -1064.0000000000
4076 -1063.0000000000
4086 -1062.0000000000
4088 -1061.0000000000
4101 -1060.0000000000
4117 -1059.0000000000
4138 -1058.0000000000
4139 -1054.0000000000
4146 -1053.0000000000
4155 -1052.0000000000
4174 -1051.0000000000
4182 -1050.0000000000
4184 -1049.0000000000
4186 -1048.0000000000
4198 -1046.0000000000
4199 -1045.0000000000
4211 -1044.0000000000
4217 -1042.0000000000
4227 -1041.0000000000
4231 -1040.0000000000
4238 -1038.0000000000
4241 -1037.0000000000
4242 -1036.0000000000
4249 -1035.0000000000
4253 -1034.0000000000
4259 -1033.0000000000
4261 -1032.0000000000
4262 -1031.0000000000
4271 -1030.0000000000
4273 -1029.0000000000
4276 -1028.0000000000
4288 -1027.0000000000
4299 -1025.0000000000
4324 -1024.0000000000
4325 -1023.0000000000
4328 -1022.0000000000
4333 -1021.0000000000
4361 -1020.0000000000
4367 -1019.0000000000
4377 -1018.0000000000
4388 -1017.0000000000
4396 -1015.0000000000
4398 -1014.0000000000
4404 -1013.0000000000
4409 -1012.0000000000
4413 -1011.0000000000
4421 -1010.0000000000
4423 -1009.0000000000
4446 -1007.0000000000
4451 -1006.0000000000
4468 -1005.0000000000
4473 -1004.0000000000
4475 -1003.0000000000
4476 -1002.0000000000
4500 -1001.0000000000
4512 -1000.0000000000
4521 -999.0000000000
4523 -998.0000000000
4527 -997.0000000000
4530 -996.0000000000
4543 -994.0000000000
4546 -992.0000000000
4547 -991.0000000000
4569 -990.0000000000
4603 -989.0000000000
4605 -988.0000000000
4610 -987.0000000000
4641 -986.0000000000
4647 -985.0000000000
4651 -984.0000000000
4660 -983.0000000000
4664 -982.0000000000
4666 -980.0000000000
4685 -979.0000000000
4709 -978.0000000000
4735 -977.0000000000
4739 -976.0000000000
4741 -975.0000000000
4775 -974.0000000000
4789 -973.0000000000
4790 -972.0000000000
4798 -971.0000000000
4825 -970.0000000000
4832 -969.0000000000
4836 -968.0000000000
4857 -967.0000000000
4862 -966.0000000000
4864 -965.0000000000
4873 -964.0000000000
4892 -963.0000000000
4901 -962.0000000000
4941 -961.0000000000
4944 -960.0000000000
4950 -959.0000000000
4960 -958.0000000000
4967 -957.0000000000
4968 -956.0000000000
4970 -955.0000000000
4973 -954.0000000000
4976 -953.0000000000
4988 -952.0000000000
4994 -950.0000000000
5007 -949.0000000000
5010 -948.0000000000
5011 -947.0000000000
5029 -946.0000000000
5030 -945.0000000000
5042 -944.0000000000
5044 -942.0000000000
5045 -941.0000000000
5047 -940.0000000000
5066 -939.0000000000
5094 -938.0000000000
5113 -937.0000000000
5119 -935.0000000000
5128 -934.0000000000
5129 -933.0000000000
5133 -932.0000000000
5134 -931.0000000000
5150 -930.0000000000
5156 -929.0000000000
5159 -928.0000000000
5172 -927.0000000000
5174 -926.0000000000
5180 -925.0000000000
5194 -922.0000000000
5199 -920.0000000000
5204 -919.0000000000
5214 -918.0000000000
5221 -917.0000000000
5242 -916.0000000000
5263 -915.0000000000
5267 -914.0000000000
5274 -913.0000000000
5287 -912.0000000000
5341 -911.0000000000
5344 -910.0000000000
5364 -909.0000000000
5368 -908.0000000000
5369 -907.0000000000
5379 -906.0000000000
5380 -905.0000000000
5387 -904.0000000000
5393 -903.0000000000
5402 -902.0000000000
5406 -901.0000000000
5416 -900.0000000000
5436 -899.0000000000
5443 -898.0000000000
5462 -897.0000000000
5465 -895.0000000000
5482 -894.0000000000
5488 -893.0000000000
5491 -892.0000000000
5495 -891.0000000000
5497 -890.0000000000
5533 -889.0000000000
5567 -888.0000000000
5579 -887.0000000000
5584 -886.0000000000
5588 -885.0000000000
5602 -883.0000000000
5612 -882.0000000000
5619 -881.0000000000
5624 -880.0000000000
5638 -879.0000000000
5641 -878.0000000000
5652 -877.0000000000
5658 -876.0000000000
5662 -875.0000000000
5674 -873.0000000000
5678 -872.0000000000
5682 -871.0000000000
5684 -870.0000000000
5685 -869.0000000000
5695 -868.0000000000
5696 -867.0000000000
5704 -865.0000000000
5715 -864.0000000000
5716 -863.0000000000
5720 -861.0000000000
5724 -860.0000000000
5739 -859.0000000000
5746 -858.0000000000
5764 -857.0000000000
5780 -856.0000000000
5793 -855.0000000000
5832 -853.0000000000
5873 -852.0000000000
5878 -851.0000000000
5880 -850.0000000000
5891 -849.0000000000
5904 -848.0000000000
5905 -847.0000000000
5906 -846.0000000000
5921 -845.0000000000
5969 -843.0000000000
6026 -841.0000000000
6027 -840.0000000000
6029 -839.0000000000
6043 -838.0000000000
6048 -837.0000000000
6061 -836.0000000000
6064 -835.0000000000
6067 -834.0000000000
6069 -833.0000000000
6086 -832.0000000000
6108 -831.0000000000
6122 -830.0000000000
6126 -829.0000000000
6149 -828.0000000000
6152 -827.0000000000
6176 -826.0000000000
6199 -824.0000000000
6206 -823.0000000000
6211 -822.0000000000
6216 -821.0000000000
6224 -820.0000000000
6240 -819.0000000000
6253 -818.0000000000
6266 -817.0000000000
6270 -816.0000000000
6283 -815.0000000000
6324 -814.0000000000
6326 -813.0000000000
6328 -812.0000000000
6330 -811.0000000000
6341 -810.0000000000
6380 -809.0000000000
6384 -808.0000000000
6395 -807.0000000000
6411 -806.0000000000
6412 -805.0000000000
6418 -804.0000000000
6420 -803.0000000000
6443 -802.0000000000
6458 -801.0000000000
6466 -800.0000000000
6505 -799.0000000000
6511 -798.0000000000
6557 -797.0000000000
6567 -796.0000000000
6577 -795.0000000000
6579 -794.0000000000
6586 -793.0000000000
6595 -792.0000000000
6598 -791.0000000000
6601 -790.0000000000
6610 -789.0000000000
6611 -788.0000000000
6616 -787.0000000000
6621 -786.0000000000
6647 -784.0000000000
6674 -783.0000000000
6683 -782.0000000000
6687 -781.0000000000
6707 -780.0000000000
6709 -779.0000000000
6713 -778.0000000000
6716 -777.0000000000
6717 -776.0000000000
6722 -775.0000000000
6753 -774.0000000000
6793 -773.0000000000
6796 -772.0000000000
6804 -771.0000000000
6821 -770.0000000000
6845 -769.0000000000
6857 -768.0000000000
6869 -767.0000000000
6875 -766.0000000000
6889 -765.0000000000
6898 -764.0000000000
6903 -763.0000000000
6904 -762.0000000000
6923 -761.0000000000
6924 -760.0000000000
6935 -758.0000000000
6961 -757.0000000000
6965 -756.0000000000
6992 -755.0000000000
7004 -754.0000000000
7014 -753.0000000000
7025 -752.0000000000
7035 -751.0000000000
7039 -750.0000000000
7047 -749.0000000000
7076 -748.0000000000
7081 -747.0000000000
7086 -746.0000000000
7109 -745.0000000000
7124 -744.0000000000
7130 -743.0000000000
7164 -742.0000000000
7181 -741.0000000000
7190 -739.0000000000
7212 -738.0000000000
7226 -737.0000000000
7227 -736.0000000000
7257 -735.0000000000
7288 -733.0000000000
7298 -732.0000000000
7312 -731.0000000000
7317 -730.0000000000
7338 -729.0000000000
7347 -728.0000000000
7349 -727.0000000000
7351 -726.0000000000
7364 -725.0000000000
7418 -724.0000000000
7438 -723.0000000000
7450 -721.0000000000
7469 -720.0000000000
7483 -719.0000000000
7491 -718.0000000000
7496 -717.0000000000
7501 -715.0000000000
7507 -714.0000000000
7525 -713.0000000000
7534 -712.0000000000
7538 -711.0000000000
7553 -710.0000000000
7558 -709.0000000000
7569 -708.0000000000
7570 -707.0000000000
7578 -706.0000000000
7582 -705.0000000000
7583 -704.0000000000
7591 -703.0000000000
7606 -702.0000000000
7627 -701.0000000000
7646 -700.0000000000
7655 -699.0000000000
7690 -698.0000000000
7719 -697.0000000000
7764 -696.0000000000
7778 -695.0000000000
7793 -694.0000000000
7815 -693.0000000000
7843 -692.0000000000
7854 -691.0000000000
7956 -690.0000000000
7958 -689.0000000000
7974 -688.0000000000
7996 -687.0000000000
8003 -686.0000000000
8010 -685.0000000000
8019 -684.0000000000
8031 -683.0000000000
8037 -682.0000000000
8047 -681.0000000000
8051 -680.0000000000
8100 -679.0000000000
8103 -678.0000000000
8104 -677.0000000000
8124 -676.0000000000
8127 -675.0000000000
8134 -674.0000000000
8156 -673.0000000000
8164 -672.0000000000
8166 -671.0000000000
8168 -670.0000000000
8197 -669.0000000000
8199 -668.0000000000
8203 -667.0000000000
8212 -665.0000000000
8222 -664.0000000000
8242 -662.0000000000
8248 -661.0000000000
8259 -660.0000000000
8272 -659.0000000000
8294 -658.0000000000
8301 -657.0000000000
8315 -656.0000000000
8319 -655.0000000000
8336 -654.0000000000
8339 -653.0000000000
8364 -652.0000000000
8373 -651.0000000000
8383 -650.0000000000
8441 -649.0000000000
8446 -648.0000000000
8455 -646.0000000000
8484 -644.0000000000
8489 -643.0000000000
8502 -642.0000000000
8511 -641.0000000000
8526 -640.0000000000
8582 -638.0000000000
8611 -637.0000000000
8613 -636.0000000000
8636 -634.0000000000
8655 -632.0000000000
8662 -631.0000000000
8693 -630.0000000000
8714 -629.0000000000
8715 -628.0000000000
8724 -627.0000000000
8734 -626.0000000000
8741 -625.0000000000
8745 -624.0000000000
8758 -623.0000000000
8769 -622.0000000000
8778 -620.0000000000
8798 -619.0000000000
8800 -618.0000000000
8810 -617.0000000000
8811 -616.0000000000
8840 -615.0000000000
8845 -613.0000000000
8877 -612.0000000000
8889 -611.0000000000
8895 -610.0000000000
8945 -609.0000000000
8954 -608.0000000000
8965 -607.0000000000
8971 -606.0000000000
8981 -605.0000000000
8983 -603.0000000000
8984 -602.0000000000
9003 -601.0000000000
9035 -600.0000000000
9046 -599.0000000000
9075 -598.0000000000
9092 -597.0000000000
9100 -596.0000000000
9119 -595.0000000000
9126 -594.0000000000
9138 -593.0000000000
9150 -592.0000000000
9151 -591.0000000000
9164 -590.0000000000
9169 -589.0000000000
9170 -588.0000000000
9171 -587.0000000000
9173 -586.0000000000
9192 -585.0000000000
9208 -584.0000000000
9211 -583.0000000000
9247 -582.0000000000
9267 -581.0000000000
9273 -580.0000000000
9325 -579.0000000000
9339 -578.0000000000
9345 -577.0000000000
9356 -576.0000000000
9384 -575.0000000000
9391 -574.0000000000
9396 -573.0000000000
9406 -572.0000000000
9408 -571.0000000000
9416 -570.0000000000
9446 -569.0000000000
9450 -568.0000000000
9465 -567.0000000000
9468 -566.0000000000
9472 -565.0000000000
9473 -564.0000000000
9474 -563.0000000000
9482 -562.0000000000
9492 -560.0000000000
9501 -558.0000000000
9504 -556.0000000000
9509 -555.0000000000
9515 -554.0000000000
9516 -552.0000000000
9530 -551.0000000000
9569 -550.0000000000
9610 -549.0000000000
9633 -547.0000000000
9652 -546.0000000000
9660 -545.0000000000
9673 -544.0000000000
9681 -543.0000000000
9707 -541.0000000000
9715 -540.0000000000
9721 -539.0000000000
9733 -538.0000000000
9746 -537.0000000000
9757 -536.0000000000
9822 -535.0000000000
9846 -534.0000000000
9876 -533.0000000000
9883 -532.0000000000
9898 -531.0000000000
9940 -529.0000000000
9944 -528.0000000000
9964 -527.0000000000
9969 -526.0000000000
9977 -525.0000000000
9999 -524.0000000000
10000 -524.0000000000
evaluations raw_y
1 -1981.0000000000
6 -1980.0000000000
9 -1979.0000000000
10 -1978.0000000000
14 -1977.0000000000
17 -1976.0000000000
18 -1975.0000000000
27 -1974.0000000000
28 -1972.0000000000
37 -1971.0000000000
38 -1970.0000000000
40 -1969.0000000000
44 -1968.0000000000
48 -1967.0000000000
49 -1966.0000000000
54 -1965.0000000000
62 -1964.0000000000
65 -1963.0000000000
71 -1962.0000000000
83 -1961.0000000000
98 -1960.0000000000
100 -1959.0000000000
101 -1958.0000000000
107 -1957.0000000000
115 -1955.0000000000
119 -1954.0000000000
121 -1953.0000000000
125 -1952.0000000000
133 -1951.0000000000
134 -1950.0000000000
135 -1948.0000000000
144 -1947.0000000000
148 -1945.0000000000
151 -1944.0000000000
152 -1943.0000000000
155 -1942.0000000000
159 -1941.0000000000
160 -1940.0000000000
179 -1939.0000000000
180 -1936.0000000000
181 -1935.0000000000
183 -1934.0000000000
184 -1933.0000000000
190 -1932.0000000000
200 -1931.0000000000
204 -1930.0000000000
207 -1929.0000000000
208 -1927.0000000000
212 -1925.0000000000
213 -1924.0000000000
219 -1923.0000000000
225 -1921.0000000000
227 -1920.0000000000
228 -1919.0000000000
231 -1918.0000000000
244 -1917.0000000000
248 -1916.0000000000
249 -1915.0000000000
251 -1913.0000000000
252 -1912.0000000000
253 -1911.0000000000
258 -1910.0000000000
259 -1909.0000000000
264 -1908.0000000000
273 -1906.0000000000
278 -1905.0000000000
285 -1904.0000000000
293 -1903.0000000000
297 -1902.0000000000
299 -1901.0000000000
301 -1900.0000000000
302 -1898.0000000000
308 -1897.0000000000
313 -1896.0000000000
318 -1895.0000000000
324 -1894.0000000000
326 -1893.0000000000
333 -1892.0000000000
340 -1891.0000000000
341 -1888.0000000000
347 -1887.0000000000
348 -1885.0000000000
352 -1884.0000000000
353 -1883.0000000000
357 -1882.0000000000
363 -1879.0000000000
367 -1878.0000000000
369 -1877.0000000000
373 -1876.0000000000
374 -1874.0000000000
378 -1873.0000000000
382 -1872.0000000000
385 -1871.0000000000
386 -1870.0000000000
396 -1869.0000000000
397 -1867.0000000000
398 -1866.0000000000
401 -1865.0000000000
406 -1864.0000000000
412 -1862.0000000000
422 -1861.0000000000
423 -1858.0000000000
427 -1857.0000000000
433 -1855.0000000000
434 -1853.0000000000
443 -1852.0000000000
446 -1851.0000000000
452 -1850.0000000000
453 -1849.0000000000
454 -1848.0000000000
457 -1847.0000000000
460 -1846.0000000000
461 -1844.0000000000
462 -1843.0000000000
463 -1842.0000000000
469 -1841.0000000000
471 -1840.0000000000
473 -1838.0000000000
478 -1837.0000000000
485 -1836.0000000000
486 -1835.0000000000
489 -1833.0000000000
492 -1832.0000000000
495 -1831.0000000000
496 -1830.0000000000
500 -1829.0000000000
507 -1827.0000000000
512 -1826.0000000000
513 -1825.0000000000
514 -1824.0000000000
519 -1823.0000000000
529 -1821.0000000000
531 -1819.0000000000
538 -1818.0000000000
543 -1817.0000000000
545 -1816.0000000000
546 -1815.0000000000
555 -1813.0000000000
556 -1812.0000000000
560 -1811.0000000000
562 -1810.0000000000
564 -1809.0000000000
569 -1808.0000000000
571 -1807.0000000000
574 -1805.0000000000
576 -1804.0000000000
578 -1803.0000000000
583 -1802.0000000000
584 -1801.0000000000
587 -1800.0000000000
590 -1799.0000000000
591 -1798.0000000000
593 -1797.0000000000
594 -1796.0000000000
596 -1795.0000000000
599 -1794.0000000000
601 -1793.0000000000
607 -1792.0000000000
609 -1791.0000000000
611 -1790.0000000000
612 -1789.0000000000
613 -1788.0000000000
622 -1787.0000000000
625 -1785.0000000000
628 -1784.0000000000
630 -1782.0000000000
635 -1780.0000000000
636 -1779.0000000000
642 -1777.0000000000
645 -1776.0000000000
648 -1775.0000000000
656 -1774.0000000000
659 -1773.0000000000
664 -1771.0000000000
692 -1769.0000000000
694 -1768.0000000000
697 -1766.0000000000
698 -1765.0000000000
699 -1764.0000000000
702 -1763.0000000000
703 -1762.0000000000
704 -1761.0000000000
711 -1759.0000000000
718 -1758.0000000000
723 -1757.0000000000
746 -1756.0000000000
748 -1755.0000000000
754 -1754.0000000000
758 -1753.0000000000
761 -1752.0000000000
773 -1751.0000000000
774 -1750.0000000000
779 -1749.0000000000
786 -1748.0000000000
788 -1747.0000000000
808 -1746.0000000000
812 -1743.0000000000
815 -1742.0000000000
816 -1740.0000000000
820 -1739.0000000000
821 -1737.0000000000
825 -1736.0000000000
829 -1734.0000000000
831 -1733.0000000000
843 -1732.0000000000
844 -1731.0000000000
849 -1730.0000000000
863 -1729.0000000000
866 -1728.0000000000
870 -1727.0000000000
879 -1726.0000000000
887 -1724.0000000000
893 -1723.0000000000
898 -1722.0000000000
899 -1721.0000000000
907 -1720.0000000000
913 -1719.0000000000
918 -1718.0000000000
920 -1716.0000000000
922 -1715.0000000000
940 -1713.0000000000
942 -1712.0000000000
949 -1711.0000000000
960 -1710.0000000000
973 -1709.0000000000
979 -1708.0000000000
983 -1706.0000000000
994 -1705.0000000000
995 -1704.0000000000
996 -1703.0000000000
997 -1702.0000000000
999 -1701.0000000000
1000 -1700.0000000000
1001 -1699.0000000000
1013 -1698.0000000000
1035 -1697.0000000000
1036 -1696.0000000000
1042 -1695.0000000000
1050 -1694.0000000000
1055 -1693.0000000000
1057 -1690.0000000000
1058 -1688.0000000000
1062 -1687.0000000000
1064 -1684.0000000000
1069 -1683.0000000000
1070 -1682.0000000000
1077 -1681.0000000000
1078 -1680.0000000000
1081 -1679.0000000000
1087 -1678.0000000000
1092 -1677.0000000000
1093 -1676.0000000000
1095 -1675.0000000000
1118 -1674.0000000000
1122 -1673.0000000000
1124 -1672.0000000000
1127 -1671.0000000000
1130 -1670.0000000000
1136 -1669.0000000000
1146 -1668.0000000000
1147 -1667.0000000000
1149 -1666.0000000000
1151 -1665.0000000000
1152 -1663.0000000000
1154 -1662.0000000000
1161 -1660.0000000000
1162 -1659.0000000000
1167 -1656.0000000000
1174 -1655.0000000000
1187 -1654.0000000000
1191 -1653.0000000000
1195 -1651.0000000000
1197 -1650.0000000000
1198 -1646.0000000000
1200 -1645.0000000000
1201 -1644.0000000000
1209 -1643.0000000000
1213 -1642.0000000000
1216 -1641.0000000000
1226 -1640.0000000000
1228 -1639.0000000000
1230 -1637.0000000000
1236 -1635.0000000000
1242 -1634.0000000000
1243 -1633.0000000000
1247 -1632.0000000000
1255 -1631.0000000000
1261 -1630.0000000000
1262 -1629.0000000000
1267 -1628.0000000000
1268 -1626.0000000000
1279 -1625.0000000000
1291 -1622.0000000000
1294 -1621.0000000000
1300 -1620.0000000000
1302 -1618.0000000000
1304 -1617.0000000000
1308 -1616.0000000000
1310 -1615.0000000000
1311 -1614.0000000000
1314 -1613.0000000000
1315 -1612.0000000000
1316 -1611.0000000000
1318 -1610.0000000000
1321 -1609.0000000000
1337 -1608.0000000000
1338 -1607.0000000000
1339 -1605.0000000000
1345 -1604.0000000000
1346 -1603.0000000000
1350 -1602.0000000000
1357 -1601.0000000000
1359 -1598.0000000000
1360 -1597.0000000000
1362 -1596.0000000000
1367 -1595.0000000000
1369 -1594.0000000000
1374 -1592.0000000000
1379 -1591.0000000000
1386 -1590.0000000000
1393 -1589.0000000000
1394 -1588.0000000000
1408 -1587.0000000000
1414 -1586.0000000000
1415 -1585.0000000000
1416 -1583.0000000000
1419 -1581.0000000000
1423 -1580.0000000000
1427 -1579.0000000000
1444 -1578.0000000000
1449 -1577.0000000000
1452 -1576.0000000000
1455 -1574.0000000000
1459 -1572.0000000000
1461 -1571.0000000000
1463 -1570.0000000000
1465 -1568.0000000000
1476 -1566.0000000000
1478 -1565.0000000000
1481 -1564.0000000000
1494 -1563.0000000000
1506 -1562.0000000000
1510 -1561.0000000000
1513 -1560.0000000000
1517 -1559.0000000000
1519 -1558.0000000000
1531 -1557.0000000000
1537 -1556.0000000000
1539 -1555.0000000000
1541 -1554.0000000000
1542 -1553.0000000000
1546 -1552.0000000000
1548 -1551.0000000000
1552 -1550.0000000000
1555 -1549.0000000000
1560 -1546.0000000000
1563 -1545.0000000000
1566 -1543.0000000000
1569 -1542.0000000000
1582 -1540.0000000000
1592 -1539.0000000000
1597 -1538.0000000000
1605 -1537.0000000000
1626 -1536.0000000000
1631 -1535.0000000000
1633 -1534.0000000000
1638 -1533.0000000000
1645 -1532.0000000000
1650 -1530.0000000000
1655 -1529.0000000000
1659 -1528.0000000000
1669 -1527.0000000000
1673 -1526.0000000000
1676 -1525.0000000000
1682 -1524.0000000000
1700 -1523.0000000000
1702 -1522.0000000000
1704 -1521.0000000000
1715 -1520.0000000000
1721 -1518.0000000000
1731 -1517.0000000000
1736 -1514.0000000000
1744 -1513.0000000000
1754 -1512.0000000000
1771 -1511.0000000000
1775 -1510.0000000000
1779 -1509.0000000000
1781 -1508.0000000000
1784 -1507.0000000000
1793 -1506.0000000000
1796 -1505.0000000000
1798 -1504.0000000000
1812 -1502.0000000000
1814 -1501.0000000000
1825 -1499.0000000000
1836 -1497.0000000000
1846 -1496.0000000000
1849 -1495.0000000000
1850 -1494.0000000000
1851 -1493.0000000000
1859 -1492.0000000000
1867 -1491.0000000000
1876 -1489.0000000000
1879 -1488.0000000000
1883 -1487.0000000000
1887 -1486.0000000000
1890 -1485.0000000000
1894 -1484.0000000000
1895 -1483.0000000000
1896 -1482.0000000000
1906 -1481.0000000000
1910 -1480.0000000000
1911 -1479.0000000000
1912 -1478.0000000000
1919 -1477.0000000000
1922 -1475.0000000000
1930 -1474.0000000000
1932 -1473.0000000000
1940 -1472.0000000000
1942 -1470.0000000000
1943 -1469.0000000000
1946 -1468.0000000000
1947 -1467.0000000000
1951 -1465.0000000000
1953 -1463.0000000000
1972 -1462.0000000000
1976 -1460.0000000000
1980 -1459.0000000000
1985 -1458.0000000000
1990 -1456.0000000000
1995 -1455.0000000000
2001 -1453.0000000000
2004 -1452.0000000000
2006 -1450.0000000000
2010 -1449.0000000000
2017 -1448.0000000000
2027 -1447.0000000000
2029 -1446.0000000000
2031 -1445.0000000000
2032 -1444.0000000000
2043 -1441.0000000000
2044 -1440.0000000000
2045 -1439.0000000000
2051 -1438.0000000000
2067 -1437.0000000000
2071 -1436.0000000000
2074 -1435.0000000000
2077 -1434.0000000000
2079 -1433.0000000000
2081 -1431.0000000000
2087 -1430.0000000000
2106 -1429.0000000000
2107 -1427.0000000000
2109 -1426.0000000000
2113 -1425.0000000000
2127 -1424.0000000000
2134 -1423.0000000000
2138 -1422.0000000000
2139 -1421.0000000000
2150 -1420.0000000000
2154 -1419.0000000000
2162 -1418.0000000000
2166 -1417.0000000000
2168 -1416.0000000000
2170 -1415.0000000000
2173 -1414.0000000000
2174 -1413.0000000000
2175 -1412.0000000000
2178 -1411.0000000000
2179 -1410.0000000000
2183 -1409.0000000000
2185 -1407.0000000000
2198 -1406.0000000000
2201 -1405.0000000000
2210 -1403.0000000000
2214 -1402.0000000000
2216 -1401.0000000000
2218 -1400.0000000000
2220 -1398.0000000000
2223 -1397.0000000000
2226 -1396.0000000000
2228 -1394.0000000000
2229 -1393.0000000000
2257 -1392.0000000000
2270 -1391.0000000000
2271 -1389.0000000000
2277 -1388.0000000000
2282 -1387.0000000000
2283 -1386.0000000000
2289 -1385.0000000000
2295 -1384.0000000000
2301 -1383.0000000000
2302 -1382.0000000000
2308 -1381.0000000000
2315 -1380.0000000000
2317 -1378.0000000000
2321 -1376.0000000000
2325 -1375.0000000000
2329 -1374.0000000000
2334 -1373.0000000000
2346 -1372.0000000000
2354 -1371.0000000000
2355 -1369.0000000000
2360 -1368.0000000000
2369 -1367.0000000000
2375 -1366.0000000000
2377 -1365.0000000000
2382 -1364.0000000000
2384 -1363.0000000000
2388 -1362.0000000000
2390 -1361.0000000000
2392 -1360.0000000000
2394 -1359.0000000000
2396 -1357.0000000000
2397 -1356.0000000000
2412 -1353.0000000000
2413 -1351.0000000000
2415 -1350.0000000000
2417 -1347.0000000000
2422 -1345.0000000000
2427 -1343.0000000000
2433 -1342.0000000000
2437 -1341.0000000000
2438 -1340.0000000000
2440 -1339.0000000000
2452 -1338.0000000000
2459 -1337.0000000000
2472 -1335.0000000000
2473 -1334.0000000000
2479 -1333.0000000000
2490 -1331.0000000000
2494 -1330.0000000000
2502 -1328.0000000000
2505 -1327.0000000000
2516 -1325.0000000000
2524 -1324.0000000000
2528 -1323.0000000000
2529 -1322.0000000000
2532 -1320.0000000000
2539 -1319.0000000000
2577 -1318.0000000000
2579 -1317.0000000000
2594 -1316.0000000000
2599 -1315.0000000000
2600 -1313.0000000000
2603 -1312.0000000000
2609 -1311.0000000000
2613 -1310.0000000000
2615 -1309.0000000000
2631 -1308.0000000000
2633 -1307.0000000000
2635 -1306.0000000000
2652 -1305.0000000000
2655 -1304.0000000000
2663 -1303.0000000000
2675 -1302.0000000000
2685 -1301.0000000000
2700 -1300.0000000000
2709 -1298.0000000000
2710 -1295.0000000000
2716 -1293.0000000000
2724 -1292.0000000000
2726 -1291.0000000000
2732 -1289.0000000000
2735 -1288.0000000000
2740 -1287.0000000000
2748 -1286.0000000000
2753 -1285.0000000000
2756 -1284.0000000000
2767 -1283.0000000000
2781 -1282.0000000000
2784 -1281.0000000000
2805 -1280.0000000000
2810 -1279.0000000000
2820 -1278.0000000000
2828 -1277.0000000000
2838 -1276.0000000000
2860 -1275.0000000000
2872 -1274.0000000000
2874 -1273.0000000000
2882 -1271.0000000000
2890 -1270.0000000000
2905 -1269.0000000000
2906 -1268.0000000000
2917 -1267.0000000000
2924 -1266.0000000000
2945 -1265.0000000000
2954 -1264.0000000000
2960 -1263.0000000000
2963 -1262.0000000000
2975 -1261.0000000000
2987 -1260.0000000000
2998 -1259.0000000000
3003 -1258.0000000000
3016 -1256.0000000000
3020 -1255.0000000000
3023 -1254.0000000000
3026 -1253.0000000000
3028 -1252.0000000000
3030 -1251.0000000000
3044 -1250.0000000000
3048 -1249.0000000000
3050 -1248.0000000000
3054 -1247.0000000000
3065 -1246.0000000000
3083 -1245.0000000000
3090 -1244.0000000000
3097 -1243.0000000000
3100 -1242.0000000000
3102 -1241.0000000000
3104 -1240.0000000000
3117 -1239.0000000000
3124 -1238.0000000000
3129 -1237.0000000000
3130 -1236.0000000000
3144 -1235.0000000000
3145 -1234.0000000000
3149 -1233.0000000000
3157 -1232.0000000000
3161 -1230.0000000000
3162 -1228.0000000000
3163 -1227.0000000000
3165 -1226.0000000000
3170 -1225.0000000000
3193 -1224.0000000000
3194 -1223.0000000000
3205 -1221.0000000000
3211 -1219.0000000000
3226 -1218.0000000000
3252 -1217.0000000000
3263 -1216.0000000000
3270 -1215.0000000000
3274 -1214.0000000000
3276 -1213.0000000000
3284 -1212.0000000000
3295 -1211.0000000000
3303 -1210.0000000000
3316 -1209.0000000000
3320 -1208.0000000000
3329 -1206.0000000000
3345 -1205.0000000000
3354 -1204.0000000000
3364 -1203.0000000000
3370 -1202.0000000000
3374 -1201.0000000000
3378 -1200.0000000000
3381 -1198.0000000000
3399 -1196.0000000000
3401 -1194.0000000000
3411 -1193.0000000000
3415 -1192.0000000000
3416 -1191.0000000000
3426 -1190.0000000000
3429 -1189.0000000000
3434 -1188.0000000000
3437 -1187.0000000000
3439 -1186.0000000000
3441 -1184.0000000000
3467 -1183.0000000000
3476 -1182.0000000000
3483 -1181.0000000000
3495 -1180.0000000000
3499 -1179.0000000000
3502 -1178.0000000000
3503 -1177.0000000000
3508 -1176.0000000000
3513 -1175.0000000000
3515 -1174.0000000000
3519 -1173.0000000000
3521 -1172.0000000000
3528 -1171.0000000000
3529 -1170.0000000000
3546 -1169.0000000000
3549 -1168.0000000000
3557 -1167.0000000000
3565 -1166.0000000000
3576 -1165.0000000000
3583 -1164.0000000000
3584 -1163.0000000000
3590 -1162.0000000000
3604 -1160.0000000000
3616 -1159.0000000000
3622 -1158.0000000000
3624 -1157.0000000000
3628 -1156.0000000000
3638 -1155.0000000000
3641 -1153.0000000000
3654 -1152.0000000000
3656 -1151.0000000000
3661 -1150.0000000000
3667 -1149.0000000000
3669 -1148.0000000000
3683 -1147.0000000000
3684 -1146.0000000000
3687 -1144.0000000000
3690 -1143.0000000000
3692 -1142.0000000000
3696 -1141.0000000000
3702 -1140.0000000000
3718 -1138.0000000000
3722 -1137.0000000000
3724 -1136.0000000000
3734 -1135.0000000000
3746 -1134.0000000000
3761 -1133.0000000000
3784 -1132.0000000000
3785 -1131.0000000000
3787 -1130.0000000000
3801 -1129.0000000000
3808 -1128.0000000000
3816 -1127.0000000000
3847 -1126.0000000000
3850 -1125.0000000000
3855 -1124.0000000000
3856 -1123.0000000000
3860 -1122.0000000000
3872 -1121.0000000000
3885 -1119.0000000000
3894 -1117.0000000000
3895 -1116.0000000000
3902 -1115.0000000000
3905 -1114.0000000000
3907 -1113.0000000000
3912 -1112.0000000000
3920 -1111.0000000000
3928 -1110.0000000000
3934 -1109.0000000000
3945 -1108.0000000000
3953 -1107.0000000000
3954 -1106.0000000000
4005 -1104.0000000000
4012 -1103.0000000000
4016 -1101.0000000000
4021 -1100.0000000000
4022 -1099.0000000000
4036 -1098.0000000000
4043 -1097.0000000000
4044 -1095.0000000000
4050 -1094.0000000000
4058 -1092.0000000000
4063 -1091.0000000000
4066 -1090.0000000000
4079 -1089.0000000000
4080 -1088.0000000000
4083 -1086.0000000000
4088 -1085.0000000000
4096 -1084.0000000000
4102 -1082.0000000000
4117 -1081.0000000000
4119 -1080.0000000000
4137 -1079.0000000000
4140 -1078.0000000000
4146 -1077.0000000000
4154 -1076.0000000000
4170 -1075.0000000000
4175 -1074.0000000000
4176 -1073.0000000000
4182 -1072.0000000000
4194 -1071.0000000000
4214 -1070.0000000000
4217 -1068.0000000000
4222 -1067.0000000000
4226 -1066.0000000000
4240 -1065.0000000000
4251 -1064.0000000000
4254 -1063.0000000000
4264 -1062.0000000000
4269 -1061.0000000000
4277 -1060.0000000000
4288 -1059.0000000000
4290 -1058.0000000000
4291 -1057.0000000000
4295 -1056.0000000000
4299 -1055.0000000000
4302 -1054.0000000000
4305 -1053.0000000000
4311 -1051.0000000000
4313 -1050.0000000000
4315 -1049.0000000000
4319 -1048.0000000000
4320 -1047.0000000000
4337 -1046.0000000000
4340 -1045.0000000000
4343 -1043.0000000000
4358 -1040.0000000000
4379 -1039.0000000000
4393 -1038.0000000000
4401 -1037.0000000000
4423 -1036.0000000000
4447 -1035.0000000000
4466 -1034.0000000000
4469 -1033.0000000000
4480 -1032.0000000000
4482 -1031.0000000000
4488 -1030.0000000000
4497 -1029.0000000000
4515 -1028.0000000000
4540 -1026.0000000000
4555 -1025.0000000000
4558 -1024.0000000000
4574 -1023.0000000000
4575 -1022.0000000000
4580 -1021.0000000000
4608 -1020.0000000000
4614 -1019.0000000000
4631 -1018.0000000000
4635 -1017.0000000000
4639 -1016.0000000000
4642 -1015.0000000000
4643 -1014.0000000000
4646 -1013.0000000000
4656 -1011.0000000000
4664 -1010.0000000000
4668 -1008.0000000000
4677 -1007.0000000000
4684 -1005.0000000000
4686 -1004.0000000000
4698 -1003.0000000000
4710 -1002.0000000000
4722 -1001.0000000000
4746 -1000.0000000000
4754 -999.0000000000
4755 -998.0000000000
4758 -997.0000000000
4766 -996.0000000000
4770 -995.0000000000
4776 -994.0000000000
4783 -993.0000000000
4818 -992.0000000000
4821 -991.0000000000
4834 -990.0000000000
4839 -988.0000000000
4844 -987.0000000000
4850 -986.0000000000
4851 -985.0000000000
4854 -983.0000000000
4878 -982.0000000000
4879 -981.0000000000
4901 -979.0000000000
4908 -978.0000000000
4951 -977.0000000000
4952 -976.0000000000
4953 -975.0000000000
4954 -974.0000000000
4964 -972.0000000000
4967 -971.0000000000
4968 -970.0000000000
4972 -969.0000000000
4983 -968.0000000000
4992 -967.0000000000
5005 -966.0000000000
5008 -965.0000000000
5025 -964.0000000000
5031 -963.0000000000
5045 -962.0000000000
5048 -960.0000000000
5053 -958.0000000000
5061 -957.0000000000
5070 -956.0000000000
5072 -955.0000000000
5083 -954.0000000000
5087 -953.0000000000
5094 -952.0000000000
5095 -951.0000000000
5097 -950.0000000000
5111 -949.0000000000
5113 -948.0000000000
5121 -947.0000000000
5128 -946.0000000000
5131 -945.0000000000
5134 -944.0000000000
5165 -943.0000000000
5182 -942.0000000000
5202 -941.0000000000
5211 -940.0000000000
5213 -939.0000000000
5217 -938.0000000000
5222 -936.0000000000
5246 -935.0000000000
5259 -934.0000000000
5260 -933.0000000000
5262 -932.0000000000
5263 -931.0000000000
5266 -930.0000000000
5268 -929.0000000000
5270 -928.0000000000
5279 -927.0000000000
5291 -926.0000000000
5305 -925.0000000000
5313 -924.0000000000
5314 -923.0000000000
5316 -922.0000000000
5321 -921.0000000000
5322 -920.0000000000
5329 -919.0000000000
5335 -918.0000000000
5336 -917.0000000000
5345 -916.0000000000
5346 -915.0000000000
5352 -914.0000000000
5355 -913.0000000000
5379 -912.0000000000
5388 -911.0000000000
5399 -910.0000000000
5410 -909.0000000000
5428 -908.0000000000
5431 -907.0000000000
5440 -906.0000000000
5445 -905.0000000000
5453 -904.0000000000
5460 -902.0000000000
5466 -901.0000000000
5490 -900.0000000000
5492 -899.0000000000
5510 -898.0000000000
5514 -897.0000000000
5519 -896.0000000000
5534 -895.0000000000
5540 -894.0000000000
5541 -893.0000000000
5569 -892.0000000000
5583 -891.0000000000
5615 -890.0000000000
5631 -889.0000000000
5638 -888.0000000000
5672 -887.0000000000
5682 -886.0000000000
5685 -885.0000000000
5692 -884.0000000000
5695 -882.0000000000
5698 -881.0000000000
5703 -880.0000000000
5719 -879.0000000000
5730 -878.0000000000
5756 -877.0000000000
5763 -876.0000000000
5767 -875.0000000000
5813 -874.0000000000
5816 -873.0000000000
5825 -872.0000000000
5847 -871.0000000000
5848 -870.0000000000
5865 -869.0000000000
5867 -867.0000000000
5874 -866.0000000000
5878 -864.0000000000
5881 -863.0000000000
5885 -862.0000000000
5893 -861.0000000000
5918 -860.0000000000
5958 -859.0000000000
5968 -858.0000000000
5987 -857.0000000000
6000 -856.0000000000
6002 -855.0000000000
6018 -854.0000000000
6035 -853.0000000000
6043 -852.0000000000
6053 -851.0000000000
6058 -850.0000000000
6066 -849.0000000000
6074 -847.0000000000
6101 -846.0000000000
6108 -845.0000000000
6112 -844.0000000000
6114 -843.0000000000
6122 -842.0000000000
6127 -841.0000000000
6151 -840.0000000000
6163 -839.0000000000
6164 -838.0000000000
6185 -836.0000000000
6188 -833.0000000000
6202 -832.0000000000
6203 -831.0000000000
6204 -830.0000000000
6223 -828.0000000000
6243 -827.0000000000
6259 -826.0000000000
6266 -825.0000000000
6270 -824.0000000000
6302 -822.0000000000
6322 -821.0000000000
6335 -820.0000000000
6343 -819.0000000000
6415 -818.0000000000
6422 -817.0000000000
6437 -815.0000000000
6462 -814.0000000000
6474 -813.0000000000
6481 -811.0000000000
6485 -810.0000000000
6502 -808.0000000000
6505 -807.0000000000
6522 -806.0000000000
6528 -805.0000000000
6551 -804.0000000000
6570 -803.0000000000
6581 -802.0000000000
6589 -800.0000000000
6594 -799.0000000000
6612 -798.0000000000
6632 -797.0000000000
6639 -796.0000000000
6664 -795.0000000000
6678 -793.0000000000
6685 -792.0000000000
6691 -791.0000000000
6720 -790.0000000000
6725 -789.0000000000
6728 -788.0000000000
6740 -787.0000000000
6756 -786.0000000000
6770 -785.0000000000
6777 -784.0000000000
6783 -783.0000000000
6789 -782.0000000000
6806 -781.0000000000
6815 -780.0000000000
6827 -778.0000000000
6847 -777.0000000000
6867 -776.0000000000
6912 -775.0000000000
6913 -774.0000000000
6930 -773.0000000000
6939 -772.0000000000
6942 -771.0000000000
6948 -770.0000000000
6975 -768.0000000000
6989 -767.0000000000
7002 -766.0000000000
7021 -765.0000000000
7033 -764.0000000000
7036 -763.0000000000
7037 -762.0000000000
7105 -761.0000000000
7125 -760.0000000000
7127 -759.0000000000
7130 -758.0000000000
7147 -757.0000000000
7169 -755.0000000000
7184 -754.0000000000
7191 -753.0000000000
7206 -752.0000000000
7226 -751.0000000000
7236 -750.0000000000
7242 -749.0000000000
7299 -748.0000000000
7310 -746.0000000000
7322 -743.0000000000
7323 -742.0000000000
7341 -741.0000000000
7343 -740.0000000000
7358 -739.0000000000
7360 -738.0000000000
7399 -737.0000000000
7404 -736.0000000000
7409 -735.0000000000
7422 -732.0000000000
7433 -731.0000000000
7436 -730.0000000000
7444 -729.0000000000
7447 -728.0000000000
7454 -727.0000000000
7529 -726.0000000000
7566 -725.0000000000
7575 -724.0000000000
7629 -723.0000000000
7659 -722.0000000000
7686 -721.0000000000
7691 -720.0000000000
7695 -719.0000000000
7703 -717.0000000000
7726 -716.0000000000
7732 -715.0000000000
7756 -714.0000000000
7766 -713.0000000000
7775 -711.0000000000
7783 -710.0000000000
7801 -709.0000000000
7821 -708.0000000000
7830 -707.0000000000
7843 -706.0000000000
7849 -705.0000000000
7850 -704.0000000000
7868 -703.0000000000
7875 -702.0000000000
7882 -701.0000000000
7940 -700.0000000000
7967 -699.0000000000
7989 -698.0000000000
7993 -697.0000000000
8008 -696.0000000000
8015 -695.0000000000
8016 -694.0000000000
8023 -693.0000000000
8065 -692.0000000000
8078 -691.0000000000
8081 -690.0000000000
8103 -689.0000000000
8105 -688.0000000000
8114 -687.0000000000
8117 -686.0000000000
8118 -685.0000000000
8150 -684.0000000000
8153 -683.0000000000
8156 -682.0000000000
8170 -681.0000000000
8172 -680.0000000000
8182 -679.0000000000
8186 -678.0000000000
8194 -677.0000000000
8224 -676.0000000000
8228 -675.0000000000
8229 -674.0000000000
8231 -673.0000000000
8233 -672.0000000000
8236 -671.0000000000
8238 -670.0000000000
8249 -669.0000000000
8253 -668.0000000000
8261 -667.0000000000
8262 -666.0000000000
8265 -665.0000000000
8295 -663.0000000000
8299 -662.0000000000
8304 -661.0000000000
8312 -660.0000000000
8319 -659.0000000000
8330 -658.0000000000
8335 -656.0000000000
8342 -655.0000000000
8345 -654.0000000000
8372 -653.0000000000
8438 -652.0000000000
8440 -651.0000000000
8455 -650.0000000000
8457 -649.0000000000
8464 -648.0000000000
8485 -647.0000000000
8518 -646.0000000000
8524 -645.0000000000
8528 -644.0000000000
8547 -643.0000000000
8571 -641.0000000000
8587 -640.0000000000
8597 -639.0000000000
8642 -638.0000000000
8654 -637.0000000000
8656 -636.0000000000
8662 -635.0000000000
8697 -634.0000000000
8707 -633.0000000000
8750 -632.0000000000
8764 -631.0000000000
8766 -630.0000000000
8786 -629.0000000000
8794 -628.0000000000
8805 -627.0000000000
8811 -626.0000000000
8839 -625.0000000000
8861 -624.0000000000
8874 -623.0000000000
8879 -621.0000000000
8885 -620.0000000000
8897 -619.0000000000
8916 -618.0000000000
8919 -616.0000000000
8937 -615.0000000000
8943 -614.0000000000
8970 -613.0000000000
8985 -612.0000000000
9010 -611.0000000000
9051 -610.0000000000
9053 -608.0000000000
9059 -607.0000000000
9060 -606.0000000000
9071 -605.0000000000
9138 -604.0000000000
9143 -603.0000000000
9145 -602.0000000000
9152 -601.0000000000
9161 -600.0000000000
9195 -599.0000000000
9197 -597.0000000000
9203 -596.0000000000
9264 -595.0000000000
9294 -594.0000000000
9309 -593.0000000000
9341 -592.0000000000
9360 -591.0000000000
9415 -590.0000000000
9496 -589.0000000000
9502 -588.0000000000
9519 -587.0000000000
9535 -586.0000000000
9553 -585.0000000000
9652 -584.0000000000
9659 -583.0000000000
9662 -582.0000000000
9676 -581.0000000000
9678 -580.0000000000
9696 -579.0000000000
9731 -578.0000000000
9745 -577.0000000000
9758 -576.0000000000
9769 -575.0000000000
9777 -574.0000000000
9783 -573.0000000000
9785 -572.0000000000
9793 -571.0000000000
9796 -570.0000000000
9797 -569.0000000000
9820 -568.0000000000
9828 -567.0000000000
9831 -566.0000000000
9835 -565.0000000000
9849 -564.0000000000
9859 -563.0000000000
9885 -562.0000000000
9933 -561.0000000000
9949 -560.0000000000
9955 -559.0000000000
9958 -558.0000000000
9984 -557.0000000000
10000 -558.0000000000
evaluations raw_y
1 -2009.0000000000
4 -2008.0000000000
5 -2006.0000000000
10 -2005.0000000000
12 -2002.0000000000
29 -2001.0000000000
31 -1999.0000000000
32 -1997.0000000000
38 -1996.0000000000
39 -1994.0000000000
41 -1993.0000000000
43 -1992.0000000000
50 -1990.0000000000
54 -1989.0000000000
64 -1988.0000000000
70 -1987.0000000000
71 -1984.0000000000
74 -1981.0000000000
80 -1980.0000000000
94 -1979.0000000000
101 -1978.0000000000
112 -1977.0000000000
113 -1976.0000000000
114 -1975.0000000000
115 -1974.0000000000
116 -1972.0000000000
118 -1971.0000000000
124 -1969.0000000000
127 -1967.0000000000
130 -1966.0000000000
132 -1965.0000000000
137 -1964.0000000000
139 -1963.0000000000
147 -1961.0000000000
157 -1959.0000000000
163 -1958.0000000000
165 -1957.0000000000
172 -1956.0000000000
180 -1954.0000000000
181 -1953.0000000000
182 -1952.0000000000
189 -1950.0000000000
192 -1949.0000000000
194 -1948.0000000000
200 -1946.0000000000
206 -1945.0000000000
210 -1944.0000000000
217 -1943.0000000000
223 -1942.0000000000
225 -1941.0000000000
227 -1939.0000000000
232 -1937.0000000000
236 -1936.0000000000
237 -1935.0000000000
238 -1934.0000000000
241 -1933.0000000000
245 -1929.0000000000
252 -1928.0000000000
253 -1927.0000000000
255 -1926.0000000000
256 -1925.0000000000
258 -1924.0000000000
261 -1923.0000000000
263 -1922.0000000000
266 -1921.0000000000
272 -1920.0000000000
273 -1919.0000000000
276 -1918.0000000000
289 -1917.0000000000
292 -1916.0000000000
297 -1915.0000000000
306 -1914.0000000000
314 -1913.0000000000
316 -1911.0000000000
326 -1910.0000000000
328 -1909.0000000000
336 -1908.0000000000
341 -1907.0000000000
342 -1905.0000000000
343 -1904.0000000000
348 -1902.0000000000
352 -1901.0000000000
364 -1900.0000000000
367 -1899.0000000000
369 -1898.0000000000
372 -1897.0000000000
380 -1896.0000000000
381 -1895.0000000000
382 -1894.0000000000
383 -1893.0000000000
398 -1890.0000000000
399 -1889.0000000000
400 -1888.0000000000
402 -1887.0000000000
404 -1885.0000000000
408 -1884.0000000000
427 -1883.0000000000
440 -1880.0000000000
441 -1879.0000000000
442 -1876.0000000000
447 -1875.0000000000
448 -1873.0000000000
459 -1872.0000000000
461 -1871.0000000000
462 -1869.0000000000
463 -1868.0000000000
469 -1867.0000000000
471 -1866.0000000000
474 -1863.0000000000
477 -1861.0000000000
478 -1859.0000000000
482 -1858.0000000000
488 -1856.0000000000
500 -1855.0000000000
501 -1854.0000000000
502 -1853.0000000000
503 -1851.0000000000
506 -1850.0000000000
508 -1848.0000000000
509 -1847.0000000000
512 -1846.0000000000
518 -1845.0000000000
521 -1844.0000000000
522 -1842.0000000000
524 -1840.0000000000
527 -1839.0000000000
536 -1838.0000000000
537 -1837.0000000000
547 -1836.0000000000
559 -1835.0000000000
560 -1834.0000000000
562 -1833.0000000000
567 -1832.0000000000
574 -1831.0000000000
586 -1830.0000000000
593 -1828.0000000000
594 -1827.0000000000
603 -1826.0000000000
605 -1825.0000000000
608 -1823.0000000000
612 -1822.0000000000
620 -1821.0000000000
621 -1820.0000000000
630 -1819.0000000000
631 -1818.0000000000
632 -1817.0000000000
640 -1816.0000000000
641 -1815.0000000000
642 -1814.0000000000
644 -1813.0000000000
645 -1811.0000000000
646 -1810.0000000000
649 -1809.0000000000
651 -1807.0000000000
652 -1805.0000000000
654 -1804.0000000000
655 -1803.0000000000
663 -1801.0000000000
675 -1800.0000000000
679 -1799.0000000000
681 -1797.0000000000
682 -1794.0000000000
683 -1793.0000000000
687 -1792.0000000000
689 -1791.0000000000
692 -1790.0000000000
699 -1789.0000000000
703 -1788.0000000000
705 -1787.0000000000
716 -1786.0000000000
717 -1785.0000000000
719 -1784.0000000000
724 -1782.0000000000
732 -1781.0000000000
740 -1780.0000000000
744 -1779.0000000000
751 -1778.0000000000
754 -1777.0000000000
756 -1776.0000000000
757 -1774.0000000000
759 -1772.0000000000
763 -1771.0000000000
764 -1770.0000000000
766 -1769.0000000000
769 -1768.0000000000
771 -1767.0000000000
778 -1766.0000000000
779 -1765.0000000000
783 -1764.0000000000
786 -1763.0000000000
793 -1762.0000000000
796 -1761.0000000000
807 -1760.0000000000
809 -1759.0000000000
811 -1758.0000000000
813 -1757.0000000000
814 -1756.0000000000
821 -1755.0000000000
829 -1754.0000000000
846 -1753.0000000000
850 -1752.0000000000
851 -1750.0000000000
853 -1748.0000000000
867 -1747.0000000000
871 -1746.0000000000
873 -1745.0000000000
875 -1744.0000000000
877 -1743.0000000000
883 -1742.0000000000
888 -1740.0000000000
891 -1738.0000000000
902 -1736.0000000000
903 -1735.0000000000
911 -1734.0000000000
915 -1733.0000000000
917 -1732.0000000000
923 -1731.0000000000
928 -1730.0000000000
933 -1729.0000000000
936 -1728.0000000000
939 -1727.0000000000
942 -1726.0000000000
948 -1724.0000000000
969 -1723.0000000000
984 -1722.0000000000
986 -1721.0000000000
990 -1720.0000000000
996 -1719.0000000000
1001 -1718.0000000000
1002 -1717.0000000000
1006 -1716.0000000000
1014 -1715.0000000000
1023 -1714.0000000000
1025 -1713.0000000000
1026 -1712.0000000000
1031 -1711.0000000000
1054 -1710.0000000000
1057 -1709.0000000000
1060 -1708.0000000000
1070 -1707.0000000000
1078 -1706.0000000000
1080 -1705.0000000000
1084 -1704.0000000000
1096 -1702.0000000000
1097 -1701.0000000000
1099 -1699.0000000000
1100 -1698.0000000000
1102 -1697.0000000000
1106 -1696.0000000000
1114 -1694.0000000000
1115 -1693.0000000000
1124 -1692.0000000000
1127 -1691.0000000000
1129 -1690.0000000000
1132 -1688.0000000000
1135 -1687.0000000000
1137 -1685.0000000000
1140 -1684.0000000000
1143 -1683.0000000000
1145 -1682.0000000000
1147 -1680.0000000000
1163 -1678.0000000000
1165 -1676.0000000000
1166 -1675.0000000000
1184 -1674.0000000000
1190 -1673.0000000000
1198 -1672.0000000000
1200 -1671.0000000000
1202 -1670.0000000000
1205 -1669.0000000000
1211 -1668.0000000000
1213 -1667.0000000000
1215 -1666.0000000000
1216 -1665.0000000000
1217 -1664.0000000000
1218 -1663.0000000000
1221 -1661.0000000000
1226 -1659.0000000000
1227 -1658.0000000000
1242 -1657.0000000000
1247 -1655.0000000000
1249 -1653.0000000000
1255 -1651.0000000000
1256 -1650.0000000000
1275 -1649.0000000000
1292 -1648.0000000000
1314 -1647.0000000000
1321 -1645.0000000000
1324 -1644.0000000000
1327 -1643.0000000000
1330 -1642.0000000000
1337 -1641.0000000000
1339 -1640.0000000000
1341 -1639.0000000000
1342 -1638.0000000000
1347 -1637.0000000000
1352 -1636.0000000000
1363 -1635.0000000000
1374 -1634.0000000000
1381 -1633.0000000000
1384 -1632.0000000000
1394 -1631.0000000000
1395 -1630.0000000000
1396 -1629.0000000000
1398 -1628.0000000000
1402 -1627.0000000000
1407 -1626.0000000000
1413 -1625.0000000000
1414 -1624.0000000000
1415 -1623.0000000000
1417 -1622.0000000000
1424 -1620.0000000000
1429 -1619.0000000000
1432 -1618.0000000000
1441 -1617.0000000000
1443 -1616.0000000000
1446 -1615.0000000000
1449 -1614.0000000000
1450 -1613.0000000000
1464 -1612.0000000000
1470 -1610.0000000000
1474 -1609.0000000000
1478 -1608.0000000000
1488 -1607.0000000000
1495 -1604.0000000000
1496 -1603.0000000000
1507 -1602.0000000000
1509 -1601.0000000000
1510 -1599.0000000000
1517 -1597.0000000000
1528 -1596.0000000000
1534 -1595.0000000000
1547 -1594.0000000000
1555 -1593.0000000000
1562 -1591.0000000000
1565 -1590.0000000000
1567 -1589.0000000000
1575 -1588.0000000000
1578 -1587.0000000000
1582 -1586.0000000000
1584 -1585.0000000000
1590 -1583.0000000000
1591 -1582.0000000000
1596 -1581.0000000000
1606 -1580.0000000000
1611 -1579.0000000000
1614 -1578.0000000000
1615 -1577.0000000000
1622 -1576.0000000000
1625 -1575.0000000000
1637 -1574.0000000000
1638 -1572.0000000000
1646 -1571.0000000000
1648 -1569.0000000000
1657 -1568.0000000000
1660 -1566.0000000000
1663 -1565.0000000000
1672 -1564.0000000000
1673 -1562.0000000000
1681 -1560.0000000000
1682 -1557.0000000000
1684 -1556.0000000000
1694 -1555.0000000000
1697 -1552.0000000000
1698 -1551.0000000000
1699 -1550.0000000000
1704 -1548.0000000000
1707 -1547.0000000000
1716 -1546.0000000000
1719 -1545.0000000000
1728 -1544.0000000000
1729 -1543.0000000000
1733 -1542.0000000000
1739 -1540.0000000000
1746 -1539.0000000000
1749 -1538.0000000000
1768 -1537.0000000000
1771 -1536.0000000000
1772 -1535.0000000000
1773 -1534.0000000000
1777 -1533.0000000000
1788 -1532.0000000000
1810 -1531.0000000000
1812 -1530.0000000000
1813 -1529.0000000000
1840 -1528.0000000000
1853 -1527.0000000000
1860 -1525.0000000000
1863 -1524.0000000000
1865 -1523.0000000000
1866 -1522.0000000000
1877 -1521.0000000000
1888 -1519.0000000000
1889 -1518.0000000000
1899 -1517.0000000000
1907 -1516.0000000000
1908 -1515.0000000000
1909 -1514.0000000000
1912 -1513.0000000000
1913 -1511.0000000000
1925 -1509.0000000000
1932 -1508.0000000000
1936 -1506.0000000000
1937 -1505.0000000000
1939 -1504.0000000000
1944 -1503.0000000000
1949 -1502.0000000000
1955 -1501.0000000000
1957 -1500.0000000000
1959 -1499.0000000000
1965 -1498.0000000000
1970 -1497.0000000000
1971 -1496.0000000000
1999 -1495.0000000000
2003 -1492.0000000000
2006 -1491.0000000000
2011 -1489.0000000000
2020 -1487.0000000000
2028 -1486.0000000000
2030 -1484.0000000000
2037 -1483.0000000000
2040 -1481.0000000000
2044 -1480.0000000000
2050 -1479.0000000000
2052 -1478.0000000000
2058 -1477.0000000000
2059 -1476.0000000000
2068 -1474.0000000000
2074 -1473.0000000000
2075 -1472.0000000000
2077 -1470.0000000000
2080 -1469.0000000000
2085 -1468.0000000000
2087 -1467.0000000000
2090 -1466.0000000000
2096 -1465.0000000000
2099 -1464.0000000000
2111 -1463.0000000000
2116 -1462.0000000000
2121 -1461.0000000000
2123 -1460.0000000000
2124 -1459.0000000000
2130 -1458.0000000000
2137 -1456.0000000000
2141 -1455.0000000000
2149 -1454.0000000000
2150 -1453.0000000000
2155 -1452.0000000000
2157 -1451.0000000000
2166 -1450.0000000000
2173 -1448.0000000000
2174 -1447.0000000000
2179 -1445.0000000000
2182 -1444.0000000000
2183 -1443.0000000000
2184 -1442.0000000000
2196 -1441.0000000000
2201 -1440.0000000000
2205 -1437.0000000000
2206 -1436.0000000000
2225 -1434.0000000000
2235 -1433.0000000000
2247 -1432.0000000000
2256 -1431.0000000000
2261 -1430.0000000000
2269 -1428.0000000000
2272 -1427.0000000000
2279 -1426.0000000000
2284 -1425.0000000000
2286 -1424.0000000000
2287 -1423.0000000000
2290 -1422.0000000000
2295 -1421.0000000000
2303 -1420.0000000000
2315 -1418.0000000000
2318 -1417.0000000000
2323 -1416.0000000000
2324 -1415.0000000000
2332 -1414.0000000000
2333 -1413.0000000000
2335 -1412.0000000000
2341 -1411.0000000000
2351 -1410.0000000000
2356 -1409.0000000000
2360 -1408.0000000000
2363 -1407.0000000000
2367 -1406.0000000000
2369 -1405.0000000000
2372 -1404.0000000000
2375 -1403.0000000000
2377 -1402.0000000000
2380 -1401.0000000000
2382 -1400.0000000000
2389 -1398.0000000000
2391 -1397.0000000000
2395 -1396.0000000000
2401 -1395.0000000000
2407 -1394.0000000000
2412 -1393.0000000000
2419 -1392.0000000000
2425 -1391.0000000000
2426 -1390.0000000000
2430 -1389.0000000000
2442 -1388.0000000000
2445 -1387.0000000000
2463 -1385.0000000000
2466 -1384.0000000000
2467 -1383.0000000000
2478 -1381.0000000000
2488 -1380.0000000000
2489 -1379.0000000000
2495 -1378.0000000000
2496 -1377.0000000000
2498 -1376.0000000000
2499 -1375.0000000000
2506 -1374.0000000000
2521 -1373.0000000000
2524 -1372.0000000000
2528 -1371.0000000000
2530 -1369.0000000000
2543 -1368.0000000000
2550 -1367.0000000000
2557 -1366.0000000000
2558 -1365.0000000000
2560 -1364.0000000000
2562 -1363.0000000000
2585 -1361.0000000000
2594 -1360.0000000000
2599 -1359.0000000000
2606 -1358.0000000000
2611 -1357.0000000000
2613 -1356.0000000000
2615 -1355.0000000000
2618 -1354.0000000000
2620 -1353.0000000000
2637 -1352.0000000000
2642 -1351.0000000000
2649 -1350.0000000000
2662 -1348.0000000000
2664 -1347.0000000000
2668 -1346.0000000000
2680 -1345.0000000000
2684 -1344.0000000000
2687 -1343.0000000000
2695 -1342.0000000000
2700 -1341.0000000000
2701 -1340.0000000000
2704 -1339.0000000000
2713 -1338.0000000000
2717 -1337.0000000000
2726 -1336.0000000000
2728 -1334.0000000000
2729 -1333.0000000000
2730 -1332.0000000000
2732 -1331.0000000000
2739 -1330.0000000000
2743 -1329.0000000000
2745 -1328.0000000000
2746 -1327.0000000000
2748 -1326.0000000000
2750 -1325.0000000000
2751 -1324.0000000000
2760 -1323.0000000000
2768 -1322.0000000000
2810 -1321.0000000000
2818 -1320.0000000000
2820 -1319.0000000000
2823 -1318.0000000000
2826 -1316.0000000000
2836 -1314.0000000000
2841 -1313.0000000000
2843 -1312.0000000000
2848 -1311.0000000000
2852 -1310.0000000000
2855 -1309.0000000000
2860 -1308.0000000000
2863 -1307.0000000000
2878 -1306.0000000000
2890 -1305.0000000000
2894 -1304.0000000000
2912 -1303.0000000000
2914 -1301.0000000000
2916 -1299.0000000000
2923 -1298.0000000000
2925 -1297.0000000000
2944 -1296.0000000000
2945 -1295.0000000000
2956 -1294.0000000000
2959 -1293.0000000000
2960 -1292.0000000000
2963 -1291.0000000000
2966 -1290.0000000000
2974 -1289.0000000000
2977 -1288.0000000000
2978 -1287.0000000000
2987 -1286.0000000000
2991 -1285.0000000000
2994 -1284.0000000000
3002 -1283.0000000000
3007 -1282.0000000000
3026 -1281.0000000000
3030 -1280.0000000000
3032 -1279.0000000000
3034 -1278.0000000000
3046 -1277.0000000000
3048 -1276.0000000000
3053 -1274.0000000000
3057 -1273.0000000000
3059 -1272.0000000000
3068 -1271.0000000000
3072 -1270.0000000000
3075 -1269.0000000000
3079 -1268.0000000000
3081 -1267.0000000000
3082 -1266.0000000000
3095 -1264.0000000000
3130 -1263.0000000000
3132 -1262.0000000000
3152 -1261.0000000000
3159 -1260.0000000000
3174 -1259.0000000000
3176 -1258.0000000000
3178 -1256.0000000000
3184 -1255.0000000000
3196 -1254.0000000000
3203 -1252.0000000000
3227 -1251.0000000000
3229 -1250.0000000000
3231 -1249.0000000000
3237 -1247.0000000000
3242 -1246.0000000000
3248 -1244.0000000000
3249 -1243.0000000000
3250 -1242.0000000000
3254 -1241.0000000000
3256 -1240.0000000000
3259 -1239.0000000000
3262 -1237.0000000000
3279 -1236.0000000000
3280 -1235.0000000000
3285 -1233.0000000000
3286 -1232.0000000000
3290 -1230.0000000000
3307 -1229.0000000000
3310 -1228.0000000000
3312 -1226.0000000000
3320 -1225.0000000000
3326 -1224.0000000000
3332 -1223.0000000000
3338 -1222.0000000000
3339 -1221.0000000000
3350 -1220.0000000000
3354 -1219.0000000000
3358 -1218.0000000000
3363 -1217.0000000000
3381 -1216.0000000000
3389 -1215.0000000000
3399 -1213.0000000000
3407 -1211.0000000000
3414 -1210.0000000000
3419 -1209.0000000000
3420 -1208.0000000000
3432 -1207.0000000000
3434 -1206.0000000000
3438 -1204.0000000000
3443 -1203.0000000000
3449 -1202.0000000000
3451 -1201.0000000000
3452 -1200.0000000000
3453 -1198.0000000000
3454 -1196.0000000000
3466 -1195.0000000000
3471 -1194.0000000000
3476 -1193.0000000000
3483 -1192.0000000000
3494 -1191.0000000000
3497 -1190.0000000000
3499 -1189.0000000000
3511 -1188.0000000000
3534 -1187.0000000000
3538 -1186.0000000000
3554 -1185.0000000000
3559 -1184.0000000000
3562 -1183.0000000000
3566 -1182.0000000000
3568 -1181.0000000000
3572 -1180.0000000000
3573 -1179.0000000000
3618 -1178.0000000000
3627 -1177.0000000000
3628 -1176.0000000000
3632 -1175.0000000000
3643 -1174.0000000000
3644 -1173.0000000000
3650 -1172.0000000000
3656 -1171.0000000000
3664 -1170.0000000000
3666 -1169.0000000000
3675 -1168.0000000000
3683 -1167.0000000000
3689 -1165.0000000000
3696 -1164.0000000000
3703 -1163.0000000000
3705 -1162.0000000000
3715 -1161.0000000000
3717 -1160.0000000000
3721 -1158.0000000000
3730 -1157.0000000000
3740 -1156.0000000000
3752 -1155.0000000000
3759 -1153.0000000000
3761 -1151.0000000000
3763 -1150.0000000000
3767 -1149.0000000000
3770 -1148.0000000000
3772 -1147.0000000000
3781 -1146.0000000000
3789 -1145.0000000000
3791 -1144.0000000000
3794 -1143.0000000000
3798 -1142.0000000000
3809 -1141.0000000000
3823 -1140.0000000000
3824 -1139.0000000000
3834 -1138.0000000000
3840 -1137.0000000000
3858 -1136.0000000000
3862 -1135.0000000000
3865 -1134.0000000000
3868 -1133.0000000000
3871 -1132.0000000000
3875 -1131.0000000000
3878 -1130.0000000000
3880 -1129.0000000000
3881 -1128.0000000000
3885 -1127.0000000000
3891 -1126.0000000000
3897 -1125.0000000000
3899 -1123.0000000000
3912 -1122.0000000000
3915 -1119.0000000000
3924 -1118.0000000000
3928 -1117.0000000000
3931 -1116.0000000000
3933 -1115.0000000000
3950 -1114.0000000000
3963 -1113.0000000000
3970 -1112.0000000000
3973 -1111.0000000000
3987 -1110.0000000000
3991 -1107.0000000000
4007 -1105.0000000000
4008 -1104.0000000000
4014 -1101.0000000000
4016 -1100.0000000000
4021 -1099.0000000000
4027 -1098.0000000000
4031 -1097.0000000000
4048 -1096.0000000000
4050 -1095.0000000000
4074 -1094.0000000000
4083 -1093.0000000000
4088 -1092.0000000000
4095 -1091.0000000000
4098 -1090.0000000000
4100 -1089.0000000000
4104 -1088.0000000000
4110 -1087.0000000000
4125 -1086.0000000000
4126 -1084.0000000000
4128 -1083.0000000000
4147 -1082.0000000000
4162 -1080.0000000000
4175 -1079.0000000000
4176 -1078.0000000000
4182 -1077.0000000000
4208 -1076.0000000000
4215 -1075.0000000000
4216 -1074.0000000000
4224 -1073.0000000000
4230 -1072.0000000000
4232 -1071.0000000000
4237 -1070.0000000000
4246 -1069.0000000000
4259 -1068.0000000000
4275 -1067.0000000000
4276 -1066.0000000000
4278 -1065.0000000000
4279 -1064.0000000000
4280 -1063.0000000000
4288 -1062.0000000000
4297 -1061.0000000000
4298 -1060.0000000000
4302 -1059.0000000000
4306 -1058.0000000000
4340 -1057.0000000000
4342 -1056.0000000000
4343 -1054.0000000000
4347 -1053.0000000000
4362 -1052.0000000000
4367 -1051.0000000000
4407 -1050.0000000000
4414 -1049.0000000000
4427 -1048.0000000000
4438 -1047.0000000000
4439 -1046.0000000000
4459 -1045.0000000000
4464 -1044.0000000000
4468 -1042.0000000000
4479 -1041.0000000000
4488 -1040.0000000000
4492 -1039.0000000000
4514 -1038.0000000000
4533 -1037.0000000000
4538 -1036.0000000000
4541 -1035.0000000000
4553 -1034.0000000000
4572 -1032.0000000000
4576 -1030.0000000000
4587 -1029.0000000000
4589 -1028.0000000000
4605 -1027.0000000000
4613 -1025.0000000000
4619 -1024.0000000000
4630 -1023.0000000000
4644 -1022.0000000000
4657 -1020.0000000000
4663 -1019.0000000000
4680 -1017.0000000000
4688 -1016.0000000000
4707 -1015.0000000000
4708 -1014.0000000000
4712 -1013.0000000000
4730 -1012.0000000000
4736 -1011.0000000000
4751 -1010.0000000000
4754 -1009.0000000000
4758 -1008.0000000000
4773 -1007.0000000000
4780 -1006.0000000000
4784 -1005.0000000000
4790 -1003.0000000000
4797 -1002.0000000000
4824 -1001.0000000000
4832 -1000.0000000000
4844 -999.0000000000
4847 -998.0000000000
4855 -997.0000000000
4880 -996.0000000000
4882 -995.0000000000
4888 -994.0000000000
4893 -993.0000000000
4900 -992.0000000000
4905 -990.0000000000
4914 -989.0000000000
4917 -988.0000000000
4922 -987.0000000000
4927 -986.0000000000
4934 -985.0000000000
4938 -984.0000000000
4952 -983.0000000000
4965 -982.0000000000
4967 -981.0000000000
4980 -980.0000000000
4991 -979.0000000000
5001 -978.0000000000
5011 -977.0000000000
5017 -976.0000000000
5021 -975.0000000000
5048 -974.0000000000
5052 -973.0000000000
5054 -972.0000000000
5062 -971.0000000000
5066 -970.0000000000
5075 -969.0000000000
5077 -968.0000000000
5083 -966.0000000000
5089 -965.0000000000
5092 -964.0000000000
5115 -963.0000000000
5119 -962.0000000000
5124 -961.0000000000
5132 -960.0000000000
5141 -959.0000000000
5151 -958.0000000000
5185 -956.0000000000
5194 -954.0000000000
5202 -953.0000000000
5207 -951.0000000000
5219 -950.0000000000
5233 -949.0000000000
5235 -947.0000000000
5239 -946.0000000000
5244 -945.0000000000
5252 -944.0000000000
5254 -943.0000000000
5255 -942.0000000000
5258 -941.0000000000
5262 -940.0000000000
5266 -939.0000000000
5271 -938.0000000000
5272 -937.0000000000
5282 -936.0000000000
5283 -935.0000000000
5284 -934.0000000000
5297 -933.0000000000
5306 -932.0000000000
5309 -931.0000000000
5316 -930.0000000000
5323 -929.0000000000
5332 -928.0000000000
5341 -927.0000000000
5344 -926.0000000000
5358 -925.0000000000
5371 -924.0000000000
5377 -923.0000000000
5391 -922.0000000000
5392 -921.0000000000
5411 -920.0000000000
5422 -919.0000000000
5423 -918.0000000000
5430 -917.0000000000
5433 -916.0000000000
5445 -915.0000000000
5455 -914.0000000000
5461 -913.0000000000
5463 -912.0000000000
5480 -911.0000000000
5481 -910.0000000000
5487 -909.0000000000
5488 -908.0000000000
5498 -907.0000000000
5521 -906.0000000000
5535 -905.0000000000
5562 -904.0000000000
5588 -903.0000000000
5590 -901.0000000000
5595 -900.0000000000
5619 -899.0000000000
5624 -898.0000000000
5628 -897.0000000000
5636 -896.0000000000
5658 -895.0000000000
5671 -894.0000000000
5674 -893.0000000000
5675 -892.0000000000
5678 -891.0000000000
5680 -890.0000000000
5696 -889.0000000000
5703 -888.0000000000
5704 -887.0000000000
5727 -886.0000000000
5729 -885.0000000000
5731 -884.0000000000
5732 -882.0000000000
5767 -881.0000000000
5795 -880.0000000000
5799 -879.0000000000
5814 -877.0000000000
5818 -876.0000000000
5827 -875.0000000000
5839 -874.0000000000
5863 -872.0000000000
5873 -871.0000000000
5883 -870.0000000000
5886 -869.0000000000
5897 -868.0000000000
5933 -867.0000000000
5936 -866.0000000000
5952 -864.0000000000
5974 -863.0000000000
5981 -862.0000000000
5995 -861.0000000000
6019 -860.0000000000
6023 -859.0000000000
6052 -858.0000000000
6055 -857.0000000000
6067 -856.0000000000
6069 -855.0000000000
6076 -854.0000000000
6077 -853.0000000000
6115 -852.0000000000
6117 -851.0000000000
6127 -849.0000000000
6135 -848.0000000000
6158 -847.0000000000
6178 -846.0000000000
6180 -845.0000000000
6196 -844.0000000000
6202 -843.0000000000
6204 -842.0000000000
6208 -841.0000000000
6215 -840.0000000000
6230 -839.0000000000
6233 -838.0000000000
6243 -836.0000000000
6250 -835.0000000000
6260 -834.0000000000
6291 -833.0000000000
6321 -832.0000000000
6347 -831.0000000000
6348 -830.0000000000
6350 -829.0000000000
6375 -828.0000000000
6388 -827.0000000000
6390 -826.0000000000
6402 -825.0000000000
6405 -824.0000000000
6406 -822.0000000000
6409 -821.0000000000
6421 -820.0000000000
6441 -819.0000000000
6449 -817.0000000000
6461 -816.0000000000
6471 -815.0000000000
6474 -814.0000000000
6483 -813.0000000000
6513 -810.0000000000
6514 -809.0000000000
6532 -808.0000000000
6537 -807.0000000000
6543 -806.0000000000
6555 -805.0000000000
6560 -804.0000000000
6561 -803.0000000000
6568 -802.0000000000
6576 -801.0000000000
6581 -800.0000000000
6588 -799.0000000000
6600 -797.0000000000
6603 -796.0000000000
6609 -795.0000000000
6637 -793.0000000000
6654 -792.0000000000
6684 -791.0000000000
6714 -789.0000000000
6750 -788.0000000000
6753 -787.0000000000
6770 -786.0000000000
6772 -785.0000000000
6789 -784.0000000000
6795 -783.0000000000
6797 -782.0000000000
6806 -781.0000000000
6809 -780.0000000000
6813 -779.0000000000
6815 -778.0000000000
6829 -777.0000000000
6834 -776.0000000000
6837 -775.0000000000
6840 -774.0000000000
6862 -772.0000000000
6877 -771.0000000000
6889 -770.0000000000
6909 -769.0000000000
6914 -768.0000000000
6922 -767.0000000000
6924 -766.0000000000
6939 -765.0000000000
7032 -764.0000000000
7046 -762.0000000000
7050 -761.0000000000
7077 -760.0000000000
7089 -759.0000000000
7090 -758.0000000000
7093 -757.0000000000
7101 -756.0000000000
7117 -755.0000000000
7136 -754.0000000000
7157 -753.0000000000
7180 -752.0000000000
7187 -751.0000000000
7197 -750.0000000000
7204 -749.0000000000
7208 -748.0000000000
7227 -747.0000000000
7229 -746.0000000000
7236 -745.0000000000
7238 -744.0000000000
7262 -743.0000000000
7270 -742.0000000000
7278 -741.0000000000
7290 -739.0000000000
7302 -738.0000000000
7303 -737.0000000000
7310 -736.0000000000
7322 -735.0000000000
7333 -734.0000000000
7347 -733.0000000000
7348 -732.0000000000
7349 -731.0000000000
7353 -730.0000000000
7355 -729.0000000000
7360 -728.0000000000
7364 -727.0000000000
7376 -725.0000000000
7379 -724.0000000000
7381 -723.0000000000
7384 -722.0000000000
7410 -721.0000000000
7417 -720.0000000000
7429 -719.0000000000
7435 -718.0000000000
7451 -717.0000000000
7469 -716.0000000000
7470 -715.0000000000
7490 -714.0000000000
7493 -713.0000000000
7500 -712.0000000000
7525 -711.0000000000
7562 -710.0000000000
7593 -709.0000000000
7595 -708.0000000000
7621 -705.0000000000
7622 -704.0000000000
7625 -703.0000000000
7630 -702.0000000000
7636 -701.0000000000
7648 -700.0000000000
7654 -699.0000000000
7662 -698.0000000000
7702 -697.0000000000
7714 -696.0000000000
7719 -694.0000000000
7725 -693.0000000000
7733 -692.0000000000
7774 -691.0000000000
7776 -690.0000000000
7779 -689.0000000000
7789 -688.0000000000
7796 -687.0000000000
7812 -686.0000000000
7830 -684.0000000000
7884 -683.0000000000
7895 -682.0000000000
7900 -680.0000000000
7911 -679.0000000000
7913 -678.0000000000
7921 -677.0000000000
7922 -676.0000000000
7925 -675.0000000000
7927 -674.0000000000
7933 -673.0000000000
7940 -672.0000000000
7943 -671.0000000000
7954 -670.0000000000
7978 -669.0000000000
7998 -668.0000000000
8007 -667.0000000000
8016 -665.0000000000
8029 -663.0000000000
8031 -662.0000000000
8046 -661.0000000000
8070 -660.0000000000
8077 -659.0000000000
8081 -658.0000000000
8084 -657.0000000000
8088 -656.0000000000
8091 -655.0000000000
8096 -654.0000000000
8105 -653.0000000000
8122 -652.0000000000
8133 -651.0000000000
8134 -650.0000000000
8148 -649.0000000000
8163 -648.0000000000
8167 -647.0000000000
8193 -646.0000000000
8198 -645.0000000000
8202 -644.0000000000
8231 -643.0000000000
8237 -642.0000000000
8239 -641.0000000000
8258 -640.0000000000
8262 -639.0000000000
8269 -638.0000000000
8284 -637.0000000000
8307 -636.0000000000
8364 -635.0000000000
8386 -634.0000000000
8403 -633.0000000000
8422 -632.0000000000
8433 -631.0000000000
8440 -630.0000000000
8460 -629.0000000000
8469 -628.0000000000
8472 -627.0000000000
8480 -626.0000000000
8488 -625.0000000000
8516 -623.0000000000
8521 -622.0000000000
8523 -621.0000000000
8535 -620.0000000000
8543 -619.0000000000
8558 -618.0000000000
8560 -616.0000000000
8562 -615.0000000000
8569 -614.0000000000
8578 -612.0000000000
8590 -610.0000000000
8598 -609.0000000000
8611 -608.0000000000
8640 -606.0000000000
8654 -605.0000000000
8677 -602.0000000000
8678 -601.0000000000
8714 -600.0000000000
8740 -599.0000000000
8742 -598.0000000000
8776 -597.0000000000
8782 -596.0000000000
8785 -595.0000000000
8807 -594.0000000000
8842 -593.0000000000
8863 -591.0000000000
8907 -590.0000000000
8908 -589.0000000000
8916 -588.0000000000
8930 -587.0000000000
8969 -586.0000000000
9009 -585.0000000000
9027 -584.0000000000
9028 -583.0000000000
9035 -582.0000000000
9043 -581.0000000000
9056 -580.0000000000
9063 -579.0000000000
9066 -578.0000000000
9078 -577.0000000000
9079 -576.0000000000
9114 -575.0000000000
9120 -574.0000000000
9121 -573.0000000000
9125 -572.0000000000
9135 -571.0000000000
9146 -570.0000000000
9159 -569.0000000000
9161 -568.0000000000
9191 -567.0000000000
9215 -566.0000000000
9228 -565.0000000000
9234 -563.0000000000
9239 -562.0000000000
9285 -561.0000000000
9288 -560.0000000000
9292 -559.0000000000
9330 -558.0000000000
9334 -557.0000000000
9343 -556.0000000000
9372 -555.0000000000
9380 -554.0000000000
9383 -553.0000000000
9436 -552.0000000000
9438 -551.0000000000
9445 -550.0000000000
9455 -549.0000000000
9478 -548.0000000000
9481 -547.0000000000
9484 -546.0000000000
9487 -545.0000000000
9507 -542.0000000000
9531 -541.0000000000
9539 -540.0000000000
9549 -539.0000000000
9551 -538.0000000000
9563 -537.0000000000
9573 -536.0000000000
9584 -535.0000000000
9620 -534.0000000000
9665 -533.0000000000
9668 -532.0000000000
9682 -531.0000000000
9684 -530.0000000000
9689 -529.0000000000
9695 -528.0000000000
9696 -527.0000000000
9708 -526.0000000000
9765 -525.0000000000
9769 -524.0000000000
9798 -523.0000000000
9801 -522.0000000000
9817 -521.0000000000
9821 -520.0000000000
9825 -519.0000000000
9875 -518.0000000000
9898 -517.0000000000
9941 -515.0000000000
9944 -514.0000000000
9953 -513.0000000000
9980 -512.0000000000
9991 -511.0000000000
10000 -512.0000000000
evaluations raw_y
1 -2015.0000000000
2 -2014.0000000000
5 -2013.0000000000
10 -2010.0000000000
15 -2009.0000000000
25 -2008.0000000000
28 -2007.0000000000
32 -2006.0000000000
33 -2005.0000000000
34 -2004.0000000000
43 -2003.0000000000
45 -2002.0000000000
47 -2001.0000000000
48 -1999.0000000000
49 -1998.0000000000
55 -1997.0000000000
59 -1996.0000000000
60 -1995.0000000000
62 -1993.0000000000
63 -1992.0000000000
65 -1991.0000000000
76 -1990.0000000000
98 -1989.0000000000
100 -1988.0000000000
117 -1986.0000000000
118 -1985.0000000000
124 -1983.0000000000
133 -1982.0000000000
135 -1981.0000000000
141 -1979.0000000000
144 -1978.0000000000
146 -1976.0000000000
150 -1974.0000000000
153 -1973.0000000000
164 -1972.0000000000
165 -1971.0000000000
169 -1970.0000000000
173 -1969.0000000000
175 -1968.0000000000
177 -1967.0000000000
182 -1964.0000000000
184 -1963.0000000000
185 -1962.0000000000
186 -1960.0000000000
188 -1958.0000000000
191 -1957.0000000000
196 -1956.0000000000
200 -1955.0000000000
203 -1954.0000000000
204 -1953.0000000000
206 -1951.0000000000
210 -1950.0000000000
216 -1949.0000000000
218 -1948.0000000000
223 -1947.0000000000
224 -1946.0000000000
229 -1945.0000000000
236 -1944.0000000000
240 -1943.0000000000
241 -1942.0000000000
245 -1941.0000000000
246 -1940.0000000000
249 -1939.0000000000
250 -1938.0000000000
251 -1936.0000000000
252 -1935.0000000000
254 -1934.0000000000
260 -1933.0000000000
261 -1932.0000000000
262 -1931.0000000000
279 -1930.0000000000
280 -1929.0000000000
285 -1928.0000000000
286 -1927.0000000000
290 -1926.0000000000
292 -1924.0000000000
293 -1921.0000000000
296 -1920.0000000000
297 -1919.0000000000
298 -1918.0000000000
301 -1917.0000000000
306 -1916.0000000000
308 -1915.0000000000
318 -1913.0000000000
327 -1911.0000000000
328 -1910.0000000000
332 -1909.0000000000
339 -1908.0000000000
348 -1906.0000000000
349 -1905.0000000000
358 -1904.0000000000
365 -1902.0000000000
375 -1901.0000000000
380 -1900.0000000000
381 -1899.0000000000
382 -1898.0000000000
384 -1897.0000000000
388 -1895.0000000000
390 -1894.0000000000
391 -1893.0000000000
397 -1892.0000000000
401 -1891.0000000000
402 -1888.0000000000
404 -1887.0000000000
407 -1885.0000000000
410 -1884.0000000000
413 -1883.0000000000
416 -1881.0000000000
426 -1880.0000000000
432 -1879.0000000000
434 -1877.0000000000
443 -1876.0000000000
449 -1875.0000000000
451 -1874.0000000000
457 -1872.0000000000
460 -1871.0000000000
461 -1870.0000000000
462 -1869.0000000000
476 -1867.0000000000
478 -1865.0000000000
483 -1864.0000000000
484 -1863.0000000000
490 -1862.0000000000
505 -1861.0000000000
507 -1860.0000000000
511 -1859.0000000000
513 -1858.0000000000
520 -1857.0000000000
521 -1855.0000000000
528 -1854.0000000000
545 -1853.0000000000
546 -1851.0000000000
551 -1850.0000000000
552 -1849.0000000000
559 -1848.0000000000
566 -1847.0000000000
569 -1846.0000000000
574 -1845.0000000000
576 -1844.0000000000
580 -1843.0000000000
582 -1842.0000000000
584 -1840.0000000000
588 -1839.0000000000
589 -1837.0000000000
597 -1836.0000000000
600 -1835.0000000000
611 -1834.0000000000
615 -1832.0000000000
623 -1830.0000000000
642 -1829.0000000000
643 -1828.0000000000
648 -1827.0000000000
649 -1824.0000000000
651 -1823.0000000000
653 -1822.0000000000
655 -1821.0000000000
656 -1819.0000000000
657 -1818.0000000000
659 -1817.0000000000
660 -1816.0000000000
666 -1815.0000000000
668 -1814.0000000000
671 -1812.0000000000
672 -1811.0000000000
675 -1810.0000000000
682 -1808.0000000000
685 -1807.0000000000
686 -1804.0000000000
687 -1803.0000000000
690 -1801.0000000000
705 -1800.0000000000
717 -1798.0000000000
719 -1796.0000000000
720 -1795.0000000000
721 -1794.0000000000
723 -1793.0000000000
724 -1792.0000000000
726 -1791.0000000000
728 -1790.0000000000
730 -1789.0000000000
731 -1788.0000000000
733 -1786.0000000000
734 -1785.0000000000
743 -1784.0000000000
751 -1782.0000000000
753 -1781.0000000000
757 -1780.0000000000
761 -1778.0000000000
764 -1777.0000000000
771 -1776.0000000000
783 -1775.0000000000
784 -1774.0000000000
788 -1772.0000000000
795 -1771.0000000000
803 -1770.0000000000
812 -1769.0000000000
815 -1768.0000000000
818 -1767.0000000000
819 -1766.0000000000
822 -1765.0000000000
826 -1764.0000000000
833 -1763.0000000000
847 -1762.0000000000
848 -1761.0000000000
859 -1760.0000000000
870 -1759.0000000000
871 -1758.0000000000
872 -1757.0000000000
874 -1756.0000000000
877 -1755.0000000000
880 -1753.0000000000
893 -1752.0000000000
896 -1751.0000000000
901 -1749.0000000000
907 -1748.0000000000
921 -1745.0000000000
934 -1744.0000000000
941 -1743.0000000000
943 -1742.0000000000
945 -1741.0000000000
952 -1739.0000000000
953 -1738.0000000000
954 -1737.0000000000
961 -1736.0000000000
963 -1735.0000000000
965 -1733.0000000000
968 -1732.0000000000
972 -1730.0000000000
974 -1729.0000000000
978 -1727.0000000000
979 -1726.0000000000
981 -1725.0000000000
984 -1724.0000000000
993 -1723.0000000000
995 -1722.0000000000
996 -1721.0000000000
999 -1720.0000000000
1001 -1719.0000000000
1002 -1717.0000000000
1003 -1716.0000000000
1014 -1714.0000000000
1020 -1713.0000000000
1023 -1712.0000000000
1037 -1711.0000000000
1053 -1710.0000000000
1055 -1709.0000000000
1062 -1708.0000000000
1063 -1707.0000000000
1067 -1706.0000000000
1068 -1705.0000000000
1076 -1704.0000000000
1084 -1703.0000000000
1086 -1702.0000000000
1088 -1701.0000000000
1089 -1700.0000000000
1104 -1697.0000000000
1107 -1695.0000000000
1110 -1693.0000000000
1111 -1692.0000000000
1115 -1691.0000000000
1119 -1690.0000000000
1123 -1689.0000000000
1126 -1688.0000000000
1132 -1687.0000000000
1143 -1686.0000000000
1151 -1685.0000000000
1152 -1683.0000000000
1173 -1682.0000000000
1174 -1681.0000000000
1177 -1679.0000000000
1180 -1677.0000000000
1187 -1675.0000000000
1190 -1674.0000000000
1193 -1673.0000000000
1200 -1672.0000000000
1215 -1671.0000000000
1219 -1669.0000000000
1221 -1668.0000000000
1227 -1667.0000000000
1232 -1666.0000000000
1233 -1665.0000000000
1238 -1664.0000000000
1241 -1663.0000000000
1247 -1660.0000000000
1250 -1659.0000000000
1251 -1658.0000000000
1256 -1657.0000000000
1267 -1656.0000000000
1268 -1655.0000000000
1272 -1654.0000000000
1276 -1653.0000000000
1280 -1652.0000000000
1287 -1651.0000000000
1288 -1650.0000000000
1297 -1648.0000000000
1303 -1647.0000000000
1309 -1646.0000000000
1311 -1645.0000000000
1317 -1644.0000000000
1318 -1643.0000000000
1332 -1642.0000000000
1340 -1640.0000000000
1341 -1639.0000000000
1343 -1638.0000000000
1345 -1637.0000000000
1357 -1636.0000000000
1363 -1634.0000000000
1370 -1632.0000000000
1371 -1631.0000000000
1372 -1630.0000000000
1374 -1628.0000000000
1381 -1627.0000000000
1384 -1626.0000000000
1401 -1625.0000000000
1402 -1624.0000000000
1404 -1622.0000000000
1407 -1621.0000000000
1411 -1620.0000000000
1425 -1619.0000000000
1432 -1617.0000000000
1433 -1616.0000000000
1446 -1615.0000000000
1450 -1614.0000000000
1452 -1613.0000000000
1454 -1612.0000000000
1456 -1611.0000000000
1459 -1610.0000000000
1466 -1609.0000000000
1471 -1608.0000000000
1498 -1607.0000000000
1499 -1606.0000000000
1503 -1604.0000000000
1514 -1603.0000000000
1516 -1602.0000000000
1519 -1600.0000000000
1522 -1599.0000000000
1526 -1596.0000000000
1537 -1594.0000000000
1545 -1593.0000000000
1552 -1592.0000000000
1555 -1591.0000000000
1562 -1590.0000000000
1565 -1589.0000000000
1566 -1588.0000000000
1574 -1587.0000000000
1578 -1586.0000000000
1582 -1585.0000000000
1587 -1584.0000000000
1588 -1583.0000000000
1604 -1582.0000000000
1606 -1581.0000000000
1607 -1580.0000000000
1609 -1579.0000000000
1614 -1578.0000000000
1616 -1577.0000000000
1618 -1576.0000000000
1619 -1575.0000000000
1621 -1574.0000000000
1629 -1572.0000000000
1631 -1571.0000000000
1636 -1570.0000000000
1637 -1568.0000000000
1648 -1567.0000000000
1651 -1566.0000000000
1658 -1565.0000000000
1668 -1564.0000000000
1669 -1563.0000000000
1672 -1562.0000000000
1674 -1561.0000000000
1675 -1560.0000000000
1678 -1558.0000000000
1687 -1557.0000000000
1692 -1556.0000000000
1706 -1555.0000000000
1714 -1554.0000000000
1736 -1553.0000000000
1738 -1552.0000000000
1743 -1550.0000000000
1744 -1549.0000000000
1761 -1548.0000000000
1766 -1547.0000000000
1772 -1546.0000000000
1775 -1545.0000000000
1776 -1544.0000000000
1777 -1543.0000000000
1778 -1542.0000000000
1779 -1541.0000000000
1781 -1540.0000000000
1787 -1539.0000000000
1790 -1537.0000000000
1792 -1536.0000000000
1798 -1535.0000000000
1799 -1534.0000000000
1810 -1533.0000000000
1822 -1532.0000000000
1825 -1531.0000000000
1830 -1530.0000000000
1836 -1529.0000000000
1851 -1527.0000000000
1853 -1526.0000000000
1857 -1525.0000000000
1860 -1523.0000000000
1877 -1522.0000000000
1881 -1521.0000000000
1882 -1520.0000000000
1887 -1519.0000000000
1888 -1518.0000000000
1898 -1517.0000000000
1899 -1516.0000000000
1900 -1514.0000000000
1910 -1513.0000000000
1934 -1512.0000000000
1935 -1511.0000000000
1937 -1510.0000000000
1953 -1509.0000000000
1955 -1508.0000000000
1974 -1507.0000000000
1981 -1506.0000000000
1984 -1505.0000000000
1988 -1504.0000000000
1989 -1503.0000000000
1990 -1502.0000000000
2009 -1501.0000000000
2017 -1500.0000000000
2022 -1499.0000000000
2025 -1498.0000000000
2032 -1496.0000000000
2034 -1495.0000000000
2044 -1493.0000000000
2049 -1492.0000000000
2060 -1491.0000000000
2065 -1490.0000000000
2067 -1489.0000000000
2078 -1488.0000000000
2080 -1487.0000000000
2082 -1486.0000000000
2090 -1484.0000000000
2092 -1482.0000000000
2097 -1480.0000000000
2100 -1479.0000000000
2101 -1478.0000000000
2107 -1477.0000000000
2123 -1476.0000000000
2124 -1475.0000000000
2131 -1474.0000000000
2137 -1473.0000000000
2141 -1472.0000000000
2146 -1470.0000000000
2147 -1469.0000000000
2149 -1468.0000000000
2152 -1467.0000000000
2153 -1466.0000000000
2154 -1465.0000000000
2157 -1464.0000000000
2165 -1463.0000000000
2175 -1462.0000000000
2193 -1461.0000000000
2205 -1460.0000000000
2211 -1459.0000000000
2220 -1458.0000000000
2221 -1456.0000000000
2223 -1455.0000000000
2239 -1454.0000000000
2241 -1453.0000000000
2242 -1452.0000000000
2248 -1451.0000000000
2254 -1450.0000000000
2255 -1449.0000000000
2256 -1448.0000000000
2259 -1447.0000000000
2269 -1446.0000000000
2276 -1445.0000000000
2280 -1444.0000000000
2281 -1443.0000000000
2284 -1442.0000000000
2289 -1441.0000000000
2291 -1440.0000000000
2308 -1439.0000000000
2311 -1438.0000000000
2317 -1436.0000000000
2318 -1435.0000000000
2332 -1434.0000000000
2334 -1432.0000000000
2353 -1430.0000000000
2354 -1429.0000000000
2360 -1428.0000000000
2365 -1427.0000000000
2369 -1426.0000000000
2370 -1424.0000000000
2375 -1423.0000000000
2386 -1422.0000000000
2410 -1421.0000000000
2414 -1420.0000000000
2420 -1418.0000000000
2424 -1417.0000000000
2426 -1416.0000000000
2427 -1414.0000000000
2428 -1412.0000000000
2433 -1411.0000000000
2437 -1410.0000000000
2450 -1408.0000000000
2453 -1407.0000000000
2459 -1406.0000000000
2463 -1405.0000000000
2467 -1404.0000000000
2468 -1403.0000000000
2470 -1402.0000000000
2480 -1401.0000000000
2482 -1400.0000000000
2487 -1399.0000000000
2495 -1398.0000000000
2496 -1397.0000000000
2499 -1396.0000000000
2505 -1395.0000000000
2506 -1394.0000000000
2509 -1393.0000000000
2517 -1392.0000000000
2525 -1391.0000000000
2531 -1390.0000000000
2540 -1389.0000000000
2548 -1388.0000000000
2556 -1387.0000000000
2561 -1386.0000000000
2563 -1385.0000000000
2568 -1384.0000000000
2574 -1383.0000000000
2578 -1382.0000000000
2579 -1381.0000000000
2582 -1380.0000000000
2584 -1379.0000000000
2587 -1378.0000000000
2589 -1376.0000000000
2591 -1375.0000000000
2596 -1374.0000000000
2602 -1373.0000000000
2608 -1372.0000000000
2624 -1371.0000000000
2626 -1370.0000000000
2634 -1368.0000000000
2642 -1367.0000000000
2645 -1366.0000000000
2657 -1365.0000000000
2681 -1364.0000000000
2684 -1363.0000000000
2686 -1362.0000000000
2688 -1361.0000000000
2694 -1360.0000000000
2699 -1359.0000000000
2700 -1358.0000000000
2704 -1357.0000000000
2705 -1356.0000000000
2706 -1355.0000000000
2718 -1354.0000000000
2735 -1353.0000000000
2739 -1352.0000000000
2742 -1351.0000000000
2745 -1349.0000000000
2747 -1348.0000000000
2750 -1347.0000000000
2756 -1346.0000000000
2759 -1345.0000000000
2772 -1344.0000000000
2777 -1343.0000000000
2782 -1342.0000000000
2787 -1341.0000000000
2789 -1339.0000000000
2792 -1338.0000000000
2800 -1337.0000000000
2814 -1336.0000000000
2825 -1334.0000000000
2836 -1333.0000000000
2840 -1332.0000000000
2843 -1331.0000000000
2847 -1330.0000000000
2858 -1329.0000000000
2861 -1328.0000000000
2876 -1327.0000000000
2877 -1326.0000000000
2880 -1325.0000000000
2881 -1324.0000000000
2886 -1323.0000000000
2888 -1322.0000000000
2900 -1321.0000000000
2904 -1320.0000000000
2911 -1319.0000000000
2914 -1318.0000000000
2915 -1317.0000000000
2922 -1316.0000000000
2923 -1314.0000000000
2932 -1313.0000000000
2940 -1312.0000000000
2947 -1310.0000000000
2949 -1309.0000000000
2952 -1308.0000000000
2954 -1307.0000000000
2956 -1306.0000000000
2961 -1305.0000000000
2963 -1304.0000000000
2972 -1303.0000000000
2979 -1302.0000000000
2984 -1301.0000000000
2990 -1299.0000000000
2999 -1298.0000000000
3004 -1297.0000000000
3021 -1296.0000000000
3022 -1295.0000000000
3034 -1294.0000000000
3036 -1293.0000000000
3038 -1291.0000000000
3043 -1290.0000000000
3060 -1288.0000000000
3066 -1287.0000000000
3075 -1286.0000000000
3080 -1285.0000000000
3088 -1283.0000000000
3094 -1281.0000000000
3105 -1280.0000000000
3108 -1279.0000000000
3114 -1278.0000000000
3115 -1277.0000000000
3118 -1276.0000000000
3125 -1275.0000000000
3130 -1273.0000000000
3134 -1272.0000000000
3136 -1271.0000000000
3140 -1270.0000000000
3154 -1269.0000000000
3156 -1267.0000000000
3164 -1265.0000000000
3168 -1264.0000000000
3169 -1263.0000000000
3170 -1262.0000000000
3173 -1261.0000000000
3180 -1260.0000000000
3183 -1259.0000000000
3184 -1258.0000000000
3185 -1257.0000000000
3188 -1255.0000000000
3192 -1254.0000000000
3209 -1253.0000000000
3219 -1252.0000000000
3228 -1251.0000000000
3242 -1250.0000000000
3259 -1249.0000000000
3282 -1248.0000000000
3289 -1246.0000000000
3301 -1245.0000000000
3306 -1244.0000000000
3321 -1243.0000000000
3323 -1242.0000000000
3336 -1241.0000000000
3346 -1240.0000000000
3348 -1239.0000000000
3349 -1238.0000000000
3350 -1237.0000000000
3353 -1236.0000000000
3377 -1235.0000000000
3381 -1234.0000000000
3385 -1233.0000000000
3398 -1231.0000000000
3405 -1230.0000000000
3407 -1228.0000000000
3410 -1227.0000000000
3420 -1225.0000000000
3429 -1224.0000000000
3436 -1223.0000000000
3439 -1221.0000000000
3443 -1220.0000000000
3445 -1219.0000000000
3456 -1218.0000000000
3459 -1217.0000000000
3462 -1216.0000000000
3484 -1215.0000000000
3485 -1214.0000000000
3490 -1213.0000000000
3494 -1212.0000000000
3495 -1210.0000000000
3527 -1209.0000000000
3534 -1208.0000000000
3544 -1207.0000000000
3545 -1206.0000000000
3552 -1205.0000000000
3556 -1203.0000000000
3557 -1202.0000000000
3558 -1199.0000000000
3560 -1198.0000000000
3564 -1197.0000000000
3569 -1196.0000000000
3581 -1195.0000000000
3590 -1194.0000000000
3591 -1193.0000000000
3595 -1192.0000000000
3607 -1190.0000000000
3610 -1189.0000000000
3614 -1188.0000000000
3627 -1187.0000000000
3629 -1186.0000000000
3634 -1185.0000000000
3636 -1184.0000000000
3644 -1183.0000000000
3645 -1182.0000000000
3646 -1181.0000000000
3648 -1180.0000000000
3649 -1179.0000000000
3651 -1178.0000000000
3652 -1177.0000000000
3653 -1176.0000000000
3659 -1175.0000000000
3666 -1174.0000000000
3678 -1173.0000000000
3682 -1172.0000000000
3698 -1171.0000000000
3700 -1170.0000000000
3713 -1169.0000000000
3717 -1168.0000000000
3722 -1167.0000000000
3727 -1166.0000000000
3728 -1165.0000000000
3729 -1164.0000000000
3734 -1163.0000000000
3750 -1161.0000000000
3760 -1160.0000000000
3763 -1159.0000000000
3765 -1158.0000000000
3783 -1157.0000000000
3795 -1156.0000000000
3799 -1155.0000000000
3800 -1153.0000000000
3810 -1152.0000000000
3811 -1151.0000000000
3813 -1149.0000000000
3820 -1148.0000000000
3827 -1147.0000000000
3830 -1146.0000000000
3832 -1144.0000000000
3867 -1143.0000000000
3880 -1141.0000000000
3884 -1140.0000000000
3894 -1139.0000000000
3905 -1138.0000000000
3917 -1136.0000000000
3919 -1135.0000000000
3920 -1134.0000000000
3928 -1132.0000000000
3931 -1131.0000000000
3941 -1129.0000000000
3942 -1128.0000000000
3950 -1127.0000000000
3955 -1126.0000000000
3962 -1125.0000000000
3967 -1124.0000000000
3976 -1123.0000000000
3978 -1122.0000000000
3985 -1121.0000000000
3990 -1120.0000000000
4011 -1119.0000000000
4029 -1118.0000000000
4032 -1116.0000000000
4037 -1115.0000000000
4053 -1114.0000000000
4054 -1111.0000000000
4076 -1110.0000000000
4079 -1109.0000000000
4081 -1108.0000000000
4093 -1107.0000000000
4094 -1106.0000000000
4116 -1104.0000000000
4117 -1103.0000000000
4129 -1100.0000000000
4131 -1099.0000000000
4132 -1098.0000000000
4143 -1097.0000000000
4144 -1096.0000000000
4145 -1095.0000000000
4149 -1094.0000000000
4157 -1093.0000000000
4169 -1092.0000000000
4173 -1091.0000000000
4182 -1090.0000000000
4197 -1088.0000000000
4200 -1086.0000000000
4204 -1084.0000000000
4205 -1083.0000000000
4209 -1082.0000000000
4216 -1081.0000000000
4219 -1080.0000000000
4230 -1079.0000000000
4235 -1076.0000000000
4237 -1075.0000000000
4253 -1073.0000000000
4258 -1072.0000000000
4259 -1071.0000000000
4262 -1070.0000000000
4267 -1069.0000000000
4268 -1068.0000000000
4285 -1067.0000000000
4295 -1066.0000000000
4310 -1064.0000000000
4317 -1063.0000000000
4321 -1062.0000000000
4339 -1061.0000000000
4355 -1060.0000000000
4357 -1059.0000000000
4360 -1057.0000000000
4366 -1056.0000000000
4379 -1055.0000000000
4385 -1054.0000000000
4411 -1053.0000000000
4418 -1051.0000000000
4419 -1050.0000000000
4440 -1049.0000000000
4444 -1048.0000000000
4460 -1047.0000000000
4471 -1046.0000000000
4474 -1045.0000000000
4482 -1044.0000000000
4483 -1043.0000000000
4484 -1042.0000000000
4487 -1041.0000000000
4494 -1040.0000000000
4506 -1038.0000000000
4508 -1037.0000000000
4513 -1035.0000000000
4519 -1034.0000000000
4531 -1032.0000000000
4536 -1031.0000000000
4537 -1030.0000000000
4547 -1029.0000000000
4550 -1028.0000000000
4554 -1027.0000000000
4564 -1026.0000000000
4568 -1025.0000000000
4569 -1024.0000000000
4584 -1020.0000000000
4590 -1019.0000000000
4591 -1018.0000000000
4601 -1017.0000000000
4603 -1016.0000000000
4624 -1015.0000000000
4633 -1014.0000000000
4639 -1013.0000000000
4645 -1012.0000000000
4648 -1010.0000000000
4651 -1009.0000000000
4663 -1008.0000000000
4668 -1007.0000000000
4670 -1006.0000000000
4679 -1005.0000000000
4680 -1004.0000000000
4693 -1003.0000000000
4696 -1002.0000000000
4698 -1001.0000000000
4704 -1000.0000000000
4708 -998.0000000000
4724 -997.0000000000
4734 -995.0000000000
4740 -994.0000000000
4758 -992.0000000000
4760 -991.0000000000
4771 -989.0000000000
4796 -988.0000000000
4815 -987.0000000000
4819 -986.0000000000
4832 -985.0000000000
4838 -984.0000000000
4839 -983.0000000000
4844 -982.0000000000
4850 -981.0000000000
4886 -980.0000000000
4889 -979.0000000000
4895 -978.0000000000
4907 -977.0000000000
4918 -974.0000000000
4923 -973.0000000000
4928 -972.0000000000
4929 -971.0000000000
4933 -970.0000000000
4938 -969.0000000000
4946 -968.0000000000
4949 -967.0000000000
4963 -966.0000000000
4980 -965.0000000000
4987 -964.0000000000
4990 -963.0000000000
4994 -962.0000000000
4999 -961.0000000000
5025 -960.0000000000
5033 -959.0000000000
5050 -958.0000000000
5063 -957.0000000000
5082 -955.0000000000
5095 -954.0000000000
5123 -953.0000000000
5127 -952.0000000000
5131 -951.0000000000
5132 -949.0000000000
5154 -948.0000000000
5175 -947.0000000000
5176 -946.0000000000
5182 -944.0000000000
5215 -943.0000000000
5231 -942.0000000000
5233 -941.0000000000
5261 -940.0000000000
5267 -939.0000000000
5272 -938.0000000000
5273 -937.0000000000
5274 -936.0000000000
5280 -935.0000000000
5290 -934.0000000000
5291 -933.0000000000
5294 -932.0000000000
5328 -931.0000000000
5330 -929.0000000000
5346 -928.0000000000
5348 -925.0000000000
5351 -924.0000000000
5357 -923.0000000000
5361 -922.0000000000
5381 -921.0000000000
5392 -920.0000000000
5396 -919.0000000000
5397 -918.0000000000
5406 -917.0000000000
5423 -916.0000000000
5424 -915.0000000000
5429 -914.0000000000
5446 -911.0000000000
5470 -910.0000000000
5478 -909.0000000000
5479 -908.0000000000
5480 -907.0000000000
5511 -906.0000000000
5552 -905.0000000000
5554 -904.0000000000
5555 -903.0000000000
5576 -902.0000000000
5587 -901.0000000000
5604 -900.0000000000
5608 -899.0000000000
5611 -898.0000000000
5612 -896.0000000000
5622 -895.0000000000
5632 -894.0000000000
5651 -893.0000000000
5658 -892.0000000000
5661 -891.0000000000
5683 -890.0000000000
5698 -889.0000000000
5703 -888.0000000000
5708 -887.0000000000
5715 -886.0000000000
5719 -885.0000000000
5720 -884.0000000000
5725 -883.0000000000
5728 -882.0000000000
5733 -881.0000000000
5735 -880.0000000000
5764 -879.0000000000
5765 -878.0000000000
5767 -877.0000000000
5819 -876.0000000000
5833 -875.0000000000
5837 -874.0000000000
5848 -873.0000000000
5856 -872.0000000000
5876 -871.0000000000
5881 -870.0000000000
5906 -869.0000000000
5910 -868.0000000000
5920 -867.0000000000
5921 -866.0000000000
5922 -865.0000000000
5938 -864.0000000000
5947 -863.0000000000
5964 -862.0000000000
5970 -861.0000000000
5989 -860.0000000000
5994 -859.0000000000
5998 -858.0000000000
5999 -857.0000000000
6004 -856.0000000000
6007 -855.0000000000
6025 -854.0000000000
6053 -853.0000000000
6054 -852.0000000000
6057 -851.0000000000
6084 -849.0000000000
6093 -848.0000000000
6161 -847.0000000000
6166 -846.0000000000
6175 -845.0000000000
6201 -844.0000000000
6212 -842.0000000000
6215 -841.0000000000
6221 -840.0000000000
6226 -839.0000000000
6232 -838.0000000000
6242 -836.0000000000
6248 -835.0000000000
6254 -834.0000000000
6259 -833.0000000000
6262 -832.0000000000
6285 -831.0000000000
6292 -830.0000000000
6319 -829.0000000000
6322 -828.0000000000
6327 -826.0000000000
6370 -825.0000000000
6375 -824.0000000000
6376 -823.0000000000
6397 -822.0000000000
6414 -821.0000000000
6476 -820.0000000000
6488 -818.0000000000
6495 -816.0000000000
6499 -815.0000000000
6512 -814.0000000000
6537 -813.0000000000
6555 -812.0000000000
6559 -811.0000000000
6563 -810.0000000000
6570 -809.0000000000
6586 -807.0000000000
6621 -804.0000000000
6626 -803.0000000000
6643 -802.0000000000
6672 -801.0000000000
6697 -800.0000000000
6708 -799.0000000000
6728 -798.0000000000
6733 -797.0000000000
6737 -796.0000000000
6745 -795.0000000000
6786 -794.0000000000
6813 -793.0000000000
6820 -792.0000000000
6830 -791.0000000000
6839 -790.0000000000
6846 -789.0000000000
6851 -788.0000000000
6870 -787.0000000000
6886 -786.0000000000
6908 -785.0000000000
6914 -784.0000000000
6917 -783.0000000000
6953 -781.0000000000
6976 -780.0000000000
6999 -779.0000000000
7001 -778.0000000000
7002 -777.0000000000
7044 -776.0000000000
7052 -775.0000000000
7055 -774.0000000000
7071 -773.0000000000
7081 -772.0000000000
7097 -770.0000000000
7098 -769.0000000000
7131 -768.0000000000
7135 -767.0000000000
7141 -766.0000000000
7154 -765.0000000000
7182 -764.0000000000
7195 -763.0000000000
7198 -762.0000000000
7210 -761.0000000000
7240 -759.0000000000
7299 -758.0000000000
7302 -757.0000000000
7306 -755.0000000000
7312 -754.0000000000
7318 -753.0000000000
7330 -751.0000000000
7338 -750.0000000000
7372 -748.0000000000
7385 -747.0000000000
7392 -746.0000000000
7394 -743.0000000000
7395 -742.0000000000
7407 -741.0000000000
7408 -740.0000000000
7414 -739.0000000000
7417 -738.0000000000
7447 -736.0000000000
7451 -735.0000000000
7456 -734.0000000000
7457 -733.0000000000
7465 -732.0000000000
7466 -731.0000000000
7476 -730.0000000000
7489 -729.0000000000
7495 -728.0000000000
7536 -727.0000000000
7548 -726.0000000000
7552 -725.0000000000
7574 -724.0000000000
7617 -723.0000000000
7621 -722.0000000000
7643 -720.0000000000
7650 -719.0000000000
7651 -718.0000000000
7661 -717.0000000000
7682 -715.0000000000
7691 -714.0000000000
7692 -713.0000000000
7724 -712.0000000000
7753 -711.0000000000
7780 -709.0000000000
7809 -708.0000000000
7842 -707.0000000000
7872 -706.0000000000
7878 -704.0000000000
7912 -703.0000000000
7915 -702.0000000000
7920 -701.0000000000
7934 -700.0000000000
7953 -699.0000000000
7954 -698.0000000000
7958 -697.0000000000
7962 -696.0000000000
7969 -695.0000000000
7975 -694.0000000000
7978 -693.0000000000
7979 -692.0000000000
7981 -691.0000000000
8004 -690.0000000000
8026 -689.0000000000
8037 -688.0000000000
8044 -687.0000000000
8050 -686.0000000000
8069 -684.0000000000
8070 -683.0000000000
8071 -682.0000000000
8081 -681.0000000000
8089 -680.0000000000
8090 -679.0000000000
8120 -677.0000000000
8127 -676.0000000000
8139 -675.0000000000
8145 -674.0000000000
8148 -673.0000000000
8154 -672.0000000000
8159 -671.0000000000
8184 -670.0000000000
8186 -669.0000000000
8217 -668.0000000000
8238 -667.0000000000
8251 -666.0000000000
8284 -665.0000000000
8319 -664.0000000000
8327 -663.0000000000
8395 -662.0000000000
8412 -661.0000000000
8438 -660.0000000000
8442 -659.0000000000
8454 -658.0000000000
8461 -657.0000000000
8513 -656.0000000000
8522 -655.0000000000
8535 -654.0000000000
8566 -653.0000000000
8573 -652.0000000000
8581 -650.0000000000
8596 -649.0000000000
8598 -648.0000000000
8601 -647.0000000000
8636 -646.0000000000
8647 -645.0000000000
8649 -644.0000000000
8693 -643.0000000000
8707 -642.0000000000
8748 -640.0000000000
8751 -639.0000000000
8765 -638.0000000000
8778 -636.0000000000
8816 -635.0000000000
8838 -634.0000000000
8845 -633.0000000000
8911 -632.0000000000
8916 -631.0000000000
8971 -630.0000000000
8996 -629.0000000000
9000 -628.0000000000
9012 -627.0000000000
9020 -625.0000000000
9042 -624.0000000000
9112 -623.0000000000
9181 -622.0000000000
9183 -621.0000000000
9188 -620.0000000000
9190 -618.0000000000
9200 -617.0000000000
9231 -616.0000000000
9277 -615.0000000000
9285 -613.0000000000
9287 -612.0000000000
9292 -611.0000000000
9308 -610.0000000000
9327 -609.0000000000
9340 -608.0000000000
9360 -607.0000000000
9386 -605.0000000000
9387 -604.0000000000
9394 -603.0000000000
9411 -602.0000000000
9438 -601.0000000000
9439 -600.0000000000
9479 -599.0000000000
9485 -598.0000000000
9497 -597.0000000000
9560 -596.0000000000
9563 -594.0000000000
9582 -593.0000000000
9595 -592.0000000000
9603 -591.0000000000
9620 -590.0000000000
9635 -589.0000000000
9673 -588.0000000000
9674 -587.0000000000
9677 -586.0000000000
9726 -585.0000000000
9738 -584.0000000000
9741 -582.0000000000
9748 -581.0000000000
9749 -580.0000000000
9764 -579.0000000000
9769 -578.0000000000
9809 -577.0000000000
9839 -576.0000000000
9867 -575.0000000000
9875 -574.0000000000
9878 -573.0000000000
9890 -572.0000000000
9917 -571.0000000000
9927 -570.0000000000
9933 -569.0000000000
9942 -568.0000000000
9987 -567.0000000000
10000 -568.0000000000
evaluations raw_y
1 -2028.0000000000
8 -2027.0000000000
9 -2026.0000000000
12 -2025.0000000000
13 -2024.0000000000
18 -2023.0000000000
19 -2022.0000000000
20 -2021.0000000000
26 -2020.0000000000
27 -2019.0000000000
30 -2017.0000000000
33 -2016.0000000000
35 -2015.0000000000
39 -2014.0000000000
40 -2013.0000000000
48 -2011.0000000000
50 -2010.0000000000
52 -2009.0000000000
57 -2005.0000000000
58 -2003.0000000000
60 -2001.0000000000
63 -2000.0000000000
68 -1998.0000000000
71 -1997.0000000000
72 -1996.0000000000
73 -1995.0000000000
74 -1993.0000000000
79 -1992.0000000000
80 -1990.0000000000
82 -1989.0000000000
90 -1988.0000000000
95 -1987.0000000000
98 -1986.0000000000
99 -1985.0000000000
102 -1984.0000000000
104 -1983.0000000000
105 -1982.0000000000
106 -1980.0000000000
111 -1979.0000000000
114 -1978.0000000000
115 -1976.0000000000
117 -1975.0000000000
119 -1973.0000000000
123 -1972.0000000000
129 -1971.0000000000
131 -1969.0000000000
132 -1968.0000000000
137 -1967.0000000000
141 -1966.0000000000
142 -1964.0000000000
143 -1963.0000000000
145 -1962.0000000000
147 -1961.0000000000
154 -1960.0000000000
161 -1958.0000000000
167 -1957.0000000000
168 -1956.0000000000
173 -1955.0000000000
174 -1954.0000000000
178 -1952.0000000000
179 -1951.0000000000
181 -1950.0000000000
185 -1949.0000000000
197 -1948.0000000000
200 -1947.0000000000
201 -1946.0000000000
203 -1945.0000000000
210 -1944.0000000000
215 -1943.0000000000
216 -1940.0000000000
218 -1939.0000000000
223 -1937.0000000000
230 -1936.0000000000
235 -1935.0000000000
237 -1934.0000000000
245 -1933.0000000000
249 -1932.0000000000
250 -1931.0000000000
253 -1930.0000000000
264 -1929.0000000000
267 -1928.0000000000
268 -1927.0000000000
270 -1925.0000000000
276 -1924.0000000000
277 -1923.0000000000
279 -1922.0000000000
280 -1921.0000000000
282 -1918.0000000000
289 -1917.0000000000
293 -1916.0000000000
295 -1915.0000000000
305 -1914.0000000000
314 -1913.0000000000
315 -1912.0000000000
317 -1910.0000000000
319 -1909.0000000000
325 -1908.0000000000
326 -1907.0000000000
329 -1906.0000000000
332 -1905.0000000000
336 -1904.0000000000
344 -1903.0000000000
345 -1900.0000000000
347 -1899.0000000000
349 -1897.0000000000
358 -1896.0000000000
361 -1895.0000000000
366 -1894.0000000000
371 -1893.0000000000
376 -1892.0000000000
379 -1891.0000000000
381 -1890.0000000000
391 -1889.0000000000
395 -1888.0000000000
401 -1886.0000000000
403 -1885.0000000000
404 -1884.0000000000
410 -1883.0000000000
411 -1882.0000000000
415 -1881.0000000000
416 -1880.0000000000
424 -1879.0000000000
434 -1878.0000000000
439 -1877.0000000000
440 -1875.0000000000
443 -1874.0000000000
448 -1873.0000000000
450 -1871.0000000000
453 -1870.0000000000
455 -1868.0000000000
456 -1867.0000000000
459 -1866.0000000000
462 -1865.0000000000
467 -1863.0000000000
469 -1862.0000000000
470 -1861.0000000000
475 -1859.0000000000
476 -1858.0000000000
477 -1857.0000000000
500 -1856.0000000000
505 -1855.0000000000
507 -1854.0000000000
514 -1852.0000000000
517 -1851.0000000000
521 -1850.0000000000
530 -1849.0000000000
534 -1848.0000000000
535 -1847.0000000000
536 -1846.0000000000
538 -1845.0000000000
540 -1844.0000000000
544 -1843.0000000000
548 -1842.0000000000
549 -1840.0000000000
551 -1838.0000000000
552 -1837.0000000000
555 -1836.0000000000
556 -1832.0000000000
559 -1831.0000000000
560 -1830.0000000000
567 -1829.0000000000
568 -1827.0000000000
569 -1825.0000000000
572 -1823.0000000000
573 -1822.0000000000
587 -1821.0000000000
589 -1820.0000000000
591 -1819.0000000000
594 -1818.0000000000
598 -1817.0000000000
600 -1816.0000000000
604 -1815.0000000000
605 -1814.0000000000
610 -1813.0000000000
612 -1811.0000000000
613 -1810.0000000000
617 -1809.0000000000
621 -1808.0000000000
632 -1807.0000000000
633 -1806.0000000000
638 -1805.0000000000
643 -1804.0000000000
659 -1802.0000000000
661 -1801.0000000000
663 -1799.0000000000
665 -1798.0000000000
668 -1797.0000000000
672 -1795.0000000000
674 -1794.0000000000
675 -1793.0000000000
676 -1792.0000000000
677 -1791.0000000000
678 -1788.0000000000
689 -1786.0000000000
692 -1785.0000000000
694 -1784.0000000000
697 -1783.0000000000
698 -1782.0000000000
699 -1780.0000000000
700 -1779.0000000000
706 -1778.0000000000
707 -1777.0000000000
708 -1776.0000000000
710 -1775.0000000000
713 -1774.0000000000
722 -1773.0000000000
723 -1772.0000000000
725 -1771.0000000000
728 -1770.0000000000
737 -1769.0000000000
755 -1768.0000000000
763 -1767.0000000000
770 -1766.0000000000
771 -1765.0000000000
775 -1764.0000000000
777 -1763.0000000000
787 -1762.0000000000
798 -1760.0000000000
803 -1759.0000000000
807 -1757.0000000000
814 -1755.0000000000
824 -1754.0000000000
840 -1753.0000000000
841 -1752.0000000000
849 -1751.0000000000
855 -1750.0000000000
858 -1749.0000000000
862 -1748.0000000000
863 -1747.0000000000
864 -1746.0000000000
867 -1745.0000000000
869 -1743.0000000000
870 -1742.0000000000
872 -1740.0000000000
880 -1739.0000000000
883 -1737.0000000000
884 -1736.0000000000
886 -1735.0000000000
893 -1734.0000000000
896 -1733.0000000000
900 -1732.0000000000
908 -1731.0000000000
909 -1730.0000000000
911 -1729.0000000000
923 -1728.0000000000
935 -1727.0000000000
941 -1726.0000000000
946 -1725.0000000000
947 -1722.0000000000
953 -1721.0000000000
959 -1720.0000000000
963 -1719.0000000000
970 -1718.0000000000
971 -1717.0000000000
974 -1716.0000000000
978 -1715.0000000000
981 -1714.0000000000
983 -1713.0000000000
994 -1712.0000000000
996 -1711.0000000000
999 -1710.0000000000
1003 -1707.0000000000
1007 -1706.0000000000
1013 -1705.0000000000
1017 -1704.0000000000
1022 -1702.0000000000
1023 -1700.0000000000
1031 -1699.0000000000
1039 -1698.0000000000
1043 -1697.0000000000
1046 -1696.0000000000
1047 -1695.0000000000
1050 -1694.0000000000
1054 -1693.0000000000
1058 -1692.0000000000
1059 -1691.0000000000
1066 -1690.0000000000
1070 -1689.0000000000
1074 -1688.0000000000
1075 -1687.0000000000
1076 -1686.0000000000
1082 -1685.0000000000
1090 -1684.0000000000
1092 -1683.0000000000
1100 -1681.0000000000
1105 -1680.0000000000
1108 -1679.0000000000
1120 -1678.0000000000
1122 -1677.0000000000
1125 -1676.0000000000
1130 -1675.0000000000
1133 -1674.0000000000
1136 -1673.0000000000
1142 -1672.0000000000
1147 -1670.0000000000
1152 -1669.0000000000
1160 -1667.0000000000
1162 -1665.0000000000
1167 -1663.0000000000
1168 -1662.0000000000
1176 -1661.0000000000
1177 -1660.0000000000
1182 -1659.0000000000
1185 -1657.0000000000
1188 -1656.0000000000
1189 -1655.0000000000
1191 -1654.0000000000
1196 -1653.0000000000
1198 -1652.0000000000
1200 -1651.0000000000
1213 -1650.0000000000
1217 -1649.0000000000
1220 -1648.0000000000
1227 -1647.0000000000
1229 -1646.0000000000
1231 -1645.0000000000
1232 -1644.0000000000
1234 -1643.0000000000
1238 -1642.0000000000
1247 -1641.0000000000
1260 -1640.0000000000
1268 -1639.0000000000
1271 -1637.0000000000
1274 -1636.0000000000
1275 -1635.0000000000
1278 -1634.0000000000
1281 -1633.0000000000
1282 -1632.0000000000
1285 -1631.0000000000
1286 -1630.0000000000
1287 -1629.0000000000
1303 -1628.0000000000
1306 -1627.0000000000
1312 -1626.0000000000
1313 -1625.0000000000
1314 -1624.0000000000
1317 -1622.0000000000
1320 -1621.0000000000
1322 -1620.0000000000
1323 -1619.0000000000
1327 -1618.0000000000
1329 -1616.0000000000
1332 -1615.0000000000
1335 -1614.0000000000
1340 -1612.0000000000
1341 -1611.0000000000
1346 -1610.0000000000
1353 -1609.0000000000
1359 -1607.0000000000
1361 -1605.0000000000
1363 -1604.0000000000
1364 -1603.0000000000
1369 -1602.0000000000
1372 -1601.0000000000
1380 -1600.0000000000
1388 -1599.0000000000
1390 -1598.0000000000
1391 -1596.0000000000
1395 -1595.0000000000
1398 -1594.0000000000
1402 -1593.0000000000
1403 -1592.0000000000
1405 -1591.0000000000
1414 -1590.0000000000
1426 -1588.0000000000
1438 -1587.0000000000
1447 -1585.0000000000
1453 -1583.0000000000
1455 -1582.0000000000
1458 -1581.0000000000
1459 -1580.0000000000
1463 -1579.0000000000
1465 -1578.0000000000
1476 -1577.0000000000
1479 -1575.0000000000
1481 -1574.0000000000
1503 -1573.0000000000
1508 -1572.0000000000
1510 -1570.0000000000
1517 -1569.0000000000
1528 -1568.0000000000
1531 -1567.0000000000
1547 -1566.0000000000
1549 -1565.0000000000
1552 -1564.0000000000
1559 -1563.0000000000
1573 -1562.0000000000
1575 -1561.0000000000
1578 -1560.0000000000
1582 -1559.0000000000
1593 -1558.0000000000
1598 -1557.0000000000
1602 -1554.0000000000
1605 -1553.0000000000
1606 -1551.0000000000
1608 -1550.0000000000
1609 -1549.0000000000
1613 -1548.0000000000
1615 -1546.0000000000
1616 -1544.0000000000
1620 -1542.0000000000
1621 -1541.0000000000
1635 -1540.0000000000
1643 -1539.0000000000
1654 -1538.0000000000
1659 -1537.0000000000
1660 -1535.0000000000
1667 -1534.0000000000
1691 -1533.0000000000
1700 -1532.0000000000
1702 -1531.0000000000
1704 -1530.0000000000
1710 -1529.0000000000
1720 -1528.0000000000
1724 -1527.0000000000
1727 -1526.0000000000
1733 -1525.0000000000
1735 -1524.0000000000
1743 -1523.0000000000
1744 -1521.0000000000
1746 -1520.0000000000
1751 -1519.0000000000
1757 -1518.0000000000
1769 -1517.0000000000
1772 -1516.0000000000
1773 -1515.0000000000
1784 -1514.0000000000
1788 -1513.0000000000
1790 -1512.0000000000
1796 -1511.0000000000
1800 -1510.0000000000
1801 -1509.0000000000
1805 -1508.0000000000
1806 -1507.0000000000
1810 -1505.0000000000
1814 -1504.0000000000
1818 -1503.0000000000
1821 -1502.0000000000
1826 -1500.0000000000
1830 -1499.0000000000
1832 -1498.0000000000
1840 -1496.0000000000
1841 -1495.0000000000
1848 -1494.0000000000
1851 -1493.0000000000
1864 -1492.0000000000
1876 -1491.0000000000
1877 -1490.0000000000
1884 -1489.0000000000
1885 -1488.0000000000
1888 -1487.0000000000
1893 -1486.0000000000
1907 -1485.0000000000
1912 -1484.0000000000
1913 -1483.0000000000
1915 -1481.0000000000
1917 -1480.0000000000
1922 -1479.0000000000
1925 -1478.0000000000
1928 -1476.0000000000
1932 -1475.0000000000
1942 -1474.0000000000
1946 -1472.0000000000
1963 -1471.0000000000
1964 -1470.0000000000
1967 -1469.0000000000
1968 -1468.0000000000
1971 -1467.0000000000
1972 -1465.0000000000
1977 -1464.0000000000
1980 -1463.0000000000
1986 -1462.0000000000
1991 -1461.0000000000
1992 -1459.0000000000
1998 -1458.0000000000
2001 -1457.0000000000
2009 -1456.0000000000
2012 -1455.0000000000
2019 -1454.0000000000
2022 -1453.0000000000
2023 -1452.0000000000
2030 -1451.0000000000
2035 -1450.0000000000
2040 -1449.0000000000
2042 -1448.0000000000
2043 -1447.0000000000
2044 -1446.0000000000
2049 -1445.0000000000
2051 -1444.0000000000
2054 -1443.0000000000
2055 -1442.0000000000
2062 -1441.0000000000
2063 -1440.0000000000
2066 -1439.0000000000
2069 -1438.0000000000
2071 -1437.0000000000
2072 -1435.0000000000
2085 -1434.0000000000
2090 -1433.0000000000
2100 -1432.0000000000
2107 -1430.0000000000
2108 -1429.0000000000
2109 -1428.0000000000
2121 -1427.0000000000
2125 -1425.0000000000
2131 -1424.0000000000
2132 -1423.0000000000
2135 -1422.0000000000
2137 -1421.0000000000
2141 -1420.0000000000
2143 -1419.0000000000
2162 -1418.0000000000
2167 -1417.0000000000
2169 -1416.0000000000
2172 -1415.0000000000
2173 -1414.0000000000
2174 -1413.0000000000
2181 -1412.0000000000
2186 -1411.0000000000
2192 -1410.0000000000
2225 -1409.0000000000
2230 -1408.0000000000
2234 -1407.0000000000
2239 -1406.0000000000
2245 -1405.0000000000
2248 -1404.0000000000
2255 -1403.0000000000
2266 -1402.0000000000
2269 -1401.0000000000
2270 -1400.0000000000
2274 -1399.0000000000
2281 -1398.0000000000
2285 -1397.0000000000
2299 -1396.0000000000
2301 -1395.0000000000
2302 -1394.0000000000
2307 -1393.0000000000
2320 -1392.0000000000
2321 -1390.0000000000
2323 -1388.0000000000
2325 -1387.0000000000
2327 -1386.0000000000
2345 -1385.0000000000
2348 -1384.0000000000
2353 -1383.0000000000
2357 -1382.0000000000
2366 -1381.0000000000
2375 -1380.0000000000
2379 -1379.0000000000
2381 -1378.0000000000
2384 -1377.0000000000
2401 -1376.0000000000
2402 -1375.0000000000
2407 -1372.0000000000
2424 -1371.0000000000
2428 -1370.0000000000
2429 -1369.0000000000
2438 -1367.0000000000
2447 -1366.0000000000
2449 -1365.0000000000
2451 -1364.0000000000
2454 -1363.0000000000
2467 -1362.0000000000
2475 -1361.0000000000
2476 -1360.0000000000
2486 -1359.0000000000
2494 -1358.0000000000
2508 -1357.0000000000
2515 -1356.0000000000
2516 -1354.0000000000
2518 -1353.0000000000
2528 -1352.0000000000
2534 -1351.0000000000
2539 -1350.0000000000
2547 -1349.0000000000
2553 -1348.0000000000
2558 -1347.0000000000
2562 -1346.0000000000
2567 -1345.0000000000
2568 -1344.0000000000
2575 -1343.0000000000
2577 -1342.0000000000
2578 -1341.0000000000
2586 -1340.0000000000
2589 -1338.0000000000
2601 -1337.0000000000
2603 -1336.0000000000
2609 -1335.0000000000
2625 -1334.0000000000
2628 -1333.0000000000
2634 -1332.0000000000
2635 -1331.0000000000
2641 -1330.0000000000
2645 -1329.0000000000
2646 -1328.0000000000
2655 -1327.0000000000
2656 -1326.0000000000
2658 -1325.0000000000
2666 -1324.0000000000
2672 -1323.0000000000
2675 -1322.0000000000
2676 -1321.0000000000
2678 -1320.0000000000
2690 -1319.0000000000
2696 -1317.0000000000
2697 -1316.0000000000
2702 -1315.0000000000
2704 -1314.0000000000
2720 -1313.0000000000
2722 -1312.0000000000
2728 -1311.0000000000
2731 -1310.0000000000
2736 -1309.0000000000
2745 -1308.0000000000
2746 -1306.0000000000
2750 -1304.0000000000
2754 -1302.0000000000
2773 -1301.0000000000
2792 -1300.0000000000
2799 -1299.0000000000
2803 -1298.0000000000
2808 -1297.0000000000
2809 -1296.0000000000
2810 -1295.0000000000
2818 -1294.0000000000
2819 -1293.0000000000
2826 -1292.0000000000
2832 -1291.0000000000
2835 -1290.0000000000
2843 -1289.0000000000
2848 -1288.0000000000
2860 -1287.0000000000
2870 -1286.0000000000
2874 -1284.0000000000
2876 -1282.0000000000
2878 -1281.0000000000
2884 -1280.0000000000
2889 -1279.0000000000
2903 -1278.0000000000
2905 -1277.0000000000
2915 -1276.0000000000
2937 -1273.0000000000
2940 -1272.0000000000
2952 -1271.0000000000
2957 -1270.0000000000
2964 -1269.0000000000
2968 -1268.0000000000
2969 -1267.0000000000
2970 -1266.0000000000
2989 -1265.0000000000
2991 -1264.0000000000
2996 -1263.0000000000
3003 -1261.0000000000
3005 -1260.0000000000
3011 -1259.0000000000
3025 -1258.0000000000
3051 -1257.0000000000
3055 -1256.0000000000
3056 -1255.0000000000
3062 -1254.0000000000
3063 -1253.0000000000
3065 -1252.0000000000
3070 -1251.0000000000
3072 -1250.0000000000
3083 -1249.0000000000
3100 -1248.0000000000
3101 -1246.0000000000
3104 -1245.0000000000
3105 -1244.0000000000
3107 -1243.0000000000
3112 -1242.0000000000
3118 -1240.0000000000
3128 -1237.0000000000
3129 -1236.0000000000
3135 -1235.0000000000
3155 -1234.0000000000
3159 -1233.0000000000
3169 -1232.0000000000
3171 -1231.0000000000
3174 -1230.0000000000
3184 -1229.0000000000
3185 -1228.0000000000
3202 -1227.0000000000
3205 -1226.0000000000
3207 -1225.0000000000
3212 -1224.0000000000
3227 -1223.0000000000
3229 -1222.0000000000
3235 -1221.0000000000
3242 -1220.0000000000
3243 -1219.0000000000
3252 -1218.0000000000
3258 -1215.0000000000
3259 -1214.0000000000
3264 -1213.0000000000
3271 -1212.0000000000
3280 -1211.0000000000
3288 -1210.0000000000
3291 -1209.0000000000
3292 -1208.0000000000
3300 -1207.0000000000
3309 -1206.0000000000
3316 -1205.0000000000
3318 -1203.0000000000
3323 -1201.0000000000
3324 -1200.0000000000
3329 -1199.0000000000
3335 -1198.0000000000
3346 -1197.0000000000
3363 -1196.0000000000
3392 -1195.0000000000
3395 -1194.0000000000
3399 -1193.0000000000
3405 -1192.0000000000
3421 -1191.0000000000
3435 -1190.0000000000
3458 -1189.0000000000
3462 -1188.0000000000
3463 -1186.0000000000
3468 -1185.0000000000
3473 -1184.0000000000
3476 -1183.0000000000
3479 -1182.0000000000
3481 -1181.0000000000
3482 -1180.0000000000
3487 -1179.0000000000
3488 -1177.0000000000
3490 -1176.0000000000
3500 -1175.0000000000
3501 -1174.0000000000
3509 -1173.0000000000
3540 -1172.0000000000
3543 -1171.0000000000
3545 -1170.0000000000
3551 -1168.0000000000
3556 -1165.0000000000
3569 -1164.0000000000
3571 -1163.0000000000
3584 -1162.0000000000
3588 -1161.0000000000
3592 -1160.0000000000
3599 -1159.0000000000
3603 -1158.0000000000
3606 -1157.0000000000
3607 -1156.0000000000
3614 -1154.0000000000
3618 -1153.0000000000
3629 -1152.0000000000
3630 -1151.0000000000
3633 -1150.0000000000
3637 -1149.0000000000
3646 -1148.0000000000
3651 -1147.0000000000
3665 -1146.0000000000
3670 -1145.0000000000
3671 -1144.0000000000
3672 -1143.0000000000
3678 -1142.0000000000
3689 -1141.0000000000
3690 -1139.0000000000
3694 -1138.0000000000
3703 -1137.0000000000
3713 -1136.0000000000
3714 -1135.0000000000
3718 -1133.0000000000
3720 -1131.0000000000
3729 -1130.0000000000
3741 -1128.0000000000
3743 -1127.0000000000
3749 -1126.0000000000
3755 -1125.0000000000
3760 -1124.0000000000
3791 -1123.0000000000
3818 -1122.0000000000
3822 -1121.0000000000
3832 -1120.0000000000
3840 -1119.0000000000
3842 -1118.0000000000
3845 -1117.0000000000
3866 -1115.0000000000
3872 -1114.0000000000
3873 -1113.0000000000
3876 -1112.0000000000
3881 -1111.0000000000
3893 -1110.0000000000
3896 -1107.0000000000
3908 -1106.0000000000
3909 -1105.0000000000
3911 -1104.0000000000
3938 -1103.0000000000
3939 -1102.0000000000
3947 -1101.0000000000
3958 -1100.0000000000
3967 -1099.0000000000
3969 -1098.0000000000
3975 -1097.0000000000
3976 -1096.0000000000
3978 -1095.0000000000
3980 -1094.0000000000
3983 -1093.0000000000
3984 -1092.0000000000
3993 -1091.0000000000
3997 -1089.0000000000
4018 -1088.0000000000
4024 -1087.0000000000
4027 -1086.0000000000
4031 -1085.0000000000
4034 -1084.0000000000
4050 -1083.0000000000
4054 -1082.0000000000
4055 -1081.0000000000
4057 -1080.0000000000
4058 -1079.0000000000
4062 -1078.0000000000
4067 -1077.0000000000
4073 -1075.0000000000
4075 -1074.0000000000
4077 -1073.0000000000
4081 -1072.0000000000
4087 -1071.0000000000
4093 -1070.0000000000
4095 -1069.0000000000
4126 -1068.0000000000
4136 -1067.0000000000
4147 -1066.0000000000
4153 -1065.0000000000
4160 -1064.0000000000
4161 -1063.0000000000
4182 -1062.0000000000
4184 -1061.0000000000
4186 -1060.0000000000
4198 -1059.0000000000
4216 -1058.0000000000
4226 -1057.0000000000
4239 -1056.0000000000
4247 -1055.0000000000
4250 -1054.0000000000
4251 -1053.0000000000
4253 -1052.0000000000
4254 -1051.0000000000
4264 -1050.0000000000
4275 -1049.0000000000
4276 -1048.0000000000
4291 -1047.0000000000
4292 -1046.0000000000
4293 -1045.0000000000
4297 -1044.0000000000
4298 -1043.0000000000
4309 -1042.0000000000
4310 -1041.0000000000
4323 -1040.0000000000
4330 -1039.0000000000
4336 -1038.0000000000
4339 -1037.0000000000
4346 -1035.0000000000
4355 -1034.0000000000
4356 -1033.0000000000
4357 -1032.0000000000
4361 -1031.0000000000
4378 -1030.0000000000
4387 -1029.0000000000
4388 -1028.0000000000
4393 -1027.0000000000
4401 -1026.0000000000
4404 -1025.0000000000
4409 -1024.0000000000
4410 -1023.0000000000
4417 -1022.0000000000
4433 -1021.0000000000
4434 -1020.0000000000
4453 -1019.0000000000
4483 -1018.0000000000
4501 -1017.0000000000
4504 -1015.0000000000
4512 -1014.0000000000
4541 -1013.0000000000
4543 -1012.0000000000
4547 -1011.0000000000
4561 -1010.0000000000
4566 -1009.0000000000
4582 -1008.0000000000
4604 -1007.0000000000
4610 -1006.0000000000
4625 -1005.0000000000
4631 -1003.0000000000
4653 -1002.0000000000
4654 -1001.0000000000
4664 -1000.0000000000
4676 -999.0000000000
4679 -997.0000000000
4688 -996.0000000000
4712 -995.0000000000
4723 -994.0000000000
4731 -992.0000000000
4766 -991.0000000000
4767 -990.0000000000
4774 -989.0000000000
4795 -988.0000000000
4803 -987.0000000000
4812 -986.0000000000
4813 -985.0000000000
4824 -984.0000000000
4829 -983.0000000000
4830 -982.0000000000
4835 -980.0000000000
4836 -979.0000000000
4839 -978.0000000000
4840 -977.0000000000
4855 -976.0000000000
4859 -975.0000000000
4893 -974.0000000000
4895 -973.0000000000
4906 -972.0000000000
4910 -970.0000000000
4921 -969.0000000000
4942 -968.0000000000
4946 -967.0000000000
4953 -966.0000000000
4959 -965.0000000000
4961 -964.0000000000
4968 -963.0000000000
4976 -962.0000000000
4977 -960.0000000000
4986 -959.0000000000
4994 -958.0000000000
5000 -957.0000000000
5010 -956.0000000000
5016 -955.0000000000
5022 -954.0000000000
5031 -953.0000000000
5044 -952.0000000000
5062 -951.0000000000
5075 -950.0000000000
5088 -949.0000000000
5103 -947.0000000000
5120 -946.0000000000
5122 -945.0000000000
5123 -944.0000000000
5142 -943.0000000000
5148 -942.0000000000
5153 -941.0000000000
5193 -940.0000000000
5229 -939.0000000000
5255 -937.0000000000
5258 -936.0000000000
5260 -935.0000000000
5269 -934.0000000000
5293 -933.0000000000
5299 -932.0000000000
5304 -931.0000000000
5305 -930.0000000000
5307 -929.0000000000
5324 -928.0000000000
5354 -927.0000000000
5355 -926.0000000000
5358 -925.0000000000
5387 -924.0000000000
5388 -923.0000000000
5390 -922.0000000000
5394 -921.0000000000
5399 -920.0000000000
5448 -919.0000000000
5451 -918.0000000000
5473 -917.0000000000
5499 -916.0000000000
5502 -915.0000000000
5518 -914.0000000000
5521 -913.0000000000
5533 -912.0000000000
5544 -911.0000000000
5548 -910.0000000000
5580 -909.0000000000
5585 -908.0000000000
5588 -907.0000000000
5592 -906.0000000000
5600 -905.0000000000
5604 -904.0000000000
5611 -903.0000000000
5613 -902.0000000000
5620 -901.0000000000
5621 -900.0000000000
5623 -899.0000000000
5637 -898.0000000000
5642 -897.0000000000
5645 -896.0000000000
5662 -894.0000000000
5671 -893.0000000000
5687 -891.0000000000
5691 -890.0000000000
5698 -889.0000000000
5709 -888.0000000000
5713 -887.0000000000
5717 -886.0000000000
5718 -885.0000000000
5737 -884.0000000000
5740 -883.0000000000
5756 -882.0000000000
5772 -881.0000000000
5778 -880.0000000000
5784 -879.0000000000
5786 -877.0000000000
5811 -876.0000000000
5816 -874.0000000000
5817 -873.0000000000
5837 -872.0000000000
5844 -871.0000000000
5847 -870.0000000000
5850 -869.0000000000
5853 -868.0000000000
5871 -866.0000000000
5874 -865.0000000000
5882 -864.0000000000
5885 -863.0000000000
5889 -862.0000000000
5890 -861.0000000000
5919 -860.0000000000
5925 -859.0000000000
5952 -858.0000000000
5954 -857.0000000000
5955 -856.0000000000
5956 -855.0000000000
5977 -854.0000000000
5990 -853.0000000000
5991 -852.0000000000
6023 -851.0000000000
6025 -850.0000000000
6027 -849.0000000000
6029 -848.0000000000
6034 -847.0000000000
6035 -846.0000000000
6038 -844.0000000000
6039 -843.0000000000
6043 -841.0000000000
6057 -840.0000000000
6059 -837.0000000000
6068 -836.0000000000
6083 -835.0000000000
6087 -834.0000000000
6089 -833.0000000000
6118 -832.0000000000
6128 -831.0000000000
6149 -830.0000000000
6170 -829.0000000000
6172 -828.0000000000
6173 -826.0000000000
6185 -825.0000000000
6186 -824.0000000000
6187 -823.0000000000
6188 -822.0000000000
6192 -821.0000000000
6193 -820.0000000000
6201 -819.0000000000
6213 -818.0000000000
6218 -817.0000000000
6219 -816.0000000000
6230 -815.0000000000
6235 -814.0000000000
6237 -813.0000000000
6249 -812.0000000000
6264 -811.0000000000
6285 -810.0000000000
6293 -809.0000000000
6302 -808.0000000000
6311 -807.0000000000
6315 -806.0000000000
6339 -805.0000000000
6342 -804.0000000000
6351 -803.0000000000
6366 -802.0000000000
6372 -801.0000000000
6398 -800.0000000000
6401 -799.0000000000
6412 -798.0000000000
6420 -797.0000000000
6433 -796.0000000000
6439 -795.0000000000
6445 -794.0000000000
6456 -793.0000000000
6489 -791.0000000000
6503 -790.0000000000
6507 -789.0000000000
6509 -788.0000000000
6527 -787.0000000000
6538 -786.0000000000
6557 -784.0000000000
6565 -783.0000000000
6571 -782.0000000000
6593 -781.0000000000
6603 -779.0000000000
6604 -778.0000000000
6617 -777.0000000000
6621 -775.0000000000
6640 -774.0000000000
6646 -773.0000000000
6651 -772.0000000000
6657 -771.0000000000
6674 -770.0000000000
6695 -769.0000000000
6702 -768.0000000000
6723 -767.0000000000
6749 -766.0000000000
6774 -765.0000000000
6799 -764.0000000000
6854 -763.0000000000
6855 -762.0000000000
6859 -761.0000000000
6872 -760.0000000000
6883 -759.0000000000
6902 -758.0000000000
6906 -757.0000000000
6924 -756.0000000000
6925 -755.0000000000
6935 -754.0000000000
6940 -752.0000000000
6960 -751.0000000000
6983 -750.0000000000
6998 -749.0000000000
7007 -748.0000000000
7008 -747.0000000000
7011 -746.0000000000
7019 -745.0000000000
7030 -744.0000000000
7050 -743.0000000000
7086 -742.0000000000
7090 -741.0000000000
7142 -740.0000000000
7149 -739.0000000000
7173 -738.0000000000
7180 -737.0000000000
7212 -736.0000000000
7218 -735.0000000000
7221 -734.0000000000
7231 -733.0000000000
7233 -732.0000000000
7237 -731.0000000000
7239 -730.0000000000
7257 -729.0000000000
7272 -728.0000000000
7274 -727.0000000000
7296 -726.0000000000
7308 -725.0000000000
7309 -724.0000000000
7327 -723.0000000000
7338 -722.0000000000
7341 -721.0000000000
7346 -720.0000000000
7362 -719.0000000000
7365 -718.0000000000
7366 -717.0000000000
7375 -716.0000000000
7391 -715.0000000000
7404 -714.0000000000
7438 -713.0000000000
7440 -712.0000000000
7443 -711.0000000000
7445 -710.0000000000
7446 -709.0000000000
7448 -708.0000000000
7453 -706.0000000000
7470 -705.0000000000
7472 -704.0000000000
7478 -703.0000000000
7527 -702.0000000000
7542 -701.0000000000
7548 -700.0000000000
7561 -699.0000000000
7565 -698.0000000000
7580 -697.0000000000
7585 -696.0000000000
7593 -695.0000000000
7600 -693.0000000000
7601 -692.0000000000
7608 -691.0000000000
7627 -690.0000000000
7640 -689.0000000000
7644 -688.0000000000
7649 -687.0000000000
7669 -686.0000000000
7687 -684.0000000000
7692 -683.0000000000
7726 -682.0000000000
7749 -681.0000000000
7764 -680.0000000000
7771 -679.0000000000
7772 -678.0000000000
7775 -677.0000000000
7786 -676.0000000000
7800 -675.0000000000
7802 -674.0000000000
7805 -673.0000000000
7824 -672.0000000000
7836 -671.0000000000
7845 -669.0000000000
7879 -668.0000000000
7919 -667.0000000000
7932 -666.0000000000
7936 -665.0000000000
7951 -664.0000000000
7973 -663.0000000000
7982 -662.0000000000
7993 -661.0000000000
7998 -660.0000000000
8047 -658.0000000000
8116 -657.0000000000
8117 -656.0000000000
8120 -655.0000000000
8127 -654.0000000000
8130 -653.0000000000
8134 -652.0000000000
8147 -651.0000000000
8148 -650.0000000000
8151 -649.0000000000
8156 -648.0000000000
8185 -647.0000000000
8190 -646.0000000000
8193 -645.0000000000
8202 -644.0000000000
8205 -643.0000000000
8213 -642.0000000000
8218 -641.0000000000
8220 -640.0000000000
8229 -639.0000000000
8233 -638.0000000000
8246 -637.0000000000
8264 -636.0000000000
8284 -635.0000000000
8285 -634.0000000000
8313 -633.0000000000
8328 -632.0000000000
8335 -631.0000000000
8342 -630.0000000000
8352 -629.0000000000
8356 -628.0000000000
8358 -627.0000000000
8360 -626.0000000000
8362 -625.0000000000
8366 -624.0000000000
8410 -623.0000000000
8428 -622.0000000000
8433 -621.0000000000
8437 -620.0000000000
8439 -619.0000000000
8449 -618.0000000000
8450 -617.0000000000
8459 -616.0000000000
8476 -615.0000000000
8488 -614.0000000000
8504 -613.0000000000
8533 -612.0000000000
8538 -611.0000000000
8541 -610.0000000000
8545 -609.0000000000
8551 -608.0000000000
8564 -607.0000000000
8567 -606.0000000000
8580 -605.0000000000
8581 -604.0000000000
8591 -603.0000000000
8628 -602.0000000000
8659 -601.0000000000
8671 -600.0000000000
8675 -599.0000000000
8682 -598.0000000000
8708 -597.0000000000
8725 -596.0000000000
8735 -595.0000000000
8740 -594.0000000000
8779 -593.0000000000
8823 -592.0000000000
8827 -591.0000000000
8831 -590.0000000000
8854 -589.0000000000
8861 -588.0000000000
8862 -587.0000000000
8876 -586.0000000000
8880 -585.0000000000
8882 -584.0000000000
8912 -583.0000000000
8915 -582.0000000000
8932 -581.0000000000
8964 -580.0000000000
8974 -579.0000000000
8984 -578.0000000000
9018 -577.0000000000
9027 -576.0000000000
9060 -575.0000000000
9064 -574.0000000000
9079 -573.0000000000
9080 -570.0000000000
9081 -569.0000000000
9084 -568.0000000000
9087 -567.0000000000
9101 -566.0000000000
9150 -565.0000000000
9151 -564.0000000000
9176 -563.0000000000
9190 -562.0000000000
9193 -561.0000000000
9219 -560.0000000000
9227 -559.0000000000
9236 -558.0000000000
9266 -557.0000000000
9286 -556.0000000000
9289 -555.0000000000
9306 -554.0000000000
9313 -553.0000000000
9352 -551.0000000000
9354 -550.0000000000
9358 -549.0000000000
9362 -548.0000000000
9378 -547.0000000000
9413 -546.0000000000
9415 -545.0000000000
9434 -544.0000000000
9436 -543.0000000000
9460 -542.0000000000
9498 -541.0000000000
9525 -540.0000000000
9553 -539.0000000000
9563 -538.0000000000
9582 -537.0000000000
9586 -536.0000000000
9616 -535.0000000000
9617 -534.0000000000
9621 -533.0000000000
9627 -532.0000000000
9656 -531.0000000000
9660 -530.0000000000
9678 -529.0000000000
9685 -528.0000000000
9695 -527.0000000000
9713 -526.0000000000
9746 -525.0000000000
9767 -524.0000000000
9782 -523.0000000000
9793 -522.0000000000
9797 -521.0000000000
9818 -520.0000000000
9838 -519.0000000000
9872 -518.0000000000
9876 -517.0000000000
9893 -516.0000000000
9901 -515.0000000000
9913 -514.0000000000
9924 -513.0000000000
9962 -512.0000000000
9983 -511.0000000000
10000 -511.0000000000
evaluations raw_y
1 -2002.0000000000
14 -2001.0000000000
15 -1998.0000000000
16 -1997.0000000000
19 -1996.0000000000
27 -1995.0000000000
28 -1994.0000000000
33 -1992.0000000000
38 -1991.0000000000
39 -1990.0000000000
41 -1989.0000000000
45 -1987.0000000000
51 -1986.0000000000
58 -1985.0000000000
60 -1984.0000000000
67 -1983.0000000000
76 -1982.0000000000
79 -1981.0000000000
82 -1980.0000000000
84 -1979.0000000000
105 -1977.0000000000
108 -1974.0000000000
112 -1973.0000000000
114 -1972.0000000000
119 -1971.0000000000
120 -1970.0000000000
122 -1969.0000000000
123 -1967.0000000000
125 -1966.0000000000
129 -1965.0000000000
134 -1962.0000000000
137 -1961.0000000000
140 -1960.0000000000
141 -1959.0000000000
148 -1958.0000000000
152 -1957.0000000000
155 -1956.0000000000
156 -1955.0000000000
161 -1954.0000000000
166 -1953.0000000000
168 -1952.0000000000
169 -1951.0000000000
172 -1950.0000000000
186 -1948.0000000000
188 -1946.0000000000
190 -1945.0000000000
191 -1944.0000000000
192 -1943.0000000000
193 -1942.0000000000
194 -1941.0000000000
197 -1940.0000000000
199 -1938.0000000000
201 -1937.0000000000
203 -1936.0000000000
206 -1935.0000000000
210 -1934.0000000000
213 -1933.0000000000
217 -1932.0000000000
229 -1931.0000000000
233 -1930.0000000000
245 -1929.0000000000
247 -1927.0000000000
254 -1926.0000000000
259 -1925.0000000000
260 -1924.0000000000
262 -1923.0000000000
272 -1922.0000000000
273 -1921.0000000000
280 -1920.0000000000
286 -1919.0000000000
287 -1917.0000000000
289 -1916.0000000000
291 -1914.0000000000
301 -1912.0000000000
308 -1911.0000000000
310 -1910.0000000000
320 -1909.0000000000
323 -1908.0000000000
329 -1907.0000000000
331 -1906.0000000000
334 -1905.0000000000
337 -1904.0000000000
338 -1903.0000000000
347 -1902.0000000000
361 -1901.0000000000
366 -1900.0000000000
373 -1899.0000000000
377 -1897.0000000000
378 -1896.0000000000
381 -1894.0000000000
382 -1893.0000000000
388 -1892.0000000000
391 -1891.0000000000
393 -1890.0000000000
397 -1889.0000000000
400 -1888.0000000000
404 -1887.0000000000
407 -1886.0000000000
411 -1885.0000000000
413 -1884.0000000000
419 -1883.0000000000
424 -1882.0000000000
428 -1881.0000000000
432 -1880.0000000000
437 -1879.0000000000
450 -1878.0000000000
455 -1877.0000000000
458 -1876.0000000000
461 -1875.0000000000
470 -1874.0000000000
474 -1873.0000000000
477 -1871.0000000000
478 -1870.0000000000
481 -1869.0000000000
489 -1868.0000000000
492 -1867.0000000000
493 -1865.0000000000
500 -1864.0000000000
504 -1863.0000000000
510 -1861.0000000000
513 -1860.0000000000
515 -1857.0000000000
516 -1856.0000000000
517 -1855.0000000000
518 -1854.0000000000
523 -1852.0000000000
525 -1851.0000000000
527 -1850.0000000000
530 -1849.0000000000
533 -1848.0000000000
534 -1847.0000000000
544 -1846.0000000000
546 -1845.0000000000
547 -1844.0000000000
552 -1843.0000000000
557 -1842.0000000000
574 -1840.0000000000
575 -1839.0000000000
576 -1838.0000000000
577 -1837.0000000000
581 -1836.0000000000
583 -1835.0000000000
585 -1834.0000000000
591 -1833.0000000000
593 -1832.0000000000
597 -1830.0000000000
600 -1829.0000000000
606 -1828.0000000000
608 -1827.0000000000
610 -1826.0000000000
612 -1825.0000000000
614 -1824.0000000000
616 -1822.0000000000
617 -1820.0000000000
621 -1818.0000000000
623 -1817.0000000000
626 -1815.0000000000
631 -1814.0000000000
640 -1813.0000000000
642 -1812.0000000000
646 -1811.0000000000
651 -1810.0000000000
656 -1808.0000000000
660 -1807.0000000000
664 -1806.0000000000
666 -1805.0000000000
667 -1804.0000000000
673 -1802.0000000000
674 -1801.0000000000
685 -1800.0000000000
687 -1799.0000000000
699 -1798.0000000000
704 -1796.0000000000
707 -1794.0000000000
712 -1793.0000000000
717 -1792.0000000000
718 -1791.0000000000
721 -1789.0000000000
725 -1788.0000000000
731 -1787.0000000000
736 -1786.0000000000
738 -1785.0000000000
739 -1783.0000000000
748 -1781.0000000000
760 -1780.0000000000
763 -1779.0000000000
764 -1777.0000000000
771 -1776.0000000000
783 -1775.0000000000
792 -1773.0000000000
794 -1772.0000000000
797 -1771.0000000000
800 -1770.0000000000
802 -1769.0000000000
804 -1768.0000000000
806 -1767.0000000000
807 -1766.0000000000
817 -1765.0000000000
818 -1764.0000000000
819 -1763.0000000000
831 -1762.0000000000
832 -1760.0000000000
836 -1759.0000000000
842 -1757.0000000000
845 -1756.0000000000
846 -1754.0000000000
848 -1753.0000000000
851 -1750.0000000000
855 -1749.0000000000
856 -1748.0000000000
860 -1746.0000000000
862 -1745.0000000000
866 -1743.0000000000
871 -1742.0000000000
875 -1741.0000000000
883 -1740.0000000000
884 -1736.0000000000
887 -1735.0000000000
889 -1734.0000000000
890 -1733.0000000000
894 -1732.0000000000
903 -1731.0000000000
908 -1729.0000000000
912 -1728.0000000000
917 -1727.0000000000
922 -1726.0000000000
924 -1725.0000000000
929 -1724.0000000000
932 -1723.0000000000
940 -1722.0000000000
944 -1721.0000000000
948 -1720.0000000000
963 -1719.0000000000
965 -1718.0000000000
968 -1717.0000000000
973 -1716.0000000000
974 -1715.0000000000
976 -1713.0000000000
979 -1712.0000000000
980 -1711.0000000000
987 -1710.0000000000
998 -1709.0000000000
1005 -1707.0000000000
1006 -1706.0000000000
1009 -1705.0000000000
1014 -1704.0000000000
1017 -1703.0000000000
1018 -1700.0000000000
1030 -1699.0000000000
1032 -1698.0000000000
1037 -1696.0000000000
1040 -1695.0000000000
1048 -1694.0000000000
1052 -1692.0000000000
1058 -1691.0000000000
1068 -1690.0000000000
1069 -1687.0000000000
1076 -1685.0000000000
1087 -1684.0000000000
1091 -1683.0000000000
1093 -1682.0000000000
1094 -1681.0000000000
1107 -1679.0000000000
1109 -1678.0000000000
1112 -1677.0000000000
1115 -1676.0000000000
1119 -1675.0000000000
1120 -1674.0000000000
1134 -1673.0000000000
1142 -1672.0000000000
1145 -1671.0000000000
1146 -1670.0000000000
1148 -1668.0000000000
1149 -1667.0000000000
1153 -1666.0000000000
1154 -1665.0000000000
1163 -1664.0000000000
1164 -1662.0000000000
1166 -1661.0000000000
1168 -1660.0000000000
1169 -1659.0000000000
1170 -1658.0000000000
1173 -1656.0000000000
1175 -1655.0000000000
1195 -1653.0000000000
1203 -1652.0000000000
1218 -1651.0000000000
1225 -1650.0000000000
1226 -1649.0000000000
1227 -1648.0000000000
1234 -1647.0000000000
1235 -1646.0000000000
1236 -1645.0000000000
1237 -1644.0000000000
1240 -1643.0000000000
1245 -1641.0000000000
1246 -1640.0000000000
1247 -1639.0000000000
1253 -1638.0000000000
1278 -1637.0000000000
1281 -1636.0000000000
1286 -1635.0000000000
1292 -1633.0000000000
1303 -1632.0000000000
1321 -1631.0000000000
1326 -1630.0000000000
1329 -1629.0000000000
1337 -1627.0000000000
1358 -1626.0000000000
1362 -1624.0000000000
1364 -1623.0000000000
1372 -1622.0000000000
1380 -1621.0000000000
1382 -1620.0000000000
1384 -1619.0000000000
1388 -1618.0000000000
1398 -1616.0000000000
1401 -1615.0000000000
1409 -1612.0000000000
1411 -1611.0000000000
1417 -1609.0000000000
1424 -1608.0000000000
1432 -1607.0000000000
1440 -1606.0000000000
1453 -1604.0000000000
1454 -1603.0000000000
1461 -1602.0000000000
1462 -1601.0000000000
1466 -1600.0000000000
1467 -1599.0000000000
1470 -1598.0000000000
1471 -1597.0000000000
1482 -1595.0000000000
1493 -1593.0000000000
1494 -1591.0000000000
1496 -1590.0000000000
1504 -1588.0000000000
1510 -1586.0000000000
1513 -1585.0000000000
1519 -1584.0000000000
1520 -1582.0000000000
1523 -1580.0000000000
1532 -1579.0000000000
1540 -1578.0000000000
1544 -1575.0000000000
1548 -1574.0000000000
1551 -1573.0000000000
1555 -1572.0000000000
1556 -1571.0000000000
1557 -1570.0000000000
1575 -1569.0000000000
1576 -1568.0000000000
1579 -1566.0000000000
1581 -1565.0000000000
1589 -1562.0000000000
1607 -1560.0000000000
1615 -1559.0000000000
1622 -1558.0000000000
1638 -1556.0000000000
1639 -1554.0000000000
1641 -1553.0000000000
1649 -1552.0000000000
1657 -1551.0000000000
1661 -1549.0000000000
1663 -1548.0000000000
1664 -1547.0000000000
1666 -1546.0000000000
1681 -1545.0000000000
1686 -1544.0000000000
1699 -1543.0000000000
1700 -1541.0000000000
1703 -1540.0000000000
1710 -1539.0000000000
1713 -1537.0000000000
1726 -1536.0000000000
1752 -1535.0000000000
1757 -1532.0000000000
1764 -1531.0000000000
1765 -1530.0000000000
1769 -1528.0000000000
1770 -1527.0000000000
1772 -1525.0000000000
1778 -1524.0000000000
1785 -1522.0000000000
1787 -1521.0000000000
1801 -1520.0000000000
1816 -1519.0000000000
1818 -1518.0000000000
1819 -1517.0000000000
1833 -1516.0000000000
1839 -1514.0000000000
1841 -1513.0000000000
1851 -1512.0000000000
1857 -1511.0000000000
1858 -1510.0000000000
1860 -1509.0000000000
1863 -1508.0000000000
1866 -1507.0000000000
1874 -1506.0000000000
1876 -1505.0000000000
1880 -1504.0000000000
1892 -1503.0000000000
1894 -1502.0000000000
1896 -1501.0000000000
1901 -1500.0000000000
1907 -1499.0000000000
1928 -1498.0000000000
1929 -1496.0000000000
1930 -1495.0000000000
1932 -1493.0000000000
1933 -1491.0000000000
1936 -1490.0000000000
1950 -1489.0000000000
1951 -1488.0000000000
1967 -1487.0000000000
1990 -1486.0000000000
1991 -1485.0000000000
1997 -1484.0000000000
2009 -1483.0000000000
2013 -1482.0000000000
2022 -1481.0000000000
2023 -1480.0000000000
2028 -1479.0000000000
2029 -1478.0000000000
2033 -1477.0000000000
2035 -1476.0000000000
2036 -1475.0000000000
2039 -1473.0000000000
2043 -1472.0000000000
2054 -1471.0000000000
2060 -1470.0000000000
2063 -1469.0000000000
2064 -1468.0000000000
2087 -1467.0000000000
2088 -1466.0000000000
2094 -1465.0000000000
2098 -1464.0000000000
2104 -1462.0000000000
2106 -1461.0000000000
2115 -1460.0000000000
2117 -1459.0000000000
2137 -1458.0000000000
2139 -1457.0000000000
2151 -1456.0000000000
2171 -1455.0000000000
2173 -1454.0000000000
2178 -1453.0000000000
2184 -1452.0000000000
2201 -1451.0000000000
2217 -1450.0000000000
2241 -1449.0000000000
2243 -1448.0000000000
2250 -1446.0000000000
2254 -1445.0000000000
2260 -1444.0000000000
2264 -1443.0000000000
2267 -1442.0000000000
2275 -1441.0000000000
2283 -1440.0000000000
2288 -1439.0000000000
2296 -1438.0000000000
2300 -1437.0000000000
2301 -1436.0000000000
2307 -1434.0000000000
2311 -1433.0000000000
2312 -1432.0000000000
2330 -1430.0000000000
2331 -1429.0000000000
2333 -1428.0000000000
2349 -1427.0000000000
2359 -1426.0000000000
2361 -1424.0000000000
2368 -1423.0000000000
2376 -1422.0000000000
2380 -1421.0000000000
2409 -1420.0000000000
2415 -1419.0000000000
2416 -1418.0000000000
2418 -1417.0000000000
2420 -1416.0000000000
2422 -1415.0000000000
2435 -1414.0000000000
2443 -1413.0000000000
2444 -1412.0000000000
2447 -1411.0000000000
2451 -1409.0000000000
2456 -1408.0000000000
2460 -1407.0000000000
2471 -1406.0000000000
2474 -1405.0000000000
2476 -1404.0000000000
2489 -1403.0000000000
2491 -1401.0000000000
2496 -1400.0000000000
2498 -1399.0000000000
2503 -1398.0000000000
2511 -1397.0000000000
2514 -1395.0000000000
2518 -1394.0000000000
2519 -1393.0000000000
2522 -1392.0000000000
2546 -1391.0000000000
2548 -1390.0000000000
2550 -1388.0000000000
2560 -1387.0000000000
2564 -1386.0000000000
2566 -1384.0000000000
2569 -1383.0000000000
2578 -1382.0000000000
2579 -1381.0000000000
2586 -1380.0000000000
2595 -1379.0000000000
2597 -1378.0000000000
2607 -1377.0000000000
2620 -1376.0000000000
2641 -1375.0000000000
2642 -1374.0000000000
2643 -1373.0000000000
2646 -1372.0000000000
2647 -1371.0000000000
2654 -1370.0000000000
2666 -1369.0000000000
2677 -1368.0000000000
2686 -1367.0000000000
2689 -1365.0000000000
2695 -1364.0000000000
2696 -1363.0000000000
2721 -1362.0000000000
2722 -1361.0000000000
2731 -1360.0000000000
2741 -1359.0000000000
2750 -1358.0000000000
2756 -1356.0000000000
2757 -1354.0000000000
2758 -1353.0000000000
2765 -1352.0000000000
2775 -1351.0000000000
2781 -1350.0000000000
2790 -1349.0000000000
2799 -1348.0000000000
2803 -1347.0000000000
2806 -1345.0000000000
2817 -1344.0000000000
2818 -1343.0000000000
2837 -1342.0000000000
2850 -1340.0000000000
2852 -1339.0000000000
2857 -1338.0000000000
2871 -1337.0000000000
2879 -1336.0000000000
2881 -1335.0000000000
2887 -1334.0000000000
2920 -1333.0000000000
2923 -1332.0000000000
2924 -1331.0000000000
2940 -1330.0000000000
2946 -1329.0000000000
2948 -1328.0000000000
2949 -1327.0000000000
2953 -1326.0000000000
2954 -1325.0000000000
2957 -1324.0000000000
2964 -1323.0000000000
2975 -1322.0000000000
2987 -1321.0000000000
2991 -1320.0000000000
2993 -1319.0000000000
3004 -1318.0000000000
3008 -1317.0000000000
3013 -1316.0000000000
3016 -1314.0000000000
3017 -1313.0000000000
3024 -1312.0000000000
3029 -1311.0000000000
3048 -1310.0000000000
3049 -1308.0000000000
3051 -1307.0000000000
3062 -1306.0000000000
3063 -1305.0000000000
3065 -1304.0000000000
3066 -1303.0000000000
3069 -1302.0000000000
3081 -1301.0000000000
3086 -1300.0000000000
3101 -1299.0000000000
3105 -1297.0000000000
3109 -1296.0000000000
3110 -1295.0000000000
3114 -1294.0000000000
3120 -1293.0000000000
3122 -1292.0000000000
3127 -1290.0000000000
3132 -1289.0000000000
3134 -1288.0000000000
3142 -1287.0000000000
3146 -1286.0000000000
3153 -1285.0000000000
3158 -1284.0000000000
3170 -1283.0000000000
3172 -1282.0000000000
3174 -1280.0000000000
3176 -1279.0000000000
3177 -1278.0000000000
3183 -1276.0000000000
3188 -1275.0000000000
3194 -1273.0000000000
3196 -1272.0000000000
3197 -1271.0000000000
3228 -1269.0000000000
3251 -1268.0000000000
3252 -1267.0000000000
3263 -1266.0000000000
3267 -1265.0000000000
3269 -1264.0000000000
3274 -1263.0000000000
3281 -1262.0000000000
3284 -1260.0000000000
3290 -1258.0000000000
3297 -1257.0000000000
3300 -1256.0000000000
3301 -1255.0000000000
3313 -1254.0000000000
3315 -1253.0000000000
3318 -1252.0000000000
3320 -1251.0000000000
3324 -1250.0000000000
3328 -1249.0000000000
3333 -1248.0000000000
3340 -1247.0000000000
3342 -1246.0000000000
3344 -1245.0000000000
3361 -1244.0000000000
3363 -1242.0000000000
3365 -1241.0000000000
3371 -1239.0000000000
3379 -1238.0000000000
3387 -1237.0000000000
3388 -1236.0000000000
3398 -1235.0000000000
3399 -1234.0000000000
3408 -1233.0000000000
3410 -1232.0000000000
3413 -1231.0000000000
3415 -1230.0000000000
3424 -1229.0000000000
3427 -1227.0000000000
3435 -1225.0000000000
3443 -1224.0000000000
3449 -1223.0000000000
3450 -1222.0000000000
3452 -1221.0000000000
3465 -1220.0000000000
3474 -1219.0000000000
3477 -1218.0000000000
3481 -1216.0000000000
3490 -1215.0000000000
3491 -1214.0000000000
3492 -1213.0000000000
3494 -1212.0000000000
3496 -1211.0000000000
3501 -1210.0000000000
3512 -1209.0000000000
3517 -1208.0000000000
3529 -1207.0000000000
3530 -1206.0000000000
3531 -1205.0000000000
3548 -1204.0000000000
3552 -1203.0000000000
3556 -1202.0000000000
3563 -1201.0000000000
3582 -1200.0000000000
3590 -1199.0000000000
3603 -1198.0000000000
3618 -1197.0000000000
3627 -1196.0000000000
3631 -1195.0000000000
3633 -1194.0000000000
3654 -1193.0000000000
3660 -1191.0000000000
3662 -1190.0000000000
3666 -1189.0000000000
3678 -1188.0000000000
3690 -1187.0000000000
3703 -1185.0000000000
3708 -1184.0000000000
3709 -1183.0000000000
3714 -1182.0000000000
3719 -1181.0000000000
3720 -1179.0000000000
3724 -1178.0000000000
3728 -1177.0000000000
3731 -1176.0000000000
3732 -1175.0000000000
3745 -1174.0000000000
3756 -1173.0000000000
3758 -1172.0000000000
3759 -1171.0000000000
3794 -1170.0000000000
3808 -1169.0000000000
3810 -1168.0000000000
3813 -1167.0000000000
3816 -1166.0000000000
3822 -1165.0000000000
3823 -1164.0000000000
3831 -1163.0000000000
3846 -1162.0000000000
3860 -1161.0000000000
3865 -1160.0000000000
3870 -1158.0000000000
3872 -1156.0000000000
3878 -1155.0000000000
3884 -1154.0000000000
3889 -1153.0000000000
3893 -1152.0000000000
3896 -1151.0000000000
3918 -1149.0000000000
3936 -1147.0000000000
3949 -1146.0000000000
3951 -1145.0000000000
3952 -1144.0000000000
3955 -1143.0000000000
3972 -1142.0000000000
3976 -1140.0000000000
3978 -1139.0000000000
3996 -1138.0000000000
3997 -1137.0000000000
3999 -1136.0000000000
4003 -1135.0000000000
4012 -1134.0000000000
4013 -1133.0000000000
4014 -1132.0000000000
4028 -1131.0000000000
4037 -1129.0000000000
4053 -1128.0000000000
4066 -1127.0000000000
4074 -1126.0000000000
4077 -1125.0000000000
4086 -1124.0000000000
4091 -1123.0000000000
4094 -1122.0000000000
4096 -1121.0000000000
4097 -1120.0000000000
4111 -1119.0000000000
4128 -1117.0000000000
4137 -1116.0000000000
4139 -1115.0000000000
4141 -1114.0000000000
4153 -1113.0000000000
4158 -1112.0000000000
4159 -1111.0000000000
4160 -1110.0000000000
4164 -1109.0000000000
4166 -1107.0000000000
4170 -1106.0000000000
4187 -1105.0000000000
4206 -1104.0000000000
4210 -1103.0000000000
4221 -1102.0000000000
4226 -1101.0000000000
4237 -1100.0000000000
4244 -1099.0000000000
4262 -1098.0000000000
4265 -1097.0000000000
4268 -1096.0000000000
4270 -1095.0000000000
4278 -1094.0000000000
4283 -1093.0000000000
4292 -1092.0000000000
4308 -1090.0000000000
4309 -1089.0000000000
4327 -1087.0000000000
4337 -1086.0000000000
4346 -1085.0000000000
4349 -1084.0000000000
4351 -1083.0000000000
4355 -1082.0000000000
4369 -1080.0000000000
4386 -1079.0000000000
4391 -1078.0000000000
4393 -1077.0000000000
4396 -1074.0000000000
4403 -1073.0000000000
4422 -1072.0000000000
4431 -1071.0000000000
4436 -1069.0000000000
4440 -1068.0000000000
4446 -1067.0000000000
4447 -1066.0000000000
4457 -1065.0000000000
4471 -1064.0000000000
4477 -1063.0000000000
4480 -1062.0000000000
4483 -1061.0000000000
4484 -1060.0000000000
4491 -1058.0000000000
4497 -1056.0000000000
4500 -1055.0000000000
4515 -1054.0000000000
4517 -1053.0000000000
4518 -1052.0000000000
4538 -1051.0000000000
4546 -1050.0000000000
4556 -1049.0000000000
4582 -1048.0000000000
4592 -1047.0000000000
4599 -1045.0000000000
4606 -1044.0000000000
4612 -1043.0000000000
4619 -1042.0000000000
4625 -1041.0000000000
4632 -1040.0000000000
4633 -1039.0000000000
4642 -1038.0000000000
4648 -1037.0000000000
4652 -1036.0000000000
4661 -1035.0000000000
4666 -1034.0000000000
4667 -1032.0000000000
4684 -1031.0000000000
4705 -1029.0000000000
4715 -1028.0000000000
4726 -1027.0000000000
4733 -1025.0000000000
4757 -1024.0000000000
4761 -1023.0000000000
4765 -1022.0000000000
4769 -1021.0000000000
4801 -1020.0000000000
4803 -1019.0000000000
4823 -1018.0000000000
4828 -1017.0000000000
4846 -1016.0000000000
4852 -1015.0000000000
4883 -1014.0000000000
4887 -1013.0000000000
4891 -1011.0000000000
4894 -1010.0000000000
4921 -1009.0000000000
4945 -1008.0000000000
4952 -1007.0000000000
4953 -1006.0000000000
4954 -1005.0000000000
4960 -1004.0000000000
4993 -1003.0000000000
5005 -1000.0000000000
5011 -999.0000000000
5012 -998.0000000000
5034 -996.0000000000
5059 -995.0000000000
5063 -994.0000000000
5081 -993.0000000000
5107 -992.0000000000
5130 -991.0000000000
5132 -990.0000000000
5140 -989.0000000000
5143 -988.0000000000
5150 -987.0000000000
5157 -986.0000000000
5168 -985.0000000000
5173 -984.0000000000
5174 -983.0000000000
5184 -981.0000000000
5193 -979.0000000000
5201 -978.0000000000
5215 -977.0000000000
5226 -976.0000000000
5228 -975.0000000000
5230 -974.0000000000
5233 -973.0000000000
5241 -971.0000000000
5251 -970.0000000000
5262 -969.0000000000
5264 -968.0000000000
5275 -966.0000000000
5281 -965.0000000000
5291 -964.0000000000
5293 -963.0000000000
5298 -961.0000000000
5304 -960.0000000000
5305 -959.0000000000
5307 -958.0000000000
5336 -956.0000000000
5375 -955.0000000000
5376 -954.0000000000
5379 -953.0000000000
5388 -952.0000000000
5393 -951.0000000000
5411 -950.0000000000
5418 -949.0000000000
5425 -948.0000000000
5431 -947.0000000000
5449 -946.0000000000
5456 -944.0000000000
5457 -943.0000000000
5464 -942.0000000000
5469 -941.0000000000
5485 -940.0000000000
5492 -939.0000000000
5503 -937.0000000000
5518 -936.0000000000
5560 -935.0000000000
5564 -934.0000000000
5574 -933.0000000000
5585 -932.0000000000
5586 -931.0000000000
5602 -930.0000000000
5611 -929.0000000000
5624 -927.0000000000
5627 -926.0000000000
5637 -925.0000000000
5640 -924.0000000000
5655 -923.0000000000
5656 -922.0000000000
5664 -921.0000000000
5683 -920.0000000000
5692 -919.0000000000
5698 -918.0000000000
5707 -917.0000000000
5742 -915.0000000000
5744 -913.0000000000
5775 -912.0000000000
5788 -911.0000000000
5790 -910.0000000000
5798 -909.0000000000
5812 -908.0000000000
5823 -907.0000000000
5830 -906.0000000000
5838 -905.0000000000
5839 -904.0000000000
5853 -903.0000000000
5854 -901.0000000000
5862 -900.0000000000
5880 -899.0000000000
5886 -898.0000000000
5891 -897.0000000000
5902 -896.0000000000
5904 -895.0000000000
5909 -894.0000000000
5920 -893.0000000000
5928 -892.0000000000
5935 -891.0000000000
5938 -890.0000000000
5939 -889.0000000000
5952 -888.0000000000
5963 -887.0000000000
5983 -886.0000000000
5985 -885.0000000000
6002 -884.0000000000
6010 -883.0000000000
6014 -882.0000000000
6015 -881.0000000000
6021 -880.0000000000
6040 -879.0000000000
6043 -878.0000000000
6047 -877.0000000000
6067 -876.0000000000
6079 -875.0000000000
6084 -874.0000000000
6099 -873.0000000000
6100 -872.0000000000
6111 -871.0000000000
6112 -870.0000000000
6114 -869.0000000000
6131 -868.0000000000
6135 -867.0000000000
6146 -866.0000000000
6209 -865.0000000000
6241 -864.0000000000
6246 -863.0000000000
6253 -862.0000000000
6259 -861.0000000000
6291 -860.0000000000
6292 -859.0000000000
6297 -858.0000000000
6298 -857.0000000000
6309 -856.0000000000
6325 -855.0000000000
6331 -854.0000000000
6347 -853.0000000000
6383 -852.0000000000
6387 -850.0000000000
6389 -849.0000000000
6401 -848.0000000000
6406 -846.0000000000
6410 -845.0000000000
6412 -844.0000000000
6414 -843.0000000000
6425 -842.0000000000
6439 -841.0000000000
6443 -840.0000000000
6467 -839.0000000000
6472 -838.0000000000
6488 -837.0000000000
6532 -836.0000000000
6534 -835.0000000000
6558 -834.0000000000
6559 -833.0000000000
6571 -832.0000000000
6576 -831.0000000000
6578 -830.0000000000
6579 -829.0000000000
6581 -828.0000000000
6613 -826.0000000000
6625 -825.0000000000
6632 -824.0000000000
6636 -823.0000000000
6638 -822.0000000000
6644 -821.0000000000
6654 -820.0000000000
6656 -819.0000000000
6657 -817.0000000000
6691 -816.0000000000
6709 -815.0000000000
6716 -814.0000000000
6724 -813.0000000000
6729 -812.0000000000
6743 -811.0000000000
6773 -810.0000000000
6776 -809.0000000000
6777 -808.0000000000
6807 -807.0000000000
6811 -806.0000000000
6823 -805.0000000000
6830 -804.0000000000
6837 -803.0000000000
6844 -802.0000000000
6851 -801.0000000000
6863 -800.0000000000
6906 -799.0000000000
6908 -798.0000000000
6930 -797.0000000000
6952 -796.0000000000
6960 -795.0000000000
6968 -794.0000000000
6974 -793.0000000000
6990 -792.0000000000
6996 -791.0000000000
7000 -790.0000000000
7035 -789.0000000000
7047 -788.0000000000
7051 -787.0000000000
7058 -786.0000000000
7070 -785.0000000000
7094 -784.0000000000
7095 -783.0000000000
7098 -782.0000000000
7130 -781.0000000000
7149 -780.0000000000
7153 -779.0000000000
7185 -778.0000000000
7194 -777.0000000000
7202 -776.0000000000
7206 -775.0000000000
7231 -774.0000000000
7258 -773.0000000000
7264 -772.0000000000
7268 -771.0000000000
7271 -770.0000000000
7278 -769.0000000000
7279 -768.0000000000
7286 -767.0000000000
7289 -766.0000000000
7291 -765.0000000000
7295 -764.0000000000
7318 -762.0000000000
7319 -761.0000000000
7323 -760.0000000000
7345 -758.0000000000
7349 -757.0000000000
7354 -756.0000000000
7365 -755.0000000000
7381 -754.0000000000
7385 -752.0000000000
7389 -751.0000000000
7441 -750.0000000000
7446 -749.0000000000
7447 -748.0000000000
7454 -747.0000000000
7459 -746.0000000000
7470 -745.0000000000
7487 -744.0000000000
7491 -743.0000000000
7500 -742.0000000000
7556 -741.0000000000
7577 -740.0000000000
7607 -739.0000000000
7638 -738.0000000000
7644 -737.0000000000
7649 -736.0000000000
7679 -735.0000000000
7682 -734.0000000000
7686 -733.0000000000
7711 -731.0000000000
7713 -730.0000000000
7720 -729.0000000000
7725 -728.0000000000
7732 -727.0000000000
7744 -726.0000000000
7745 -724.0000000000
7754 -723.0000000000
7756 -722.0000000000
7761 -721.0000000000
7774 -720.0000000000
7789 -719.0000000000
7820 -718.0000000000
7827 -717.0000000000
7861 -716.0000000000
7871 -715.0000000000
7873 -714.0000000000
7882 -713.0000000000
7884 -712.0000000000
7888 -711.0000000000
7900 -710.0000000000
7914 -709.0000000000
7917 -708.0000000000
7933 -707.0000000000
7953 -706.0000000000
7975 -705.0000000000
7980 -704.0000000000
7981 -703.0000000000
7998 -702.0000000000
8027 -700.0000000000
8031 -699.0000000000
8036 -698.0000000000
8042 -697.0000000000
8054 -696.0000000000
8071 -695.0000000000
8077 -694.0000000000
8104 -692.0000000000
8121 -691.0000000000
8126 -690.0000000000
8131 -689.0000000000
8136 -688.0000000000
8158 -687.0000000000
8169 -686.0000000000
8188 -685.0000000000
8195 -684.0000000000
8206 -683.0000000000
8250 -681.0000000000
8256 -680.0000000000
8269 -679.0000000000
8286 -678.0000000000
8291 -676.0000000000
8297 -675.0000000000
8315 -674.0000000000
8317 -673.0000000000
8319 -672.0000000000
8332 -671.0000000000
8346 -670.0000000000
8356 -668.0000000000
8368 -667.0000000000
8370 -666.0000000000
8371 -665.0000000000
8404 -664.0000000000
8421 -663.0000000000
8453 -662.0000000000
8458 -660.0000000000
8477 -659.0000000000
8488 -658.0000000000
8508 -657.0000000000
8518 -656.0000000000
8541 -655.0000000000
8546 -654.0000000000
8548 -653.0000000000
8585 -652.0000000000
8622 -651.0000000000
8639 -650.0000000000
8659 -649.0000000000
8666 -648.0000000000
8677 -647.0000000000
8680 -646.0000000000
8686 -645.0000000000
8698 -644.0000000000
8707 -643.0000000000
8715 -642.0000000000
8717 -641.0000000000
8760 -640.0000000000
8765 -639.0000000000
8768 -638.0000000000
8783 -636.0000000000
8791 -634.0000000000
8795 -633.0000000000
8796 -632.0000000000
8801 -631.0000000000
8803 -630.0000000000
8824 -629.0000000000
8839 -628.0000000000
8879 -627.0000000000
8890 -626.0000000000
8911 -625.0000000000
8922 -624.0000000000
8927 -623.0000000000
8932 -622.0000000000
8939 -621.0000000000
8969 -620.0000000000
8982 -619.0000000000
8996 -618.0000000000
9017 -617.0000000000
9019 -616.0000000000
9047 -615.0000000000
9080 -614.0000000000
9089 -613.0000000000
9093 -612.0000000000
9118 -610.0000000000
9137 -609.0000000000
9150 -607.0000000000
9152 -606.0000000000
9171 -605.0000000000
9179 -604.0000000000
9182 -603.0000000000
9199 -602.0000000000
9200 -601.0000000000
9204 -600.0000000000
9219 -599.0000000000
9236 -598.0000000000
9276 -597.0000000000
9316 -596.0000000000
9321 -595.0000000000
9357 -594.0000000000
9366 -593.0000000000
9391 -592.0000000000
9407 -591.0000000000
9409 -590.0000000000
9410 -589.0000000000
9443 -588.0000000000
9459 -587.0000000000
9475 -586.0000000000
9494 -585.0000000000
9499 -584.0000000000
9515 -583.0000000000
9517 -582.0000000000
9525 -581.0000000000
9539 -580.0000000000
9544 -579.0000000000
9552 -578.0000000000
9555 -577.0000000000
9560 -576.0000000000
9572 -574.0000000000
9573 -573.0000000000
9601 -572.0000000000
9611 -571.0000000000
9623 -570.0000000000
9629 -569.0000000000
9641 -568.0000000000
9671 -567.0000000000
9693 -566.0000000000
9698 -565.0000000000
9701 -564.0000000000
9713 -563.0000000000
9727 -562.0000000000
9747 -561.0000000000
9750 -560.0000000000
9753 -559.0000000000
9777 -558.0000000000
9779 -557.0000000000
9788 -556.0000000000
9798 -555.0000000000
9809 -554.0000000000
9817 -553.0000000000
9835 -552.0000000000
9843 -551.0000000000
9844 -550.0000000000
9860 -549.0000000000
9866 -548.0000000000
9871 -547.0000000000
9884 -546.0000000000
9894 -545.0000000000
9900 -544.0000000000
9902 -543.0000000000
9933 -542.0000000000
9986 -541.0000000000
10000 -542.0000000000
evaluations raw_y
1 -2002.0000000000
5 -2001.0000000000
9 -2000.0000000000
10 -1999.0000000000
36 -1998.0000000000
37 -1997.0000000000
38 -1996.0000000000
46 -1995.0000000000
49 -1994.0000000000
53 -1993.0000000000
54 -1992.0000000000
56 -1991.0000000000
58 -1990.0000000000
63 -1989.0000000000
70 -1988.0000000000
74 -1987.0000000000
85 -1986.0000000000
87 -1984.0000000000
89 -1983.0000000000
91 -1982.0000000000
101 -1979.0000000000
115 -1978.0000000000
117 -1977.0000000000
118 -1976.0000000000
119 -1975.0000000000
122 -1974.0000000000
123 -1973.0000000000
128 -1972.0000000000
130 -1969.0000000000
131 -1967.0000000000
138 -1966.0000000000
140 -1965.0000000000
141 -1963.0000000000
142 -1961.0000000000
145 -1960.0000000000
149 -1958.0000000000
150 -1957.0000000000
153 -1956.0000000000
155 -1955.0000000000
157 -1954.0000000000
161 -1952.0000000000
163 -1951.0000000000
175 -1950.0000000000
180 -1949.0000000000
184 -1948.0000000000
187 -1947.0000000000
188 -1946.0000000000
189 -1944.0000000000
190 -1943.0000000000
195 -1942.0000000000
199 -1940.0000000000
207 -1939.0000000000
214 -1938.0000000000
215 -1936.0000000000
223 -1934.0000000000
225 -1933.0000000000
228 -1932.0000000000
230 -1931.0000000000
233 -1930.0000000000
236 -1929.0000000000
241 -1928.0000000000
243 -1927.0000000000
258 -1926.0000000000
260 -1925.0000000000
264 -1921.0000000000
267 -1920.0000000000
270 -1919.0000000000
274 -1918.0000000000
276 -1917.0000000000
283 -1916.0000000000
287 -1915.0000000000
289 -1914.0000000000
290 -1913.0000000000
291 -1912.0000000000
293 -1911.0000000000
295 -1910.0000000000
298 -1909.0000000000
299 -1908.0000000000
303 -1907.0000000000
307 -1906.0000000000
308 -1904.0000000000
311 -1903.0000000000
312 -1902.0000000000
313 -1901.0000000000
315 -1900.0000000000
321 -1899.0000000000
328 -1898.0000000000
329 -1896.0000000000
330 -1895.0000000000
332 -1894.0000000000
341 -1893.0000000000
343 -1890.0000000000
346 -1889.0000000000
359 -1888.0000000000
364 -1887.0000000000
365 -1886.0000000000
374 -1885.0000000000
380 -1884.0000000000
381 -1883.0000000000
387 -1882.0000000000
388 -1880.0000000000
389 -1878.0000000000
390 -1877.0000000000
392 -1876.0000000000
393 -1874.0000000000
400 -1873.0000000000
404 -1872.0000000000
406 -1871.0000000000
407 -1870.0000000000
416 -1869.0000000000
427 -1868.0000000000
428 -1867.0000000000
436 -1865.0000000000
445 -1864.0000000000
447 -1862.0000000000
453 -1861.0000000000
455 -1860.0000000000
459 -1859.0000000000
461 -1858.0000000000
462 -1857.0000000000
464 -1856.0000000000
466 -1852.0000000000
470 -1851.0000000000
486 -1850.0000000000
494 -1848.0000000000
497 -1847.0000000000
500 -1846.0000000000
511 -1845.0000000000
513 -1844.0000000000
515 -1843.0000000000
516 -1842.0000000000
519 -1841.0000000000
522 -1840.0000000000
539 -1839.0000000000
541 -1838.0000000000
543 -1837.0000000000
545 -1836.0000000000
546 -1835.0000000000
552 -1834.0000000000
553 -1832.0000000000
554 -1831.0000000000
570 -1830.0000000000
578 -1829.0000000000
580 -1828.0000000000
582 -1827.0000000000
586 -1826.0000000000
587 -1825.0000000000
590 -1824.0000000000
592 -1823.0000000000
597 -1821.0000000000
600 -1820.0000000000
602 -1819.0000000000
604 -1818.0000000000
608 -1817.0000000000
609 -1816.0000000000
620 -1815.0000000000
623 -1814.0000000000
625 -1813.0000000000
629 -1811.0000000000
642 -1810.0000000000
647 -1808.0000000000
650 -1806.0000000000
667 -1804.0000000000
676 -1802.0000000000
679 -1801.0000000000
683 -1800.0000000000
687 -1799.0000000000
690 -1798.0000000000
695 -1797.0000000000
700 -1796.0000000000
706 -1795.0000000000
712 -1794.0000000000
714 -1793.0000000000
719 -1792.0000000000
720 -1791.0000000000
721 -1790.0000000000
734 -1789.0000000000
735 -1788.0000000000
739 -1787.0000000000
747 -1784.0000000000
748 -1783.0000000000
763 -1781.0000000000
766 -1780.0000000000
772 -1779.0000000000
776 -1778.0000000000
777 -1776.0000000000
778 -1775.0000000000
783 -1774.0000000000
787 -1771.0000000000
790 -1770.0000000000
791 -1768.0000000000
793 -1767.0000000000
796 -1766.0000000000
799 -1765.0000000000
806 -1764.0000000000
808 -1763.0000000000
809 -1762.0000000000
818 -1760.0000000000
821 -1758.0000000000
827 -1757.0000000000
828 -1755.0000000000
837 -1752.0000000000
840 -1751.0000000000
841 -1749.0000000000
844 -1748.0000000000
850 -1747.0000000000
858 -1746.0000000000
865 -1745.0000000000
872 -1744.0000000000
878 -1742.0000000000
884 -1741.0000000000
889 -1740.0000000000
897 -1739.0000000000
902 -1738.0000000000
903 -1736.0000000000
904 -1735.0000000000
905 -1733.0000000000
906 -1732.0000000000
907 -1731.0000000000
908 -1730.0000000000
919 -1729.0000000000
920 -1728.0000000000
932 -1727.0000000000
937 -1726.0000000000
944 -1725.0000000000
953 -1724.0000000000
961 -1723.0000000000
962 -1722.0000000000
969 -1721.0000000000
975 -1720.0000000000
982 -1719.0000000000
985 -1718.0000000000
987 -1717.0000000000
998 -1716.0000000000
1000 -1715.0000000000
1014 -1714.0000000000
1018 -1713.0000000000
1022 -1712.0000000000
1027 -1711.0000000000
1029 -1710.0000000000
1031 -1708.0000000000
1035 -1707.0000000000
1036 -1705.0000000000
1041 -1704.0000000000
1042 -1703.0000000000
1045 -1702.0000000000
1050 -1701.0000000000
1052 -1700.0000000000
1058 -1699.0000000000
1063 -1698.0000000000
1065 -1697.0000000000
1072 -1695.0000000000
1073 -1694.0000000000
1075 -1693.0000000000
1078 -1692.0000000000
1084 -1691.0000000000
1085 -1689.0000000000
1086 -1687.0000000000
1094 -1686.0000000000
1102 -1685.0000000000
1110 -1684.0000000000
1111 -1683.0000000000
1127 -1682.0000000000
1128 -1681.0000000000
1129 -1678.0000000000
1150 -1677.0000000000
1151 -1676.0000000000
1156 -1675.0000000000
1158 -1672.0000000000
1159 -1671.0000000000
1170 -1670.0000000000
1172 -1667.0000000000
1177 -1664.0000000000
1180 -1663.0000000000
1183 -1662.0000000000
1185 -1661.0000000000
1188 -1660.0000000000
1190 -1659.0000000000
1211 -1658.0000000000
1212 -1657.0000000000
1213 -1656.0000000000
1214 -1655.0000000000
1217 -1653.0000000000
1220 -1652.0000000000
1221 -1650.0000000000
1225 -1649.0000000000
1231 -1648.0000000000
1234 -1647.0000000000
1258 -1646.0000000000
1263 -1645.0000000000
1270 -1644.0000000000
1271 -1643.0000000000
1290 -1642.0000000000
1292 -1641.0000000000
1294 -1640.0000000000
1302 -1639.0000000000
1304 -1637.0000000000
1309 -1636.0000000000
1310 -1635.0000000000
1313 -1633.0000000000
1320 -1632.0000000000
1325 -1631.0000000000
1326 -1630.0000000000
1330 -1629.0000000000
1332 -1628.0000000000
1341 -1627.0000000000
1352 -1626.0000000000
1357 -1625.0000000000
1358 -1624.0000000000
1365 -1622.0000000000
1370 -1621.0000000000
1377 -1620.0000000000
1378 -1619.0000000000
1381 -1618.0000000000
1383 -1617.0000000000
1386 -1616.0000000000
1388 -1615.0000000000
1390 -1614.0000000000
1400 -1613.0000000000
1402 -1612.0000000000
1403 -1610.0000000000
1411 -1609.0000000000
1412 -1608.0000000000
1416 -1607.0000000000
1419 -1605.0000000000
1423 -1604.0000000000
1428 -1603.0000000000
1431 -1602.0000000000
1432 -1601.0000000000
1441 -1600.0000000000
1442 -1599.0000000000
1443 -1598.0000000000
1449 -1597.0000000000
1453 -1595.0000000000
1456 -1594.0000000000
1458 -1593.0000000000
1461 -1592.0000000000
1469 -1591.0000000000
1475 -1590.0000000000
1476 -1589.0000000000
1480 -1588.0000000000
1483 -1587.0000000000
1487 -1586.0000000000
1501 -1584.0000000000
1508 -1582.0000000000
1518 -1581.0000000000
1519 -1580.0000000000
1522 -1579.0000000000
1525 -1578.0000000000
1533 -1577.0000000000
1553 -1576.0000000000
1560 -1575.0000000000
1570 -1574.0000000000
1574 -1573.0000000000
1579 -1572.0000000000
1581 -1571.0000000000
1595 -1570.0000000000
1598 -1569.0000000000
1601 -1568.0000000000
1602 -1565.0000000000
1604 -1563.0000000000
1605 -1561.0000000000
1607 -1560.0000000000
1609 -1559.0000000000
1614 -1558.0000000000
1616 -1557.0000000000
1617 -1556.0000000000
1621 -1555.0000000000
1629 -1554.0000000000
1633 -1553.0000000000
1635 -1552.0000000000
1638 -1551.0000000000
1669 -1550.0000000000
1672 -1549.0000000000
1676 -1548.0000000000
1677 -1547.0000000000
1679 -1546.0000000000
1694 -1545.0000000000
1699 -1544.0000000000
1711 -1542.0000000000
1717 -1541.0000000000
1732 -1540.0000000000
1733 -1539.0000000000
1737 -1538.0000000000
1738 -1537.0000000000
1756 -1536.0000000000
1757 -1535.0000000000
1760 -1534.0000000000
1761 -1533.0000000000
1769 -1531.0000000000
1770 -1530.0000000000
1771 -1529.0000000000
1776 -1528.0000000000
1778 -1525.0000000000
1783 -1524.0000000000
1791 -1523.0000000000
1792 -1522.0000000000
1797 -1520.0000000000
1825 -1519.0000000000
1829 -1518.0000000000
1832 -1517.0000000000
1835 -1516.0000000000
1837 -1515.0000000000
1840 -1514.0000000000
1846 -1513.0000000000
1855 -1512.0000000000
1856 -1510.0000000000
1860 -1508.0000000000
1872 -1507.0000000000
1884 -1506.0000000000
1885 -1505.0000000000
1887 -1504.0000000000
1888 -1503.0000000000
1889 -1502.0000000000
1894 -1501.0000000000
1901 -1500.0000000000
1906 -1499.0000000000
1907 -1498.0000000000
1908 -1497.0000000000
1918 -1496.0000000000
1920 -1495.0000000000
1922 -1494.0000000000
1923 -1493.0000000000
1926 -1492.0000000000
1929 -1491.0000000000
1930 -1490.0000000000
1938 -1489.0000000000
1940 -1488.0000000000
1942 -1487.0000000000
1965 -1485.0000000000
1966 -1484.0000000000
1970 -1481.0000000000
1974 -1480.0000000000
1977 -1479.0000000000
1978 -1477.0000000000
2016 -1476.0000000000
2018 -1475.0000000000
2019 -1474.0000000000
2040 -1473.0000000000
2041 -1471.0000000000
2042 -1470.0000000000
2044 -1469.0000000000
2046 -1468.0000000000
2057 -1467.0000000000
2058 -1466.0000000000
2060 -1465.0000000000
2066 -1464.0000000000
2070 -1463.0000000000
2073 -1462.0000000000
2074 -1461.0000000000
2078 -1459.0000000000
2083 -1458.0000000000
2085 -1457.0000000000
2091 -1456.0000000000
2097 -1455.0000000000
2098 -1454.0000000000
2100 -1453.0000000000
2106 -1452.0000000000
2114 -1451.0000000000
2129 -1449.0000000000
2133 -1448.0000000000
2134 -1447.0000000000
2137 -1445.0000000000
2139 -1444.0000000000
2143 -1443.0000000000
2144 -1442.0000000000
2147 -1441.0000000000
2149 -1440.0000000000
2150 -1439.0000000000
2154 -1438.0000000000
2155 -1435.0000000000
2163 -1434.0000000000
2169 -1433.0000000000
2175 -1431.0000000000
2180 -1430.0000000000
2185 -1429.0000000000
2196 -1427.0000000000
2197 -1426.0000000000
2199 -1424.0000000000
2210 -1422.0000000000
2211 -1421.0000000000
2215 -1420.0000000000
2217 -1418.0000000000
2221 -1417.0000000000
2229 -1416.0000000000
2236 -1415.0000000000
2239 -1414.0000000000
2243 -1413.0000000000
2253 -1412.0000000000
2275 -1411.0000000000
2278 -1410.0000000000
2281 -1407.0000000000
2292 -1406.0000000000
2295 -1405.0000000000
2312 -1403.0000000000
2324 -1402.0000000000
2333 -1401.0000000000
2334 -1399.0000000000
2336 -1398.0000000000
2339 -1397.0000000000
2351 -1396.0000000000
2355 -1394.0000000000
2357 -1393.0000000000
2368 -1392.0000000000
2371 -1391.0000000000
2379 -1390.0000000000
2389 -1389.0000000000
2396 -1388.0000000000
2397 -1387.0000000000
2400 -1386.0000000000
2420 -1385.0000000000
2426 -1384.0000000000
2430 -1383.0000000000
2442 -1382.0000000000
2444 -1381.0000000000
2446 -1380.0000000000
2465 -1379.0000000000
2470 -1378.0000000000
2474 -1377.0000000000
2476 -1376.0000000000
2486 -1375.0000000000
2490 -1374.0000000000
2491 -1373.0000000000
2499 -1372.0000000000
2508 -1371.0000000000
2514 -1370.0000000000
2519 -1369.0000000000
2523 -1368.0000000000
2526 -1367.0000000000
2530 -1365.0000000000
2533 -1364.0000000000
2535 -1363.0000000000
2537 -1362.0000000000
2538 -1361.0000000000
2543 -1360.0000000000
2546 -1358.0000000000
2554 -1356.0000000000
2556 -1355.0000000000
2557 -1354.0000000000
2567 -1353.0000000000
2582 -1352.0000000000
2590 -1351.0000000000
2592 -1350.0000000000
2594 -1349.0000000000
2601 -1345.0000000000
2602 -1344.0000000000
2603 -1342.0000000000
2607 -1341.0000000000
2618 -1340.0000000000
2623 -1339.0000000000
2626 -1337.0000000000
2638 -1336.0000000000
2646 -1335.0000000000
2655 -1334.0000000000
2656 -1333.0000000000
2660 -1332.0000000000
2662 -1331.0000000000
2665 -1330.0000000000
2672 -1328.0000000000
2678 -1327.0000000000
2679 -1326.0000000000
2682 -1325.0000000000
2701 -1324.0000000000
2709 -1322.0000000000
2714 -1319.0000000000
2715 -1318.0000000000
2727 -1317.0000000000
2736 -1316.0000000000
2741 -1315.0000000000
2752 -1314.0000000000
2761 -1312.0000000000
2763 -1311.0000000000
2765 -1309.0000000000
2768 -1308.0000000000
2782 -1307.0000000000
2790 -1305.0000000000
2798 -1304.0000000000
2800 -1303.0000000000
2806 -1302.0000000000
2808 -1300.0000000000
2812 -1299.0000000000
2817 -1298.0000000000
2866 -1297.0000000000
2867 -1296.0000000000
2869 -1294.0000000000
2870 -1293.0000000000
2872 -1292.0000000000
2875 -1291.0000000000
2876 -1290.0000000000
2882 -1289.0000000000
2893 -1288.0000000000
2903 -1287.0000000000
2915 -1286.0000000000
2922 -1285.0000000000
2926 -1284.0000000000
2931 -1283.0000000000
2934 -1282.0000000000
2937 -1281.0000000000
2941 -1279.0000000000
2943 -1278.0000000000
2944 -1277.0000000000
2952 -1276.0000000000
2954 -1275.0000000000
2967 -1274.0000000000
2968 -1272.0000000000
2978 -1271.0000000000
2988 -1270.0000000000
2994 -1269.0000000000
3004 -1268.0000000000
3007 -1267.0000000000
3016 -1266.0000000000
3019 -1265.0000000000
3033 -1264.0000000000
3042 -1263.0000000000
3046 -1262.0000000000
3047 -1261.0000000000
3052 -1259.0000000000
3053 -1257.0000000000
3065 -1256.0000000000
3071 -1255.0000000000
3081 -1254.0000000000
3083 -1253.0000000000
3084 -1251.0000000000
3090 -1250.0000000000
3094 -1248.0000000000
3098 -1247.0000000000
3100 -1246.0000000000
3102 -1245.0000000000
3110 -1244.0000000000
3118 -1243.0000000000
3122 -1241.0000000000
3133 -1239.0000000000
3139 -1237.0000000000
3141 -1236.0000000000
3158 -1235.0000000000
3160 -1234.0000000000
3164 -1233.0000000000
3165 -1232.0000000000
3176 -1231.0000000000
3177 -1230.0000000000
3197 -1229.0000000000
3199 -1228.0000000000
3215 -1227.0000000000
3231 -1226.0000000000
3257 -1223.0000000000
3259 -1222.0000000000
3262 -1221.0000000000
3271 -1220.0000000000
3296 -1219.0000000000
3304 -1218.0000000000
3316 -1217.0000000000
3341 -1216.0000000000
3343 -1215.0000000000
3360 -1213.0000000000
3363 -1212.0000000000
3367 -1211.0000000000
3382 -1210.0000000000
3383 -1209.0000000000
3385 -1207.0000000000
3397 -1206.0000000000
3399 -1204.0000000000
3411 -1202.0000000000
3419 -1201.0000000000
3429 -1200.0000000000
3441 -1198.0000000000
3449 -1197.0000000000
3450 -1196.0000000000
3457 -1195.0000000000
3466 -1194.0000000000
3467 -1193.0000000000
3483 -1191.0000000000
3484 -1190.0000000000
3490 -1189.0000000000
3493 -1188.0000000000
3495 -1187.0000000000
3505 -1186.0000000000
3511 -1185.0000000000
3512 -1184.0000000000
3518 -1183.0000000000
3522 -1182.0000000000
3541 -1181.0000000000
3543 -1180.0000000000
3545 -1179.0000000000
3554 -1178.0000000000
3555 -1176.0000000000
3556 -1175.0000000000
3559 -1174.0000000000
3574 -1172.0000000000
3575 -1170.0000000000
3585 -1169.0000000000
3586 -1168.0000000000
3591 -1167.0000000000
3621 -1166.0000000000
3624 -1165.0000000000
3632 -1164.0000000000
3634 -1163.0000000000
3637 -1162.0000000000
3643 -1161.0000000000
3646 -1160.0000000000
3654 -1159.0000000000
3655 -1158.0000000000
3659 -1157.0000000000
3662 -1156.0000000000
3672 -1155.0000000000
3677 -1154.0000000000
3688 -1153.0000000000
3689 -1152.0000000000
3715 -1151.0000000000
3725 -1150.0000000000
3741 -1149.0000000000
3742 -1148.0000000000
3757 -1147.0000000000
3760 -1146.0000000000
3761 -1145.0000000000
3772 -1144.0000000000
3775 -1143.0000000000
3778 -1142.0000000000
3791 -1141.0000000000
3793 -1140.0000000000
3797 -1139.0000000000
3800 -1138.0000000000
3807 -1137.0000000000
3812 -1136.0000000000
3815 -1135.0000000000
3817 -1134.0000000000
3818 -1133.0000000000
3819 -1132.0000000000
3822 -1131.0000000000
3830 -1130.0000000000
3836 -1129.0000000000
3844 -1127.0000000000
3847 -1126.0000000000
3849 -1124.0000000000
3853 -1123.0000000000
3855 -1121.0000000000
3856 -1120.0000000000
3870 -1119.0000000000
3873 -1118.0000000000
3876 -1116.0000000000
3880 -1114.0000000000
3890 -1113.0000000000
3895 -1112.0000000000
3896 -1111.0000000000
3899 -1109.0000000000
3900 -1108.0000000000
3918 -1107.0000000000
3924 -1106.0000000000
3934 -1105.0000000000
3943 -1103.0000000000
3946 -1102.0000000000
3951 -1101.0000000000
3952 -1100.0000000000
3954 -1099.0000000000
3955 -1098.0000000000
3965 -1097.0000000000
3978 -1096.0000000000
3979 -1095.0000000000
3981 -1094.0000000000
3990 -1092.0000000000
3998 -1090.0000000000
4001 -1088.0000000000
4012 -1087.0000000000
4018 -1086.0000000000
4051 -1085.0000000000
4052 -1084.0000000000
4066 -1083.0000000000
4070 -1082.0000000000
4073 -1081.0000000000
4077 -1080.0000000000
4079 -1079.0000000000
4081 -1078.0000000000
4108 -1077.0000000000
4122 -1076.0000000000
4123 -1075.0000000000
4130 -1074.0000000000
4134 -1073.0000000000
4138 -1072.0000000000
4144 -1071.0000000000
4163 -1070.0000000000
4168 -1069.0000000000
4171 -1067.0000000000
4179 -1065.0000000000
4184 -1064.0000000000
4187 -1063.0000000000
4192 -1062.0000000000
4198 -1061.0000000000
4205 -1060.0000000000
4214 -1059.0000000000
4218 -1057.0000000000
4223 -1056.0000000000
4237 -1055.0000000000
4244 -1054.0000000000
4257 -1053.0000000000
4268 -1052.0000000000
4277 -1051.0000000000
4279 -1050.0000000000
4296 -1049.0000000000
4304 -1048.0000000000
4316 -1047.0000000000
4321 -1046.0000000000
4324 -1045.0000000000
4327 -1044.0000000000
4331 -1043.0000000000
4360 -1042.0000000000
4370 -1041.0000000000
4371 -1040.0000000000
4380 -1039.0000000000
4397 -1038.0000000000
4402 -1036.0000000000
4409 -1035.0000000000
4424 -1034.0000000000
4430 -1033.0000000000
4444 -1032.0000000000
4454 -1031.0000000000
4461 -1030.0000000000
4467 -1029.0000000000
4468 -1028.0000000000
4472 -1026.0000000000
4483 -1025.0000000000
4498 -1024.0000000000
4529 -1023.0000000000
4567 -1022.0000000000
4568 -1021.0000000000
4572 -1020.0000000000
4577 -1019.0000000000
4586 -1018.0000000000
4605 -1016.0000000000
4623 -1015.0000000000
4628 -1014.0000000000
4631 -1013.0000000000
4633 -1012.0000000000
4639 -1011.0000000000
4640 -1010.0000000000
4676 -1009.0000000000
4677 -1008.0000000000
4685 -1007.0000000000
4686 -1005.0000000000
4691 -1004.0000000000
4731 -1003.0000000000
4732 -1002.0000000000
4745 -1000.0000000000
4763 -999.0000000000
4774 -998.0000000000
4777 -996.0000000000
4781 -994.0000000000
4786 -993.0000000000
4792 -992.0000000000
4810 -991.0000000000
4818 -990.0000000000
4826 -988.0000000000
4839 -987.0000000000
4844 -986.0000000000
4845 -985.0000000000
4848 -984.0000000000
4857 -982.0000000000
4864 -981.0000000000
4866 -980.0000000000
4878 -979.0000000000
4881 -978.0000000000
4884 -977.0000000000
4889 -976.0000000000
4914 -975.0000000000
4917 -974.0000000000
4930 -973.0000000000
4935 -972.0000000000
4938 -971.0000000000
4944 -970.0000000000
4952 -969.0000000000
4953 -968.0000000000
4966 -967.0000000000
4976 -966.0000000000
4991 -965.0000000000
4995 -964.0000000000
5028 -963.0000000000
5030 -962.0000000000
5044 -961.0000000000
5060 -959.0000000000
5079 -958.0000000000
5083 -957.0000000000
5086 -956.0000000000
5119 -955.0000000000
5121 -954.0000000000
5129 -953.0000000000
5131 -952.0000000000
5150 -951.0000000000
5151 -950.0000000000
5155 -949.0000000000
5180 -948.0000000000
5188 -947.0000000000
5189 -946.0000000000
5191 -945.0000000000
5204 -944.0000000000
5213 -943.0000000000
5230 -942.0000000000
5250 -941.0000000000
5258 -940.0000000000
5266 -939.0000000000
5269 -938.0000000000
5280 -937.0000000000
5287 -936.0000000000
5295 -934.0000000000
5313 -933.0000000000
5314 -932.0000000000
5325 -931.0000000000
5334 -930.0000000000
5337 -928.0000000000
5344 -927.0000000000
5348 -924.0000000000
5354 -922.0000000000
5357 -921.0000000000
5361 -920.0000000000
5363 -919.0000000000
5368 -918.0000000000
5371 -917.0000000000
5374 -916.0000000000
5376 -915.0000000000
5405 -914.0000000000
5408 -913.0000000000
5414 -911.0000000000
5445 -910.0000000000
5459 -909.0000000000
5465 -908.0000000000
5485 -907.0000000000
5498 -906.0000000000
5508 -905.0000000000
5516 -904.0000000000
5524 -903.0000000000
5526 -902.0000000000
5528 -901.0000000000
5538 -900.0000000000
5546 -899.0000000000
5554 -898.0000000000
5582 -897.0000000000
5597 -895.0000000000
5610 -894.0000000000
5634 -893.0000000000
5660 -892.0000000000
5671 -891.0000000000
5681 -890.0000000000
5702 -889.0000000000
5724 -888.0000000000
5759 -887.0000000000
5766 -886.0000000000
5777 -885.0000000000
5800 -884.0000000000
5807 -883.0000000000
5810 -882.0000000000
5812 -881.0000000000
5814 -880.0000000000
5823 -879.0000000000
5835 -878.0000000000
5836 -877.0000000000
5851 -875.0000000000
5853 -873.0000000000
5860 -872.0000000000
5861 -871.0000000000
5864 -870.0000000000
5874 -869.0000000000
5876 -867.0000000000
5881 -865.0000000000
5885 -864.0000000000
5890 -863.0000000000
5893 -862.0000000000
5900 -861.0000000000
5904 -860.0000000000
5915 -859.0000000000
5923 -858.0000000000
5932 -857.0000000000
5959 -856.0000000000
5960 -855.0000000000
5963 -853.0000000000
5970 -852.0000000000
5974 -851.0000000000
5988 -849.0000000000
6006 -848.0000000000
6009 -847.0000000000
6017 -846.0000000000
6031 -845.0000000000
6035 -844.0000000000
6036 -843.0000000000
6059 -842.0000000000
6072 -841.0000000000
6078 -840.0000000000
6128 -838.0000000000
6154 -837.0000000000
6178 -836.0000000000
6183 -835.0000000000
6194 -834.0000000000
6212 -833.0000000000
6221 -832.0000000000
6225 -831.0000000000
6226 -830.0000000000
6233 -829.0000000000
6237 -828.0000000000
6246 -827.0000000000
6272 -825.0000000000
6280 -824.0000000000
6309 -823.0000000000
6313 -822.0000000000
6323 -821.0000000000
6331 -820.0000000000
6334 -819.0000000000
6335 -818.0000000000
6345 -817.0000000000
6352 -816.0000000000
6362 -815.0000000000
6406 -814.0000000000
6432 -813.0000000000
6436 -812.0000000000
6439 -811.0000000000
6446 -810.0000000000
6464 -809.0000000000
6468 -807.0000000000
6480 -806.0000000000
6501 -804.0000000000
6506 -803.0000000000
6511 -802.0000000000
6513 -801.0000000000
6529 -799.0000000000
6532 -797.0000000000
6542 -796.0000000000
6544 -795.0000000000
6556 -794.0000000000
6561 -793.0000000000
6564 -792.0000000000
6568 -791.0000000000
6574 -790.0000000000
6587 -789.0000000000
6599 -787.0000000000
6600 -786.0000000000
6609 -785.0000000000
6612 -784.0000000000
6643 -783.0000000000
6650 -782.0000000000
6672 -781.0000000000
6673 -780.0000000000
6678 -779.0000000000
6706 -778.0000000000
6716 -777.0000000000
6728 -775.0000000000
6768 -774.0000000000
6773 -773.0000000000
6781 -770.0000000000
6790 -769.0000000000
6793 -767.0000000000
6805 -765.0000000000
6806 -764.0000000000
6835 -763.0000000000
6853 -761.0000000000
6857 -760.0000000000
6864 -759.0000000000
6868 -758.0000000000
6909 -757.0000000000
6919 -756.0000000000
6920 -755.0000000000
6923 -754.0000000000
6925 -752.0000000000
6930 -751.0000000000
6936 -750.0000000000
6950 -749.0000000000
6954 -748.0000000000
6990 -747.0000000000
6991 -746.0000000000
6994 -745.0000000000
6999 -744.0000000000
7035 -742.0000000000
7041 -741.0000000000
7046 -739.0000000000
7052 -738.0000000000
7084 -737.0000000000
7101 -736.0000000000
7109 -735.0000000000
7115 -732.0000000000
7150 -731.0000000000
7151 -730.0000000000
7167 -729.0000000000
7168 -727.0000000000
7172 -726.0000000000
7187 -725.0000000000
7188 -724.0000000000
7194 -723.0000000000
7198 -722.0000000000
7231 -721.0000000000
7238 -720.0000000000
7264 -719.0000000000
7268 -718.0000000000
7271 -717.0000000000
7276 -716.0000000000
7277 -715.0000000000
7281 -714.0000000000
7282 -713.0000000000
7306 -712.0000000000
7311 -711.0000000000
7312 -710.0000000000
7318 -709.0000000000
7320 -708.0000000000
7328 -707.0000000000
7331 -706.0000000000
7350 -705.0000000000
7416 -704.0000000000
7459 -703.0000000000
7467 -702.0000000000
7492 -701.0000000000
7495 -700.0000000000
7511 -699.0000000000
7517 -698.0000000000
7530 -697.0000000000
7535 -696.0000000000
7538 -695.0000000000
7549 -694.0000000000
7567 -693.0000000000
7589 -692.0000000000
7627 -691.0000000000
7630 -689.0000000000
7635 -688.0000000000
7645 -687.0000000000
7650 -686.0000000000
7660 -685.0000000000
7667 -684.0000000000
7669 -683.0000000000
7683 -681.0000000000
7692 -680.0000000000
7700 -679.0000000000
7727 -678.0000000000
7729 -677.0000000000
7738 -676.0000000000
7752 -675.0000000000
7756 -674.0000000000
7767 -673.0000000000
7813 -672.0000000000
7878 -671.0000000000
7883 -670.0000000000
7928 -669.0000000000
7947 -668.0000000000
7973 -667.0000000000
7981 -666.0000000000
7991 -665.0000000000
8001 -664.0000000000
8008 -663.0000000000
8010 -662.0000000000
8011 -661.0000000000
8015 -660.0000000000
8046 -658.0000000000
8050 -657.0000000000
8051 -656.0000000000
8117 -655.0000000000
8123 -654.0000000000
8129 -653.0000000000
8147 -652.0000000000
8159 -651.0000000000
8172 -650.0000000000
8199 -649.0000000000
8203 -648.0000000000
8204 -647.0000000000
8206 -646.0000000000
8230 -644.0000000000
8291 -643.0000000000
8309 -642.0000000000
8323 -641.0000000000
8327 -640.0000000000
8352 -639.0000000000
8357 -638.0000000000
8361 -637.0000000000
8377 -636.0000000000
8395 -635.0000000000
8435 -634.0000000000
8438 -633.0000000000
8441 -632.0000000000
8461 -631.0000000000
8471 -630.0000000000
8478 -629.0000000000
8490 -628.0000000000
8499 -627.0000000000
8517 -626.0000000000
8547 -625.0000000000
8553 -624.0000000000
8556 -623.0000000000
8571 -622.0000000000
8579 -621.0000000000
8592 -620.0000000000
8600 -619.0000000000
8611 -618.0000000000
8615 -617.0000000000
8619 -616.0000000000
8621 -615.0000000000
8634 -614.0000000000
8672 -612.0000000000
8680 -611.0000000000
8732 -610.0000000000
8744 -609.0000000000
8751 -608.0000000000
8758 -607.0000000000
8768 -606.0000000000
8794 -605.0000000000
8801 -604.0000000000
8827 -603.0000000000
8832 -602.0000000000
8836 -601.0000000000
8848 -600.0000000000
8850 -599.0000000000
8889 -598.0000000000
8923 -597.0000000000
8942 -596.0000000000
8954 -595.0000000000
8979 -594.0000000000
9003 -593.0000000000
9004 -592.0000000000
9017 -591.0000000000
9035 -590.0000000000
9117 -589.0000000000
9134 -588.0000000000
9160 -587.0000000000
9179 -586.0000000000
9200 -585.0000000000
9212 -583.0000000000
9229 -582.0000000000
9252 -581.0000000000
9256 -580.0000000000
9265 -579.0000000000
9271 -578.0000000000
9288 -576.0000000000
9319 -575.0000000000
9322 -574.0000000000
9326 -573.0000000000
9336 -572.0000000000
9349 -571.0000000000
9358 -570.0000000000
9372 -569.0000000000
9376 -568.0000000000
9396 -567.0000000000
9438 -566.0000000000
9471 -565.0000000000
9474 -563.0000000000
9490 -562.0000000000
9528 -561.0000000000
9531 -560.0000000000
9542 -559.0000000000
9546 -558.0000000000
9563 -557.0000000000
9570 -556.0000000000
9602 -555.0000000000
9645 -554.0000000000
9667 -553.0000000000
9686 -552.0000000000
9691 -550.0000000000
9695 -549.0000000000
9710 -548.0000000000
9719 -547.0000000000
9766 -546.0000000000
9864 -544.0000000000
9867 -543.0000000000
9889 -542.0000000000
9892 -541.0000000000
9899 -540.0000000000
9905 -539.0000000000
9930 -538.0000000000
9963 -537.0000000000
9968 -536.0000000000
10000 -537.0000000000
