evaluations raw_y
1 -233.0000000000
2 -226.0000000000
3 -211.0000000000
4 -201.0000000000
13 -194.0000000000
22 -189.0000000000
85 -188.0000000000
121 -187.0000000000
125 -186.0000000000
180 -185.0000000000
186 -184.0000000000
311 -182.0000000000
395 -181.0000000000
442 -180.0000000000
481 -179.0000000000
496 -178.0000000000
524 -177.0000000000
586 -176.0000000000
603 -175.0000000000
625 -174.0000000000
704 -173.0000000000
711 -171.0000000000
859 -170.0000000000
897 -169.0000000000
961 -168.0000000000
986 -167.0000000000
1048 -166.0000000000
1056 -165.0000000000
1094 -164.0000000000
1131 -163.0000000000
1183 -162.0000000000
1268 -161.0000000000
1287 -160.0000000000
1360 -159.0000000000
1396 -158.0000000000
1423 -157.0000000000
1456 -155.0000000000
1514 -154.0000000000
1572 -153.0000000000
1656 -152.0000000000
1775 -151.0000000000
1797 -150.0000000000
1849 -149.0000000000
1878 -148.0000000000
1917 -147.0000000000
2043 -146.0000000000
2086 -145.0000000000
2117 -144.0000000000
2184 -143.0000000000
2191 -141.0000000000
2315 -140.0000000000
2330 -139.0000000000
2430 -138.0000000000
2433 -137.0000000000
2498 -136.0000000000
2612 -135.0000000000
2615 -134.0000000000
2648 -133.0000000000
2663 -132.0000000000
2859 -131.0000000000
2930 -130.0000000000
3038 -129.0000000000
3086 -128.0000000000
3179 -127.0000000000
3216 -126.0000000000
3240 -123.0000000000
3284 -122.0000000000
3294 -121.0000000000
3383 -120.0000000000
3510 -119.0000000000
3511 -118.0000000000
3550 -117.0000000000
3607 -116.0000000000
3654 -115.0000000000
3685 -114.0000000000
3718 -113.0000000000
3779 -112.0000000000
3948 -111.0000000000
3991 -110.0000000000
4039 -109.0000000000
4121 -108.0000000000
4183 -107.0000000000
4271 -106.0000000000
4398 -105.0000000000
4417 -104.0000000000
4473 -103.0000000000
4488 -102.0000000000
4599 -101.0000000000
4626 -100.0000000000
4706 -99.0000000000
4755 -98.0000000000
4839 -97.0000000000
4880 -96.0000000000
4935 -95.0000000000
5071 -94.0000000000
5253 -93.0000000000
5286 -91.0000000000
5361 -90.0000000000
5457 -89.0000000000
5590 -88.0000000000
5617 -87.0000000000
5618 -86.0000000000
5781 -85.0000000000
5793 -84.0000000000
5942 -83.0000000000
6090 -82.0000000000
6170 -81.0000000000
6286 -80.0000000000
6377 -79.0000000000
6488 -78.0000000000
6615 -77.0000000000
6627 -76.0000000000
6790 -75.0000000000
6795 -74.0000000000
6968 -73.0000000000
7097 -72.0000000000
7104 -71.0000000000
7280 -70.0000000000
7338 -69.0000000000
7388 -68.0000000000
7517 -67.0000000000
7619 -66.0000000000
7699 -65.0000000000
7751 -64.0000000000
8080 -63.0000000000
8192 -62.0000000000
8238 -61.0000000000
8325 -60.0000000000
8379 -59.0000000000
8648 -58.0000000000
8660 -57.0000000000
8891 -56.0000000000
8901 -55.0000000000
9076 -54.0000000000
9100 -53.0000000000
9157 -52.0000000000
9379 -51.0000000000
9593 -50.0000000000
9742 -49.0000000000
9929 -48.0000000000
10201 -47.0000000000
10267 -46.0000000000
10516 -45.0000000000
10555 -44.0000000000
10678 -43.0000000000
10842 -42.0000000000
11106 -41.0000000000
11400 -39.0000000000
11575 -38.0000000000
11611 -37.0000000000
11961 -36.0000000000
12246 -35.0000000000
12379 -34.0000000000
12492 -33.0000000000
12506 -32.0000000000
12864 -31.0000000000
12973 -30.0000000000
13205 -29.0000000000
13361 -28.0000000000
13860 -27.0000000000
14003 -26.0000000000
14226 -25.0000000000
14677 -24.0000000000
14961 -23.0000000000
15250 -22.0000000000
15627 -21.0000000000
15712 -20.0000000000
16217 -19.0000000000
16612 -18.0000000000
16895 -17.0000000000
17200 -16.0000000000
17323 -15.0000000000
18133 -14.0000000000
18312 -13.0000000000
18937 -12.0000000000
19098 -10.0000000000
19620 -9.0000000000
20166 -8.0000000000
20225 -7.0000000000
20272 -6.0000000000
21104 -5.0000000000
21532 -4.0000000000
22269 -3.0000000000
22477 -2.0000000000
23267 -1.0000000000
23384 376.0000000000
23412 378.0000000000
24064 385.0000000000
24503 388.0000000000
24694 393.0000000000
24724 395.0000000000
24739 402.0000000000
26483 405.0000000000
29187 406.0000000000
29576 409.0000000000
30093 412.0000000000
33344 413.0000000000
33690 414.0000000000
33700 419.0000000000
35163 421.0000000000
37045 423.0000000000
41661 425.0000000000
50818 426.0000000000
100000 -2.0000000000
evaluations raw_y
1 -201.0000000000
5 -200.0000000000
26 -194.0000000000
108 -192.0000000000
302 -191.0000000000
331 -190.0000000000
375 -189.0000000000
388 -188.0000000000
462 -187.0000000000
476 -186.0000000000
483 -185.0000000000
512 -184.0000000000
603 -181.0000000000
668 -179.0000000000
792 -178.0000000000
927 -177.0000000000
970 -175.0000000000
992 -174.0000000000
1081 -173.0000000000
1099 -172.0000000000
1170 -171.0000000000
1174 -170.0000000000
1247 -169.0000000000
1294 -168.0000000000
1364 -167.0000000000
1381 -166.0000000000
1418 -165.0000000000
1471 -163.0000000000
1503 -162.0000000000
1537 -161.0000000000
1595 -160.0000000000
1659 -159.0000000000
1727 -158.0000000000
1731 -157.0000000000
1806 -156.0000000000
1885 -155.0000000000
1915 -154.0000000000
2004 -153.0000000000
2103 -152.0000000000
2124 -151.0000000000
2183 -150.0000000000
2249 -149.0000000000
2303 -148.0000000000
2346 -147.0000000000
2438 -145.0000000000
2490 -144.0000000000
2515 -143.0000000000
2657 -142.0000000000
2713 -141.0000000000
2731 -140.0000000000
2736 -139.0000000000
2749 -138.0000000000
2764 -136.0000000000
2776 -135.0000000000
2839 -134.0000000000
2862 -133.0000000000
2896 -132.0000000000
3069 -131.0000000000
3124 -130.0000000000
3127 -129.0000000000
3236 -128.0000000000
3291 -127.0000000000
3448 -126.0000000000
3482 -125.0000000000
3532 -124.0000000000
3664 -123.0000000000
3732 -122.0000000000
3782 -121.0000000000
3850 -120.0000000000
3856 -119.0000000000
3999 -118.0000000000
4008 -117.0000000000
4128 -116.0000000000
4151 -115.0000000000
4231 -114.0000000000
4336 -113.0000000000
4495 -112.0000000000
4547 -111.0000000000
4573 -109.0000000000
4717 -108.0000000000
4729 -107.0000000000
4873 -106.0000000000
4936 -105.0000000000
4948 -104.0000000000
5112 -103.0000000000
5126 -102.0000000000
5268 -101.0000000000
5315 -100.0000000000
5344 -99.0000000000
5426 -98.0000000000
5513 -97.0000000000
5628 -96.0000000000
5790 -95.0000000000
5874 -94.0000000000
5900 -93.0000000000
5945 -92.0000000000
6148 -91.0000000000
6221 -90.0000000000
6292 -89.0000000000
6436 -88.0000000000
6563 -87.0000000000
6581 -86.0000000000
6664 -85.0000000000
6762 -84.0000000000
6825 -83.0000000000
6891 -82.0000000000
7139 -81.0000000000
7201 -80.0000000000
7424 -79.0000000000
7595 -78.0000000000
7651 -77.0000000000
7731 -76.0000000000
7889 -75.0000000000
8001 -74.0000000000
8178 -73.0000000000
8281 -72.0000000000
8294 -71.0000000000
8388 -70.0000000000
8424 -68.0000000000
8702 -67.0000000000
8829 -66.0000000000
9082 -65.0000000000
9189 -64.0000000000
9249 -63.0000000000
9278 -62.0000000000
9515 -61.0000000000
9671 -60.0000000000
9690 -59.0000000000
9868 -58.0000000000
9990 -57.0000000000
10057 -56.0000000000
10199 -55.0000000000
10214 -54.0000000000
10288 -52.0000000000
10319 -51.0000000000
10361 -50.0000000000
10561 -49.0000000000
10821 -48.0000000000
11094 -47.0000000000
11266 -46.0000000000
11341 -45.0000000000
11482 -43.0000000000
11519 -42.0000000000
11611 -41.0000000000
11799 -39.0000000000
11997 -38.0000000000
12138 -37.0000000000
12152 -36.0000000000
12415 -35.0000000000
12735 -34.0000000000
12963 -33.0000000000
13168 -32.0000000000
13288 -31.0000000000
13491 -30.0000000000
13648 -29.0000000000
13713 -28.0000000000
14097 -27.0000000000
14309 -26.0000000000
14390 -25.0000000000
15027 -23.0000000000
15298 -22.0000000000
15608 -21.0000000000
15977 -20.0000000000
16249 -19.0000000000
16772 -18.0000000000
16881 -17.0000000000
17143 -16.0000000000
17518 -15.0000000000
17906 -14.0000000000
18121 -13.0000000000
18649 -12.0000000000
19049 -11.0000000000
19099 -10.0000000000
19394 -9.0000000000
19754 -8.0000000000
20160 -7.0000000000
20285 -6.0000000000
20771 -5.0000000000
21403 -4.0000000000
22007 -3.0000000000
22919 -1.0000000000
23389 390.0000000000
23546 406.0000000000
34122 408.0000000000
34583 409.0000000000
43304 411.0000000000
62518 418.0000000000
62726 419.0000000000
64855 421.0000000000
66453 422.0000000000
100000 -1.0000000000
evaluations raw_y
1 -219.0000000000
2 -206.0000000000
4 -202.0000000000
15 -195.0000000000
25 -190.0000000000
68 -189.0000000000
149 -188.0000000000
258 -187.0000000000
321 -186.0000000000
363 -185.0000000000
384 -184.0000000000
406 -182.0000000000
486 -181.0000000000
505 -180.0000000000
510 -179.0000000000
516 -178.0000000000
577 -177.0000000000
678 -176.0000000000
717 -174.0000000000
773 -173.0000000000
822 -172.0000000000
882 -171.0000000000
928 -170.0000000000
973 -169.0000000000
1010 -168.0000000000
1064 -167.0000000000
1085 -166.0000000000
1154 -164.0000000000
1165 -163.0000000000
1254 -161.0000000000
1283 -160.0000000000
1314 -159.0000000000
1407 -158.0000000000
1452 -157.0000000000
1461 -156.0000000000
1493 -155.0000000000
1571 -154.0000000000
1613 -152.0000000000
1694 -151.0000000000
1752 -150.0000000000
1767 -149.0000000000
1814 -148.0000000000
1880 -147.0000000000
1885 -146.0000000000
1948 -145.0000000000
2001 -144.0000000000
2076 -143.0000000000
2169 -141.0000000000
2217 -139.0000000000
2312 -138.0000000000
2400 -137.0000000000
2437 -136.0000000000
2488 -135.0000000000
2564 -134.0000000000
2593 -133.0000000000
2599 -132.0000000000
2609 -131.0000000000
2676 -130.0000000000
2762 -129.0000000000
2815 -128.0000000000
2938 -127.0000000000
2954 -126.0000000000
3010 -125.0000000000
3085 -124.0000000000
3107 -123.0000000000
3143 -122.0000000000
3208 -121.0000000000
3336 -120.0000000000
3386 -119.0000000000
3450 -117.0000000000
3481 -116.0000000000
3485 -115.0000000000
3575 -114.0000000000
3651 -113.0000000000
3659 -112.0000000000
3721 -111.0000000000
3768 -110.0000000000
3777 -109.0000000000
3798 -108.0000000000
3965 -107.0000000000
4014 -106.0000000000
4070 -105.0000000000
4107 -104.0000000000
4248 -103.0000000000
4274 -102.0000000000
4353 -101.0000000000
4511 -100.0000000000
4631 -99.0000000000
4715 -98.0000000000
4805 -97.0000000000
4913 -96.0000000000
4961 -95.0000000000
5033 -94.0000000000
5042 -93.0000000000
5169 -92.0000000000
5272 -91.0000000000
5401 -90.0000000000
5464 -89.0000000000
5587 -88.0000000000
5692 -87.0000000000
5788 -86.0000000000
5827 -85.0000000000
5963 -84.0000000000
6027 -83.0000000000
6141 -82.0000000000
6269 -81.0000000000
6433 -80.0000000000
6498 -79.0000000000
6522 -78.0000000000
6569 -77.0000000000
6582 -76.0000000000
6654 -74.0000000000
6682 -73.0000000000
7012 -72.0000000000
7014 -71.0000000000
7126 -70.0000000000
7150 -68.0000000000
7263 -67.0000000000
7422 -66.0000000000
7482 -65.0000000000
7599 -64.0000000000
7843 -63.0000000000
7923 -62.0000000000
7926 -61.0000000000
7954 -60.0000000000
8078 -59.0000000000
8359 -58.0000000000
8402 -57.0000000000
8498 -56.0000000000
8822 -55.0000000000
8950 -54.0000000000
9102 -53.0000000000
9166 -52.0000000000
9176 -51.0000000000
9502 -50.0000000000
9634 -49.0000000000
9905 -48.0000000000
9949 -47.0000000000
10119 -45.0000000000
10357 -44.0000000000
10678 -43.0000000000
10805 -42.0000000000
10832 -41.0000000000
11022 -40.0000000000
11356 -39.0000000000
11473 -38.0000000000
11478 -37.0000000000
11721 -36.0000000000
11761 -35.0000000000
11848 -34.0000000000
12027 -33.0000000000
12247 -32.0000000000
12357 -31.0000000000
12750 -30.0000000000
12915 -29.0000000000
13178 -28.0000000000
13624 -27.0000000000
13999 -26.0000000000
14327 -25.0000000000
14374 -24.0000000000
14696 -23.0000000000
14826 -22.0000000000
15169 -21.0000000000
15555 -20.0000000000
15839 -19.0000000000
16193 -18.0000000000
16706 -17.0000000000
17144 -16.0000000000
17396 -15.0000000000
17791 -14.0000000000
17864 -13.0000000000
18183 -12.0000000000
18931 -11.0000000000
19045 -10.0000000000
19931 -9.0000000000
20023 -8.0000000000
20420 -7.0000000000
20630 -6.0000000000
21154 -5.0000000000
22215 -4.0000000000
22771 -3.0000000000
23469 -2.0000000000
24525 -1.0000000000
24673 385.0000000000
25789 401.0000000000
26376 402.0000000000
26550 406.0000000000
26631 407.0000000000
26745 410.0000000000
28782 411.0000000000
28993 412.0000000000
29195 413.0000000000
29298 414.0000000000
30455 417.0000000000
30529 418.0000000000
30955 419.0000000000
32990 421.0000000000
35974 422.0000000000
39544 423.0000000000
48519 424.0000000000
85747 425.0000000000
98180 426.0000000000
100000 400.0000000000
evaluations raw_y
1 -217.0000000000
5 -210.0000000000
6 -207.0000000000
10 -201.0000000000
20 -199.0000000000
32 -196.0000000000
43 -191.0000000000
86 -190.0000000000
161 -189.0000000000
209 -188.0000000000
213 -187.0000000000
222 -186.0000000000
271 -185.0000000000
298 -183.0000000000
354 -182.0000000000
367 -181.0000000000
413 -180.0000000000
453 -179.0000000000
468 -178.0000000000
512 -177.0000000000
561 -176.0000000000
609 -175.0000000000
635 -172.0000000000
645 -171.0000000000
753 -170.0000000000
756 -168.0000000000
778 -167.0000000000
925 -166.0000000000
954 -165.0000000000
1014 -164.0000000000
1018 -163.0000000000
1020 -162.0000000000
1030 -161.0000000000
1049 -160.0000000000
1217 -159.0000000000
1261 -158.0000000000
1331 -157.0000000000
1354 -156.0000000000
1405 -155.0000000000
1503 -154.0000000000
1518 -153.0000000000
1549 -152.0000000000
1654 -151.0000000000
1671 -150.0000000000
1706 -149.0000000000
1761 -148.0000000000
1842 -146.0000000000
1905 -145.0000000000
1924 -144.0000000000
1956 -143.0000000000
1985 -142.0000000000
2026 -141.0000000000
2114 -140.0000000000
2210 -139.0000000000
2227 -137.0000000000
2365 -136.0000000000
2407 -135.0000000000
2457 -134.0000000000
2542 -133.0000000000
2585 -132.0000000000
2677 -131.0000000000
2713 -130.0000000000
2744 -129.0000000000
2820 -128.0000000000
2877 -127.0000000000
2892 -125.0000000000
2987 -124.0000000000
3054 -123.0000000000
3176 -121.0000000000
3299 -120.0000000000
3355 -119.0000000000
3356 -118.0000000000
3371 -117.0000000000
3454 -116.0000000000
3546 -115.0000000000
3689 -114.0000000000
3705 -113.0000000000
3795 -112.0000000000
3805 -111.0000000000
3883 -110.0000000000
3904 -108.0000000000
4051 -107.0000000000
4092 -106.0000000000
4196 -104.0000000000
4299 -103.0000000000
4317 -102.0000000000
4475 -101.0000000000
4579 -99.0000000000
4681 -98.0000000000
4731 -97.0000000000
4764 -96.0000000000
4893 -95.0000000000
4932 -94.0000000000
5091 -93.0000000000
5133 -92.0000000000
5273 -91.0000000000
5411 -90.0000000000
5505 -89.0000000000
5530 -88.0000000000
5738 -87.0000000000
5879 -86.0000000000
5917 -85.0000000000
5968 -84.0000000000
6119 -83.0000000000
6200 -82.0000000000
6274 -81.0000000000
6371 -80.0000000000
6390 -79.0000000000
6404 -78.0000000000
6634 -77.0000000000
6644 -76.0000000000
6654 -75.0000000000
6829 -74.0000000000
6866 -73.0000000000
6884 -72.0000000000
7030 -71.0000000000
7049 -70.0000000000
7172 -69.0000000000
7303 -68.0000000000
7404 -67.0000000000
7476 -66.0000000000
7644 -65.0000000000
7827 -64.0000000000
7843 -63.0000000000
7904 -62.0000000000
7919 -61.0000000000
8006 -60.0000000000
8195 -59.0000000000
8298 -58.0000000000
8388 -57.0000000000
8515 -56.0000000000
8584 -55.0000000000
8701 -54.0000000000
8915 -53.0000000000
9017 -52.0000000000
9028 -51.0000000000
9060 -50.0000000000
9323 -49.0000000000
9518 -48.0000000000
9647 -47.0000000000
9698 -46.0000000000
9838 -45.0000000000
10077 -44.0000000000
10486 -43.0000000000
10569 -42.0000000000
10727 -41.0000000000
10987 -40.0000000000
11215 -39.0000000000
11395 -38.0000000000
11399 -37.0000000000
11832 -36.0000000000
11960 -35.0000000000
12049 -34.0000000000
12363 -33.0000000000
12611 -32.0000000000
12901 -31.0000000000
12963 -30.0000000000
13190 -29.0000000000
13374 -28.0000000000
13666 -27.0000000000
13957 -26.0000000000
13968 -25.0000000000
14172 -24.0000000000
14288 -23.0000000000
14778 -22.0000000000
14867 -21.0000000000
15118 -20.0000000000
15282 -19.0000000000
15436 -18.0000000000
15579 -17.0000000000
15660 -16.0000000000
16190 -15.0000000000
16356 -14.0000000000
16785 -13.0000000000
16885 -12.0000000000
17413 -11.0000000000
18261 -10.0000000000
18657 -9.0000000000
18774 -8.0000000000
19128 -7.0000000000
19249 -6.0000000000
19450 -5.0000000000
20244 -4.0000000000
20557 -3.0000000000
21571 -2.0000000000
21900 -1.0000000000
22470 396.0000000000
23300 397.0000000000
23441 401.0000000000
23635 402.0000000000
24819 403.0000000000
24868 404.0000000000
25269 405.0000000000
29933 414.0000000000
36500 416.0000000000
40840 417.0000000000
61953 418.0000000000
65071 419.0000000000
67417 423.0000000000
87397 425.0000000000
91919 426.0000000000
98831 427.0000000000
100000 -1.0000000000
evaluations raw_y
1 -205.0000000000
2 -199.0000000000
4 -197.0000000000
9 -194.0000000000
95 -193.0000000000
114 -192.0000000000
158 -191.0000000000
183 -190.0000000000
262 -189.0000000000
283 -188.0000000000
379 -186.0000000000
400 -185.0000000000
489 -184.0000000000
532 -183.0000000000
593 -182.0000000000
640 -181.0000000000
690 -180.0000000000
735 -179.0000000000
817 -178.0000000000
819 -177.0000000000
866 -176.0000000000
917 -174.0000000000
1050 -173.0000000000
1092 -172.0000000000
1121 -171.0000000000
1197 -170.0000000000
1247 -169.0000000000
1313 -167.0000000000
1349 -166.0000000000
1393 -165.0000000000
1467 -164.0000000000
1524 -163.0000000000
1568 -162.0000000000
1617 -161.0000000000
1655 -160.0000000000
1694 -159.0000000000
1794 -158.0000000000
1844 -157.0000000000
1924 -156.0000000000
1941 -155.0000000000
1970 -154.0000000000
2000 -153.0000000000
2009 -152.0000000000
2077 -151.0000000000
2103 -150.0000000000
2166 -149.0000000000
2197 -147.0000000000
2341 -146.0000000000
2397 -145.0000000000
2567 -144.0000000000
2648 -143.0000000000
2657 -141.0000000000
2704 -140.0000000000
2779 -139.0000000000
2869 -138.0000000000
2897 -137.0000000000
2915 -136.0000000000
3009 -135.0000000000
3066 -134.0000000000
3132 -131.0000000000
3281 -130.0000000000
3304 -128.0000000000
3389 -127.0000000000
3425 -126.0000000000
3487 -125.0000000000
3528 -124.0000000000
3580 -123.0000000000
3627 -121.0000000000
3661 -120.0000000000
3720 -119.0000000000
3823 -118.0000000000
3920 -117.0000000000
4001 -116.0000000000
4011 -115.0000000000
4098 -114.0000000000
4161 -113.0000000000
4184 -112.0000000000
4245 -111.0000000000
4290 -110.0000000000
4442 -109.0000000000
4533 -108.0000000000
4607 -107.0000000000
4658 -106.0000000000
4794 -105.0000000000
4797 -104.0000000000
4824 -103.0000000000
4954 -102.0000000000
5082 -101.0000000000
5146 -100.0000000000
5212 -99.0000000000
5259 -98.0000000000
5296 -97.0000000000
5316 -95.0000000000
5384 -94.0000000000
5448 -93.0000000000
5636 -92.0000000000
5730 -91.0000000000
5761 -90.0000000000
5804 -89.0000000000
5941 -88.0000000000
5994 -87.0000000000
6094 -86.0000000000
6163 -85.0000000000
6215 -84.0000000000
6291 -83.0000000000
6301 -82.0000000000
6519 -81.0000000000
6533 -80.0000000000
6627 -79.0000000000
6689 -78.0000000000
6754 -77.0000000000
6842 -76.0000000000
6992 -75.0000000000
6998 -74.0000000000
7128 -73.0000000000
7306 -72.0000000000
7340 -71.0000000000
7349 -70.0000000000
7395 -69.0000000000
7536 -68.0000000000
7591 -67.0000000000
7712 -66.0000000000
8033 -65.0000000000
8111 -64.0000000000
8148 -63.0000000000
8200 -62.0000000000
8289 -61.0000000000
8322 -60.0000000000
8339 -59.0000000000
8597 -58.0000000000
8693 -57.0000000000
8737 -56.0000000000
8747 -55.0000000000
8964 -54.0000000000
8985 -53.0000000000
9193 -52.0000000000
9397 -51.0000000000
9630 -50.0000000000
9682 -49.0000000000
9874 -48.0000000000
9932 -46.0000000000
10159 -45.0000000000
10407 -44.0000000000
10520 -42.0000000000
10609 -41.0000000000
10789 -40.0000000000
11040 -39.0000000000
11044 -38.0000000000
11271 -37.0000000000
11289 -36.0000000000
11582 -35.0000000000
11928 -34.0000000000
12020 -33.0000000000
12128 -32.0000000000
12292 -31.0000000000
12388 -30.0000000000
12610 -29.0000000000
12834 -28.0000000000
12855 -27.0000000000
12925 -26.0000000000
13347 -25.0000000000
13483 -24.0000000000
13636 -23.0000000000
13715 -22.0000000000
14099 -21.0000000000
14106 -20.0000000000
14471 -19.0000000000
14780 -18.0000000000
15053 -17.0000000000
15158 -16.0000000000
15753 -15.0000000000
16326 -14.0000000000
16735 -13.0000000000
16903 -12.0000000000
17257 -11.0000000000
17954 -10.0000000000
18149 -9.0000000000
18613 -8.0000000000
19036 -7.0000000000
19255 -6.0000000000
19307 -5.0000000000
19653 -4.0000000000
19857 -3.0000000000
20888 -2.0000000000
21455 -1.0000000000
21872 382.0000000000
22458 386.0000000000
22563 391.0000000000
22695 396.0000000000
22951 404.0000000000
23337 405.0000000000
23575 406.0000000000
23590 407.0000000000
23725 409.0000000000
24040 410.0000000000
24671 411.0000000000
25712 412.0000000000
25765 414.0000000000
26152 420.0000000000
35210 421.0000000000
35895 422.0000000000
42778 423.0000000000
62601 425.0000000000
73855 426.0000000000
73871 427.0000000000
76401 428.0000000000
81132 429.0000000000
81150 431.0000000000
100000 -1.0000000000
evaluations raw_y
1 -229.0000000000
2 -217.0000000000
3 -202.0000000000
5 -193.0000000000
131 -192.0000000000
181 -191.0000000000
221 -188.0000000000
296 -187.0000000000
311 -186.0000000000
340 -185.0000000000
405 -184.0000000000
435 -183.0000000000
497 -182.0000000000
512 -181.0000000000
600 -180.0000000000
622 -179.0000000000
648 -178.0000000000
735 -177.0000000000
798 -176.0000000000
855 -175.0000000000
894 -174.0000000000
899 -173.0000000000
920 -172.0000000000
988 -171.0000000000
1023 -170.0000000000
1035 -169.0000000000
1085 -168.0000000000
1139 -167.0000000000
1167 -166.0000000000
1174 -165.0000000000
1227 -164.0000000000
1288 -163.0000000000
1334 -162.0000000000
1388 -160.0000000000
1399 -159.0000000000
1418 -158.0000000000
1472 -157.0000000000
1503 -156.0000000000
1560 -155.0000000000
1658 -154.0000000000
1749 -153.0000000000
1752 -152.0000000000
1813 -151.0000000000
1893 -150.0000000000
1919 -149.0000000000
1942 -148.0000000000
1961 -147.0000000000
1966 -146.0000000000
2035 -145.0000000000
2045 -144.0000000000
2075 -143.0000000000
2088 -142.0000000000
2180 -141.0000000000
2246 -140.0000000000
2259 -139.0000000000
2315 -138.0000000000
2379 -136.0000000000
2437 -135.0000000000
2448 -134.0000000000
2527 -133.0000000000
2598 -132.0000000000
2676 -131.0000000000
2761 -130.0000000000
2840 -128.0000000000
2930 -127.0000000000
3008 -126.0000000000
3089 -125.0000000000
3170 -124.0000000000
3245 -123.0000000000
3275 -122.0000000000
3348 -121.0000000000
3440 -119.0000000000
3508 -118.0000000000
3560 -117.0000000000
3636 -115.0000000000
3755 -114.0000000000
3795 -112.0000000000
3848 -111.0000000000
3853 -110.0000000000
3940 -109.0000000000
3958 -108.0000000000
4017 -107.0000000000
4054 -106.0000000000
4203 -105.0000000000
4308 -104.0000000000
4340 -102.0000000000
4506 -101.0000000000
4599 -100.0000000000
4705 -99.0000000000
4752 -98.0000000000
4757 -97.0000000000
4824 -96.0000000000
4985 -95.0000000000
5065 -93.0000000000
5188 -92.0000000000
5280 -91.0000000000
5325 -90.0000000000
5336 -89.0000000000
5540 -88.0000000000
5571 -87.0000000000
5664 -86.0000000000
5673 -85.0000000000
5853 -84.0000000000
5975 -83.0000000000
6048 -82.0000000000
6050 -81.0000000000
6090 -80.0000000000
6266 -79.0000000000
6342 -78.0000000000
6471 -77.0000000000
6606 -76.0000000000
6654 -75.0000000000
6690 -74.0000000000
6883 -73.0000000000
6941 -72.0000000000
7087 -71.0000000000
7251 -70.0000000000
7366 -69.0000000000
7409 -68.0000000000
7597 -67.0000000000
7612 -66.0000000000
7645 -65.0000000000
7839 -64.0000000000
7889 -63.0000000000
8146 -62.0000000000
8212 -60.0000000000
8255 -59.0000000000
8326 -58.0000000000
8575 -57.0000000000
8599 -56.0000000000
8775 -55.0000000000
9013 -54.0000000000
9116 -53.0000000000
9169 -52.0000000000
9328 -51.0000000000
9550 -50.0000000000
9628 -49.0000000000
9711 -48.0000000000
9805 -47.0000000000
9948 -46.0000000000
10040 -45.0000000000
10100 -44.0000000000
10375 -43.0000000000
10568 -42.0000000000
10740 -41.0000000000
10969 -40.0000000000
11027 -39.0000000000
11258 -38.0000000000
11530 -37.0000000000
11591 -36.0000000000
12008 -35.0000000000
12119 -34.0000000000
12230 -33.0000000000
12494 -32.0000000000
12741 -31.0000000000
12979 -30.0000000000
13070 -28.0000000000
13563 -27.0000000000
13742 -26.0000000000
13766 -25.0000000000
13767 -24.0000000000
13815 -23.0000000000
13886 -22.0000000000
13938 -21.0000000000
14290 -20.0000000000
14691 -19.0000000000
15200 -18.0000000000
15918 -17.0000000000
16114 -16.0000000000
16203 -15.0000000000
16563 -14.0000000000
16614 -13.0000000000
17076 -12.0000000000
17196 -11.0000000000
17688 -10.0000000000
18099 -9.0000000000
18197 -8.0000000000
18857 -7.0000000000
18878 -6.0000000000
18910 -5.0000000000
19021 -4.0000000000
19846 -3.0000000000
20342 -2.0000000000
21179 -1.0000000000
21841 373.0000000000
22488 378.0000000000
22623 380.0000000000
23018 393.0000000000
23658 401.0000000000
25745 409.0000000000
41113 411.0000000000
44719 412.0000000000
45298 417.0000000000
46119 420.0000000000
59524 422.0000000000
100000 -2.0000000000
evaluations raw_y
1 -225.0000000000
2 -210.0000000000
4 -205.0000000000
6 -182.0000000000
301 -181.0000000000
304 -178.0000000000
465 -177.0000000000
519 -176.0000000000
579 -175.0000000000
645 -174.0000000000
690 -173.0000000000
718 -172.0000000000
740 -171.0000000000
746 -170.0000000000
801 -169.0000000000
857 -167.0000000000
1002 -166.0000000000
1025 -165.0000000000
1110 -163.0000000000
1120 -160.0000000000
1277 -159.0000000000
1333 -158.0000000000
1370 -157.0000000000
1431 -156.0000000000
1462 -155.0000000000
1548 -154.0000000000
1605 -153.0000000000
1629 -152.0000000000
1664 -151.0000000000
1714 -150.0000000000
1764 -149.0000000000
1803 -148.0000000000
1835 -147.0000000000
1844 -146.0000000000
1846 -145.0000000000
1970 -144.0000000000
2023 -143.0000000000
2064 -142.0000000000
2154 -141.0000000000
2213 -140.0000000000
2241 -138.0000000000
2312 -137.0000000000
2321 -135.0000000000
2330 -134.0000000000
2346 -133.0000000000
2494 -132.0000000000
2515 -131.0000000000
2575 -130.0000000000
2592 -129.0000000000
2687 -127.0000000000
2843 -126.0000000000
2928 -125.0000000000
2992 -124.0000000000
3138 -123.0000000000
3164 -122.0000000000
3205 -121.0000000000
3255 -120.0000000000
3324 -119.0000000000
3390 -118.0000000000
3402 -117.0000000000
3489 -116.0000000000
3591 -115.0000000000
3611 -114.0000000000
3650 -113.0000000000
3713 -112.0000000000
3724 -111.0000000000
3876 -110.0000000000
3918 -109.0000000000
4077 -108.0000000000
4151 -107.0000000000
4244 -106.0000000000
4307 -105.0000000000
4310 -104.0000000000
4361 -103.0000000000
4419 -101.0000000000
4573 -100.0000000000
4653 -99.0000000000
4728 -98.0000000000
4837 -97.0000000000
4899 -96.0000000000
4931 -95.0000000000
4989 -94.0000000000
5021 -93.0000000000
5044 -92.0000000000
5167 -91.0000000000
5235 -89.0000000000
5303 -88.0000000000
5358 -87.0000000000
5382 -85.0000000000
5412 -84.0000000000
5582 -83.0000000000
5583 -82.0000000000
5705 -81.0000000000
5791 -80.0000000000
5920 -79.0000000000
6022 -78.0000000000
6231 -77.0000000000
6235 -76.0000000000
6328 -75.0000000000
6386 -74.0000000000
6585 -73.0000000000
6809 -72.0000000000
6864 -71.0000000000
7006 -70.0000000000
7190 -69.0000000000
7244 -68.0000000000
7442 -67.0000000000
7518 -66.0000000000
7599 -65.0000000000
7606 -64.0000000000
7651 -63.0000000000
7860 -62.0000000000
8040 -61.0000000000
8084 -60.0000000000
8204 -59.0000000000
8257 -58.0000000000
8433 -57.0000000000
8557 -56.0000000000
8703 -55.0000000000
8747 -54.0000000000
8985 -53.0000000000
9280 -52.0000000000
9423 -51.0000000000
9588 -50.0000000000
9748 -49.0000000000
9800 -48.0000000000
10054 -47.0000000000
10103 -46.0000000000
10335 -45.0000000000
10420 -44.0000000000
10741 -43.0000000000
10918 -42.0000000000
11097 -41.0000000000
11193 -40.0000000000
11252 -39.0000000000
11310 -38.0000000000
11480 -37.0000000000
11591 -36.0000000000
11605 -35.0000000000
11764 -34.0000000000
12236 -33.0000000000
12298 -32.0000000000
12622 -31.0000000000
12732 -30.0000000000
12905 -29.0000000000
13027 -28.0000000000
13246 -27.0000000000
13438 -26.0000000000
13775 -24.0000000000
14172 -23.0000000000
14401 -22.0000000000
14652 -21.0000000000
14822 -20.0000000000
14999 -19.0000000000
15150 -18.0000000000
15416 -17.0000000000
15623 -16.0000000000
16140 -15.0000000000
16549 -14.0000000000
16675 -13.0000000000
17197 -12.0000000000
17346 -11.0000000000
17768 -10.0000000000
18281 -9.0000000000
18653 -8.0000000000
18913 -7.0000000000
18930 -6.0000000000
19809 -5.0000000000
20197 -4.0000000000
21007 -3.0000000000
21279 -2.0000000000
22070 -1.0000000000
22511 372.0000000000
23678 379.0000000000
23689 392.0000000000
24954 406.0000000000
25227 407.0000000000
25263 408.0000000000
25829 413.0000000000
27772 424.0000000000
34331 425.0000000000
35771 426.0000000000
36957 429.0000000000
37631 430.0000000000
46160 433.0000000000
100000 -1.0000000000
evaluations raw_y
1 -223.0000000000
2 -209.0000000000
4 -206.0000000000
12 -188.0000000000
83 -187.0000000000
138 -186.0000000000
173 -185.0000000000
223 -184.0000000000
281 -183.0000000000
320 -182.0000000000
382 -179.0000000000
385 -178.0000000000
496 -177.0000000000
509 -176.0000000000
589 -175.0000000000
628 -174.0000000000
669 -173.0000000000
724 -172.0000000000
749 -171.0000000000
776 -170.0000000000
857 -169.0000000000
882 -168.0000000000
966 -167.0000000000
1011 -166.0000000000
1052 -165.0000000000
1078 -164.0000000000
1091 -163.0000000000
1197 -162.0000000000
1203 -161.0000000000
1245 -160.0000000000
1339 -158.0000000000
1394 -157.0000000000
1440 -156.0000000000
1525 -155.0000000000
1585 -154.0000000000
1687 -152.0000000000
1706 -151.0000000000
1759 -150.0000000000
1854 -149.0000000000
1874 -148.0000000000
1921 -146.0000000000
2027 -145.0000000000
2081 -144.0000000000
2191 -143.0000000000
2259 -141.0000000000
2331 -140.0000000000
2368 -138.0000000000
2419 -137.0000000000
2514 -136.0000000000
2651 -135.0000000000
2735 -134.0000000000
2746 -133.0000000000
2821 -132.0000000000
2843 -131.0000000000
2913 -130.0000000000
2992 -129.0000000000
3008 -128.0000000000
3124 -127.0000000000
3130 -126.0000000000
3231 -125.0000000000
3237 -124.0000000000
3355 -123.0000000000
3445 -122.0000000000
3501 -121.0000000000
3507 -120.0000000000
3603 -119.0000000000
3650 -118.0000000000
3659 -116.0000000000
3682 -115.0000000000
3829 -112.0000000000
4005 -111.0000000000
4026 -110.0000000000
4127 -109.0000000000
4227 -108.0000000000
4296 -107.0000000000
4385 -106.0000000000
4399 -105.0000000000
4423 -104.0000000000
4470 -103.0000000000
4523 -102.0000000000
4661 -101.0000000000
4710 -100.0000000000
4720 -99.0000000000
4777 -98.0000000000
4828 -97.0000000000
4854 -96.0000000000
4960 -95.0000000000
5028 -94.0000000000
5037 -93.0000000000
5111 -92.0000000000
5223 -91.0000000000
5302 -90.0000000000
5414 -89.0000000000
5505 -88.0000000000
5591 -87.0000000000
5644 -86.0000000000
5850 -85.0000000000
5868 -84.0000000000
6085 -83.0000000000
6184 -82.0000000000
6191 -81.0000000000
6314 -80.0000000000
6351 -79.0000000000
6390 -78.0000000000
6662 -77.0000000000
6704 -76.0000000000
6776 -75.0000000000
6847 -74.0000000000
6855 -73.0000000000
6934 -72.0000000000
7113 -71.0000000000
7147 -70.0000000000
7310 -69.0000000000
7599 -68.0000000000
7649 -67.0000000000
7814 -66.0000000000
7823 -65.0000000000
8080 -64.0000000000
8173 -63.0000000000
8391 -62.0000000000
8445 -61.0000000000
8476 -60.0000000000
8580 -59.0000000000
8592 -58.0000000000
8698 -57.0000000000
8708 -56.0000000000
8893 -55.0000000000
9027 -54.0000000000
9051 -53.0000000000
9394 -52.0000000000
9431 -50.0000000000
9483 -49.0000000000
9610 -48.0000000000
9886 -47.0000000000
10014 -46.0000000000
10189 -44.0000000000
10346 -43.0000000000
10628 -42.0000000000
10656 -41.0000000000
10974 -40.0000000000
11065 -39.0000000000
11253 -38.0000000000
11256 -37.0000000000
11444 -36.0000000000
11671 -35.0000000000
11877 -34.0000000000
11882 -33.0000000000
12282 -32.0000000000
12480 -31.0000000000
12638 -30.0000000000
12815 -29.0000000000
13103 -28.0000000000
13298 -27.0000000000
13479 -26.0000000000
13748 -25.0000000000
13844 -24.0000000000
14008 -23.0000000000
14096 -22.0000000000
14537 -21.0000000000
14756 -20.0000000000
14854 -19.0000000000
15221 -18.0000000000
15481 -17.0000000000
16104 -16.0000000000
16549 -15.0000000000
17091 -14.0000000000
17409 -13.0000000000
17826 -12.0000000000
17842 -11.0000000000
18362 -10.0000000000
18891 -9.0000000000
19461 -8.0000000000
19654 -7.0000000000
19680 -6.0000000000
20027 -5.0000000000
21197 -4.0000000000
22030 -3.0000000000
22463 -2.0000000000
23350 -1.0000000000
23942 398.0000000000
24178 400.0000000000
25399 405.0000000000
25792 407.0000000000
26976 408.0000000000
27380 411.0000000000
28216 412.0000000000
28721 413.0000000000
28820 414.0000000000
29155 415.0000000000
29170 416.0000000000
30408 417.0000000000
30666 420.0000000000
37417 423.0000000000
42913 427.0000000000
44146 430.0000000000
56617 431.0000000000
56682 434.0000000000
91347 436.0000000000
100000 -1.0000000000
evaluations raw_y
1 -209.0000000000
5 -207.0000000000
9 -206.0000000000
14 -204.0000000000
17 -195.0000000000
53 -194.0000000000
67 -193.0000000000
99 -192.0000000000
217 -191.0000000000
229 -189.0000000000
326 -188.0000000000
375 -187.0000000000
385 -186.0000000000
423 -185.0000000000
443 -184.0000000000
487 -183.0000000000
528 -180.0000000000
557 -179.0000000000
620 -178.0000000000
663 -177.0000000000
684 -174.0000000000
700 -173.0000000000
798 -172.0000000000
853 -170.0000000000
974 -169.0000000000
1009 -168.0000000000
1010 -167.0000000000
1045 -166.0000000000
1163 -164.0000000000
1255 -163.0000000000
1308 -162.0000000000
1355 -161.0000000000
1399 -160.0000000000
1449 -159.0000000000
1473 -158.0000000000
1513 -156.0000000000
1516 -155.0000000000
1541 -154.0000000000
1546 -153.0000000000
1678 -152.0000000000
1740 -151.0000000000
1742 -150.0000000000
1824 -149.0000000000
1879 -148.0000000000
1946 -147.0000000000
1954 -146.0000000000
2023 -145.0000000000
2085 -144.0000000000
2167 -143.0000000000
2203 -142.0000000000
2219 -141.0000000000
2312 -140.0000000000
2319 -137.0000000000
2343 -136.0000000000
2391 -135.0000000000
2464 -134.0000000000
2518 -133.0000000000
2567 -132.0000000000
2635 -130.0000000000
2763 -129.0000000000
2804 -128.0000000000
2820 -127.0000000000
2866 -126.0000000000
2958 -124.0000000000
3105 -123.0000000000
3135 -122.0000000000
3149 -121.0000000000
3220 -119.0000000000
3334 -118.0000000000
3441 -117.0000000000
3520 -116.0000000000
3611 -115.0000000000
3630 -114.0000000000
3751 -113.0000000000
3820 -112.0000000000
3833 -111.0000000000
3931 -110.0000000000
4008 -109.0000000000
4046 -108.0000000000
4083 -107.0000000000
4256 -106.0000000000
4275 -105.0000000000
4334 -104.0000000000
4365 -103.0000000000
4460 -102.0000000000
4500 -101.0000000000
4681 -100.0000000000
4759 -99.0000000000
4834 -98.0000000000
4904 -97.0000000000
5048 -96.0000000000
5062 -95.0000000000
5184 -94.0000000000
5349 -93.0000000000
5419 -92.0000000000
5482 -91.0000000000
5528 -90.0000000000
5652 -88.0000000000
5656 -87.0000000000
5878 -86.0000000000
5959 -84.0000000000
6028 -83.0000000000
6116 -82.0000000000
6279 -81.0000000000
6525 -80.0000000000
6566 -79.0000000000
6695 -78.0000000000
6814 -77.0000000000
6864 -76.0000000000
7038 -75.0000000000
7067 -74.0000000000
7185 -72.0000000000
7362 -71.0000000000
7380 -70.0000000000
7429 -69.0000000000
7542 -68.0000000000
7558 -67.0000000000
7619 -66.0000000000
7806 -65.0000000000
7891 -63.0000000000
8294 -62.0000000000
8479 -61.0000000000
8604 -60.0000000000
8722 -59.0000000000
8830 -58.0000000000
8956 -57.0000000000
9064 -56.0000000000
9268 -55.0000000000
9486 -54.0000000000
9625 -53.0000000000
9660 -52.0000000000
9819 -51.0000000000
9829 -50.0000000000
10123 -49.0000000000
10204 -48.0000000000
10263 -47.0000000000
10370 -46.0000000000
10386 -45.0000000000
10555 -44.0000000000
10635 -43.0000000000
10767 -42.0000000000
10971 -41.0000000000
11241 -40.0000000000
11451 -39.0000000000
11655 -38.0000000000
11816 -37.0000000000
12059 -36.0000000000
12210 -35.0000000000
12223 -34.0000000000
12370 -33.0000000000
12505 -32.0000000000
12643 -31.0000000000
12887 -29.0000000000
13225 -28.0000000000
13470 -27.0000000000
13659 -26.0000000000
13927 -25.0000000000
14016 -24.0000000000
14519 -23.0000000000
14825 -22.0000000000
15052 -21.0000000000
15330 -20.0000000000
15808 -19.0000000000
16118 -18.0000000000
16571 -17.0000000000
16610 -16.0000000000
16803 -15.0000000000
17488 -14.0000000000
17602 -13.0000000000
18000 -12.0000000000
18219 -11.0000000000
18496 -10.0000000000
18631 -9.0000000000
19146 -8.0000000000
19730 -7.0000000000
20018 -6.0000000000
20320 -5.0000000000
21066 -4.0000000000
22099 -3.0000000000
22499 -2.0000000000
22900 -1.0000000000
23402 395.0000000000
23425 399.0000000000
24232 404.0000000000
25539 405.0000000000
25667 406.0000000000
25782 409.0000000000
27713 410.0000000000
28121 411.0000000000
30151 412.0000000000
30392 414.0000000000
31006 417.0000000000
31916 419.0000000000
33885 420.0000000000
35475 421.0000000000
35483 424.0000000000
63079 425.0000000000
100000 413.0000000000
evaluations raw_y
1 -201.0000000000
14 -192.0000000000
169 -191.0000000000
177 -190.0000000000
185 -189.0000000000
257 -188.0000000000
327 -187.0000000000
383 -186.0000000000
386 -184.0000000000
445 -183.0000000000
466 -182.0000000000
542 -181.0000000000
593 -180.0000000000
624 -178.0000000000
698 -177.0000000000
738 -176.0000000000
766 -175.0000000000
826 -174.0000000000
884 -173.0000000000
918 -172.0000000000
943 -171.0000000000
985 -170.0000000000
989 -169.0000000000
1029 -168.0000000000
1055 -167.0000000000
1156 -166.0000000000
1232 -165.0000000000
1254 -164.0000000000
1282 -163.0000000000
1298 -162.0000000000
1319 -161.0000000000
1450 -159.0000000000
1515 -158.0000000000
1524 -157.0000000000
1548 -155.0000000000
1609 -154.0000000000
1735 -153.0000000000
1790 -152.0000000000
1812 -151.0000000000
1850 -150.0000000000
1923 -148.0000000000
2013 -147.0000000000
2059 -146.0000000000
2083 -145.0000000000
2128 -144.0000000000
2212 -143.0000000000
2229 -142.0000000000
2309 -141.0000000000
2334 -140.0000000000
2411 -139.0000000000
2480 -138.0000000000
2510 -137.0000000000
2584 -136.0000000000
2692 -135.0000000000
2703 -134.0000000000
2783 -133.0000000000
2837 -131.0000000000
2887 -130.0000000000
2937 -129.0000000000
3068 -127.0000000000
3215 -126.0000000000
3236 -124.0000000000
3292 -123.0000000000
3437 -122.0000000000
3455 -120.0000000000
3547 -119.0000000000
3660 -118.0000000000
3712 -117.0000000000
3770 -116.0000000000
3836 -115.0000000000
3862 -114.0000000000
4063 -112.0000000000
4129 -111.0000000000
4178 -110.0000000000
4270 -109.0000000000
4307 -108.0000000000
4435 -107.0000000000
4566 -106.0000000000
4591 -105.0000000000
4629 -104.0000000000
4631 -103.0000000000
4827 -102.0000000000
4883 -101.0000000000
4974 -100.0000000000
5086 -99.0000000000
5170 -98.0000000000
5226 -97.0000000000
5278 -96.0000000000
5373 -95.0000000000
5431 -94.0000000000
5579 -93.0000000000
5699 -92.0000000000
5751 -91.0000000000
5800 -89.0000000000
5826 -88.0000000000
5848 -87.0000000000
5906 -86.0000000000
6032 -85.0000000000
6183 -84.0000000000
6229 -83.0000000000
6304 -82.0000000000
6367 -81.0000000000
6533 -80.0000000000
6663 -79.0000000000
6813 -78.0000000000
6858 -77.0000000000
7036 -76.0000000000
7134 -75.0000000000
7202 -74.0000000000
7341 -73.0000000000
7481 -72.0000000000
7542 -71.0000000000
7660 -70.0000000000
7811 -69.0000000000
7910 -68.0000000000
8043 -66.0000000000
8157 -65.0000000000
8282 -64.0000000000
8359 -63.0000000000
8425 -62.0000000000
8620 -61.0000000000
8742 -60.0000000000
8911 -59.0000000000
9158 -58.0000000000
9238 -57.0000000000
9441 -56.0000000000
9640 -55.0000000000
9721 -54.0000000000
9904 -53.0000000000
9982 -51.0000000000
10154 -50.0000000000
10368 -49.0000000000
10416 -48.0000000000
10528 -47.0000000000
10715 -46.0000000000
10826 -45.0000000000
10927 -44.0000000000
11189 -43.0000000000
11244 -42.0000000000
11379 -41.0000000000
11409 -40.0000000000
11418 -39.0000000000
11798 -38.0000000000
11947 -37.0000000000
12268 -36.0000000000
12666 -35.0000000000
12921 -34.0000000000
12941 -33.0000000000
13087 -32.0000000000
13153 -31.0000000000
13682 -30.0000000000
13711 -29.0000000000
14020 -28.0000000000
14359 -27.0000000000
14465 -26.0000000000
14687 -25.0000000000
14755 -24.0000000000
15222 -23.0000000000
15417 -22.0000000000
15420 -21.0000000000
15808 -20.0000000000
15977 -19.0000000000
16212 -18.0000000000
16603 -17.0000000000
17121 -16.0000000000
17178 -15.0000000000
17649 -14.0000000000
17929 -13.0000000000
18327 -12.0000000000
18805 -11.0000000000
19156 -10.0000000000
19166 -9.0000000000
19555 -8.0000000000
19583 -7.0000000000
19724 -6.0000000000
20418 -5.0000000000
21277 -4.0000000000
22076 -3.0000000000
22666 -2.0000000000
22871 -1.0000000000
23741 388.0000000000
24147 391.0000000000
24315 394.0000000000
24541 396.0000000000
24683 404.0000000000
25419 405.0000000000
25576 406.0000000000
25757 407.0000000000
25936 408.0000000000
25979 411.0000000000
26495 414.0000000000
28592 415.0000000000
31075 416.0000000000
32390 417.0000000000
34038 418.0000000000
37764 420.0000000000
47818 421.0000000000
62092 422.0000000000
63502 423.0000000000
65096 424.0000000000
74434 425.0000000000
99998 427.0000000000
100000 -1.0000000000
evaluations raw_y
1 -217.0000000000
3 -204.0000000000
5 -188.0000000000
299 -187.0000000000
324 -185.0000000000
362 -184.0000000000
401 -183.0000000000
448 -182.0000000000
557 -181.0000000000
570 -179.0000000000
582 -177.0000000000
658 -176.0000000000
688 -175.0000000000
689 -174.0000000000
776 -172.0000000000
781 -171.0000000000
882 -170.0000000000
934 -169.0000000000
947 -168.0000000000
1043 -167.0000000000
1064 -166.0000000000
1065 -165.0000000000
1113 -163.0000000000
1145 -162.0000000000
1240 -161.0000000000
1275 -160.0000000000
1365 -159.0000000000
1416 -157.0000000000
1458 -156.0000000000
1507 -155.0000000000
1565 -154.0000000000
1572 -153.0000000000
1600 -152.0000000000
1620 -151.0000000000
1640 -150.0000000000
1706 -149.0000000000
1815 -148.0000000000
1860 -147.0000000000
1949 -146.0000000000
1980 -145.0000000000
2047 -144.0000000000
2055 -143.0000000000
2100 -142.0000000000
2169 -141.0000000000
2218 -140.0000000000
2273 -139.0000000000
2398 -138.0000000000
2416 -137.0000000000
2521 -136.0000000000
2533 -135.0000000000
2609 -134.0000000000
2660 -133.0000000000
2741 -132.0000000000
2802 -131.0000000000
2901 -130.0000000000
2919 -129.0000000000
2987 -128.0000000000
3162 -127.0000000000
3173 -126.0000000000
3214 -125.0000000000
3260 -124.0000000000
3330 -123.0000000000
3377 -122.0000000000
3425 -121.0000000000
3521 -120.0000000000
3580 -119.0000000000
3645 -118.0000000000
3736 -117.0000000000
3789 -116.0000000000
3814 -115.0000000000
3896 -114.0000000000
3945 -112.0000000000
4127 -111.0000000000
4179 -110.0000000000
4256 -108.0000000000
4292 -107.0000000000
4302 -106.0000000000
4361 -105.0000000000
4378 -104.0000000000
4586 -103.0000000000
4598 -102.0000000000
4599 -101.0000000000
4646 -100.0000000000
4650 -99.0000000000
4824 -97.0000000000
4938 -96.0000000000
5205 -95.0000000000
5237 -94.0000000000
5320 -93.0000000000
5395 -92.0000000000
5489 -91.0000000000
5554 -90.0000000000
5703 -89.0000000000
5792 -88.0000000000
5810 -87.0000000000
5854 -86.0000000000
6017 -85.0000000000
6130 -83.0000000000
6265 -82.0000000000
6404 -81.0000000000
6450 -80.0000000000
6507 -79.0000000000
6671 -78.0000000000
6760 -77.0000000000
6787 -76.0000000000
6850 -75.0000000000
6992 -74.0000000000
7186 -73.0000000000
7333 -72.0000000000
7498 -71.0000000000
7505 -70.0000000000
7674 -69.0000000000
7682 -68.0000000000
7941 -67.0000000000
7978 -66.0000000000
8130 -65.0000000000
8347 -64.0000000000
8363 -63.0000000000
8411 -62.0000000000
8412 -61.0000000000
8568 -60.0000000000
8861 -59.0000000000
8955 -58.0000000000
9113 -57.0000000000
9222 -56.0000000000
9348 -55.0000000000
9454 -53.0000000000
9656 -52.0000000000
9774 -51.0000000000
9834 -50.0000000000
10110 -49.0000000000
10245 -48.0000000000
10536 -47.0000000000
10727 -46.0000000000
10949 -45.0000000000
10976 -44.0000000000
11347 -43.0000000000
11404 -42.0000000000
11694 -41.0000000000
11856 -40.0000000000
12108 -39.0000000000
12393 -38.0000000000
12621 -37.0000000000
12780 -36.0000000000
12844 -35.0000000000
12978 -34.0000000000
13171 -33.0000000000
13437 -32.0000000000
13578 -31.0000000000
13662 -30.0000000000
14003 -29.0000000000
14189 -28.0000000000
14295 -27.0000000000
14461 -26.0000000000
14462 -25.0000000000
14577 -24.0000000000
14705 -23.0000000000
15098 -22.0000000000
15249 -21.0000000000
15649 -20.0000000000
15731 -19.0000000000
15841 -18.0000000000
15933 -17.0000000000
16302 -16.0000000000
16435 -15.0000000000
16939 -14.0000000000
17183 -13.0000000000
17800 -12.0000000000
18074 -11.0000000000
18475 -10.0000000000
18540 -9.0000000000
19193 -8.0000000000
19853 -7.0000000000
19867 -6.0000000000
20454 -5.0000000000
20877 -4.0000000000
21525 -3.0000000000
21815 -2.0000000000
22400 -1.0000000000
23973 370.0000000000
24181 387.0000000000
24378 396.0000000000
24956 398.0000000000
25019 399.0000000000
25135 400.0000000000
25385 402.0000000000
25461 405.0000000000
25608 409.0000000000
27471 411.0000000000
29437 413.0000000000
30826 415.0000000000
39242 420.0000000000
41377 423.0000000000
43980 426.0000000000
56042 428.0000000000
58750 430.0000000000
61235 431.0000000000
68607 432.0000000000
73722 433.0000000000
95856 434.0000000000
100000 424.0000000000
evaluations raw_y
1 -225.0000000000
2 -204.0000000000
9 -201.0000000000
13 -200.0000000000
14 -195.0000000000
37 -183.0000000000
161 -182.0000000000
188 -181.0000000000
217 -180.0000000000
261 -179.0000000000
304 -177.0000000000
345 -176.0000000000
376 -174.0000000000
435 -173.0000000000
492 -172.0000000000
548 -171.0000000000
573 -170.0000000000
624 -169.0000000000
662 -168.0000000000
692 -167.0000000000
813 -166.0000000000
835 -165.0000000000
865 -164.0000000000
899 -163.0000000000
982 -162.0000000000
1007 -161.0000000000
1042 -160.0000000000
1114 -159.0000000000
1140 -158.0000000000
1235 -157.0000000000
1262 -156.0000000000
1264 -155.0000000000
1396 -154.0000000000
1410 -153.0000000000
1453 -152.0000000000
1490 -151.0000000000
1509 -150.0000000000
1530 -149.0000000000
1539 -148.0000000000
1552 -147.0000000000
1575 -146.0000000000
1613 -144.0000000000
1761 -143.0000000000
1821 -142.0000000000
1868 -141.0000000000
1913 -140.0000000000
1931 -139.0000000000
2013 -136.0000000000
2114 -135.0000000000
2187 -134.0000000000
2308 -131.0000000000
2360 -130.0000000000
2403 -129.0000000000
2418 -128.0000000000
2548 -127.0000000000
2588 -126.0000000000
2705 -125.0000000000
2775 -124.0000000000
2848 -123.0000000000
2884 -122.0000000000
2923 -121.0000000000
3013 -120.0000000000
3118 -119.0000000000
3261 -118.0000000000
3264 -117.0000000000
3361 -116.0000000000
3422 -115.0000000000
3562 -114.0000000000
3593 -113.0000000000
3698 -112.0000000000
3719 -111.0000000000
3770 -110.0000000000
3783 -109.0000000000
3845 -108.0000000000
3991 -107.0000000000
4075 -106.0000000000
4135 -105.0000000000
4277 -104.0000000000
4320 -103.0000000000
4397 -102.0000000000
4508 -101.0000000000
4570 -100.0000000000
4638 -99.0000000000
4660 -98.0000000000
4831 -97.0000000000
4896 -96.0000000000
4995 -95.0000000000
5086 -94.0000000000
5102 -93.0000000000
5143 -91.0000000000
5321 -89.0000000000
5424 -88.0000000000
5452 -87.0000000000
5700 -86.0000000000
5736 -85.0000000000
5832 -83.0000000000
5970 -82.0000000000
6026 -81.0000000000
6060 -80.0000000000
6137 -79.0000000000
6149 -78.0000000000
6251 -77.0000000000
6495 -76.0000000000
6521 -75.0000000000
6526 -74.0000000000
6682 -73.0000000000
6734 -72.0000000000
6751 -71.0000000000
6907 -70.0000000000
7054 -69.0000000000
7207 -68.0000000000
7306 -67.0000000000
7335 -66.0000000000
7534 -65.0000000000
7589 -64.0000000000
7721 -63.0000000000
7776 -62.0000000000
7821 -61.0000000000
7892 -60.0000000000
8031 -59.0000000000
8078 -58.0000000000
8303 -57.0000000000
8407 -56.0000000000
8501 -54.0000000000
8601 -53.0000000000
8816 -52.0000000000
8877 -51.0000000000
9001 -50.0000000000
9302 -49.0000000000
9412 -48.0000000000
9512 -47.0000000000
9576 -46.0000000000
9919 -45.0000000000
10165 -44.0000000000
10266 -43.0000000000
10485 -41.0000000000
10569 -40.0000000000
10813 -39.0000000000
11102 -38.0000000000
11214 -37.0000000000
11463 -36.0000000000
11568 -35.0000000000
11931 -34.0000000000
11959 -33.0000000000
12230 -32.0000000000
12329 -31.0000000000
12544 -30.0000000000
12683 -29.0000000000
12779 -28.0000000000
13262 -27.0000000000
13440 -26.0000000000
13675 -25.0000000000
13910 -24.0000000000
14212 -23.0000000000
14403 -22.0000000000
14690 -21.0000000000
14769 -20.0000000000
14809 -19.0000000000
15020 -18.0000000000
15180 -17.0000000000
15540 -16.0000000000
16092 -15.0000000000
16432 -14.0000000000
16762 -13.0000000000
17000 -12.0000000000
17658 -11.0000000000
18104 -10.0000000000
18671 -9.0000000000
19059 -8.0000000000
19259 -7.0000000000
20056 -6.0000000000
20285 -5.0000000000
20619 -4.0000000000
21143 -3.0000000000
21872 -2.0000000000
22826 -1.0000000000
23107 399.0000000000
23788 400.0000000000
24352 401.0000000000
24578 405.0000000000
25012 408.0000000000
26402 409.0000000000
27267 414.0000000000
83076 415.0000000000
85788 416.0000000000
97623 417.0000000000
98056 418.0000000000
100000 393.0000000000
evaluations raw_y
1 -224.0000000000
2 -218.0000000000
3 -202.0000000000
7 -201.0000000000
21 -200.0000000000
37 -197.0000000000
44 -195.0000000000
88 -194.0000000000
91 -193.0000000000
102 -192.0000000000
210 -191.0000000000
238 -189.0000000000
315 -188.0000000000
359 -187.0000000000
410 -186.0000000000
412 -185.0000000000
513 -184.0000000000
525 -183.0000000000
544 -182.0000000000
562 -180.0000000000
616 -178.0000000000
677 -177.0000000000
748 -176.0000000000
797 -175.0000000000
810 -174.0000000000
858 -173.0000000000
882 -172.0000000000
896 -171.0000000000
965 -170.0000000000
1005 -169.0000000000
1027 -168.0000000000
1041 -167.0000000000
1079 -166.0000000000
1096 -164.0000000000
1130 -163.0000000000
1236 -162.0000000000
1267 -160.0000000000
1298 -159.0000000000
1299 -158.0000000000
1328 -157.0000000000
1332 -156.0000000000
1365 -155.0000000000
1452 -154.0000000000
1577 -153.0000000000
1654 -152.0000000000
1689 -151.0000000000
1696 -150.0000000000
1872 -149.0000000000
1889 -148.0000000000
1924 -147.0000000000
1991 -146.0000000000
2006 -144.0000000000
2073 -143.0000000000
2150 -142.0000000000
2196 -141.0000000000
2237 -140.0000000000
2393 -139.0000000000
2417 -138.0000000000
2468 -137.0000000000
2488 -136.0000000000
2620 -135.0000000000
2659 -134.0000000000
2690 -133.0000000000
2725 -132.0000000000
2809 -131.0000000000
2817 -130.0000000000
3007 -129.0000000000
3035 -128.0000000000
3137 -127.0000000000
3197 -126.0000000000
3278 -124.0000000000
3332 -123.0000000000
3467 -122.0000000000
3470 -121.0000000000
3518 -120.0000000000
3541 -119.0000000000
3619 -118.0000000000
3650 -117.0000000000
3713 -116.0000000000
3753 -115.0000000000
3999 -114.0000000000
4023 -113.0000000000
4095 -112.0000000000
4139 -111.0000000000
4158 -110.0000000000
4195 -109.0000000000
4303 -108.0000000000
4378 -107.0000000000
4419 -106.0000000000
4643 -105.0000000000
4714 -104.0000000000
4725 -103.0000000000
4772 -102.0000000000
4922 -101.0000000000
4979 -100.0000000000
5036 -99.0000000000
5115 -97.0000000000
5249 -96.0000000000
5466 -95.0000000000
5588 -94.0000000000
5629 -93.0000000000
5635 -92.0000000000
5742 -91.0000000000
5856 -90.0000000000
5907 -89.0000000000
6027 -88.0000000000
6226 -87.0000000000
6251 -86.0000000000
6294 -85.0000000000
6396 -84.0000000000
6472 -83.0000000000
6584 -82.0000000000
6633 -81.0000000000
6665 -80.0000000000
6720 -79.0000000000
6778 -78.0000000000
6893 -77.0000000000
7058 -76.0000000000
7143 -75.0000000000
7295 -74.0000000000
7396 -73.0000000000
7408 -72.0000000000
7478 -71.0000000000
7565 -70.0000000000
7776 -69.0000000000
7870 -68.0000000000
7957 -67.0000000000
8105 -66.0000000000
8226 -65.0000000000
8376 -64.0000000000
8446 -63.0000000000
8543 -62.0000000000
8682 -61.0000000000
8840 -60.0000000000
8933 -59.0000000000
9165 -57.0000000000
9358 -56.0000000000
9519 -55.0000000000
9533 -54.0000000000
9780 -53.0000000000
9880 -52.0000000000
10022 -51.0000000000
10134 -50.0000000000
10452 -49.0000000000
10492 -48.0000000000
10502 -47.0000000000
10592 -46.0000000000
10634 -45.0000000000
10700 -44.0000000000
10887 -43.0000000000
10936 -42.0000000000
11010 -41.0000000000
11224 -40.0000000000
11276 -39.0000000000
11337 -38.0000000000
11339 -37.0000000000
11632 -36.0000000000
11834 -35.0000000000
12063 -34.0000000000
12232 -33.0000000000
12254 -32.0000000000
12720 -31.0000000000
12774 -30.0000000000
12943 -29.0000000000
13304 -28.0000000000
13660 -27.0000000000
13846 -26.0000000000
13941 -25.0000000000
14109 -24.0000000000
14174 -23.0000000000
14760 -22.0000000000
15146 -21.0000000000
15377 -20.0000000000
15466 -19.0000000000
16011 -18.0000000000
16210 -17.0000000000
16519 -16.0000000000
16965 -15.0000000000
17409 -14.0000000000
17669 -13.0000000000
18233 -12.0000000000
18475 -11.0000000000
18880 -10.0000000000
19125 -9.0000000000
19543 -8.0000000000
19675 -7.0000000000
20205 -6.0000000000
20733 -5.0000000000
21181 -4.0000000000
21511 -3.0000000000
22029 -2.0000000000
22743 -1.0000000000
23550 387.0000000000
23611 392.0000000000
23651 402.0000000000
24060 403.0000000000
25129 406.0000000000
26036 408.0000000000
27319 410.0000000000
28232 411.0000000000
30042 413.0000000000
30377 417.0000000000
36568 419.0000000000
40354 423.0000000000
54097 425.0000000000
66695 426.0000000000
73364 427.0000000000
79982 428.0000000000
97260 430.0000000000
100000 -2.0000000000
evaluations raw_y
1 -220.0000000000
2 -201.0000000000
11 -200.0000000000
20 -196.0000000000
41 -195.0000000000
47 -190.0000000000
148 -189.0000000000
188 -188.0000000000
228 -186.0000000000
364 -185.0000000000
403 -183.0000000000
434 -182.0000000000
444 -181.0000000000
492 -180.0000000000
502 -179.0000000000
551 -178.0000000000
599 -176.0000000000
654 -175.0000000000
657 -174.0000000000
747 -173.0000000000
771 -172.0000000000
801 -171.0000000000
812 -170.0000000000
931 -169.0000000000
971 -168.0000000000
1004 -167.0000000000
1017 -166.0000000000
1072 -165.0000000000
1108 -164.0000000000
1178 -163.0000000000
1194 -162.0000000000
1233 -161.0000000000
1272 -160.0000000000
1359 -159.0000000000
1453 -158.0000000000
1490 -157.0000000000
1534 -156.0000000000
1588 -155.0000000000
1640 -154.0000000000
1682 -153.0000000000
1763 -152.0000000000
1817 -151.0000000000
1841 -150.0000000000
1851 -149.0000000000
1929 -148.0000000000
1983 -146.0000000000
2043 -144.0000000000
2056 -143.0000000000
2153 -142.0000000000
2176 -141.0000000000
2293 -140.0000000000
2336 -139.0000000000
2350 -138.0000000000
2397 -137.0000000000
2511 -136.0000000000
2527 -135.0000000000
2606 -134.0000000000
2643 -133.0000000000
2743 -132.0000000000
2810 -131.0000000000
2830 -130.0000000000
2843 -129.0000000000
2857 -128.0000000000
2871 -127.0000000000
2888 -126.0000000000
2990 -124.0000000000
3061 -123.0000000000
3075 -122.0000000000
3107 -121.0000000000
3276 -120.0000000000
3315 -119.0000000000
3468 -118.0000000000
3524 -117.0000000000
3591 -116.0000000000
3670 -115.0000000000
3771 -114.0000000000
3817 -113.0000000000
3889 -112.0000000000
3899 -111.0000000000
3916 -110.0000000000
3950 -109.0000000000
4227 -108.0000000000
4260 -107.0000000000
4345 -106.0000000000
4395 -105.0000000000
4414 -104.0000000000
4538 -103.0000000000
4579 -102.0000000000
4594 -100.0000000000
4705 -99.0000000000
4891 -98.0000000000
5017 -97.0000000000
5035 -96.0000000000
5038 -95.0000000000
5129 -94.0000000000
5216 -92.0000000000
5377 -91.0000000000
5527 -90.0000000000
5618 -87.0000000000
5635 -86.0000000000
5690 -85.0000000000
5798 -84.0000000000
5983 -83.0000000000
6088 -82.0000000000
6099 -81.0000000000
6251 -80.0000000000
6355 -79.0000000000
6445 -78.0000000000
6517 -77.0000000000
6552 -76.0000000000
6644 -75.0000000000
6700 -74.0000000000
6795 -73.0000000000
6926 -71.0000000000
6966 -70.0000000000
6973 -69.0000000000
7116 -68.0000000000
7253 -67.0000000000
7344 -66.0000000000
7460 -65.0000000000
7595 -64.0000000000
7764 -63.0000000000
7926 -62.0000000000
7988 -61.0000000000
8132 -60.0000000000
8306 -59.0000000000
8406 -58.0000000000
8805 -57.0000000000
8977 -56.0000000000
9044 -55.0000000000
9231 -54.0000000000
9333 -53.0000000000
9373 -52.0000000000
9432 -51.0000000000
9529 -50.0000000000
9927 -49.0000000000
10029 -48.0000000000
10155 -47.0000000000
10359 -46.0000000000
10588 -45.0000000000
10672 -44.0000000000
10898 -43.0000000000
11230 -42.0000000000
11334 -41.0000000000
11523 -40.0000000000
11765 -39.0000000000
11929 -38.0000000000
12186 -37.0000000000
12371 -36.0000000000
12787 -35.0000000000
13000 -34.0000000000
13399 -33.0000000000
13461 -32.0000000000
13568 -31.0000000000
13615 -30.0000000000
13924 -29.0000000000
14110 -28.0000000000
14509 -27.0000000000
14647 -26.0000000000
14850 -25.0000000000
15237 -24.0000000000
15327 -23.0000000000
15793 -22.0000000000
16024 -21.0000000000
16232 -20.0000000000
16496 -19.0000000000
16734 -18.0000000000
17079 -17.0000000000
17538 -16.0000000000
17871 -15.0000000000
18247 -14.0000000000
18333 -13.0000000000
19061 -12.0000000000
19418 -11.0000000000
19623 -10.0000000000
19938 -9.0000000000
20331 -8.0000000000
20867 -7.0000000000
21022 -6.0000000000
21694 -5.0000000000
22108 -4.0000000000
22341 -3.0000000000
22610 -2.0000000000
22782 -1.0000000000
24096 393.0000000000
24185 397.0000000000
24316 398.0000000000
24900 399.0000000000
25035 405.0000000000
26317 406.0000000000
26612 407.0000000000
27319 408.0000000000
27801 409.0000000000
27802 416.0000000000
29938 417.0000000000
31359 424.0000000000
47537 425.0000000000
48947 427.0000000000
72227 429.0000000000
100000 -2.0000000000
evaluations raw_y
1 -219.0000000000
3 -205.0000000000
10 -185.0000000000
243 -184.0000000000
314 -183.0000000000
394 -182.0000000000
407 -181.0000000000
409 -179.0000000000
480 -178.0000000000
515 -177.0000000000
523 -176.0000000000
579 -175.0000000000
588 -174.0000000000
624 -173.0000000000
676 -172.0000000000
766 -171.0000000000
795 -170.0000000000
838 -169.0000000000
931 -168.0000000000
946 -167.0000000000
999 -166.0000000000
1043 -165.0000000000
1124 -164.0000000000
1129 -163.0000000000
1151 -162.0000000000
1223 -161.0000000000
1229 -159.0000000000
1382 -158.0000000000
1410 -157.0000000000
1534 -156.0000000000
1558 -155.0000000000
1597 -154.0000000000
1622 -153.0000000000
1626 -152.0000000000
1686 -151.0000000000
1715 -150.0000000000
1795 -149.0000000000
1797 -148.0000000000
1839 -147.0000000000
1844 -146.0000000000
1976 -145.0000000000
2012 -144.0000000000
2013 -143.0000000000
2017 -142.0000000000
2134 -140.0000000000
2248 -139.0000000000
2292 -138.0000000000
2321 -137.0000000000
2434 -136.0000000000
2484 -135.0000000000
2542 -134.0000000000
2590 -133.0000000000
2619 -132.0000000000
2658 -131.0000000000
2736 -130.0000000000
2792 -129.0000000000
2876 -128.0000000000
2961 -127.0000000000
3051 -126.0000000000
3139 -125.0000000000
3170 -124.0000000000
3174 -123.0000000000
3210 -122.0000000000
3297 -121.0000000000
3388 -120.0000000000
3436 -119.0000000000
3499 -118.0000000000
3532 -117.0000000000
3543 -115.0000000000
3605 -114.0000000000
3666 -113.0000000000
3792 -112.0000000000
3805 -111.0000000000
3955 -110.0000000000
3980 -109.0000000000
4026 -108.0000000000
4070 -107.0000000000
4096 -106.0000000000
4156 -105.0000000000
4233 -104.0000000000
4311 -103.0000000000
4391 -102.0000000000
4407 -101.0000000000
4415 -100.0000000000
4464 -99.0000000000
4506 -98.0000000000
4598 -97.0000000000
4612 -96.0000000000
4788 -95.0000000000
4892 -94.0000000000
4961 -93.0000000000
5001 -92.0000000000
5133 -91.0000000000
5263 -90.0000000000
5300 -89.0000000000
5327 -88.0000000000
5480 -87.0000000000
5657 -86.0000000000
5666 -85.0000000000
5686 -84.0000000000
5932 -83.0000000000
5981 -82.0000000000
6075 -81.0000000000
6192 -80.0000000000
6386 -79.0000000000
6392 -78.0000000000
6541 -77.0000000000
6617 -76.0000000000
6720 -75.0000000000
6727 -74.0000000000
6775 -73.0000000000
7022 -72.0000000000
7030 -71.0000000000
7082 -69.0000000000
7300 -68.0000000000
7479 -67.0000000000
7549 -66.0000000000
7705 -65.0000000000
7865 -64.0000000000
7867 -63.0000000000
8006 -62.0000000000
8056 -60.0000000000
8127 -59.0000000000
8223 -58.0000000000
8322 -57.0000000000
8373 -56.0000000000
8409 -55.0000000000
8564 -54.0000000000
8668 -53.0000000000
8768 -52.0000000000
8928 -51.0000000000
9136 -50.0000000000
9316 -49.0000000000
9393 -48.0000000000
9520 -47.0000000000
9812 -46.0000000000
9864 -45.0000000000
10037 -44.0000000000
10126 -43.0000000000
10261 -42.0000000000
10301 -41.0000000000
10633 -40.0000000000
10769 -39.0000000000
11088 -38.0000000000
11167 -37.0000000000
11362 -36.0000000000
11465 -35.0000000000
11749 -34.0000000000
11848 -33.0000000000
11891 -32.0000000000
12367 -31.0000000000
12707 -30.0000000000
12892 -29.0000000000
13153 -28.0000000000
13178 -27.0000000000
13412 -26.0000000000
13670 -25.0000000000
13925 -24.0000000000
14240 -23.0000000000
14390 -22.0000000000
14528 -21.0000000000
14720 -20.0000000000
14951 -19.0000000000
15263 -18.0000000000
15274 -17.0000000000
15882 -16.0000000000
16043 -15.0000000000
16359 -14.0000000000
16662 -13.0000000000
16905 -12.0000000000
17453 -11.0000000000
17907 -10.0000000000
18317 -9.0000000000
18707 -8.0000000000
19420 -7.0000000000
19504 -6.0000000000
20132 -5.0000000000
20249 -4.0000000000
20882 -3.0000000000
21592 -2.0000000000
22128 -1.0000000000
22968 375.0000000000
23618 377.0000000000
23847 381.0000000000
24017 382.0000000000
24040 384.0000000000
24298 400.0000000000
26807 402.0000000000
27000 407.0000000000
28470 408.0000000000
28662 410.0000000000
29524 412.0000000000
30209 417.0000000000
36414 418.0000000000
41189 420.0000000000
52992 421.0000000000
53099 424.0000000000
79326 426.0000000000
100000 -3.0000000000
evaluations raw_y
1 -210.0000000000
7 -202.0000000000
28 -193.0000000000
32 -185.0000000000
189 -184.0000000000
211 -183.0000000000
268 -182.0000000000
329 -181.0000000000
348 -180.0000000000
400 -179.0000000000
458 -178.0000000000
461 -177.0000000000
473 -176.0000000000
599 -175.0000000000
611 -174.0000000000
633 -173.0000000000
750 -172.0000000000
793 -171.0000000000
854 -170.0000000000
911 -169.0000000000
915 -168.0000000000
917 -166.0000000000
997 -165.0000000000
998 -164.0000000000
1103 -163.0000000000
1156 -162.0000000000
1164 -161.0000000000
1225 -160.0000000000
1267 -159.0000000000
1334 -158.0000000000
1339 -157.0000000000
1471 -155.0000000000
1538 -154.0000000000
1618 -153.0000000000
1681 -152.0000000000
1758 -151.0000000000
1801 -150.0000000000
1815 -149.0000000000
1914 -148.0000000000
1978 -147.0000000000
2030 -146.0000000000
2057 -145.0000000000
2133 -143.0000000000
2255 -142.0000000000
2320 -141.0000000000
2341 -140.0000000000
2431 -139.0000000000
2521 -138.0000000000
2583 -137.0000000000
2679 -136.0000000000
2762 -135.0000000000
2817 -134.0000000000
2885 -133.0000000000
2888 -132.0000000000
2954 -131.0000000000
3016 -130.0000000000
3035 -129.0000000000
3118 -128.0000000000
3165 -127.0000000000
3213 -126.0000000000
3264 -125.0000000000
3281 -124.0000000000
3417 -123.0000000000
3436 -122.0000000000
3610 -121.0000000000
3703 -120.0000000000
3721 -119.0000000000
3809 -118.0000000000
3933 -117.0000000000
3955 -115.0000000000
4012 -113.0000000000
4073 -112.0000000000
4246 -111.0000000000
4278 -110.0000000000
4377 -109.0000000000
4383 -108.0000000000
4470 -107.0000000000
4556 -106.0000000000
4640 -105.0000000000
4689 -104.0000000000
4775 -103.0000000000
4781 -102.0000000000
4920 -101.0000000000
4992 -100.0000000000
5023 -99.0000000000
5163 -98.0000000000
5207 -97.0000000000
5208 -95.0000000000
5242 -94.0000000000
5244 -93.0000000000
5251 -91.0000000000
5277 -89.0000000000
5417 -88.0000000000
5507 -86.0000000000
5671 -85.0000000000
5718 -84.0000000000
5888 -83.0000000000
6006 -82.0000000000
6117 -81.0000000000
6217 -80.0000000000
6285 -79.0000000000
6412 -78.0000000000
6444 -77.0000000000
6486 -76.0000000000
6529 -75.0000000000
6557 -74.0000000000
6684 -73.0000000000
6697 -72.0000000000
6812 -71.0000000000
6946 -70.0000000000
7071 -69.0000000000
7126 -68.0000000000
7309 -67.0000000000
7403 -66.0000000000
7444 -65.0000000000
7462 -64.0000000000
7612 -63.0000000000
7771 -62.0000000000
8013 -61.0000000000
8083 -60.0000000000
8253 -59.0000000000
8402 -58.0000000000
8515 -57.0000000000
8610 -56.0000000000
8752 -55.0000000000
8928 -54.0000000000
8947 -53.0000000000
9343 -52.0000000000
9433 -51.0000000000
9614 -50.0000000000
9739 -49.0000000000
10030 -48.0000000000
10149 -47.0000000000
10356 -46.0000000000
10523 -45.0000000000
10580 -44.0000000000
10708 -43.0000000000
10953 -42.0000000000
11077 -41.0000000000
11135 -40.0000000000
11475 -39.0000000000
11890 -38.0000000000
11991 -37.0000000000
12093 -36.0000000000
12369 -35.0000000000
12531 -34.0000000000
12649 -33.0000000000
12663 -32.0000000000
12810 -31.0000000000
12984 -30.0000000000
13152 -29.0000000000
13356 -28.0000000000
13711 -27.0000000000
13946 -26.0000000000
14259 -24.0000000000
14855 -23.0000000000
15086 -22.0000000000
15249 -21.0000000000
15450 -20.0000000000
15692 -19.0000000000
16019 -18.0000000000
16349 -17.0000000000
16807 -16.0000000000
17179 -15.0000000000
17342 -14.0000000000
17509 -13.0000000000
17662 -12.0000000000
18372 -11.0000000000
18756 -10.0000000000
18967 -9.0000000000
19557 -8.0000000000
19765 -6.0000000000
20783 -5.0000000000
21627 -4.0000000000
22002 -3.0000000000
22799 -2.0000000000
22879 -1.0000000000
23525 399.0000000000
24003 405.0000000000
24154 407.0000000000
25858 413.0000000000
30061 415.0000000000
31567 417.0000000000
31741 418.0000000000
33063 419.0000000000
37435 420.0000000000
43601 422.0000000000
49789 423.0000000000
59862 426.0000000000
100000 417.0000000000
evaluations raw_y
1 -227.0000000000
2 -190.0000000000
38 -184.0000000000
56 -183.0000000000
57 -182.0000000000
111 -181.0000000000
134 -180.0000000000
168 -179.0000000000
174 -178.0000000000
250 -176.0000000000
286 -175.0000000000
372 -174.0000000000
400 -173.0000000000
451 -172.0000000000
461 -170.0000000000
535 -169.0000000000
661 -168.0000000000
691 -167.0000000000
704 -165.0000000000
737 -163.0000000000
805 -162.0000000000
926 -160.0000000000
977 -159.0000000000
1056 -158.0000000000
1198 -157.0000000000
1236 -156.0000000000
1262 -155.0000000000
1328 -154.0000000000
1385 -153.0000000000
1487 -152.0000000000
1512 -151.0000000000
1576 -150.0000000000
1586 -149.0000000000
1642 -148.0000000000
1661 -147.0000000000
1714 -146.0000000000
1809 -145.0000000000
1866 -144.0000000000
1952 -143.0000000000
1960 -142.0000000000
1968 -141.0000000000
2010 -140.0000000000
2044 -139.0000000000
2092 -138.0000000000
2136 -137.0000000000
2144 -136.0000000000
2200 -135.0000000000
2370 -134.0000000000
2433 -133.0000000000
2457 -132.0000000000
2543 -131.0000000000
2572 -130.0000000000
2658 -128.0000000000
2709 -127.0000000000
2827 -126.0000000000
2883 -125.0000000000
2932 -124.0000000000
2974 -122.0000000000
3037 -121.0000000000
3154 -120.0000000000
3201 -119.0000000000
3224 -118.0000000000
3333 -117.0000000000
3402 -116.0000000000
3443 -115.0000000000
3505 -114.0000000000
3539 -113.0000000000
3624 -112.0000000000
3712 -111.0000000000
3799 -110.0000000000
3832 -109.0000000000
3911 -108.0000000000
3954 -107.0000000000
4033 -106.0000000000
4071 -105.0000000000
4135 -103.0000000000
4289 -102.0000000000
4374 -101.0000000000
4443 -100.0000000000
4519 -99.0000000000
4563 -97.0000000000
4677 -96.0000000000
4839 -95.0000000000
4862 -94.0000000000
4922 -93.0000000000
5081 -92.0000000000
5161 -91.0000000000
5203 -90.0000000000
5341 -89.0000000000
5514 -88.0000000000
5618 -87.0000000000
5742 -86.0000000000
5822 -85.0000000000
5928 -84.0000000000
5991 -83.0000000000
6062 -82.0000000000
6220 -81.0000000000
6266 -79.0000000000
6408 -78.0000000000
6409 -77.0000000000
6648 -76.0000000000
6705 -75.0000000000
6847 -74.0000000000
6886 -73.0000000000
7076 -72.0000000000
7233 -71.0000000000
7280 -70.0000000000
7369 -68.0000000000
7673 -67.0000000000
7763 -66.0000000000
7816 -65.0000000000
7825 -64.0000000000
7878 -63.0000000000
7899 -62.0000000000
7940 -61.0000000000
8230 -59.0000000000
8263 -58.0000000000
8298 -57.0000000000
8579 -56.0000000000
8636 -55.0000000000
8738 -54.0000000000
8768 -53.0000000000
8775 -52.0000000000
8987 -51.0000000000
9002 -50.0000000000
9083 -49.0000000000
9159 -48.0000000000
9335 -47.0000000000
9450 -46.0000000000
9544 -45.0000000000
9847 -44.0000000000
10035 -43.0000000000
10218 -42.0000000000
10409 -41.0000000000
10488 -40.0000000000
10735 -39.0000000000
10747 -38.0000000000
11040 -37.0000000000
11224 -36.0000000000
11362 -35.0000000000
11596 -34.0000000000
11873 -33.0000000000
12024 -32.0000000000
12272 -31.0000000000
12418 -30.0000000000
12432 -29.0000000000
12719 -28.0000000000
12821 -27.0000000000
12950 -26.0000000000
13095 -25.0000000000
13505 -24.0000000000
13741 -23.0000000000
13755 -22.0000000000
13950 -21.0000000000
14342 -20.0000000000
14541 -19.0000000000
14877 -18.0000000000
15558 -17.0000000000
15813 -16.0000000000
16160 -15.0000000000
16468 -14.0000000000
16578 -13.0000000000
16690 -12.0000000000
17360 -11.0000000000
17701 -10.0000000000
18272 -8.0000000000
19275 -7.0000000000
20036 -6.0000000000
20506 -5.0000000000
20587 -4.0000000000
21011 -3.0000000000
21523 -2.0000000000
22126 -1.0000000000
22710 382.0000000000
22859 392.0000000000
23779 398.0000000000
24024 401.0000000000
24244 403.0000000000
24388 407.0000000000
44207 409.0000000000
57364 411.0000000000
71087 419.0000000000
100000 398.0000000000
evaluations raw_y
1 -226.0000000000
2 -212.0000000000
4 -205.0000000000
24 -194.0000000000
138 -192.0000000000
182 -191.0000000000
187 -190.0000000000
226 -189.0000000000
341 -188.0000000000
380 -187.0000000000
414 -186.0000000000
459 -184.0000000000
494 -183.0000000000
615 -182.0000000000
617 -181.0000000000
626 -180.0000000000
707 -179.0000000000
765 -178.0000000000
848 -177.0000000000
863 -175.0000000000
980 -174.0000000000
1007 -173.0000000000
1060 -171.0000000000
1089 -170.0000000000
1153 -169.0000000000
1194 -167.0000000000
1225 -166.0000000000
1345 -165.0000000000
1429 -164.0000000000
1460 -163.0000000000
1518 -162.0000000000
1535 -161.0000000000
1639 -160.0000000000
1729 -159.0000000000
1783 -158.0000000000
1806 -157.0000000000
1832 -155.0000000000
1844 -154.0000000000
1954 -152.0000000000
2120 -151.0000000000
2123 -150.0000000000
2171 -149.0000000000
2200 -148.0000000000
2221 -147.0000000000
2229 -146.0000000000
2301 -145.0000000000
2309 -144.0000000000
2353 -143.0000000000
2385 -142.0000000000
2435 -140.0000000000
2507 -139.0000000000
2524 -138.0000000000
2539 -137.0000000000
2549 -136.0000000000
2627 -135.0000000000
2656 -134.0000000000
2725 -133.0000000000
2780 -132.0000000000
2909 -131.0000000000
2917 -130.0000000000
2996 -129.0000000000
3055 -128.0000000000
3073 -127.0000000000
3165 -126.0000000000
3173 -125.0000000000
3260 -124.0000000000
3297 -123.0000000000
3301 -122.0000000000
3505 -121.0000000000
3586 -120.0000000000
3636 -119.0000000000
3729 -118.0000000000
3738 -117.0000000000
3835 -114.0000000000
3847 -113.0000000000
4035 -112.0000000000
4076 -111.0000000000
4162 -109.0000000000
4213 -108.0000000000
4330 -107.0000000000
4405 -106.0000000000
4431 -105.0000000000
4498 -104.0000000000
4627 -103.0000000000
4661 -102.0000000000
4675 -101.0000000000
4753 -100.0000000000
4807 -99.0000000000
4840 -98.0000000000
5004 -97.0000000000
5021 -96.0000000000
5051 -94.0000000000
5201 -93.0000000000
5292 -91.0000000000
5444 -90.0000000000
5497 -89.0000000000
5722 -88.0000000000
5770 -87.0000000000
5839 -86.0000000000
5884 -85.0000000000
5999 -84.0000000000
6152 -83.0000000000
6294 -82.0000000000
6476 -81.0000000000
6551 -79.0000000000
6634 -78.0000000000
6661 -77.0000000000
6665 -76.0000000000
6730 -75.0000000000
6777 -74.0000000000
6797 -73.0000000000
7109 -72.0000000000
7163 -71.0000000000
7216 -70.0000000000
7414 -69.0000000000
7452 -68.0000000000
7524 -67.0000000000
7640 -66.0000000000
7678 -65.0000000000
7730 -63.0000000000
7909 -62.0000000000
7937 -61.0000000000
8029 -60.0000000000
8065 -59.0000000000
8088 -58.0000000000
8192 -57.0000000000
8380 -56.0000000000
8510 -55.0000000000
8615 -54.0000000000
8747 -53.0000000000
8918 -52.0000000000
8991 -51.0000000000
9123 -50.0000000000
9384 -49.0000000000
9389 -48.0000000000
9705 -47.0000000000
9756 -46.0000000000
9821 -45.0000000000
10048 -44.0000000000
10171 -43.0000000000
10328 -42.0000000000
10423 -41.0000000000
10540 -40.0000000000
10746 -39.0000000000
10952 -38.0000000000
11157 -37.0000000000
11290 -36.0000000000
11764 -35.0000000000
11812 -34.0000000000
11942 -33.0000000000
12195 -32.0000000000
12330 -31.0000000000
12506 -30.0000000000
12993 -29.0000000000
13094 -28.0000000000
13487 -27.0000000000
13953 -26.0000000000
14017 -25.0000000000
14113 -24.0000000000
14564 -23.0000000000
15078 -22.0000000000
15487 -21.0000000000
15827 -20.0000000000
15948 -19.0000000000
16177 -18.0000000000
16313 -17.0000000000
16679 -16.0000000000
17019 -15.0000000000
17387 -14.0000000000
17535 -13.0000000000
17913 -12.0000000000
18304 -11.0000000000
18594 -10.0000000000
18800 -9.0000000000
19693 -8.0000000000
19881 -7.0000000000
20528 -6.0000000000
21078 -5.0000000000
21575 -4.0000000000
22462 -3.0000000000
23016 -2.0000000000
23375 -1.0000000000
25392 364.0000000000
25488 372.0000000000
25591 374.0000000000
25786 383.0000000000
26360 386.0000000000
26399 390.0000000000
26612 393.0000000000
26941 396.0000000000
28824 400.0000000000
32503 401.0000000000
33135 406.0000000000
34123 408.0000000000
35109 410.0000000000
36267 414.0000000000
38278 415.0000000000
57860 418.0000000000
73064 419.0000000000
78870 420.0000000000
81887 421.0000000000
82846 422.0000000000
88163 423.0000000000
100000 -1.0000000000
evaluations raw_y
1 -234.0000000000
2 -225.0000000000
3 -206.0000000000
7 -203.0000000000
13 -200.0000000000
30 -199.0000000000
31 -197.0000000000
89 -196.0000000000
154 -195.0000000000
164 -194.0000000000
243 -193.0000000000
301 -192.0000000000
345 -191.0000000000
354 -190.0000000000
409 -189.0000000000
455 -188.0000000000
490 -187.0000000000
504 -186.0000000000
533 -185.0000000000
554 -184.0000000000
555 -183.0000000000
616 -182.0000000000
622 -181.0000000000
687 -180.0000000000
714 -179.0000000000
797 -178.0000000000
854 -177.0000000000
912 -175.0000000000
980 -174.0000000000
1057 -173.0000000000
1070 -172.0000000000
1148 -170.0000000000
1177 -169.0000000000
1181 -168.0000000000
1287 -167.0000000000
1301 -166.0000000000
1338 -165.0000000000
1380 -164.0000000000
1483 -163.0000000000
1537 -162.0000000000
1563 -161.0000000000
1642 -159.0000000000
1698 -158.0000000000
1718 -157.0000000000
1765 -156.0000000000
1791 -155.0000000000
1806 -154.0000000000
1910 -153.0000000000
1912 -152.0000000000
1930 -151.0000000000
1948 -150.0000000000
1959 -148.0000000000
1986 -147.0000000000
2018 -146.0000000000
2155 -145.0000000000
2230 -144.0000000000
2231 -143.0000000000
2260 -142.0000000000
2308 -141.0000000000
2342 -140.0000000000
2408 -139.0000000000
2533 -138.0000000000
2565 -137.0000000000
2594 -135.0000000000
2627 -134.0000000000
2709 -133.0000000000
2821 -132.0000000000
2865 -131.0000000000
2962 -130.0000000000
2982 -128.0000000000
3016 -127.0000000000
3128 -126.0000000000
3194 -125.0000000000
3250 -124.0000000000
3297 -123.0000000000
3424 -122.0000000000
3441 -121.0000000000
3567 -120.0000000000
3578 -119.0000000000
3592 -118.0000000000
3734 -117.0000000000
3811 -115.0000000000
3958 -113.0000000000
4043 -111.0000000000
4129 -110.0000000000
4172 -109.0000000000
4250 -108.0000000000
4313 -107.0000000000
4363 -106.0000000000
4439 -105.0000000000
4497 -104.0000000000
4508 -103.0000000000
4596 -102.0000000000
4603 -101.0000000000
4799 -100.0000000000
4868 -99.0000000000
4935 -98.0000000000
4993 -96.0000000000
5080 -95.0000000000
5252 -94.0000000000
5267 -93.0000000000
5404 -92.0000000000
5420 -91.0000000000
5552 -90.0000000000
5619 -89.0000000000
5736 -88.0000000000
5795 -87.0000000000
5900 -86.0000000000
5912 -85.0000000000
6045 -84.0000000000
6099 -83.0000000000
6188 -81.0000000000
6415 -80.0000000000
6446 -79.0000000000
6454 -78.0000000000
6547 -77.0000000000
6557 -76.0000000000
6619 -75.0000000000
6804 -74.0000000000
6826 -73.0000000000
7070 -72.0000000000
7239 -71.0000000000
7454 -70.0000000000
7547 -69.0000000000
7645 -68.0000000000
7722 -67.0000000000
7853 -66.0000000000
7998 -65.0000000000
8079 -64.0000000000
8232 -63.0000000000
8288 -62.0000000000
8494 -61.0000000000
8590 -60.0000000000
8653 -59.0000000000
8801 -58.0000000000
9037 -57.0000000000
9093 -56.0000000000
9167 -55.0000000000
9355 -54.0000000000
9620 -53.0000000000
9721 -52.0000000000
9896 -51.0000000000
9930 -50.0000000000
10146 -49.0000000000
10223 -48.0000000000
10360 -47.0000000000
10492 -46.0000000000
10689 -45.0000000000
10893 -44.0000000000
11008 -43.0000000000
11107 -42.0000000000
11133 -41.0000000000
11437 -40.0000000000
11487 -39.0000000000
11969 -38.0000000000
12047 -36.0000000000
12485 -35.0000000000
12738 -34.0000000000
12909 -33.0000000000
13108 -32.0000000000
13191 -31.0000000000
13273 -30.0000000000
13737 -29.0000000000
13789 -28.0000000000
13897 -27.0000000000
14326 -26.0000000000
14465 -25.0000000000
14629 -24.0000000000
14694 -23.0000000000
14953 -22.0000000000
15188 -21.0000000000
15771 -20.0000000000
16228 -19.0000000000
16431 -18.0000000000
16689 -17.0000000000
16808 -16.0000000000
16975 -15.0000000000
17473 -14.0000000000
17489 -13.0000000000
17761 -12.0000000000
18045 -11.0000000000
18332 -10.0000000000
18729 -9.0000000000
18911 -8.0000000000
19451 -7.0000000000
19988 -6.0000000000
20692 -5.0000000000
21107 -4.0000000000
21680 -3.0000000000
22409 -2.0000000000
22813 -1.0000000000
23793 401.0000000000
24071 403.0000000000
24336 411.0000000000
25678 412.0000000000
26179 415.0000000000
36430 417.0000000000
61688 418.0000000000
62084 420.0000000000
63332 422.0000000000
64824 423.0000000000
100000 -1.0000000000
evaluations raw_y
1 -231.0000000000
2 -206.0000000000
11 -189.0000000000
14 -184.0000000000
50 -182.0000000000
245 -181.0000000000
254 -180.0000000000
286 -179.0000000000
312 -178.0000000000
362 -177.0000000000
385 -176.0000000000
427 -175.0000000000
474 -174.0000000000
482 -173.0000000000
532 -172.0000000000
617 -171.0000000000
644 -170.0000000000
681 -169.0000000000
711 -168.0000000000
738 -167.0000000000
778 -166.0000000000
779 -165.0000000000
856 -164.0000000000
884 -163.0000000000
892 -161.0000000000
998 -160.0000000000
1044 -159.0000000000
1119 -158.0000000000
1141 -157.0000000000
1183 -156.0000000000
1233 -154.0000000000
1253 -153.0000000000
1320 -152.0000000000
1359 -151.0000000000
1395 -150.0000000000
1489 -149.0000000000
1522 -148.0000000000
1563 -147.0000000000
1633 -146.0000000000
1729 -145.0000000000
1774 -144.0000000000
1824 -143.0000000000
1897 -142.0000000000
1922 -141.0000000000
2044 -140.0000000000
2062 -139.0000000000
2111 -138.0000000000
2143 -137.0000000000
2230 -136.0000000000
2296 -135.0000000000
2377 -134.0000000000
2435 -133.0000000000
2540 -132.0000000000
2587 -131.0000000000
2592 -130.0000000000
2605 -129.0000000000
2664 -127.0000000000
2843 -126.0000000000
2878 -125.0000000000
2966 -124.0000000000
3020 -123.0000000000
3079 -122.0000000000
3088 -121.0000000000
3302 -120.0000000000
3328 -119.0000000000
3393 -118.0000000000
3398 -117.0000000000
3448 -116.0000000000
3590 -115.0000000000
3607 -114.0000000000
3651 -113.0000000000
3813 -112.0000000000
3891 -111.0000000000
3921 -109.0000000000
3955 -108.0000000000
3985 -107.0000000000
4018 -106.0000000000
4193 -105.0000000000
4225 -104.0000000000
4333 -103.0000000000
4426 -102.0000000000
4529 -101.0000000000
4671 -100.0000000000
4709 -99.0000000000
4716 -98.0000000000
4840 -97.0000000000
4951 -96.0000000000
5142 -95.0000000000
5146 -94.0000000000
5225 -93.0000000000
5234 -92.0000000000
5454 -91.0000000000
5531 -90.0000000000
5641 -88.0000000000
5677 -87.0000000000
5739 -86.0000000000
5871 -85.0000000000
5998 -84.0000000000
6088 -83.0000000000
6118 -81.0000000000
6148 -80.0000000000
6454 -79.0000000000
6473 -78.0000000000
6588 -77.0000000000
6598 -76.0000000000
6685 -75.0000000000
6706 -74.0000000000
6880 -73.0000000000
6934 -72.0000000000
6977 -71.0000000000
7116 -70.0000000000
7131 -69.0000000000
7134 -68.0000000000
7470 -67.0000000000
7537 -66.0000000000
7644 -65.0000000000
7724 -64.0000000000
7729 -63.0000000000
7752 -62.0000000000
7893 -61.0000000000
7982 -60.0000000000
8101 -59.0000000000
8167 -58.0000000000
8223 -57.0000000000
8380 -56.0000000000
8473 -55.0000000000
8550 -54.0000000000
8794 -53.0000000000
8892 -52.0000000000
9000 -51.0000000000
9014 -50.0000000000
9058 -49.0000000000
9356 -48.0000000000
9457 -47.0000000000
9554 -46.0000000000
9682 -45.0000000000
9937 -44.0000000000
10062 -43.0000000000
10098 -42.0000000000
10118 -41.0000000000
10245 -40.0000000000
10447 -39.0000000000
10656 -38.0000000000
10716 -37.0000000000
10879 -36.0000000000
10928 -35.0000000000
11113 -34.0000000000
11459 -33.0000000000
11665 -32.0000000000
11943 -31.0000000000
12146 -30.0000000000
12372 -29.0000000000
12664 -28.0000000000
12689 -27.0000000000
13084 -26.0000000000
13261 -25.0000000000
13290 -24.0000000000
13421 -23.0000000000
13967 -22.0000000000
14224 -21.0000000000
14450 -20.0000000000
14772 -19.0000000000
15203 -18.0000000000
15702 -17.0000000000
15797 -16.0000000000
16027 -15.0000000000
16382 -14.0000000000
16553 -13.0000000000
16925 -12.0000000000
17052 -11.0000000000
17172 -10.0000000000
17772 -9.0000000000
18227 -8.0000000000
18656 -7.0000000000
19566 -6.0000000000
19944 -5.0000000000
20216 -4.0000000000
20481 -3.0000000000
20755 -2.0000000000
20967 -1.0000000000
21680 394.0000000000
22081 400.0000000000
22485 401.0000000000
22566 402.0000000000
22800 404.0000000000
22857 407.0000000000
22993 410.0000000000
23828 412.0000000000
24430 415.0000000000
24438 419.0000000000
24715 421.0000000000
26937 424.0000000000
27718 426.0000000000
28172 429.0000000000
100000 -1.0000000000
evaluations raw_y
1 -202.0000000000
8 -200.0000000000
30 -192.0000000000
57 -191.0000000000
81 -190.0000000000
99 -189.0000000000
161 -188.0000000000
222 -186.0000000000
277 -185.0000000000
295 -184.0000000000
323 -183.0000000000
415 -182.0000000000
486 -181.0000000000
525 -180.0000000000
622 -179.0000000000
693 -178.0000000000
733 -177.0000000000
742 -176.0000000000
803 -175.0000000000
818 -174.0000000000
846 -173.0000000000
963 -172.0000000000
992 -170.0000000000
1073 -169.0000000000
1088 -168.0000000000
1119 -167.0000000000
1173 -166.0000000000
1213 -165.0000000000
1225 -164.0000000000
1235 -163.0000000000
1323 -162.0000000000
1397 -161.0000000000
1456 -160.0000000000
1468 -159.0000000000
1501 -158.0000000000
1550 -157.0000000000
1580 -156.0000000000
1589 -155.0000000000
1728 -154.0000000000
1811 -152.0000000000
1950 -150.0000000000
2013 -149.0000000000
2033 -148.0000000000
2118 -147.0000000000
2178 -146.0000000000
2184 -145.0000000000
2270 -143.0000000000
2408 -142.0000000000
2458 -141.0000000000
2499 -140.0000000000
2564 -139.0000000000
2567 -138.0000000000
2671 -136.0000000000
2754 -135.0000000000
2814 -134.0000000000
2963 -133.0000000000
3025 -132.0000000000
3050 -131.0000000000
3159 -129.0000000000
3262 -128.0000000000
3295 -127.0000000000
3373 -126.0000000000
3463 -125.0000000000
3564 -124.0000000000
3574 -123.0000000000
3636 -122.0000000000
3653 -121.0000000000
3778 -120.0000000000
3813 -119.0000000000
3891 -118.0000000000
3925 -117.0000000000
4025 -116.0000000000
4134 -114.0000000000
4215 -113.0000000000
4424 -112.0000000000
4443 -111.0000000000
4512 -110.0000000000
4608 -109.0000000000
4633 -108.0000000000
4764 -107.0000000000
4778 -106.0000000000
4900 -105.0000000000
4974 -102.0000000000
4998 -101.0000000000
5006 -100.0000000000
5200 -99.0000000000
5252 -98.0000000000
5362 -97.0000000000
5395 -96.0000000000
5440 -95.0000000000
5581 -93.0000000000
5712 -92.0000000000
5783 -91.0000000000
5891 -90.0000000000
5963 -89.0000000000
6065 -88.0000000000
6092 -87.0000000000
6188 -86.0000000000
6321 -85.0000000000
6466 -84.0000000000
6584 -83.0000000000
6709 -82.0000000000
6800 -81.0000000000
6948 -80.0000000000
7030 -79.0000000000
7093 -78.0000000000
7122 -77.0000000000
7272 -76.0000000000
7295 -75.0000000000
7352 -74.0000000000
7428 -73.0000000000
7492 -72.0000000000
7806 -71.0000000000
7905 -70.0000000000
8067 -69.0000000000
8217 -68.0000000000
8220 -67.0000000000
8445 -66.0000000000
8625 -65.0000000000
8754 -64.0000000000
8897 -63.0000000000
9020 -62.0000000000
9106 -61.0000000000
9134 -60.0000000000
9233 -59.0000000000
9384 -58.0000000000
9620 -57.0000000000
9667 -56.0000000000
9879 -55.0000000000
10008 -54.0000000000
10110 -53.0000000000
10248 -52.0000000000
10407 -51.0000000000
10660 -50.0000000000
10747 -49.0000000000
10974 -48.0000000000
11162 -47.0000000000
11300 -46.0000000000
11572 -45.0000000000
11591 -44.0000000000
11877 -43.0000000000
11919 -42.0000000000
12023 -41.0000000000
12288 -40.0000000000
12481 -39.0000000000
12581 -38.0000000000
12707 -37.0000000000
13033 -36.0000000000
13346 -35.0000000000
13624 -34.0000000000
13717 -33.0000000000
14032 -32.0000000000
14165 -31.0000000000
14275 -30.0000000000
14611 -28.0000000000
14759 -27.0000000000
15081 -26.0000000000
15283 -25.0000000000
15350 -24.0000000000
15580 -23.0000000000
15862 -22.0000000000
16010 -21.0000000000
16490 -20.0000000000
17013 -19.0000000000
17250 -18.0000000000
17470 -17.0000000000
17788 -16.0000000000
18029 -15.0000000000
18329 -14.0000000000
18662 -13.0000000000
18766 -12.0000000000
19359 -11.0000000000
19729 -10.0000000000
19934 -9.0000000000
20390 -8.0000000000
20566 -7.0000000000
21047 -6.0000000000
21388 -5.0000000000
22003 -4.0000000000
22550 -3.0000000000
23054 -2.0000000000
23623 -1.0000000000
23929 403.0000000000
24246 408.0000000000
25110 409.0000000000
26015 411.0000000000
26348 412.0000000000
27563 415.0000000000
29354 418.0000000000
31134 419.0000000000
61045 425.0000000000
100000 -1.0000000000
evaluations raw_y
1 -232.0000000000
2 -211.0000000000
6 -204.0000000000
24 -191.0000000000
46 -186.0000000000
58 -185.0000000000
94 -184.0000000000
212 -180.0000000000
280 -179.0000000000
362 -178.0000000000
364 -177.0000000000
401 -176.0000000000
410 -175.0000000000
494 -174.0000000000
580 -173.0000000000
590 -172.0000000000
657 -171.0000000000
665 -170.0000000000
731 -169.0000000000
767 -168.0000000000
787 -167.0000000000
854 -166.0000000000
889 -165.0000000000
960 -164.0000000000
980 -162.0000000000
1039 -161.0000000000
1118 -160.0000000000
1141 -159.0000000000
1167 -158.0000000000
1174 -157.0000000000
1187 -156.0000000000
1204 -154.0000000000
1347 -153.0000000000
1419 -152.0000000000
1490 -151.0000000000
1580 -150.0000000000
1597 -149.0000000000
1684 -148.0000000000
1708 -147.0000000000
1744 -146.0000000000
1770 -145.0000000000
1867 -144.0000000000
1939 -143.0000000000
1975 -142.0000000000
2044 -141.0000000000
2103 -140.0000000000
2110 -138.0000000000
2208 -137.0000000000
2311 -136.0000000000
2325 -135.0000000000
2372 -134.0000000000
2441 -133.0000000000
2513 -132.0000000000
2535 -131.0000000000
2569 -130.0000000000
2624 -129.0000000000
2665 -128.0000000000
2746 -127.0000000000
2754 -125.0000000000
2915 -124.0000000000
2992 -123.0000000000
3017 -122.0000000000
3137 -121.0000000000
3201 -119.0000000000
3262 -118.0000000000
3376 -117.0000000000
3426 -116.0000000000
3471 -115.0000000000
3503 -113.0000000000
3608 -112.0000000000
3669 -111.0000000000
3725 -110.0000000000
3797 -109.0000000000
3872 -107.0000000000
3889 -106.0000000000
4049 -105.0000000000
4136 -104.0000000000
4156 -102.0000000000
4225 -101.0000000000
4285 -100.0000000000
4312 -99.0000000000
4338 -98.0000000000
4463 -97.0000000000
4499 -96.0000000000
4593 -95.0000000000
4632 -94.0000000000
4687 -93.0000000000
4751 -92.0000000000
4829 -91.0000000000
4845 -90.0000000000
4939 -88.0000000000
4982 -87.0000000000
5323 -86.0000000000
5403 -85.0000000000
5506 -84.0000000000
5560 -83.0000000000
5617 -82.0000000000
5755 -81.0000000000
5815 -80.0000000000
5905 -79.0000000000
6121 -78.0000000000
6179 -77.0000000000
6286 -76.0000000000
6407 -75.0000000000
6605 -74.0000000000
6708 -73.0000000000
6826 -72.0000000000
6890 -71.0000000000
7039 -70.0000000000
7138 -69.0000000000
7192 -67.0000000000
7527 -66.0000000000
7628 -65.0000000000
7811 -64.0000000000
7963 -63.0000000000
8053 -62.0000000000
8152 -61.0000000000
8153 -60.0000000000
8248 -59.0000000000
8493 -58.0000000000
8600 -57.0000000000
8837 -55.0000000000
9002 -54.0000000000
9077 -53.0000000000
9126 -52.0000000000
9377 -51.0000000000
9487 -50.0000000000
9629 -49.0000000000
9796 -48.0000000000
9809 -47.0000000000
9913 -46.0000000000
10134 -45.0000000000
10193 -44.0000000000
10476 -43.0000000000
10569 -42.0000000000
10672 -41.0000000000
10804 -40.0000000000
10879 -39.0000000000
10926 -38.0000000000
11095 -37.0000000000
11158 -36.0000000000
11307 -35.0000000000
11462 -34.0000000000
11531 -33.0000000000
11623 -32.0000000000
11949 -31.0000000000
12145 -30.0000000000
12310 -29.0000000000
12382 -28.0000000000
12657 -27.0000000000
12879 -26.0000000000
13244 -25.0000000000
13549 -24.0000000000
13633 -23.0000000000
14134 -22.0000000000
14362 -21.0000000000
14603 -20.0000000000
14811 -19.0000000000
15083 -18.0000000000
15305 -17.0000000000
15730 -16.0000000000
15927 -15.0000000000
16465 -14.0000000000
16922 -13.0000000000
17130 -12.0000000000
17647 -11.0000000000
18012 -10.0000000000
18425 -9.0000000000
19121 -8.0000000000
19249 -7.0000000000
19566 -6.0000000000
20507 -5.0000000000
20666 -4.0000000000
21527 -3.0000000000
22096 -2.0000000000
22477 -1.0000000000
23855 400.0000000000
24364 410.0000000000
25425 411.0000000000
27663 412.0000000000
31249 414.0000000000
36633 416.0000000000
50123 417.0000000000
53284 418.0000000000
71723 419.0000000000
72267 421.0000000000
88125 423.0000000000
100000 -2.0000000000
evaluations raw_y
1 -212.0000000000
2 -211.0000000000
6 -207.0000000000
11 -205.0000000000
12 -193.0000000000
104 -192.0000000000
147 -191.0000000000
203 -190.0000000000
204 -189.0000000000
268 -188.0000000000
298 -187.0000000000
313 -186.0000000000
406 -185.0000000000
451 -184.0000000000
455 -183.0000000000
473 -182.0000000000
502 -181.0000000000
554 -180.0000000000
557 -178.0000000000
691 -176.0000000000
708 -175.0000000000
732 -174.0000000000
772 -172.0000000000
858 -171.0000000000
885 -170.0000000000
936 -169.0000000000
1005 -168.0000000000
1091 -167.0000000000
1144 -166.0000000000
1168 -165.0000000000
1195 -164.0000000000
1277 -163.0000000000
1295 -162.0000000000
1339 -160.0000000000
1343 -159.0000000000
1382 -158.0000000000
1387 -157.0000000000
1479 -156.0000000000
1565 -155.0000000000
1611 -154.0000000000
1616 -153.0000000000
1770 -152.0000000000
1881 -150.0000000000
1917 -149.0000000000
2029 -148.0000000000
2035 -147.0000000000
2105 -146.0000000000
2185 -145.0000000000
2212 -144.0000000000
2270 -143.0000000000
2292 -142.0000000000
2310 -140.0000000000
2395 -139.0000000000
2532 -138.0000000000
2565 -137.0000000000
2638 -136.0000000000
2711 -134.0000000000
2796 -133.0000000000
2878 -132.0000000000
2908 -131.0000000000
2943 -130.0000000000
3186 -129.0000000000
3187 -128.0000000000
3242 -127.0000000000
3413 -126.0000000000
3441 -125.0000000000
3498 -124.0000000000
3507 -123.0000000000
3636 -122.0000000000
3653 -120.0000000000
3782 -118.0000000000
3851 -117.0000000000
3952 -116.0000000000
4042 -115.0000000000
4122 -114.0000000000
4169 -113.0000000000
4226 -112.0000000000
4304 -109.0000000000
4307 -108.0000000000
4449 -107.0000000000
4583 -106.0000000000
4619 -105.0000000000
4714 -104.0000000000
4736 -103.0000000000
4920 -102.0000000000
5031 -101.0000000000
5050 -100.0000000000
5080 -99.0000000000
5215 -98.0000000000
5240 -97.0000000000
5249 -96.0000000000
5399 -95.0000000000
5439 -94.0000000000
5460 -93.0000000000
5522 -92.0000000000
5563 -91.0000000000
5721 -90.0000000000
5771 -89.0000000000
5892 -88.0000000000
5954 -87.0000000000
5965 -86.0000000000
6166 -85.0000000000
6265 -84.0000000000
6378 -83.0000000000
6387 -82.0000000000
6440 -81.0000000000
6674 -80.0000000000
6818 -79.0000000000
6879 -78.0000000000
6939 -77.0000000000
6966 -76.0000000000
7005 -75.0000000000
7174 -74.0000000000
7233 -73.0000000000
7286 -72.0000000000
7326 -71.0000000000
7335 -70.0000000000
7644 -69.0000000000
7724 -68.0000000000
7802 -66.0000000000
7878 -65.0000000000
7970 -62.0000000000
8462 -61.0000000000
8523 -60.0000000000
8642 -59.0000000000
8685 -58.0000000000
8846 -57.0000000000
8965 -56.0000000000
8982 -54.0000000000
9330 -53.0000000000
9404 -52.0000000000
9703 -51.0000000000
9765 -50.0000000000
9928 -49.0000000000
9985 -48.0000000000
10085 -47.0000000000
10143 -46.0000000000
10261 -45.0000000000
10277 -44.0000000000
10509 -43.0000000000
10552 -42.0000000000
10570 -41.0000000000
10616 -40.0000000000
10854 -39.0000000000
10949 -38.0000000000
11232 -37.0000000000
11653 -36.0000000000
11839 -35.0000000000
11944 -34.0000000000
12101 -33.0000000000
12241 -32.0000000000
12414 -31.0000000000
12671 -30.0000000000
12923 -29.0000000000
13069 -28.0000000000
13367 -27.0000000000
13467 -26.0000000000
13615 -25.0000000000
13986 -24.0000000000
14463 -23.0000000000
14855 -22.0000000000
14929 -21.0000000000
15193 -20.0000000000
15468 -19.0000000000
15825 -18.0000000000
16191 -17.0000000000
16447 -16.0000000000
16518 -15.0000000000
16950 -14.0000000000
17632 -13.0000000000
18017 -12.0000000000
18696 -11.0000000000
19164 -10.0000000000
19551 -9.0000000000
19914 -8.0000000000
20462 -7.0000000000
20929 -6.0000000000
21097 -5.0000000000
22186 -4.0000000000
22505 -3.0000000000
22762 -2.0000000000
22847 -1.0000000000
23720 377.0000000000
23913 381.0000000000
23981 390.0000000000
24507 392.0000000000
24941 396.0000000000
25023 399.0000000000
25974 401.0000000000
26051 402.0000000000
26750 404.0000000000
28055 405.0000000000
30003 406.0000000000
34012 408.0000000000
34494 411.0000000000
39881 415.0000000000
46225 418.0000000000
49992 419.0000000000
53274 423.0000000000
54107 425.0000000000
54276 427.0000000000
60360 429.0000000000
64394 430.0000000000
71393 432.0000000000
86167 433.0000000000
89855 434.0000000000
100000 -1.0000000000
evaluations raw_y
1 -226.0000000000
2 -215.0000000000
5 -199.0000000000
9 -189.0000000000
255 -188.0000000000
292 -187.0000000000
333 -186.0000000000
417 -185.0000000000
433 -184.0000000000
472 -183.0000000000
480 -181.0000000000
580 -180.0000000000
659 -179.0000000000
688 -178.0000000000
729 -177.0000000000
807 -176.0000000000
844 -175.0000000000
861 -174.0000000000
877 -173.0000000000
969 -172.0000000000
1009 -171.0000000000
1042 -170.0000000000
1084 -169.0000000000
1172 -168.0000000000
1194 -166.0000000000
1271 -165.0000000000
1335 -164.0000000000
1392 -163.0000000000
1446 -162.0000000000
1505 -161.0000000000
1546 -160.0000000000
1570 -159.0000000000
1576 -158.0000000000
1602 -157.0000000000
1661 -156.0000000000
1700 -155.0000000000
1712 -154.0000000000
1828 -153.0000000000
1864 -152.0000000000
1868 -150.0000000000
2009 -149.0000000000
2064 -148.0000000000
2093 -147.0000000000
2129 -146.0000000000
2207 -145.0000000000
2273 -144.0000000000
2351 -143.0000000000
2375 -142.0000000000
2492 -141.0000000000
2507 -140.0000000000
2610 -139.0000000000
2683 -138.0000000000
2696 -137.0000000000
2749 -136.0000000000
2788 -135.0000000000
2868 -134.0000000000
2929 -133.0000000000
2967 -132.0000000000
3090 -131.0000000000
3112 -130.0000000000
3170 -129.0000000000
3268 -128.0000000000
3333 -127.0000000000
3433 -126.0000000000
3473 -125.0000000000
3516 -123.0000000000
3611 -122.0000000000
3697 -121.0000000000
3754 -120.0000000000
3800 -119.0000000000
3823 -118.0000000000
3893 -117.0000000000
3983 -116.0000000000
4063 -115.0000000000
4154 -114.0000000000
4254 -113.0000000000
4284 -112.0000000000
4330 -111.0000000000
4365 -110.0000000000
4388 -109.0000000000
4521 -108.0000000000
4523 -107.0000000000
4544 -106.0000000000
4727 -105.0000000000
4777 -104.0000000000
4856 -102.0000000000
5003 -101.0000000000
5098 -100.0000000000
5189 -99.0000000000
5219 -98.0000000000
5313 -97.0000000000
5326 -96.0000000000
5409 -95.0000000000
5448 -94.0000000000
5525 -93.0000000000
5623 -92.0000000000
5758 -91.0000000000
5846 -90.0000000000
5983 -89.0000000000
6051 -88.0000000000
6107 -87.0000000000
6225 -86.0000000000
6326 -85.0000000000
6524 -84.0000000000
6569 -83.0000000000
6750 -82.0000000000
6857 -81.0000000000
7027 -80.0000000000
7082 -79.0000000000
7163 -78.0000000000
7330 -77.0000000000
7407 -76.0000000000
7487 -75.0000000000
7505 -74.0000000000
7537 -73.0000000000
7592 -72.0000000000
7705 -71.0000000000
7970 -70.0000000000
8026 -68.0000000000
8143 -67.0000000000
8212 -66.0000000000
8499 -64.0000000000
8683 -63.0000000000
8757 -62.0000000000
8918 -61.0000000000
8959 -60.0000000000
9041 -59.0000000000
9284 -58.0000000000
9349 -57.0000000000
9424 -56.0000000000
9557 -55.0000000000
9751 -54.0000000000
9833 -53.0000000000
9902 -52.0000000000
9989 -51.0000000000
10240 -50.0000000000
10570 -49.0000000000
10639 -48.0000000000
10742 -47.0000000000
10901 -46.0000000000
11006 -45.0000000000
11081 -44.0000000000
11246 -43.0000000000
11634 -42.0000000000
11723 -41.0000000000
11958 -40.0000000000
12145 -39.0000000000
12372 -38.0000000000
12511 -37.0000000000
12764 -36.0000000000
12914 -35.0000000000
13161 -34.0000000000
13599 -33.0000000000
13750 -32.0000000000
13909 -31.0000000000
13993 -30.0000000000
14236 -29.0000000000
14348 -28.0000000000
14464 -27.0000000000
14812 -26.0000000000
14927 -25.0000000000
15112 -24.0000000000
15311 -23.0000000000
15578 -22.0000000000
15960 -21.0000000000
16164 -20.0000000000
16412 -19.0000000000
17064 -18.0000000000
17609 -17.0000000000
17804 -16.0000000000
17992 -15.0000000000
18279 -14.0000000000
18287 -13.0000000000
18917 -12.0000000000
19161 -11.0000000000
19679 -10.0000000000
19889 -9.0000000000
20088 -8.0000000000
20879 -7.0000000000
20923 -6.0000000000
21286 -5.0000000000
21811 -4.0000000000
22347 -3.0000000000
22458 -2.0000000000
22592 -1.0000000000
23779 376.0000000000
23872 379.0000000000
24267 381.0000000000
24302 390.0000000000
24712 398.0000000000
26489 401.0000000000
26647 404.0000000000
30250 409.0000000000
33336 410.0000000000
33468 411.0000000000
33721 415.0000000000
34863 418.0000000000
36607 420.0000000000
40291 424.0000000000
45458 426.0000000000
67664 427.0000000000
69283 428.0000000000
74108 431.0000000000
75637 432.0000000000
100000 -3.0000000000
evaluations raw_y
1 -217.0000000000
3 -203.0000000000
26 -199.0000000000
50 -197.0000000000
114 -196.0000000000
183 -195.0000000000
186 -194.0000000000
193 -193.0000000000
288 -192.0000000000
324 -191.0000000000
351 -190.0000000000
361 -189.0000000000
420 -188.0000000000
463 -187.0000000000
480 -186.0000000000
584 -185.0000000000
585 -184.0000000000
607 -182.0000000000
630 -181.0000000000
694 -180.0000000000
812 -179.0000000000
856 -177.0000000000
865 -176.0000000000
917 -175.0000000000
1028 -174.0000000000
1031 -173.0000000000
1135 -172.0000000000
1159 -171.0000000000
1162 -170.0000000000
1208 -169.0000000000
1255 -167.0000000000
1347 -166.0000000000
1357 -165.0000000000
1375 -163.0000000000
1469 -162.0000000000
1513 -161.0000000000
1528 -160.0000000000
1617 -159.0000000000
1656 -158.0000000000
1720 -157.0000000000
1791 -156.0000000000
1797 -155.0000000000
1905 -154.0000000000
1919 -153.0000000000
1985 -152.0000000000
2027 -151.0000000000
2044 -150.0000000000
2119 -149.0000000000
2142 -148.0000000000
2210 -147.0000000000
2250 -146.0000000000
2262 -145.0000000000
2328 -144.0000000000
2349 -143.0000000000
2392 -142.0000000000
2439 -141.0000000000
2535 -140.0000000000
2563 -139.0000000000
2604 -138.0000000000
2642 -137.0000000000
2701 -136.0000000000
2751 -135.0000000000
2841 -134.0000000000
2914 -133.0000000000
2983 -132.0000000000
3033 -131.0000000000
3093 -130.0000000000
3110 -129.0000000000
3131 -128.0000000000
3201 -127.0000000000
3320 -126.0000000000
3339 -125.0000000000
3404 -124.0000000000
3442 -123.0000000000
3457 -122.0000000000
3462 -121.0000000000
3566 -120.0000000000
3652 -119.0000000000
3715 -118.0000000000
3737 -117.0000000000
3815 -116.0000000000
3911 -115.0000000000
4022 -114.0000000000
4122 -113.0000000000
4168 -112.0000000000
4210 -111.0000000000
4286 -110.0000000000
4349 -109.0000000000
4464 -108.0000000000
4473 -107.0000000000
4528 -106.0000000000
4645 -105.0000000000
4717 -104.0000000000
4725 -103.0000000000
4765 -102.0000000000
4912 -101.0000000000
4947 -100.0000000000
5031 -99.0000000000
5039 -98.0000000000
5068 -97.0000000000
5219 -96.0000000000
5281 -95.0000000000
5302 -94.0000000000
5431 -93.0000000000
5447 -92.0000000000
5579 -91.0000000000
5722 -90.0000000000
5738 -89.0000000000
5798 -88.0000000000
5932 -87.0000000000
6040 -86.0000000000
6071 -85.0000000000
6288 -84.0000000000
6394 -83.0000000000
6440 -82.0000000000
6547 -81.0000000000
6696 -80.0000000000
6766 -79.0000000000
6915 -78.0000000000
6945 -77.0000000000
6960 -76.0000000000
7075 -75.0000000000
7153 -74.0000000000
7259 -72.0000000000
7306 -71.0000000000
7403 -70.0000000000
7591 -69.0000000000
7693 -68.0000000000
7901 -67.0000000000
7957 -66.0000000000
8033 -65.0000000000
8103 -64.0000000000
8212 -63.0000000000
8389 -62.0000000000
8476 -61.0000000000
8616 -60.0000000000
8700 -59.0000000000
8769 -58.0000000000
8977 -57.0000000000
9109 -56.0000000000
9329 -55.0000000000
9413 -54.0000000000
9616 -53.0000000000
9655 -52.0000000000
9833 -51.0000000000
10021 -50.0000000000
10080 -49.0000000000
10151 -48.0000000000
10459 -47.0000000000
10542 -46.0000000000
10726 -45.0000000000
10863 -44.0000000000
10890 -43.0000000000
10978 -42.0000000000
11133 -41.0000000000
11224 -40.0000000000
11500 -39.0000000000
11673 -38.0000000000
11908 -37.0000000000
11944 -36.0000000000
11988 -35.0000000000
12016 -34.0000000000
12204 -33.0000000000
12434 -32.0000000000
12650 -31.0000000000
12961 -30.0000000000
12969 -29.0000000000
13462 -28.0000000000
13471 -27.0000000000
13532 -26.0000000000
13847 -25.0000000000
14030 -24.0000000000
14305 -23.0000000000
14486 -22.0000000000
14951 -21.0000000000
15091 -20.0000000000
15459 -19.0000000000
15656 -18.0000000000
15858 -17.0000000000
16332 -16.0000000000
16772 -15.0000000000
16882 -14.0000000000
17684 -13.0000000000
17964 -12.0000000000
18374 -11.0000000000
18911 -10.0000000000
19377 -9.0000000000
19505 -8.0000000000
19947 -7.0000000000
20231 -6.0000000000
21034 -5.0000000000
21181 -4.0000000000
21705 -3.0000000000
22006 -2.0000000000
22044 -1.0000000000
22103 368.0000000000
22763 385.0000000000
23139 386.0000000000
23275 390.0000000000
23330 391.0000000000
23340 401.0000000000
24780 402.0000000000
27042 404.0000000000
27560 405.0000000000
30369 410.0000000000
30679 413.0000000000
31921 414.0000000000
35961 416.0000000000
36794 417.0000000000
38648 418.0000000000
45451 419.0000000000
46316 421.0000000000
48134 423.0000000000
65265 424.0000000000
82617 427.0000000000
91585 429.0000000000
92931 430.0000000000
100000 -1.0000000000
evaluations raw_y
1 -214.0000000000
4 -212.0000000000
8 -211.0000000000
11 -210.0000000000
12 -209.0000000000
15 -200.0000000000
50 -192.0000000000
171 -191.0000000000
214 -190.0000000000
233 -189.0000000000
269 -188.0000000000
317 -187.0000000000
428 -186.0000000000
476 -185.0000000000
495 -184.0000000000
538 -183.0000000000
590 -182.0000000000
601 -181.0000000000
672 -180.0000000000
708 -179.0000000000
814 -178.0000000000
832 -177.0000000000
898 -176.0000000000
940 -175.0000000000
947 -174.0000000000
1013 -173.0000000000
1028 -172.0000000000
1089 -171.0000000000
1129 -170.0000000000
1154 -169.0000000000
1157 -168.0000000000
1268 -167.0000000000
1319 -166.0000000000
1352 -165.0000000000
1354 -164.0000000000
1448 -163.0000000000
1517 -162.0000000000
1566 -161.0000000000
1583 -160.0000000000
1679 -159.0000000000
1724 -158.0000000000
1731 -157.0000000000
1785 -156.0000000000
1811 -155.0000000000
1886 -154.0000000000
1923 -153.0000000000
1965 -152.0000000000
2034 -150.0000000000
2043 -149.0000000000
2067 -148.0000000000
2199 -147.0000000000
2250 -146.0000000000
2329 -145.0000000000
2377 -144.0000000000
2401 -143.0000000000
2507 -142.0000000000
2553 -141.0000000000
2559 -139.0000000000
2564 -138.0000000000
2726 -137.0000000000
2778 -136.0000000000
2846 -135.0000000000
2963 -134.0000000000
2990 -133.0000000000
3027 -132.0000000000
3067 -131.0000000000
3187 -130.0000000000
3222 -129.0000000000
3241 -128.0000000000
3314 -127.0000000000
3321 -126.0000000000
3325 -125.0000000000
3452 -124.0000000000
3460 -123.0000000000
3505 -122.0000000000
3538 -121.0000000000
3600 -120.0000000000
3677 -118.0000000000
3810 -117.0000000000
3922 -116.0000000000
3942 -115.0000000000
3994 -114.0000000000
4112 -113.0000000000
4151 -112.0000000000
4174 -111.0000000000
4364 -110.0000000000
4422 -109.0000000000
4503 -108.0000000000
4554 -107.0000000000
4602 -106.0000000000
4689 -105.0000000000
4844 -104.0000000000
4931 -103.0000000000
4949 -102.0000000000
5012 -101.0000000000
5083 -100.0000000000
5089 -98.0000000000
5101 -97.0000000000
5346 -96.0000000000
5380 -95.0000000000
5489 -94.0000000000
5509 -93.0000000000
5706 -92.0000000000
5758 -91.0000000000
5815 -90.0000000000
6006 -89.0000000000
6055 -88.0000000000
6110 -87.0000000000
6291 -86.0000000000
6362 -85.0000000000
6379 -84.0000000000
6424 -83.0000000000
6585 -82.0000000000
6629 -81.0000000000
6685 -80.0000000000
6799 -79.0000000000
6926 -78.0000000000
6983 -77.0000000000
7096 -76.0000000000
7241 -75.0000000000
7446 -74.0000000000
7565 -73.0000000000
7651 -72.0000000000
7669 -71.0000000000
7702 -70.0000000000
7915 -69.0000000000
8075 -68.0000000000
8156 -67.0000000000
8236 -66.0000000000
8368 -65.0000000000
8399 -64.0000000000
8529 -63.0000000000
8723 -62.0000000000
8768 -61.0000000000
8771 -59.0000000000
9131 -58.0000000000
9250 -56.0000000000
9480 -55.0000000000
9694 -54.0000000000
9806 -53.0000000000
9949 -52.0000000000
9984 -51.0000000000
10196 -50.0000000000
10299 -49.0000000000
10470 -48.0000000000
10730 -47.0000000000
10891 -46.0000000000
11133 -45.0000000000
11291 -44.0000000000
11418 -43.0000000000
11503 -42.0000000000
11646 -41.0000000000
11922 -40.0000000000
12151 -39.0000000000
12184 -38.0000000000
12439 -37.0000000000
12670 -36.0000000000
12902 -35.0000000000
13064 -34.0000000000
13193 -33.0000000000
13281 -32.0000000000
13384 -31.0000000000
13710 -30.0000000000
13846 -29.0000000000
14022 -28.0000000000
14065 -27.0000000000
14377 -26.0000000000
14519 -25.0000000000
14893 -24.0000000000
14969 -23.0000000000
15305 -22.0000000000
15346 -21.0000000000
15746 -20.0000000000
16070 -19.0000000000
16209 -18.0000000000
16852 -17.0000000000
17075 -16.0000000000
17278 -15.0000000000
17575 -14.0000000000
17952 -13.0000000000
18496 -12.0000000000
18669 -11.0000000000
18991 -10.0000000000
19267 -9.0000000000
19787 -8.0000000000
20105 -7.0000000000
20658 -6.0000000000
21066 -5.0000000000
21487 -4.0000000000
22162 -3.0000000000
22623 -2.0000000000
23563 -1.0000000000
23735 385.0000000000
23969 394.0000000000
24374 397.0000000000
25430 399.0000000000
25650 400.0000000000
25685 401.0000000000
26229 402.0000000000
26408 404.0000000000
27013 406.0000000000
27097 408.0000000000
29354 409.0000000000
30157 414.0000000000
37832 420.0000000000
51129 421.0000000000
74091 424.0000000000
89884 427.0000000000
100000 -1.0000000000
evaluations raw_y
1 -227.0000000000
2 -213.0000000000
5 -210.0000000000
8 -195.0000000000
70 -193.0000000000
95 -191.0000000000
128 -189.0000000000
229 -188.0000000000
316 -187.0000000000
377 -186.0000000000
443 -185.0000000000
480 -184.0000000000
506 -183.0000000000
526 -181.0000000000
642 -180.0000000000
655 -178.0000000000
684 -177.0000000000
716 -176.0000000000
728 -175.0000000000
767 -174.0000000000
929 -173.0000000000
954 -172.0000000000
1008 -171.0000000000
1049 -170.0000000000
1085 -169.0000000000
1103 -168.0000000000
1132 -166.0000000000
1209 -165.0000000000
1224 -164.0000000000
1234 -163.0000000000
1308 -161.0000000000
1386 -160.0000000000
1414 -159.0000000000
1479 -158.0000000000
1528 -157.0000000000
1546 -156.0000000000
1626 -155.0000000000
1650 -153.0000000000
1663 -152.0000000000
1687 -151.0000000000
1693 -150.0000000000
1856 -149.0000000000
1888 -148.0000000000
1985 -147.0000000000
2002 -146.0000000000
2050 -145.0000000000
2129 -144.0000000000
2163 -143.0000000000
2174 -142.0000000000
2176 -141.0000000000
2187 -140.0000000000
2317 -139.0000000000
2371 -138.0000000000
2384 -137.0000000000
2492 -136.0000000000
2518 -135.0000000000
2588 -134.0000000000
2638 -133.0000000000
2734 -132.0000000000
2763 -131.0000000000
2813 -130.0000000000
2832 -129.0000000000
2886 -128.0000000000
3017 -127.0000000000
3042 -125.0000000000
3144 -124.0000000000
3168 -123.0000000000
3253 -122.0000000000
3374 -121.0000000000
3440 -119.0000000000
3597 -118.0000000000
3601 -117.0000000000
3612 -116.0000000000
3625 -113.0000000000
3784 -111.0000000000
3805 -110.0000000000
3919 -109.0000000000
3969 -108.0000000000
4071 -107.0000000000
4156 -106.0000000000
4225 -105.0000000000
4279 -104.0000000000
4373 -103.0000000000
4411 -102.0000000000
4437 -101.0000000000
4473 -100.0000000000
4545 -99.0000000000
4560 -98.0000000000
4664 -97.0000000000
4756 -96.0000000000
4828 -95.0000000000
4935 -94.0000000000
4982 -93.0000000000
5122 -92.0000000000
5252 -91.0000000000
5257 -90.0000000000
5342 -89.0000000000
5458 -88.0000000000
5489 -87.0000000000
5513 -86.0000000000
5722 -85.0000000000
5837 -84.0000000000
5925 -83.0000000000
5964 -82.0000000000
6084 -81.0000000000
6195 -80.0000000000
6349 -79.0000000000
6400 -78.0000000000
6546 -77.0000000000
6574 -76.0000000000
6681 -75.0000000000
6771 -74.0000000000
6895 -73.0000000000
7004 -72.0000000000
7101 -71.0000000000
7252 -70.0000000000
7363 -69.0000000000
7460 -68.0000000000
7465 -67.0000000000
7509 -66.0000000000
7771 -65.0000000000
7777 -64.0000000000
7872 -63.0000000000
8081 -62.0000000000
8184 -61.0000000000
8272 -60.0000000000
8536 -59.0000000000
8646 -58.0000000000
8756 -57.0000000000
8874 -56.0000000000
9036 -55.0000000000
9075 -54.0000000000
9117 -53.0000000000
9260 -52.0000000000
9285 -51.0000000000
9516 -50.0000000000
9575 -49.0000000000
9606 -48.0000000000
9935 -47.0000000000
9995 -46.0000000000
10243 -45.0000000000
10561 -44.0000000000
10580 -43.0000000000
10611 -42.0000000000
11034 -41.0000000000
11124 -40.0000000000
11381 -39.0000000000
11539 -38.0000000000
11660 -37.0000000000
11890 -36.0000000000
11912 -35.0000000000
12187 -34.0000000000
12356 -33.0000000000
12619 -32.0000000000
12697 -31.0000000000
13041 -30.0000000000
13168 -29.0000000000
13429 -28.0000000000
13653 -27.0000000000
13699 -26.0000000000
13970 -25.0000000000
14211 -24.0000000000
14428 -23.0000000000
14765 -22.0000000000
14934 -21.0000000000
15406 -20.0000000000
15767 -19.0000000000
16088 -18.0000000000
16475 -17.0000000000
16555 -16.0000000000
16775 -15.0000000000
17190 -14.0000000000
17788 -13.0000000000
18146 -12.0000000000
18426 -11.0000000000
18580 -10.0000000000
18841 -9.0000000000
19117 -8.0000000000
19521 -7.0000000000
19874 -6.0000000000
20550 -5.0000000000
21338 -4.0000000000
21752 -3.0000000000
22428 -2.0000000000
22930 -1.0000000000
22992 367.0000000000
23360 381.0000000000
23719 394.0000000000
25542 395.0000000000
25707 397.0000000000
25729 401.0000000000
27771 409.0000000000
35863 410.0000000000
36377 416.0000000000
66246 417.0000000000
79831 418.0000000000
100000 402.0000000000
evaluations raw_y
1 -219.0000000000
2 -211.0000000000
4 -201.0000000000
12 -197.0000000000
21 -196.0000000000
86 -195.0000000000
123 -194.0000000000
185 -193.0000000000
227 -192.0000000000
231 -191.0000000000
255 -190.0000000000
314 -189.0000000000
407 -188.0000000000
446 -187.0000000000
493 -186.0000000000
512 -185.0000000000
541 -184.0000000000
569 -181.0000000000
660 -180.0000000000
705 -179.0000000000
713 -178.0000000000
753 -176.0000000000
831 -175.0000000000
893 -174.0000000000
935 -173.0000000000
942 -172.0000000000
973 -171.0000000000
1043 -169.0000000000
1163 -168.0000000000
1187 -167.0000000000
1240 -166.0000000000
1302 -165.0000000000
1329 -164.0000000000
1340 -162.0000000000
1353 -161.0000000000
1385 -160.0000000000
1409 -159.0000000000
1484 -158.0000000000
1615 -157.0000000000
1644 -156.0000000000
1708 -155.0000000000
1745 -154.0000000000
1751 -153.0000000000
1788 -152.0000000000
1857 -151.0000000000
1919 -150.0000000000
1943 -149.0000000000
1989 -148.0000000000
1995 -147.0000000000
2032 -146.0000000000
2033 -145.0000000000
2137 -144.0000000000
2177 -143.0000000000
2198 -142.0000000000
2210 -141.0000000000
2271 -140.0000000000
2341 -138.0000000000
2374 -137.0000000000
2413 -135.0000000000
2571 -134.0000000000
2634 -133.0000000000
2649 -132.0000000000
2769 -131.0000000000
2772 -130.0000000000
2810 -129.0000000000
2885 -128.0000000000
2978 -127.0000000000
3023 -126.0000000000
3083 -125.0000000000
3161 -124.0000000000
3253 -123.0000000000
3269 -121.0000000000
3298 -119.0000000000
3489 -118.0000000000
3550 -115.0000000000
3572 -114.0000000000
3608 -113.0000000000
3673 -112.0000000000
3750 -111.0000000000
3757 -110.0000000000
3785 -109.0000000000
3963 -108.0000000000
4007 -107.0000000000
4105 -106.0000000000
4108 -105.0000000000
4208 -104.0000000000
4279 -103.0000000000
4395 -102.0000000000
4402 -101.0000000000
4459 -100.0000000000
4609 -99.0000000000
4632 -98.0000000000
4729 -97.0000000000
4839 -96.0000000000
4841 -95.0000000000
4892 -94.0000000000
5011 -93.0000000000
5016 -92.0000000000
5173 -91.0000000000
5201 -90.0000000000
5351 -89.0000000000
5449 -87.0000000000
5538 -86.0000000000
5660 -85.0000000000
5719 -84.0000000000
5743 -83.0000000000
5928 -82.0000000000
5967 -81.0000000000
6004 -80.0000000000
6136 -79.0000000000
6149 -78.0000000000
6217 -77.0000000000
6320 -74.0000000000
6413 -73.0000000000
6626 -72.0000000000
6669 -71.0000000000
6851 -70.0000000000
6901 -69.0000000000
7168 -68.0000000000
7257 -67.0000000000
7322 -66.0000000000
7411 -65.0000000000
7484 -64.0000000000
7611 -63.0000000000
7721 -62.0000000000
7910 -61.0000000000
7996 -59.0000000000
8137 -58.0000000000
8375 -57.0000000000
8388 -56.0000000000
8622 -55.0000000000
8706 -54.0000000000
8897 -53.0000000000
9033 -52.0000000000
9224 -50.0000000000
9427 -49.0000000000
9584 -48.0000000000
9605 -47.0000000000
9736 -46.0000000000
9941 -45.0000000000
10140 -44.0000000000
10488 -43.0000000000
10569 -42.0000000000
10572 -41.0000000000
10655 -40.0000000000
10668 -39.0000000000
10900 -38.0000000000
11143 -37.0000000000
11156 -35.0000000000
11483 -34.0000000000
11809 -33.0000000000
11822 -32.0000000000
12093 -31.0000000000
12282 -30.0000000000
12339 -29.0000000000
12776 -28.0000000000
13050 -27.0000000000
13373 -25.0000000000
13838 -24.0000000000
13977 -23.0000000000
14366 -22.0000000000
14462 -21.0000000000
14981 -20.0000000000
15420 -19.0000000000
15761 -18.0000000000
15882 -17.0000000000
16036 -16.0000000000
16622 -15.0000000000
17101 -14.0000000000
17491 -13.0000000000
17675 -12.0000000000
17980 -11.0000000000
18110 -10.0000000000
18493 -9.0000000000
19531 -8.0000000000
19936 -7.0000000000
20068 -6.0000000000
21033 -5.0000000000
22072 -4.0000000000
22542 -3.0000000000
22645 -2.0000000000
23609 -1.0000000000
24061 396.0000000000
24408 397.0000000000
25187 401.0000000000
25724 404.0000000000
25794 407.0000000000
27011 409.0000000000
27734 411.0000000000
28294 413.0000000000
29777 414.0000000000
30118 416.0000000000
31031 421.0000000000
46653 422.0000000000
61781 423.0000000000
75104 424.0000000000
100000 -1.0000000000
evaluations raw_y
1 -202.0000000000
17 -198.0000000000
44 -197.0000000000
137 -196.0000000000
164 -195.0000000000
230 -194.0000000000
299 -193.0000000000
307 -191.0000000000
339 -190.0000000000
374 -189.0000000000
496 -188.0000000000
508 -187.0000000000
526 -186.0000000000
596 -185.0000000000
634 -183.0000000000
680 -182.0000000000
818 -181.0000000000
843 -180.0000000000
893 -179.0000000000
996 -178.0000000000
1026 -176.0000000000
1098 -175.0000000000
1214 -174.0000000000
1215 -172.0000000000
1225 -171.0000000000
1233 -170.0000000000
1281 -169.0000000000
1336 -168.0000000000
1411 -167.0000000000
1538 -166.0000000000
1572 -165.0000000000
1644 -164.0000000000
1704 -163.0000000000
1754 -162.0000000000
1840 -161.0000000000
1924 -159.0000000000
2006 -158.0000000000
2052 -157.0000000000
2082 -156.0000000000
2128 -155.0000000000
2196 -154.0000000000
2298 -153.0000000000
2313 -152.0000000000
2344 -151.0000000000
2353 -150.0000000000
2455 -149.0000000000
2474 -147.0000000000
2600 -146.0000000000
2672 -145.0000000000
2739 -144.0000000000
2793 -143.0000000000
2798 -142.0000000000
2817 -140.0000000000
2848 -139.0000000000
3049 -138.0000000000
3114 -137.0000000000
3143 -136.0000000000
3182 -135.0000000000
3272 -134.0000000000
3342 -133.0000000000
3377 -132.0000000000
3383 -130.0000000000
3557 -129.0000000000
3634 -128.0000000000
3638 -127.0000000000
3678 -126.0000000000
3869 -125.0000000000
3933 -124.0000000000
4006 -123.0000000000
4087 -122.0000000000
4176 -121.0000000000
4238 -120.0000000000
4239 -119.0000000000
4345 -118.0000000000
4362 -117.0000000000
4418 -116.0000000000
4429 -115.0000000000
4492 -114.0000000000
4512 -113.0000000000
4516 -112.0000000000
4649 -111.0000000000
4781 -110.0000000000
4854 -109.0000000000
4868 -108.0000000000
4885 -107.0000000000
4958 -106.0000000000
5017 -105.0000000000
5072 -104.0000000000
5122 -103.0000000000
5197 -102.0000000000
5333 -101.0000000000
5358 -100.0000000000
5436 -99.0000000000
5525 -98.0000000000
5584 -97.0000000000
5640 -96.0000000000
5750 -95.0000000000
5800 -94.0000000000
5900 -93.0000000000
5983 -92.0000000000
6129 -91.0000000000
6175 -90.0000000000
6262 -89.0000000000
6380 -88.0000000000
6450 -87.0000000000
6521 -86.0000000000
6610 -85.0000000000
6677 -84.0000000000
6921 -83.0000000000
7023 -82.0000000000
7134 -81.0000000000
7248 -80.0000000000
7342 -79.0000000000
7404 -77.0000000000
7552 -76.0000000000
7687 -75.0000000000
7819 -74.0000000000
7913 -73.0000000000
8084 -71.0000000000
8229 -70.0000000000
8441 -69.0000000000
8504 -68.0000000000
8576 -67.0000000000
8577 -66.0000000000
8677 -65.0000000000
8726 -63.0000000000
9014 -62.0000000000
9153 -61.0000000000
9350 -60.0000000000
9545 -59.0000000000
9646 -58.0000000000
9724 -57.0000000000
9825 -56.0000000000
9964 -55.0000000000
10011 -54.0000000000
10183 -53.0000000000
10309 -52.0000000000
10491 -51.0000000000
10578 -50.0000000000
10868 -49.0000000000
10982 -48.0000000000
11084 -47.0000000000
11206 -46.0000000000
11356 -45.0000000000
11458 -44.0000000000
11632 -43.0000000000
11856 -42.0000000000
12111 -41.0000000000
12228 -40.0000000000
12459 -39.0000000000
12522 -38.0000000000
12917 -37.0000000000
13201 -36.0000000000
13279 -35.0000000000
13625 -34.0000000000
13864 -33.0000000000
14053 -32.0000000000
14407 -31.0000000000
14622 -30.0000000000
14920 -29.0000000000
14999 -28.0000000000
15276 -27.0000000000
15551 -26.0000000000
15730 -25.0000000000
16131 -24.0000000000
16330 -23.0000000000
16544 -22.0000000000
16958 -21.0000000000
17039 -20.0000000000
17169 -19.0000000000
17410 -18.0000000000
17706 -17.0000000000
18058 -16.0000000000
18273 -15.0000000000
18648 -14.0000000000
19080 -13.0000000000
19364 -12.0000000000
19614 -11.0000000000
20294 -10.0000000000
20573 -9.0000000000
20739 -8.0000000000
21491 -7.0000000000
22092 -6.0000000000
22242 -5.0000000000
23167 -4.0000000000
23380 -3.0000000000
23633 -2.0000000000
24518 -1.0000000000
25503 380.0000000000
25895 385.0000000000
25913 390.0000000000
25959 402.0000000000
28732 404.0000000000
31668 405.0000000000
35427 408.0000000000
38288 415.0000000000
41906 419.0000000000
51500 421.0000000000
63856 422.0000000000
71706 423.0000000000
74057 427.0000000000
86841 428.0000000000
93263 429.0000000000
100000 -1.0000000000
evaluations raw_y
1 -209.0000000000
4 -201.0000000000
38 -200.0000000000
168 -199.0000000000
174 -198.0000000000
199 -197.0000000000
220 -196.0000000000
242 -195.0000000000
267 -194.0000000000
310 -192.0000000000
368 -191.0000000000
439 -190.0000000000
497 -188.0000000000
577 -187.0000000000
682 -185.0000000000
725 -184.0000000000
754 -183.0000000000
794 -181.0000000000
932 -180.0000000000
958 -179.0000000000
959 -178.0000000000
976 -177.0000000000
1055 -176.0000000000
1138 -175.0000000000
1153 -174.0000000000
1192 -173.0000000000
1228 -172.0000000000
1234 -171.0000000000
1294 -170.0000000000
1300 -169.0000000000
1322 -168.0000000000
1416 -167.0000000000
1443 -164.0000000000
1471 -163.0000000000
1474 -162.0000000000
1517 -161.0000000000
1633 -160.0000000000
1712 -159.0000000000
1713 -158.0000000000
1740 -157.0000000000
1778 -156.0000000000
1808 -155.0000000000
1822 -154.0000000000
1886 -153.0000000000
1915 -150.0000000000
2071 -149.0000000000
2072 -148.0000000000
2165 -147.0000000000
2254 -146.0000000000
2261 -145.0000000000
2353 -144.0000000000
2367 -143.0000000000
2460 -141.0000000000
2535 -140.0000000000
2623 -139.0000000000
2654 -138.0000000000
2701 -137.0000000000
2859 -136.0000000000
2967 -135.0000000000
2991 -134.0000000000
3025 -133.0000000000
3110 -132.0000000000
3112 -131.0000000000
3223 -130.0000000000
3336 -129.0000000000
3361 -128.0000000000
3445 -127.0000000000
3466 -126.0000000000
3574 -125.0000000000
3678 -124.0000000000
3708 -123.0000000000
3746 -122.0000000000
3868 -121.0000000000
3928 -120.0000000000
3954 -119.0000000000
3983 -118.0000000000
4049 -117.0000000000
4134 -116.0000000000
4189 -115.0000000000
4287 -114.0000000000
4384 -113.0000000000
4418 -112.0000000000
4472 -111.0000000000
4502 -110.0000000000
4658 -109.0000000000
4712 -108.0000000000
4720 -106.0000000000
4761 -105.0000000000
4795 -104.0000000000
4833 -103.0000000000
4961 -102.0000000000
5061 -101.0000000000
5150 -100.0000000000
5203 -99.0000000000
5284 -98.0000000000
5387 -97.0000000000
5421 -96.0000000000
5578 -94.0000000000
5682 -93.0000000000
5876 -92.0000000000
5889 -91.0000000000
5937 -90.0000000000
6064 -89.0000000000
6150 -88.0000000000
6154 -87.0000000000
6260 -86.0000000000
6309 -85.0000000000
6398 -84.0000000000
6504 -83.0000000000
6605 -82.0000000000
6687 -81.0000000000
6715 -80.0000000000
6741 -79.0000000000
6761 -78.0000000000
6862 -77.0000000000
6895 -76.0000000000
6939 -75.0000000000
7143 -74.0000000000
7229 -71.0000000000
7559 -70.0000000000
7774 -69.0000000000
7856 -68.0000000000
7911 -67.0000000000
8041 -66.0000000000
8051 -65.0000000000
8098 -64.0000000000
8115 -63.0000000000
8238 -62.0000000000
8352 -61.0000000000
8391 -60.0000000000
8432 -59.0000000000
8518 -58.0000000000
8526 -57.0000000000
8687 -56.0000000000
8798 -55.0000000000
9199 -54.0000000000
9270 -53.0000000000
9422 -52.0000000000
9615 -51.0000000000
9853 -50.0000000000
9928 -48.0000000000
10135 -47.0000000000
10342 -46.0000000000
10393 -45.0000000000
10558 -44.0000000000
10774 -43.0000000000
10871 -42.0000000000
11150 -41.0000000000
11238 -40.0000000000
11239 -39.0000000000
11499 -38.0000000000
11651 -37.0000000000
11921 -36.0000000000
12104 -35.0000000000
12370 -34.0000000000
12710 -33.0000000000
12793 -32.0000000000
12943 -31.0000000000
13236 -30.0000000000
13370 -29.0000000000
13409 -28.0000000000
13665 -27.0000000000
13877 -26.0000000000
13895 -25.0000000000
14566 -24.0000000000
14758 -23.0000000000
14922 -22.0000000000
15094 -21.0000000000
15429 -20.0000000000
15845 -18.0000000000
16221 -17.0000000000
16708 -16.0000000000
16901 -15.0000000000
17226 -14.0000000000
17878 -13.0000000000
18468 -12.0000000000
18676 -11.0000000000
19210 -10.0000000000
19701 -9.0000000000
20437 -8.0000000000
20588 -7.0000000000
20984 -6.0000000000
22039 -5.0000000000
22316 -4.0000000000
23264 -3.0000000000
23514 -2.0000000000
23933 -1.0000000000
23958 397.0000000000
24465 399.0000000000
24730 407.0000000000
25438 414.0000000000
26718 415.0000000000
31055 418.0000000000
92206 425.0000000000
100000 406.0000000000
