evaluations raw_y
1 -2020.0000000000
2 -1984.0000000000
3 -1974.0000000000
5 -1964.0000000000
16 -1963.0000000000
22 -1962.0000000000
27 -1958.0000000000
49 -1956.0000000000
52 -1955.0000000000
65 -1954.0000000000
66 -1953.0000000000
78 -1952.0000000000
90 -1951.0000000000
95 -1950.0000000000
101 -1948.0000000000
104 -1947.0000000000
122 -1946.0000000000
130 -1945.0000000000
133 -1944.0000000000
146 -1943.0000000000
158 -1942.0000000000
169 -1941.0000000000
173 -1940.0000000000
181 -1938.0000000000
191 -1937.0000000000
203 -1936.0000000000
216 -1935.0000000000
218 -1934.0000000000
232 -1933.0000000000
237 -1931.0000000000
249 -1930.0000000000
252 -1928.0000000000
267 -1927.0000000000
283 -1925.0000000000
285 -1924.0000000000
290 -1922.0000000000
321 -1921.0000000000
329 -1920.0000000000
331 -1919.0000000000
343 -1918.0000000000
344 -1916.0000000000
345 -1914.0000000000
368 -1913.0000000000
382 -1912.0000000000
387 -1909.0000000000
392 -1908.0000000000
398 -1907.0000000000
413 -1906.0000000000
415 -1905.0000000000
424 -1904.0000000000
430 -1903.0000000000
451 -1902.0000000000
470 -1901.0000000000
484 -1900.0000000000
489 -1899.0000000000
514 -1898.0000000000
544 -1897.0000000000
549 -1896.0000000000
555 -1894.0000000000
578 -1893.0000000000
590 -1892.0000000000
608 -1891.0000000000
613 -1890.0000000000
626 -1889.0000000000
634 -1888.0000000000
651 -1887.0000000000
660 -1886.0000000000
661 -1885.0000000000
667 -1884.0000000000
670 -1882.0000000000
695 -1881.0000000000
705 -1880.0000000000
710 -1879.0000000000
718 -1878.0000000000
736 -1876.0000000000
746 -1875.0000000000
748 -1874.0000000000
756 -1873.0000000000
758 -1872.0000000000
773 -1871.0000000000
775 -1870.0000000000
802 -1869.0000000000
803 -1868.0000000000
810 -1867.0000000000
826 -1865.0000000000
850 -1863.0000000000
864 -1862.0000000000
869 -1861.0000000000
870 -1860.0000000000
880 -1859.0000000000
881 -1858.0000000000
884 -1857.0000000000
885 -1856.0000000000
895 -1855.0000000000
913 -1854.0000000000
917 -1853.0000000000
942 -1852.0000000000
943 -1851.0000000000
954 -1850.0000000000
963 -1849.0000000000
967 -1848.0000000000
985 -1847.0000000000
989 -1846.0000000000
995 -1845.0000000000
1001 -1842.0000000000
1018 -1841.0000000000
1027 -1840.0000000000
1049 -1839.0000000000
1053 -1837.0000000000
1057 -1836.0000000000
1060 -1835.0000000000
1063 -1834.0000000000
1100 -1833.0000000000
1102 -1832.0000000000
1114 -1831.0000000000
1133 -1830.0000000000
1142 -1829.0000000000
1150 -1828.0000000000
1165 -1827.0000000000
1174 -1826.0000000000
1187 -1825.0000000000
1198 -1824.0000000000
1207 -1823.0000000000
1221 -1822.0000000000
1237 -1821.0000000000
1244 -1820.0000000000
1256 -1819.0000000000
1268 -1817.0000000000
1293 -1815.0000000000
1311 -1814.0000000000
1328 -1813.0000000000
1331 -1812.0000000000
1334 -1811.0000000000
1342 -1810.0000000000
1360 -1807.0000000000
1374 -1805.0000000000
1383 -1804.0000000000
1386 -1803.0000000000
1393 -1802.0000000000
1394 -1801.0000000000
1400 -1800.0000000000
1401 -1798.0000000000
1421 -1797.0000000000
1433 -1796.0000000000
1436 -1795.0000000000
1444 -1793.0000000000
1447 -1792.0000000000
1457 -1791.0000000000
1468 -1790.0000000000
1476 -1789.0000000000
1482 -1788.0000000000
1497 -1787.0000000000
1515 -1783.0000000000
1516 -1782.0000000000
1524 -1781.0000000000
1529 -1780.0000000000
1536 -1777.0000000000
1561 -1776.0000000000
1567 -1775.0000000000
1582 -1774.0000000000
1587 -1773.0000000000
1596 -1772.0000000000
1609 -1771.0000000000
1621 -1770.0000000000
1636 -1769.0000000000
1646 -1768.0000000000
1662 -1767.0000000000
1671 -1766.0000000000
1679 -1765.0000000000
1687 -1764.0000000000
1709 -1763.0000000000
1722 -1762.0000000000
1739 -1761.0000000000
1740 -1760.0000000000
1763 -1759.0000000000
1767 -1758.0000000000
1782 -1757.0000000000
1788 -1756.0000000000
1795 -1755.0000000000
1800 -1754.0000000000
1806 -1753.0000000000
1812 -1752.0000000000
1824 -1751.0000000000
1828 -1750.0000000000
1833 -1749.0000000000
1853 -1748.0000000000
1866 -1747.0000000000
1869 -1746.0000000000
1872 -1745.0000000000
1895 -1743.0000000000
1896 -1741.0000000000
1913 -1740.0000000000
1914 -1739.0000000000
1926 -1738.0000000000
1938 -1737.0000000000
1948 -1735.0000000000
1951 -1734.0000000000
1971 -1733.0000000000
1982 -1731.0000000000
2009 -1730.0000000000
2037 -1729.0000000000
2051 -1727.0000000000
2069 -1726.0000000000
2083 -1725.0000000000
2088 -1724.0000000000
2108 -1723.0000000000
2115 -1722.0000000000
2122 -1721.0000000000
2129 -1720.0000000000
2151 -1719.0000000000
2155 -1718.0000000000
2165 -1717.0000000000
2188 -1716.0000000000
2189 -1714.0000000000
2194 -1712.0000000000
2222 -1711.0000000000
2235 -1709.0000000000
2258 -1708.0000000000
2270 -1707.0000000000
2276 -1706.0000000000
2280 -1704.0000000000
2309 -1703.0000000000
2321 -1702.0000000000
2327 -1700.0000000000
2347 -1698.0000000000
2378 -1696.0000000000
2386 -1695.0000000000
2393 -1694.0000000000
2406 -1693.0000000000
2416 -1692.0000000000
2419 -1691.0000000000
2430 -1690.0000000000
2434 -1689.0000000000
2447 -1688.0000000000
2461 -1687.0000000000
2479 -1686.0000000000
2489 -1685.0000000000
2494 -1684.0000000000
2500 -1683.0000000000
2506 -1682.0000000000
2516 -1681.0000000000
2532 -1679.0000000000
2539 -1678.0000000000
2545 -1676.0000000000
2565 -1675.0000000000
2580 -1674.0000000000
2582 -1673.0000000000
2593 -1672.0000000000
2596 -1671.0000000000
2611 -1670.0000000000
2623 -1669.0000000000
2643 -1668.0000000000
2644 -1667.0000000000
2647 -1666.0000000000
2665 -1665.0000000000
2678 -1664.0000000000
2684 -1663.0000000000
2690 -1662.0000000000
2706 -1661.0000000000
2731 -1660.0000000000
2741 -1659.0000000000
2742 -1658.0000000000
2756 -1657.0000000000
2762 -1656.0000000000
2767 -1655.0000000000
2780 -1654.0000000000
2784 -1653.0000000000
2801 -1652.0000000000
2813 -1651.0000000000
2814 -1650.0000000000
2832 -1649.0000000000
2843 -1648.0000000000
2854 -1647.0000000000
2869 -1646.0000000000
2872 -1645.0000000000
2879 -1644.0000000000
2888 -1643.0000000000
2905 -1642.0000000000
2915 -1641.0000000000
2935 -1640.0000000000
2943 -1639.0000000000
2951 -1638.0000000000
2969 -1636.0000000000
2993 -1635.0000000000
2999 -1634.0000000000
3029 -1633.0000000000
3034 -1632.0000000000
3050 -1631.0000000000
3084 -1630.0000000000
3089 -1629.0000000000
3099 -1628.0000000000
3103 -1627.0000000000
3115 -1626.0000000000
3122 -1625.0000000000
3140 -1623.0000000000
3149 -1622.0000000000
3175 -1620.0000000000
3188 -1619.0000000000
3204 -1618.0000000000
3218 -1617.0000000000
3230 -1615.0000000000
3244 -1614.0000000000
3266 -1613.0000000000
3270 -1612.0000000000
3273 -1611.0000000000
3286 -1609.0000000000
3300 -1607.0000000000
3302 -1606.0000000000
3313 -1605.0000000000
3321 -1604.0000000000
3322 -1603.0000000000
3329 -1602.0000000000
3330 -1601.0000000000
3331 -1600.0000000000
3353 -1599.0000000000
3364 -1598.0000000000
3377 -1597.0000000000
3386 -1595.0000000000
3395 -1594.0000000000
3407 -1593.0000000000
3435 -1592.0000000000
3453 -1591.0000000000
3459 -1590.0000000000
3470 -1589.0000000000
3474 -1588.0000000000
3488 -1587.0000000000
3489 -1586.0000000000
3500 -1585.0000000000
3507 -1584.0000000000
3530 -1583.0000000000
3563 -1582.0000000000
3570 -1581.0000000000
3572 -1580.0000000000
3579 -1578.0000000000
3594 -1577.0000000000
3596 -1575.0000000000
3610 -1574.0000000000
3623 -1573.0000000000
3637 -1572.0000000000
3645 -1571.0000000000
3660 -1570.0000000000
3667 -1569.0000000000
3680 -1568.0000000000
3683 -1567.0000000000
3697 -1566.0000000000
3703 -1565.0000000000
3711 -1564.0000000000
3726 -1562.0000000000
3740 -1561.0000000000
3748 -1560.0000000000
3764 -1559.0000000000
3772 -1558.0000000000
3783 -1557.0000000000
3796 -1556.0000000000
3798 -1555.0000000000
3801 -1553.0000000000
3817 -1552.0000000000
3828 -1551.0000000000
3850 -1550.0000000000
3866 -1548.0000000000
3890 -1547.0000000000
3893 -1546.0000000000
3898 -1545.0000000000
3910 -1543.0000000000
3934 -1542.0000000000
3939 -1541.0000000000
3947 -1540.0000000000
3951 -1539.0000000000
3969 -1538.0000000000
3982 -1537.0000000000
3985 -1536.0000000000
3998 -1535.0000000000
4006 -1534.0000000000
4014 -1533.0000000000
4035 -1532.0000000000
4042 -1531.0000000000
4054 -1530.0000000000
4086 -1529.0000000000
4094 -1528.0000000000
4104 -1527.0000000000
4118 -1526.0000000000
4127 -1525.0000000000
4141 -1524.0000000000
4152 -1523.0000000000
4163 -1522.0000000000
4164 -1521.0000000000
4174 -1520.0000000000
4176 -1519.0000000000
4204 -1518.0000000000
4206 -1517.0000000000
4211 -1516.0000000000
4225 -1515.0000000000
4236 -1514.0000000000
4252 -1513.0000000000
4268 -1511.0000000000
4289 -1510.0000000000
4301 -1509.0000000000
4309 -1508.0000000000
4312 -1507.0000000000
4318 -1506.0000000000
4337 -1505.0000000000
4351 -1504.0000000000
4358 -1503.0000000000
4372 -1502.0000000000
4388 -1501.0000000000
4394 -1500.0000000000
4397 -1499.0000000000
4415 -1498.0000000000
4434 -1497.0000000000
4440 -1496.0000000000
4446 -1495.0000000000
4453 -1494.0000000000
4471 -1491.0000000000
4506 -1490.0000000000
4514 -1489.0000000000
4532 -1488.0000000000
4533 -1485.0000000000
4564 -1484.0000000000
4569 -1483.0000000000
4585 -1482.0000000000
4591 -1480.0000000000
4604 -1479.0000000000
4618 -1478.0000000000
4627 -1477.0000000000
4641 -1476.0000000000
4658 -1475.0000000000
4679 -1474.0000000000
4689 -1473.0000000000
4704 -1472.0000000000
4709 -1471.0000000000
4710 -1470.0000000000
4743 -1469.0000000000
4755 -1468.0000000000
4775 -1467.0000000000
4783 -1466.0000000000
4792 -1465.0000000000
4805 -1464.0000000000
4814 -1463.0000000000
4831 -1461.0000000000
4857 -1460.0000000000
4865 -1459.0000000000
4877 -1457.0000000000
4883 -1455.0000000000
4896 -1454.0000000000
4908 -1453.0000000000
4916 -1452.0000000000
4921 -1451.0000000000
4924 -1450.0000000000
4940 -1449.0000000000
4960 -1448.0000000000
4976 -1447.0000000000
4990 -1445.0000000000
5022 -1444.0000000000
5031 -1443.0000000000
5048 -1442.0000000000
5052 -1440.0000000000
5065 -1438.0000000000
5093 -1437.0000000000
5095 -1436.0000000000
5110 -1435.0000000000
5134 -1434.0000000000
5140 -1433.0000000000
5147 -1432.0000000000
5152 -1431.0000000000
5161 -1429.0000000000
5171 -1428.0000000000
5195 -1425.0000000000
5213 -1424.0000000000
5227 -1423.0000000000
5237 -1422.0000000000
5243 -1421.0000000000
5246 -1420.0000000000
5258 -1419.0000000000
5276 -1418.0000000000
5298 -1417.0000000000
5319 -1415.0000000000
5354 -1414.0000000000
5355 -1413.0000000000
5367 -1412.0000000000
5377 -1411.0000000000
5383 -1410.0000000000
5400 -1409.0000000000
5410 -1408.0000000000
5426 -1407.0000000000
5438 -1405.0000000000
5453 -1404.0000000000
5476 -1403.0000000000
5488 -1402.0000000000
5502 -1400.0000000000
5514 -1399.0000000000
5525 -1398.0000000000
5531 -1397.0000000000
5536 -1396.0000000000
5560 -1395.0000000000
5570 -1394.0000000000
5577 -1392.0000000000
5596 -1391.0000000000
5610 -1390.0000000000
5615 -1389.0000000000
5635 -1388.0000000000
5662 -1387.0000000000
5669 -1386.0000000000
5675 -1385.0000000000
5700 -1384.0000000000
5720 -1383.0000000000
5738 -1382.0000000000
5745 -1380.0000000000
5753 -1379.0000000000
5778 -1377.0000000000
5796 -1376.0000000000
5797 -1375.0000000000
5809 -1374.0000000000
5845 -1373.0000000000
5874 -1372.0000000000
5883 -1370.0000000000
5893 -1369.0000000000
5901 -1368.0000000000
5924 -1367.0000000000
5941 -1366.0000000000
5960 -1365.0000000000
5972 -1364.0000000000
5979 -1363.0000000000
5990 -1361.0000000000
6003 -1360.0000000000
6033 -1359.0000000000
6046 -1358.0000000000
6048 -1357.0000000000
6050 -1356.0000000000
6065 -1355.0000000000
6076 -1353.0000000000
6093 -1352.0000000000
6133 -1351.0000000000
6153 -1350.0000000000
6173 -1349.0000000000
6176 -1348.0000000000
6188 -1347.0000000000
6202 -1345.0000000000
6237 -1344.0000000000
6251 -1343.0000000000
6264 -1342.0000000000
6277 -1341.0000000000
6278 -1340.0000000000
6290 -1339.0000000000
6292 -1338.0000000000
6338 -1337.0000000000
6346 -1335.0000000000
6358 -1334.0000000000
6382 -1333.0000000000
6386 -1332.0000000000
6395 -1331.0000000000
6413 -1330.0000000000
6427 -1329.0000000000
6448 -1327.0000000000
6460 -1326.0000000000
6479 -1325.0000000000
6489 -1324.0000000000
6528 -1322.0000000000
6572 -1321.0000000000
6584 -1319.0000000000
6623 -1318.0000000000
6625 -1317.0000000000
6633 -1315.0000000000
6646 -1314.0000000000
6674 -1313.0000000000
6679 -1312.0000000000
6705 -1311.0000000000
6726 -1310.0000000000
6745 -1309.0000000000
6749 -1308.0000000000
6767 -1307.0000000000
6773 -1306.0000000000
6789 -1305.0000000000
6807 -1304.0000000000
6809 -1303.0000000000
6814 -1302.0000000000
6858 -1301.0000000000
6873 -1300.0000000000
6883 -1299.0000000000
6888 -1298.0000000000
6926 -1297.0000000000
6937 -1295.0000000000
6951 -1294.0000000000
6965 -1290.0000000000
6985 -1289.0000000000
6998 -1288.0000000000
7000 -1287.0000000000
7002 -1286.0000000000
7007 -1285.0000000000
7036 -1284.0000000000
7044 -1283.0000000000
7063 -1281.0000000000
7076 -1280.0000000000
7086 -1279.0000000000
7104 -1278.0000000000
7108 -1277.0000000000
7123 -1276.0000000000
7128 -1275.0000000000
7156 -1274.0000000000
7163 -1273.0000000000
7165 -1272.0000000000
7166 -1271.0000000000
7198 -1270.0000000000
7203 -1269.0000000000
7229 -1268.0000000000
7247 -1267.0000000000
7267 -1266.0000000000
7274 -1265.0000000000
7297 -1264.0000000000
7301 -1263.0000000000
7335 -1262.0000000000
7353 -1261.0000000000
7361 -1260.0000000000
7401 -1259.0000000000
7458 -1258.0000000000
7482 -1257.0000000000
7505 -1256.0000000000
7512 -1255.0000000000
7523 -1254.0000000000
7540 -1253.0000000000
7547 -1252.0000000000
7573 -1251.0000000000
7593 -1250.0000000000
7596 -1249.0000000000
7608 -1248.0000000000
7613 -1247.0000000000
7633 -1246.0000000000
7654 -1245.0000000000
7667 -1244.0000000000
7675 -1243.0000000000
7719 -1242.0000000000
7755 -1240.0000000000
7771 -1239.0000000000
7784 -1238.0000000000
7814 -1237.0000000000
7821 -1234.0000000000
7823 -1233.0000000000
7847 -1232.0000000000
7876 -1231.0000000000
7886 -1230.0000000000
7896 -1229.0000000000
7902 -1228.0000000000
7925 -1227.0000000000
7930 -1225.0000000000
7954 -1224.0000000000
7970 -1222.0000000000
8006 -1220.0000000000
8016 -1219.0000000000
8039 -1218.0000000000
8041 -1217.0000000000
8077 -1216.0000000000
8094 -1215.0000000000
8096 -1214.0000000000
8112 -1212.0000000000
8146 -1211.0000000000
8164 -1210.0000000000
8191 -1209.0000000000
8199 -1208.0000000000
8224 -1207.0000000000
8244 -1206.0000000000
8260 -1205.0000000000
8272 -1204.0000000000
8327 -1203.0000000000
8336 -1202.0000000000
8338 -1200.0000000000
8360 -1199.0000000000
8371 -1198.0000000000
8372 -1197.0000000000
8402 -1196.0000000000
8427 -1194.0000000000
8453 -1193.0000000000
8471 -1192.0000000000
8474 -1191.0000000000
8502 -1190.0000000000
8510 -1189.0000000000
8512 -1188.0000000000
8530 -1187.0000000000
8558 -1186.0000000000
8576 -1185.0000000000
8597 -1184.0000000000
8607 -1183.0000000000
8617 -1182.0000000000
8649 -1181.0000000000
8662 -1180.0000000000
8667 -1179.0000000000
8685 -1177.0000000000
8715 -1176.0000000000
8723 -1175.0000000000
8733 -1173.0000000000
8745 -1172.0000000000
8767 -1170.0000000000
8771 -1169.0000000000
8791 -1168.0000000000
8807 -1167.0000000000
8826 -1166.0000000000
8844 -1165.0000000000
8846 -1164.0000000000
8862 -1163.0000000000
8864 -1162.0000000000
8888 -1161.0000000000
8900 -1158.0000000000
8902 -1157.0000000000
8937 -1156.0000000000
8944 -1155.0000000000
8971 -1154.0000000000
8977 -1153.0000000000
8993 -1152.0000000000
8998 -1151.0000000000
9003 -1149.0000000000
9007 -1148.0000000000
9030 -1147.0000000000
9075 -1146.0000000000
9094 -1145.0000000000
9113 -1144.0000000000
9120 -1142.0000000000
9159 -1140.0000000000
9163 -1139.0000000000
9191 -1138.0000000000
9206 -1137.0000000000
9255 -1136.0000000000
9256 -1135.0000000000
9271 -1134.0000000000
9303 -1133.0000000000
9314 -1132.0000000000
9329 -1131.0000000000
9349 -1130.0000000000
9361 -1129.0000000000
9386 -1128.0000000000
9394 -1127.0000000000
9400 -1126.0000000000
9409 -1125.0000000000
9411 -1124.0000000000
9423 -1123.0000000000
9437 -1122.0000000000
9464 -1121.0000000000
9468 -1120.0000000000
9492 -1119.0000000000
9501 -1118.0000000000
9529 -1117.0000000000
9550 -1116.0000000000
9575 -1114.0000000000
9581 -1112.0000000000
9617 -1111.0000000000
9629 -1110.0000000000
9655 -1109.0000000000
9676 -1108.0000000000
9681 -1107.0000000000
9701 -1106.0000000000
9709 -1105.0000000000
9741 -1104.0000000000
9764 -1103.0000000000
9776 -1102.0000000000
9777 -1101.0000000000
9798 -1100.0000000000
9839 -1099.0000000000
9848 -1098.0000000000
9903 -1097.0000000000
9914 -1096.0000000000
9919 -1095.0000000000
9939 -1094.0000000000
9959 -1093.0000000000
9963 -1092.0000000000
9969 -1091.0000000000
9977 -1090.0000000000
10000 -1092.0000000000
evaluations raw_y
1 -1966.0000000000
34 -1964.0000000000
53 -1962.0000000000
55 -1960.0000000000
75 -1959.0000000000
76 -1958.0000000000
79 -1957.0000000000
95 -1956.0000000000
99 -1955.0000000000
113 -1954.0000000000
126 -1953.0000000000
130 -1950.0000000000
134 -1949.0000000000
161 -1948.0000000000
173 -1947.0000000000
190 -1946.0000000000
193 -1945.0000000000
199 -1944.0000000000
214 -1941.0000000000
219 -1940.0000000000
227 -1939.0000000000
233 -1938.0000000000
247 -1937.0000000000
253 -1936.0000000000
263 -1935.0000000000
275 -1934.0000000000
294 -1933.0000000000
310 -1932.0000000000
319 -1931.0000000000
328 -1930.0000000000
338 -1928.0000000000
347 -1927.0000000000
366 -1925.0000000000
375 -1924.0000000000
390 -1923.0000000000
398 -1922.0000000000
406 -1920.0000000000
422 -1919.0000000000
434 -1917.0000000000
449 -1916.0000000000
452 -1915.0000000000
470 -1914.0000000000
472 -1913.0000000000
479 -1912.0000000000
486 -1911.0000000000
496 -1910.0000000000
507 -1909.0000000000
510 -1908.0000000000
516 -1907.0000000000
519 -1906.0000000000
526 -1905.0000000000
535 -1904.0000000000
538 -1903.0000000000
545 -1902.0000000000
551 -1901.0000000000
558 -1900.0000000000
567 -1899.0000000000
577 -1898.0000000000
583 -1897.0000000000
589 -1896.0000000000
602 -1895.0000000000
607 -1894.0000000000
614 -1893.0000000000
623 -1892.0000000000
632 -1891.0000000000
639 -1890.0000000000
641 -1889.0000000000
652 -1888.0000000000
667 -1887.0000000000
674 -1886.0000000000
685 -1885.0000000000
692 -1884.0000000000
695 -1883.0000000000
718 -1882.0000000000
726 -1881.0000000000
740 -1879.0000000000
759 -1878.0000000000
773 -1877.0000000000
780 -1876.0000000000
782 -1875.0000000000
797 -1874.0000000000
799 -1873.0000000000
821 -1872.0000000000
826 -1870.0000000000
836 -1869.0000000000
843 -1868.0000000000
859 -1867.0000000000
865 -1866.0000000000
874 -1865.0000000000
882 -1864.0000000000
889 -1862.0000000000
906 -1861.0000000000
915 -1859.0000000000
933 -1858.0000000000
940 -1855.0000000000
948 -1854.0000000000
961 -1853.0000000000
973 -1852.0000000000
993 -1851.0000000000
1000 -1850.0000000000
1015 -1849.0000000000
1021 -1848.0000000000
1023 -1847.0000000000
1029 -1846.0000000000
1034 -1844.0000000000
1047 -1843.0000000000
1052 -1842.0000000000
1062 -1841.0000000000
1084 -1840.0000000000
1085 -1839.0000000000
1105 -1838.0000000000
1117 -1837.0000000000
1120 -1836.0000000000
1123 -1835.0000000000
1135 -1834.0000000000
1143 -1833.0000000000
1152 -1832.0000000000
1154 -1831.0000000000
1173 -1830.0000000000
1186 -1829.0000000000
1192 -1828.0000000000
1203 -1827.0000000000
1205 -1826.0000000000
1214 -1825.0000000000
1216 -1824.0000000000
1229 -1823.0000000000
1244 -1822.0000000000
1251 -1821.0000000000
1269 -1820.0000000000
1277 -1819.0000000000
1280 -1818.0000000000
1297 -1817.0000000000
1298 -1816.0000000000
1310 -1815.0000000000
1321 -1813.0000000000
1343 -1812.0000000000
1361 -1811.0000000000
1362 -1808.0000000000
1363 -1807.0000000000
1371 -1806.0000000000
1385 -1804.0000000000
1390 -1803.0000000000
1401 -1802.0000000000
1410 -1801.0000000000
1423 -1800.0000000000
1429 -1799.0000000000
1436 -1798.0000000000
1453 -1797.0000000000
1458 -1796.0000000000
1466 -1795.0000000000
1470 -1793.0000000000
1497 -1792.0000000000
1509 -1791.0000000000
1530 -1789.0000000000
1564 -1788.0000000000
1576 -1787.0000000000
1578 -1786.0000000000
1581 -1785.0000000000
1596 -1784.0000000000
1609 -1782.0000000000
1621 -1781.0000000000
1639 -1780.0000000000
1655 -1779.0000000000
1664 -1778.0000000000
1670 -1777.0000000000
1674 -1775.0000000000
1685 -1774.0000000000
1696 -1773.0000000000
1723 -1772.0000000000
1724 -1771.0000000000
1735 -1770.0000000000
1748 -1769.0000000000
1755 -1768.0000000000
1771 -1767.0000000000
1774 -1766.0000000000
1789 -1765.0000000000
1807 -1764.0000000000
1811 -1763.0000000000
1816 -1762.0000000000
1836 -1761.0000000000
1849 -1760.0000000000
1856 -1759.0000000000
1866 -1758.0000000000
1877 -1757.0000000000
1885 -1756.0000000000
1907 -1755.0000000000
1913 -1754.0000000000
1919 -1753.0000000000
1944 -1752.0000000000
1957 -1751.0000000000
1960 -1749.0000000000
1993 -1748.0000000000
2001 -1747.0000000000
2005 -1746.0000000000
2018 -1745.0000000000
2031 -1744.0000000000
2043 -1743.0000000000
2047 -1742.0000000000
2058 -1741.0000000000
2083 -1740.0000000000
2094 -1737.0000000000
2118 -1735.0000000000
2122 -1734.0000000000
2136 -1733.0000000000
2165 -1732.0000000000
2171 -1731.0000000000
2192 -1730.0000000000
2196 -1729.0000000000
2204 -1728.0000000000
2207 -1727.0000000000
2225 -1726.0000000000
2241 -1725.0000000000
2246 -1724.0000000000
2250 -1723.0000000000
2256 -1721.0000000000
2266 -1719.0000000000
2281 -1718.0000000000
2290 -1717.0000000000
2295 -1716.0000000000
2303 -1714.0000000000
2330 -1713.0000000000
2337 -1712.0000000000
2351 -1711.0000000000
2366 -1710.0000000000
2374 -1709.0000000000
2376 -1708.0000000000
2404 -1707.0000000000
2419 -1706.0000000000
2421 -1705.0000000000
2443 -1704.0000000000
2448 -1703.0000000000
2452 -1702.0000000000
2459 -1701.0000000000
2472 -1700.0000000000
2481 -1699.0000000000
2490 -1698.0000000000
2500 -1697.0000000000
2520 -1696.0000000000
2537 -1695.0000000000
2545 -1694.0000000000
2547 -1692.0000000000
2583 -1691.0000000000
2584 -1690.0000000000
2603 -1689.0000000000
2639 -1688.0000000000
2647 -1687.0000000000
2652 -1686.0000000000
2654 -1684.0000000000
2690 -1683.0000000000
2700 -1682.0000000000
2714 -1681.0000000000
2726 -1680.0000000000
2747 -1679.0000000000
2749 -1678.0000000000
2762 -1677.0000000000
2785 -1676.0000000000
2791 -1674.0000000000
2813 -1673.0000000000
2834 -1672.0000000000
2854 -1671.0000000000
2862 -1669.0000000000
2880 -1668.0000000000
2894 -1667.0000000000
2912 -1666.0000000000
2926 -1665.0000000000
2941 -1663.0000000000
2960 -1662.0000000000
2976 -1661.0000000000
2984 -1660.0000000000
2992 -1658.0000000000
3009 -1656.0000000000
3023 -1655.0000000000
3026 -1653.0000000000
3035 -1652.0000000000
3053 -1651.0000000000
3062 -1650.0000000000
3091 -1647.0000000000
3119 -1646.0000000000
3131 -1645.0000000000
3142 -1644.0000000000
3144 -1643.0000000000
3150 -1642.0000000000
3162 -1641.0000000000
3191 -1639.0000000000
3229 -1638.0000000000
3234 -1636.0000000000
3241 -1635.0000000000
3259 -1634.0000000000
3261 -1633.0000000000
3263 -1632.0000000000
3282 -1630.0000000000
3295 -1629.0000000000
3309 -1628.0000000000
3317 -1627.0000000000
3335 -1626.0000000000
3343 -1624.0000000000
3367 -1623.0000000000
3374 -1619.0000000000
3406 -1618.0000000000
3410 -1617.0000000000
3431 -1616.0000000000
3433 -1614.0000000000
3437 -1613.0000000000
3454 -1612.0000000000
3455 -1611.0000000000
3489 -1610.0000000000
3501 -1608.0000000000
3512 -1607.0000000000
3537 -1606.0000000000
3570 -1605.0000000000
3588 -1604.0000000000
3600 -1603.0000000000
3607 -1602.0000000000
3620 -1601.0000000000
3647 -1600.0000000000
3666 -1599.0000000000
3670 -1598.0000000000
3674 -1597.0000000000
3676 -1596.0000000000
3684 -1595.0000000000
3696 -1594.0000000000
3702 -1593.0000000000
3715 -1592.0000000000
3725 -1591.0000000000
3739 -1590.0000000000
3741 -1589.0000000000
3765 -1588.0000000000
3786 -1587.0000000000
3797 -1586.0000000000
3802 -1584.0000000000
3813 -1583.0000000000
3818 -1581.0000000000
3832 -1580.0000000000
3836 -1579.0000000000
3866 -1578.0000000000
3872 -1577.0000000000
3879 -1576.0000000000
3881 -1575.0000000000
3900 -1574.0000000000
3904 -1573.0000000000
3915 -1572.0000000000
3918 -1571.0000000000
3934 -1570.0000000000
3941 -1569.0000000000
3947 -1568.0000000000
3968 -1567.0000000000
3975 -1566.0000000000
3987 -1565.0000000000
3994 -1564.0000000000
4021 -1563.0000000000
4045 -1562.0000000000
4054 -1561.0000000000
4071 -1560.0000000000
4080 -1559.0000000000
4086 -1557.0000000000
4097 -1556.0000000000
4113 -1555.0000000000
4116 -1554.0000000000
4128 -1553.0000000000
4145 -1552.0000000000
4174 -1551.0000000000
4182 -1549.0000000000
4207 -1548.0000000000
4233 -1547.0000000000
4253 -1546.0000000000
4289 -1545.0000000000
4305 -1544.0000000000
4315 -1543.0000000000
4329 -1541.0000000000
4341 -1540.0000000000
4347 -1538.0000000000
4348 -1537.0000000000
4356 -1536.0000000000
4363 -1535.0000000000
4405 -1534.0000000000
4411 -1533.0000000000
4413 -1532.0000000000
4422 -1531.0000000000
4427 -1530.0000000000
4435 -1529.0000000000
4442 -1528.0000000000
4462 -1527.0000000000
4471 -1526.0000000000
4480 -1525.0000000000
4488 -1524.0000000000
4499 -1522.0000000000
4508 -1521.0000000000
4533 -1520.0000000000
4543 -1519.0000000000
4555 -1518.0000000000
4580 -1517.0000000000
4586 -1516.0000000000
4592 -1515.0000000000
4600 -1514.0000000000
4623 -1513.0000000000
4631 -1512.0000000000
4636 -1511.0000000000
4646 -1510.0000000000
4655 -1509.0000000000
4683 -1508.0000000000
4690 -1507.0000000000
4707 -1506.0000000000
4715 -1504.0000000000
4718 -1503.0000000000
4732 -1502.0000000000
4737 -1501.0000000000
4760 -1500.0000000000
4765 -1498.0000000000
4766 -1497.0000000000
4782 -1495.0000000000
4798 -1494.0000000000
4822 -1493.0000000000
4832 -1492.0000000000
4851 -1491.0000000000
4875 -1489.0000000000
4900 -1488.0000000000
4915 -1487.0000000000
4920 -1486.0000000000
4927 -1485.0000000000
4955 -1484.0000000000
4970 -1483.0000000000
4995 -1482.0000000000
5000 -1481.0000000000
5006 -1480.0000000000
5025 -1478.0000000000
5029 -1477.0000000000
5049 -1476.0000000000
5065 -1474.0000000000
5090 -1473.0000000000
5099 -1472.0000000000
5128 -1471.0000000000
5132 -1469.0000000000
5143 -1468.0000000000
5153 -1467.0000000000
5157 -1466.0000000000
5173 -1465.0000000000
5196 -1463.0000000000
5207 -1462.0000000000
5209 -1461.0000000000
5213 -1458.0000000000
5216 -1457.0000000000
5234 -1456.0000000000
5244 -1454.0000000000
5281 -1453.0000000000
5285 -1452.0000000000
5305 -1451.0000000000
5307 -1450.0000000000
5312 -1448.0000000000
5327 -1447.0000000000
5341 -1446.0000000000
5344 -1445.0000000000
5359 -1444.0000000000
5363 -1443.0000000000
5381 -1442.0000000000
5397 -1441.0000000000
5408 -1440.0000000000
5421 -1439.0000000000
5424 -1438.0000000000
5441 -1437.0000000000
5479 -1436.0000000000
5483 -1435.0000000000
5507 -1434.0000000000
5519 -1433.0000000000
5541 -1432.0000000000
5543 -1431.0000000000
5560 -1430.0000000000
5578 -1429.0000000000
5592 -1428.0000000000
5608 -1427.0000000000
5615 -1426.0000000000
5635 -1425.0000000000
5646 -1423.0000000000
5654 -1421.0000000000
5656 -1420.0000000000
5676 -1419.0000000000
5701 -1418.0000000000
5702 -1417.0000000000
5707 -1416.0000000000
5725 -1415.0000000000
5741 -1414.0000000000
5746 -1413.0000000000
5747 -1411.0000000000
5787 -1410.0000000000
5791 -1409.0000000000
5796 -1408.0000000000
5818 -1407.0000000000
5830 -1406.0000000000
5857 -1405.0000000000
5881 -1404.0000000000
5883 -1403.0000000000
5890 -1401.0000000000
5941 -1400.0000000000
5954 -1399.0000000000
5972 -1398.0000000000
5974 -1397.0000000000
5983 -1396.0000000000
5988 -1395.0000000000
5995 -1394.0000000000
6005 -1393.0000000000
6022 -1392.0000000000
6031 -1391.0000000000
6052 -1389.0000000000
6060 -1388.0000000000
6093 -1387.0000000000
6101 -1386.0000000000
6102 -1385.0000000000
6118 -1384.0000000000
6123 -1383.0000000000
6149 -1382.0000000000
6163 -1381.0000000000
6167 -1380.0000000000
6189 -1379.0000000000
6203 -1378.0000000000
6214 -1377.0000000000
6216 -1376.0000000000
6221 -1375.0000000000
6228 -1374.0000000000
6263 -1373.0000000000
6276 -1372.0000000000
6295 -1370.0000000000
6301 -1369.0000000000
6326 -1368.0000000000
6340 -1367.0000000000
6358 -1366.0000000000
6374 -1365.0000000000
6375 -1364.0000000000
6403 -1363.0000000000
6408 -1362.0000000000
6421 -1361.0000000000
6451 -1360.0000000000
6461 -1359.0000000000
6468 -1357.0000000000
6478 -1356.0000000000
6486 -1355.0000000000
6489 -1354.0000000000
6500 -1353.0000000000
6526 -1352.0000000000
6535 -1351.0000000000
6564 -1350.0000000000
6576 -1348.0000000000
6581 -1347.0000000000
6584 -1345.0000000000
6606 -1344.0000000000
6623 -1343.0000000000
6639 -1342.0000000000
6652 -1341.0000000000
6662 -1340.0000000000
6671 -1339.0000000000
6686 -1338.0000000000
6691 -1337.0000000000
6702 -1336.0000000000
6706 -1335.0000000000
6722 -1334.0000000000
6727 -1333.0000000000
6748 -1332.0000000000
6763 -1331.0000000000
6766 -1330.0000000000
6779 -1329.0000000000
6785 -1328.0000000000
6798 -1327.0000000000
6805 -1326.0000000000
6827 -1325.0000000000
6858 -1324.0000000000
6866 -1323.0000000000
6886 -1322.0000000000
6909 -1321.0000000000
6923 -1320.0000000000
6952 -1319.0000000000
6966 -1318.0000000000
6971 -1317.0000000000
6983 -1316.0000000000
6999 -1315.0000000000
7014 -1314.0000000000
7038 -1313.0000000000
7053 -1312.0000000000
7064 -1311.0000000000
7076 -1310.0000000000
7085 -1309.0000000000
7112 -1308.0000000000
7138 -1307.0000000000
7172 -1306.0000000000
7183 -1305.0000000000
7199 -1304.0000000000
7218 -1303.0000000000
7228 -1302.0000000000
7234 -1301.0000000000
7249 -1300.0000000000
7265 -1299.0000000000
7268 -1298.0000000000
7292 -1297.0000000000
7299 -1296.0000000000
7309 -1295.0000000000
7332 -1294.0000000000
7341 -1293.0000000000
7373 -1292.0000000000
7386 -1290.0000000000
7436 -1288.0000000000
7472 -1287.0000000000
7485 -1284.0000000000
7528 -1283.0000000000
7553 -1282.0000000000
7588 -1281.0000000000
7613 -1280.0000000000
7628 -1279.0000000000
7644 -1278.0000000000
7646 -1277.0000000000
7672 -1276.0000000000
7678 -1275.0000000000
7698 -1273.0000000000
7721 -1272.0000000000
7731 -1271.0000000000
7733 -1270.0000000000
7757 -1269.0000000000
7773 -1268.0000000000
7775 -1267.0000000000
7790 -1266.0000000000
7793 -1265.0000000000
7810 -1264.0000000000
7812 -1262.0000000000
7851 -1261.0000000000
7857 -1260.0000000000
7882 -1259.0000000000
7900 -1258.0000000000
7912 -1256.0000000000
7952 -1255.0000000000
7982 -1254.0000000000
7984 -1253.0000000000
8011 -1252.0000000000
8035 -1251.0000000000
8058 -1250.0000000000
8076 -1249.0000000000
8081 -1248.0000000000
8099 -1246.0000000000
8128 -1245.0000000000
8132 -1244.0000000000
8154 -1243.0000000000
8161 -1242.0000000000
8174 -1241.0000000000
8182 -1240.0000000000
8200 -1239.0000000000
8215 -1238.0000000000
8223 -1237.0000000000
8227 -1236.0000000000
8247 -1235.0000000000
8270 -1234.0000000000
8280 -1232.0000000000
8311 -1231.0000000000
8335 -1230.0000000000
8354 -1229.0000000000
8369 -1228.0000000000
8393 -1226.0000000000
8424 -1225.0000000000
8443 -1223.0000000000
8482 -1222.0000000000
8486 -1221.0000000000
8498 -1220.0000000000
8511 -1219.0000000000
8515 -1218.0000000000
8516 -1217.0000000000
8538 -1215.0000000000
8546 -1214.0000000000
8564 -1213.0000000000
8571 -1212.0000000000
8580 -1211.0000000000
8587 -1210.0000000000
8607 -1209.0000000000
8613 -1208.0000000000
8628 -1207.0000000000
8635 -1206.0000000000
8644 -1205.0000000000
8653 -1204.0000000000
8664 -1202.0000000000
8679 -1200.0000000000
8723 -1199.0000000000
8751 -1198.0000000000
8780 -1197.0000000000
8790 -1196.0000000000
8805 -1195.0000000000
8816 -1194.0000000000
8818 -1193.0000000000
8840 -1192.0000000000
8856 -1191.0000000000
8879 -1190.0000000000
8890 -1189.0000000000
8891 -1188.0000000000
8911 -1187.0000000000
8926 -1186.0000000000
8944 -1185.0000000000
8953 -1184.0000000000
8958 -1183.0000000000
8975 -1182.0000000000
8982 -1181.0000000000
8996 -1180.0000000000
9002 -1179.0000000000
9013 -1178.0000000000
9048 -1177.0000000000
9051 -1175.0000000000
9088 -1174.0000000000
9093 -1173.0000000000
9112 -1172.0000000000
9124 -1171.0000000000
9159 -1170.0000000000
9200 -1169.0000000000
9208 -1168.0000000000
9221 -1167.0000000000
9222 -1166.0000000000
9242 -1165.0000000000
9263 -1164.0000000000
9284 -1163.0000000000
9289 -1162.0000000000
9299 -1161.0000000000
9312 -1160.0000000000
9343 -1159.0000000000
9362 -1158.0000000000
9377 -1157.0000000000
9391 -1156.0000000000
9398 -1155.0000000000
9432 -1154.0000000000
9449 -1153.0000000000
9470 -1152.0000000000
9479 -1151.0000000000
9520 -1149.0000000000
9534 -1148.0000000000
9536 -1147.0000000000
9545 -1146.0000000000
9552 -1145.0000000000
9565 -1144.0000000000
9605 -1143.0000000000
9627 -1142.0000000000
9637 -1141.0000000000
9639 -1140.0000000000
9654 -1139.0000000000
9664 -1138.0000000000
9697 -1137.0000000000
9708 -1136.0000000000
9717 -1135.0000000000
9734 -1134.0000000000
9743 -1133.0000000000
9751 -1132.0000000000
9797 -1131.0000000000
9817 -1130.0000000000
9843 -1129.0000000000
9866 -1127.0000000000
9878 -1126.0000000000
9907 -1125.0000000000
9917 -1124.0000000000
9929 -1123.0000000000
9942 -1121.0000000000
9999 -1120.0000000000
10000 -1123.0000000000
evaluations raw_y
1 -1992.0000000000
2 -1987.0000000000
5 -1948.0000000000
30 -1947.0000000000
36 -1946.0000000000
42 -1945.0000000000
49 -1944.0000000000
56 -1943.0000000000
67 -1942.0000000000
71 -1941.0000000000
88 -1940.0000000000
94 -1939.0000000000
98 -1938.0000000000
119 -1937.0000000000
143 -1936.0000000000
151 -1935.0000000000
153 -1934.0000000000
180 -1933.0000000000
187 -1932.0000000000
190 -1931.0000000000
200 -1930.0000000000
204 -1929.0000000000
221 -1928.0000000000
229 -1927.0000000000
236 -1926.0000000000
240 -1925.0000000000
259 -1924.0000000000
274 -1923.0000000000
275 -1922.0000000000
289 -1921.0000000000
291 -1920.0000000000
296 -1919.0000000000
310 -1918.0000000000
311 -1917.0000000000
326 -1916.0000000000
328 -1915.0000000000
331 -1914.0000000000
346 -1913.0000000000
353 -1911.0000000000
373 -1910.0000000000
381 -1909.0000000000
397 -1908.0000000000
406 -1907.0000000000
426 -1906.0000000000
433 -1905.0000000000
447 -1904.0000000000
453 -1903.0000000000
461 -1899.0000000000
470 -1898.0000000000
484 -1897.0000000000
509 -1896.0000000000
517 -1895.0000000000
535 -1894.0000000000
549 -1892.0000000000
554 -1891.0000000000
563 -1889.0000000000
570 -1888.0000000000
592 -1887.0000000000
597 -1886.0000000000
607 -1885.0000000000
614 -1884.0000000000
631 -1883.0000000000
642 -1882.0000000000
648 -1881.0000000000
651 -1879.0000000000
655 -1878.0000000000
676 -1877.0000000000
681 -1876.0000000000
688 -1875.0000000000
691 -1874.0000000000
698 -1872.0000000000
712 -1871.0000000000
726 -1869.0000000000
744 -1868.0000000000
750 -1867.0000000000
752 -1866.0000000000
764 -1865.0000000000
769 -1864.0000000000
794 -1863.0000000000
795 -1862.0000000000
797 -1861.0000000000
810 -1860.0000000000
812 -1859.0000000000
815 -1858.0000000000
825 -1857.0000000000
834 -1856.0000000000
850 -1855.0000000000
876 -1854.0000000000
879 -1853.0000000000
901 -1852.0000000000
909 -1851.0000000000
910 -1850.0000000000
912 -1849.0000000000
913 -1848.0000000000
920 -1847.0000000000
926 -1846.0000000000
936 -1845.0000000000
949 -1844.0000000000
959 -1843.0000000000
967 -1842.0000000000
976 -1841.0000000000
984 -1840.0000000000
985 -1839.0000000000
1008 -1838.0000000000
1041 -1836.0000000000
1048 -1835.0000000000
1058 -1834.0000000000
1059 -1833.0000000000
1074 -1832.0000000000
1078 -1831.0000000000
1085 -1830.0000000000
1089 -1829.0000000000
1096 -1828.0000000000
1118 -1827.0000000000
1135 -1825.0000000000
1141 -1823.0000000000
1153 -1822.0000000000
1164 -1821.0000000000
1169 -1820.0000000000
1175 -1819.0000000000
1184 -1816.0000000000
1194 -1815.0000000000
1200 -1814.0000000000
1204 -1813.0000000000
1218 -1811.0000000000
1225 -1810.0000000000
1226 -1809.0000000000
1236 -1808.0000000000
1241 -1807.0000000000
1259 -1806.0000000000
1262 -1805.0000000000
1278 -1804.0000000000
1284 -1803.0000000000
1286 -1802.0000000000
1294 -1801.0000000000
1310 -1800.0000000000
1321 -1799.0000000000
1325 -1797.0000000000
1340 -1796.0000000000
1354 -1795.0000000000
1360 -1794.0000000000
1376 -1793.0000000000
1380 -1792.0000000000
1386 -1791.0000000000
1392 -1790.0000000000
1399 -1789.0000000000
1400 -1788.0000000000
1408 -1787.0000000000
1411 -1786.0000000000
1418 -1784.0000000000
1428 -1782.0000000000
1448 -1781.0000000000
1452 -1780.0000000000
1476 -1779.0000000000
1481 -1778.0000000000
1482 -1777.0000000000
1500 -1776.0000000000
1514 -1775.0000000000
1521 -1774.0000000000
1538 -1772.0000000000
1558 -1770.0000000000
1566 -1769.0000000000
1568 -1768.0000000000
1572 -1767.0000000000
1581 -1766.0000000000
1593 -1765.0000000000
1595 -1764.0000000000
1599 -1763.0000000000
1612 -1762.0000000000
1629 -1761.0000000000
1634 -1760.0000000000
1649 -1758.0000000000
1671 -1757.0000000000
1691 -1756.0000000000
1702 -1755.0000000000
1723 -1754.0000000000
1733 -1752.0000000000
1747 -1751.0000000000
1759 -1750.0000000000
1765 -1749.0000000000
1787 -1747.0000000000
1812 -1746.0000000000
1816 -1745.0000000000
1823 -1744.0000000000
1825 -1743.0000000000
1834 -1742.0000000000
1837 -1741.0000000000
1841 -1740.0000000000
1851 -1739.0000000000
1872 -1738.0000000000
1899 -1737.0000000000
1923 -1734.0000000000
1936 -1732.0000000000
1954 -1731.0000000000
1955 -1730.0000000000
1991 -1729.0000000000
1992 -1728.0000000000
1996 -1726.0000000000
2030 -1725.0000000000
2044 -1724.0000000000
2059 -1723.0000000000
2063 -1722.0000000000
2071 -1721.0000000000
2085 -1720.0000000000
2097 -1719.0000000000
2103 -1717.0000000000
2118 -1716.0000000000
2121 -1715.0000000000
2129 -1714.0000000000
2157 -1713.0000000000
2158 -1712.0000000000
2164 -1711.0000000000
2172 -1710.0000000000
2173 -1709.0000000000
2183 -1708.0000000000
2189 -1707.0000000000
2205 -1706.0000000000
2215 -1705.0000000000
2221 -1704.0000000000
2224 -1702.0000000000
2235 -1701.0000000000
2244 -1699.0000000000
2246 -1698.0000000000
2255 -1697.0000000000
2286 -1695.0000000000
2299 -1694.0000000000
2301 -1693.0000000000
2309 -1691.0000000000
2314 -1690.0000000000
2322 -1687.0000000000
2326 -1684.0000000000
2349 -1683.0000000000
2355 -1682.0000000000
2367 -1681.0000000000
2368 -1680.0000000000
2394 -1678.0000000000
2397 -1676.0000000000
2415 -1675.0000000000
2419 -1674.0000000000
2423 -1673.0000000000
2454 -1672.0000000000
2461 -1671.0000000000
2483 -1670.0000000000
2487 -1669.0000000000
2490 -1668.0000000000
2510 -1667.0000000000
2513 -1666.0000000000
2539 -1665.0000000000
2544 -1663.0000000000
2561 -1662.0000000000
2580 -1661.0000000000
2586 -1660.0000000000
2602 -1658.0000000000
2631 -1657.0000000000
2632 -1656.0000000000
2633 -1655.0000000000
2634 -1654.0000000000
2646 -1653.0000000000
2664 -1652.0000000000
2670 -1650.0000000000
2695 -1648.0000000000
2700 -1647.0000000000
2706 -1646.0000000000
2710 -1645.0000000000
2722 -1644.0000000000
2748 -1643.0000000000
2768 -1641.0000000000
2783 -1640.0000000000
2791 -1639.0000000000
2799 -1638.0000000000
2807 -1637.0000000000
2828 -1636.0000000000
2831 -1635.0000000000
2837 -1634.0000000000
2847 -1633.0000000000
2863 -1632.0000000000
2874 -1631.0000000000
2877 -1630.0000000000
2878 -1629.0000000000
2898 -1628.0000000000
2909 -1627.0000000000
2920 -1626.0000000000
2926 -1625.0000000000
2927 -1623.0000000000
2957 -1622.0000000000
2967 -1621.0000000000
2971 -1620.0000000000
2999 -1619.0000000000
3002 -1618.0000000000
3026 -1617.0000000000
3027 -1616.0000000000
3039 -1615.0000000000
3052 -1614.0000000000
3062 -1612.0000000000
3076 -1611.0000000000
3080 -1610.0000000000
3087 -1609.0000000000
3102 -1608.0000000000
3105 -1607.0000000000
3124 -1606.0000000000
3129 -1605.0000000000
3143 -1604.0000000000
3164 -1602.0000000000
3177 -1601.0000000000
3201 -1600.0000000000
3204 -1599.0000000000
3208 -1598.0000000000
3210 -1597.0000000000
3217 -1596.0000000000
3226 -1595.0000000000
3241 -1594.0000000000
3251 -1593.0000000000
3262 -1592.0000000000
3267 -1591.0000000000
3274 -1589.0000000000
3278 -1588.0000000000
3281 -1587.0000000000
3299 -1586.0000000000
3306 -1585.0000000000
3311 -1583.0000000000
3315 -1582.0000000000
3320 -1581.0000000000
3329 -1580.0000000000
3339 -1579.0000000000
3349 -1578.0000000000
3356 -1577.0000000000
3364 -1576.0000000000
3378 -1575.0000000000
3394 -1574.0000000000
3398 -1573.0000000000
3418 -1572.0000000000
3428 -1571.0000000000
3430 -1569.0000000000
3433 -1567.0000000000
3467 -1566.0000000000
3469 -1565.0000000000
3488 -1564.0000000000
3510 -1563.0000000000
3512 -1562.0000000000
3517 -1561.0000000000
3535 -1560.0000000000
3552 -1559.0000000000
3559 -1558.0000000000
3571 -1557.0000000000
3575 -1556.0000000000
3577 -1555.0000000000
3603 -1554.0000000000
3634 -1553.0000000000
3641 -1552.0000000000
3653 -1551.0000000000
3658 -1550.0000000000
3665 -1549.0000000000
3692 -1548.0000000000
3701 -1547.0000000000
3717 -1546.0000000000
3721 -1544.0000000000
3737 -1543.0000000000
3739 -1542.0000000000
3750 -1541.0000000000
3760 -1540.0000000000
3772 -1539.0000000000
3793 -1538.0000000000
3803 -1537.0000000000
3805 -1536.0000000000
3820 -1535.0000000000
3828 -1534.0000000000
3840 -1533.0000000000
3857 -1532.0000000000
3861 -1530.0000000000
3885 -1529.0000000000
3899 -1528.0000000000
3907 -1527.0000000000
3945 -1526.0000000000
3951 -1525.0000000000
3961 -1524.0000000000
3964 -1523.0000000000
3971 -1521.0000000000
3972 -1520.0000000000
3993 -1519.0000000000
4011 -1517.0000000000
4019 -1516.0000000000
4022 -1515.0000000000
4024 -1514.0000000000
4050 -1512.0000000000
4058 -1511.0000000000
4075 -1510.0000000000
4094 -1508.0000000000
4113 -1507.0000000000
4116 -1506.0000000000
4125 -1505.0000000000
4146 -1504.0000000000
4150 -1503.0000000000
4161 -1502.0000000000
4162 -1500.0000000000
4168 -1499.0000000000
4186 -1498.0000000000
4205 -1497.0000000000
4214 -1496.0000000000
4233 -1494.0000000000
4261 -1493.0000000000
4262 -1492.0000000000
4288 -1491.0000000000
4305 -1488.0000000000
4330 -1487.0000000000
4338 -1486.0000000000
4340 -1485.0000000000
4345 -1484.0000000000
4348 -1483.0000000000
4372 -1482.0000000000
4374 -1481.0000000000
4402 -1480.0000000000
4425 -1479.0000000000
4428 -1478.0000000000
4451 -1477.0000000000
4454 -1476.0000000000
4461 -1475.0000000000
4479 -1473.0000000000
4488 -1472.0000000000
4501 -1471.0000000000
4508 -1470.0000000000
4542 -1469.0000000000
4545 -1468.0000000000
4562 -1467.0000000000
4577 -1465.0000000000
4609 -1464.0000000000
4630 -1463.0000000000
4634 -1462.0000000000
4636 -1461.0000000000
4652 -1460.0000000000
4667 -1459.0000000000
4676 -1458.0000000000
4688 -1456.0000000000
4698 -1455.0000000000
4710 -1454.0000000000
4728 -1452.0000000000
4733 -1451.0000000000
4744 -1450.0000000000
4753 -1449.0000000000
4756 -1448.0000000000
4759 -1447.0000000000
4763 -1446.0000000000
4791 -1445.0000000000
4792 -1444.0000000000
4800 -1443.0000000000
4809 -1442.0000000000
4819 -1440.0000000000
4856 -1439.0000000000
4864 -1438.0000000000
4889 -1436.0000000000
4909 -1435.0000000000
4920 -1434.0000000000
4942 -1433.0000000000
4945 -1432.0000000000
4955 -1431.0000000000
4975 -1430.0000000000
5010 -1429.0000000000
5015 -1428.0000000000
5042 -1427.0000000000
5051 -1426.0000000000
5084 -1425.0000000000
5101 -1424.0000000000
5117 -1423.0000000000
5147 -1422.0000000000
5166 -1421.0000000000
5183 -1420.0000000000
5189 -1419.0000000000
5217 -1418.0000000000
5218 -1417.0000000000
5243 -1416.0000000000
5256 -1415.0000000000
5260 -1414.0000000000
5282 -1413.0000000000
5285 -1412.0000000000
5302 -1411.0000000000
5313 -1410.0000000000
5320 -1408.0000000000
5330 -1407.0000000000
5331 -1406.0000000000
5337 -1405.0000000000
5367 -1404.0000000000
5370 -1403.0000000000
5394 -1402.0000000000
5397 -1401.0000000000
5408 -1400.0000000000
5426 -1398.0000000000
5428 -1397.0000000000
5440 -1395.0000000000
5447 -1394.0000000000
5465 -1393.0000000000
5489 -1391.0000000000
5498 -1390.0000000000
5499 -1389.0000000000
5500 -1388.0000000000
5536 -1386.0000000000
5566 -1385.0000000000
5587 -1384.0000000000
5595 -1383.0000000000
5612 -1382.0000000000
5619 -1381.0000000000
5633 -1380.0000000000
5647 -1379.0000000000
5650 -1378.0000000000
5674 -1377.0000000000
5685 -1376.0000000000
5699 -1375.0000000000
5714 -1374.0000000000
5726 -1373.0000000000
5744 -1372.0000000000
5757 -1371.0000000000
5770 -1370.0000000000
5783 -1369.0000000000
5786 -1368.0000000000
5802 -1367.0000000000
5805 -1366.0000000000
5810 -1365.0000000000
5833 -1364.0000000000
5848 -1362.0000000000
5857 -1361.0000000000
5858 -1360.0000000000
5874 -1359.0000000000
5887 -1358.0000000000
5903 -1357.0000000000
5925 -1356.0000000000
5934 -1355.0000000000
5951 -1354.0000000000
5961 -1353.0000000000
5974 -1352.0000000000
5976 -1351.0000000000
5995 -1349.0000000000
6013 -1348.0000000000
6038 -1347.0000000000
6040 -1345.0000000000
6083 -1344.0000000000
6102 -1343.0000000000
6119 -1342.0000000000
6120 -1341.0000000000
6124 -1340.0000000000
6136 -1339.0000000000
6158 -1338.0000000000
6159 -1337.0000000000
6177 -1336.0000000000
6189 -1335.0000000000
6217 -1332.0000000000
6235 -1331.0000000000
6239 -1330.0000000000
6256 -1329.0000000000
6269 -1328.0000000000
6279 -1327.0000000000
6292 -1326.0000000000
6300 -1325.0000000000
6325 -1324.0000000000
6347 -1323.0000000000
6361 -1322.0000000000
6394 -1321.0000000000
6400 -1320.0000000000
6426 -1319.0000000000
6448 -1318.0000000000
6459 -1317.0000000000
6462 -1316.0000000000
6467 -1315.0000000000
6485 -1314.0000000000
6489 -1313.0000000000
6494 -1312.0000000000
6499 -1311.0000000000
6526 -1310.0000000000
6541 -1309.0000000000
6544 -1308.0000000000
6553 -1307.0000000000
6562 -1305.0000000000
6573 -1304.0000000000
6593 -1303.0000000000
6605 -1302.0000000000
6623 -1301.0000000000
6642 -1300.0000000000
6650 -1299.0000000000
6679 -1298.0000000000
6702 -1297.0000000000
6707 -1296.0000000000
6722 -1295.0000000000
6733 -1294.0000000000
6751 -1293.0000000000
6761 -1292.0000000000
6762 -1291.0000000000
6796 -1290.0000000000
6813 -1289.0000000000
6823 -1288.0000000000
6834 -1287.0000000000
6862 -1286.0000000000
6873 -1285.0000000000
6888 -1284.0000000000
6900 -1283.0000000000
6922 -1282.0000000000
6929 -1281.0000000000
6930 -1280.0000000000
6967 -1279.0000000000
6995 -1278.0000000000
7013 -1275.0000000000
7053 -1274.0000000000
7081 -1271.0000000000
7090 -1270.0000000000
7102 -1269.0000000000
7119 -1268.0000000000
7137 -1267.0000000000
7161 -1266.0000000000
7168 -1265.0000000000
7173 -1264.0000000000
7181 -1263.0000000000
7196 -1262.0000000000
7216 -1261.0000000000
7235 -1259.0000000000
7242 -1257.0000000000
7251 -1256.0000000000
7252 -1255.0000000000
7265 -1254.0000000000
7270 -1253.0000000000
7277 -1252.0000000000
7294 -1251.0000000000
7313 -1249.0000000000
7348 -1248.0000000000
7368 -1247.0000000000
7369 -1246.0000000000
7374 -1245.0000000000
7399 -1244.0000000000
7432 -1243.0000000000
7438 -1242.0000000000
7452 -1241.0000000000
7476 -1240.0000000000
7494 -1239.0000000000
7504 -1238.0000000000
7523 -1237.0000000000
7552 -1236.0000000000
7563 -1235.0000000000
7566 -1233.0000000000
7583 -1232.0000000000
7600 -1231.0000000000
7625 -1230.0000000000
7626 -1229.0000000000
7642 -1228.0000000000
7663 -1227.0000000000
7670 -1226.0000000000
7700 -1225.0000000000
7710 -1224.0000000000
7723 -1223.0000000000
7724 -1222.0000000000
7728 -1221.0000000000
7731 -1220.0000000000
7741 -1219.0000000000
7759 -1218.0000000000
7782 -1217.0000000000
7818 -1216.0000000000
7836 -1215.0000000000
7855 -1214.0000000000
7860 -1213.0000000000
7868 -1212.0000000000
7904 -1211.0000000000
7905 -1209.0000000000
7925 -1207.0000000000
7965 -1206.0000000000
7990 -1205.0000000000
8019 -1204.0000000000
8041 -1203.0000000000
8043 -1202.0000000000
8065 -1201.0000000000
8095 -1200.0000000000
8103 -1199.0000000000
8112 -1198.0000000000
8129 -1197.0000000000
8140 -1196.0000000000
8173 -1195.0000000000
8191 -1194.0000000000
8197 -1193.0000000000
8217 -1192.0000000000
8235 -1191.0000000000
8247 -1190.0000000000
8262 -1189.0000000000
8282 -1188.0000000000
8308 -1187.0000000000
8314 -1186.0000000000
8341 -1185.0000000000
8348 -1184.0000000000
8358 -1183.0000000000
8390 -1182.0000000000
8401 -1181.0000000000
8432 -1180.0000000000
8446 -1179.0000000000
8454 -1178.0000000000
8455 -1177.0000000000
8466 -1176.0000000000
8473 -1175.0000000000
8492 -1174.0000000000
8495 -1173.0000000000
8533 -1171.0000000000
8550 -1170.0000000000
8564 -1169.0000000000
8576 -1168.0000000000
8606 -1167.0000000000
8613 -1166.0000000000
8620 -1165.0000000000
8629 -1164.0000000000
8637 -1163.0000000000
8676 -1162.0000000000
8682 -1161.0000000000
8690 -1160.0000000000
8705 -1159.0000000000
8733 -1158.0000000000
8746 -1157.0000000000
8771 -1155.0000000000
8813 -1154.0000000000
8822 -1153.0000000000
8862 -1152.0000000000
8865 -1151.0000000000
8877 -1150.0000000000
8882 -1147.0000000000
8899 -1146.0000000000
8918 -1145.0000000000
8959 -1143.0000000000
8992 -1142.0000000000
8993 -1141.0000000000
9008 -1140.0000000000
9070 -1139.0000000000
9105 -1138.0000000000
9111 -1137.0000000000
9121 -1136.0000000000
9168 -1135.0000000000
9173 -1134.0000000000
9200 -1133.0000000000
9205 -1132.0000000000
9211 -1131.0000000000
9217 -1129.0000000000
9229 -1128.0000000000
9259 -1127.0000000000
9287 -1125.0000000000
9306 -1124.0000000000
9352 -1123.0000000000
9359 -1122.0000000000
9409 -1121.0000000000
9436 -1120.0000000000
9438 -1119.0000000000
9446 -1118.0000000000
9461 -1117.0000000000
9464 -1116.0000000000
9513 -1115.0000000000
9521 -1114.0000000000
9545 -1113.0000000000
9575 -1111.0000000000
9608 -1110.0000000000
9612 -1109.0000000000
9627 -1108.0000000000
9657 -1107.0000000000
9671 -1105.0000000000
9696 -1104.0000000000
9699 -1103.0000000000
9733 -1102.0000000000
9736 -1101.0000000000
9753 -1100.0000000000
9765 -1098.0000000000
9811 -1097.0000000000
9818 -1096.0000000000
9854 -1095.0000000000
9881 -1094.0000000000
9904 -1093.0000000000
9913 -1092.0000000000
9924 -1091.0000000000
9940 -1090.0000000000
9950 -1089.0000000000
9974 -1088.0000000000
9990 -1087.0000000000
10000 -1087.0000000000
evaluations raw_y
1 -2033.0000000000
2 -2001.0000000000
3 -1988.0000000000
4 -1976.0000000000
29 -1975.0000000000
34 -1973.0000000000
40 -1972.0000000000
45 -1971.0000000000
54 -1970.0000000000
73 -1969.0000000000
75 -1968.0000000000
92 -1967.0000000000
94 -1966.0000000000
105 -1964.0000000000
109 -1963.0000000000
128 -1962.0000000000
134 -1961.0000000000
139 -1960.0000000000
148 -1959.0000000000
150 -1957.0000000000
160 -1956.0000000000
178 -1955.0000000000
182 -1954.0000000000
194 -1953.0000000000
210 -1952.0000000000
212 -1951.0000000000
214 -1950.0000000000
219 -1949.0000000000
231 -1948.0000000000
238 -1947.0000000000
249 -1945.0000000000
279 -1944.0000000000
282 -1943.0000000000
298 -1942.0000000000
300 -1941.0000000000
312 -1940.0000000000
321 -1939.0000000000
342 -1938.0000000000
351 -1937.0000000000
356 -1936.0000000000
363 -1935.0000000000
367 -1934.0000000000
373 -1933.0000000000
377 -1932.0000000000
380 -1931.0000000000
387 -1930.0000000000
393 -1929.0000000000
397 -1928.0000000000
417 -1927.0000000000
429 -1926.0000000000
431 -1924.0000000000
435 -1923.0000000000
446 -1922.0000000000
466 -1921.0000000000
473 -1920.0000000000
474 -1919.0000000000
477 -1918.0000000000
498 -1917.0000000000
506 -1916.0000000000
510 -1915.0000000000
522 -1914.0000000000
528 -1912.0000000000
547 -1911.0000000000
562 -1910.0000000000
572 -1909.0000000000
591 -1908.0000000000
594 -1907.0000000000
595 -1906.0000000000
596 -1905.0000000000
601 -1904.0000000000
613 -1901.0000000000
625 -1900.0000000000
631 -1899.0000000000
643 -1898.0000000000
652 -1897.0000000000
672 -1896.0000000000
684 -1894.0000000000
694 -1893.0000000000
703 -1892.0000000000
707 -1891.0000000000
724 -1890.0000000000
730 -1889.0000000000
735 -1888.0000000000
740 -1887.0000000000
745 -1885.0000000000
754 -1884.0000000000
766 -1883.0000000000
785 -1882.0000000000
794 -1881.0000000000
807 -1880.0000000000
815 -1879.0000000000
826 -1878.0000000000
840 -1877.0000000000
850 -1876.0000000000
856 -1875.0000000000
866 -1874.0000000000
882 -1873.0000000000
884 -1872.0000000000
895 -1871.0000000000
913 -1870.0000000000
924 -1869.0000000000
925 -1868.0000000000
940 -1867.0000000000
947 -1865.0000000000
957 -1864.0000000000
962 -1863.0000000000
964 -1862.0000000000
978 -1861.0000000000
980 -1860.0000000000
990 -1859.0000000000
997 -1858.0000000000
1019 -1857.0000000000
1040 -1855.0000000000
1041 -1854.0000000000
1064 -1853.0000000000
1065 -1852.0000000000
1075 -1850.0000000000
1076 -1849.0000000000
1081 -1848.0000000000
1107 -1846.0000000000
1108 -1845.0000000000
1121 -1844.0000000000
1130 -1843.0000000000
1143 -1842.0000000000
1164 -1840.0000000000
1176 -1838.0000000000
1195 -1837.0000000000
1211 -1836.0000000000
1214 -1835.0000000000
1221 -1834.0000000000
1222 -1833.0000000000
1226 -1832.0000000000
1228 -1831.0000000000
1259 -1830.0000000000
1270 -1829.0000000000
1280 -1828.0000000000
1284 -1827.0000000000
1287 -1826.0000000000
1291 -1825.0000000000
1303 -1824.0000000000
1326 -1823.0000000000
1332 -1822.0000000000
1345 -1821.0000000000
1355 -1819.0000000000
1373 -1818.0000000000
1377 -1817.0000000000
1383 -1816.0000000000
1387 -1815.0000000000
1394 -1814.0000000000
1396 -1813.0000000000
1416 -1811.0000000000
1426 -1810.0000000000
1444 -1809.0000000000
1452 -1808.0000000000
1459 -1807.0000000000
1477 -1806.0000000000
1480 -1805.0000000000
1494 -1804.0000000000
1513 -1803.0000000000
1537 -1802.0000000000
1555 -1801.0000000000
1569 -1800.0000000000
1573 -1798.0000000000
1576 -1797.0000000000
1584 -1796.0000000000
1591 -1795.0000000000
1609 -1794.0000000000
1611 -1793.0000000000
1640 -1792.0000000000
1641 -1791.0000000000
1651 -1790.0000000000
1656 -1789.0000000000
1658 -1788.0000000000
1666 -1787.0000000000
1697 -1786.0000000000
1702 -1784.0000000000
1725 -1783.0000000000
1728 -1782.0000000000
1732 -1781.0000000000
1741 -1780.0000000000
1760 -1778.0000000000
1767 -1777.0000000000
1770 -1776.0000000000
1774 -1775.0000000000
1806 -1773.0000000000
1817 -1772.0000000000
1822 -1771.0000000000
1846 -1770.0000000000
1856 -1768.0000000000
1873 -1767.0000000000
1890 -1766.0000000000
1904 -1765.0000000000
1912 -1764.0000000000
1923 -1762.0000000000
1932 -1761.0000000000
1945 -1760.0000000000
1947 -1759.0000000000
1960 -1757.0000000000
1961 -1756.0000000000
1967 -1755.0000000000
1968 -1754.0000000000
1985 -1753.0000000000
1989 -1752.0000000000
1993 -1751.0000000000
1997 -1750.0000000000
2011 -1749.0000000000
2015 -1748.0000000000
2025 -1747.0000000000
2027 -1746.0000000000
2028 -1745.0000000000
2035 -1744.0000000000
2048 -1743.0000000000
2055 -1742.0000000000
2070 -1741.0000000000
2075 -1739.0000000000
2089 -1738.0000000000
2104 -1737.0000000000
2108 -1736.0000000000
2109 -1735.0000000000
2113 -1734.0000000000
2138 -1733.0000000000
2159 -1732.0000000000
2162 -1731.0000000000
2176 -1730.0000000000
2177 -1729.0000000000
2191 -1728.0000000000
2203 -1727.0000000000
2215 -1726.0000000000
2218 -1725.0000000000
2232 -1722.0000000000
2244 -1721.0000000000
2251 -1720.0000000000
2264 -1719.0000000000
2269 -1718.0000000000
2291 -1717.0000000000
2297 -1716.0000000000
2299 -1715.0000000000
2303 -1714.0000000000
2332 -1713.0000000000
2333 -1711.0000000000
2334 -1710.0000000000
2346 -1709.0000000000
2353 -1707.0000000000
2378 -1706.0000000000
2398 -1705.0000000000
2408 -1704.0000000000
2415 -1703.0000000000
2422 -1702.0000000000
2448 -1701.0000000000
2459 -1700.0000000000
2467 -1699.0000000000
2468 -1697.0000000000
2491 -1696.0000000000
2492 -1695.0000000000
2502 -1694.0000000000
2506 -1693.0000000000
2518 -1692.0000000000
2526 -1691.0000000000
2528 -1690.0000000000
2550 -1689.0000000000
2561 -1688.0000000000
2570 -1687.0000000000
2573 -1686.0000000000
2581 -1685.0000000000
2592 -1684.0000000000
2601 -1683.0000000000
2614 -1681.0000000000
2618 -1680.0000000000
2629 -1679.0000000000
2641 -1678.0000000000
2659 -1677.0000000000
2664 -1676.0000000000
2675 -1675.0000000000
2685 -1674.0000000000
2708 -1672.0000000000
2731 -1671.0000000000
2734 -1670.0000000000
2741 -1669.0000000000
2745 -1668.0000000000
2748 -1667.0000000000
2754 -1666.0000000000
2764 -1665.0000000000
2790 -1664.0000000000
2801 -1663.0000000000
2802 -1662.0000000000
2819 -1661.0000000000
2844 -1660.0000000000
2846 -1658.0000000000
2874 -1657.0000000000
2875 -1656.0000000000
2879 -1655.0000000000
2918 -1654.0000000000
2926 -1653.0000000000
2927 -1652.0000000000
2939 -1651.0000000000
2940 -1650.0000000000
2962 -1649.0000000000
2964 -1648.0000000000
2966 -1647.0000000000
2970 -1646.0000000000
2983 -1645.0000000000
3010 -1643.0000000000
3038 -1642.0000000000
3050 -1641.0000000000
3056 -1639.0000000000
3062 -1638.0000000000
3064 -1636.0000000000
3069 -1635.0000000000
3088 -1634.0000000000
3109 -1633.0000000000
3112 -1632.0000000000
3113 -1631.0000000000
3120 -1630.0000000000
3130 -1629.0000000000
3141 -1628.0000000000
3149 -1627.0000000000
3156 -1626.0000000000
3171 -1625.0000000000
3191 -1624.0000000000
3192 -1623.0000000000
3199 -1622.0000000000
3205 -1620.0000000000
3247 -1618.0000000000
3252 -1617.0000000000
3258 -1616.0000000000
3270 -1615.0000000000
3278 -1614.0000000000
3280 -1613.0000000000
3303 -1611.0000000000
3309 -1610.0000000000
3343 -1608.0000000000
3354 -1607.0000000000
3367 -1606.0000000000
3388 -1605.0000000000
3398 -1604.0000000000
3403 -1603.0000000000
3419 -1602.0000000000
3443 -1601.0000000000
3456 -1600.0000000000
3468 -1599.0000000000
3491 -1598.0000000000
3500 -1596.0000000000
3510 -1595.0000000000
3539 -1594.0000000000
3551 -1593.0000000000
3561 -1592.0000000000
3565 -1591.0000000000
3581 -1590.0000000000
3602 -1589.0000000000
3611 -1588.0000000000
3634 -1587.0000000000
3646 -1586.0000000000
3657 -1585.0000000000
3684 -1584.0000000000
3685 -1583.0000000000
3692 -1582.0000000000
3714 -1581.0000000000
3727 -1580.0000000000
3741 -1579.0000000000
3744 -1578.0000000000
3758 -1577.0000000000
3783 -1576.0000000000
3792 -1575.0000000000
3799 -1573.0000000000
3815 -1572.0000000000
3825 -1571.0000000000
3827 -1570.0000000000
3846 -1569.0000000000
3853 -1568.0000000000
3859 -1567.0000000000
3878 -1566.0000000000
3885 -1565.0000000000
3898 -1564.0000000000
3902 -1563.0000000000
3909 -1562.0000000000
3935 -1561.0000000000
3948 -1560.0000000000
3970 -1559.0000000000
3977 -1558.0000000000
3984 -1557.0000000000
3997 -1556.0000000000
4009 -1554.0000000000
4010 -1553.0000000000
4024 -1552.0000000000
4048 -1550.0000000000
4090 -1549.0000000000
4093 -1548.0000000000
4102 -1546.0000000000
4108 -1545.0000000000
4131 -1544.0000000000
4144 -1543.0000000000
4152 -1542.0000000000
4158 -1541.0000000000
4188 -1540.0000000000
4195 -1539.0000000000
4205 -1538.0000000000
4214 -1537.0000000000
4221 -1536.0000000000
4232 -1535.0000000000
4240 -1534.0000000000
4242 -1533.0000000000
4244 -1532.0000000000
4251 -1531.0000000000
4286 -1528.0000000000
4325 -1527.0000000000
4333 -1525.0000000000
4352 -1524.0000000000
4354 -1523.0000000000
4365 -1522.0000000000
4381 -1521.0000000000
4396 -1520.0000000000
4415 -1519.0000000000
4420 -1518.0000000000
4421 -1517.0000000000
4441 -1516.0000000000
4448 -1515.0000000000
4464 -1514.0000000000
4476 -1513.0000000000
4484 -1512.0000000000
4491 -1511.0000000000
4509 -1510.0000000000
4524 -1508.0000000000
4540 -1507.0000000000
4550 -1506.0000000000
4553 -1505.0000000000
4565 -1504.0000000000
4581 -1503.0000000000
4591 -1502.0000000000
4606 -1501.0000000000
4615 -1500.0000000000
4625 -1499.0000000000
4628 -1497.0000000000
4634 -1496.0000000000
4636 -1495.0000000000
4648 -1492.0000000000
4668 -1491.0000000000
4701 -1489.0000000000
4724 -1488.0000000000
4725 -1487.0000000000
4726 -1485.0000000000
4740 -1484.0000000000
4741 -1483.0000000000
4773 -1482.0000000000
4781 -1481.0000000000
4787 -1480.0000000000
4795 -1479.0000000000
4811 -1478.0000000000
4822 -1476.0000000000
4823 -1475.0000000000
4851 -1474.0000000000
4871 -1473.0000000000
4880 -1472.0000000000
4884 -1471.0000000000
4912 -1469.0000000000
4931 -1468.0000000000
4956 -1467.0000000000
4959 -1466.0000000000
4961 -1464.0000000000
4997 -1463.0000000000
5012 -1462.0000000000
5019 -1461.0000000000
5062 -1460.0000000000
5071 -1459.0000000000
5091 -1458.0000000000
5111 -1457.0000000000
5121 -1456.0000000000
5152 -1455.0000000000
5163 -1454.0000000000
5181 -1453.0000000000
5195 -1452.0000000000
5219 -1450.0000000000
5232 -1449.0000000000
5242 -1448.0000000000
5270 -1447.0000000000
5274 -1446.0000000000
5289 -1445.0000000000
5310 -1444.0000000000
5322 -1443.0000000000
5336 -1442.0000000000
5341 -1441.0000000000
5347 -1440.0000000000
5385 -1439.0000000000
5389 -1438.0000000000
5391 -1437.0000000000
5412 -1436.0000000000
5437 -1435.0000000000
5439 -1434.0000000000
5451 -1433.0000000000
5459 -1432.0000000000
5468 -1431.0000000000
5479 -1430.0000000000
5502 -1429.0000000000
5513 -1428.0000000000
5535 -1427.0000000000
5548 -1426.0000000000
5555 -1425.0000000000
5575 -1424.0000000000
5580 -1422.0000000000
5600 -1421.0000000000
5617 -1420.0000000000
5618 -1419.0000000000
5619 -1418.0000000000
5633 -1417.0000000000
5640 -1416.0000000000
5646 -1415.0000000000
5648 -1414.0000000000
5668 -1413.0000000000
5685 -1412.0000000000
5696 -1411.0000000000
5701 -1410.0000000000
5717 -1409.0000000000
5757 -1408.0000000000
5766 -1407.0000000000
5779 -1406.0000000000
5789 -1405.0000000000
5796 -1404.0000000000
5808 -1402.0000000000
5826 -1401.0000000000
5829 -1400.0000000000
5835 -1399.0000000000
5851 -1398.0000000000
5862 -1397.0000000000
5883 -1396.0000000000
5901 -1395.0000000000
5902 -1394.0000000000
5915 -1393.0000000000
5934 -1391.0000000000
5947 -1390.0000000000
5957 -1389.0000000000
5982 -1388.0000000000
5994 -1387.0000000000
6020 -1386.0000000000
6025 -1385.0000000000
6026 -1384.0000000000
6039 -1383.0000000000
6068 -1382.0000000000
6076 -1381.0000000000
6083 -1380.0000000000
6091 -1379.0000000000
6109 -1378.0000000000
6123 -1377.0000000000
6136 -1376.0000000000
6159 -1375.0000000000
6180 -1374.0000000000
6186 -1373.0000000000
6193 -1372.0000000000
6198 -1371.0000000000
6202 -1370.0000000000
6215 -1369.0000000000
6232 -1367.0000000000
6254 -1366.0000000000
6268 -1365.0000000000
6284 -1364.0000000000
6287 -1363.0000000000
6295 -1362.0000000000
6307 -1361.0000000000
6328 -1360.0000000000
6346 -1357.0000000000
6375 -1356.0000000000
6378 -1355.0000000000
6384 -1354.0000000000
6403 -1353.0000000000
6414 -1352.0000000000
6432 -1351.0000000000
6462 -1350.0000000000
6477 -1349.0000000000
6501 -1348.0000000000
6529 -1347.0000000000
6542 -1346.0000000000
6547 -1345.0000000000
6564 -1344.0000000000
6588 -1343.0000000000
6599 -1342.0000000000
6607 -1341.0000000000
6652 -1340.0000000000
6676 -1339.0000000000
6683 -1338.0000000000
6707 -1337.0000000000
6731 -1335.0000000000
6755 -1334.0000000000
6758 -1333.0000000000
6782 -1331.0000000000
6793 -1330.0000000000
6807 -1329.0000000000
6815 -1328.0000000000
6816 -1327.0000000000
6840 -1326.0000000000
6855 -1325.0000000000
6884 -1324.0000000000
6899 -1323.0000000000
6918 -1322.0000000000
6935 -1321.0000000000
6959 -1319.0000000000
6960 -1318.0000000000
6972 -1317.0000000000
6980 -1315.0000000000
7004 -1314.0000000000
7021 -1313.0000000000
7030 -1312.0000000000
7052 -1311.0000000000
7058 -1310.0000000000
7063 -1309.0000000000
7071 -1308.0000000000
7079 -1307.0000000000
7087 -1306.0000000000
7103 -1304.0000000000
7110 -1303.0000000000
7126 -1302.0000000000
7135 -1301.0000000000
7158 -1300.0000000000
7176 -1299.0000000000
7187 -1298.0000000000
7193 -1297.0000000000
7203 -1296.0000000000
7216 -1295.0000000000
7227 -1294.0000000000
7231 -1293.0000000000
7263 -1292.0000000000
7288 -1291.0000000000
7300 -1290.0000000000
7316 -1289.0000000000
7322 -1288.0000000000
7334 -1287.0000000000
7346 -1286.0000000000
7365 -1285.0000000000
7377 -1284.0000000000
7387 -1283.0000000000
7395 -1282.0000000000
7411 -1281.0000000000
7414 -1280.0000000000
7438 -1279.0000000000
7460 -1278.0000000000
7467 -1277.0000000000
7471 -1276.0000000000
7486 -1275.0000000000
7491 -1274.0000000000
7524 -1273.0000000000
7553 -1272.0000000000
7555 -1271.0000000000
7567 -1270.0000000000
7593 -1269.0000000000
7598 -1268.0000000000
7619 -1266.0000000000
7669 -1265.0000000000
7691 -1264.0000000000
7698 -1261.0000000000
7722 -1260.0000000000
7727 -1259.0000000000
7740 -1258.0000000000
7748 -1256.0000000000
7773 -1255.0000000000
7778 -1254.0000000000
7799 -1253.0000000000
7803 -1252.0000000000
7814 -1251.0000000000
7835 -1250.0000000000
7861 -1249.0000000000
7881 -1248.0000000000
7890 -1247.0000000000
7894 -1246.0000000000
7909 -1245.0000000000
7920 -1244.0000000000
7936 -1242.0000000000
7947 -1241.0000000000
7964 -1240.0000000000
7967 -1239.0000000000
7971 -1238.0000000000
8011 -1237.0000000000
8022 -1236.0000000000
8064 -1235.0000000000
8075 -1234.0000000000
8089 -1233.0000000000
8112 -1232.0000000000
8123 -1231.0000000000
8129 -1230.0000000000
8132 -1229.0000000000
8136 -1228.0000000000
8161 -1227.0000000000
8174 -1226.0000000000
8175 -1225.0000000000
8195 -1224.0000000000
8204 -1223.0000000000
8210 -1222.0000000000
8239 -1221.0000000000
8252 -1220.0000000000
8260 -1219.0000000000
8284 -1218.0000000000
8294 -1217.0000000000
8314 -1216.0000000000
8318 -1215.0000000000
8325 -1214.0000000000
8328 -1213.0000000000
8383 -1212.0000000000
8405 -1211.0000000000
8428 -1209.0000000000
8440 -1208.0000000000
8446 -1207.0000000000
8459 -1206.0000000000
8474 -1205.0000000000
8502 -1204.0000000000
8528 -1203.0000000000
8533 -1202.0000000000
8542 -1201.0000000000
8568 -1200.0000000000
8576 -1199.0000000000
8583 -1197.0000000000
8590 -1196.0000000000
8600 -1195.0000000000
8613 -1194.0000000000
8625 -1193.0000000000
8647 -1192.0000000000
8677 -1191.0000000000
8701 -1190.0000000000
8733 -1189.0000000000
8745 -1188.0000000000
8752 -1187.0000000000
8754 -1186.0000000000
8770 -1185.0000000000
8784 -1184.0000000000
8810 -1183.0000000000
8823 -1182.0000000000
8850 -1181.0000000000
8852 -1180.0000000000
8862 -1179.0000000000
8881 -1178.0000000000
8901 -1176.0000000000
8922 -1175.0000000000
8939 -1174.0000000000
8963 -1173.0000000000
8973 -1172.0000000000
8993 -1171.0000000000
9018 -1170.0000000000
9031 -1169.0000000000
9037 -1168.0000000000
9061 -1167.0000000000
9071 -1166.0000000000
9107 -1165.0000000000
9127 -1164.0000000000
9176 -1163.0000000000
9192 -1162.0000000000
9236 -1161.0000000000
9267 -1159.0000000000
9274 -1157.0000000000
9279 -1156.0000000000
9311 -1155.0000000000
9323 -1153.0000000000
9350 -1152.0000000000
9369 -1151.0000000000
9394 -1150.0000000000
9414 -1149.0000000000
9455 -1148.0000000000
9471 -1147.0000000000
9487 -1146.0000000000
9500 -1145.0000000000
9523 -1143.0000000000
9545 -1142.0000000000
9551 -1140.0000000000
9596 -1139.0000000000
9609 -1138.0000000000
9629 -1136.0000000000
9645 -1135.0000000000
9656 -1134.0000000000
9671 -1133.0000000000
9709 -1132.0000000000
9734 -1131.0000000000
9752 -1130.0000000000
9756 -1129.0000000000
9790 -1128.0000000000
9803 -1127.0000000000
9809 -1126.0000000000
9833 -1125.0000000000
9856 -1123.0000000000
9871 -1122.0000000000
9877 -1121.0000000000
9889 -1120.0000000000
9900 -1119.0000000000
9937 -1118.0000000000
9951 -1117.0000000000
9982 -1116.0000000000
10000 -1115.0000000000
evaluations raw_y
1 -1955.0000000000
8 -1948.0000000000
54 -1946.0000000000
71 -1945.0000000000
78 -1943.0000000000
88 -1942.0000000000
90 -1941.0000000000
96 -1939.0000000000
108 -1938.0000000000
111 -1936.0000000000
139 -1935.0000000000
144 -1934.0000000000
177 -1931.0000000000
187 -1930.0000000000
189 -1929.0000000000
194 -1928.0000000000
206 -1926.0000000000
228 -1925.0000000000
239 -1923.0000000000
257 -1922.0000000000
264 -1921.0000000000
270 -1920.0000000000
272 -1919.0000000000
278 -1916.0000000000
297 -1915.0000000000
311 -1914.0000000000
314 -1913.0000000000
326 -1912.0000000000
357 -1911.0000000000
368 -1910.0000000000
379 -1909.0000000000
393 -1907.0000000000
394 -1906.0000000000
400 -1905.0000000000
420 -1903.0000000000
434 -1902.0000000000
446 -1901.0000000000
450 -1900.0000000000
452 -1899.0000000000
475 -1898.0000000000
478 -1897.0000000000
487 -1896.0000000000
496 -1895.0000000000
500 -1894.0000000000
508 -1893.0000000000
521 -1892.0000000000
534 -1891.0000000000
538 -1890.0000000000
543 -1888.0000000000
553 -1887.0000000000
556 -1886.0000000000
561 -1885.0000000000
579 -1884.0000000000
592 -1883.0000000000
602 -1881.0000000000
610 -1880.0000000000
636 -1879.0000000000
653 -1878.0000000000
660 -1876.0000000000
661 -1875.0000000000
674 -1874.0000000000
675 -1872.0000000000
681 -1871.0000000000
703 -1869.0000000000
711 -1867.0000000000
712 -1866.0000000000
741 -1865.0000000000
753 -1864.0000000000
757 -1863.0000000000
766 -1862.0000000000
768 -1861.0000000000
775 -1860.0000000000
779 -1859.0000000000
801 -1857.0000000000
809 -1856.0000000000
823 -1855.0000000000
834 -1854.0000000000
839 -1853.0000000000
853 -1852.0000000000
858 -1851.0000000000
876 -1849.0000000000
888 -1847.0000000000
891 -1846.0000000000
902 -1845.0000000000
916 -1844.0000000000
928 -1842.0000000000
945 -1841.0000000000
949 -1840.0000000000
958 -1839.0000000000
964 -1837.0000000000
966 -1835.0000000000
974 -1834.0000000000
1004 -1832.0000000000
1024 -1831.0000000000
1031 -1830.0000000000
1043 -1829.0000000000
1054 -1828.0000000000
1065 -1827.0000000000
1083 -1826.0000000000
1093 -1825.0000000000
1101 -1824.0000000000
1110 -1823.0000000000
1122 -1821.0000000000
1147 -1820.0000000000
1150 -1819.0000000000
1176 -1818.0000000000
1179 -1817.0000000000
1187 -1816.0000000000
1198 -1815.0000000000
1214 -1814.0000000000
1220 -1813.0000000000
1229 -1812.0000000000
1233 -1811.0000000000
1236 -1810.0000000000
1242 -1808.0000000000
1250 -1807.0000000000
1253 -1806.0000000000
1278 -1805.0000000000
1284 -1804.0000000000
1309 -1803.0000000000
1314 -1802.0000000000
1315 -1800.0000000000
1321 -1799.0000000000
1341 -1798.0000000000
1343 -1797.0000000000
1344 -1795.0000000000
1359 -1794.0000000000
1371 -1793.0000000000
1379 -1792.0000000000
1384 -1791.0000000000
1388 -1790.0000000000
1398 -1789.0000000000
1406 -1788.0000000000
1407 -1785.0000000000
1418 -1784.0000000000
1440 -1783.0000000000
1444 -1782.0000000000
1472 -1781.0000000000
1487 -1780.0000000000
1493 -1779.0000000000
1498 -1777.0000000000
1507 -1776.0000000000
1518 -1775.0000000000
1522 -1774.0000000000
1525 -1773.0000000000
1530 -1772.0000000000
1551 -1771.0000000000
1565 -1770.0000000000
1566 -1769.0000000000
1585 -1768.0000000000
1600 -1767.0000000000
1601 -1766.0000000000
1618 -1765.0000000000
1637 -1764.0000000000
1650 -1763.0000000000
1659 -1762.0000000000
1666 -1761.0000000000
1676 -1759.0000000000
1698 -1758.0000000000
1711 -1757.0000000000
1717 -1755.0000000000
1726 -1754.0000000000
1752 -1753.0000000000
1757 -1751.0000000000
1776 -1750.0000000000
1788 -1749.0000000000
1798 -1748.0000000000
1799 -1747.0000000000
1808 -1745.0000000000
1817 -1744.0000000000
1840 -1743.0000000000
1857 -1742.0000000000
1864 -1741.0000000000
1868 -1740.0000000000
1883 -1739.0000000000
1898 -1738.0000000000
1899 -1737.0000000000
1907 -1736.0000000000
1917 -1735.0000000000
1927 -1734.0000000000
1933 -1733.0000000000
1940 -1732.0000000000
1949 -1731.0000000000
1951 -1730.0000000000
1958 -1729.0000000000
1962 -1728.0000000000
1980 -1727.0000000000
1992 -1726.0000000000
2011 -1724.0000000000
2025 -1723.0000000000
2033 -1722.0000000000
2050 -1721.0000000000
2052 -1720.0000000000
2069 -1719.0000000000
2096 -1717.0000000000
2120 -1715.0000000000
2122 -1714.0000000000
2125 -1713.0000000000
2152 -1712.0000000000
2161 -1711.0000000000
2174 -1710.0000000000
2185 -1709.0000000000
2199 -1708.0000000000
2211 -1706.0000000000
2234 -1705.0000000000
2239 -1704.0000000000
2260 -1703.0000000000
2275 -1702.0000000000
2281 -1701.0000000000
2298 -1700.0000000000
2324 -1699.0000000000
2339 -1697.0000000000
2359 -1696.0000000000
2368 -1695.0000000000
2385 -1694.0000000000
2392 -1693.0000000000
2407 -1692.0000000000
2417 -1691.0000000000
2424 -1688.0000000000
2449 -1686.0000000000
2464 -1685.0000000000
2497 -1684.0000000000
2515 -1683.0000000000
2519 -1682.0000000000
2530 -1681.0000000000
2540 -1680.0000000000
2549 -1679.0000000000
2560 -1678.0000000000
2570 -1677.0000000000
2574 -1676.0000000000
2590 -1675.0000000000
2598 -1674.0000000000
2609 -1673.0000000000
2625 -1670.0000000000
2628 -1669.0000000000
2663 -1668.0000000000
2671 -1667.0000000000
2679 -1666.0000000000
2693 -1665.0000000000
2705 -1664.0000000000
2713 -1663.0000000000
2723 -1662.0000000000
2735 -1661.0000000000
2749 -1660.0000000000
2751 -1659.0000000000
2754 -1658.0000000000
2760 -1657.0000000000
2761 -1656.0000000000
2769 -1655.0000000000
2788 -1654.0000000000
2789 -1653.0000000000
2818 -1650.0000000000
2844 -1649.0000000000
2845 -1648.0000000000
2868 -1647.0000000000
2878 -1646.0000000000
2899 -1645.0000000000
2910 -1643.0000000000
2921 -1642.0000000000
2922 -1641.0000000000
2923 -1640.0000000000
2931 -1639.0000000000
2955 -1637.0000000000
2969 -1636.0000000000
2970 -1635.0000000000
2980 -1634.0000000000
2993 -1633.0000000000
3006 -1632.0000000000
3012 -1631.0000000000
3020 -1628.0000000000
3053 -1627.0000000000
3073 -1626.0000000000
3083 -1624.0000000000
3099 -1623.0000000000
3115 -1622.0000000000
3127 -1621.0000000000
3144 -1620.0000000000
3151 -1619.0000000000
3165 -1618.0000000000
3170 -1617.0000000000
3178 -1616.0000000000
3183 -1615.0000000000
3222 -1614.0000000000
3243 -1613.0000000000
3253 -1612.0000000000
3260 -1611.0000000000
3270 -1610.0000000000
3273 -1609.0000000000
3280 -1608.0000000000
3300 -1607.0000000000
3303 -1606.0000000000
3307 -1605.0000000000
3314 -1604.0000000000
3319 -1603.0000000000
3339 -1602.0000000000
3356 -1601.0000000000
3368 -1600.0000000000
3382 -1599.0000000000
3394 -1598.0000000000
3407 -1597.0000000000
3410 -1596.0000000000
3415 -1595.0000000000
3418 -1594.0000000000
3433 -1593.0000000000
3443 -1592.0000000000
3458 -1591.0000000000
3476 -1590.0000000000
3484 -1589.0000000000
3503 -1588.0000000000
3515 -1587.0000000000
3529 -1586.0000000000
3535 -1585.0000000000
3546 -1584.0000000000
3549 -1583.0000000000
3555 -1581.0000000000
3557 -1580.0000000000
3571 -1579.0000000000
3594 -1577.0000000000
3600 -1575.0000000000
3620 -1574.0000000000
3623 -1573.0000000000
3634 -1572.0000000000
3675 -1571.0000000000
3681 -1570.0000000000
3717 -1569.0000000000
3733 -1568.0000000000
3744 -1566.0000000000
3759 -1565.0000000000
3769 -1564.0000000000
3778 -1563.0000000000
3799 -1562.0000000000
3808 -1561.0000000000
3822 -1560.0000000000
3853 -1559.0000000000
3866 -1558.0000000000
3870 -1557.0000000000
3903 -1556.0000000000
3912 -1554.0000000000
3913 -1553.0000000000
3921 -1552.0000000000
3939 -1551.0000000000
3957 -1550.0000000000
3965 -1549.0000000000
3966 -1548.0000000000
3968 -1547.0000000000
3980 -1546.0000000000
3981 -1545.0000000000
3982 -1543.0000000000
3997 -1542.0000000000
4000 -1541.0000000000
4010 -1540.0000000000
4019 -1539.0000000000
4032 -1538.0000000000
4036 -1537.0000000000
4044 -1536.0000000000
4058 -1535.0000000000
4065 -1534.0000000000
4092 -1533.0000000000
4093 -1532.0000000000
4102 -1531.0000000000
4111 -1529.0000000000
4126 -1528.0000000000
4134 -1527.0000000000
4165 -1526.0000000000
4185 -1524.0000000000
4209 -1523.0000000000
4211 -1522.0000000000
4215 -1519.0000000000
4219 -1518.0000000000
4222 -1517.0000000000
4232 -1516.0000000000
4249 -1515.0000000000
4271 -1514.0000000000
4275 -1513.0000000000
4278 -1512.0000000000
4307 -1511.0000000000
4322 -1510.0000000000
4323 -1509.0000000000
4344 -1508.0000000000
4352 -1507.0000000000
4358 -1506.0000000000
4361 -1505.0000000000
4378 -1504.0000000000
4392 -1503.0000000000
4408 -1502.0000000000
4410 -1500.0000000000
4416 -1499.0000000000
4430 -1498.0000000000
4442 -1497.0000000000
4459 -1496.0000000000
4473 -1495.0000000000
4481 -1494.0000000000
4494 -1493.0000000000
4498 -1492.0000000000
4515 -1491.0000000000
4527 -1490.0000000000
4545 -1489.0000000000
4565 -1488.0000000000
4591 -1486.0000000000
4605 -1485.0000000000
4635 -1484.0000000000
4639 -1483.0000000000
4654 -1482.0000000000
4665 -1481.0000000000
4679 -1480.0000000000
4702 -1479.0000000000
4716 -1478.0000000000
4717 -1477.0000000000
4747 -1476.0000000000
4758 -1473.0000000000
4792 -1472.0000000000
4800 -1471.0000000000
4813 -1470.0000000000
4826 -1468.0000000000
4859 -1466.0000000000
4872 -1465.0000000000
4873 -1464.0000000000
4892 -1463.0000000000
4905 -1462.0000000000
4934 -1461.0000000000
4946 -1458.0000000000
4974 -1456.0000000000
5001 -1455.0000000000
5015 -1454.0000000000
5016 -1453.0000000000
5035 -1452.0000000000
5043 -1451.0000000000
5063 -1450.0000000000
5068 -1449.0000000000
5085 -1447.0000000000
5099 -1446.0000000000
5110 -1445.0000000000
5143 -1444.0000000000
5152 -1443.0000000000
5170 -1442.0000000000
5196 -1441.0000000000
5205 -1440.0000000000
5215 -1439.0000000000
5225 -1438.0000000000
5234 -1437.0000000000
5247 -1436.0000000000
5267 -1435.0000000000
5270 -1434.0000000000
5283 -1433.0000000000
5288 -1432.0000000000
5301 -1431.0000000000
5306 -1430.0000000000
5316 -1429.0000000000
5319 -1428.0000000000
5354 -1427.0000000000
5357 -1426.0000000000
5359 -1425.0000000000
5384 -1424.0000000000
5399 -1423.0000000000
5405 -1421.0000000000
5446 -1420.0000000000
5451 -1419.0000000000
5466 -1418.0000000000
5476 -1416.0000000000
5483 -1415.0000000000
5496 -1414.0000000000
5507 -1413.0000000000
5517 -1411.0000000000
5531 -1410.0000000000
5560 -1409.0000000000
5566 -1407.0000000000
5575 -1406.0000000000
5580 -1405.0000000000
5593 -1404.0000000000
5600 -1403.0000000000
5606 -1401.0000000000
5648 -1400.0000000000
5655 -1399.0000000000
5668 -1398.0000000000
5676 -1397.0000000000
5707 -1396.0000000000
5710 -1395.0000000000
5742 -1394.0000000000
5748 -1393.0000000000
5771 -1392.0000000000
5782 -1390.0000000000
5810 -1388.0000000000
5823 -1387.0000000000
5831 -1386.0000000000
5857 -1385.0000000000
5888 -1384.0000000000
5903 -1383.0000000000
5909 -1382.0000000000
5920 -1381.0000000000
5954 -1380.0000000000
5964 -1379.0000000000
5975 -1378.0000000000
5976 -1377.0000000000
5990 -1376.0000000000
5998 -1375.0000000000
6017 -1374.0000000000
6025 -1373.0000000000
6040 -1372.0000000000
6045 -1371.0000000000
6055 -1370.0000000000
6067 -1368.0000000000
6090 -1367.0000000000
6107 -1365.0000000000
6123 -1363.0000000000
6140 -1362.0000000000
6176 -1361.0000000000
6185 -1360.0000000000
6220 -1359.0000000000
6226 -1358.0000000000
6229 -1357.0000000000
6233 -1356.0000000000
6248 -1355.0000000000
6260 -1354.0000000000
6277 -1353.0000000000
6284 -1352.0000000000
6285 -1351.0000000000
6309 -1350.0000000000
6323 -1349.0000000000
6342 -1348.0000000000
6360 -1347.0000000000
6374 -1346.0000000000
6391 -1345.0000000000
6431 -1344.0000000000
6441 -1343.0000000000
6461 -1342.0000000000
6477 -1341.0000000000
6488 -1339.0000000000
6511 -1338.0000000000
6528 -1337.0000000000
6535 -1336.0000000000
6537 -1335.0000000000
6546 -1334.0000000000
6552 -1333.0000000000
6554 -1332.0000000000
6571 -1331.0000000000
6572 -1329.0000000000
6636 -1328.0000000000
6642 -1327.0000000000
6645 -1326.0000000000
6654 -1323.0000000000
6676 -1322.0000000000
6695 -1321.0000000000
6716 -1320.0000000000
6717 -1319.0000000000
6744 -1318.0000000000
6749 -1317.0000000000
6786 -1314.0000000000
6828 -1313.0000000000
6847 -1312.0000000000
6871 -1311.0000000000
6886 -1310.0000000000
6914 -1309.0000000000
6924 -1308.0000000000
6940 -1307.0000000000
6948 -1306.0000000000
6973 -1304.0000000000
7009 -1303.0000000000
7013 -1302.0000000000
7052 -1301.0000000000
7063 -1299.0000000000
7090 -1298.0000000000
7106 -1297.0000000000
7113 -1296.0000000000
7138 -1295.0000000000
7155 -1294.0000000000
7158 -1293.0000000000
7167 -1292.0000000000
7178 -1290.0000000000
7199 -1289.0000000000
7237 -1288.0000000000
7261 -1287.0000000000
7289 -1286.0000000000
7298 -1285.0000000000
7313 -1284.0000000000
7323 -1283.0000000000
7345 -1282.0000000000
7356 -1281.0000000000
7382 -1280.0000000000
7387 -1279.0000000000
7401 -1278.0000000000
7419 -1277.0000000000
7425 -1276.0000000000
7436 -1275.0000000000
7448 -1274.0000000000
7452 -1273.0000000000
7466 -1272.0000000000
7469 -1270.0000000000
7497 -1269.0000000000
7512 -1268.0000000000
7534 -1267.0000000000
7542 -1266.0000000000
7563 -1265.0000000000
7580 -1264.0000000000
7616 -1263.0000000000
7639 -1262.0000000000
7650 -1261.0000000000
7681 -1260.0000000000
7689 -1259.0000000000
7691 -1258.0000000000
7695 -1257.0000000000
7702 -1256.0000000000
7739 -1255.0000000000
7756 -1254.0000000000
7759 -1253.0000000000
7769 -1252.0000000000
7791 -1251.0000000000
7822 -1250.0000000000
7829 -1249.0000000000
7844 -1248.0000000000
7847 -1247.0000000000
7867 -1246.0000000000
7875 -1245.0000000000
7887 -1244.0000000000
7899 -1243.0000000000
7905 -1242.0000000000
7915 -1241.0000000000
7916 -1240.0000000000
7932 -1239.0000000000
7946 -1237.0000000000
7968 -1236.0000000000
7973 -1235.0000000000
7977 -1234.0000000000
7985 -1233.0000000000
8013 -1232.0000000000
8027 -1231.0000000000
8036 -1230.0000000000
8037 -1228.0000000000
8038 -1225.0000000000
8048 -1223.0000000000
8064 -1222.0000000000
8083 -1221.0000000000
8095 -1219.0000000000
8135 -1218.0000000000
8152 -1217.0000000000
8182 -1216.0000000000
8189 -1215.0000000000
8196 -1214.0000000000
8207 -1213.0000000000
8240 -1212.0000000000
8247 -1211.0000000000
8258 -1210.0000000000
8285 -1209.0000000000
8298 -1208.0000000000
8324 -1207.0000000000
8325 -1206.0000000000
8351 -1205.0000000000
8372 -1204.0000000000
8373 -1203.0000000000
8380 -1202.0000000000
8416 -1201.0000000000
8418 -1200.0000000000
8445 -1199.0000000000
8463 -1198.0000000000
8489 -1197.0000000000
8509 -1196.0000000000
8521 -1195.0000000000
8533 -1194.0000000000
8550 -1193.0000000000
8570 -1192.0000000000
8576 -1191.0000000000
8597 -1190.0000000000
8631 -1189.0000000000
8632 -1188.0000000000
8666 -1187.0000000000
8669 -1186.0000000000
8679 -1185.0000000000
8683 -1184.0000000000
8698 -1183.0000000000
8740 -1182.0000000000
8757 -1181.0000000000
8768 -1179.0000000000
8782 -1178.0000000000
8787 -1177.0000000000
8796 -1176.0000000000
8799 -1175.0000000000
8831 -1174.0000000000
8849 -1173.0000000000
8864 -1172.0000000000
8875 -1171.0000000000
8892 -1170.0000000000
8900 -1169.0000000000
8903 -1167.0000000000
8915 -1166.0000000000
8932 -1165.0000000000
8954 -1164.0000000000
8979 -1163.0000000000
9000 -1162.0000000000
9003 -1161.0000000000
9030 -1160.0000000000
9073 -1159.0000000000
9102 -1158.0000000000
9107 -1157.0000000000
9112 -1156.0000000000
9113 -1155.0000000000
9135 -1154.0000000000
9169 -1153.0000000000
9194 -1152.0000000000
9239 -1151.0000000000
9260 -1150.0000000000
9282 -1149.0000000000
9301 -1147.0000000000
9325 -1145.0000000000
9378 -1144.0000000000
9399 -1142.0000000000
9430 -1141.0000000000
9448 -1140.0000000000
9482 -1139.0000000000
9499 -1138.0000000000
9511 -1137.0000000000
9546 -1136.0000000000
9567 -1135.0000000000
9576 -1134.0000000000
9592 -1133.0000000000
9596 -1132.0000000000
9615 -1131.0000000000
9649 -1130.0000000000
9659 -1129.0000000000
9682 -1128.0000000000
9708 -1127.0000000000
9709 -1126.0000000000
9726 -1125.0000000000
9739 -1124.0000000000
9759 -1123.0000000000
9782 -1122.0000000000
9797 -1121.0000000000
9817 -1120.0000000000
9818 -1119.0000000000
9833 -1118.0000000000
9841 -1117.0000000000
9862 -1116.0000000000
9889 -1115.0000000000
9901 -1114.0000000000
9914 -1113.0000000000
9923 -1112.0000000000
9939 -1111.0000000000
9964 -1110.0000000000
9966 -1109.0000000000
9977 -1108.0000000000
9992 -1107.0000000000
9993 -1106.0000000000
9994 -1105.0000000000
10000 -1108.0000000000
evaluations raw_y
1 -2025.0000000000
2 -1993.0000000000
9 -1976.0000000000
10 -1950.0000000000
29 -1949.0000000000
33 -1948.0000000000
44 -1947.0000000000
56 -1946.0000000000
64 -1945.0000000000
74 -1943.0000000000
86 -1940.0000000000
105 -1939.0000000000
129 -1938.0000000000
138 -1936.0000000000
150 -1935.0000000000
155 -1934.0000000000
170 -1933.0000000000
177 -1931.0000000000
192 -1930.0000000000
204 -1929.0000000000
205 -1928.0000000000
214 -1927.0000000000
232 -1926.0000000000
236 -1923.0000000000
267 -1920.0000000000
290 -1919.0000000000
299 -1918.0000000000
305 -1917.0000000000
308 -1916.0000000000
336 -1915.0000000000
338 -1914.0000000000
353 -1912.0000000000
356 -1911.0000000000
365 -1910.0000000000
366 -1909.0000000000
373 -1908.0000000000
380 -1907.0000000000
391 -1906.0000000000
399 -1903.0000000000
402 -1902.0000000000
422 -1901.0000000000
430 -1900.0000000000
438 -1899.0000000000
439 -1898.0000000000
449 -1897.0000000000
475 -1896.0000000000
477 -1895.0000000000
486 -1894.0000000000
496 -1893.0000000000
498 -1892.0000000000
505 -1891.0000000000
508 -1890.0000000000
517 -1889.0000000000
520 -1888.0000000000
541 -1887.0000000000
553 -1884.0000000000
588 -1882.0000000000
597 -1881.0000000000
606 -1880.0000000000
613 -1879.0000000000
622 -1878.0000000000
625 -1877.0000000000
634 -1876.0000000000
658 -1875.0000000000
662 -1874.0000000000
667 -1873.0000000000
678 -1872.0000000000
697 -1871.0000000000
702 -1870.0000000000
716 -1869.0000000000
717 -1868.0000000000
730 -1867.0000000000
743 -1865.0000000000
749 -1864.0000000000
756 -1863.0000000000
792 -1862.0000000000
795 -1861.0000000000
798 -1860.0000000000
812 -1859.0000000000
824 -1858.0000000000
829 -1857.0000000000
839 -1856.0000000000
841 -1855.0000000000
862 -1854.0000000000
874 -1853.0000000000
892 -1851.0000000000
904 -1850.0000000000
918 -1849.0000000000
927 -1848.0000000000
939 -1847.0000000000
942 -1846.0000000000
947 -1845.0000000000
968 -1844.0000000000
974 -1843.0000000000
983 -1841.0000000000
1000 -1840.0000000000
1001 -1839.0000000000
1013 -1837.0000000000
1016 -1836.0000000000
1051 -1835.0000000000
1060 -1834.0000000000
1072 -1833.0000000000
1092 -1832.0000000000
1098 -1831.0000000000
1114 -1830.0000000000
1125 -1829.0000000000
1128 -1828.0000000000
1138 -1827.0000000000
1155 -1826.0000000000
1159 -1825.0000000000
1165 -1824.0000000000
1174 -1823.0000000000
1186 -1822.0000000000
1195 -1821.0000000000
1215 -1820.0000000000
1221 -1819.0000000000
1228 -1818.0000000000
1234 -1817.0000000000
1241 -1816.0000000000
1246 -1815.0000000000
1273 -1814.0000000000
1281 -1813.0000000000
1291 -1812.0000000000
1312 -1811.0000000000
1317 -1810.0000000000
1320 -1809.0000000000
1331 -1807.0000000000
1345 -1806.0000000000
1378 -1805.0000000000
1386 -1804.0000000000
1402 -1803.0000000000
1404 -1801.0000000000
1435 -1800.0000000000
1452 -1799.0000000000
1453 -1798.0000000000
1467 -1796.0000000000
1483 -1795.0000000000
1493 -1794.0000000000
1494 -1793.0000000000
1499 -1792.0000000000
1505 -1791.0000000000
1507 -1790.0000000000
1536 -1789.0000000000
1550 -1787.0000000000
1553 -1786.0000000000
1583 -1785.0000000000
1589 -1784.0000000000
1600 -1783.0000000000
1601 -1782.0000000000
1607 -1781.0000000000
1631 -1780.0000000000
1637 -1779.0000000000
1653 -1777.0000000000
1678 -1776.0000000000
1685 -1774.0000000000
1711 -1773.0000000000
1730 -1772.0000000000
1742 -1771.0000000000
1753 -1770.0000000000
1760 -1769.0000000000
1771 -1768.0000000000
1778 -1767.0000000000
1806 -1766.0000000000
1831 -1765.0000000000
1833 -1764.0000000000
1837 -1763.0000000000
1840 -1761.0000000000
1848 -1760.0000000000
1853 -1758.0000000000
1861 -1757.0000000000
1875 -1756.0000000000
1888 -1755.0000000000
1895 -1754.0000000000
1905 -1752.0000000000
1924 -1751.0000000000
1933 -1750.0000000000
1936 -1749.0000000000
1937 -1747.0000000000
1950 -1746.0000000000
1982 -1745.0000000000
1987 -1744.0000000000
1997 -1743.0000000000
2008 -1742.0000000000
2011 -1741.0000000000
2029 -1740.0000000000
2038 -1739.0000000000
2048 -1738.0000000000
2049 -1737.0000000000
2060 -1736.0000000000
2070 -1735.0000000000
2093 -1734.0000000000
2097 -1732.0000000000
2127 -1731.0000000000
2137 -1730.0000000000
2150 -1729.0000000000
2159 -1728.0000000000
2170 -1727.0000000000
2173 -1726.0000000000
2183 -1725.0000000000
2194 -1723.0000000000
2206 -1722.0000000000
2209 -1721.0000000000
2220 -1720.0000000000
2222 -1719.0000000000
2236 -1715.0000000000
2251 -1714.0000000000
2272 -1713.0000000000
2273 -1712.0000000000
2279 -1711.0000000000
2293 -1710.0000000000
2296 -1708.0000000000
2300 -1705.0000000000
2328 -1704.0000000000
2342 -1702.0000000000
2363 -1701.0000000000
2365 -1699.0000000000
2381 -1698.0000000000
2382 -1697.0000000000
2404 -1696.0000000000
2405 -1695.0000000000
2426 -1694.0000000000
2428 -1693.0000000000
2446 -1692.0000000000
2459 -1691.0000000000
2466 -1690.0000000000
2468 -1689.0000000000
2480 -1688.0000000000
2487 -1686.0000000000
2520 -1685.0000000000
2521 -1684.0000000000
2545 -1683.0000000000
2549 -1682.0000000000
2560 -1681.0000000000
2561 -1680.0000000000
2578 -1678.0000000000
2582 -1677.0000000000
2585 -1675.0000000000
2596 -1674.0000000000
2604 -1673.0000000000
2625 -1672.0000000000
2633 -1671.0000000000
2646 -1670.0000000000
2658 -1669.0000000000
2668 -1668.0000000000
2676 -1667.0000000000
2688 -1666.0000000000
2701 -1665.0000000000
2707 -1664.0000000000
2711 -1663.0000000000
2719 -1662.0000000000
2722 -1661.0000000000
2761 -1660.0000000000
2768 -1659.0000000000
2776 -1658.0000000000
2785 -1657.0000000000
2804 -1656.0000000000
2813 -1654.0000000000
2841 -1653.0000000000
2857 -1651.0000000000
2877 -1650.0000000000
2886 -1649.0000000000
2887 -1648.0000000000
2894 -1646.0000000000
2898 -1645.0000000000
2903 -1644.0000000000
2911 -1643.0000000000
2920 -1641.0000000000
2925 -1640.0000000000
2950 -1639.0000000000
2959 -1638.0000000000
2981 -1637.0000000000
2990 -1636.0000000000
2996 -1634.0000000000
3012 -1633.0000000000
3019 -1632.0000000000
3042 -1631.0000000000
3043 -1630.0000000000
3059 -1629.0000000000
3070 -1628.0000000000
3078 -1627.0000000000
3100 -1626.0000000000
3116 -1625.0000000000
3118 -1624.0000000000
3125 -1623.0000000000
3132 -1622.0000000000
3135 -1621.0000000000
3147 -1620.0000000000
3154 -1619.0000000000
3157 -1618.0000000000
3164 -1617.0000000000
3177 -1616.0000000000
3194 -1615.0000000000
3214 -1614.0000000000
3218 -1613.0000000000
3224 -1612.0000000000
3226 -1611.0000000000
3234 -1610.0000000000
3251 -1609.0000000000
3252 -1608.0000000000
3254 -1607.0000000000
3264 -1606.0000000000
3289 -1605.0000000000
3295 -1604.0000000000
3309 -1603.0000000000
3312 -1601.0000000000
3333 -1600.0000000000
3342 -1599.0000000000
3361 -1598.0000000000
3365 -1597.0000000000
3375 -1596.0000000000
3382 -1595.0000000000
3394 -1594.0000000000
3411 -1593.0000000000
3418 -1592.0000000000
3431 -1591.0000000000
3481 -1590.0000000000
3485 -1589.0000000000
3491 -1588.0000000000
3502 -1587.0000000000
3503 -1586.0000000000
3519 -1585.0000000000
3525 -1584.0000000000
3527 -1583.0000000000
3541 -1582.0000000000
3565 -1581.0000000000
3584 -1580.0000000000
3589 -1579.0000000000
3595 -1577.0000000000
3601 -1576.0000000000
3610 -1575.0000000000
3631 -1574.0000000000
3639 -1573.0000000000
3658 -1572.0000000000
3659 -1571.0000000000
3661 -1570.0000000000
3682 -1569.0000000000
3688 -1568.0000000000
3694 -1566.0000000000
3714 -1565.0000000000
3737 -1564.0000000000
3742 -1563.0000000000
3747 -1562.0000000000
3763 -1561.0000000000
3769 -1560.0000000000
3776 -1558.0000000000
3777 -1557.0000000000
3786 -1556.0000000000
3795 -1555.0000000000
3819 -1554.0000000000
3826 -1553.0000000000
3828 -1552.0000000000
3831 -1550.0000000000
3833 -1549.0000000000
3845 -1548.0000000000
3847 -1547.0000000000
3880 -1546.0000000000
3893 -1545.0000000000
3902 -1544.0000000000
3910 -1543.0000000000
3921 -1542.0000000000
3957 -1540.0000000000
3961 -1539.0000000000
3969 -1538.0000000000
3974 -1536.0000000000
3989 -1535.0000000000
4003 -1534.0000000000
4004 -1533.0000000000
4020 -1532.0000000000
4033 -1531.0000000000
4036 -1530.0000000000
4042 -1529.0000000000
4047 -1528.0000000000
4090 -1527.0000000000
4092 -1526.0000000000
4099 -1524.0000000000
4124 -1523.0000000000
4135 -1522.0000000000
4140 -1521.0000000000
4143 -1520.0000000000
4163 -1519.0000000000
4190 -1518.0000000000
4201 -1517.0000000000
4230 -1516.0000000000
4237 -1515.0000000000
4260 -1514.0000000000
4266 -1513.0000000000
4273 -1510.0000000000
4280 -1509.0000000000
4300 -1508.0000000000
4327 -1507.0000000000
4331 -1506.0000000000
4349 -1505.0000000000
4359 -1504.0000000000
4377 -1503.0000000000
4386 -1502.0000000000
4397 -1501.0000000000
4407 -1500.0000000000
4411 -1499.0000000000
4418 -1498.0000000000
4426 -1497.0000000000
4430 -1496.0000000000
4447 -1495.0000000000
4460 -1494.0000000000
4466 -1493.0000000000
4480 -1492.0000000000
4482 -1491.0000000000
4494 -1489.0000000000
4495 -1488.0000000000
4525 -1487.0000000000
4533 -1485.0000000000
4542 -1484.0000000000
4589 -1483.0000000000
4599 -1482.0000000000
4610 -1481.0000000000
4621 -1480.0000000000
4636 -1479.0000000000
4645 -1478.0000000000
4660 -1477.0000000000
4678 -1476.0000000000
4701 -1475.0000000000
4716 -1473.0000000000
4727 -1472.0000000000
4745 -1471.0000000000
4759 -1470.0000000000
4763 -1469.0000000000
4771 -1468.0000000000
4791 -1467.0000000000
4795 -1466.0000000000
4807 -1465.0000000000
4824 -1464.0000000000
4833 -1463.0000000000
4836 -1462.0000000000
4848 -1461.0000000000
4858 -1460.0000000000
4877 -1459.0000000000
4893 -1458.0000000000
4912 -1457.0000000000
4925 -1456.0000000000
4945 -1455.0000000000
4954 -1454.0000000000
4969 -1453.0000000000
4998 -1452.0000000000
5000 -1451.0000000000
5020 -1450.0000000000
5021 -1449.0000000000
5053 -1448.0000000000
5063 -1447.0000000000
5069 -1446.0000000000
5087 -1445.0000000000
5115 -1444.0000000000
5125 -1443.0000000000
5147 -1442.0000000000
5150 -1441.0000000000
5162 -1440.0000000000
5181 -1439.0000000000
5200 -1438.0000000000
5215 -1437.0000000000
5230 -1436.0000000000
5243 -1434.0000000000
5272 -1433.0000000000
5276 -1432.0000000000
5293 -1431.0000000000
5294 -1430.0000000000
5296 -1429.0000000000
5327 -1428.0000000000
5334 -1427.0000000000
5361 -1426.0000000000
5368 -1425.0000000000
5378 -1423.0000000000
5391 -1422.0000000000
5397 -1421.0000000000
5404 -1420.0000000000
5434 -1419.0000000000
5436 -1418.0000000000
5438 -1417.0000000000
5442 -1416.0000000000
5461 -1415.0000000000
5477 -1414.0000000000
5499 -1411.0000000000
5539 -1410.0000000000
5544 -1409.0000000000
5560 -1408.0000000000
5583 -1407.0000000000
5587 -1406.0000000000
5619 -1404.0000000000
5651 -1403.0000000000
5661 -1402.0000000000
5681 -1401.0000000000
5702 -1400.0000000000
5715 -1399.0000000000
5732 -1398.0000000000
5736 -1397.0000000000
5742 -1395.0000000000
5745 -1394.0000000000
5766 -1393.0000000000
5778 -1392.0000000000
5787 -1391.0000000000
5795 -1390.0000000000
5801 -1389.0000000000
5804 -1388.0000000000
5836 -1387.0000000000
5854 -1385.0000000000
5860 -1384.0000000000
5879 -1383.0000000000
5889 -1382.0000000000
5890 -1381.0000000000
5917 -1380.0000000000
5933 -1379.0000000000
5945 -1378.0000000000
5960 -1377.0000000000
5973 -1376.0000000000
5988 -1375.0000000000
6017 -1374.0000000000
6039 -1373.0000000000
6047 -1370.0000000000
6072 -1369.0000000000
6092 -1368.0000000000
6112 -1367.0000000000
6115 -1366.0000000000
6129 -1365.0000000000
6166 -1364.0000000000
6170 -1363.0000000000
6193 -1362.0000000000
6206 -1360.0000000000
6218 -1359.0000000000
6229 -1358.0000000000
6248 -1357.0000000000
6259 -1356.0000000000
6269 -1354.0000000000
6273 -1353.0000000000
6276 -1352.0000000000
6287 -1351.0000000000
6297 -1350.0000000000
6300 -1349.0000000000
6321 -1348.0000000000
6333 -1346.0000000000
6341 -1345.0000000000
6355 -1344.0000000000
6366 -1342.0000000000
6376 -1341.0000000000
6418 -1340.0000000000
6424 -1339.0000000000
6449 -1338.0000000000
6459 -1337.0000000000
6483 -1336.0000000000
6502 -1335.0000000000
6515 -1334.0000000000
6520 -1333.0000000000
6523 -1332.0000000000
6530 -1331.0000000000
6548 -1330.0000000000
6563 -1329.0000000000
6580 -1328.0000000000
6595 -1327.0000000000
6620 -1326.0000000000
6645 -1325.0000000000
6672 -1324.0000000000
6677 -1323.0000000000
6695 -1322.0000000000
6716 -1321.0000000000
6726 -1320.0000000000
6754 -1319.0000000000
6766 -1318.0000000000
6778 -1317.0000000000
6788 -1315.0000000000
6811 -1314.0000000000
6812 -1313.0000000000
6822 -1312.0000000000
6835 -1311.0000000000
6872 -1310.0000000000
6893 -1309.0000000000
6919 -1308.0000000000
6921 -1307.0000000000
6927 -1306.0000000000
6934 -1305.0000000000
6960 -1304.0000000000
6975 -1303.0000000000
6992 -1302.0000000000
7008 -1300.0000000000
7015 -1297.0000000000
7036 -1296.0000000000
7048 -1295.0000000000
7053 -1294.0000000000
7072 -1293.0000000000
7077 -1292.0000000000
7103 -1291.0000000000
7115 -1290.0000000000
7119 -1289.0000000000
7140 -1288.0000000000
7157 -1287.0000000000
7170 -1285.0000000000
7186 -1284.0000000000
7206 -1283.0000000000
7210 -1282.0000000000
7223 -1281.0000000000
7233 -1280.0000000000
7282 -1279.0000000000
7295 -1277.0000000000
7328 -1276.0000000000
7331 -1275.0000000000
7348 -1274.0000000000
7363 -1273.0000000000
7364 -1272.0000000000
7392 -1271.0000000000
7404 -1270.0000000000
7419 -1269.0000000000
7436 -1268.0000000000
7457 -1267.0000000000
7458 -1266.0000000000
7472 -1264.0000000000
7492 -1263.0000000000
7504 -1262.0000000000
7534 -1261.0000000000
7537 -1260.0000000000
7556 -1259.0000000000
7558 -1258.0000000000
7574 -1257.0000000000
7598 -1256.0000000000
7614 -1254.0000000000
7648 -1253.0000000000
7655 -1252.0000000000
7686 -1251.0000000000
7708 -1250.0000000000
7724 -1249.0000000000
7736 -1248.0000000000
7752 -1247.0000000000
7773 -1246.0000000000
7795 -1245.0000000000
7802 -1244.0000000000
7816 -1243.0000000000
7849 -1242.0000000000
7851 -1241.0000000000
7860 -1240.0000000000
7873 -1239.0000000000
7886 -1238.0000000000
7923 -1237.0000000000
7940 -1236.0000000000
7948 -1235.0000000000
7959 -1234.0000000000
7975 -1232.0000000000
7989 -1231.0000000000
8008 -1230.0000000000
8034 -1229.0000000000
8041 -1228.0000000000
8056 -1227.0000000000
8063 -1226.0000000000
8072 -1225.0000000000
8096 -1224.0000000000
8106 -1223.0000000000
8128 -1222.0000000000
8144 -1221.0000000000
8158 -1220.0000000000
8172 -1219.0000000000
8194 -1217.0000000000
8215 -1216.0000000000
8263 -1215.0000000000
8267 -1212.0000000000
8278 -1211.0000000000
8296 -1210.0000000000
8308 -1209.0000000000
8322 -1208.0000000000
8352 -1207.0000000000
8374 -1206.0000000000
8410 -1205.0000000000
8422 -1204.0000000000
8434 -1203.0000000000
8442 -1201.0000000000
8476 -1200.0000000000
8487 -1199.0000000000
8492 -1198.0000000000
8527 -1197.0000000000
8545 -1196.0000000000
8546 -1195.0000000000
8560 -1194.0000000000
8582 -1193.0000000000
8611 -1192.0000000000
8615 -1191.0000000000
8666 -1190.0000000000
8668 -1189.0000000000
8695 -1188.0000000000
8709 -1187.0000000000
8736 -1186.0000000000
8742 -1185.0000000000
8749 -1184.0000000000
8771 -1183.0000000000
8790 -1182.0000000000
8804 -1180.0000000000
8838 -1179.0000000000
8855 -1178.0000000000
8862 -1177.0000000000
8867 -1176.0000000000
8907 -1174.0000000000
8932 -1173.0000000000
8942 -1172.0000000000
8975 -1171.0000000000
8977 -1170.0000000000
8980 -1169.0000000000
8991 -1168.0000000000
8993 -1167.0000000000
9014 -1166.0000000000
9032 -1165.0000000000
9041 -1163.0000000000
9043 -1162.0000000000
9058 -1161.0000000000
9061 -1160.0000000000
9084 -1159.0000000000
9098 -1158.0000000000
9113 -1157.0000000000
9136 -1156.0000000000
9159 -1155.0000000000
9189 -1154.0000000000
9225 -1153.0000000000
9239 -1152.0000000000
9256 -1151.0000000000
9274 -1150.0000000000
9292 -1149.0000000000
9310 -1147.0000000000
9346 -1146.0000000000
9369 -1145.0000000000
9384 -1144.0000000000
9401 -1143.0000000000
9414 -1142.0000000000
9437 -1141.0000000000
9443 -1140.0000000000
9457 -1139.0000000000
9467 -1138.0000000000
9475 -1137.0000000000
9499 -1136.0000000000
9516 -1135.0000000000
9536 -1134.0000000000
9557 -1133.0000000000
9567 -1132.0000000000
9578 -1130.0000000000
9601 -1129.0000000000
9620 -1128.0000000000
9648 -1127.0000000000
9674 -1126.0000000000
9675 -1125.0000000000
9729 -1124.0000000000
9746 -1123.0000000000
9753 -1122.0000000000
9792 -1121.0000000000
9793 -1119.0000000000
9839 -1118.0000000000
9878 -1117.0000000000
9886 -1116.0000000000
9909 -1115.0000000000
9912 -1114.0000000000
9964 -1113.0000000000
9991 -1112.0000000000
9995 -1110.0000000000
10000 -1112.0000000000
evaluations raw_y
1 -1996.0000000000
3 -1988.0000000000
7 -1959.0000000000
33 -1958.0000000000
38 -1957.0000000000
41 -1955.0000000000
61 -1954.0000000000
65 -1953.0000000000
82 -1951.0000000000
94 -1950.0000000000
97 -1949.0000000000
100 -1948.0000000000
102 -1946.0000000000
103 -1945.0000000000
114 -1944.0000000000
125 -1943.0000000000
139 -1942.0000000000
151 -1940.0000000000
152 -1939.0000000000
167 -1938.0000000000
185 -1937.0000000000
188 -1936.0000000000
195 -1935.0000000000
212 -1934.0000000000
222 -1933.0000000000
225 -1931.0000000000
250 -1930.0000000000
253 -1929.0000000000
266 -1928.0000000000
276 -1927.0000000000
284 -1926.0000000000
286 -1924.0000000000
298 -1923.0000000000
314 -1922.0000000000
323 -1921.0000000000
329 -1919.0000000000
337 -1918.0000000000
340 -1917.0000000000
341 -1916.0000000000
348 -1915.0000000000
355 -1914.0000000000
359 -1913.0000000000
369 -1912.0000000000
375 -1911.0000000000
393 -1910.0000000000
402 -1909.0000000000
403 -1908.0000000000
409 -1907.0000000000
425 -1906.0000000000
430 -1905.0000000000
438 -1904.0000000000
445 -1903.0000000000
457 -1902.0000000000
473 -1901.0000000000
482 -1900.0000000000
485 -1899.0000000000
499 -1898.0000000000
505 -1897.0000000000
508 -1896.0000000000
509 -1895.0000000000
515 -1894.0000000000
527 -1893.0000000000
535 -1892.0000000000
541 -1888.0000000000
542 -1885.0000000000
562 -1883.0000000000
564 -1882.0000000000
592 -1881.0000000000
610 -1880.0000000000
618 -1879.0000000000
637 -1878.0000000000
638 -1877.0000000000
641 -1876.0000000000
642 -1874.0000000000
654 -1873.0000000000
676 -1872.0000000000
682 -1871.0000000000
699 -1870.0000000000
711 -1869.0000000000
717 -1868.0000000000
726 -1867.0000000000
734 -1866.0000000000
742 -1865.0000000000
753 -1862.0000000000
766 -1861.0000000000
792 -1859.0000000000
798 -1858.0000000000
803 -1856.0000000000
818 -1855.0000000000
821 -1854.0000000000
825 -1853.0000000000
843 -1852.0000000000
853 -1851.0000000000
856 -1850.0000000000
862 -1849.0000000000
869 -1848.0000000000
876 -1847.0000000000
885 -1846.0000000000
901 -1845.0000000000
902 -1844.0000000000
926 -1843.0000000000
931 -1842.0000000000
938 -1841.0000000000
946 -1840.0000000000
952 -1839.0000000000
959 -1838.0000000000
965 -1837.0000000000
971 -1835.0000000000
972 -1833.0000000000
983 -1832.0000000000
988 -1831.0000000000
992 -1830.0000000000
1004 -1829.0000000000
1018 -1828.0000000000
1031 -1827.0000000000
1032 -1825.0000000000
1038 -1824.0000000000
1045 -1823.0000000000
1062 -1821.0000000000
1072 -1818.0000000000
1102 -1817.0000000000
1112 -1816.0000000000
1120 -1815.0000000000
1157 -1813.0000000000
1187 -1812.0000000000
1188 -1811.0000000000
1197 -1810.0000000000
1212 -1809.0000000000
1221 -1808.0000000000
1222 -1807.0000000000
1226 -1806.0000000000
1233 -1805.0000000000
1244 -1803.0000000000
1248 -1802.0000000000
1252 -1801.0000000000
1272 -1800.0000000000
1273 -1799.0000000000
1277 -1798.0000000000
1293 -1797.0000000000
1298 -1796.0000000000
1299 -1795.0000000000
1307 -1794.0000000000
1326 -1793.0000000000
1327 -1791.0000000000
1329 -1790.0000000000
1342 -1789.0000000000
1346 -1788.0000000000
1361 -1787.0000000000
1378 -1786.0000000000
1381 -1785.0000000000
1384 -1784.0000000000
1386 -1783.0000000000
1401 -1782.0000000000
1420 -1781.0000000000
1427 -1780.0000000000
1430 -1779.0000000000
1443 -1777.0000000000
1444 -1776.0000000000
1447 -1775.0000000000
1468 -1774.0000000000
1472 -1773.0000000000
1482 -1772.0000000000
1493 -1771.0000000000
1503 -1770.0000000000
1507 -1769.0000000000
1522 -1767.0000000000
1528 -1766.0000000000
1540 -1765.0000000000
1564 -1763.0000000000
1582 -1762.0000000000
1588 -1760.0000000000
1609 -1758.0000000000
1621 -1757.0000000000
1628 -1756.0000000000
1635 -1755.0000000000
1639 -1754.0000000000
1651 -1753.0000000000
1662 -1752.0000000000
1669 -1751.0000000000
1682 -1750.0000000000
1701 -1749.0000000000
1702 -1748.0000000000
1711 -1747.0000000000
1729 -1746.0000000000
1750 -1745.0000000000
1765 -1743.0000000000
1780 -1742.0000000000
1794 -1741.0000000000
1813 -1740.0000000000
1826 -1739.0000000000
1830 -1738.0000000000
1846 -1737.0000000000
1851 -1735.0000000000
1867 -1734.0000000000
1877 -1732.0000000000
1881 -1731.0000000000
1897 -1728.0000000000
1903 -1727.0000000000
1914 -1726.0000000000
1931 -1725.0000000000
1941 -1723.0000000000
1945 -1722.0000000000
1950 -1721.0000000000
1974 -1720.0000000000
1989 -1719.0000000000
1997 -1718.0000000000
2012 -1716.0000000000
2032 -1715.0000000000
2039 -1714.0000000000
2044 -1713.0000000000
2057 -1712.0000000000
2058 -1711.0000000000
2064 -1710.0000000000
2079 -1709.0000000000
2090 -1708.0000000000
2107 -1707.0000000000
2113 -1705.0000000000
2121 -1704.0000000000
2125 -1703.0000000000
2134 -1702.0000000000
2135 -1701.0000000000
2136 -1700.0000000000
2138 -1699.0000000000
2165 -1698.0000000000
2186 -1697.0000000000
2199 -1694.0000000000
2207 -1693.0000000000
2218 -1692.0000000000
2231 -1691.0000000000
2245 -1690.0000000000
2248 -1689.0000000000
2260 -1688.0000000000
2266 -1687.0000000000
2284 -1686.0000000000
2295 -1684.0000000000
2317 -1683.0000000000
2325 -1682.0000000000
2331 -1681.0000000000
2366 -1680.0000000000
2371 -1679.0000000000
2375 -1678.0000000000
2396 -1677.0000000000
2408 -1676.0000000000
2411 -1675.0000000000
2421 -1673.0000000000
2432 -1671.0000000000
2463 -1670.0000000000
2469 -1666.0000000000
2511 -1665.0000000000
2525 -1664.0000000000
2537 -1663.0000000000
2563 -1662.0000000000
2574 -1659.0000000000
2580 -1658.0000000000
2581 -1657.0000000000
2585 -1656.0000000000
2588 -1655.0000000000
2620 -1654.0000000000
2635 -1653.0000000000
2646 -1652.0000000000
2650 -1651.0000000000
2654 -1650.0000000000
2658 -1649.0000000000
2659 -1646.0000000000
2688 -1645.0000000000
2715 -1644.0000000000
2725 -1643.0000000000
2749 -1641.0000000000
2760 -1640.0000000000
2766 -1639.0000000000
2784 -1638.0000000000
2794 -1637.0000000000
2799 -1636.0000000000
2801 -1635.0000000000
2808 -1634.0000000000
2828 -1633.0000000000
2831 -1632.0000000000
2855 -1630.0000000000
2875 -1629.0000000000
2877 -1628.0000000000
2881 -1627.0000000000
2905 -1626.0000000000
2931 -1625.0000000000
2940 -1624.0000000000
2958 -1623.0000000000
2960 -1622.0000000000
2987 -1621.0000000000
3012 -1620.0000000000
3013 -1619.0000000000
3035 -1618.0000000000
3049 -1617.0000000000
3084 -1615.0000000000
3105 -1614.0000000000
3111 -1613.0000000000
3120 -1612.0000000000
3123 -1611.0000000000
3126 -1610.0000000000
3136 -1609.0000000000
3155 -1608.0000000000
3165 -1607.0000000000
3179 -1606.0000000000
3183 -1605.0000000000
3193 -1604.0000000000
3197 -1603.0000000000
3198 -1600.0000000000
3217 -1599.0000000000
3220 -1598.0000000000
3221 -1597.0000000000
3228 -1596.0000000000
3251 -1595.0000000000
3261 -1593.0000000000
3262 -1592.0000000000
3294 -1591.0000000000
3305 -1590.0000000000
3330 -1589.0000000000
3340 -1587.0000000000
3359 -1584.0000000000
3374 -1583.0000000000
3391 -1582.0000000000
3395 -1581.0000000000
3396 -1579.0000000000
3423 -1578.0000000000
3429 -1576.0000000000
3449 -1575.0000000000
3452 -1573.0000000000
3485 -1572.0000000000
3489 -1571.0000000000
3503 -1570.0000000000
3508 -1569.0000000000
3521 -1568.0000000000
3530 -1567.0000000000
3539 -1566.0000000000
3549 -1565.0000000000
3553 -1564.0000000000
3559 -1563.0000000000
3572 -1562.0000000000
3587 -1561.0000000000
3606 -1560.0000000000
3617 -1559.0000000000
3620 -1557.0000000000
3638 -1556.0000000000
3641 -1555.0000000000
3653 -1554.0000000000
3662 -1553.0000000000
3676 -1552.0000000000
3696 -1551.0000000000
3710 -1550.0000000000
3721 -1549.0000000000
3732 -1548.0000000000
3743 -1547.0000000000
3755 -1545.0000000000
3779 -1544.0000000000
3789 -1543.0000000000
3805 -1542.0000000000
3811 -1541.0000000000
3815 -1540.0000000000
3821 -1539.0000000000
3827 -1538.0000000000
3831 -1537.0000000000
3832 -1536.0000000000
3854 -1535.0000000000
3855 -1534.0000000000
3866 -1533.0000000000
3877 -1532.0000000000
3878 -1531.0000000000
3894 -1530.0000000000
3903 -1529.0000000000
3906 -1528.0000000000
3912 -1527.0000000000
3943 -1526.0000000000
3967 -1525.0000000000
3970 -1524.0000000000
3979 -1523.0000000000
3986 -1522.0000000000
3993 -1521.0000000000
4005 -1520.0000000000
4014 -1519.0000000000
4022 -1518.0000000000
4036 -1517.0000000000
4058 -1515.0000000000
4076 -1514.0000000000
4082 -1513.0000000000
4083 -1512.0000000000
4085 -1511.0000000000
4090 -1510.0000000000
4123 -1509.0000000000
4142 -1508.0000000000
4144 -1506.0000000000
4157 -1505.0000000000
4169 -1504.0000000000
4182 -1503.0000000000
4192 -1502.0000000000
4197 -1501.0000000000
4203 -1500.0000000000
4219 -1499.0000000000
4223 -1498.0000000000
4251 -1497.0000000000
4255 -1495.0000000000
4264 -1493.0000000000
4277 -1492.0000000000
4286 -1491.0000000000
4290 -1490.0000000000
4297 -1489.0000000000
4318 -1488.0000000000
4332 -1487.0000000000
4344 -1486.0000000000
4349 -1485.0000000000
4368 -1484.0000000000
4374 -1483.0000000000
4379 -1482.0000000000
4404 -1481.0000000000
4410 -1480.0000000000
4422 -1479.0000000000
4434 -1478.0000000000
4449 -1477.0000000000
4457 -1476.0000000000
4469 -1475.0000000000
4476 -1474.0000000000
4502 -1473.0000000000
4520 -1471.0000000000
4540 -1470.0000000000
4552 -1469.0000000000
4569 -1468.0000000000
4588 -1467.0000000000
4602 -1466.0000000000
4610 -1465.0000000000
4617 -1464.0000000000
4635 -1463.0000000000
4657 -1461.0000000000
4682 -1460.0000000000
4690 -1459.0000000000
4696 -1458.0000000000
4726 -1457.0000000000
4740 -1456.0000000000
4743 -1454.0000000000
4746 -1453.0000000000
4771 -1452.0000000000
4785 -1451.0000000000
4789 -1450.0000000000
4809 -1449.0000000000
4822 -1448.0000000000
4825 -1447.0000000000
4830 -1446.0000000000
4847 -1445.0000000000
4855 -1444.0000000000
4875 -1443.0000000000
4882 -1442.0000000000
4898 -1441.0000000000
4914 -1439.0000000000
4934 -1438.0000000000
4943 -1437.0000000000
4961 -1435.0000000000
4990 -1434.0000000000
4991 -1433.0000000000
5008 -1432.0000000000
5020 -1430.0000000000
5027 -1429.0000000000
5034 -1428.0000000000
5058 -1427.0000000000
5062 -1426.0000000000
5068 -1425.0000000000
5080 -1424.0000000000
5100 -1423.0000000000
5117 -1422.0000000000
5118 -1421.0000000000
5123 -1420.0000000000
5132 -1419.0000000000
5168 -1418.0000000000
5174 -1417.0000000000
5186 -1416.0000000000
5204 -1415.0000000000
5211 -1414.0000000000
5231 -1413.0000000000
5246 -1412.0000000000
5262 -1411.0000000000
5279 -1410.0000000000
5280 -1409.0000000000
5288 -1408.0000000000
5305 -1407.0000000000
5312 -1406.0000000000
5319 -1405.0000000000
5328 -1404.0000000000
5344 -1403.0000000000
5347 -1402.0000000000
5349 -1401.0000000000
5402 -1400.0000000000
5406 -1399.0000000000
5416 -1398.0000000000
5432 -1397.0000000000
5465 -1395.0000000000
5487 -1394.0000000000
5500 -1393.0000000000
5514 -1392.0000000000
5521 -1391.0000000000
5531 -1390.0000000000
5535 -1389.0000000000
5544 -1388.0000000000
5548 -1387.0000000000
5561 -1385.0000000000
5589 -1384.0000000000
5606 -1383.0000000000
5607 -1382.0000000000
5620 -1381.0000000000
5631 -1380.0000000000
5650 -1379.0000000000
5658 -1378.0000000000
5671 -1377.0000000000
5675 -1376.0000000000
5695 -1375.0000000000
5715 -1374.0000000000
5728 -1373.0000000000
5753 -1372.0000000000
5766 -1371.0000000000
5778 -1370.0000000000
5780 -1369.0000000000
5796 -1368.0000000000
5798 -1367.0000000000
5824 -1366.0000000000
5828 -1365.0000000000
5841 -1364.0000000000
5853 -1362.0000000000
5894 -1361.0000000000
5917 -1360.0000000000
5934 -1359.0000000000
5937 -1357.0000000000
5945 -1356.0000000000
5967 -1354.0000000000
5979 -1353.0000000000
5989 -1352.0000000000
5990 -1351.0000000000
6003 -1350.0000000000
6034 -1349.0000000000
6069 -1347.0000000000
6087 -1346.0000000000
6104 -1344.0000000000
6112 -1342.0000000000
6116 -1341.0000000000
6135 -1340.0000000000
6152 -1339.0000000000
6157 -1338.0000000000
6161 -1336.0000000000
6171 -1335.0000000000
6186 -1334.0000000000
6195 -1333.0000000000
6203 -1332.0000000000
6206 -1331.0000000000
6225 -1330.0000000000
6236 -1329.0000000000
6244 -1328.0000000000
6256 -1327.0000000000
6265 -1326.0000000000
6278 -1325.0000000000
6306 -1324.0000000000
6312 -1323.0000000000
6328 -1322.0000000000
6329 -1321.0000000000
6353 -1320.0000000000
6356 -1319.0000000000
6362 -1317.0000000000
6399 -1316.0000000000
6405 -1315.0000000000
6435 -1314.0000000000
6444 -1313.0000000000
6469 -1312.0000000000
6480 -1311.0000000000
6489 -1310.0000000000
6497 -1309.0000000000
6501 -1308.0000000000
6507 -1306.0000000000
6527 -1305.0000000000
6543 -1304.0000000000
6546 -1303.0000000000
6552 -1302.0000000000
6560 -1301.0000000000
6569 -1300.0000000000
6576 -1299.0000000000
6597 -1298.0000000000
6599 -1297.0000000000
6613 -1296.0000000000
6625 -1295.0000000000
6630 -1294.0000000000
6665 -1293.0000000000
6676 -1292.0000000000
6686 -1291.0000000000
6696 -1290.0000000000
6709 -1289.0000000000
6741 -1288.0000000000
6742 -1287.0000000000
6760 -1286.0000000000
6769 -1285.0000000000
6788 -1283.0000000000
6801 -1282.0000000000
6811 -1281.0000000000
6831 -1280.0000000000
6842 -1278.0000000000
6873 -1277.0000000000
6881 -1276.0000000000
6884 -1275.0000000000
6894 -1274.0000000000
6932 -1273.0000000000
6948 -1272.0000000000
6975 -1271.0000000000
6995 -1270.0000000000
6999 -1269.0000000000
7007 -1268.0000000000
7029 -1267.0000000000
7042 -1266.0000000000
7043 -1264.0000000000
7058 -1263.0000000000
7063 -1261.0000000000
7071 -1258.0000000000
7104 -1257.0000000000
7109 -1256.0000000000
7148 -1255.0000000000
7150 -1254.0000000000
7157 -1253.0000000000
7189 -1252.0000000000
7202 -1251.0000000000
7211 -1250.0000000000
7229 -1249.0000000000
7236 -1247.0000000000
7278 -1246.0000000000
7290 -1245.0000000000
7297 -1244.0000000000
7319 -1243.0000000000
7324 -1242.0000000000
7336 -1241.0000000000
7354 -1240.0000000000
7368 -1239.0000000000
7373 -1238.0000000000
7420 -1237.0000000000
7434 -1236.0000000000
7437 -1235.0000000000
7464 -1234.0000000000
7465 -1233.0000000000
7489 -1232.0000000000
7511 -1231.0000000000
7533 -1230.0000000000
7543 -1229.0000000000
7570 -1228.0000000000
7579 -1227.0000000000
7584 -1225.0000000000
7592 -1224.0000000000
7601 -1223.0000000000
7626 -1222.0000000000
7646 -1221.0000000000
7672 -1220.0000000000
7692 -1217.0000000000
7707 -1215.0000000000
7716 -1214.0000000000
7739 -1213.0000000000
7765 -1212.0000000000
7778 -1211.0000000000
7784 -1210.0000000000
7785 -1209.0000000000
7797 -1208.0000000000
7819 -1207.0000000000
7846 -1206.0000000000
7848 -1205.0000000000
7856 -1204.0000000000
7900 -1203.0000000000
7902 -1202.0000000000
7923 -1201.0000000000
7926 -1200.0000000000
7957 -1199.0000000000
7959 -1198.0000000000
7979 -1197.0000000000
7992 -1196.0000000000
8023 -1195.0000000000
8045 -1194.0000000000
8058 -1193.0000000000
8061 -1192.0000000000
8079 -1190.0000000000
8101 -1189.0000000000
8117 -1188.0000000000
8118 -1186.0000000000
8127 -1185.0000000000
8151 -1184.0000000000
8168 -1182.0000000000
8171 -1181.0000000000
8189 -1180.0000000000
8206 -1179.0000000000
8219 -1178.0000000000
8222 -1177.0000000000
8234 -1175.0000000000
8252 -1174.0000000000
8277 -1173.0000000000
8295 -1172.0000000000
8301 -1171.0000000000
8304 -1170.0000000000
8326 -1169.0000000000
8340 -1168.0000000000
8356 -1167.0000000000
8359 -1166.0000000000
8373 -1165.0000000000
8385 -1164.0000000000
8402 -1163.0000000000
8413 -1161.0000000000
8460 -1160.0000000000
8476 -1158.0000000000
8483 -1156.0000000000
8516 -1155.0000000000
8538 -1154.0000000000
8539 -1153.0000000000
8563 -1152.0000000000
8565 -1151.0000000000
8574 -1150.0000000000
8615 -1149.0000000000
8619 -1148.0000000000
8648 -1147.0000000000
8656 -1146.0000000000
8682 -1145.0000000000
8690 -1144.0000000000
8702 -1142.0000000000
8715 -1141.0000000000
8731 -1140.0000000000
8756 -1139.0000000000
8765 -1138.0000000000
8796 -1137.0000000000
8815 -1136.0000000000
8826 -1134.0000000000
8832 -1133.0000000000
8851 -1132.0000000000
8867 -1131.0000000000
8881 -1130.0000000000
8908 -1129.0000000000
8936 -1128.0000000000
8978 -1127.0000000000
8990 -1126.0000000000
9001 -1125.0000000000
9009 -1124.0000000000
9014 -1123.0000000000
9018 -1122.0000000000
9035 -1121.0000000000
9048 -1120.0000000000
9097 -1119.0000000000
9115 -1116.0000000000
9158 -1115.0000000000
9195 -1114.0000000000
9230 -1113.0000000000
9249 -1112.0000000000
9280 -1111.0000000000
9288 -1110.0000000000
9310 -1109.0000000000
9321 -1108.0000000000
9345 -1107.0000000000
9350 -1106.0000000000
9375 -1105.0000000000
9388 -1103.0000000000
9410 -1102.0000000000
9414 -1101.0000000000
9418 -1100.0000000000
9450 -1099.0000000000
9464 -1098.0000000000
9466 -1097.0000000000
9493 -1096.0000000000
9526 -1095.0000000000
9527 -1094.0000000000
9562 -1092.0000000000
9596 -1091.0000000000
9598 -1090.0000000000
9620 -1087.0000000000
9660 -1086.0000000000
9664 -1085.0000000000
9674 -1084.0000000000
9683 -1082.0000000000
9695 -1081.0000000000
9704 -1080.0000000000
9720 -1079.0000000000
9744 -1078.0000000000
9774 -1077.0000000000
9788 -1076.0000000000
9803 -1075.0000000000
9824 -1074.0000000000
9842 -1073.0000000000
9846 -1072.0000000000
9852 -1071.0000000000
9880 -1070.0000000000
9890 -1069.0000000000
9907 -1068.0000000000
9920 -1067.0000000000
9938 -1066.0000000000
9983 -1065.0000000000
9995 -1064.0000000000
9999 -1063.0000000000
10000 -1066.0000000000
evaluations raw_y
1 -2008.0000000000
2 -1960.0000000000
10 -1948.0000000000
21 -1947.0000000000
27 -1946.0000000000
41 -1945.0000000000
43 -1943.0000000000
51 -1942.0000000000
65 -1941.0000000000
75 -1940.0000000000
81 -1939.0000000000
89 -1938.0000000000
94 -1937.0000000000
95 -1936.0000000000
102 -1935.0000000000
111 -1934.0000000000
121 -1933.0000000000
124 -1932.0000000000
133 -1931.0000000000
152 -1930.0000000000
168 -1929.0000000000
174 -1928.0000000000
179 -1927.0000000000
183 -1926.0000000000
205 -1925.0000000000
209 -1924.0000000000
217 -1923.0000000000
223 -1922.0000000000
231 -1921.0000000000
261 -1919.0000000000
269 -1918.0000000000
276 -1917.0000000000
282 -1916.0000000000
286 -1915.0000000000
297 -1914.0000000000
307 -1913.0000000000
332 -1911.0000000000
351 -1910.0000000000
366 -1909.0000000000
368 -1908.0000000000
369 -1907.0000000000
376 -1906.0000000000
387 -1905.0000000000
391 -1904.0000000000
398 -1903.0000000000
409 -1902.0000000000
412 -1901.0000000000
413 -1900.0000000000
439 -1899.0000000000
455 -1898.0000000000
460 -1897.0000000000
463 -1895.0000000000
466 -1894.0000000000
470 -1893.0000000000
472 -1892.0000000000
479 -1891.0000000000
484 -1890.0000000000
503 -1889.0000000000
521 -1887.0000000000
523 -1885.0000000000
535 -1884.0000000000
547 -1882.0000000000
558 -1881.0000000000
562 -1880.0000000000
574 -1879.0000000000
589 -1878.0000000000
591 -1877.0000000000
603 -1876.0000000000
611 -1875.0000000000
628 -1874.0000000000
632 -1873.0000000000
641 -1871.0000000000
666 -1869.0000000000
672 -1868.0000000000
682 -1867.0000000000
684 -1865.0000000000
692 -1864.0000000000
695 -1863.0000000000
696 -1862.0000000000
700 -1861.0000000000
711 -1860.0000000000
717 -1859.0000000000
720 -1858.0000000000
734 -1857.0000000000
737 -1855.0000000000
749 -1854.0000000000
757 -1853.0000000000
762 -1852.0000000000
778 -1851.0000000000
787 -1850.0000000000
800 -1849.0000000000
801 -1848.0000000000
807 -1847.0000000000
821 -1846.0000000000
836 -1845.0000000000
848 -1844.0000000000
870 -1843.0000000000
882 -1842.0000000000
891 -1841.0000000000
910 -1840.0000000000
920 -1838.0000000000
933 -1837.0000000000
935 -1836.0000000000
952 -1834.0000000000
958 -1832.0000000000
963 -1831.0000000000
983 -1830.0000000000
986 -1829.0000000000
994 -1828.0000000000
998 -1827.0000000000
1000 -1826.0000000000
1001 -1825.0000000000
1003 -1824.0000000000
1010 -1823.0000000000
1029 -1822.0000000000
1034 -1821.0000000000
1044 -1819.0000000000
1063 -1818.0000000000
1074 -1817.0000000000
1082 -1816.0000000000
1090 -1815.0000000000
1112 -1814.0000000000
1114 -1813.0000000000
1123 -1812.0000000000
1137 -1811.0000000000
1142 -1810.0000000000
1149 -1809.0000000000
1159 -1808.0000000000
1163 -1807.0000000000
1173 -1805.0000000000
1203 -1804.0000000000
1211 -1802.0000000000
1234 -1799.0000000000
1258 -1798.0000000000
1268 -1797.0000000000
1285 -1796.0000000000
1300 -1795.0000000000
1315 -1794.0000000000
1326 -1793.0000000000
1349 -1792.0000000000
1350 -1791.0000000000
1356 -1790.0000000000
1358 -1789.0000000000
1387 -1788.0000000000
1391 -1787.0000000000
1392 -1786.0000000000
1415 -1785.0000000000
1422 -1784.0000000000
1432 -1783.0000000000
1442 -1782.0000000000
1443 -1781.0000000000
1453 -1780.0000000000
1473 -1779.0000000000
1489 -1778.0000000000
1498 -1777.0000000000
1519 -1776.0000000000
1525 -1775.0000000000
1533 -1774.0000000000
1545 -1773.0000000000
1562 -1772.0000000000
1564 -1771.0000000000
1581 -1770.0000000000
1585 -1769.0000000000
1594 -1768.0000000000
1622 -1766.0000000000
1628 -1765.0000000000
1630 -1762.0000000000
1634 -1761.0000000000
1649 -1760.0000000000
1651 -1759.0000000000
1667 -1757.0000000000
1689 -1756.0000000000
1726 -1755.0000000000
1729 -1754.0000000000
1733 -1753.0000000000
1739 -1752.0000000000
1749 -1751.0000000000
1758 -1750.0000000000
1764 -1749.0000000000
1771 -1748.0000000000
1784 -1747.0000000000
1785 -1746.0000000000
1800 -1745.0000000000
1813 -1744.0000000000
1818 -1742.0000000000
1829 -1741.0000000000
1846 -1740.0000000000
1854 -1739.0000000000
1865 -1737.0000000000
1877 -1736.0000000000
1893 -1735.0000000000
1899 -1734.0000000000
1906 -1733.0000000000
1918 -1732.0000000000
1923 -1731.0000000000
1932 -1730.0000000000
1937 -1729.0000000000
1941 -1728.0000000000
1958 -1727.0000000000
1961 -1725.0000000000
1965 -1724.0000000000
1971 -1723.0000000000
1985 -1722.0000000000
1999 -1721.0000000000
2015 -1720.0000000000
2020 -1718.0000000000
2052 -1717.0000000000
2063 -1716.0000000000
2090 -1715.0000000000
2113 -1713.0000000000
2131 -1712.0000000000
2136 -1711.0000000000
2137 -1710.0000000000
2138 -1709.0000000000
2141 -1708.0000000000
2149 -1707.0000000000
2154 -1706.0000000000
2159 -1705.0000000000
2174 -1704.0000000000
2192 -1703.0000000000
2208 -1702.0000000000
2216 -1701.0000000000
2222 -1698.0000000000
2260 -1697.0000000000
2264 -1696.0000000000
2278 -1695.0000000000
2283 -1694.0000000000
2302 -1693.0000000000
2307 -1692.0000000000
2323 -1691.0000000000
2326 -1689.0000000000
2371 -1688.0000000000
2396 -1687.0000000000
2405 -1686.0000000000
2413 -1685.0000000000
2433 -1684.0000000000
2439 -1683.0000000000
2444 -1681.0000000000
2457 -1680.0000000000
2466 -1678.0000000000
2484 -1677.0000000000
2496 -1676.0000000000
2513 -1675.0000000000
2519 -1673.0000000000
2532 -1672.0000000000
2548 -1671.0000000000
2563 -1670.0000000000
2572 -1669.0000000000
2573 -1668.0000000000
2587 -1667.0000000000
2591 -1666.0000000000
2604 -1665.0000000000
2610 -1663.0000000000
2617 -1662.0000000000
2628 -1661.0000000000
2643 -1660.0000000000
2656 -1659.0000000000
2658 -1658.0000000000
2666 -1657.0000000000
2673 -1656.0000000000
2687 -1655.0000000000
2701 -1654.0000000000
2711 -1653.0000000000
2731 -1652.0000000000
2738 -1651.0000000000
2753 -1650.0000000000
2758 -1648.0000000000
2781 -1647.0000000000
2782 -1646.0000000000
2800 -1645.0000000000
2818 -1644.0000000000
2827 -1643.0000000000
2836 -1642.0000000000
2839 -1640.0000000000
2847 -1639.0000000000
2848 -1638.0000000000
2850 -1637.0000000000
2860 -1636.0000000000
2874 -1635.0000000000
2889 -1634.0000000000
2902 -1631.0000000000
2938 -1630.0000000000
2939 -1628.0000000000
2944 -1627.0000000000
2957 -1626.0000000000
2987 -1625.0000000000
2999 -1624.0000000000
3008 -1623.0000000000
3018 -1622.0000000000
3021 -1621.0000000000
3036 -1620.0000000000
3047 -1619.0000000000
3070 -1615.0000000000
3082 -1613.0000000000
3085 -1612.0000000000
3091 -1611.0000000000
3115 -1610.0000000000
3116 -1609.0000000000
3125 -1608.0000000000
3141 -1607.0000000000
3154 -1606.0000000000
3169 -1605.0000000000
3190 -1604.0000000000
3204 -1603.0000000000
3207 -1602.0000000000
3258 -1601.0000000000
3265 -1600.0000000000
3275 -1599.0000000000
3297 -1598.0000000000
3301 -1597.0000000000
3308 -1596.0000000000
3327 -1595.0000000000
3341 -1594.0000000000
3342 -1593.0000000000
3343 -1591.0000000000
3362 -1590.0000000000
3364 -1589.0000000000
3398 -1588.0000000000
3410 -1587.0000000000
3428 -1586.0000000000
3433 -1585.0000000000
3437 -1584.0000000000
3466 -1583.0000000000
3479 -1582.0000000000
3486 -1581.0000000000
3489 -1580.0000000000
3505 -1579.0000000000
3518 -1578.0000000000
3522 -1577.0000000000
3529 -1575.0000000000
3533 -1574.0000000000
3549 -1573.0000000000
3553 -1572.0000000000
3575 -1571.0000000000
3579 -1569.0000000000
3589 -1568.0000000000
3610 -1567.0000000000
3625 -1565.0000000000
3627 -1564.0000000000
3630 -1563.0000000000
3646 -1562.0000000000
3654 -1561.0000000000
3669 -1560.0000000000
3684 -1558.0000000000
3709 -1557.0000000000
3715 -1556.0000000000
3725 -1554.0000000000
3742 -1553.0000000000
3751 -1552.0000000000
3753 -1551.0000000000
3770 -1550.0000000000
3773 -1549.0000000000
3778 -1548.0000000000
3799 -1547.0000000000
3807 -1546.0000000000
3823 -1544.0000000000
3844 -1543.0000000000
3850 -1542.0000000000
3860 -1541.0000000000
3863 -1540.0000000000
3868 -1539.0000000000
3881 -1538.0000000000
3897 -1537.0000000000
3902 -1535.0000000000
3932 -1534.0000000000
3933 -1533.0000000000
3947 -1532.0000000000
3952 -1531.0000000000
3957 -1530.0000000000
3963 -1529.0000000000
3977 -1528.0000000000
3988 -1527.0000000000
4000 -1526.0000000000
4015 -1524.0000000000
4019 -1521.0000000000
4045 -1520.0000000000
4047 -1519.0000000000
4071 -1518.0000000000
4077 -1517.0000000000
4097 -1516.0000000000
4100 -1515.0000000000
4131 -1514.0000000000
4149 -1513.0000000000
4157 -1512.0000000000
4168 -1511.0000000000
4170 -1510.0000000000
4176 -1509.0000000000
4191 -1507.0000000000
4199 -1505.0000000000
4232 -1504.0000000000
4235 -1503.0000000000
4262 -1502.0000000000
4268 -1501.0000000000
4270 -1500.0000000000
4291 -1499.0000000000
4320 -1498.0000000000
4329 -1497.0000000000
4337 -1495.0000000000
4339 -1494.0000000000
4354 -1493.0000000000
4370 -1492.0000000000
4381 -1491.0000000000
4392 -1490.0000000000
4404 -1488.0000000000
4419 -1487.0000000000
4431 -1486.0000000000
4448 -1485.0000000000
4472 -1484.0000000000
4480 -1483.0000000000
4497 -1482.0000000000
4517 -1481.0000000000
4541 -1480.0000000000
4545 -1479.0000000000
4565 -1478.0000000000
4570 -1477.0000000000
4591 -1476.0000000000
4606 -1475.0000000000
4607 -1474.0000000000
4615 -1473.0000000000
4625 -1472.0000000000
4632 -1471.0000000000
4645 -1469.0000000000
4657 -1468.0000000000
4659 -1467.0000000000
4669 -1466.0000000000
4678 -1465.0000000000
4687 -1463.0000000000
4690 -1462.0000000000
4698 -1461.0000000000
4713 -1460.0000000000
4731 -1459.0000000000
4753 -1458.0000000000
4756 -1457.0000000000
4758 -1456.0000000000
4783 -1455.0000000000
4793 -1454.0000000000
4799 -1453.0000000000
4804 -1451.0000000000
4832 -1450.0000000000
4834 -1449.0000000000
4843 -1448.0000000000
4857 -1447.0000000000
4872 -1446.0000000000
4884 -1445.0000000000
4903 -1444.0000000000
4908 -1443.0000000000
4925 -1442.0000000000
4945 -1441.0000000000
4955 -1440.0000000000
4967 -1439.0000000000
4970 -1438.0000000000
4985 -1437.0000000000
4988 -1436.0000000000
5024 -1435.0000000000
5030 -1434.0000000000
5033 -1433.0000000000
5043 -1432.0000000000
5063 -1431.0000000000
5072 -1430.0000000000
5073 -1428.0000000000
5082 -1427.0000000000
5094 -1426.0000000000
5100 -1425.0000000000
5123 -1424.0000000000
5136 -1423.0000000000
5153 -1421.0000000000
5171 -1420.0000000000
5183 -1419.0000000000
5204 -1418.0000000000
5209 -1417.0000000000
5215 -1416.0000000000
5225 -1415.0000000000
5237 -1414.0000000000
5239 -1413.0000000000
5243 -1412.0000000000
5258 -1411.0000000000
5263 -1410.0000000000
5280 -1409.0000000000
5290 -1408.0000000000
5305 -1406.0000000000
5354 -1405.0000000000
5370 -1404.0000000000
5372 -1401.0000000000
5393 -1400.0000000000
5405 -1399.0000000000
5428 -1398.0000000000
5431 -1397.0000000000
5433 -1396.0000000000
5450 -1395.0000000000
5465 -1394.0000000000
5475 -1393.0000000000
5487 -1392.0000000000
5489 -1390.0000000000
5508 -1389.0000000000
5512 -1388.0000000000
5518 -1387.0000000000
5526 -1386.0000000000
5537 -1385.0000000000
5546 -1384.0000000000
5548 -1383.0000000000
5552 -1381.0000000000
5574 -1380.0000000000
5595 -1379.0000000000
5599 -1377.0000000000
5606 -1376.0000000000
5611 -1375.0000000000
5618 -1374.0000000000
5628 -1373.0000000000
5635 -1372.0000000000
5658 -1371.0000000000
5667 -1370.0000000000
5673 -1369.0000000000
5722 -1368.0000000000
5723 -1367.0000000000
5771 -1366.0000000000
5780 -1365.0000000000
5802 -1364.0000000000
5811 -1363.0000000000
5822 -1362.0000000000
5831 -1361.0000000000
5838 -1360.0000000000
5841 -1359.0000000000
5854 -1358.0000000000
5869 -1357.0000000000
5896 -1355.0000000000
5922 -1354.0000000000
5940 -1353.0000000000
5941 -1352.0000000000
5949 -1351.0000000000
5959 -1349.0000000000
5977 -1348.0000000000
5978 -1347.0000000000
5993 -1346.0000000000
6015 -1345.0000000000
6033 -1344.0000000000
6054 -1343.0000000000
6073 -1342.0000000000
6078 -1341.0000000000
6083 -1340.0000000000
6105 -1339.0000000000
6122 -1338.0000000000
6132 -1337.0000000000
6158 -1336.0000000000
6170 -1335.0000000000
6184 -1334.0000000000
6216 -1333.0000000000
6243 -1332.0000000000
6258 -1331.0000000000
6266 -1330.0000000000
6284 -1329.0000000000
6285 -1328.0000000000
6295 -1327.0000000000
6317 -1326.0000000000
6318 -1325.0000000000
6338 -1324.0000000000
6340 -1323.0000000000
6354 -1322.0000000000
6365 -1321.0000000000
6368 -1320.0000000000
6384 -1319.0000000000
6404 -1317.0000000000
6407 -1316.0000000000
6423 -1315.0000000000
6437 -1314.0000000000
6448 -1313.0000000000
6478 -1312.0000000000
6492 -1311.0000000000
6500 -1310.0000000000
6508 -1309.0000000000
6519 -1308.0000000000
6524 -1307.0000000000
6540 -1306.0000000000
6548 -1305.0000000000
6576 -1304.0000000000
6586 -1303.0000000000
6611 -1302.0000000000
6616 -1301.0000000000
6647 -1300.0000000000
6650 -1299.0000000000
6654 -1297.0000000000
6658 -1296.0000000000
6661 -1295.0000000000
6680 -1294.0000000000
6688 -1293.0000000000
6699 -1292.0000000000
6715 -1291.0000000000
6723 -1290.0000000000
6730 -1289.0000000000
6748 -1288.0000000000
6749 -1286.0000000000
6782 -1285.0000000000
6784 -1284.0000000000
6801 -1283.0000000000
6802 -1282.0000000000
6817 -1281.0000000000
6833 -1280.0000000000
6835 -1278.0000000000
6860 -1277.0000000000
6884 -1276.0000000000
6904 -1275.0000000000
6912 -1274.0000000000
6925 -1273.0000000000
6972 -1272.0000000000
6979 -1271.0000000000
6998 -1270.0000000000
7021 -1269.0000000000
7036 -1268.0000000000
7040 -1267.0000000000
7052 -1266.0000000000
7094 -1265.0000000000
7104 -1264.0000000000
7121 -1263.0000000000
7131 -1262.0000000000
7140 -1260.0000000000
7168 -1258.0000000000
7198 -1256.0000000000
7216 -1255.0000000000
7234 -1254.0000000000
7248 -1253.0000000000
7251 -1252.0000000000
7284 -1251.0000000000
7288 -1250.0000000000
7299 -1249.0000000000
7318 -1248.0000000000
7332 -1247.0000000000
7336 -1246.0000000000
7345 -1245.0000000000
7355 -1244.0000000000
7356 -1242.0000000000
7388 -1241.0000000000
7417 -1240.0000000000
7437 -1239.0000000000
7468 -1238.0000000000
7473 -1237.0000000000
7487 -1236.0000000000
7514 -1235.0000000000
7541 -1234.0000000000
7542 -1233.0000000000
7578 -1232.0000000000
7593 -1231.0000000000
7602 -1230.0000000000
7623 -1229.0000000000
7642 -1228.0000000000
7666 -1227.0000000000
7711 -1226.0000000000
7722 -1225.0000000000
7728 -1224.0000000000
7744 -1223.0000000000
7755 -1220.0000000000
7795 -1219.0000000000
7798 -1218.0000000000
7803 -1217.0000000000
7849 -1215.0000000000
7898 -1214.0000000000
7907 -1213.0000000000
7908 -1212.0000000000
7910 -1211.0000000000
7919 -1210.0000000000
7926 -1208.0000000000
7934 -1206.0000000000
7935 -1205.0000000000
7952 -1204.0000000000
7973 -1203.0000000000
7990 -1202.0000000000
8007 -1201.0000000000
8031 -1200.0000000000
8038 -1199.0000000000
8040 -1198.0000000000
8061 -1197.0000000000
8068 -1196.0000000000
8090 -1195.0000000000
8099 -1194.0000000000
8105 -1193.0000000000
8116 -1191.0000000000
8145 -1190.0000000000
8157 -1189.0000000000
8163 -1188.0000000000
8175 -1187.0000000000
8212 -1186.0000000000
8230 -1185.0000000000
8240 -1184.0000000000
8251 -1183.0000000000
8262 -1182.0000000000
8282 -1181.0000000000
8292 -1180.0000000000
8302 -1179.0000000000
8321 -1178.0000000000
8325 -1177.0000000000
8331 -1176.0000000000
8356 -1175.0000000000
8372 -1174.0000000000
8391 -1173.0000000000
8405 -1172.0000000000
8409 -1170.0000000000
8433 -1169.0000000000
8450 -1168.0000000000
8471 -1167.0000000000
8487 -1166.0000000000
8511 -1165.0000000000
8526 -1164.0000000000
8538 -1163.0000000000
8547 -1162.0000000000
8549 -1161.0000000000
8580 -1160.0000000000
8591 -1159.0000000000
8618 -1158.0000000000
8622 -1156.0000000000
8633 -1155.0000000000
8674 -1154.0000000000
8692 -1152.0000000000
8728 -1149.0000000000
8757 -1148.0000000000
8766 -1147.0000000000
8794 -1146.0000000000
8836 -1145.0000000000
8857 -1144.0000000000
8864 -1143.0000000000
8880 -1142.0000000000
8896 -1141.0000000000
8900 -1140.0000000000
8907 -1139.0000000000
8923 -1138.0000000000
8942 -1137.0000000000
8956 -1136.0000000000
8966 -1135.0000000000
8987 -1134.0000000000
9008 -1133.0000000000
9024 -1132.0000000000
9030 -1131.0000000000
9045 -1130.0000000000
9075 -1129.0000000000
9080 -1128.0000000000
9097 -1127.0000000000
9105 -1126.0000000000
9123 -1125.0000000000
9137 -1124.0000000000
9142 -1123.0000000000
9153 -1122.0000000000
9204 -1121.0000000000
9223 -1120.0000000000
9244 -1119.0000000000
9280 -1117.0000000000
9282 -1116.0000000000
9324 -1115.0000000000
9348 -1114.0000000000
9378 -1113.0000000000
9387 -1112.0000000000
9391 -1111.0000000000
9427 -1110.0000000000
9444 -1109.0000000000
9468 -1108.0000000000
9485 -1107.0000000000
9492 -1106.0000000000
9505 -1105.0000000000
9534 -1104.0000000000
9564 -1102.0000000000
9574 -1101.0000000000
9580 -1100.0000000000
9597 -1099.0000000000
9604 -1098.0000000000
9635 -1097.0000000000
9644 -1096.0000000000
9651 -1095.0000000000
9694 -1094.0000000000
9700 -1093.0000000000
9706 -1091.0000000000
9721 -1090.0000000000
9767 -1089.0000000000
9789 -1088.0000000000
9790 -1087.0000000000
9802 -1086.0000000000
9806 -1085.0000000000
9817 -1084.0000000000
9826 -1083.0000000000
9864 -1082.0000000000
9866 -1080.0000000000
9881 -1079.0000000000
9909 -1078.0000000000
9920 -1077.0000000000
9941 -1076.0000000000
9980 -1074.0000000000
10000 -1078.0000000000
evaluations raw_y
1 -2017.0000000000
2 -1952.0000000000
12 -1951.0000000000
17 -1950.0000000000
32 -1949.0000000000
37 -1948.0000000000
58 -1947.0000000000
62 -1946.0000000000
71 -1945.0000000000
76 -1944.0000000000
83 -1942.0000000000
86 -1940.0000000000
103 -1936.0000000000
126 -1935.0000000000
135 -1934.0000000000
158 -1933.0000000000
160 -1932.0000000000
169 -1931.0000000000
170 -1930.0000000000
172 -1929.0000000000
188 -1926.0000000000
212 -1925.0000000000
214 -1924.0000000000
225 -1921.0000000000
261 -1920.0000000000
282 -1919.0000000000
288 -1918.0000000000
304 -1917.0000000000
307 -1915.0000000000
316 -1914.0000000000
326 -1913.0000000000
332 -1909.0000000000
335 -1908.0000000000
336 -1907.0000000000
339 -1906.0000000000
349 -1905.0000000000
354 -1904.0000000000
360 -1903.0000000000
366 -1902.0000000000
376 -1901.0000000000
395 -1899.0000000000
408 -1898.0000000000
409 -1897.0000000000
415 -1896.0000000000
429 -1894.0000000000
439 -1892.0000000000
453 -1890.0000000000
462 -1889.0000000000
481 -1888.0000000000
497 -1886.0000000000
508 -1885.0000000000
510 -1884.0000000000
536 -1883.0000000000
541 -1882.0000000000
544 -1881.0000000000
553 -1880.0000000000
560 -1879.0000000000
566 -1878.0000000000
570 -1877.0000000000
577 -1875.0000000000
595 -1874.0000000000
603 -1873.0000000000
608 -1872.0000000000
615 -1870.0000000000
626 -1869.0000000000
627 -1868.0000000000
646 -1867.0000000000
649 -1864.0000000000
672 -1863.0000000000
698 -1862.0000000000
699 -1860.0000000000
704 -1859.0000000000
709 -1857.0000000000
719 -1856.0000000000
723 -1854.0000000000
738 -1853.0000000000
743 -1852.0000000000
752 -1851.0000000000
754 -1850.0000000000
772 -1849.0000000000
789 -1848.0000000000
791 -1847.0000000000
802 -1846.0000000000
808 -1845.0000000000
826 -1844.0000000000
837 -1842.0000000000
856 -1840.0000000000
867 -1839.0000000000
879 -1838.0000000000
890 -1837.0000000000
893 -1836.0000000000
900 -1835.0000000000
913 -1834.0000000000
919 -1833.0000000000
926 -1832.0000000000
932 -1831.0000000000
937 -1830.0000000000
950 -1829.0000000000
953 -1828.0000000000
963 -1827.0000000000
974 -1826.0000000000
977 -1825.0000000000
978 -1823.0000000000
982 -1822.0000000000
984 -1821.0000000000
993 -1820.0000000000
1006 -1818.0000000000
1019 -1816.0000000000
1054 -1815.0000000000
1060 -1813.0000000000
1066 -1812.0000000000
1073 -1811.0000000000
1074 -1810.0000000000
1080 -1809.0000000000
1103 -1808.0000000000
1111 -1807.0000000000
1115 -1806.0000000000
1130 -1805.0000000000
1151 -1804.0000000000
1170 -1803.0000000000
1188 -1802.0000000000
1200 -1801.0000000000
1208 -1799.0000000000
1220 -1798.0000000000
1222 -1797.0000000000
1230 -1796.0000000000
1234 -1795.0000000000
1243 -1793.0000000000
1247 -1792.0000000000
1252 -1791.0000000000
1256 -1790.0000000000
1268 -1789.0000000000
1297 -1788.0000000000
1303 -1787.0000000000
1308 -1786.0000000000
1317 -1783.0000000000
1345 -1782.0000000000
1364 -1781.0000000000
1370 -1780.0000000000
1391 -1779.0000000000
1395 -1778.0000000000
1420 -1777.0000000000
1426 -1776.0000000000
1436 -1775.0000000000
1451 -1774.0000000000
1462 -1773.0000000000
1472 -1772.0000000000
1476 -1771.0000000000
1484 -1770.0000000000
1521 -1769.0000000000
1527 -1768.0000000000
1528 -1767.0000000000
1537 -1766.0000000000
1553 -1765.0000000000
1569 -1764.0000000000
1576 -1763.0000000000
1579 -1761.0000000000
1584 -1760.0000000000
1588 -1758.0000000000
1611 -1755.0000000000
1615 -1754.0000000000
1648 -1753.0000000000
1674 -1751.0000000000
1691 -1750.0000000000
1712 -1749.0000000000
1715 -1748.0000000000
1739 -1747.0000000000
1750 -1746.0000000000
1767 -1744.0000000000
1773 -1743.0000000000
1787 -1742.0000000000
1788 -1741.0000000000
1821 -1740.0000000000
1832 -1739.0000000000
1833 -1738.0000000000
1834 -1737.0000000000
1866 -1736.0000000000
1880 -1735.0000000000
1887 -1734.0000000000
1902 -1733.0000000000
1915 -1731.0000000000
1917 -1730.0000000000
1925 -1729.0000000000
1929 -1728.0000000000
1932 -1727.0000000000
1951 -1726.0000000000
1952 -1725.0000000000
1968 -1724.0000000000
1974 -1723.0000000000
1979 -1722.0000000000
1994 -1721.0000000000
1996 -1720.0000000000
2005 -1719.0000000000
2017 -1716.0000000000
2018 -1714.0000000000
2052 -1713.0000000000
2061 -1711.0000000000
2067 -1709.0000000000
2079 -1708.0000000000
2088 -1707.0000000000
2091 -1706.0000000000
2099 -1705.0000000000
2120 -1704.0000000000
2125 -1701.0000000000
2147 -1700.0000000000
2154 -1699.0000000000
2165 -1698.0000000000
2170 -1696.0000000000
2189 -1695.0000000000
2196 -1694.0000000000
2206 -1693.0000000000
2211 -1691.0000000000
2216 -1690.0000000000
2220 -1689.0000000000
2245 -1687.0000000000
2275 -1686.0000000000
2295 -1685.0000000000
2313 -1684.0000000000
2318 -1683.0000000000
2332 -1682.0000000000
2343 -1681.0000000000
2356 -1680.0000000000
2373 -1679.0000000000
2374 -1678.0000000000
2388 -1677.0000000000
2402 -1676.0000000000
2409 -1675.0000000000
2429 -1674.0000000000
2430 -1673.0000000000
2441 -1672.0000000000
2462 -1671.0000000000
2470 -1670.0000000000
2485 -1669.0000000000
2500 -1668.0000000000
2504 -1667.0000000000
2516 -1666.0000000000
2525 -1665.0000000000
2535 -1664.0000000000
2545 -1662.0000000000
2572 -1661.0000000000
2581 -1660.0000000000
2585 -1659.0000000000
2586 -1658.0000000000
2591 -1657.0000000000
2599 -1656.0000000000
2612 -1654.0000000000
2627 -1653.0000000000
2653 -1652.0000000000
2658 -1651.0000000000
2675 -1650.0000000000
2696 -1649.0000000000
2698 -1648.0000000000
2699 -1647.0000000000
2724 -1646.0000000000
2742 -1645.0000000000
2749 -1644.0000000000
2751 -1643.0000000000
2756 -1642.0000000000
2765 -1641.0000000000
2766 -1640.0000000000
2769 -1639.0000000000
2773 -1638.0000000000
2798 -1637.0000000000
2806 -1636.0000000000
2815 -1635.0000000000
2831 -1634.0000000000
2846 -1632.0000000000
2871 -1631.0000000000
2873 -1630.0000000000
2892 -1629.0000000000
2897 -1628.0000000000
2903 -1627.0000000000
2922 -1626.0000000000
2934 -1625.0000000000
2948 -1624.0000000000
2973 -1623.0000000000
2974 -1622.0000000000
2978 -1621.0000000000
2990 -1620.0000000000
2999 -1619.0000000000
3026 -1618.0000000000
3046 -1617.0000000000
3052 -1616.0000000000
3066 -1615.0000000000
3081 -1614.0000000000
3088 -1613.0000000000
3089 -1612.0000000000
3093 -1611.0000000000
3096 -1610.0000000000
3103 -1609.0000000000
3119 -1608.0000000000
3125 -1607.0000000000
3139 -1606.0000000000
3142 -1605.0000000000
3153 -1604.0000000000
3158 -1603.0000000000
3163 -1601.0000000000
3181 -1599.0000000000
3196 -1598.0000000000
3215 -1597.0000000000
3229 -1596.0000000000
3241 -1595.0000000000
3256 -1594.0000000000
3262 -1593.0000000000
3285 -1592.0000000000
3299 -1591.0000000000
3319 -1590.0000000000
3335 -1589.0000000000
3342 -1588.0000000000
3346 -1587.0000000000
3359 -1586.0000000000
3367 -1585.0000000000
3372 -1584.0000000000
3385 -1583.0000000000
3394 -1582.0000000000
3402 -1580.0000000000
3427 -1579.0000000000
3443 -1578.0000000000
3455 -1577.0000000000
3457 -1576.0000000000
3467 -1575.0000000000
3486 -1574.0000000000
3500 -1573.0000000000
3521 -1572.0000000000
3528 -1571.0000000000
3552 -1570.0000000000
3558 -1568.0000000000
3576 -1567.0000000000
3592 -1566.0000000000
3593 -1565.0000000000
3629 -1564.0000000000
3634 -1563.0000000000
3650 -1562.0000000000
3651 -1561.0000000000
3653 -1560.0000000000
3674 -1559.0000000000
3694 -1557.0000000000
3701 -1556.0000000000
3713 -1555.0000000000
3732 -1554.0000000000
3754 -1553.0000000000
3775 -1552.0000000000
3780 -1551.0000000000
3790 -1550.0000000000
3799 -1549.0000000000
3804 -1548.0000000000
3811 -1547.0000000000
3819 -1546.0000000000
3835 -1545.0000000000
3866 -1544.0000000000
3873 -1543.0000000000
3877 -1542.0000000000
3894 -1541.0000000000
3898 -1540.0000000000
3907 -1539.0000000000
3925 -1538.0000000000
3937 -1537.0000000000
3948 -1536.0000000000
3966 -1535.0000000000
3977 -1534.0000000000
3984 -1533.0000000000
4007 -1532.0000000000
4013 -1531.0000000000
4015 -1530.0000000000
4018 -1529.0000000000
4029 -1528.0000000000
4042 -1527.0000000000
4046 -1526.0000000000
4049 -1525.0000000000
4079 -1524.0000000000
4084 -1523.0000000000
4094 -1521.0000000000
4102 -1520.0000000000
4111 -1519.0000000000
4125 -1518.0000000000
4127 -1517.0000000000
4138 -1516.0000000000
4146 -1515.0000000000
4155 -1514.0000000000
4165 -1513.0000000000
4180 -1512.0000000000
4221 -1511.0000000000
4236 -1510.0000000000
4247 -1509.0000000000
4258 -1508.0000000000
4272 -1507.0000000000
4287 -1506.0000000000
4312 -1505.0000000000
4330 -1504.0000000000
4355 -1503.0000000000
4371 -1502.0000000000
4390 -1501.0000000000
4392 -1500.0000000000
4393 -1499.0000000000
4404 -1497.0000000000
4422 -1495.0000000000
4436 -1494.0000000000
4449 -1492.0000000000
4461 -1491.0000000000
4470 -1490.0000000000
4479 -1489.0000000000
4491 -1488.0000000000
4508 -1487.0000000000
4511 -1486.0000000000
4521 -1485.0000000000
4532 -1484.0000000000
4553 -1483.0000000000
4578 -1482.0000000000
4581 -1481.0000000000
4586 -1480.0000000000
4594 -1479.0000000000
4600 -1478.0000000000
4622 -1477.0000000000
4632 -1476.0000000000
4640 -1475.0000000000
4648 -1474.0000000000
4654 -1473.0000000000
4658 -1472.0000000000
4668 -1471.0000000000
4675 -1469.0000000000
4677 -1468.0000000000
4694 -1466.0000000000
4704 -1465.0000000000
4715 -1464.0000000000
4731 -1463.0000000000
4747 -1462.0000000000
4753 -1461.0000000000
4774 -1460.0000000000
4788 -1459.0000000000
4789 -1458.0000000000
4795 -1457.0000000000
4817 -1456.0000000000
4826 -1455.0000000000
4861 -1454.0000000000
4870 -1453.0000000000
4882 -1452.0000000000
4885 -1451.0000000000
4911 -1450.0000000000
4923 -1449.0000000000
4936 -1448.0000000000
4940 -1447.0000000000
4958 -1446.0000000000
4992 -1445.0000000000
5001 -1444.0000000000
5002 -1442.0000000000
5018 -1440.0000000000
5020 -1439.0000000000
5044 -1437.0000000000
5053 -1435.0000000000
5063 -1433.0000000000
5085 -1432.0000000000
5090 -1431.0000000000
5119 -1429.0000000000
5131 -1428.0000000000
5155 -1427.0000000000
5168 -1426.0000000000
5179 -1425.0000000000
5190 -1424.0000000000
5204 -1423.0000000000
5232 -1422.0000000000
5245 -1421.0000000000
5251 -1420.0000000000
5258 -1419.0000000000
5269 -1417.0000000000
5288 -1416.0000000000
5294 -1415.0000000000
5307 -1413.0000000000
5336 -1411.0000000000
5345 -1410.0000000000
5360 -1409.0000000000
5379 -1408.0000000000
5409 -1406.0000000000
5430 -1405.0000000000
5436 -1404.0000000000
5450 -1403.0000000000
5451 -1402.0000000000
5462 -1401.0000000000
5469 -1400.0000000000
5484 -1399.0000000000
5497 -1398.0000000000
5504 -1397.0000000000
5509 -1396.0000000000
5539 -1395.0000000000
5543 -1394.0000000000
5550 -1393.0000000000
5569 -1392.0000000000
5580 -1391.0000000000
5591 -1390.0000000000
5614 -1388.0000000000
5639 -1387.0000000000
5651 -1386.0000000000
5666 -1385.0000000000
5680 -1384.0000000000
5691 -1383.0000000000
5709 -1382.0000000000
5716 -1381.0000000000
5726 -1380.0000000000
5734 -1379.0000000000
5743 -1377.0000000000
5776 -1376.0000000000
5788 -1375.0000000000
5792 -1374.0000000000
5821 -1373.0000000000
5830 -1371.0000000000
5855 -1370.0000000000
5864 -1369.0000000000
5869 -1367.0000000000
5915 -1366.0000000000
5921 -1365.0000000000
5940 -1364.0000000000
5957 -1363.0000000000
5964 -1362.0000000000
5989 -1361.0000000000
6011 -1360.0000000000
6012 -1359.0000000000
6028 -1358.0000000000
6045 -1355.0000000000
6069 -1354.0000000000
6082 -1353.0000000000
6114 -1352.0000000000
6119 -1351.0000000000
6139 -1350.0000000000
6151 -1349.0000000000
6157 -1348.0000000000
6169 -1346.0000000000
6177 -1345.0000000000
6204 -1344.0000000000
6212 -1343.0000000000
6215 -1342.0000000000
6218 -1341.0000000000
6253 -1340.0000000000
6270 -1339.0000000000
6295 -1338.0000000000
6301 -1337.0000000000
6315 -1336.0000000000
6324 -1335.0000000000
6328 -1333.0000000000
6346 -1332.0000000000
6363 -1331.0000000000
6372 -1330.0000000000
6399 -1329.0000000000
6415 -1328.0000000000
6423 -1327.0000000000
6424 -1326.0000000000
6455 -1325.0000000000
6462 -1324.0000000000
6466 -1323.0000000000
6486 -1322.0000000000
6490 -1320.0000000000
6502 -1319.0000000000
6513 -1318.0000000000
6527 -1317.0000000000
6535 -1316.0000000000
6551 -1315.0000000000
6560 -1314.0000000000
6599 -1312.0000000000
6643 -1311.0000000000
6680 -1310.0000000000
6706 -1308.0000000000
6721 -1307.0000000000
6731 -1306.0000000000
6758 -1305.0000000000
6765 -1304.0000000000
6777 -1303.0000000000
6797 -1302.0000000000
6827 -1301.0000000000
6834 -1300.0000000000
6843 -1298.0000000000
6872 -1297.0000000000
6891 -1296.0000000000
6894 -1295.0000000000
6912 -1294.0000000000
6937 -1293.0000000000
6950 -1292.0000000000
6963 -1291.0000000000
6974 -1290.0000000000
6980 -1289.0000000000
7031 -1288.0000000000
7033 -1287.0000000000
7047 -1286.0000000000
7078 -1284.0000000000
7088 -1283.0000000000
7101 -1282.0000000000
7115 -1281.0000000000
7130 -1280.0000000000
7147 -1279.0000000000
7159 -1278.0000000000
7166 -1277.0000000000
7168 -1276.0000000000
7171 -1275.0000000000
7200 -1274.0000000000
7236 -1273.0000000000
7246 -1272.0000000000
7255 -1271.0000000000
7286 -1269.0000000000
7300 -1268.0000000000
7356 -1267.0000000000
7366 -1266.0000000000
7370 -1265.0000000000
7391 -1264.0000000000
7455 -1263.0000000000
7473 -1262.0000000000
7475 -1261.0000000000
7485 -1260.0000000000
7487 -1259.0000000000
7503 -1258.0000000000
7528 -1257.0000000000
7547 -1256.0000000000
7572 -1255.0000000000
7578 -1254.0000000000
7615 -1253.0000000000
7621 -1252.0000000000
7649 -1251.0000000000
7662 -1249.0000000000
7671 -1248.0000000000
7677 -1247.0000000000
7680 -1246.0000000000
7683 -1245.0000000000
7712 -1244.0000000000
7724 -1243.0000000000
7754 -1242.0000000000
7769 -1241.0000000000
7782 -1240.0000000000
7796 -1239.0000000000
7802 -1238.0000000000
7818 -1237.0000000000
7831 -1236.0000000000
7839 -1235.0000000000
7873 -1234.0000000000
7887 -1233.0000000000
7905 -1232.0000000000
7911 -1231.0000000000
7916 -1230.0000000000
7941 -1229.0000000000
7945 -1228.0000000000
7954 -1227.0000000000
7955 -1226.0000000000
7990 -1225.0000000000
7999 -1224.0000000000
8017 -1223.0000000000
8030 -1222.0000000000
8036 -1221.0000000000
8051 -1220.0000000000
8062 -1219.0000000000
8077 -1218.0000000000
8121 -1216.0000000000
8133 -1215.0000000000
8160 -1214.0000000000
8186 -1213.0000000000
8233 -1212.0000000000
8245 -1211.0000000000
8260 -1209.0000000000
8272 -1208.0000000000
8307 -1207.0000000000
8309 -1206.0000000000
8316 -1205.0000000000
8342 -1203.0000000000
8377 -1202.0000000000
8398 -1200.0000000000
8429 -1199.0000000000
8442 -1198.0000000000
8455 -1197.0000000000
8475 -1196.0000000000
8498 -1195.0000000000
8511 -1194.0000000000
8538 -1193.0000000000
8547 -1192.0000000000
8557 -1191.0000000000
8571 -1190.0000000000
8593 -1189.0000000000
8617 -1188.0000000000
8624 -1187.0000000000
8645 -1186.0000000000
8687 -1185.0000000000
8711 -1184.0000000000
8726 -1183.0000000000
8733 -1182.0000000000
8747 -1181.0000000000
8778 -1178.0000000000
8807 -1177.0000000000
8828 -1176.0000000000
8872 -1175.0000000000
8883 -1174.0000000000
8897 -1173.0000000000
8898 -1172.0000000000
8906 -1171.0000000000
8943 -1170.0000000000
8946 -1169.0000000000
8960 -1168.0000000000
8984 -1167.0000000000
8999 -1166.0000000000
9001 -1165.0000000000
9011 -1163.0000000000
9033 -1161.0000000000
9044 -1160.0000000000
9074 -1159.0000000000
9077 -1158.0000000000
9111 -1157.0000000000
9113 -1156.0000000000
9114 -1155.0000000000
9124 -1154.0000000000
9147 -1153.0000000000
9173 -1152.0000000000
9206 -1151.0000000000
9207 -1150.0000000000
9215 -1149.0000000000
9230 -1148.0000000000
9257 -1147.0000000000
9279 -1146.0000000000
9321 -1145.0000000000
9326 -1144.0000000000
9346 -1143.0000000000
9358 -1142.0000000000
9388 -1141.0000000000
9400 -1140.0000000000
9407 -1139.0000000000
9417 -1138.0000000000
9420 -1137.0000000000
9450 -1136.0000000000
9461 -1135.0000000000
9492 -1134.0000000000
9534 -1133.0000000000
9562 -1131.0000000000
9570 -1130.0000000000
9618 -1129.0000000000
9655 -1127.0000000000
9660 -1125.0000000000
9702 -1124.0000000000
9723 -1123.0000000000
9748 -1122.0000000000
9775 -1121.0000000000
9780 -1120.0000000000
9787 -1118.0000000000
9792 -1117.0000000000
9810 -1116.0000000000
9819 -1115.0000000000
9840 -1114.0000000000
9864 -1113.0000000000
9901 -1112.0000000000
9909 -1111.0000000000
9921 -1110.0000000000
9927 -1109.0000000000
9944 -1108.0000000000
9974 -1107.0000000000
9980 -1105.0000000000
10000 -1110.0000000000
evaluations raw_y
1 -2029.0000000000
2 -2000.0000000000
10 -1995.0000000000
28 -1994.0000000000
41 -1993.0000000000
59 -1992.0000000000
75 -1990.0000000000
89 -1989.0000000000
105 -1987.0000000000
118 -1986.0000000000
124 -1985.0000000000
127 -1984.0000000000
134 -1982.0000000000
135 -1981.0000000000
141 -1980.0000000000
143 -1979.0000000000
164 -1978.0000000000
169 -1977.0000000000
171 -1976.0000000000
175 -1975.0000000000
189 -1974.0000000000
203 -1973.0000000000
221 -1972.0000000000
224 -1971.0000000000
243 -1970.0000000000
245 -1969.0000000000
272 -1968.0000000000
276 -1967.0000000000
283 -1966.0000000000
291 -1965.0000000000
295 -1964.0000000000
308 -1962.0000000000
314 -1961.0000000000
332 -1960.0000000000
333 -1959.0000000000
348 -1958.0000000000
349 -1957.0000000000
361 -1955.0000000000
371 -1954.0000000000
372 -1953.0000000000
380 -1952.0000000000
387 -1951.0000000000
392 -1950.0000000000
395 -1948.0000000000
409 -1947.0000000000
417 -1946.0000000000
420 -1945.0000000000
425 -1943.0000000000
433 -1942.0000000000
456 -1941.0000000000
457 -1940.0000000000
458 -1939.0000000000
468 -1938.0000000000
469 -1937.0000000000
486 -1935.0000000000
495 -1934.0000000000
516 -1933.0000000000
529 -1932.0000000000
531 -1931.0000000000
539 -1930.0000000000
542 -1929.0000000000
556 -1928.0000000000
559 -1927.0000000000
577 -1926.0000000000
586 -1924.0000000000
598 -1923.0000000000
612 -1922.0000000000
621 -1921.0000000000
631 -1920.0000000000
634 -1919.0000000000
646 -1918.0000000000
651 -1917.0000000000
658 -1916.0000000000
670 -1915.0000000000
671 -1914.0000000000
676 -1913.0000000000
679 -1912.0000000000
705 -1911.0000000000
713 -1910.0000000000
727 -1909.0000000000
738 -1908.0000000000
744 -1906.0000000000
760 -1905.0000000000
770 -1904.0000000000
782 -1903.0000000000
790 -1902.0000000000
797 -1901.0000000000
801 -1900.0000000000
802 -1898.0000000000
812 -1897.0000000000
825 -1896.0000000000
840 -1895.0000000000
843 -1894.0000000000
858 -1893.0000000000
874 -1892.0000000000
882 -1891.0000000000
907 -1890.0000000000
919 -1889.0000000000
933 -1888.0000000000
936 -1887.0000000000
945 -1886.0000000000
947 -1885.0000000000
969 -1884.0000000000
982 -1883.0000000000
997 -1881.0000000000
1010 -1880.0000000000
1022 -1878.0000000000
1030 -1877.0000000000
1037 -1876.0000000000
1057 -1875.0000000000
1059 -1874.0000000000
1073 -1872.0000000000
1092 -1871.0000000000
1098 -1870.0000000000
1101 -1868.0000000000
1125 -1867.0000000000
1126 -1866.0000000000
1146 -1865.0000000000
1157 -1864.0000000000
1168 -1863.0000000000
1198 -1862.0000000000
1214 -1861.0000000000
1218 -1860.0000000000
1220 -1859.0000000000
1227 -1858.0000000000
1228 -1857.0000000000
1238 -1856.0000000000
1241 -1855.0000000000
1243 -1854.0000000000
1246 -1853.0000000000
1266 -1851.0000000000
1286 -1849.0000000000
1308 -1848.0000000000
1323 -1847.0000000000
1340 -1846.0000000000
1346 -1845.0000000000
1351 -1844.0000000000
1390 -1843.0000000000
1400 -1842.0000000000
1404 -1841.0000000000
1406 -1840.0000000000
1411 -1839.0000000000
1417 -1838.0000000000
1424 -1837.0000000000
1440 -1836.0000000000
1447 -1835.0000000000
1451 -1834.0000000000
1457 -1832.0000000000
1464 -1831.0000000000
1482 -1830.0000000000
1494 -1829.0000000000
1500 -1828.0000000000
1518 -1827.0000000000
1528 -1826.0000000000
1539 -1825.0000000000
1546 -1824.0000000000
1565 -1822.0000000000
1588 -1821.0000000000
1599 -1820.0000000000
1605 -1819.0000000000
1609 -1818.0000000000
1625 -1816.0000000000
1634 -1815.0000000000
1651 -1814.0000000000
1655 -1813.0000000000
1663 -1812.0000000000
1670 -1811.0000000000
1676 -1810.0000000000
1686 -1809.0000000000
1699 -1808.0000000000
1702 -1807.0000000000
1707 -1806.0000000000
1722 -1805.0000000000
1723 -1804.0000000000
1748 -1803.0000000000
1752 -1802.0000000000
1777 -1801.0000000000
1785 -1800.0000000000
1789 -1797.0000000000
1826 -1795.0000000000
1836 -1794.0000000000
1857 -1793.0000000000
1860 -1792.0000000000
1863 -1791.0000000000
1899 -1790.0000000000
1924 -1789.0000000000
1927 -1788.0000000000
1942 -1785.0000000000
1952 -1783.0000000000
1964 -1782.0000000000
1966 -1781.0000000000
1978 -1780.0000000000
1991 -1779.0000000000
2006 -1776.0000000000
2009 -1775.0000000000
2022 -1774.0000000000
2025 -1773.0000000000
2032 -1772.0000000000
2054 -1770.0000000000
2068 -1769.0000000000
2077 -1768.0000000000
2082 -1766.0000000000
2100 -1765.0000000000
2102 -1764.0000000000
2104 -1763.0000000000
2110 -1762.0000000000
2134 -1761.0000000000
2141 -1760.0000000000
2168 -1759.0000000000
2173 -1758.0000000000
2183 -1757.0000000000
2191 -1756.0000000000
2196 -1755.0000000000
2205 -1754.0000000000
2216 -1753.0000000000
2223 -1752.0000000000
2225 -1751.0000000000
2252 -1750.0000000000
2274 -1749.0000000000
2284 -1748.0000000000
2295 -1747.0000000000
2297 -1746.0000000000
2303 -1745.0000000000
2304 -1744.0000000000
2315 -1742.0000000000
2325 -1740.0000000000
2341 -1739.0000000000
2361 -1737.0000000000
2373 -1736.0000000000
2376 -1735.0000000000
2387 -1734.0000000000
2394 -1733.0000000000
2397 -1732.0000000000
2411 -1731.0000000000
2415 -1730.0000000000
2433 -1728.0000000000
2450 -1727.0000000000
2454 -1726.0000000000
2458 -1725.0000000000
2486 -1724.0000000000
2500 -1722.0000000000
2506 -1720.0000000000
2518 -1719.0000000000
2537 -1718.0000000000
2549 -1717.0000000000
2556 -1716.0000000000
2563 -1715.0000000000
2567 -1713.0000000000
2583 -1712.0000000000
2589 -1711.0000000000
2594 -1710.0000000000
2607 -1707.0000000000
2609 -1704.0000000000
2613 -1702.0000000000
2627 -1701.0000000000
2637 -1700.0000000000
2652 -1699.0000000000
2663 -1698.0000000000
2679 -1697.0000000000
2682 -1696.0000000000
2694 -1695.0000000000
2695 -1694.0000000000
2697 -1693.0000000000
2708 -1692.0000000000
2713 -1691.0000000000
2726 -1690.0000000000
2735 -1689.0000000000
2748 -1688.0000000000
2757 -1687.0000000000
2779 -1686.0000000000
2789 -1685.0000000000
2799 -1684.0000000000
2805 -1683.0000000000
2828 -1682.0000000000
2838 -1681.0000000000
2849 -1680.0000000000
2857 -1679.0000000000
2859 -1678.0000000000
2881 -1677.0000000000
2888 -1676.0000000000
2899 -1675.0000000000
2905 -1674.0000000000
2913 -1673.0000000000
2938 -1671.0000000000
2940 -1670.0000000000
2954 -1669.0000000000
2965 -1668.0000000000
2980 -1667.0000000000
2998 -1666.0000000000
2999 -1662.0000000000
3004 -1660.0000000000
3012 -1659.0000000000
3024 -1658.0000000000
3036 -1657.0000000000
3053 -1656.0000000000
3057 -1655.0000000000
3062 -1654.0000000000
3067 -1653.0000000000
3087 -1652.0000000000
3090 -1651.0000000000
3106 -1650.0000000000
3113 -1649.0000000000
3116 -1648.0000000000
3133 -1647.0000000000
3134 -1645.0000000000
3141 -1644.0000000000
3145 -1643.0000000000
3149 -1642.0000000000
3166 -1641.0000000000
3186 -1640.0000000000
3199 -1638.0000000000
3219 -1637.0000000000
3231 -1636.0000000000
3242 -1635.0000000000
3247 -1634.0000000000
3268 -1633.0000000000
3279 -1632.0000000000
3280 -1631.0000000000
3293 -1630.0000000000
3298 -1629.0000000000
3305 -1628.0000000000
3308 -1627.0000000000
3311 -1626.0000000000
3315 -1625.0000000000
3323 -1624.0000000000
3332 -1623.0000000000
3348 -1622.0000000000
3350 -1621.0000000000
3385 -1620.0000000000
3389 -1619.0000000000
3404 -1618.0000000000
3415 -1617.0000000000
3430 -1616.0000000000
3440 -1615.0000000000
3453 -1614.0000000000
3471 -1613.0000000000
3480 -1611.0000000000
3497 -1609.0000000000
3520 -1608.0000000000
3537 -1607.0000000000
3540 -1606.0000000000
3563 -1605.0000000000
3567 -1604.0000000000
3571 -1603.0000000000
3575 -1602.0000000000
3585 -1601.0000000000
3609 -1600.0000000000
3628 -1598.0000000000
3650 -1596.0000000000
3662 -1595.0000000000
3676 -1594.0000000000
3689 -1593.0000000000
3709 -1592.0000000000
3715 -1591.0000000000
3716 -1590.0000000000
3726 -1589.0000000000
3743 -1587.0000000000
3757 -1586.0000000000
3763 -1585.0000000000
3769 -1584.0000000000
3800 -1583.0000000000
3812 -1582.0000000000
3821 -1581.0000000000
3825 -1580.0000000000
3836 -1579.0000000000
3847 -1578.0000000000
3852 -1577.0000000000
3884 -1576.0000000000
3891 -1575.0000000000
3904 -1574.0000000000
3919 -1573.0000000000
3930 -1572.0000000000
3940 -1571.0000000000
3950 -1570.0000000000
3960 -1569.0000000000
3971 -1568.0000000000
3978 -1567.0000000000
3990 -1566.0000000000
4000 -1565.0000000000
4001 -1564.0000000000
4014 -1562.0000000000
4029 -1561.0000000000
4043 -1559.0000000000
4062 -1558.0000000000
4088 -1557.0000000000
4097 -1556.0000000000
4120 -1555.0000000000
4126 -1554.0000000000
4139 -1553.0000000000
4143 -1552.0000000000
4176 -1551.0000000000
4183 -1549.0000000000
4187 -1547.0000000000
4203 -1546.0000000000
4227 -1545.0000000000
4232 -1543.0000000000
4253 -1542.0000000000
4263 -1541.0000000000
4268 -1540.0000000000
4279 -1539.0000000000
4281 -1538.0000000000
4312 -1537.0000000000
4329 -1536.0000000000
4347 -1535.0000000000
4357 -1534.0000000000
4358 -1533.0000000000
4372 -1532.0000000000
4376 -1531.0000000000
4379 -1530.0000000000
4383 -1529.0000000000
4401 -1528.0000000000
4405 -1527.0000000000
4416 -1525.0000000000
4436 -1523.0000000000
4449 -1522.0000000000
4457 -1521.0000000000
4467 -1520.0000000000
4484 -1519.0000000000
4496 -1518.0000000000
4512 -1517.0000000000
4519 -1516.0000000000
4520 -1515.0000000000
4542 -1514.0000000000
4551 -1513.0000000000
4563 -1512.0000000000
4580 -1511.0000000000
4589 -1510.0000000000
4603 -1509.0000000000
4617 -1508.0000000000
4645 -1507.0000000000
4655 -1506.0000000000
4674 -1505.0000000000
4689 -1504.0000000000
4703 -1503.0000000000
4705 -1502.0000000000
4711 -1501.0000000000
4735 -1500.0000000000
4746 -1498.0000000000
4747 -1497.0000000000
4754 -1496.0000000000
4755 -1495.0000000000
4782 -1494.0000000000
4786 -1493.0000000000
4800 -1492.0000000000
4814 -1491.0000000000
4836 -1490.0000000000
4847 -1489.0000000000
4853 -1488.0000000000
4859 -1487.0000000000
4861 -1486.0000000000
4869 -1485.0000000000
4890 -1484.0000000000
4895 -1483.0000000000
4907 -1482.0000000000
4925 -1481.0000000000
4926 -1480.0000000000
4952 -1479.0000000000
4959 -1478.0000000000
4962 -1477.0000000000
4979 -1476.0000000000
4986 -1475.0000000000
4991 -1474.0000000000
4997 -1472.0000000000
5019 -1471.0000000000
5027 -1469.0000000000
5043 -1468.0000000000
5048 -1467.0000000000
5072 -1466.0000000000
5077 -1465.0000000000
5103 -1464.0000000000
5127 -1462.0000000000
5140 -1460.0000000000
5174 -1459.0000000000
5193 -1458.0000000000
5199 -1457.0000000000
5210 -1456.0000000000
5224 -1455.0000000000
5230 -1453.0000000000
5254 -1452.0000000000
5268 -1451.0000000000
5279 -1450.0000000000
5308 -1449.0000000000
5309 -1448.0000000000
5342 -1447.0000000000
5345 -1446.0000000000
5363 -1445.0000000000
5382 -1444.0000000000
5383 -1443.0000000000
5408 -1442.0000000000
5416 -1441.0000000000
5439 -1440.0000000000
5445 -1439.0000000000
5452 -1438.0000000000
5462 -1437.0000000000
5483 -1435.0000000000
5500 -1434.0000000000
5518 -1433.0000000000
5525 -1432.0000000000
5529 -1431.0000000000
5548 -1430.0000000000
5553 -1429.0000000000
5566 -1428.0000000000
5577 -1427.0000000000
5580 -1425.0000000000
5593 -1424.0000000000
5608 -1423.0000000000
5618 -1422.0000000000
5622 -1421.0000000000
5632 -1420.0000000000
5649 -1419.0000000000
5661 -1418.0000000000
5671 -1416.0000000000
5714 -1415.0000000000
5724 -1414.0000000000
5740 -1413.0000000000
5741 -1411.0000000000
5756 -1409.0000000000
5761 -1408.0000000000
5770 -1407.0000000000
5779 -1406.0000000000
5811 -1405.0000000000
5812 -1404.0000000000
5820 -1403.0000000000
5835 -1402.0000000000
5842 -1401.0000000000
5862 -1400.0000000000
5883 -1399.0000000000
5892 -1398.0000000000
5914 -1395.0000000000
5940 -1393.0000000000
5975 -1392.0000000000
5993 -1391.0000000000
6004 -1390.0000000000
6034 -1389.0000000000
6042 -1388.0000000000
6055 -1387.0000000000
6072 -1386.0000000000
6082 -1385.0000000000
6094 -1384.0000000000
6105 -1383.0000000000
6117 -1382.0000000000
6118 -1380.0000000000
6172 -1379.0000000000
6191 -1378.0000000000
6214 -1377.0000000000
6218 -1376.0000000000
6249 -1375.0000000000
6258 -1374.0000000000
6268 -1373.0000000000
6270 -1372.0000000000
6278 -1371.0000000000
6303 -1370.0000000000
6317 -1368.0000000000
6354 -1367.0000000000
6373 -1366.0000000000
6378 -1365.0000000000
6384 -1364.0000000000
6388 -1363.0000000000
6408 -1361.0000000000
6439 -1360.0000000000
6460 -1359.0000000000
6470 -1358.0000000000
6481 -1356.0000000000
6506 -1355.0000000000
6523 -1354.0000000000
6529 -1353.0000000000
6543 -1352.0000000000
6554 -1350.0000000000
6558 -1349.0000000000
6572 -1348.0000000000
6573 -1347.0000000000
6591 -1346.0000000000
6610 -1345.0000000000
6621 -1344.0000000000
6622 -1343.0000000000
6637 -1342.0000000000
6661 -1341.0000000000
6684 -1340.0000000000
6692 -1339.0000000000
6718 -1338.0000000000
6719 -1337.0000000000
6724 -1336.0000000000
6744 -1335.0000000000
6755 -1333.0000000000
6781 -1332.0000000000
6796 -1331.0000000000
6805 -1330.0000000000
6812 -1329.0000000000
6856 -1328.0000000000
6857 -1327.0000000000
6873 -1326.0000000000
6877 -1325.0000000000
6891 -1324.0000000000
6920 -1323.0000000000
6940 -1322.0000000000
6945 -1321.0000000000
6952 -1320.0000000000
6981 -1319.0000000000
6995 -1318.0000000000
7012 -1317.0000000000
7026 -1316.0000000000
7063 -1315.0000000000
7094 -1314.0000000000
7100 -1313.0000000000
7122 -1312.0000000000
7142 -1311.0000000000
7148 -1310.0000000000
7154 -1309.0000000000
7159 -1308.0000000000
7180 -1307.0000000000
7182 -1306.0000000000
7203 -1304.0000000000
7227 -1303.0000000000
7238 -1302.0000000000
7259 -1300.0000000000
7267 -1299.0000000000
7271 -1298.0000000000
7308 -1297.0000000000
7319 -1295.0000000000
7338 -1294.0000000000
7358 -1293.0000000000
7369 -1292.0000000000
7400 -1291.0000000000
7410 -1290.0000000000
7435 -1288.0000000000
7457 -1287.0000000000
7459 -1286.0000000000
7497 -1285.0000000000
7508 -1284.0000000000
7525 -1283.0000000000
7535 -1282.0000000000
7540 -1281.0000000000
7578 -1280.0000000000
7588 -1279.0000000000
7611 -1278.0000000000
7617 -1277.0000000000
7651 -1276.0000000000
7664 -1275.0000000000
7677 -1274.0000000000
7695 -1273.0000000000
7711 -1272.0000000000
7727 -1271.0000000000
7738 -1269.0000000000
7774 -1268.0000000000
7780 -1267.0000000000
7784 -1266.0000000000
7817 -1265.0000000000
7830 -1264.0000000000
7838 -1263.0000000000
7859 -1262.0000000000
7862 -1260.0000000000
7896 -1259.0000000000
7897 -1258.0000000000
7918 -1257.0000000000
7929 -1256.0000000000
7949 -1255.0000000000
7952 -1254.0000000000
7988 -1253.0000000000
7996 -1252.0000000000
7998 -1251.0000000000
8006 -1250.0000000000
8026 -1249.0000000000
8035 -1248.0000000000
8059 -1247.0000000000
8078 -1246.0000000000
8080 -1245.0000000000
8081 -1244.0000000000
8110 -1243.0000000000
8114 -1242.0000000000
8125 -1241.0000000000
8149 -1240.0000000000
8168 -1239.0000000000
8187 -1238.0000000000
8195 -1237.0000000000
8228 -1236.0000000000
8236 -1235.0000000000
8247 -1234.0000000000
8259 -1233.0000000000
8273 -1232.0000000000
8284 -1231.0000000000
8289 -1230.0000000000
8315 -1229.0000000000
8336 -1228.0000000000
8340 -1227.0000000000
8353 -1226.0000000000
8368 -1225.0000000000
8376 -1224.0000000000
8391 -1223.0000000000
8435 -1222.0000000000
8439 -1221.0000000000
8448 -1220.0000000000
8479 -1219.0000000000
8481 -1218.0000000000
8482 -1217.0000000000
8491 -1216.0000000000
8510 -1215.0000000000
8547 -1214.0000000000
8559 -1213.0000000000
8563 -1212.0000000000
8591 -1211.0000000000
8601 -1210.0000000000
8608 -1209.0000000000
8628 -1208.0000000000
8632 -1207.0000000000
8641 -1206.0000000000
8660 -1205.0000000000
8691 -1204.0000000000
8706 -1203.0000000000
8735 -1202.0000000000
8736 -1200.0000000000
8791 -1199.0000000000
8816 -1197.0000000000
8828 -1195.0000000000
8840 -1194.0000000000
8886 -1193.0000000000
8891 -1192.0000000000
8907 -1191.0000000000
8910 -1190.0000000000
8942 -1189.0000000000
8947 -1188.0000000000
8988 -1186.0000000000
9016 -1185.0000000000
9021 -1184.0000000000
9038 -1183.0000000000
9051 -1182.0000000000
9077 -1180.0000000000
9102 -1179.0000000000
9127 -1178.0000000000
9145 -1177.0000000000
9176 -1176.0000000000
9177 -1175.0000000000
9200 -1174.0000000000
9214 -1173.0000000000
9222 -1172.0000000000
9238 -1171.0000000000
9260 -1170.0000000000
9268 -1168.0000000000
9291 -1167.0000000000
9318 -1166.0000000000
9334 -1165.0000000000
9343 -1161.0000000000
9369 -1159.0000000000
9423 -1158.0000000000
9448 -1157.0000000000
9467 -1155.0000000000
9497 -1154.0000000000
9518 -1153.0000000000
9530 -1151.0000000000
9541 -1149.0000000000
9562 -1148.0000000000
9571 -1147.0000000000
9581 -1146.0000000000
9582 -1145.0000000000
9591 -1144.0000000000
9614 -1143.0000000000
9620 -1142.0000000000
9650 -1141.0000000000
9653 -1140.0000000000
9657 -1138.0000000000
9669 -1137.0000000000
9695 -1136.0000000000
9735 -1135.0000000000
9745 -1134.0000000000
9756 -1133.0000000000
9762 -1132.0000000000
9763 -1131.0000000000
9780 -1129.0000000000
9789 -1128.0000000000
9798 -1127.0000000000
9802 -1126.0000000000
9814 -1125.0000000000
9833 -1124.0000000000
9846 -1123.0000000000
9855 -1122.0000000000
9889 -1121.0000000000
9938 -1120.0000000000
9946 -1117.0000000000
9959 -1116.0000000000
10000 -1117.0000000000
evaluations raw_y
1 -1976.0000000000
6 -1975.0000000000
22 -1974.0000000000
32 -1973.0000000000
44 -1972.0000000000
57 -1971.0000000000
69 -1970.0000000000
70 -1968.0000000000
72 -1967.0000000000
81 -1966.0000000000
85 -1965.0000000000
86 -1962.0000000000
97 -1960.0000000000
125 -1959.0000000000
133 -1958.0000000000
155 -1957.0000000000
156 -1956.0000000000
173 -1955.0000000000
183 -1953.0000000000
189 -1952.0000000000
195 -1950.0000000000
208 -1949.0000000000
225 -1948.0000000000
229 -1947.0000000000
231 -1946.0000000000
257 -1945.0000000000
263 -1944.0000000000
267 -1943.0000000000
275 -1942.0000000000
279 -1941.0000000000
301 -1940.0000000000
314 -1939.0000000000
316 -1938.0000000000
331 -1937.0000000000
336 -1936.0000000000
338 -1935.0000000000
351 -1934.0000000000
356 -1932.0000000000
359 -1931.0000000000
369 -1930.0000000000
379 -1929.0000000000
404 -1928.0000000000
407 -1927.0000000000
423 -1926.0000000000
428 -1925.0000000000
433 -1924.0000000000
449 -1923.0000000000
454 -1922.0000000000
456 -1921.0000000000
469 -1920.0000000000
477 -1919.0000000000
478 -1918.0000000000
486 -1916.0000000000
495 -1915.0000000000
502 -1914.0000000000
512 -1912.0000000000
515 -1911.0000000000
518 -1909.0000000000
532 -1908.0000000000
550 -1907.0000000000
558 -1906.0000000000
566 -1905.0000000000
572 -1904.0000000000
588 -1902.0000000000
604 -1901.0000000000
607 -1898.0000000000
628 -1897.0000000000
643 -1896.0000000000
652 -1895.0000000000
654 -1894.0000000000
657 -1893.0000000000
658 -1892.0000000000
664 -1891.0000000000
682 -1890.0000000000
684 -1889.0000000000
689 -1888.0000000000
704 -1887.0000000000
710 -1886.0000000000
712 -1885.0000000000
731 -1884.0000000000
739 -1883.0000000000
744 -1882.0000000000
749 -1881.0000000000
763 -1880.0000000000
779 -1879.0000000000
787 -1878.0000000000
789 -1877.0000000000
805 -1876.0000000000
810 -1875.0000000000
829 -1874.0000000000
830 -1873.0000000000
859 -1872.0000000000
868 -1871.0000000000
877 -1870.0000000000
886 -1869.0000000000
898 -1866.0000000000
912 -1864.0000000000
939 -1863.0000000000
945 -1862.0000000000
951 -1861.0000000000
957 -1857.0000000000
982 -1856.0000000000
1005 -1855.0000000000
1009 -1854.0000000000
1010 -1853.0000000000
1027 -1852.0000000000
1033 -1851.0000000000
1035 -1850.0000000000
1040 -1848.0000000000
1052 -1847.0000000000
1061 -1846.0000000000
1066 -1845.0000000000
1071 -1844.0000000000
1076 -1843.0000000000
1085 -1842.0000000000
1090 -1841.0000000000
1094 -1840.0000000000
1110 -1839.0000000000
1117 -1838.0000000000
1119 -1837.0000000000
1135 -1836.0000000000
1148 -1835.0000000000
1168 -1834.0000000000
1174 -1833.0000000000
1176 -1832.0000000000
1190 -1831.0000000000
1197 -1829.0000000000
1208 -1828.0000000000
1231 -1827.0000000000
1242 -1826.0000000000
1253 -1825.0000000000
1255 -1824.0000000000
1260 -1823.0000000000
1266 -1822.0000000000
1276 -1821.0000000000
1283 -1819.0000000000
1291 -1818.0000000000
1312 -1817.0000000000
1338 -1816.0000000000
1344 -1814.0000000000
1373 -1813.0000000000
1384 -1812.0000000000
1406 -1811.0000000000
1407 -1810.0000000000
1409 -1809.0000000000
1418 -1808.0000000000
1421 -1807.0000000000
1431 -1806.0000000000
1442 -1803.0000000000
1458 -1802.0000000000
1462 -1801.0000000000
1474 -1799.0000000000
1486 -1798.0000000000
1492 -1797.0000000000
1504 -1796.0000000000
1509 -1795.0000000000
1514 -1794.0000000000
1526 -1791.0000000000
1527 -1790.0000000000
1532 -1787.0000000000
1543 -1786.0000000000
1548 -1784.0000000000
1566 -1783.0000000000
1573 -1782.0000000000
1577 -1780.0000000000
1602 -1779.0000000000
1607 -1778.0000000000
1611 -1777.0000000000
1618 -1776.0000000000
1641 -1775.0000000000
1647 -1774.0000000000
1657 -1772.0000000000
1661 -1771.0000000000
1680 -1770.0000000000
1694 -1769.0000000000
1709 -1768.0000000000
1721 -1767.0000000000
1723 -1766.0000000000
1738 -1765.0000000000
1756 -1763.0000000000
1758 -1761.0000000000
1785 -1760.0000000000
1795 -1759.0000000000
1798 -1757.0000000000
1799 -1756.0000000000
1819 -1755.0000000000
1832 -1754.0000000000
1851 -1753.0000000000
1859 -1751.0000000000
1867 -1750.0000000000
1883 -1749.0000000000
1903 -1747.0000000000
1928 -1746.0000000000
1948 -1744.0000000000
1958 -1743.0000000000
1981 -1742.0000000000
1990 -1741.0000000000
2021 -1740.0000000000
2024 -1739.0000000000
2036 -1738.0000000000
2040 -1737.0000000000
2053 -1736.0000000000
2054 -1735.0000000000
2067 -1734.0000000000
2087 -1733.0000000000
2095 -1732.0000000000
2108 -1731.0000000000
2126 -1730.0000000000
2132 -1729.0000000000
2140 -1727.0000000000
2143 -1726.0000000000
2160 -1725.0000000000
2161 -1723.0000000000
2178 -1722.0000000000
2198 -1721.0000000000
2206 -1720.0000000000
2214 -1719.0000000000
2215 -1718.0000000000
2223 -1717.0000000000
2253 -1716.0000000000
2254 -1715.0000000000
2270 -1713.0000000000
2303 -1712.0000000000
2315 -1711.0000000000
2321 -1710.0000000000
2328 -1709.0000000000
2338 -1708.0000000000
2358 -1707.0000000000
2364 -1706.0000000000
2382 -1705.0000000000
2398 -1704.0000000000
2411 -1703.0000000000
2432 -1702.0000000000
2438 -1701.0000000000
2459 -1700.0000000000
2473 -1699.0000000000
2478 -1698.0000000000
2491 -1697.0000000000
2495 -1696.0000000000
2515 -1694.0000000000
2517 -1693.0000000000
2536 -1692.0000000000
2565 -1691.0000000000
2569 -1690.0000000000
2576 -1689.0000000000
2581 -1688.0000000000
2594 -1687.0000000000
2601 -1685.0000000000
2606 -1684.0000000000
2614 -1683.0000000000
2620 -1682.0000000000
2630 -1681.0000000000
2647 -1680.0000000000
2657 -1679.0000000000
2678 -1678.0000000000
2686 -1677.0000000000
2718 -1676.0000000000
2724 -1675.0000000000
2739 -1673.0000000000
2755 -1671.0000000000
2775 -1670.0000000000
2791 -1669.0000000000
2803 -1668.0000000000
2830 -1666.0000000000
2834 -1665.0000000000
2838 -1664.0000000000
2872 -1662.0000000000
2891 -1661.0000000000
2902 -1660.0000000000
2908 -1659.0000000000
2913 -1658.0000000000
2936 -1657.0000000000
2957 -1656.0000000000
2965 -1655.0000000000
2980 -1654.0000000000
2995 -1652.0000000000
3013 -1651.0000000000
3026 -1649.0000000000
3045 -1648.0000000000
3062 -1647.0000000000
3067 -1645.0000000000
3079 -1644.0000000000
3088 -1643.0000000000
3092 -1642.0000000000
3125 -1638.0000000000
3146 -1636.0000000000
3151 -1635.0000000000
3173 -1634.0000000000
3195 -1632.0000000000
3208 -1630.0000000000
3219 -1629.0000000000
3234 -1628.0000000000
3235 -1627.0000000000
3244 -1626.0000000000
3258 -1624.0000000000
3262 -1623.0000000000
3294 -1622.0000000000
3302 -1621.0000000000
3325 -1620.0000000000
3330 -1618.0000000000
3336 -1617.0000000000
3337 -1615.0000000000
3348 -1614.0000000000
3361 -1613.0000000000
3377 -1612.0000000000
3383 -1610.0000000000
3400 -1609.0000000000
3411 -1608.0000000000
3422 -1607.0000000000
3442 -1605.0000000000
3450 -1604.0000000000
3467 -1603.0000000000
3483 -1602.0000000000
3492 -1601.0000000000
3519 -1600.0000000000
3532 -1599.0000000000
3541 -1598.0000000000
3552 -1597.0000000000
3562 -1596.0000000000
3565 -1595.0000000000
3579 -1593.0000000000
3593 -1592.0000000000
3602 -1591.0000000000
3607 -1590.0000000000
3621 -1589.0000000000
3640 -1588.0000000000
3643 -1586.0000000000
3651 -1585.0000000000
3665 -1584.0000000000
3678 -1583.0000000000
3712 -1582.0000000000
3720 -1581.0000000000
3726 -1579.0000000000
3743 -1578.0000000000
3744 -1577.0000000000
3745 -1576.0000000000
3747 -1575.0000000000
3750 -1574.0000000000
3757 -1573.0000000000
3775 -1572.0000000000
3791 -1571.0000000000
3806 -1570.0000000000
3808 -1568.0000000000
3836 -1567.0000000000
3850 -1566.0000000000
3878 -1565.0000000000
3884 -1564.0000000000
3892 -1563.0000000000
3893 -1562.0000000000
3899 -1561.0000000000
3917 -1560.0000000000
3939 -1559.0000000000
3952 -1555.0000000000
3976 -1554.0000000000
3994 -1553.0000000000
4003 -1552.0000000000
4016 -1550.0000000000
4035 -1549.0000000000
4037 -1548.0000000000
4047 -1547.0000000000
4057 -1544.0000000000
4088 -1543.0000000000
4100 -1541.0000000000
4110 -1540.0000000000
4122 -1538.0000000000
4138 -1537.0000000000
4161 -1536.0000000000
4163 -1534.0000000000
4179 -1533.0000000000
4192 -1532.0000000000
4199 -1531.0000000000
4218 -1530.0000000000
4235 -1529.0000000000
4242 -1528.0000000000
4250 -1527.0000000000
4270 -1526.0000000000
4295 -1525.0000000000
4305 -1524.0000000000
4307 -1522.0000000000
4309 -1520.0000000000
4315 -1519.0000000000
4335 -1518.0000000000
4340 -1517.0000000000
4347 -1516.0000000000
4349 -1515.0000000000
4389 -1514.0000000000
4411 -1513.0000000000
4432 -1512.0000000000
4444 -1511.0000000000
4478 -1510.0000000000
4483 -1509.0000000000
4488 -1508.0000000000
4496 -1506.0000000000
4522 -1505.0000000000
4545 -1504.0000000000
4555 -1503.0000000000
4558 -1502.0000000000
4574 -1501.0000000000
4610 -1500.0000000000
4614 -1499.0000000000
4620 -1497.0000000000
4648 -1496.0000000000
4650 -1495.0000000000
4672 -1493.0000000000
4693 -1492.0000000000
4702 -1491.0000000000
4709 -1490.0000000000
4711 -1489.0000000000
4715 -1488.0000000000
4719 -1486.0000000000
4728 -1485.0000000000
4745 -1484.0000000000
4748 -1483.0000000000
4766 -1482.0000000000
4776 -1480.0000000000
4836 -1479.0000000000
4838 -1477.0000000000
4881 -1476.0000000000
4910 -1475.0000000000
4911 -1474.0000000000
4916 -1473.0000000000
4924 -1472.0000000000
4936 -1471.0000000000
4948 -1470.0000000000
4956 -1469.0000000000
4962 -1467.0000000000
4966 -1466.0000000000
5003 -1465.0000000000
5004 -1463.0000000000
5019 -1462.0000000000
5026 -1461.0000000000
5038 -1460.0000000000
5045 -1459.0000000000
5049 -1458.0000000000
5050 -1457.0000000000
5051 -1456.0000000000
5090 -1455.0000000000
5099 -1454.0000000000
5101 -1453.0000000000
5117 -1452.0000000000
5121 -1450.0000000000
5158 -1449.0000000000
5159 -1448.0000000000
5188 -1447.0000000000
5204 -1446.0000000000
5224 -1445.0000000000
5227 -1444.0000000000
5242 -1443.0000000000
5265 -1442.0000000000
5286 -1441.0000000000
5299 -1439.0000000000
5310 -1438.0000000000
5315 -1437.0000000000
5319 -1436.0000000000
5326 -1435.0000000000
5347 -1434.0000000000
5348 -1433.0000000000
5360 -1432.0000000000
5370 -1431.0000000000
5382 -1430.0000000000
5408 -1429.0000000000
5413 -1427.0000000000
5439 -1426.0000000000
5456 -1425.0000000000
5466 -1424.0000000000
5470 -1423.0000000000
5482 -1422.0000000000
5484 -1421.0000000000
5487 -1420.0000000000
5493 -1419.0000000000
5530 -1418.0000000000
5532 -1417.0000000000
5557 -1416.0000000000
5564 -1415.0000000000
5565 -1414.0000000000
5584 -1413.0000000000
5601 -1412.0000000000
5610 -1411.0000000000
5619 -1410.0000000000
5634 -1409.0000000000
5651 -1408.0000000000
5654 -1407.0000000000
5670 -1406.0000000000
5675 -1404.0000000000
5699 -1403.0000000000
5704 -1402.0000000000
5721 -1400.0000000000
5736 -1399.0000000000
5755 -1398.0000000000
5776 -1397.0000000000
5793 -1394.0000000000
5824 -1393.0000000000
5836 -1392.0000000000
5851 -1391.0000000000
5854 -1390.0000000000
5869 -1389.0000000000
5876 -1388.0000000000
5901 -1387.0000000000
5910 -1386.0000000000
5913 -1385.0000000000
5934 -1384.0000000000
5950 -1383.0000000000
5966 -1382.0000000000
5967 -1381.0000000000
5991 -1380.0000000000
6001 -1378.0000000000
6028 -1377.0000000000
6036 -1376.0000000000
6056 -1374.0000000000
6077 -1373.0000000000
6093 -1372.0000000000
6107 -1371.0000000000
6121 -1370.0000000000
6148 -1369.0000000000
6156 -1368.0000000000
6177 -1367.0000000000
6193 -1366.0000000000
6203 -1365.0000000000
6213 -1363.0000000000
6241 -1362.0000000000
6244 -1361.0000000000
6249 -1360.0000000000
6264 -1359.0000000000
6274 -1358.0000000000
6304 -1357.0000000000
6324 -1355.0000000000
6338 -1354.0000000000
6349 -1353.0000000000
6357 -1352.0000000000
6360 -1350.0000000000
6399 -1348.0000000000
6420 -1347.0000000000
6436 -1346.0000000000
6446 -1345.0000000000
6475 -1344.0000000000
6497 -1343.0000000000
6525 -1342.0000000000
6545 -1341.0000000000
6554 -1340.0000000000
6560 -1339.0000000000
6584 -1337.0000000000
6604 -1336.0000000000
6607 -1335.0000000000
6624 -1334.0000000000
6641 -1333.0000000000
6670 -1332.0000000000
6684 -1331.0000000000
6702 -1330.0000000000
6717 -1329.0000000000
6729 -1328.0000000000
6754 -1327.0000000000
6788 -1326.0000000000
6806 -1325.0000000000
6810 -1324.0000000000
6813 -1323.0000000000
6841 -1322.0000000000
6869 -1321.0000000000
6874 -1320.0000000000
6889 -1319.0000000000
6894 -1318.0000000000
6912 -1317.0000000000
6948 -1316.0000000000
6950 -1315.0000000000
6953 -1314.0000000000
6984 -1313.0000000000
6991 -1312.0000000000
7000 -1311.0000000000
7025 -1310.0000000000
7032 -1308.0000000000
7063 -1307.0000000000
7076 -1305.0000000000
7083 -1303.0000000000
7105 -1302.0000000000
7112 -1301.0000000000
7126 -1300.0000000000
7140 -1299.0000000000
7153 -1298.0000000000
7156 -1296.0000000000
7175 -1295.0000000000
7207 -1294.0000000000
7236 -1293.0000000000
7246 -1292.0000000000
7247 -1291.0000000000
7249 -1289.0000000000
7261 -1288.0000000000
7268 -1287.0000000000
7269 -1285.0000000000
7285 -1284.0000000000
7295 -1283.0000000000
7303 -1282.0000000000
7310 -1281.0000000000
7339 -1280.0000000000
7341 -1279.0000000000
7389 -1278.0000000000
7397 -1277.0000000000
7401 -1276.0000000000
7410 -1274.0000000000
7416 -1273.0000000000
7436 -1272.0000000000
7441 -1271.0000000000
7444 -1270.0000000000
7455 -1269.0000000000
7472 -1267.0000000000
7485 -1266.0000000000
7509 -1265.0000000000
7515 -1264.0000000000
7523 -1263.0000000000
7537 -1261.0000000000
7584 -1260.0000000000
7587 -1259.0000000000
7591 -1258.0000000000
7602 -1256.0000000000
7626 -1255.0000000000
7641 -1254.0000000000
7677 -1253.0000000000
7695 -1252.0000000000
7697 -1251.0000000000
7713 -1250.0000000000
7736 -1249.0000000000
7749 -1248.0000000000
7759 -1247.0000000000
7763 -1246.0000000000
7774 -1245.0000000000
7776 -1244.0000000000
7788 -1243.0000000000
7815 -1242.0000000000
7841 -1241.0000000000
7866 -1239.0000000000
7889 -1238.0000000000
7903 -1237.0000000000
7918 -1236.0000000000
7926 -1235.0000000000
7943 -1233.0000000000
7974 -1232.0000000000
7983 -1231.0000000000
8003 -1230.0000000000
8034 -1229.0000000000
8048 -1228.0000000000
8057 -1227.0000000000
8061 -1226.0000000000
8084 -1225.0000000000
8089 -1224.0000000000
8119 -1223.0000000000
8126 -1222.0000000000
8136 -1221.0000000000
8159 -1220.0000000000
8169 -1218.0000000000
8183 -1216.0000000000
8201 -1215.0000000000
8206 -1214.0000000000
8212 -1213.0000000000
8217 -1212.0000000000
8223 -1211.0000000000
8249 -1209.0000000000
8280 -1208.0000000000
8296 -1207.0000000000
8315 -1206.0000000000
8321 -1205.0000000000
8328 -1204.0000000000
8340 -1203.0000000000
8358 -1202.0000000000
8374 -1201.0000000000
8417 -1200.0000000000
8439 -1199.0000000000
8448 -1198.0000000000
8485 -1197.0000000000
8507 -1196.0000000000
8519 -1195.0000000000
8543 -1194.0000000000
8556 -1193.0000000000
8596 -1192.0000000000
8613 -1191.0000000000
8620 -1190.0000000000
8642 -1189.0000000000
8654 -1188.0000000000
8666 -1187.0000000000
8695 -1186.0000000000
8699 -1185.0000000000
8704 -1183.0000000000
8724 -1182.0000000000
8729 -1181.0000000000
8737 -1180.0000000000
8748 -1179.0000000000
8779 -1177.0000000000
8798 -1176.0000000000
8809 -1175.0000000000
8814 -1174.0000000000
8822 -1173.0000000000
8835 -1171.0000000000
8837 -1170.0000000000
8845 -1169.0000000000
8875 -1168.0000000000
8891 -1167.0000000000
8902 -1166.0000000000
8910 -1164.0000000000
8950 -1163.0000000000
8968 -1162.0000000000
8975 -1161.0000000000
8982 -1160.0000000000
9000 -1159.0000000000
9014 -1158.0000000000
9033 -1157.0000000000
9038 -1156.0000000000
9040 -1155.0000000000
9081 -1154.0000000000
9105 -1153.0000000000
9108 -1152.0000000000
9114 -1151.0000000000
9148 -1150.0000000000
9159 -1149.0000000000
9197 -1148.0000000000
9206 -1147.0000000000
9213 -1146.0000000000
9231 -1145.0000000000
9243 -1144.0000000000
9250 -1143.0000000000
9257 -1142.0000000000
9264 -1141.0000000000
9289 -1140.0000000000
9332 -1139.0000000000
9360 -1138.0000000000
9385 -1137.0000000000
9406 -1136.0000000000
9449 -1135.0000000000
9469 -1134.0000000000
9475 -1133.0000000000
9488 -1132.0000000000
9499 -1131.0000000000
9511 -1130.0000000000
9535 -1129.0000000000
9550 -1128.0000000000
9559 -1127.0000000000
9576 -1125.0000000000
9588 -1124.0000000000
9600 -1123.0000000000
9612 -1122.0000000000
9617 -1121.0000000000
9642 -1120.0000000000
9659 -1119.0000000000
9681 -1118.0000000000
9692 -1117.0000000000
9700 -1115.0000000000
9706 -1114.0000000000
9711 -1113.0000000000
9738 -1112.0000000000
9748 -1111.0000000000
9752 -1110.0000000000
9779 -1109.0000000000
9809 -1108.0000000000
9818 -1107.0000000000
9846 -1106.0000000000
9873 -1105.0000000000
9882 -1104.0000000000
9896 -1103.0000000000
9913 -1102.0000000000
9939 -1101.0000000000
9944 -1100.0000000000
9986 -1099.0000000000
10000 -1098.0000000000
evaluations raw_y
1 -2020.0000000000
2 -1945.0000000000
27 -1944.0000000000
36 -1943.0000000000
50 -1942.0000000000
54 -1940.0000000000
65 -1938.0000000000
76 -1937.0000000000
83 -1934.0000000000
108 -1932.0000000000
125 -1931.0000000000
139 -1929.0000000000
143 -1928.0000000000
168 -1926.0000000000
186 -1925.0000000000
204 -1923.0000000000
221 -1922.0000000000
225 -1921.0000000000
235 -1920.0000000000
256 -1919.0000000000
262 -1918.0000000000
265 -1917.0000000000
267 -1916.0000000000
272 -1915.0000000000
289 -1914.0000000000
304 -1913.0000000000
312 -1912.0000000000
321 -1911.0000000000
330 -1910.0000000000
351 -1909.0000000000
359 -1908.0000000000
371 -1907.0000000000
388 -1905.0000000000
408 -1904.0000000000
424 -1903.0000000000
430 -1901.0000000000
456 -1900.0000000000
465 -1899.0000000000
467 -1898.0000000000
474 -1897.0000000000
480 -1896.0000000000
484 -1894.0000000000
494 -1893.0000000000
501 -1891.0000000000
516 -1890.0000000000
525 -1889.0000000000
530 -1888.0000000000
544 -1887.0000000000
547 -1886.0000000000
566 -1885.0000000000
574 -1884.0000000000
584 -1883.0000000000
593 -1882.0000000000
597 -1881.0000000000
607 -1880.0000000000
613 -1879.0000000000
614 -1878.0000000000
623 -1877.0000000000
627 -1876.0000000000
634 -1875.0000000000
652 -1874.0000000000
656 -1872.0000000000
661 -1871.0000000000
686 -1870.0000000000
699 -1869.0000000000
705 -1868.0000000000
708 -1867.0000000000
709 -1864.0000000000
732 -1862.0000000000
761 -1861.0000000000
783 -1860.0000000000
786 -1859.0000000000
814 -1858.0000000000
823 -1857.0000000000
826 -1856.0000000000
847 -1854.0000000000
857 -1853.0000000000
861 -1851.0000000000
864 -1850.0000000000
884 -1849.0000000000
888 -1848.0000000000
889 -1847.0000000000
897 -1846.0000000000
902 -1845.0000000000
912 -1844.0000000000
918 -1843.0000000000
940 -1842.0000000000
945 -1841.0000000000
949 -1840.0000000000
955 -1838.0000000000
965 -1837.0000000000
972 -1835.0000000000
979 -1834.0000000000
991 -1833.0000000000
1006 -1830.0000000000
1021 -1829.0000000000
1023 -1827.0000000000
1028 -1825.0000000000
1041 -1823.0000000000
1054 -1822.0000000000
1076 -1821.0000000000
1078 -1820.0000000000
1087 -1819.0000000000
1088 -1818.0000000000
1103 -1817.0000000000
1108 -1816.0000000000
1124 -1815.0000000000
1131 -1814.0000000000
1135 -1813.0000000000
1142 -1812.0000000000
1154 -1811.0000000000
1157 -1810.0000000000
1162 -1809.0000000000
1179 -1808.0000000000
1188 -1807.0000000000
1205 -1806.0000000000
1216 -1805.0000000000
1237 -1804.0000000000
1239 -1802.0000000000
1240 -1800.0000000000
1247 -1799.0000000000
1263 -1798.0000000000
1276 -1797.0000000000
1282 -1796.0000000000
1290 -1795.0000000000
1299 -1794.0000000000
1307 -1793.0000000000
1318 -1792.0000000000
1339 -1791.0000000000
1352 -1790.0000000000
1358 -1788.0000000000
1384 -1787.0000000000
1396 -1786.0000000000
1414 -1785.0000000000
1423 -1784.0000000000
1435 -1783.0000000000
1449 -1781.0000000000
1457 -1780.0000000000
1462 -1779.0000000000
1465 -1778.0000000000
1508 -1777.0000000000
1517 -1776.0000000000
1528 -1775.0000000000
1530 -1774.0000000000
1538 -1773.0000000000
1541 -1772.0000000000
1550 -1771.0000000000
1554 -1770.0000000000
1556 -1769.0000000000
1581 -1768.0000000000
1583 -1767.0000000000
1603 -1766.0000000000
1611 -1765.0000000000
1614 -1764.0000000000
1638 -1763.0000000000
1648 -1762.0000000000
1659 -1761.0000000000
1670 -1760.0000000000
1685 -1759.0000000000
1689 -1758.0000000000
1695 -1757.0000000000
1700 -1756.0000000000
1717 -1755.0000000000
1732 -1754.0000000000
1737 -1753.0000000000
1744 -1752.0000000000
1759 -1751.0000000000
1768 -1750.0000000000
1776 -1749.0000000000
1784 -1748.0000000000
1788 -1747.0000000000
1797 -1746.0000000000
1807 -1745.0000000000
1811 -1744.0000000000
1815 -1743.0000000000
1823 -1742.0000000000
1826 -1741.0000000000
1832 -1740.0000000000
1836 -1739.0000000000
1841 -1738.0000000000
1865 -1737.0000000000
1883 -1736.0000000000
1884 -1735.0000000000
1887 -1734.0000000000
1921 -1733.0000000000
1926 -1732.0000000000
1941 -1731.0000000000
1951 -1730.0000000000
1961 -1729.0000000000
1967 -1728.0000000000
1968 -1727.0000000000
1996 -1726.0000000000
2002 -1725.0000000000
2020 -1724.0000000000
2030 -1723.0000000000
2046 -1722.0000000000
2057 -1721.0000000000
2070 -1720.0000000000
2080 -1719.0000000000
2089 -1718.0000000000
2094 -1716.0000000000
2112 -1715.0000000000
2122 -1714.0000000000
2135 -1713.0000000000
2147 -1712.0000000000
2168 -1711.0000000000
2179 -1710.0000000000
2185 -1709.0000000000
2197 -1707.0000000000
2200 -1706.0000000000
2209 -1704.0000000000
2220 -1703.0000000000
2249 -1702.0000000000
2255 -1701.0000000000
2264 -1700.0000000000
2277 -1699.0000000000
2279 -1697.0000000000
2296 -1695.0000000000
2311 -1694.0000000000
2340 -1693.0000000000
2342 -1692.0000000000
2345 -1691.0000000000
2353 -1690.0000000000
2365 -1689.0000000000
2377 -1688.0000000000
2382 -1687.0000000000
2402 -1686.0000000000
2404 -1685.0000000000
2409 -1684.0000000000
2427 -1683.0000000000
2440 -1682.0000000000
2453 -1681.0000000000
2456 -1680.0000000000
2482 -1679.0000000000
2486 -1677.0000000000
2488 -1676.0000000000
2526 -1675.0000000000
2528 -1674.0000000000
2529 -1673.0000000000
2559 -1672.0000000000
2575 -1671.0000000000
2577 -1669.0000000000
2589 -1668.0000000000
2597 -1667.0000000000
2610 -1666.0000000000
2635 -1665.0000000000
2650 -1664.0000000000
2651 -1662.0000000000
2653 -1661.0000000000
2663 -1660.0000000000
2669 -1657.0000000000
2690 -1656.0000000000
2699 -1655.0000000000
2718 -1654.0000000000
2723 -1653.0000000000
2728 -1652.0000000000
2729 -1651.0000000000
2736 -1650.0000000000
2742 -1649.0000000000
2774 -1648.0000000000
2791 -1647.0000000000
2792 -1646.0000000000
2809 -1645.0000000000
2815 -1644.0000000000
2821 -1642.0000000000
2839 -1641.0000000000
2851 -1639.0000000000
2883 -1638.0000000000
2890 -1637.0000000000
2893 -1635.0000000000
2906 -1634.0000000000
2918 -1633.0000000000
2923 -1632.0000000000
2935 -1631.0000000000
2956 -1630.0000000000
2961 -1629.0000000000
2971 -1628.0000000000
2988 -1625.0000000000
2990 -1624.0000000000
3006 -1623.0000000000
3008 -1622.0000000000
3013 -1621.0000000000
3023 -1620.0000000000
3041 -1618.0000000000
3051 -1617.0000000000
3070 -1616.0000000000
3083 -1615.0000000000
3087 -1614.0000000000
3091 -1613.0000000000
3102 -1612.0000000000
3115 -1611.0000000000
3126 -1610.0000000000
3147 -1609.0000000000
3174 -1608.0000000000
3176 -1606.0000000000
3177 -1604.0000000000
3207 -1603.0000000000
3221 -1602.0000000000
3225 -1600.0000000000
3254 -1599.0000000000
3258 -1598.0000000000
3281 -1597.0000000000
3291 -1596.0000000000
3303 -1595.0000000000
3308 -1594.0000000000
3309 -1593.0000000000
3312 -1592.0000000000
3322 -1591.0000000000
3340 -1590.0000000000
3347 -1589.0000000000
3352 -1588.0000000000
3353 -1587.0000000000
3356 -1585.0000000000
3366 -1583.0000000000
3379 -1582.0000000000
3405 -1581.0000000000
3408 -1580.0000000000
3430 -1579.0000000000
3446 -1578.0000000000
3462 -1577.0000000000
3474 -1576.0000000000
3488 -1575.0000000000
3500 -1574.0000000000
3525 -1572.0000000000
3536 -1570.0000000000
3564 -1569.0000000000
3569 -1568.0000000000
3592 -1567.0000000000
3605 -1566.0000000000
3617 -1565.0000000000
3647 -1564.0000000000
3650 -1563.0000000000
3661 -1562.0000000000
3676 -1561.0000000000
3688 -1560.0000000000
3697 -1559.0000000000
3714 -1558.0000000000
3720 -1556.0000000000
3732 -1555.0000000000
3755 -1554.0000000000
3768 -1553.0000000000
3777 -1552.0000000000
3810 -1551.0000000000
3824 -1550.0000000000
3836 -1549.0000000000
3841 -1548.0000000000
3847 -1547.0000000000
3850 -1546.0000000000
3866 -1544.0000000000
3892 -1543.0000000000
3895 -1542.0000000000
3915 -1541.0000000000
3916 -1540.0000000000
3939 -1538.0000000000
3964 -1537.0000000000
3973 -1536.0000000000
3996 -1535.0000000000
3997 -1534.0000000000
4002 -1533.0000000000
4008 -1532.0000000000
4033 -1531.0000000000
4042 -1530.0000000000
4049 -1529.0000000000
4058 -1528.0000000000
4066 -1526.0000000000
4085 -1525.0000000000
4089 -1524.0000000000
4109 -1523.0000000000
4119 -1522.0000000000
4124 -1521.0000000000
4141 -1520.0000000000
4143 -1519.0000000000
4152 -1518.0000000000
4155 -1517.0000000000
4156 -1516.0000000000
4163 -1515.0000000000
4167 -1514.0000000000
4184 -1513.0000000000
4193 -1512.0000000000
4213 -1510.0000000000
4238 -1509.0000000000
4242 -1507.0000000000
4252 -1506.0000000000
4259 -1505.0000000000
4266 -1504.0000000000
4269 -1503.0000000000
4277 -1502.0000000000
4278 -1501.0000000000
4327 -1500.0000000000
4336 -1498.0000000000
4349 -1497.0000000000
4368 -1496.0000000000
4375 -1495.0000000000
4401 -1494.0000000000
4433 -1493.0000000000
4438 -1492.0000000000
4445 -1491.0000000000
4454 -1490.0000000000
4459 -1489.0000000000
4470 -1488.0000000000
4487 -1487.0000000000
4489 -1486.0000000000
4495 -1485.0000000000
4516 -1484.0000000000
4518 -1482.0000000000
4553 -1481.0000000000
4555 -1480.0000000000
4575 -1479.0000000000
4586 -1478.0000000000
4592 -1477.0000000000
4607 -1476.0000000000
4608 -1475.0000000000
4628 -1474.0000000000
4632 -1473.0000000000
4644 -1472.0000000000
4670 -1471.0000000000
4682 -1469.0000000000
4696 -1468.0000000000
4725 -1467.0000000000
4747 -1465.0000000000
4774 -1464.0000000000
4779 -1463.0000000000
4784 -1462.0000000000
4793 -1461.0000000000
4804 -1460.0000000000
4806 -1459.0000000000
4807 -1458.0000000000
4825 -1457.0000000000
4842 -1456.0000000000
4852 -1455.0000000000
4858 -1454.0000000000
4884 -1453.0000000000
4907 -1451.0000000000
4941 -1450.0000000000
4948 -1448.0000000000
4960 -1447.0000000000
4967 -1446.0000000000
4985 -1445.0000000000
5004 -1444.0000000000
5012 -1442.0000000000
5029 -1441.0000000000
5038 -1440.0000000000
5052 -1439.0000000000
5056 -1438.0000000000
5070 -1437.0000000000
5083 -1436.0000000000
5094 -1435.0000000000
5111 -1434.0000000000
5119 -1433.0000000000
5125 -1432.0000000000
5133 -1431.0000000000
5149 -1429.0000000000
5182 -1428.0000000000
5217 -1427.0000000000
5228 -1426.0000000000
5235 -1425.0000000000
5246 -1424.0000000000
5247 -1423.0000000000
5283 -1422.0000000000
5302 -1421.0000000000
5320 -1420.0000000000
5351 -1419.0000000000
5363 -1418.0000000000
5381 -1417.0000000000
5393 -1416.0000000000
5411 -1415.0000000000
5427 -1413.0000000000
5430 -1412.0000000000
5444 -1411.0000000000
5460 -1410.0000000000
5463 -1409.0000000000
5482 -1408.0000000000
5493 -1407.0000000000
5514 -1406.0000000000
5520 -1405.0000000000
5536 -1403.0000000000
5565 -1402.0000000000
5569 -1401.0000000000
5575 -1400.0000000000
5581 -1398.0000000000
5599 -1397.0000000000
5600 -1396.0000000000
5601 -1395.0000000000
5621 -1394.0000000000
5644 -1393.0000000000
5647 -1392.0000000000
5658 -1391.0000000000
5663 -1390.0000000000
5679 -1389.0000000000
5721 -1388.0000000000
5734 -1387.0000000000
5750 -1386.0000000000
5760 -1384.0000000000
5777 -1383.0000000000
5797 -1382.0000000000
5820 -1381.0000000000
5831 -1380.0000000000
5840 -1379.0000000000
5846 -1378.0000000000
5857 -1376.0000000000
5864 -1374.0000000000
5878 -1373.0000000000
5880 -1372.0000000000
5899 -1371.0000000000
5912 -1370.0000000000
5926 -1369.0000000000
5939 -1368.0000000000
5942 -1366.0000000000
5970 -1365.0000000000
5981 -1364.0000000000
5993 -1363.0000000000
5994 -1362.0000000000
6012 -1361.0000000000
6025 -1360.0000000000
6044 -1359.0000000000
6058 -1356.0000000000
6093 -1355.0000000000
6101 -1354.0000000000
6104 -1352.0000000000
6115 -1351.0000000000
6126 -1350.0000000000
6139 -1349.0000000000
6156 -1348.0000000000
6167 -1347.0000000000
6190 -1346.0000000000
6207 -1344.0000000000
6210 -1343.0000000000
6213 -1342.0000000000
6214 -1341.0000000000
6250 -1339.0000000000
6268 -1338.0000000000
6290 -1337.0000000000
6297 -1336.0000000000
6318 -1335.0000000000
6339 -1334.0000000000
6359 -1333.0000000000
6365 -1332.0000000000
6368 -1331.0000000000
6371 -1330.0000000000
6387 -1329.0000000000
6397 -1328.0000000000
6423 -1327.0000000000
6437 -1326.0000000000
6444 -1325.0000000000
6474 -1324.0000000000
6484 -1322.0000000000
6485 -1321.0000000000
6494 -1320.0000000000
6499 -1319.0000000000
6506 -1318.0000000000
6528 -1317.0000000000
6541 -1316.0000000000
6549 -1315.0000000000
6566 -1314.0000000000
6586 -1313.0000000000
6600 -1312.0000000000
6613 -1311.0000000000
6633 -1310.0000000000
6648 -1308.0000000000
6665 -1307.0000000000
6680 -1304.0000000000
6689 -1303.0000000000
6698 -1302.0000000000
6725 -1301.0000000000
6732 -1298.0000000000
6767 -1297.0000000000
6778 -1296.0000000000
6793 -1295.0000000000
6795 -1294.0000000000
6812 -1293.0000000000
6821 -1292.0000000000
6855 -1291.0000000000
6858 -1290.0000000000
6865 -1289.0000000000
6885 -1288.0000000000
6894 -1286.0000000000
6922 -1285.0000000000
6927 -1284.0000000000
6943 -1283.0000000000
6958 -1282.0000000000
6977 -1281.0000000000
6980 -1280.0000000000
6999 -1279.0000000000
7019 -1278.0000000000
7035 -1276.0000000000
7055 -1274.0000000000
7090 -1273.0000000000
7094 -1272.0000000000
7119 -1271.0000000000
7140 -1270.0000000000
7150 -1269.0000000000
7178 -1268.0000000000
7189 -1266.0000000000
7221 -1265.0000000000
7229 -1264.0000000000
7234 -1263.0000000000
7239 -1262.0000000000
7255 -1261.0000000000
7280 -1260.0000000000
7301 -1259.0000000000
7308 -1258.0000000000
7322 -1257.0000000000
7328 -1255.0000000000
7340 -1254.0000000000
7365 -1253.0000000000
7371 -1252.0000000000
7376 -1251.0000000000
7391 -1249.0000000000
7400 -1248.0000000000
7410 -1247.0000000000
7418 -1246.0000000000
7419 -1245.0000000000
7440 -1244.0000000000
7461 -1243.0000000000
7466 -1242.0000000000
7472 -1241.0000000000
7485 -1240.0000000000
7489 -1239.0000000000
7509 -1238.0000000000
7535 -1237.0000000000
7547 -1236.0000000000
7562 -1235.0000000000
7563 -1234.0000000000
7564 -1233.0000000000
7569 -1232.0000000000
7587 -1231.0000000000
7590 -1230.0000000000
7606 -1229.0000000000
7638 -1228.0000000000
7662 -1227.0000000000
7682 -1225.0000000000
7705 -1224.0000000000
7729 -1223.0000000000
7737 -1222.0000000000
7778 -1221.0000000000
7793 -1220.0000000000
7814 -1219.0000000000
7818 -1218.0000000000
7870 -1217.0000000000
7885 -1216.0000000000
7889 -1215.0000000000
7905 -1214.0000000000
7917 -1213.0000000000
7943 -1212.0000000000
7951 -1211.0000000000
7960 -1210.0000000000
7979 -1209.0000000000
8008 -1208.0000000000
8017 -1207.0000000000
8036 -1206.0000000000
8052 -1205.0000000000
8061 -1204.0000000000
8094 -1203.0000000000
8103 -1202.0000000000
8118 -1201.0000000000
8132 -1200.0000000000
8138 -1199.0000000000
8152 -1198.0000000000
8165 -1197.0000000000
8192 -1196.0000000000
8204 -1195.0000000000
8224 -1194.0000000000
8234 -1193.0000000000
8246 -1192.0000000000
8282 -1191.0000000000
8304 -1190.0000000000
8312 -1189.0000000000
8319 -1188.0000000000
8327 -1187.0000000000
8352 -1186.0000000000
8377 -1185.0000000000
8383 -1184.0000000000
8397 -1183.0000000000
8411 -1182.0000000000
8447 -1181.0000000000
8479 -1179.0000000000
8539 -1178.0000000000
8571 -1177.0000000000
8590 -1176.0000000000
8592 -1174.0000000000
8613 -1173.0000000000
8623 -1172.0000000000
8665 -1171.0000000000
8677 -1170.0000000000
8690 -1169.0000000000
8709 -1168.0000000000
8716 -1167.0000000000
8720 -1166.0000000000
8730 -1165.0000000000
8753 -1164.0000000000
8777 -1163.0000000000
8800 -1162.0000000000
8805 -1160.0000000000
8826 -1159.0000000000
8840 -1158.0000000000
8869 -1157.0000000000
8909 -1156.0000000000
8936 -1155.0000000000
8954 -1154.0000000000
8955 -1153.0000000000
8984 -1152.0000000000
8986 -1151.0000000000
9022 -1150.0000000000
9032 -1149.0000000000
9050 -1148.0000000000
9057 -1147.0000000000
9080 -1146.0000000000
9091 -1145.0000000000
9099 -1144.0000000000
9109 -1143.0000000000
9133 -1142.0000000000
9165 -1141.0000000000
9170 -1140.0000000000
9172 -1139.0000000000
9179 -1138.0000000000
9188 -1137.0000000000
9189 -1136.0000000000
9204 -1135.0000000000
9218 -1134.0000000000
9261 -1133.0000000000
9281 -1132.0000000000
9292 -1130.0000000000
9326 -1129.0000000000
9339 -1128.0000000000
9352 -1127.0000000000
9361 -1126.0000000000
9388 -1125.0000000000
9425 -1124.0000000000
9447 -1123.0000000000
9488 -1121.0000000000
9496 -1120.0000000000
9528 -1119.0000000000
9538 -1118.0000000000
9547 -1117.0000000000
9554 -1116.0000000000
9568 -1115.0000000000
9588 -1114.0000000000
9621 -1113.0000000000
9631 -1111.0000000000
9646 -1110.0000000000
9665 -1109.0000000000
9709 -1108.0000000000
9731 -1107.0000000000
9747 -1106.0000000000
9753 -1105.0000000000
9757 -1103.0000000000
9782 -1102.0000000000
9810 -1101.0000000000
9815 -1100.0000000000
9826 -1099.0000000000
9848 -1098.0000000000
9896 -1097.0000000000
9913 -1096.0000000000
9945 -1095.0000000000
9968 -1094.0000000000
9972 -1093.0000000000
9976 -1092.0000000000
9978 -1091.0000000000
9994 -1090.0000000000
10000 -1093.0000000000
evaluations raw_y
1 -1988.0000000000
3 -1973.0000000000
5 -1967.0000000000
9 -1930.0000000000
12 -1929.0000000000
13 -1928.0000000000
17 -1927.0000000000
23 -1926.0000000000
50 -1924.0000000000
70 -1921.0000000000
76 -1920.0000000000
94 -1919.0000000000
99 -1918.0000000000
106 -1917.0000000000
115 -1916.0000000000
126 -1915.0000000000
127 -1914.0000000000
128 -1912.0000000000
135 -1911.0000000000
154 -1910.0000000000
166 -1909.0000000000
183 -1908.0000000000
195 -1907.0000000000
209 -1906.0000000000
217 -1905.0000000000
229 -1904.0000000000
242 -1903.0000000000
249 -1902.0000000000
250 -1901.0000000000
268 -1900.0000000000
276 -1899.0000000000
288 -1898.0000000000
290 -1897.0000000000
301 -1896.0000000000
324 -1893.0000000000
330 -1892.0000000000
339 -1891.0000000000
360 -1890.0000000000
365 -1889.0000000000
384 -1888.0000000000
393 -1887.0000000000
406 -1886.0000000000
416 -1885.0000000000
425 -1883.0000000000
448 -1882.0000000000
449 -1881.0000000000
451 -1880.0000000000
470 -1879.0000000000
486 -1878.0000000000
491 -1877.0000000000
501 -1876.0000000000
503 -1874.0000000000
506 -1873.0000000000
510 -1872.0000000000
512 -1871.0000000000
524 -1870.0000000000
527 -1869.0000000000
530 -1868.0000000000
533 -1867.0000000000
539 -1865.0000000000
565 -1864.0000000000
566 -1861.0000000000
585 -1860.0000000000
601 -1859.0000000000
616 -1858.0000000000
617 -1857.0000000000
621 -1856.0000000000
648 -1855.0000000000
650 -1853.0000000000
655 -1851.0000000000
672 -1850.0000000000
682 -1849.0000000000
694 -1848.0000000000
705 -1847.0000000000
712 -1846.0000000000
718 -1844.0000000000
740 -1843.0000000000
747 -1840.0000000000
765 -1839.0000000000
768 -1838.0000000000
784 -1837.0000000000
785 -1836.0000000000
787 -1834.0000000000
789 -1833.0000000000
791 -1832.0000000000
796 -1831.0000000000
812 -1830.0000000000
825 -1829.0000000000
840 -1828.0000000000
846 -1827.0000000000
874 -1826.0000000000
878 -1825.0000000000
888 -1824.0000000000
898 -1823.0000000000
902 -1822.0000000000
912 -1821.0000000000
918 -1820.0000000000
929 -1819.0000000000
938 -1818.0000000000
944 -1817.0000000000
956 -1816.0000000000
965 -1815.0000000000
978 -1814.0000000000
983 -1813.0000000000
985 -1811.0000000000
998 -1810.0000000000
1020 -1808.0000000000
1036 -1807.0000000000
1038 -1806.0000000000
1052 -1804.0000000000
1071 -1803.0000000000
1082 -1801.0000000000
1117 -1800.0000000000
1130 -1799.0000000000
1134 -1798.0000000000
1136 -1797.0000000000
1153 -1796.0000000000
1160 -1794.0000000000
1177 -1793.0000000000
1185 -1792.0000000000
1202 -1791.0000000000
1207 -1788.0000000000
1213 -1787.0000000000
1240 -1786.0000000000
1248 -1785.0000000000
1253 -1782.0000000000
1266 -1781.0000000000
1274 -1778.0000000000
1318 -1777.0000000000
1328 -1776.0000000000
1329 -1775.0000000000
1345 -1774.0000000000
1358 -1773.0000000000
1362 -1772.0000000000
1364 -1771.0000000000
1381 -1770.0000000000
1390 -1768.0000000000
1393 -1767.0000000000
1421 -1766.0000000000
1427 -1765.0000000000
1441 -1764.0000000000
1451 -1763.0000000000
1460 -1761.0000000000
1467 -1760.0000000000
1469 -1757.0000000000
1487 -1756.0000000000
1488 -1754.0000000000
1497 -1753.0000000000
1508 -1752.0000000000
1512 -1751.0000000000
1530 -1750.0000000000
1539 -1748.0000000000
1554 -1747.0000000000
1558 -1746.0000000000
1569 -1745.0000000000
1582 -1744.0000000000
1594 -1743.0000000000
1604 -1740.0000000000
1619 -1739.0000000000
1638 -1738.0000000000
1648 -1736.0000000000
1667 -1735.0000000000
1682 -1734.0000000000
1688 -1733.0000000000
1697 -1732.0000000000
1711 -1731.0000000000
1714 -1730.0000000000
1730 -1729.0000000000
1742 -1728.0000000000
1758 -1726.0000000000
1760 -1725.0000000000
1773 -1724.0000000000
1779 -1723.0000000000
1794 -1722.0000000000
1797 -1721.0000000000
1800 -1720.0000000000
1820 -1719.0000000000
1826 -1718.0000000000
1834 -1717.0000000000
1837 -1716.0000000000
1869 -1715.0000000000
1872 -1714.0000000000
1887 -1713.0000000000
1902 -1712.0000000000
1924 -1711.0000000000
1926 -1710.0000000000
1954 -1709.0000000000
1969 -1708.0000000000
1975 -1707.0000000000
1981 -1706.0000000000
1988 -1705.0000000000
2006 -1704.0000000000
2024 -1703.0000000000
2027 -1702.0000000000
2039 -1701.0000000000
2053 -1700.0000000000
2061 -1699.0000000000
2085 -1697.0000000000
2096 -1696.0000000000
2099 -1695.0000000000
2100 -1694.0000000000
2103 -1693.0000000000
2107 -1692.0000000000
2131 -1691.0000000000
2139 -1690.0000000000
2151 -1689.0000000000
2154 -1687.0000000000
2156 -1685.0000000000
2157 -1684.0000000000
2173 -1683.0000000000
2182 -1682.0000000000
2197 -1681.0000000000
2208 -1680.0000000000
2215 -1679.0000000000
2217 -1677.0000000000
2237 -1676.0000000000
2252 -1675.0000000000
2263 -1674.0000000000
2289 -1673.0000000000
2300 -1672.0000000000
2335 -1671.0000000000
2337 -1670.0000000000
2350 -1669.0000000000
2371 -1668.0000000000
2376 -1667.0000000000
2384 -1666.0000000000
2395 -1665.0000000000
2413 -1664.0000000000
2420 -1663.0000000000
2437 -1662.0000000000
2442 -1661.0000000000
2451 -1660.0000000000
2456 -1657.0000000000
2507 -1656.0000000000
2516 -1655.0000000000
2538 -1654.0000000000
2542 -1653.0000000000
2546 -1652.0000000000
2575 -1651.0000000000
2595 -1650.0000000000
2597 -1649.0000000000
2598 -1648.0000000000
2607 -1647.0000000000
2615 -1646.0000000000
2623 -1645.0000000000
2630 -1644.0000000000
2641 -1643.0000000000
2647 -1642.0000000000
2648 -1641.0000000000
2663 -1637.0000000000
2683 -1636.0000000000
2686 -1635.0000000000
2699 -1634.0000000000
2710 -1633.0000000000
2711 -1632.0000000000
2723 -1631.0000000000
2734 -1630.0000000000
2743 -1629.0000000000
2754 -1628.0000000000
2777 -1627.0000000000
2787 -1625.0000000000
2804 -1624.0000000000
2820 -1623.0000000000
2822 -1622.0000000000
2836 -1621.0000000000
2837 -1620.0000000000
2842 -1619.0000000000
2849 -1618.0000000000
2861 -1617.0000000000
2877 -1616.0000000000
2894 -1615.0000000000
2907 -1613.0000000000
2913 -1612.0000000000
2928 -1610.0000000000
2938 -1608.0000000000
2961 -1607.0000000000
2997 -1605.0000000000
3000 -1604.0000000000
3013 -1603.0000000000
3015 -1602.0000000000
3027 -1601.0000000000
3045 -1600.0000000000
3051 -1599.0000000000
3059 -1598.0000000000
3071 -1597.0000000000
3084 -1596.0000000000
3098 -1594.0000000000
3126 -1593.0000000000
3138 -1592.0000000000
3171 -1591.0000000000
3181 -1590.0000000000
3194 -1589.0000000000
3198 -1588.0000000000
3218 -1587.0000000000
3240 -1586.0000000000
3250 -1585.0000000000
3265 -1584.0000000000
3281 -1583.0000000000
3292 -1582.0000000000
3314 -1581.0000000000
3315 -1580.0000000000
3325 -1579.0000000000
3341 -1577.0000000000
3358 -1576.0000000000
3365 -1575.0000000000
3385 -1573.0000000000
3414 -1571.0000000000
3438 -1570.0000000000
3457 -1569.0000000000
3479 -1567.0000000000
3492 -1566.0000000000
3495 -1565.0000000000
3506 -1564.0000000000
3527 -1563.0000000000
3540 -1562.0000000000
3552 -1561.0000000000
3560 -1560.0000000000
3583 -1559.0000000000
3591 -1558.0000000000
3599 -1555.0000000000
3617 -1554.0000000000
3621 -1553.0000000000
3634 -1551.0000000000
3647 -1550.0000000000
3670 -1549.0000000000
3681 -1548.0000000000
3692 -1547.0000000000
3718 -1546.0000000000
3725 -1545.0000000000
3741 -1544.0000000000
3743 -1542.0000000000
3764 -1541.0000000000
3775 -1540.0000000000
3785 -1539.0000000000
3790 -1538.0000000000
3795 -1537.0000000000
3825 -1536.0000000000
3832 -1535.0000000000
3845 -1533.0000000000
3873 -1532.0000000000
3884 -1531.0000000000
3906 -1528.0000000000
3933 -1527.0000000000
3947 -1526.0000000000
3950 -1525.0000000000
3968 -1524.0000000000
3969 -1523.0000000000
3974 -1522.0000000000
3981 -1521.0000000000
3990 -1520.0000000000
4012 -1519.0000000000
4036 -1517.0000000000
4040 -1516.0000000000
4058 -1515.0000000000
4066 -1514.0000000000
4084 -1513.0000000000
4098 -1512.0000000000
4114 -1511.0000000000
4120 -1510.0000000000
4142 -1509.0000000000
4154 -1508.0000000000
4159 -1507.0000000000
4184 -1506.0000000000
4197 -1505.0000000000
4199 -1504.0000000000
4213 -1503.0000000000
4214 -1502.0000000000
4219 -1501.0000000000
4226 -1500.0000000000
4229 -1499.0000000000
4252 -1498.0000000000
4259 -1497.0000000000
4276 -1496.0000000000
4289 -1495.0000000000
4298 -1494.0000000000
4310 -1493.0000000000
4326 -1491.0000000000
4327 -1490.0000000000
4361 -1489.0000000000
4372 -1488.0000000000
4382 -1487.0000000000
4388 -1486.0000000000
4394 -1485.0000000000
4416 -1484.0000000000
4419 -1483.0000000000
4443 -1482.0000000000
4453 -1481.0000000000
4476 -1480.0000000000
4486 -1479.0000000000
4496 -1478.0000000000
4514 -1477.0000000000
4521 -1476.0000000000
4529 -1475.0000000000
4533 -1474.0000000000
4557 -1473.0000000000
4569 -1472.0000000000
4573 -1469.0000000000
4583 -1467.0000000000
4602 -1466.0000000000
4626 -1465.0000000000
4636 -1464.0000000000
4644 -1463.0000000000
4655 -1462.0000000000
4662 -1461.0000000000
4669 -1460.0000000000
4679 -1459.0000000000
4693 -1457.0000000000
4701 -1456.0000000000
4702 -1454.0000000000
4711 -1451.0000000000
4761 -1450.0000000000
4766 -1449.0000000000
4793 -1448.0000000000
4795 -1447.0000000000
4808 -1446.0000000000
4832 -1445.0000000000
4842 -1444.0000000000
4851 -1443.0000000000
4859 -1442.0000000000
4874 -1441.0000000000
4889 -1440.0000000000
4905 -1439.0000000000
4914 -1438.0000000000
4924 -1437.0000000000
4932 -1436.0000000000
4950 -1435.0000000000
4962 -1434.0000000000
4969 -1433.0000000000
4979 -1432.0000000000
5000 -1431.0000000000
5008 -1430.0000000000
5010 -1429.0000000000
5024 -1428.0000000000
5037 -1427.0000000000
5046 -1426.0000000000
5048 -1425.0000000000
5066 -1424.0000000000
5094 -1423.0000000000
5107 -1422.0000000000
5128 -1421.0000000000
5155 -1420.0000000000
5170 -1419.0000000000
5178 -1418.0000000000
5198 -1417.0000000000
5204 -1416.0000000000
5217 -1415.0000000000
5239 -1414.0000000000
5245 -1413.0000000000
5277 -1412.0000000000
5295 -1411.0000000000
5300 -1410.0000000000
5322 -1409.0000000000
5324 -1408.0000000000
5329 -1407.0000000000
5345 -1406.0000000000
5357 -1405.0000000000
5383 -1404.0000000000
5401 -1402.0000000000
5438 -1401.0000000000
5457 -1400.0000000000
5464 -1399.0000000000
5470 -1398.0000000000
5488 -1397.0000000000
5496 -1396.0000000000
5504 -1395.0000000000
5510 -1394.0000000000
5514 -1393.0000000000
5528 -1392.0000000000
5529 -1388.0000000000
5571 -1387.0000000000
5602 -1386.0000000000
5629 -1385.0000000000
5634 -1384.0000000000
5639 -1382.0000000000
5659 -1381.0000000000
5665 -1380.0000000000
5686 -1379.0000000000
5701 -1378.0000000000
5709 -1377.0000000000
5717 -1376.0000000000
5742 -1375.0000000000
5747 -1374.0000000000
5760 -1372.0000000000
5776 -1371.0000000000
5803 -1370.0000000000
5819 -1369.0000000000
5826 -1368.0000000000
5850 -1367.0000000000
5852 -1366.0000000000
5872 -1365.0000000000
5900 -1364.0000000000
5913 -1363.0000000000
5937 -1361.0000000000
5956 -1360.0000000000
5966 -1359.0000000000
5967 -1358.0000000000
5996 -1357.0000000000
6002 -1356.0000000000
6021 -1355.0000000000
6033 -1354.0000000000
6038 -1353.0000000000
6044 -1352.0000000000
6067 -1351.0000000000
6095 -1350.0000000000
6100 -1349.0000000000
6113 -1348.0000000000
6118 -1347.0000000000
6153 -1346.0000000000
6159 -1345.0000000000
6179 -1344.0000000000
6181 -1343.0000000000
6191 -1342.0000000000
6203 -1341.0000000000
6215 -1340.0000000000
6221 -1339.0000000000
6229 -1337.0000000000
6259 -1336.0000000000
6286 -1335.0000000000
6305 -1334.0000000000
6311 -1333.0000000000
6313 -1332.0000000000
6315 -1331.0000000000
6330 -1329.0000000000
6364 -1328.0000000000
6380 -1326.0000000000
6402 -1325.0000000000
6414 -1324.0000000000
6425 -1323.0000000000
6452 -1322.0000000000
6471 -1321.0000000000
6481 -1320.0000000000
6490 -1319.0000000000
6525 -1318.0000000000
6535 -1317.0000000000
6547 -1316.0000000000
6553 -1315.0000000000
6558 -1314.0000000000
6572 -1313.0000000000
6575 -1312.0000000000
6597 -1311.0000000000
6624 -1310.0000000000
6635 -1309.0000000000
6645 -1308.0000000000
6681 -1307.0000000000
6692 -1306.0000000000
6707 -1305.0000000000
6721 -1304.0000000000
6751 -1303.0000000000
6763 -1301.0000000000
6772 -1300.0000000000
6775 -1298.0000000000
6779 -1297.0000000000
6797 -1296.0000000000
6819 -1295.0000000000
6856 -1294.0000000000
6863 -1293.0000000000
6886 -1292.0000000000
6891 -1291.0000000000
6898 -1290.0000000000
6918 -1289.0000000000
6942 -1288.0000000000
6948 -1287.0000000000
6965 -1286.0000000000
6975 -1284.0000000000
7016 -1283.0000000000
7034 -1282.0000000000
7041 -1281.0000000000
7054 -1280.0000000000
7071 -1279.0000000000
7080 -1278.0000000000
7107 -1276.0000000000
7126 -1274.0000000000
7163 -1273.0000000000
7185 -1272.0000000000
7187 -1271.0000000000
7214 -1268.0000000000
7232 -1267.0000000000
7247 -1266.0000000000
7248 -1265.0000000000
7257 -1264.0000000000
7274 -1263.0000000000
7278 -1262.0000000000
7279 -1261.0000000000
7306 -1259.0000000000
7322 -1258.0000000000
7343 -1257.0000000000
7353 -1256.0000000000
7374 -1255.0000000000
7377 -1254.0000000000
7415 -1253.0000000000
7421 -1252.0000000000
7431 -1251.0000000000
7436 -1249.0000000000
7451 -1248.0000000000
7475 -1247.0000000000
7487 -1246.0000000000
7498 -1245.0000000000
7506 -1244.0000000000
7524 -1242.0000000000
7548 -1241.0000000000
7558 -1240.0000000000
7559 -1239.0000000000
7569 -1238.0000000000
7578 -1236.0000000000
7603 -1235.0000000000
7613 -1234.0000000000
7619 -1233.0000000000
7636 -1232.0000000000
7655 -1230.0000000000
7705 -1229.0000000000
7711 -1228.0000000000
7725 -1227.0000000000
7756 -1226.0000000000
7772 -1225.0000000000
7778 -1224.0000000000
7793 -1223.0000000000
7796 -1220.0000000000
7833 -1219.0000000000
7846 -1217.0000000000
7886 -1216.0000000000
7900 -1215.0000000000
7921 -1214.0000000000
7933 -1213.0000000000
7957 -1212.0000000000
7965 -1211.0000000000
7978 -1210.0000000000
7981 -1209.0000000000
7991 -1208.0000000000
8006 -1207.0000000000
8025 -1205.0000000000
8075 -1204.0000000000
8076 -1203.0000000000
8086 -1202.0000000000
8105 -1201.0000000000
8110 -1199.0000000000
8167 -1198.0000000000
8182 -1197.0000000000
8226 -1196.0000000000
8244 -1195.0000000000
8267 -1194.0000000000
8283 -1193.0000000000
8288 -1192.0000000000
8293 -1191.0000000000
8314 -1190.0000000000
8320 -1189.0000000000
8356 -1188.0000000000
8363 -1187.0000000000
8385 -1186.0000000000
8392 -1185.0000000000
8415 -1184.0000000000
8422 -1183.0000000000
8436 -1182.0000000000
8450 -1181.0000000000
8451 -1180.0000000000
8479 -1179.0000000000
8500 -1178.0000000000
8522 -1177.0000000000
8525 -1176.0000000000
8541 -1175.0000000000
8574 -1174.0000000000
8578 -1173.0000000000
8595 -1172.0000000000
8621 -1171.0000000000
8624 -1170.0000000000
8634 -1169.0000000000
8635 -1168.0000000000
8666 -1167.0000000000
8683 -1166.0000000000
8703 -1164.0000000000
8711 -1163.0000000000
8716 -1162.0000000000
8727 -1161.0000000000
8744 -1160.0000000000
8768 -1159.0000000000
8797 -1158.0000000000
8820 -1157.0000000000
8824 -1156.0000000000
8840 -1154.0000000000
8858 -1153.0000000000
8859 -1152.0000000000
8870 -1151.0000000000
8875 -1150.0000000000
8895 -1148.0000000000
8897 -1147.0000000000
8903 -1146.0000000000
8921 -1145.0000000000
8948 -1144.0000000000
8977 -1143.0000000000
9031 -1142.0000000000
9037 -1141.0000000000
9067 -1140.0000000000
9069 -1139.0000000000
9095 -1138.0000000000
9119 -1137.0000000000
9140 -1136.0000000000
9149 -1135.0000000000
9175 -1134.0000000000
9195 -1133.0000000000
9214 -1132.0000000000
9244 -1131.0000000000
9261 -1130.0000000000
9279 -1129.0000000000
9284 -1128.0000000000
9293 -1127.0000000000
9316 -1126.0000000000
9319 -1125.0000000000
9349 -1124.0000000000
9380 -1123.0000000000
9391 -1122.0000000000
9400 -1121.0000000000
9437 -1120.0000000000
9456 -1119.0000000000
9486 -1118.0000000000
9495 -1117.0000000000
9511 -1116.0000000000
9526 -1115.0000000000
9541 -1114.0000000000
9553 -1113.0000000000
9570 -1112.0000000000
9589 -1111.0000000000
9600 -1110.0000000000
9609 -1109.0000000000
9611 -1108.0000000000
9618 -1107.0000000000
9655 -1106.0000000000
9661 -1105.0000000000
9677 -1104.0000000000
9681 -1103.0000000000
9686 -1102.0000000000
9703 -1101.0000000000
9714 -1100.0000000000
9720 -1099.0000000000
9745 -1098.0000000000
9781 -1097.0000000000
9790 -1096.0000000000
9818 -1095.0000000000
9833 -1094.0000000000
9843 -1093.0000000000
9845 -1092.0000000000
9881 -1091.0000000000
9898 -1090.0000000000
9920 -1089.0000000000
9921 -1088.0000000000
9924 -1087.0000000000
9970 -1086.0000000000
9971 -1085.0000000000
9981 -1084.0000000000
10000 -1085.0000000000
evaluations raw_y
1 -2043.0000000000
2 -1989.0000000000
3 -1961.0000000000
56 -1959.0000000000
62 -1957.0000000000
65 -1956.0000000000
67 -1955.0000000000
91 -1954.0000000000
98 -1953.0000000000
108 -1952.0000000000
112 -1950.0000000000
137 -1948.0000000000
144 -1946.0000000000
156 -1945.0000000000
201 -1944.0000000000
210 -1943.0000000000
215 -1942.0000000000
234 -1941.0000000000
239 -1940.0000000000
257 -1939.0000000000
266 -1937.0000000000
277 -1936.0000000000
280 -1935.0000000000
311 -1934.0000000000
313 -1933.0000000000
334 -1932.0000000000
343 -1931.0000000000
351 -1929.0000000000
354 -1928.0000000000
363 -1927.0000000000
366 -1926.0000000000
377 -1925.0000000000
380 -1924.0000000000
389 -1923.0000000000
394 -1922.0000000000
401 -1921.0000000000
404 -1920.0000000000
414 -1919.0000000000
417 -1918.0000000000
421 -1917.0000000000
433 -1916.0000000000
438 -1915.0000000000
450 -1914.0000000000
458 -1913.0000000000
460 -1912.0000000000
466 -1911.0000000000
472 -1909.0000000000
476 -1908.0000000000
481 -1907.0000000000
506 -1905.0000000000
515 -1904.0000000000
524 -1903.0000000000
536 -1902.0000000000
549 -1901.0000000000
559 -1900.0000000000
572 -1899.0000000000
585 -1898.0000000000
590 -1897.0000000000
605 -1896.0000000000
616 -1894.0000000000
629 -1893.0000000000
639 -1891.0000000000
662 -1890.0000000000
671 -1889.0000000000
678 -1888.0000000000
701 -1887.0000000000
713 -1886.0000000000
719 -1885.0000000000
724 -1884.0000000000
725 -1883.0000000000
741 -1882.0000000000
754 -1881.0000000000
763 -1880.0000000000
775 -1879.0000000000
783 -1877.0000000000
784 -1876.0000000000
796 -1875.0000000000
816 -1872.0000000000
842 -1871.0000000000
854 -1870.0000000000
856 -1869.0000000000
857 -1868.0000000000
875 -1867.0000000000
885 -1866.0000000000
897 -1865.0000000000
913 -1864.0000000000
937 -1863.0000000000
943 -1862.0000000000
950 -1861.0000000000
952 -1860.0000000000
976 -1859.0000000000
979 -1858.0000000000
980 -1857.0000000000
999 -1856.0000000000
1003 -1855.0000000000
1013 -1854.0000000000
1026 -1853.0000000000
1029 -1852.0000000000
1031 -1851.0000000000
1036 -1850.0000000000
1047 -1849.0000000000
1073 -1848.0000000000
1078 -1846.0000000000
1091 -1844.0000000000
1114 -1843.0000000000
1116 -1842.0000000000
1122 -1841.0000000000
1134 -1840.0000000000
1141 -1839.0000000000
1153 -1838.0000000000
1170 -1834.0000000000
1186 -1833.0000000000
1198 -1832.0000000000
1204 -1831.0000000000
1209 -1829.0000000000
1224 -1828.0000000000
1238 -1827.0000000000
1240 -1826.0000000000
1242 -1824.0000000000
1256 -1823.0000000000
1281 -1822.0000000000
1289 -1821.0000000000
1305 -1820.0000000000
1324 -1819.0000000000
1335 -1818.0000000000
1345 -1817.0000000000
1351 -1816.0000000000
1356 -1815.0000000000
1359 -1814.0000000000
1379 -1813.0000000000
1384 -1812.0000000000
1407 -1810.0000000000
1419 -1809.0000000000
1428 -1808.0000000000
1451 -1807.0000000000
1452 -1806.0000000000
1456 -1805.0000000000
1471 -1804.0000000000
1480 -1803.0000000000
1481 -1801.0000000000
1482 -1800.0000000000
1487 -1799.0000000000
1496 -1798.0000000000
1504 -1797.0000000000
1515 -1796.0000000000
1532 -1795.0000000000
1546 -1794.0000000000
1550 -1793.0000000000
1561 -1792.0000000000
1575 -1791.0000000000
1585 -1790.0000000000
1601 -1789.0000000000
1602 -1786.0000000000
1626 -1785.0000000000
1640 -1784.0000000000
1650 -1783.0000000000
1667 -1781.0000000000
1677 -1780.0000000000
1682 -1779.0000000000
1698 -1778.0000000000
1705 -1777.0000000000
1720 -1776.0000000000
1726 -1775.0000000000
1740 -1774.0000000000
1749 -1773.0000000000
1751 -1772.0000000000
1754 -1771.0000000000
1766 -1770.0000000000
1788 -1769.0000000000
1789 -1768.0000000000
1791 -1767.0000000000
1806 -1766.0000000000
1823 -1765.0000000000
1826 -1763.0000000000
1827 -1762.0000000000
1834 -1761.0000000000
1851 -1760.0000000000
1866 -1758.0000000000
1867 -1756.0000000000
1890 -1752.0000000000
1920 -1751.0000000000
1928 -1750.0000000000
1936 -1749.0000000000
1952 -1748.0000000000
1965 -1747.0000000000
1970 -1746.0000000000
1972 -1744.0000000000
1988 -1742.0000000000
1994 -1741.0000000000
2000 -1740.0000000000
2007 -1739.0000000000
2011 -1738.0000000000
2020 -1737.0000000000
2040 -1736.0000000000
2050 -1733.0000000000
2053 -1732.0000000000
2062 -1730.0000000000
2089 -1729.0000000000
2093 -1728.0000000000
2099 -1727.0000000000
2105 -1726.0000000000
2116 -1725.0000000000
2140 -1724.0000000000
2148 -1722.0000000000
2168 -1721.0000000000
2174 -1720.0000000000
2179 -1718.0000000000
2190 -1717.0000000000
2191 -1716.0000000000
2210 -1715.0000000000
2217 -1714.0000000000
2226 -1713.0000000000
2236 -1712.0000000000
2251 -1711.0000000000
2264 -1710.0000000000
2276 -1709.0000000000
2283 -1708.0000000000
2292 -1707.0000000000
2300 -1706.0000000000
2308 -1705.0000000000
2318 -1704.0000000000
2335 -1703.0000000000
2345 -1702.0000000000
2359 -1701.0000000000
2367 -1700.0000000000
2373 -1699.0000000000
2387 -1698.0000000000
2390 -1697.0000000000
2398 -1696.0000000000
2419 -1695.0000000000
2428 -1694.0000000000
2451 -1693.0000000000
2457 -1692.0000000000
2474 -1691.0000000000
2475 -1689.0000000000
2492 -1688.0000000000
2499 -1687.0000000000
2506 -1686.0000000000
2508 -1685.0000000000
2525 -1683.0000000000
2531 -1682.0000000000
2536 -1681.0000000000
2547 -1680.0000000000
2564 -1679.0000000000
2575 -1678.0000000000
2584 -1676.0000000000
2601 -1675.0000000000
2615 -1674.0000000000
2617 -1673.0000000000
2627 -1672.0000000000
2630 -1670.0000000000
2635 -1668.0000000000
2645 -1667.0000000000
2652 -1666.0000000000
2659 -1665.0000000000
2663 -1664.0000000000
2682 -1663.0000000000
2693 -1661.0000000000
2704 -1660.0000000000
2710 -1659.0000000000
2732 -1658.0000000000
2747 -1656.0000000000
2756 -1655.0000000000
2779 -1654.0000000000
2787 -1653.0000000000
2788 -1652.0000000000
2810 -1651.0000000000
2811 -1650.0000000000
2816 -1649.0000000000
2828 -1648.0000000000
2836 -1647.0000000000
2837 -1646.0000000000
2879 -1645.0000000000
2883 -1644.0000000000
2888 -1643.0000000000
2896 -1642.0000000000
2901 -1641.0000000000
2912 -1640.0000000000
2926 -1639.0000000000
2927 -1638.0000000000
2929 -1637.0000000000
2933 -1636.0000000000
2937 -1635.0000000000
2941 -1634.0000000000
2942 -1633.0000000000
2957 -1632.0000000000
2966 -1631.0000000000
2974 -1630.0000000000
2985 -1629.0000000000
2993 -1628.0000000000
3003 -1627.0000000000
3031 -1625.0000000000
3044 -1624.0000000000
3045 -1623.0000000000
3059 -1622.0000000000
3075 -1621.0000000000
3079 -1620.0000000000
3088 -1619.0000000000
3090 -1618.0000000000
3106 -1617.0000000000
3109 -1616.0000000000
3121 -1615.0000000000
3153 -1614.0000000000
3159 -1613.0000000000
3170 -1612.0000000000
3180 -1611.0000000000
3196 -1610.0000000000
3199 -1609.0000000000
3207 -1608.0000000000
3208 -1606.0000000000
3219 -1605.0000000000
3236 -1604.0000000000
3241 -1603.0000000000
3262 -1602.0000000000
3275 -1601.0000000000
3276 -1600.0000000000
3293 -1598.0000000000
3315 -1597.0000000000
3320 -1596.0000000000
3325 -1595.0000000000
3345 -1594.0000000000
3366 -1593.0000000000
3373 -1591.0000000000
3388 -1589.0000000000
3408 -1588.0000000000
3411 -1587.0000000000
3433 -1586.0000000000
3451 -1584.0000000000
3452 -1583.0000000000
3454 -1582.0000000000
3475 -1581.0000000000
3480 -1580.0000000000
3505 -1578.0000000000
3546 -1577.0000000000
3549 -1576.0000000000
3562 -1575.0000000000
3584 -1574.0000000000
3593 -1573.0000000000
3594 -1572.0000000000
3618 -1570.0000000000
3623 -1568.0000000000
3660 -1567.0000000000
3673 -1566.0000000000
3695 -1565.0000000000
3712 -1564.0000000000
3719 -1563.0000000000
3730 -1561.0000000000
3749 -1560.0000000000
3760 -1559.0000000000
3773 -1558.0000000000
3802 -1557.0000000000
3807 -1556.0000000000
3821 -1555.0000000000
3849 -1554.0000000000
3861 -1553.0000000000
3874 -1552.0000000000
3879 -1551.0000000000
3885 -1549.0000000000
3888 -1548.0000000000
3892 -1547.0000000000
3893 -1546.0000000000
3914 -1545.0000000000
3921 -1543.0000000000
3939 -1542.0000000000
3949 -1541.0000000000
3965 -1540.0000000000
3985 -1539.0000000000
4008 -1538.0000000000
4026 -1537.0000000000
4032 -1536.0000000000
4039 -1535.0000000000
4049 -1534.0000000000
4063 -1533.0000000000
4079 -1532.0000000000
4084 -1531.0000000000
4103 -1530.0000000000
4105 -1529.0000000000
4115 -1528.0000000000
4121 -1527.0000000000
4125 -1526.0000000000
4135 -1525.0000000000
4146 -1524.0000000000
4158 -1523.0000000000
4171 -1522.0000000000
4187 -1521.0000000000
4192 -1519.0000000000
4197 -1518.0000000000
4207 -1517.0000000000
4214 -1516.0000000000
4239 -1515.0000000000
4249 -1514.0000000000
4250 -1513.0000000000
4252 -1512.0000000000
4269 -1511.0000000000
4273 -1510.0000000000
4304 -1509.0000000000
4324 -1508.0000000000
4343 -1507.0000000000
4349 -1506.0000000000
4372 -1504.0000000000
4373 -1503.0000000000
4390 -1502.0000000000
4411 -1501.0000000000
4423 -1500.0000000000
4438 -1499.0000000000
4444 -1498.0000000000
4461 -1497.0000000000
4480 -1496.0000000000
4485 -1495.0000000000
4493 -1494.0000000000
4502 -1493.0000000000
4506 -1492.0000000000
4525 -1491.0000000000
4526 -1490.0000000000
4533 -1488.0000000000
4553 -1487.0000000000
4560 -1486.0000000000
4563 -1485.0000000000
4590 -1484.0000000000
4599 -1482.0000000000
4635 -1481.0000000000
4643 -1480.0000000000
4658 -1479.0000000000
4681 -1478.0000000000
4685 -1477.0000000000
4695 -1476.0000000000
4706 -1475.0000000000
4724 -1474.0000000000
4727 -1471.0000000000
4762 -1470.0000000000
4780 -1469.0000000000
4786 -1468.0000000000
4799 -1467.0000000000
4806 -1466.0000000000
4817 -1465.0000000000
4828 -1463.0000000000
4850 -1462.0000000000
4862 -1461.0000000000
4895 -1459.0000000000
4922 -1458.0000000000
4939 -1457.0000000000
4940 -1456.0000000000
4946 -1455.0000000000
4948 -1454.0000000000
4952 -1453.0000000000
4993 -1452.0000000000
5006 -1451.0000000000
5010 -1450.0000000000
5034 -1449.0000000000
5055 -1448.0000000000
5068 -1447.0000000000
5083 -1446.0000000000
5090 -1445.0000000000
5104 -1444.0000000000
5110 -1443.0000000000
5120 -1442.0000000000
5127 -1440.0000000000
5146 -1439.0000000000
5161 -1437.0000000000
5190 -1435.0000000000
5197 -1433.0000000000
5204 -1432.0000000000
5214 -1430.0000000000
5234 -1429.0000000000
5266 -1428.0000000000
5281 -1427.0000000000
5292 -1426.0000000000
5296 -1425.0000000000
5326 -1424.0000000000
5333 -1423.0000000000
5347 -1422.0000000000
5351 -1421.0000000000
5376 -1420.0000000000
5387 -1419.0000000000
5404 -1418.0000000000
5410 -1417.0000000000
5422 -1416.0000000000
5443 -1415.0000000000
5456 -1414.0000000000
5465 -1412.0000000000
5473 -1411.0000000000
5488 -1410.0000000000
5503 -1409.0000000000
5513 -1408.0000000000
5545 -1407.0000000000
5549 -1406.0000000000
5554 -1405.0000000000
5568 -1404.0000000000
5577 -1403.0000000000
5587 -1402.0000000000
5608 -1401.0000000000
5625 -1400.0000000000
5651 -1398.0000000000
5678 -1397.0000000000
5689 -1396.0000000000
5705 -1395.0000000000
5716 -1393.0000000000
5717 -1392.0000000000
5733 -1391.0000000000
5749 -1390.0000000000
5780 -1389.0000000000
5793 -1388.0000000000
5795 -1387.0000000000
5803 -1386.0000000000
5823 -1384.0000000000
5855 -1383.0000000000
5863 -1382.0000000000
5871 -1381.0000000000
5889 -1380.0000000000
5907 -1379.0000000000
5916 -1378.0000000000
5938 -1377.0000000000
5943 -1376.0000000000
5956 -1374.0000000000
5989 -1373.0000000000
6000 -1372.0000000000
6008 -1371.0000000000
6057 -1370.0000000000
6065 -1368.0000000000
6079 -1367.0000000000
6086 -1366.0000000000
6102 -1365.0000000000
6105 -1364.0000000000
6106 -1363.0000000000
6110 -1360.0000000000
6122 -1359.0000000000
6124 -1358.0000000000
6137 -1357.0000000000
6148 -1356.0000000000
6158 -1355.0000000000
6176 -1354.0000000000
6177 -1353.0000000000
6194 -1352.0000000000
6201 -1351.0000000000
6219 -1350.0000000000
6227 -1348.0000000000
6249 -1347.0000000000
6256 -1345.0000000000
6273 -1344.0000000000
6284 -1343.0000000000
6298 -1342.0000000000
6304 -1341.0000000000
6316 -1340.0000000000
6320 -1339.0000000000
6325 -1338.0000000000
6346 -1337.0000000000
6354 -1336.0000000000
6355 -1335.0000000000
6357 -1334.0000000000
6366 -1333.0000000000
6381 -1332.0000000000
6390 -1331.0000000000
6397 -1330.0000000000
6408 -1329.0000000000
6417 -1327.0000000000
6423 -1326.0000000000
6456 -1325.0000000000
6459 -1323.0000000000
6472 -1322.0000000000
6494 -1321.0000000000
6496 -1320.0000000000
6544 -1319.0000000000
6551 -1318.0000000000
6573 -1315.0000000000
6576 -1314.0000000000
6598 -1313.0000000000
6600 -1312.0000000000
6613 -1311.0000000000
6637 -1310.0000000000
6643 -1309.0000000000
6652 -1307.0000000000
6667 -1306.0000000000
6708 -1305.0000000000
6710 -1304.0000000000
6731 -1303.0000000000
6740 -1302.0000000000
6753 -1301.0000000000
6756 -1300.0000000000
6762 -1299.0000000000
6791 -1298.0000000000
6794 -1297.0000000000
6800 -1296.0000000000
6813 -1295.0000000000
6837 -1294.0000000000
6839 -1293.0000000000
6875 -1292.0000000000
6897 -1291.0000000000
6928 -1290.0000000000
6939 -1289.0000000000
6953 -1288.0000000000
6982 -1287.0000000000
6985 -1286.0000000000
7002 -1285.0000000000
7036 -1284.0000000000
7053 -1283.0000000000
7058 -1282.0000000000
7071 -1281.0000000000
7078 -1280.0000000000
7080 -1279.0000000000
7098 -1278.0000000000
7114 -1277.0000000000
7116 -1276.0000000000
7122 -1275.0000000000
7144 -1274.0000000000
7175 -1273.0000000000
7183 -1272.0000000000
7213 -1271.0000000000
7215 -1269.0000000000
7232 -1268.0000000000
7239 -1266.0000000000
7243 -1265.0000000000
7246 -1264.0000000000
7252 -1263.0000000000
7272 -1262.0000000000
7281 -1261.0000000000
7293 -1260.0000000000
7298 -1259.0000000000
7301 -1258.0000000000
7304 -1257.0000000000
7314 -1256.0000000000
7330 -1255.0000000000
7353 -1254.0000000000
7354 -1253.0000000000
7369 -1252.0000000000
7376 -1250.0000000000
7411 -1249.0000000000
7438 -1248.0000000000
7447 -1247.0000000000
7461 -1246.0000000000
7470 -1245.0000000000
7493 -1244.0000000000
7508 -1243.0000000000
7517 -1242.0000000000
7536 -1241.0000000000
7538 -1240.0000000000
7539 -1239.0000000000
7559 -1238.0000000000
7567 -1237.0000000000
7574 -1236.0000000000
7602 -1235.0000000000
7619 -1234.0000000000
7622 -1233.0000000000
7635 -1232.0000000000
7647 -1230.0000000000
7675 -1229.0000000000
7687 -1228.0000000000
7713 -1227.0000000000
7716 -1226.0000000000
7729 -1225.0000000000
7740 -1224.0000000000
7756 -1223.0000000000
7773 -1222.0000000000
7786 -1221.0000000000
7802 -1220.0000000000
7809 -1219.0000000000
7822 -1218.0000000000
7828 -1217.0000000000
7841 -1216.0000000000
7853 -1215.0000000000
7867 -1214.0000000000
7884 -1213.0000000000
7897 -1212.0000000000
7907 -1211.0000000000
7933 -1210.0000000000
7948 -1209.0000000000
7955 -1208.0000000000
7958 -1207.0000000000
7977 -1206.0000000000
7982 -1205.0000000000
7992 -1204.0000000000
8005 -1203.0000000000
8019 -1202.0000000000
8028 -1201.0000000000
8038 -1200.0000000000
8052 -1199.0000000000
8058 -1198.0000000000
8078 -1197.0000000000
8088 -1196.0000000000
8099 -1195.0000000000
8112 -1194.0000000000
8115 -1193.0000000000
8118 -1192.0000000000
8157 -1191.0000000000
8179 -1190.0000000000
8195 -1189.0000000000
8213 -1188.0000000000
8240 -1187.0000000000
8248 -1186.0000000000
8308 -1185.0000000000
8317 -1184.0000000000
8335 -1182.0000000000
8355 -1181.0000000000
8381 -1180.0000000000
8398 -1179.0000000000
8406 -1178.0000000000
8421 -1176.0000000000
8438 -1175.0000000000
8468 -1174.0000000000
8475 -1173.0000000000
8505 -1172.0000000000
8539 -1171.0000000000
8563 -1170.0000000000
8594 -1168.0000000000
8615 -1167.0000000000
8633 -1166.0000000000
8660 -1165.0000000000
8666 -1164.0000000000
8672 -1163.0000000000
8680 -1162.0000000000
8713 -1161.0000000000
8727 -1160.0000000000
8732 -1159.0000000000
8746 -1158.0000000000
8756 -1157.0000000000
8809 -1156.0000000000
8822 -1155.0000000000
8830 -1154.0000000000
8836 -1153.0000000000
8856 -1152.0000000000
8865 -1151.0000000000
8905 -1150.0000000000
8910 -1149.0000000000
8923 -1148.0000000000
8946 -1147.0000000000
8968 -1146.0000000000
8973 -1145.0000000000
8989 -1144.0000000000
9003 -1143.0000000000
9018 -1142.0000000000
9040 -1141.0000000000
9067 -1139.0000000000
9115 -1138.0000000000
9133 -1137.0000000000
9147 -1136.0000000000
9151 -1135.0000000000
9176 -1134.0000000000
9197 -1133.0000000000
9214 -1132.0000000000
9216 -1131.0000000000
9238 -1129.0000000000
9251 -1128.0000000000
9256 -1127.0000000000
9273 -1126.0000000000
9282 -1125.0000000000
9296 -1124.0000000000
9343 -1123.0000000000
9356 -1122.0000000000
9399 -1121.0000000000
9412 -1120.0000000000
9418 -1119.0000000000
9448 -1118.0000000000
9467 -1117.0000000000
9469 -1116.0000000000
9485 -1115.0000000000
9493 -1114.0000000000
9503 -1113.0000000000
9509 -1112.0000000000
9533 -1111.0000000000
9534 -1110.0000000000
9557 -1109.0000000000
9569 -1108.0000000000
9596 -1107.0000000000
9616 -1106.0000000000
9626 -1105.0000000000
9670 -1104.0000000000
9727 -1103.0000000000
9741 -1102.0000000000
9763 -1101.0000000000
9776 -1100.0000000000
9800 -1099.0000000000
9807 -1098.0000000000
9839 -1097.0000000000
9841 -1096.0000000000
9878 -1095.0000000000
9886 -1093.0000000000
9933 -1092.0000000000
9943 -1091.0000000000
9981 -1090.0000000000
10000 -1093.0000000000
evaluations raw_y
1 -2063.0000000000
2 -1982.0000000000
34 -1981.0000000000
39 -1980.0000000000
50 -1979.0000000000
58 -1978.0000000000
63 -1976.0000000000
79 -1975.0000000000
87 -1974.0000000000
96 -1973.0000000000
99 -1972.0000000000
103 -1971.0000000000
107 -1970.0000000000
121 -1968.0000000000
136 -1967.0000000000
169 -1966.0000000000
172 -1964.0000000000
177 -1963.0000000000
183 -1962.0000000000
197 -1961.0000000000
198 -1960.0000000000
202 -1959.0000000000
226 -1958.0000000000
236 -1957.0000000000
239 -1956.0000000000
256 -1955.0000000000
271 -1954.0000000000
275 -1953.0000000000
283 -1951.0000000000
306 -1950.0000000000
329 -1946.0000000000
354 -1945.0000000000
365 -1944.0000000000
373 -1941.0000000000
375 -1940.0000000000
382 -1939.0000000000
384 -1938.0000000000
417 -1937.0000000000
425 -1935.0000000000
449 -1934.0000000000
458 -1933.0000000000
469 -1932.0000000000
485 -1930.0000000000
492 -1929.0000000000
508 -1928.0000000000
520 -1927.0000000000
524 -1926.0000000000
546 -1925.0000000000
552 -1924.0000000000
560 -1923.0000000000
568 -1921.0000000000
577 -1920.0000000000
597 -1919.0000000000
618 -1918.0000000000
623 -1917.0000000000
645 -1915.0000000000
655 -1914.0000000000
663 -1913.0000000000
668 -1912.0000000000
679 -1911.0000000000
689 -1910.0000000000
691 -1909.0000000000
700 -1908.0000000000
714 -1907.0000000000
717 -1906.0000000000
732 -1905.0000000000
751 -1904.0000000000
763 -1903.0000000000
769 -1902.0000000000
772 -1901.0000000000
778 -1900.0000000000
789 -1899.0000000000
803 -1897.0000000000
806 -1896.0000000000
818 -1895.0000000000
822 -1894.0000000000
840 -1893.0000000000
841 -1891.0000000000
873 -1890.0000000000
891 -1889.0000000000
901 -1888.0000000000
911 -1887.0000000000
916 -1885.0000000000
921 -1884.0000000000
926 -1883.0000000000
939 -1882.0000000000
947 -1881.0000000000
954 -1880.0000000000
986 -1879.0000000000
994 -1878.0000000000
1000 -1877.0000000000
1017 -1876.0000000000
1018 -1875.0000000000
1025 -1874.0000000000
1033 -1872.0000000000
1035 -1871.0000000000
1040 -1870.0000000000
1046 -1868.0000000000
1074 -1867.0000000000
1080 -1865.0000000000
1087 -1864.0000000000
1093 -1863.0000000000
1108 -1862.0000000000
1120 -1861.0000000000
1127 -1860.0000000000
1131 -1858.0000000000
1136 -1857.0000000000
1137 -1856.0000000000
1153 -1855.0000000000
1160 -1854.0000000000
1173 -1852.0000000000
1176 -1851.0000000000
1197 -1850.0000000000
1207 -1848.0000000000
1227 -1847.0000000000
1248 -1846.0000000000
1252 -1845.0000000000
1265 -1843.0000000000
1266 -1842.0000000000
1292 -1841.0000000000
1306 -1840.0000000000
1325 -1839.0000000000
1340 -1838.0000000000
1350 -1837.0000000000
1365 -1836.0000000000
1372 -1834.0000000000
1382 -1833.0000000000
1397 -1832.0000000000
1400 -1830.0000000000
1418 -1829.0000000000
1424 -1828.0000000000
1434 -1827.0000000000
1442 -1826.0000000000
1445 -1825.0000000000
1446 -1824.0000000000
1455 -1823.0000000000
1469 -1822.0000000000
1484 -1819.0000000000
1488 -1818.0000000000
1495 -1817.0000000000
1505 -1816.0000000000
1515 -1815.0000000000
1524 -1814.0000000000
1539 -1813.0000000000
1546 -1812.0000000000
1554 -1811.0000000000
1577 -1810.0000000000
1585 -1809.0000000000
1590 -1807.0000000000
1613 -1806.0000000000
1617 -1805.0000000000
1621 -1804.0000000000
1634 -1803.0000000000
1639 -1802.0000000000
1647 -1801.0000000000
1654 -1800.0000000000
1660 -1799.0000000000
1663 -1797.0000000000
1685 -1796.0000000000
1688 -1795.0000000000
1689 -1794.0000000000
1708 -1793.0000000000
1712 -1792.0000000000
1727 -1790.0000000000
1748 -1789.0000000000
1766 -1788.0000000000
1776 -1787.0000000000
1789 -1786.0000000000
1800 -1785.0000000000
1809 -1784.0000000000
1820 -1783.0000000000
1827 -1782.0000000000
1841 -1781.0000000000
1856 -1780.0000000000
1864 -1779.0000000000
1878 -1778.0000000000
1887 -1777.0000000000
1894 -1776.0000000000
1908 -1775.0000000000
1919 -1774.0000000000
1920 -1773.0000000000
1943 -1772.0000000000
1954 -1771.0000000000
1974 -1770.0000000000
1981 -1769.0000000000
1996 -1768.0000000000
1998 -1767.0000000000
2006 -1766.0000000000
2009 -1765.0000000000
2013 -1764.0000000000
2042 -1760.0000000000
2072 -1759.0000000000
2084 -1758.0000000000
2096 -1757.0000000000
2104 -1756.0000000000
2114 -1755.0000000000
2118 -1754.0000000000
2121 -1753.0000000000
2122 -1752.0000000000
2132 -1751.0000000000
2144 -1750.0000000000
2162 -1748.0000000000
2176 -1747.0000000000
2198 -1746.0000000000
2212 -1745.0000000000
2219 -1744.0000000000
2241 -1743.0000000000
2242 -1742.0000000000
2260 -1741.0000000000
2268 -1740.0000000000
2275 -1739.0000000000
2278 -1738.0000000000
2285 -1737.0000000000
2298 -1736.0000000000
2305 -1735.0000000000
2308 -1734.0000000000
2316 -1733.0000000000
2327 -1732.0000000000
2346 -1731.0000000000
2354 -1730.0000000000
2368 -1729.0000000000
2378 -1728.0000000000
2379 -1727.0000000000
2398 -1726.0000000000
2402 -1725.0000000000
2405 -1724.0000000000
2431 -1723.0000000000
2437 -1722.0000000000
2439 -1721.0000000000
2453 -1720.0000000000
2454 -1719.0000000000
2458 -1717.0000000000
2470 -1716.0000000000
2471 -1714.0000000000
2484 -1713.0000000000
2487 -1712.0000000000
2508 -1710.0000000000
2524 -1709.0000000000
2525 -1708.0000000000
2529 -1707.0000000000
2553 -1706.0000000000
2561 -1705.0000000000
2585 -1704.0000000000
2606 -1703.0000000000
2609 -1702.0000000000
2620 -1701.0000000000
2637 -1700.0000000000
2656 -1699.0000000000
2663 -1698.0000000000
2668 -1697.0000000000
2692 -1696.0000000000
2694 -1695.0000000000
2710 -1694.0000000000
2727 -1693.0000000000
2728 -1692.0000000000
2773 -1691.0000000000
2777 -1690.0000000000
2797 -1689.0000000000
2805 -1687.0000000000
2818 -1686.0000000000
2829 -1685.0000000000
2835 -1684.0000000000
2863 -1683.0000000000
2887 -1682.0000000000
2905 -1681.0000000000
2914 -1680.0000000000
2927 -1679.0000000000
2941 -1678.0000000000
2943 -1677.0000000000
2944 -1675.0000000000
2974 -1673.0000000000
2989 -1672.0000000000
2993 -1671.0000000000
3007 -1669.0000000000
3014 -1667.0000000000
3044 -1666.0000000000
3049 -1665.0000000000
3056 -1663.0000000000
3084 -1662.0000000000
3092 -1661.0000000000
3113 -1660.0000000000
3119 -1659.0000000000
3134 -1658.0000000000
3150 -1657.0000000000
3158 -1656.0000000000
3170 -1655.0000000000
3185 -1654.0000000000
3190 -1653.0000000000
3192 -1652.0000000000
3200 -1651.0000000000
3209 -1650.0000000000
3228 -1649.0000000000
3245 -1648.0000000000
3251 -1647.0000000000
3277 -1646.0000000000
3282 -1645.0000000000
3293 -1644.0000000000
3294 -1643.0000000000
3304 -1642.0000000000
3307 -1641.0000000000
3309 -1640.0000000000
3316 -1639.0000000000
3324 -1638.0000000000
3337 -1637.0000000000
3349 -1636.0000000000
3350 -1635.0000000000
3356 -1634.0000000000
3359 -1633.0000000000
3367 -1632.0000000000
3371 -1630.0000000000
3405 -1629.0000000000
3419 -1628.0000000000
3431 -1627.0000000000
3441 -1626.0000000000
3447 -1625.0000000000
3455 -1624.0000000000
3478 -1623.0000000000
3484 -1622.0000000000
3488 -1621.0000000000
3496 -1618.0000000000
3498 -1617.0000000000
3502 -1616.0000000000
3508 -1615.0000000000
3539 -1614.0000000000
3543 -1613.0000000000
3551 -1610.0000000000
3558 -1609.0000000000
3564 -1608.0000000000
3600 -1607.0000000000
3603 -1606.0000000000
3606 -1605.0000000000
3618 -1604.0000000000
3634 -1603.0000000000
3654 -1602.0000000000
3657 -1601.0000000000
3669 -1600.0000000000
3677 -1599.0000000000
3713 -1598.0000000000
3714 -1597.0000000000
3734 -1596.0000000000
3742 -1595.0000000000
3765 -1594.0000000000
3783 -1592.0000000000
3787 -1591.0000000000
3800 -1590.0000000000
3816 -1589.0000000000
3821 -1588.0000000000
3837 -1586.0000000000
3841 -1585.0000000000
3856 -1584.0000000000
3884 -1583.0000000000
3894 -1582.0000000000
3913 -1581.0000000000
3919 -1580.0000000000
3921 -1579.0000000000
3930 -1578.0000000000
3938 -1577.0000000000
3955 -1576.0000000000
3969 -1575.0000000000
3976 -1574.0000000000
3990 -1573.0000000000
4019 -1572.0000000000
4020 -1571.0000000000
4033 -1570.0000000000
4037 -1569.0000000000
4042 -1568.0000000000
4064 -1567.0000000000
4077 -1566.0000000000
4079 -1565.0000000000
4081 -1564.0000000000
4086 -1563.0000000000
4092 -1562.0000000000
4098 -1561.0000000000
4110 -1560.0000000000
4114 -1559.0000000000
4115 -1558.0000000000
4134 -1557.0000000000
4136 -1556.0000000000
4139 -1555.0000000000
4169 -1554.0000000000
4174 -1551.0000000000
4200 -1549.0000000000
4204 -1548.0000000000
4217 -1547.0000000000
4231 -1546.0000000000
4245 -1545.0000000000
4259 -1542.0000000000
4279 -1540.0000000000
4293 -1539.0000000000
4294 -1538.0000000000
4304 -1536.0000000000
4309 -1535.0000000000
4324 -1534.0000000000
4338 -1533.0000000000
4364 -1532.0000000000
4366 -1531.0000000000
4379 -1530.0000000000
4391 -1529.0000000000
4401 -1528.0000000000
4411 -1527.0000000000
4427 -1526.0000000000
4457 -1525.0000000000
4459 -1524.0000000000
4464 -1523.0000000000
4478 -1522.0000000000
4485 -1521.0000000000
4495 -1520.0000000000
4497 -1518.0000000000
4537 -1517.0000000000
4567 -1516.0000000000
4569 -1515.0000000000
4589 -1514.0000000000
4607 -1513.0000000000
4620 -1512.0000000000
4624 -1510.0000000000
4634 -1509.0000000000
4638 -1508.0000000000
4650 -1507.0000000000
4680 -1504.0000000000
4682 -1503.0000000000
4723 -1502.0000000000
4739 -1501.0000000000
4749 -1500.0000000000
4753 -1498.0000000000
4772 -1497.0000000000
4774 -1496.0000000000
4796 -1495.0000000000
4804 -1494.0000000000
4832 -1493.0000000000
4855 -1492.0000000000
4877 -1490.0000000000
4880 -1489.0000000000
4898 -1487.0000000000
4916 -1486.0000000000
4923 -1485.0000000000
4939 -1484.0000000000
4945 -1483.0000000000
4979 -1482.0000000000
4995 -1481.0000000000
5008 -1480.0000000000
5015 -1479.0000000000
5016 -1478.0000000000
5023 -1476.0000000000
5037 -1475.0000000000
5052 -1474.0000000000
5067 -1473.0000000000
5088 -1472.0000000000
5091 -1471.0000000000
5100 -1470.0000000000
5106 -1469.0000000000
5122 -1468.0000000000
5127 -1466.0000000000
5144 -1465.0000000000
5155 -1464.0000000000
5163 -1463.0000000000
5173 -1462.0000000000
5181 -1461.0000000000
5185 -1460.0000000000
5193 -1459.0000000000
5209 -1458.0000000000
5225 -1457.0000000000
5246 -1456.0000000000
5253 -1455.0000000000
5260 -1453.0000000000
5272 -1451.0000000000
5313 -1450.0000000000
5314 -1449.0000000000
5318 -1448.0000000000
5326 -1447.0000000000
5345 -1446.0000000000
5356 -1445.0000000000
5370 -1444.0000000000
5379 -1443.0000000000
5395 -1442.0000000000
5413 -1441.0000000000
5429 -1439.0000000000
5465 -1438.0000000000
5476 -1437.0000000000
5482 -1436.0000000000
5503 -1435.0000000000
5512 -1433.0000000000
5513 -1431.0000000000
5558 -1430.0000000000
5567 -1428.0000000000
5593 -1427.0000000000
5598 -1426.0000000000
5604 -1425.0000000000
5614 -1424.0000000000
5628 -1423.0000000000
5649 -1422.0000000000
5656 -1421.0000000000
5660 -1419.0000000000
5690 -1418.0000000000
5706 -1417.0000000000
5712 -1416.0000000000
5741 -1415.0000000000
5781 -1414.0000000000
5791 -1413.0000000000
5793 -1412.0000000000
5806 -1411.0000000000
5822 -1409.0000000000
5844 -1408.0000000000
5853 -1407.0000000000
5875 -1406.0000000000
5876 -1405.0000000000
5893 -1404.0000000000
5897 -1402.0000000000
5905 -1401.0000000000
5925 -1400.0000000000
5932 -1397.0000000000
5957 -1396.0000000000
5962 -1395.0000000000
5974 -1393.0000000000
5982 -1392.0000000000
5991 -1391.0000000000
6014 -1390.0000000000
6024 -1389.0000000000
6038 -1388.0000000000
6055 -1387.0000000000
6067 -1386.0000000000
6077 -1385.0000000000
6082 -1384.0000000000
6088 -1383.0000000000
6103 -1382.0000000000
6126 -1381.0000000000
6134 -1380.0000000000
6139 -1379.0000000000
6155 -1378.0000000000
6167 -1375.0000000000
6193 -1374.0000000000
6204 -1373.0000000000
6210 -1372.0000000000
6232 -1371.0000000000
6246 -1370.0000000000
6259 -1369.0000000000
6273 -1368.0000000000
6275 -1366.0000000000
6293 -1365.0000000000
6303 -1364.0000000000
6336 -1363.0000000000
6337 -1362.0000000000
6352 -1361.0000000000
6368 -1360.0000000000
6383 -1358.0000000000
6423 -1357.0000000000
6442 -1356.0000000000
6460 -1355.0000000000
6485 -1354.0000000000
6496 -1353.0000000000
6530 -1352.0000000000
6542 -1351.0000000000
6551 -1350.0000000000
6587 -1347.0000000000
6590 -1346.0000000000
6610 -1345.0000000000
6616 -1343.0000000000
6631 -1342.0000000000
6660 -1341.0000000000
6680 -1340.0000000000
6683 -1339.0000000000
6685 -1338.0000000000
6715 -1337.0000000000
6743 -1336.0000000000
6748 -1335.0000000000
6760 -1334.0000000000
6785 -1332.0000000000
6793 -1331.0000000000
6806 -1330.0000000000
6841 -1329.0000000000
6852 -1328.0000000000
6866 -1327.0000000000
6867 -1326.0000000000
6892 -1325.0000000000
6903 -1324.0000000000
6915 -1323.0000000000
6929 -1322.0000000000
6958 -1320.0000000000
6966 -1319.0000000000
6997 -1318.0000000000
7008 -1317.0000000000
7020 -1316.0000000000
7029 -1315.0000000000
7033 -1314.0000000000
7057 -1313.0000000000
7071 -1312.0000000000
7079 -1311.0000000000
7084 -1309.0000000000
7140 -1308.0000000000
7162 -1307.0000000000
7178 -1305.0000000000
7190 -1304.0000000000
7200 -1303.0000000000
7220 -1301.0000000000
7239 -1300.0000000000
7252 -1299.0000000000
7261 -1298.0000000000
7274 -1297.0000000000
7301 -1296.0000000000
7323 -1295.0000000000
7341 -1294.0000000000
7349 -1293.0000000000
7385 -1292.0000000000
7389 -1291.0000000000
7399 -1290.0000000000
7402 -1288.0000000000
7432 -1287.0000000000
7470 -1286.0000000000
7485 -1284.0000000000
7491 -1283.0000000000
7515 -1282.0000000000
7517 -1281.0000000000
7527 -1280.0000000000
7534 -1279.0000000000
7543 -1278.0000000000
7565 -1277.0000000000
7572 -1276.0000000000
7596 -1274.0000000000
7612 -1273.0000000000
7620 -1272.0000000000
7629 -1271.0000000000
7639 -1270.0000000000
7672 -1269.0000000000
7711 -1268.0000000000
7721 -1267.0000000000
7738 -1266.0000000000
7740 -1265.0000000000
7758 -1264.0000000000
7768 -1263.0000000000
7791 -1262.0000000000
7794 -1261.0000000000
7796 -1260.0000000000
7813 -1259.0000000000
7817 -1258.0000000000
7832 -1257.0000000000
7849 -1256.0000000000
7858 -1255.0000000000
7862 -1254.0000000000
7874 -1253.0000000000
7890 -1252.0000000000
7896 -1251.0000000000
7902 -1250.0000000000
7920 -1249.0000000000
7949 -1248.0000000000
7956 -1247.0000000000
7958 -1245.0000000000
7993 -1244.0000000000
8003 -1243.0000000000
8023 -1242.0000000000
8025 -1241.0000000000
8043 -1240.0000000000
8070 -1239.0000000000
8077 -1238.0000000000
8087 -1237.0000000000
8091 -1236.0000000000
8105 -1235.0000000000
8108 -1233.0000000000
8113 -1232.0000000000
8143 -1231.0000000000
8148 -1229.0000000000
8173 -1228.0000000000
8209 -1227.0000000000
8236 -1226.0000000000
8238 -1225.0000000000
8239 -1224.0000000000
8256 -1222.0000000000
8296 -1221.0000000000
8313 -1220.0000000000
8317 -1219.0000000000
8328 -1218.0000000000
8341 -1217.0000000000
8362 -1216.0000000000
8383 -1215.0000000000
8400 -1214.0000000000
8402 -1213.0000000000
8433 -1212.0000000000
8452 -1211.0000000000
8460 -1210.0000000000
8467 -1209.0000000000
8476 -1208.0000000000
8484 -1207.0000000000
8489 -1206.0000000000
8507 -1204.0000000000
8529 -1203.0000000000
8577 -1202.0000000000
8578 -1201.0000000000
8581 -1200.0000000000
8613 -1199.0000000000
8615 -1198.0000000000
8651 -1197.0000000000
8666 -1196.0000000000
8682 -1195.0000000000
8685 -1194.0000000000
8718 -1193.0000000000
8722 -1192.0000000000
8732 -1191.0000000000
8748 -1190.0000000000
8763 -1189.0000000000
8777 -1188.0000000000
8798 -1187.0000000000
8805 -1185.0000000000
8827 -1184.0000000000
8848 -1181.0000000000
8876 -1180.0000000000
8904 -1179.0000000000
8932 -1178.0000000000
8939 -1177.0000000000
8978 -1176.0000000000
8984 -1175.0000000000
8988 -1174.0000000000
9004 -1173.0000000000
9016 -1172.0000000000
9042 -1170.0000000000
9071 -1169.0000000000
9076 -1168.0000000000
9101 -1167.0000000000
9143 -1166.0000000000
9151 -1165.0000000000
9170 -1164.0000000000
9182 -1163.0000000000
9199 -1162.0000000000
9247 -1161.0000000000
9267 -1159.0000000000
9298 -1158.0000000000
9321 -1156.0000000000
9335 -1155.0000000000
9339 -1154.0000000000
9358 -1153.0000000000
9367 -1152.0000000000
9380 -1150.0000000000
9395 -1149.0000000000
9407 -1147.0000000000
9427 -1145.0000000000
9430 -1144.0000000000
9448 -1143.0000000000
9465 -1142.0000000000
9472 -1141.0000000000
9473 -1140.0000000000
9474 -1139.0000000000
9509 -1138.0000000000
9515 -1137.0000000000
9531 -1136.0000000000
9541 -1135.0000000000
9570 -1134.0000000000
9585 -1133.0000000000
9606 -1132.0000000000
9617 -1131.0000000000
9630 -1130.0000000000
9671 -1129.0000000000
9687 -1128.0000000000
9708 -1127.0000000000
9725 -1126.0000000000
9740 -1125.0000000000
9756 -1123.0000000000
9767 -1122.0000000000
9768 -1121.0000000000
9770 -1120.0000000000
9774 -1119.0000000000
9788 -1118.0000000000
9801 -1117.0000000000
9828 -1116.0000000000
9831 -1115.0000000000
9848 -1114.0000000000
9857 -1113.0000000000
9876 -1112.0000000000
9899 -1111.0000000000
9912 -1110.0000000000
9943 -1109.0000000000
9965 -1108.0000000000
9981 -1107.0000000000
9998 -1106.0000000000
10000 -1110.0000000000
evaluations raw_y
1 -2008.0000000000
4 -1962.0000000000
30 -1961.0000000000
40 -1960.0000000000
43 -1959.0000000000
59 -1958.0000000000
64 -1957.0000000000
66 -1956.0000000000
68 -1955.0000000000
70 -1954.0000000000
80 -1953.0000000000
86 -1952.0000000000
99 -1950.0000000000
109 -1949.0000000000
110 -1948.0000000000
118 -1947.0000000000
135 -1946.0000000000
138 -1945.0000000000
139 -1944.0000000000
143 -1943.0000000000
154 -1942.0000000000
169 -1941.0000000000
183 -1940.0000000000
193 -1939.0000000000
199 -1938.0000000000
202 -1937.0000000000
206 -1936.0000000000
222 -1935.0000000000
237 -1934.0000000000
249 -1932.0000000000
261 -1931.0000000000
273 -1930.0000000000
284 -1929.0000000000
289 -1928.0000000000
293 -1927.0000000000
307 -1926.0000000000
316 -1925.0000000000
319 -1924.0000000000
321 -1923.0000000000
326 -1921.0000000000
336 -1920.0000000000
340 -1919.0000000000
367 -1918.0000000000
375 -1916.0000000000
383 -1915.0000000000
384 -1914.0000000000
386 -1913.0000000000
397 -1912.0000000000
413 -1911.0000000000
416 -1910.0000000000
427 -1909.0000000000
436 -1908.0000000000
451 -1906.0000000000
463 -1905.0000000000
483 -1904.0000000000
486 -1903.0000000000
487 -1902.0000000000
488 -1901.0000000000
489 -1900.0000000000
508 -1897.0000000000
510 -1894.0000000000
517 -1893.0000000000
556 -1892.0000000000
567 -1890.0000000000
577 -1889.0000000000
605 -1888.0000000000
621 -1887.0000000000
639 -1885.0000000000
657 -1884.0000000000
661 -1883.0000000000
665 -1882.0000000000
670 -1881.0000000000
673 -1880.0000000000
691 -1879.0000000000
693 -1878.0000000000
703 -1877.0000000000
720 -1876.0000000000
754 -1875.0000000000
760 -1874.0000000000
765 -1872.0000000000
787 -1870.0000000000
792 -1869.0000000000
810 -1868.0000000000
817 -1866.0000000000
828 -1865.0000000000
832 -1864.0000000000
842 -1863.0000000000
875 -1861.0000000000
888 -1860.0000000000
906 -1859.0000000000
910 -1858.0000000000
927 -1857.0000000000
939 -1856.0000000000
950 -1854.0000000000
955 -1853.0000000000
971 -1852.0000000000
973 -1851.0000000000
978 -1850.0000000000
994 -1849.0000000000
1006 -1848.0000000000
1025 -1846.0000000000
1028 -1845.0000000000
1050 -1844.0000000000
1055 -1843.0000000000
1061 -1842.0000000000
1093 -1841.0000000000
1094 -1840.0000000000
1097 -1838.0000000000
1117 -1837.0000000000
1129 -1836.0000000000
1150 -1835.0000000000
1164 -1834.0000000000
1166 -1833.0000000000
1181 -1832.0000000000
1190 -1831.0000000000
1192 -1830.0000000000
1203 -1829.0000000000
1216 -1828.0000000000
1221 -1827.0000000000
1224 -1826.0000000000
1235 -1825.0000000000
1241 -1824.0000000000
1246 -1823.0000000000
1253 -1822.0000000000
1262 -1821.0000000000
1296 -1820.0000000000
1301 -1819.0000000000
1302 -1818.0000000000
1304 -1817.0000000000
1314 -1816.0000000000
1341 -1815.0000000000
1346 -1814.0000000000
1363 -1813.0000000000
1375 -1812.0000000000
1387 -1810.0000000000
1411 -1809.0000000000
1424 -1808.0000000000
1425 -1807.0000000000
1435 -1806.0000000000
1444 -1805.0000000000
1448 -1804.0000000000
1457 -1803.0000000000
1460 -1800.0000000000
1471 -1799.0000000000
1473 -1798.0000000000
1486 -1797.0000000000
1495 -1796.0000000000
1503 -1795.0000000000
1508 -1794.0000000000
1515 -1793.0000000000
1533 -1792.0000000000
1537 -1791.0000000000
1546 -1790.0000000000
1549 -1789.0000000000
1563 -1786.0000000000
1567 -1785.0000000000
1587 -1784.0000000000
1594 -1783.0000000000
1600 -1782.0000000000
1611 -1781.0000000000
1620 -1780.0000000000
1626 -1779.0000000000
1642 -1778.0000000000
1653 -1777.0000000000
1664 -1776.0000000000
1669 -1775.0000000000
1695 -1774.0000000000
1708 -1773.0000000000
1723 -1772.0000000000
1737 -1771.0000000000
1743 -1770.0000000000
1746 -1769.0000000000
1762 -1768.0000000000
1781 -1767.0000000000
1786 -1766.0000000000
1792 -1764.0000000000
1812 -1763.0000000000
1817 -1762.0000000000
1832 -1761.0000000000
1835 -1759.0000000000
1847 -1758.0000000000
1860 -1757.0000000000
1869 -1756.0000000000
1897 -1755.0000000000
1902 -1754.0000000000
1915 -1753.0000000000
1921 -1752.0000000000
1937 -1751.0000000000
1939 -1750.0000000000
1952 -1749.0000000000
1971 -1748.0000000000
1978 -1747.0000000000
1989 -1746.0000000000
1996 -1745.0000000000
2019 -1744.0000000000
2045 -1743.0000000000
2054 -1742.0000000000
2064 -1741.0000000000
2078 -1739.0000000000
2083 -1738.0000000000
2091 -1736.0000000000
2097 -1733.0000000000
2104 -1732.0000000000
2107 -1731.0000000000
2108 -1728.0000000000
2123 -1727.0000000000
2134 -1726.0000000000
2146 -1725.0000000000
2152 -1724.0000000000
2161 -1723.0000000000
2173 -1721.0000000000
2197 -1720.0000000000
2205 -1719.0000000000
2225 -1718.0000000000
2250 -1716.0000000000
2257 -1715.0000000000
2266 -1714.0000000000
2285 -1713.0000000000
2290 -1712.0000000000
2312 -1711.0000000000
2314 -1710.0000000000
2341 -1709.0000000000
2343 -1708.0000000000
2348 -1706.0000000000
2353 -1705.0000000000
2357 -1704.0000000000
2369 -1703.0000000000
2374 -1702.0000000000
2391 -1701.0000000000
2403 -1700.0000000000
2404 -1699.0000000000
2413 -1698.0000000000
2427 -1697.0000000000
2439 -1696.0000000000
2444 -1695.0000000000
2457 -1694.0000000000
2466 -1693.0000000000
2471 -1692.0000000000
2479 -1691.0000000000
2483 -1690.0000000000
2489 -1688.0000000000
2495 -1687.0000000000
2497 -1686.0000000000
2512 -1685.0000000000
2522 -1684.0000000000
2525 -1683.0000000000
2526 -1680.0000000000
2562 -1679.0000000000
2598 -1678.0000000000
2602 -1676.0000000000
2610 -1674.0000000000
2633 -1673.0000000000
2659 -1672.0000000000
2674 -1671.0000000000
2682 -1670.0000000000
2696 -1669.0000000000
2705 -1668.0000000000
2709 -1667.0000000000
2710 -1666.0000000000
2724 -1665.0000000000
2726 -1664.0000000000
2732 -1663.0000000000
2735 -1662.0000000000
2753 -1661.0000000000
2757 -1660.0000000000
2764 -1658.0000000000
2767 -1657.0000000000
2785 -1656.0000000000
2795 -1654.0000000000
2812 -1653.0000000000
2820 -1652.0000000000
2828 -1651.0000000000
2844 -1650.0000000000
2858 -1649.0000000000
2873 -1647.0000000000
2886 -1646.0000000000
2911 -1644.0000000000
2933 -1643.0000000000
2937 -1642.0000000000
2942 -1641.0000000000
2963 -1640.0000000000
2967 -1639.0000000000
2978 -1637.0000000000
2988 -1636.0000000000
3013 -1635.0000000000
3017 -1634.0000000000
3028 -1632.0000000000
3045 -1631.0000000000
3048 -1630.0000000000
3060 -1627.0000000000
3079 -1626.0000000000
3098 -1625.0000000000
3100 -1624.0000000000
3106 -1623.0000000000
3124 -1622.0000000000
3125 -1621.0000000000
3127 -1619.0000000000
3160 -1618.0000000000
3172 -1617.0000000000
3181 -1616.0000000000
3188 -1615.0000000000
3194 -1614.0000000000
3202 -1613.0000000000
3207 -1612.0000000000
3222 -1611.0000000000
3229 -1610.0000000000
3240 -1609.0000000000
3247 -1607.0000000000
3249 -1606.0000000000
3271 -1605.0000000000
3293 -1604.0000000000
3295 -1601.0000000000
3301 -1600.0000000000
3349 -1599.0000000000
3378 -1598.0000000000
3381 -1597.0000000000
3384 -1596.0000000000
3410 -1595.0000000000
3411 -1594.0000000000
3425 -1593.0000000000
3455 -1592.0000000000
3461 -1591.0000000000
3471 -1589.0000000000
3485 -1588.0000000000
3498 -1587.0000000000
3499 -1586.0000000000
3509 -1585.0000000000
3519 -1584.0000000000
3537 -1582.0000000000
3551 -1581.0000000000
3562 -1580.0000000000
3570 -1579.0000000000
3598 -1578.0000000000
3613 -1577.0000000000
3616 -1576.0000000000
3622 -1575.0000000000
3626 -1574.0000000000
3637 -1573.0000000000
3644 -1572.0000000000
3658 -1571.0000000000
3671 -1570.0000000000
3679 -1569.0000000000
3696 -1568.0000000000
3727 -1567.0000000000
3731 -1565.0000000000
3758 -1564.0000000000
3767 -1563.0000000000
3798 -1561.0000000000
3821 -1560.0000000000
3827 -1559.0000000000
3842 -1558.0000000000
3851 -1557.0000000000
3860 -1556.0000000000
3865 -1555.0000000000
3870 -1554.0000000000
3895 -1553.0000000000
3898 -1552.0000000000
3904 -1551.0000000000
3936 -1550.0000000000
3944 -1549.0000000000
3953 -1547.0000000000
3966 -1546.0000000000
3971 -1545.0000000000
3991 -1544.0000000000
4025 -1542.0000000000
4035 -1541.0000000000
4043 -1540.0000000000
4049 -1539.0000000000
4089 -1537.0000000000
4101 -1535.0000000000
4106 -1534.0000000000
4134 -1533.0000000000
4146 -1532.0000000000
4159 -1531.0000000000
4160 -1530.0000000000
4175 -1529.0000000000
4196 -1528.0000000000
4207 -1527.0000000000
4223 -1526.0000000000
4233 -1525.0000000000
4236 -1523.0000000000
4250 -1522.0000000000
4267 -1521.0000000000
4289 -1520.0000000000
4290 -1519.0000000000
4318 -1518.0000000000
4329 -1516.0000000000
4342 -1515.0000000000
4356 -1514.0000000000
4365 -1513.0000000000
4371 -1511.0000000000
4386 -1510.0000000000
4390 -1509.0000000000
4407 -1508.0000000000
4413 -1507.0000000000
4429 -1506.0000000000
4445 -1505.0000000000
4453 -1502.0000000000
4459 -1501.0000000000
4464 -1500.0000000000
4481 -1499.0000000000
4487 -1498.0000000000
4491 -1497.0000000000
4517 -1496.0000000000
4528 -1495.0000000000
4553 -1494.0000000000
4560 -1492.0000000000
4581 -1491.0000000000
4590 -1490.0000000000
4593 -1489.0000000000
4604 -1488.0000000000
4612 -1487.0000000000
4643 -1486.0000000000
4649 -1485.0000000000
4652 -1484.0000000000
4666 -1482.0000000000
4706 -1481.0000000000
4729 -1480.0000000000
4749 -1479.0000000000
4752 -1478.0000000000
4755 -1476.0000000000
4782 -1475.0000000000
4791 -1474.0000000000
4805 -1473.0000000000
4810 -1472.0000000000
4811 -1471.0000000000
4844 -1470.0000000000
4851 -1469.0000000000
4863 -1468.0000000000
4871 -1467.0000000000
4890 -1464.0000000000
4904 -1463.0000000000
4906 -1462.0000000000
4917 -1460.0000000000
4927 -1459.0000000000
4960 -1458.0000000000
4981 -1457.0000000000
4987 -1456.0000000000
4999 -1455.0000000000
5015 -1453.0000000000
5020 -1452.0000000000
5037 -1451.0000000000
5067 -1450.0000000000
5081 -1448.0000000000
5109 -1447.0000000000
5125 -1446.0000000000
5134 -1445.0000000000
5155 -1443.0000000000
5168 -1442.0000000000
5177 -1441.0000000000
5197 -1440.0000000000
5222 -1439.0000000000
5227 -1438.0000000000
5243 -1437.0000000000
5249 -1436.0000000000
5274 -1435.0000000000
5277 -1434.0000000000
5285 -1433.0000000000
5306 -1432.0000000000
5332 -1431.0000000000
5344 -1430.0000000000
5355 -1429.0000000000
5356 -1428.0000000000
5364 -1427.0000000000
5374 -1426.0000000000
5393 -1425.0000000000
5394 -1424.0000000000
5424 -1423.0000000000
5446 -1421.0000000000
5451 -1420.0000000000
5460 -1419.0000000000
5466 -1418.0000000000
5491 -1417.0000000000
5502 -1416.0000000000
5533 -1415.0000000000
5554 -1414.0000000000
5591 -1413.0000000000
5598 -1412.0000000000
5613 -1411.0000000000
5629 -1410.0000000000
5632 -1409.0000000000
5646 -1408.0000000000
5661 -1407.0000000000
5681 -1406.0000000000
5688 -1404.0000000000
5690 -1403.0000000000
5714 -1402.0000000000
5720 -1401.0000000000
5736 -1399.0000000000
5754 -1398.0000000000
5782 -1397.0000000000
5797 -1396.0000000000
5815 -1395.0000000000
5819 -1394.0000000000
5843 -1393.0000000000
5858 -1392.0000000000
5864 -1391.0000000000
5866 -1390.0000000000
5877 -1389.0000000000
5890 -1388.0000000000
5896 -1387.0000000000
5901 -1386.0000000000
5915 -1385.0000000000
5929 -1384.0000000000
5938 -1383.0000000000
5958 -1382.0000000000
5960 -1381.0000000000
5969 -1380.0000000000
5976 -1379.0000000000
5997 -1378.0000000000
6002 -1377.0000000000
6014 -1376.0000000000
6028 -1375.0000000000
6032 -1374.0000000000
6067 -1373.0000000000
6094 -1372.0000000000
6121 -1371.0000000000
6127 -1370.0000000000
6139 -1369.0000000000
6143 -1368.0000000000
6151 -1367.0000000000
6171 -1366.0000000000
6197 -1365.0000000000
6205 -1362.0000000000
6207 -1360.0000000000
6244 -1359.0000000000
6249 -1358.0000000000
6259 -1357.0000000000
6284 -1356.0000000000
6299 -1354.0000000000
6313 -1353.0000000000
6321 -1352.0000000000
6337 -1351.0000000000
6347 -1350.0000000000
6366 -1349.0000000000
6385 -1348.0000000000
6391 -1345.0000000000
6402 -1344.0000000000
6403 -1343.0000000000
6406 -1342.0000000000
6424 -1341.0000000000
6444 -1340.0000000000
6464 -1339.0000000000
6487 -1338.0000000000
6493 -1337.0000000000
6501 -1335.0000000000
6527 -1334.0000000000
6530 -1333.0000000000
6566 -1332.0000000000
6607 -1331.0000000000
6629 -1330.0000000000
6639 -1329.0000000000
6653 -1328.0000000000
6692 -1327.0000000000
6694 -1326.0000000000
6717 -1324.0000000000
6741 -1322.0000000000
6760 -1321.0000000000
6771 -1320.0000000000
6781 -1319.0000000000
6809 -1318.0000000000
6818 -1317.0000000000
6832 -1316.0000000000
6852 -1315.0000000000
6862 -1314.0000000000
6865 -1313.0000000000
6889 -1312.0000000000
6895 -1310.0000000000
6935 -1309.0000000000
6973 -1308.0000000000
6982 -1307.0000000000
6996 -1306.0000000000
7005 -1305.0000000000
7028 -1304.0000000000
7030 -1303.0000000000
7049 -1302.0000000000
7058 -1301.0000000000
7071 -1300.0000000000
7079 -1299.0000000000
7094 -1298.0000000000
7098 -1297.0000000000
7112 -1296.0000000000
7118 -1295.0000000000
7141 -1293.0000000000
7179 -1292.0000000000
7201 -1291.0000000000
7205 -1290.0000000000
7220 -1289.0000000000
7226 -1288.0000000000
7267 -1287.0000000000
7280 -1286.0000000000
7285 -1285.0000000000
7293 -1284.0000000000
7320 -1283.0000000000
7328 -1282.0000000000
7329 -1281.0000000000
7356 -1280.0000000000
7376 -1279.0000000000
7394 -1278.0000000000
7426 -1276.0000000000
7435 -1275.0000000000
7455 -1274.0000000000
7464 -1273.0000000000
7469 -1272.0000000000
7473 -1271.0000000000
7494 -1269.0000000000
7509 -1268.0000000000
7522 -1267.0000000000
7526 -1265.0000000000
7536 -1264.0000000000
7540 -1263.0000000000
7557 -1262.0000000000
7589 -1261.0000000000
7590 -1259.0000000000
7609 -1257.0000000000
7625 -1256.0000000000
7638 -1255.0000000000
7639 -1254.0000000000
7641 -1253.0000000000
7674 -1252.0000000000
7685 -1251.0000000000
7706 -1250.0000000000
7719 -1249.0000000000
7743 -1248.0000000000
7767 -1247.0000000000
7825 -1246.0000000000
7837 -1245.0000000000
7866 -1244.0000000000
7896 -1243.0000000000
7905 -1242.0000000000
7910 -1241.0000000000
7926 -1240.0000000000
7932 -1239.0000000000
7941 -1238.0000000000
7959 -1237.0000000000
7990 -1236.0000000000
7991 -1234.0000000000
8031 -1233.0000000000
8033 -1232.0000000000
8059 -1231.0000000000
8071 -1230.0000000000
8101 -1229.0000000000
8122 -1228.0000000000
8137 -1227.0000000000
8173 -1226.0000000000
8176 -1225.0000000000
8180 -1224.0000000000
8187 -1223.0000000000
8216 -1222.0000000000
8221 -1221.0000000000
8252 -1219.0000000000
8281 -1218.0000000000
8294 -1217.0000000000
8351 -1216.0000000000
8379 -1215.0000000000
8385 -1214.0000000000
8414 -1212.0000000000
8421 -1211.0000000000
8438 -1210.0000000000
8444 -1209.0000000000
8464 -1208.0000000000
8473 -1207.0000000000
8475 -1206.0000000000
8499 -1205.0000000000
8506 -1204.0000000000
8541 -1203.0000000000
8544 -1202.0000000000
8548 -1201.0000000000
8555 -1200.0000000000
8567 -1199.0000000000
8574 -1198.0000000000
8596 -1197.0000000000
8603 -1196.0000000000
8606 -1194.0000000000
8609 -1193.0000000000
8630 -1192.0000000000
8642 -1191.0000000000
8652 -1190.0000000000
8669 -1189.0000000000
8685 -1188.0000000000
8696 -1187.0000000000
8704 -1186.0000000000
8706 -1185.0000000000
8713 -1184.0000000000
8740 -1183.0000000000
8750 -1182.0000000000
8770 -1181.0000000000
8785 -1179.0000000000
8801 -1177.0000000000
8824 -1176.0000000000
8828 -1175.0000000000
8857 -1174.0000000000
8863 -1173.0000000000
8904 -1172.0000000000
8918 -1171.0000000000
8921 -1170.0000000000
8941 -1168.0000000000
8947 -1167.0000000000
8956 -1166.0000000000
8994 -1165.0000000000
9011 -1164.0000000000
9026 -1163.0000000000
9036 -1162.0000000000
9038 -1161.0000000000
9046 -1160.0000000000
9049 -1159.0000000000
9081 -1158.0000000000
9086 -1157.0000000000
9122 -1156.0000000000
9127 -1155.0000000000
9146 -1153.0000000000
9153 -1152.0000000000
9171 -1151.0000000000
9177 -1150.0000000000
9196 -1149.0000000000
9221 -1148.0000000000
9223 -1146.0000000000
9239 -1145.0000000000
9254 -1144.0000000000
9271 -1143.0000000000
9275 -1142.0000000000
9304 -1140.0000000000
9366 -1139.0000000000
9369 -1138.0000000000
9387 -1137.0000000000
9391 -1136.0000000000
9414 -1135.0000000000
9420 -1134.0000000000
9434 -1133.0000000000
9456 -1132.0000000000
9463 -1131.0000000000
9478 -1130.0000000000
9499 -1129.0000000000
9525 -1128.0000000000
9529 -1127.0000000000
9575 -1126.0000000000
9601 -1125.0000000000
9621 -1124.0000000000
9645 -1123.0000000000
9659 -1121.0000000000
9665 -1120.0000000000
9682 -1119.0000000000
9700 -1118.0000000000
9743 -1116.0000000000
9747 -1115.0000000000
9751 -1113.0000000000
9773 -1112.0000000000
9785 -1111.0000000000
9787 -1110.0000000000
9802 -1109.0000000000
9807 -1108.0000000000
9827 -1107.0000000000
9829 -1106.0000000000
9838 -1105.0000000000
9849 -1104.0000000000
9855 -1103.0000000000
9889 -1102.0000000000
9905 -1101.0000000000
9913 -1100.0000000000
9915 -1099.0000000000
9949 -1098.0000000000
9950 -1097.0000000000
9981 -1095.0000000000
10000 -1098.0000000000
evaluations raw_y
1 -2039.0000000000
2 -2019.0000000000
3 -1989.0000000000
5 -1973.0000000000
9 -1969.0000000000
30 -1968.0000000000
36 -1967.0000000000
38 -1966.0000000000
48 -1965.0000000000
60 -1964.0000000000
79 -1963.0000000000
89 -1962.0000000000
93 -1961.0000000000
104 -1960.0000000000
120 -1959.0000000000
121 -1957.0000000000
125 -1956.0000000000
135 -1955.0000000000
140 -1954.0000000000
153 -1953.0000000000
159 -1952.0000000000
164 -1950.0000000000
169 -1949.0000000000
182 -1948.0000000000
194 -1947.0000000000
205 -1946.0000000000
211 -1945.0000000000
213 -1944.0000000000
230 -1942.0000000000
248 -1941.0000000000
259 -1940.0000000000
274 -1939.0000000000
282 -1934.0000000000
302 -1933.0000000000
306 -1931.0000000000
322 -1930.0000000000
327 -1929.0000000000
348 -1928.0000000000
359 -1927.0000000000
362 -1926.0000000000
372 -1925.0000000000
385 -1924.0000000000
390 -1923.0000000000
394 -1922.0000000000
407 -1921.0000000000
415 -1920.0000000000
426 -1919.0000000000
427 -1918.0000000000
428 -1917.0000000000
445 -1916.0000000000
453 -1915.0000000000
456 -1914.0000000000
472 -1913.0000000000
485 -1912.0000000000
490 -1911.0000000000
494 -1910.0000000000
503 -1909.0000000000
504 -1908.0000000000
506 -1907.0000000000
511 -1906.0000000000
518 -1905.0000000000
533 -1904.0000000000
550 -1901.0000000000
556 -1900.0000000000
566 -1899.0000000000
571 -1898.0000000000
591 -1897.0000000000
602 -1894.0000000000
633 -1893.0000000000
656 -1891.0000000000
659 -1889.0000000000
679 -1887.0000000000
684 -1886.0000000000
713 -1885.0000000000
721 -1884.0000000000
723 -1883.0000000000
737 -1881.0000000000
739 -1880.0000000000
744 -1879.0000000000
748 -1878.0000000000
749 -1876.0000000000
759 -1875.0000000000
778 -1873.0000000000
798 -1872.0000000000
814 -1871.0000000000
825 -1870.0000000000
827 -1869.0000000000
832 -1868.0000000000
838 -1867.0000000000
851 -1866.0000000000
855 -1865.0000000000
868 -1864.0000000000
879 -1863.0000000000
883 -1862.0000000000
902 -1861.0000000000
906 -1860.0000000000
910 -1859.0000000000
921 -1858.0000000000
923 -1857.0000000000
938 -1856.0000000000
959 -1854.0000000000
970 -1853.0000000000
980 -1851.0000000000
990 -1850.0000000000
994 -1849.0000000000
1011 -1848.0000000000
1012 -1847.0000000000
1016 -1845.0000000000
1034 -1844.0000000000
1045 -1843.0000000000
1056 -1842.0000000000
1073 -1841.0000000000
1080 -1840.0000000000
1095 -1838.0000000000
1121 -1835.0000000000
1132 -1834.0000000000
1153 -1832.0000000000
1177 -1831.0000000000
1186 -1830.0000000000
1193 -1829.0000000000
1212 -1828.0000000000
1229 -1827.0000000000
1239 -1826.0000000000
1254 -1825.0000000000
1256 -1824.0000000000
1262 -1823.0000000000
1269 -1821.0000000000
1283 -1820.0000000000
1300 -1819.0000000000
1308 -1817.0000000000
1329 -1816.0000000000
1334 -1815.0000000000
1357 -1814.0000000000
1365 -1813.0000000000
1367 -1812.0000000000
1370 -1811.0000000000
1374 -1810.0000000000
1389 -1809.0000000000
1401 -1808.0000000000
1421 -1805.0000000000
1450 -1804.0000000000
1451 -1802.0000000000
1466 -1801.0000000000
1471 -1800.0000000000
1473 -1799.0000000000
1491 -1798.0000000000
1495 -1797.0000000000
1499 -1796.0000000000
1510 -1795.0000000000
1516 -1794.0000000000
1531 -1793.0000000000
1549 -1792.0000000000
1564 -1791.0000000000
1565 -1790.0000000000
1597 -1789.0000000000
1604 -1788.0000000000
1605 -1787.0000000000
1616 -1786.0000000000
1631 -1785.0000000000
1639 -1784.0000000000
1653 -1782.0000000000
1668 -1781.0000000000
1676 -1780.0000000000
1680 -1779.0000000000
1687 -1778.0000000000
1695 -1777.0000000000
1714 -1776.0000000000
1732 -1775.0000000000
1743 -1773.0000000000
1761 -1772.0000000000
1765 -1771.0000000000
1773 -1770.0000000000
1787 -1768.0000000000
1820 -1767.0000000000
1824 -1766.0000000000
1839 -1765.0000000000
1847 -1764.0000000000
1864 -1763.0000000000
1891 -1762.0000000000
1895 -1761.0000000000
1901 -1760.0000000000
1914 -1759.0000000000
1920 -1757.0000000000
1923 -1756.0000000000
1932 -1755.0000000000
1936 -1754.0000000000
1937 -1753.0000000000
1955 -1752.0000000000
1961 -1751.0000000000
1973 -1750.0000000000
1975 -1749.0000000000
2003 -1748.0000000000
2009 -1747.0000000000
2011 -1746.0000000000
2023 -1744.0000000000
2031 -1743.0000000000
2066 -1742.0000000000
2077 -1741.0000000000
2105 -1740.0000000000
2113 -1739.0000000000
2127 -1738.0000000000
2146 -1737.0000000000
2157 -1736.0000000000
2161 -1734.0000000000
2181 -1733.0000000000
2185 -1732.0000000000
2193 -1731.0000000000
2202 -1730.0000000000
2203 -1729.0000000000
2221 -1728.0000000000
2241 -1727.0000000000
2253 -1726.0000000000
2258 -1725.0000000000
2274 -1724.0000000000
2293 -1723.0000000000
2295 -1722.0000000000
2312 -1721.0000000000
2313 -1720.0000000000
2319 -1719.0000000000
2335 -1717.0000000000
2337 -1716.0000000000
2340 -1715.0000000000
2348 -1714.0000000000
2365 -1713.0000000000
2375 -1712.0000000000
2379 -1710.0000000000
2407 -1709.0000000000
2421 -1708.0000000000
2437 -1707.0000000000
2438 -1706.0000000000
2439 -1705.0000000000
2461 -1704.0000000000
2469 -1703.0000000000
2470 -1702.0000000000
2472 -1701.0000000000
2489 -1700.0000000000
2511 -1698.0000000000
2536 -1696.0000000000
2552 -1695.0000000000
2565 -1694.0000000000
2568 -1693.0000000000
2578 -1692.0000000000
2583 -1691.0000000000
2587 -1690.0000000000
2593 -1689.0000000000
2621 -1687.0000000000
2624 -1686.0000000000
2653 -1684.0000000000
2657 -1683.0000000000
2665 -1682.0000000000
2673 -1681.0000000000
2680 -1680.0000000000
2699 -1679.0000000000
2707 -1678.0000000000
2724 -1677.0000000000
2727 -1676.0000000000
2741 -1675.0000000000
2754 -1674.0000000000
2773 -1673.0000000000
2774 -1672.0000000000
2781 -1671.0000000000
2782 -1669.0000000000
2808 -1667.0000000000
2835 -1666.0000000000
2839 -1665.0000000000
2859 -1664.0000000000
2871 -1663.0000000000
2897 -1662.0000000000
2900 -1661.0000000000
2907 -1660.0000000000
2914 -1659.0000000000
2925 -1658.0000000000
2944 -1657.0000000000
2966 -1656.0000000000
2985 -1655.0000000000
2990 -1654.0000000000
2999 -1653.0000000000
3006 -1652.0000000000
3020 -1651.0000000000
3032 -1650.0000000000
3040 -1649.0000000000
3042 -1648.0000000000
3058 -1645.0000000000
3064 -1644.0000000000
3078 -1643.0000000000
3096 -1642.0000000000
3113 -1641.0000000000
3115 -1640.0000000000
3118 -1639.0000000000
3124 -1638.0000000000
3130 -1637.0000000000
3153 -1636.0000000000
3158 -1635.0000000000
3173 -1634.0000000000
3197 -1633.0000000000
3211 -1632.0000000000
3220 -1631.0000000000
3226 -1629.0000000000
3266 -1628.0000000000
3268 -1627.0000000000
3271 -1626.0000000000
3276 -1625.0000000000
3302 -1624.0000000000
3323 -1623.0000000000
3324 -1622.0000000000
3334 -1621.0000000000
3337 -1620.0000000000
3342 -1619.0000000000
3349 -1618.0000000000
3358 -1617.0000000000
3368 -1616.0000000000
3376 -1615.0000000000
3377 -1614.0000000000
3404 -1613.0000000000
3428 -1611.0000000000
3434 -1610.0000000000
3457 -1608.0000000000
3459 -1606.0000000000
3467 -1605.0000000000
3468 -1604.0000000000
3484 -1603.0000000000
3488 -1602.0000000000
3497 -1601.0000000000
3507 -1600.0000000000
3526 -1598.0000000000
3530 -1596.0000000000
3548 -1595.0000000000
3567 -1593.0000000000
3582 -1592.0000000000
3603 -1590.0000000000
3606 -1589.0000000000
3607 -1588.0000000000
3619 -1587.0000000000
3643 -1586.0000000000
3647 -1583.0000000000
3674 -1582.0000000000
3675 -1581.0000000000
3680 -1580.0000000000
3707 -1579.0000000000
3708 -1578.0000000000
3728 -1577.0000000000
3735 -1576.0000000000
3753 -1575.0000000000
3765 -1574.0000000000
3805 -1573.0000000000
3817 -1572.0000000000
3828 -1571.0000000000
3844 -1570.0000000000
3846 -1568.0000000000
3861 -1567.0000000000
3864 -1566.0000000000
3872 -1565.0000000000
3911 -1564.0000000000
3918 -1563.0000000000
3930 -1562.0000000000
3951 -1561.0000000000
3964 -1559.0000000000
3968 -1558.0000000000
3992 -1556.0000000000
4006 -1554.0000000000
4012 -1553.0000000000
4037 -1552.0000000000
4052 -1551.0000000000
4062 -1550.0000000000
4075 -1548.0000000000
4091 -1547.0000000000
4092 -1546.0000000000
4100 -1545.0000000000
4107 -1544.0000000000
4114 -1543.0000000000
4115 -1542.0000000000
4122 -1541.0000000000
4136 -1540.0000000000
4137 -1538.0000000000
4169 -1537.0000000000
4182 -1536.0000000000
4211 -1535.0000000000
4236 -1534.0000000000
4240 -1533.0000000000
4254 -1532.0000000000
4261 -1531.0000000000
4280 -1530.0000000000
4295 -1529.0000000000
4306 -1528.0000000000
4309 -1527.0000000000
4318 -1526.0000000000
4322 -1525.0000000000
4347 -1524.0000000000
4348 -1523.0000000000
4350 -1522.0000000000
4371 -1521.0000000000
4380 -1520.0000000000
4406 -1519.0000000000
4430 -1518.0000000000
4453 -1517.0000000000
4472 -1516.0000000000
4474 -1514.0000000000
4488 -1513.0000000000
4518 -1512.0000000000
4521 -1511.0000000000
4538 -1510.0000000000
4539 -1509.0000000000
4541 -1508.0000000000
4579 -1507.0000000000
4587 -1506.0000000000
4611 -1505.0000000000
4617 -1504.0000000000
4646 -1503.0000000000
4647 -1502.0000000000
4661 -1501.0000000000
4669 -1499.0000000000
4697 -1498.0000000000
4712 -1496.0000000000
4720 -1495.0000000000
4743 -1494.0000000000
4757 -1492.0000000000
4773 -1491.0000000000
4786 -1490.0000000000
4829 -1488.0000000000
4850 -1487.0000000000
4862 -1486.0000000000
4888 -1485.0000000000
4894 -1483.0000000000
4905 -1482.0000000000
4916 -1481.0000000000
4947 -1480.0000000000
4983 -1479.0000000000
4995 -1478.0000000000
5007 -1477.0000000000
5013 -1476.0000000000
5015 -1474.0000000000
5040 -1472.0000000000
5053 -1471.0000000000
5066 -1470.0000000000
5092 -1469.0000000000
5096 -1468.0000000000
5118 -1466.0000000000
5119 -1465.0000000000
5130 -1464.0000000000
5143 -1463.0000000000
5149 -1461.0000000000
5172 -1460.0000000000
5175 -1459.0000000000
5194 -1458.0000000000
5197 -1457.0000000000
5216 -1456.0000000000
5227 -1455.0000000000
5242 -1454.0000000000
5247 -1453.0000000000
5250 -1451.0000000000
5277 -1449.0000000000
5290 -1448.0000000000
5292 -1447.0000000000
5307 -1445.0000000000
5322 -1444.0000000000
5332 -1443.0000000000
5352 -1442.0000000000
5361 -1441.0000000000
5373 -1440.0000000000
5391 -1439.0000000000
5395 -1438.0000000000
5414 -1437.0000000000
5419 -1436.0000000000
5426 -1434.0000000000
5430 -1433.0000000000
5441 -1432.0000000000
5465 -1431.0000000000
5481 -1430.0000000000
5490 -1429.0000000000
5493 -1428.0000000000
5498 -1427.0000000000
5499 -1426.0000000000
5512 -1425.0000000000
5517 -1424.0000000000
5522 -1422.0000000000
5527 -1421.0000000000
5545 -1420.0000000000
5556 -1419.0000000000
5564 -1417.0000000000
5592 -1416.0000000000
5626 -1415.0000000000
5627 -1414.0000000000
5634 -1413.0000000000
5637 -1412.0000000000
5656 -1411.0000000000
5672 -1410.0000000000
5684 -1409.0000000000
5724 -1407.0000000000
5730 -1406.0000000000
5739 -1405.0000000000
5753 -1404.0000000000
5759 -1403.0000000000
5774 -1401.0000000000
5795 -1399.0000000000
5807 -1396.0000000000
5831 -1395.0000000000
5846 -1394.0000000000
5860 -1393.0000000000
5874 -1392.0000000000
5875 -1391.0000000000
5879 -1390.0000000000
5880 -1389.0000000000
5911 -1388.0000000000
5915 -1387.0000000000
5919 -1386.0000000000
5928 -1385.0000000000
5943 -1384.0000000000
5946 -1383.0000000000
5958 -1382.0000000000
5960 -1380.0000000000
5967 -1379.0000000000
5997 -1378.0000000000
6017 -1377.0000000000
6028 -1376.0000000000
6046 -1374.0000000000
6051 -1373.0000000000
6057 -1372.0000000000
6061 -1371.0000000000
6076 -1370.0000000000
6106 -1369.0000000000
6122 -1368.0000000000
6146 -1367.0000000000
6167 -1366.0000000000
6173 -1365.0000000000
6197 -1364.0000000000
6201 -1363.0000000000
6214 -1362.0000000000
6221 -1361.0000000000
6234 -1360.0000000000
6248 -1359.0000000000
6251 -1358.0000000000
6254 -1357.0000000000
6273 -1356.0000000000
6285 -1355.0000000000
6296 -1354.0000000000
6318 -1353.0000000000
6333 -1352.0000000000
6351 -1350.0000000000
6367 -1349.0000000000
6369 -1348.0000000000
6373 -1346.0000000000
6389 -1345.0000000000
6405 -1343.0000000000
6408 -1342.0000000000
6427 -1341.0000000000
6445 -1340.0000000000
6466 -1339.0000000000
6480 -1338.0000000000
6498 -1337.0000000000
6514 -1336.0000000000
6519 -1335.0000000000
6555 -1334.0000000000
6562 -1332.0000000000
6582 -1331.0000000000
6593 -1330.0000000000
6606 -1329.0000000000
6622 -1328.0000000000
6626 -1326.0000000000
6637 -1325.0000000000
6672 -1324.0000000000
6690 -1323.0000000000
6704 -1321.0000000000
6713 -1320.0000000000
6722 -1319.0000000000
6736 -1318.0000000000
6757 -1317.0000000000
6767 -1316.0000000000
6782 -1315.0000000000
6792 -1314.0000000000
6797 -1313.0000000000
6808 -1312.0000000000
6829 -1311.0000000000
6830 -1310.0000000000
6848 -1309.0000000000
6886 -1308.0000000000
6926 -1307.0000000000
6939 -1306.0000000000
6950 -1305.0000000000
6955 -1304.0000000000
6971 -1303.0000000000
6974 -1302.0000000000
6976 -1301.0000000000
6996 -1300.0000000000
7003 -1299.0000000000
7012 -1298.0000000000
7024 -1297.0000000000
7040 -1296.0000000000
7049 -1295.0000000000
7076 -1294.0000000000
7090 -1293.0000000000
7107 -1292.0000000000
7117 -1291.0000000000
7156 -1290.0000000000
7158 -1289.0000000000
7175 -1288.0000000000
7198 -1287.0000000000
7210 -1286.0000000000
7225 -1285.0000000000
7268 -1284.0000000000
7276 -1282.0000000000
7300 -1281.0000000000
7312 -1280.0000000000
7321 -1279.0000000000
7340 -1278.0000000000
7355 -1277.0000000000
7364 -1276.0000000000
7370 -1275.0000000000
7376 -1274.0000000000
7390 -1273.0000000000
7420 -1272.0000000000
7428 -1271.0000000000
7459 -1270.0000000000
7465 -1269.0000000000
7487 -1268.0000000000
7499 -1266.0000000000
7523 -1265.0000000000
7538 -1264.0000000000
7548 -1263.0000000000
7559 -1262.0000000000
7569 -1261.0000000000
7590 -1260.0000000000
7603 -1259.0000000000
7620 -1257.0000000000
7637 -1256.0000000000
7641 -1255.0000000000
7660 -1254.0000000000
7679 -1253.0000000000
7688 -1252.0000000000
7699 -1251.0000000000
7700 -1250.0000000000
7724 -1249.0000000000
7736 -1247.0000000000
7763 -1246.0000000000
7773 -1245.0000000000
7784 -1244.0000000000
7801 -1243.0000000000
7805 -1242.0000000000
7847 -1241.0000000000
7852 -1240.0000000000
7857 -1239.0000000000
7908 -1237.0000000000
7924 -1236.0000000000
7949 -1234.0000000000
7966 -1233.0000000000
7986 -1232.0000000000
8003 -1231.0000000000
8031 -1230.0000000000
8033 -1229.0000000000
8062 -1228.0000000000
8068 -1227.0000000000
8071 -1226.0000000000
8072 -1225.0000000000
8096 -1224.0000000000
8108 -1223.0000000000
8129 -1222.0000000000
8139 -1221.0000000000
8149 -1219.0000000000
8150 -1218.0000000000
8155 -1217.0000000000
8158 -1215.0000000000
8191 -1214.0000000000
8198 -1213.0000000000
8200 -1212.0000000000
8214 -1211.0000000000
8226 -1209.0000000000
8260 -1208.0000000000
8282 -1207.0000000000
8287 -1206.0000000000
8304 -1204.0000000000
8309 -1203.0000000000
8313 -1202.0000000000
8323 -1200.0000000000
8324 -1199.0000000000
8325 -1198.0000000000
8338 -1197.0000000000
8368 -1195.0000000000
8382 -1194.0000000000
8402 -1193.0000000000
8417 -1192.0000000000
8428 -1191.0000000000
8450 -1189.0000000000
8468 -1188.0000000000
8469 -1187.0000000000
8479 -1186.0000000000
8506 -1185.0000000000
8519 -1184.0000000000
8530 -1183.0000000000
8536 -1181.0000000000
8554 -1180.0000000000
8598 -1179.0000000000
8624 -1177.0000000000
8657 -1176.0000000000
8680 -1175.0000000000
8684 -1174.0000000000
8704 -1173.0000000000
8710 -1171.0000000000
8718 -1170.0000000000
8720 -1169.0000000000
8734 -1168.0000000000
8758 -1167.0000000000
8783 -1166.0000000000
8794 -1165.0000000000
8828 -1163.0000000000
8844 -1162.0000000000
8846 -1161.0000000000
8867 -1160.0000000000
8888 -1159.0000000000
8907 -1158.0000000000
8925 -1157.0000000000
8935 -1156.0000000000
8941 -1155.0000000000
8989 -1154.0000000000
8994 -1153.0000000000
9009 -1152.0000000000
9010 -1150.0000000000
9035 -1149.0000000000
9043 -1148.0000000000
9072 -1146.0000000000
9077 -1145.0000000000
9086 -1144.0000000000
9115 -1143.0000000000
9135 -1142.0000000000
9141 -1141.0000000000
9172 -1140.0000000000
9195 -1139.0000000000
9211 -1138.0000000000
9217 -1137.0000000000
9254 -1136.0000000000
9265 -1135.0000000000
9318 -1134.0000000000
9349 -1133.0000000000
9355 -1132.0000000000
9420 -1131.0000000000
9438 -1129.0000000000
9470 -1128.0000000000
9481 -1127.0000000000
9506 -1126.0000000000
9513 -1125.0000000000
9527 -1124.0000000000
9532 -1123.0000000000
9544 -1121.0000000000
9571 -1118.0000000000
9608 -1117.0000000000
9628 -1116.0000000000
9655 -1115.0000000000
9661 -1114.0000000000
9670 -1112.0000000000
9709 -1111.0000000000
9745 -1110.0000000000
9748 -1109.0000000000
9790 -1108.0000000000
9805 -1107.0000000000
9824 -1106.0000000000
9849 -1104.0000000000
9866 -1103.0000000000
9883 -1101.0000000000
9921 -1100.0000000000
9940 -1099.0000000000
9954 -1098.0000000000
9983 -1097.0000000000
10000 -1099.0000000000
evaluations raw_y
1 -2031.0000000000
2 -2017.0000000000
6 -1993.0000000000
12 -1992.0000000000
15 -1991.0000000000
19 -1990.0000000000
34 -1989.0000000000
47 -1988.0000000000
54 -1987.0000000000
63 -1985.0000000000
89 -1984.0000000000
101 -1983.0000000000
112 -1981.0000000000
127 -1980.0000000000
136 -1979.0000000000
145 -1978.0000000000
157 -1977.0000000000
165 -1976.0000000000
185 -1975.0000000000
193 -1974.0000000000
196 -1973.0000000000
199 -1972.0000000000
203 -1971.0000000000
212 -1970.0000000000
220 -1969.0000000000
221 -1968.0000000000
225 -1967.0000000000
238 -1966.0000000000
242 -1964.0000000000
251 -1963.0000000000
270 -1962.0000000000
280 -1961.0000000000
283 -1960.0000000000
285 -1959.0000000000
296 -1958.0000000000
305 -1957.0000000000
314 -1956.0000000000
336 -1955.0000000000
347 -1954.0000000000
351 -1952.0000000000
357 -1951.0000000000
367 -1950.0000000000
369 -1949.0000000000
387 -1947.0000000000
393 -1946.0000000000
412 -1945.0000000000
430 -1943.0000000000
434 -1941.0000000000
464 -1940.0000000000
468 -1939.0000000000
480 -1938.0000000000
483 -1937.0000000000
496 -1936.0000000000
505 -1935.0000000000
510 -1934.0000000000
515 -1933.0000000000
523 -1932.0000000000
530 -1929.0000000000
546 -1928.0000000000
551 -1927.0000000000
554 -1926.0000000000
555 -1924.0000000000
561 -1923.0000000000
567 -1922.0000000000
568 -1921.0000000000
572 -1920.0000000000
590 -1919.0000000000
599 -1918.0000000000
615 -1917.0000000000
624 -1916.0000000000
629 -1915.0000000000
637 -1914.0000000000
646 -1913.0000000000
660 -1912.0000000000
661 -1911.0000000000
665 -1909.0000000000
672 -1908.0000000000
680 -1907.0000000000
688 -1905.0000000000
708 -1904.0000000000
715 -1901.0000000000
719 -1900.0000000000
738 -1899.0000000000
746 -1898.0000000000
753 -1897.0000000000
761 -1896.0000000000
779 -1895.0000000000
790 -1894.0000000000
793 -1892.0000000000
803 -1891.0000000000
828 -1890.0000000000
832 -1889.0000000000
842 -1886.0000000000
863 -1885.0000000000
870 -1884.0000000000
883 -1883.0000000000
904 -1882.0000000000
907 -1881.0000000000
932 -1880.0000000000
935 -1877.0000000000
945 -1876.0000000000
954 -1875.0000000000
960 -1874.0000000000
961 -1873.0000000000
972 -1872.0000000000
988 -1871.0000000000
995 -1870.0000000000
1011 -1869.0000000000
1015 -1868.0000000000
1027 -1867.0000000000
1034 -1865.0000000000
1040 -1864.0000000000
1066 -1863.0000000000
1076 -1862.0000000000
1088 -1861.0000000000
1105 -1860.0000000000
1106 -1858.0000000000
1122 -1857.0000000000
1135 -1856.0000000000
1145 -1855.0000000000
1148 -1854.0000000000
1166 -1853.0000000000
1168 -1852.0000000000
1180 -1851.0000000000
1191 -1849.0000000000
1209 -1848.0000000000
1217 -1847.0000000000
1233 -1845.0000000000
1235 -1844.0000000000
1255 -1842.0000000000
1271 -1841.0000000000
1275 -1840.0000000000
1284 -1839.0000000000
1294 -1838.0000000000
1299 -1837.0000000000
1315 -1836.0000000000
1316 -1835.0000000000
1330 -1834.0000000000
1339 -1833.0000000000
1342 -1832.0000000000
1359 -1831.0000000000
1362 -1830.0000000000
1369 -1829.0000000000
1392 -1828.0000000000
1402 -1827.0000000000
1404 -1825.0000000000
1410 -1824.0000000000
1424 -1822.0000000000
1437 -1821.0000000000
1440 -1819.0000000000
1462 -1818.0000000000
1465 -1817.0000000000
1483 -1816.0000000000
1491 -1815.0000000000
1492 -1814.0000000000
1502 -1813.0000000000
1517 -1812.0000000000
1535 -1811.0000000000
1552 -1810.0000000000
1562 -1809.0000000000
1569 -1808.0000000000
1574 -1807.0000000000
1580 -1806.0000000000
1583 -1805.0000000000
1597 -1804.0000000000
1604 -1803.0000000000
1608 -1802.0000000000
1623 -1801.0000000000
1626 -1800.0000000000
1635 -1798.0000000000
1658 -1797.0000000000
1670 -1796.0000000000
1687 -1795.0000000000
1700 -1794.0000000000
1705 -1793.0000000000
1715 -1792.0000000000
1718 -1791.0000000000
1727 -1789.0000000000
1737 -1788.0000000000
1741 -1787.0000000000
1748 -1786.0000000000
1754 -1785.0000000000
1775 -1784.0000000000
1783 -1783.0000000000
1809 -1782.0000000000
1817 -1779.0000000000
1823 -1778.0000000000
1854 -1777.0000000000
1884 -1776.0000000000
1892 -1774.0000000000
1913 -1773.0000000000
1925 -1772.0000000000
1927 -1770.0000000000
1929 -1769.0000000000
1948 -1768.0000000000
1965 -1767.0000000000
1975 -1766.0000000000
1979 -1765.0000000000
1982 -1764.0000000000
1996 -1763.0000000000
2017 -1761.0000000000
2025 -1760.0000000000
2034 -1759.0000000000
2038 -1758.0000000000
2041 -1757.0000000000
2049 -1756.0000000000
2062 -1755.0000000000
2071 -1754.0000000000
2088 -1753.0000000000
2100 -1752.0000000000
2114 -1751.0000000000
2117 -1750.0000000000
2124 -1749.0000000000
2126 -1748.0000000000
2131 -1747.0000000000
2142 -1746.0000000000
2151 -1745.0000000000
2165 -1744.0000000000
2181 -1743.0000000000
2182 -1742.0000000000
2190 -1741.0000000000
2194 -1740.0000000000
2207 -1739.0000000000
2216 -1737.0000000000
2226 -1736.0000000000
2227 -1735.0000000000
2232 -1734.0000000000
2257 -1733.0000000000
2260 -1731.0000000000
2270 -1729.0000000000
2287 -1728.0000000000
2293 -1727.0000000000
2311 -1726.0000000000
2325 -1725.0000000000
2333 -1724.0000000000
2352 -1722.0000000000
2358 -1721.0000000000
2365 -1720.0000000000
2386 -1719.0000000000
2390 -1718.0000000000
2400 -1717.0000000000
2419 -1716.0000000000
2432 -1714.0000000000
2450 -1713.0000000000
2460 -1712.0000000000
2464 -1711.0000000000
2481 -1710.0000000000
2494 -1709.0000000000
2508 -1708.0000000000
2514 -1706.0000000000
2523 -1705.0000000000
2559 -1704.0000000000
2561 -1703.0000000000
2572 -1702.0000000000
2578 -1701.0000000000
2583 -1700.0000000000
2585 -1699.0000000000
2590 -1698.0000000000
2598 -1697.0000000000
2605 -1696.0000000000
2608 -1695.0000000000
2618 -1694.0000000000
2622 -1693.0000000000
2631 -1692.0000000000
2634 -1691.0000000000
2650 -1690.0000000000
2662 -1689.0000000000
2665 -1688.0000000000
2670 -1687.0000000000
2679 -1685.0000000000
2700 -1683.0000000000
2708 -1682.0000000000
2728 -1681.0000000000
2749 -1680.0000000000
2766 -1679.0000000000
2772 -1678.0000000000
2793 -1677.0000000000
2811 -1675.0000000000
2828 -1674.0000000000
2833 -1673.0000000000
2848 -1672.0000000000
2851 -1671.0000000000
2866 -1670.0000000000
2880 -1668.0000000000
2899 -1667.0000000000
2913 -1665.0000000000
2922 -1664.0000000000
2927 -1663.0000000000
2941 -1662.0000000000
2945 -1661.0000000000
2971 -1660.0000000000
2972 -1659.0000000000
2993 -1658.0000000000
2996 -1657.0000000000
3006 -1656.0000000000
3008 -1655.0000000000
3027 -1654.0000000000
3034 -1653.0000000000
3046 -1652.0000000000
3053 -1651.0000000000
3065 -1650.0000000000
3077 -1646.0000000000
3125 -1645.0000000000
3132 -1643.0000000000
3193 -1642.0000000000
3196 -1641.0000000000
3213 -1640.0000000000
3229 -1639.0000000000
3235 -1638.0000000000
3255 -1637.0000000000
3263 -1636.0000000000
3273 -1633.0000000000
3295 -1630.0000000000
3308 -1629.0000000000
3314 -1628.0000000000
3319 -1626.0000000000
3322 -1625.0000000000
3329 -1624.0000000000
3350 -1622.0000000000
3361 -1621.0000000000
3363 -1619.0000000000
3380 -1618.0000000000
3385 -1617.0000000000
3387 -1615.0000000000
3391 -1614.0000000000
3416 -1613.0000000000
3421 -1612.0000000000
3422 -1611.0000000000
3453 -1610.0000000000
3466 -1609.0000000000
3480 -1608.0000000000
3483 -1607.0000000000
3508 -1606.0000000000
3524 -1605.0000000000
3544 -1604.0000000000
3545 -1603.0000000000
3578 -1602.0000000000
3592 -1601.0000000000
3596 -1600.0000000000
3615 -1598.0000000000
3622 -1597.0000000000
3627 -1596.0000000000
3639 -1595.0000000000
3672 -1594.0000000000
3687 -1593.0000000000
3695 -1592.0000000000
3700 -1591.0000000000
3734 -1590.0000000000
3756 -1589.0000000000
3766 -1588.0000000000
3772 -1587.0000000000
3782 -1586.0000000000
3803 -1585.0000000000
3809 -1584.0000000000
3843 -1583.0000000000
3858 -1582.0000000000
3878 -1580.0000000000
3883 -1579.0000000000
3916 -1578.0000000000
3917 -1577.0000000000
3939 -1575.0000000000
3964 -1574.0000000000
3974 -1573.0000000000
3988 -1572.0000000000
4009 -1571.0000000000
4012 -1570.0000000000
4022 -1569.0000000000
4036 -1568.0000000000
4066 -1567.0000000000
4077 -1566.0000000000
4096 -1565.0000000000
4110 -1564.0000000000
4132 -1563.0000000000
4134 -1561.0000000000
4147 -1560.0000000000
4175 -1559.0000000000
4201 -1558.0000000000
4205 -1557.0000000000
4215 -1556.0000000000
4229 -1554.0000000000
4261 -1553.0000000000
4275 -1552.0000000000
4282 -1551.0000000000
4290 -1550.0000000000
4305 -1549.0000000000
4319 -1548.0000000000
4337 -1547.0000000000
4338 -1545.0000000000
4364 -1544.0000000000
4383 -1543.0000000000
4385 -1542.0000000000
4394 -1541.0000000000
4409 -1540.0000000000
4419 -1538.0000000000
4440 -1537.0000000000
4446 -1536.0000000000
4457 -1535.0000000000
4470 -1534.0000000000
4481 -1533.0000000000
4485 -1532.0000000000
4495 -1531.0000000000
4497 -1529.0000000000
4504 -1528.0000000000
4510 -1527.0000000000
4522 -1525.0000000000
4530 -1524.0000000000
4547 -1523.0000000000
4560 -1522.0000000000
4566 -1521.0000000000
4573 -1520.0000000000
4593 -1518.0000000000
4604 -1517.0000000000
4628 -1516.0000000000
4641 -1515.0000000000
4668 -1514.0000000000
4679 -1513.0000000000
4696 -1512.0000000000
4711 -1511.0000000000
4717 -1510.0000000000
4722 -1509.0000000000
4731 -1508.0000000000
4733 -1507.0000000000
4755 -1506.0000000000
4763 -1505.0000000000
4770 -1504.0000000000
4784 -1503.0000000000
4791 -1502.0000000000
4813 -1501.0000000000
4837 -1500.0000000000
4840 -1499.0000000000
4850 -1498.0000000000
4853 -1497.0000000000
4862 -1496.0000000000
4868 -1494.0000000000
4885 -1493.0000000000
4895 -1492.0000000000
4924 -1491.0000000000
4945 -1490.0000000000
4949 -1489.0000000000
4966 -1487.0000000000
4978 -1485.0000000000
5002 -1484.0000000000
5016 -1483.0000000000
5037 -1482.0000000000
5051 -1481.0000000000
5067 -1480.0000000000
5072 -1478.0000000000
5082 -1477.0000000000
5085 -1476.0000000000
5092 -1475.0000000000
5094 -1474.0000000000
5121 -1473.0000000000
5133 -1471.0000000000
5134 -1470.0000000000
5150 -1469.0000000000
5158 -1468.0000000000
5161 -1467.0000000000
5171 -1466.0000000000
5183 -1465.0000000000
5189 -1464.0000000000
5198 -1463.0000000000
5206 -1460.0000000000
5227 -1459.0000000000
5238 -1458.0000000000
5257 -1457.0000000000
5263 -1456.0000000000
5278 -1455.0000000000
5281 -1453.0000000000
5297 -1452.0000000000
5310 -1451.0000000000
5317 -1450.0000000000
5327 -1449.0000000000
5329 -1447.0000000000
5362 -1446.0000000000
5370 -1445.0000000000
5387 -1444.0000000000
5400 -1443.0000000000
5406 -1442.0000000000
5416 -1441.0000000000
5429 -1440.0000000000
5447 -1439.0000000000
5462 -1438.0000000000
5473 -1437.0000000000
5491 -1436.0000000000
5492 -1435.0000000000
5506 -1434.0000000000
5530 -1433.0000000000
5537 -1431.0000000000
5539 -1430.0000000000
5558 -1429.0000000000
5580 -1428.0000000000
5585 -1427.0000000000
5596 -1426.0000000000
5625 -1425.0000000000
5647 -1424.0000000000
5666 -1423.0000000000
5669 -1422.0000000000
5671 -1421.0000000000
5682 -1420.0000000000
5693 -1418.0000000000
5730 -1417.0000000000
5747 -1416.0000000000
5757 -1415.0000000000
5766 -1414.0000000000
5781 -1413.0000000000
5800 -1412.0000000000
5815 -1411.0000000000
5817 -1410.0000000000
5843 -1409.0000000000
5861 -1408.0000000000
5871 -1407.0000000000
5882 -1406.0000000000
5883 -1404.0000000000
5886 -1403.0000000000
5904 -1401.0000000000
5906 -1399.0000000000
5921 -1397.0000000000
5955 -1396.0000000000
5977 -1395.0000000000
5995 -1393.0000000000
6007 -1392.0000000000
6021 -1391.0000000000
6025 -1389.0000000000
6053 -1388.0000000000
6058 -1387.0000000000
6075 -1386.0000000000
6077 -1385.0000000000
6088 -1383.0000000000
6095 -1382.0000000000
6125 -1379.0000000000
6140 -1377.0000000000
6160 -1376.0000000000
6170 -1375.0000000000
6177 -1374.0000000000
6200 -1373.0000000000
6211 -1372.0000000000
6230 -1371.0000000000
6249 -1370.0000000000
6265 -1369.0000000000
6282 -1367.0000000000
6292 -1366.0000000000
6314 -1363.0000000000
6315 -1362.0000000000
6365 -1361.0000000000
6370 -1360.0000000000
6372 -1359.0000000000
6390 -1358.0000000000
6396 -1357.0000000000
6399 -1356.0000000000
6432 -1355.0000000000
6456 -1354.0000000000
6463 -1353.0000000000
6478 -1351.0000000000
6490 -1350.0000000000
6498 -1349.0000000000
6503 -1348.0000000000
6528 -1347.0000000000
6544 -1346.0000000000
6546 -1345.0000000000
6554 -1344.0000000000
6566 -1343.0000000000
6592 -1342.0000000000
6596 -1341.0000000000
6609 -1339.0000000000
6630 -1338.0000000000
6637 -1337.0000000000
6641 -1336.0000000000
6649 -1335.0000000000
6652 -1334.0000000000
6677 -1333.0000000000
6697 -1332.0000000000
6720 -1331.0000000000
6725 -1330.0000000000
6731 -1329.0000000000
6752 -1328.0000000000
6776 -1327.0000000000
6779 -1326.0000000000
6788 -1325.0000000000
6808 -1324.0000000000
6838 -1323.0000000000
6840 -1322.0000000000
6888 -1321.0000000000
6912 -1320.0000000000
6925 -1319.0000000000
6935 -1318.0000000000
6937 -1317.0000000000
6939 -1316.0000000000
6957 -1315.0000000000
6977 -1314.0000000000
6985 -1313.0000000000
6990 -1312.0000000000
6996 -1310.0000000000
7007 -1309.0000000000
7038 -1308.0000000000
7041 -1307.0000000000
7052 -1306.0000000000
7067 -1304.0000000000
7074 -1303.0000000000
7090 -1302.0000000000
7114 -1301.0000000000
7129 -1299.0000000000
7155 -1298.0000000000
7180 -1297.0000000000
7183 -1296.0000000000
7202 -1294.0000000000
7219 -1293.0000000000
7236 -1292.0000000000
7255 -1291.0000000000
7293 -1290.0000000000
7299 -1289.0000000000
7318 -1288.0000000000
7333 -1287.0000000000
7346 -1286.0000000000
7357 -1284.0000000000
7362 -1283.0000000000
7384 -1282.0000000000
7393 -1281.0000000000
7423 -1280.0000000000
7433 -1279.0000000000
7440 -1278.0000000000
7447 -1277.0000000000
7460 -1276.0000000000
7488 -1275.0000000000
7500 -1274.0000000000
7514 -1273.0000000000
7517 -1272.0000000000
7518 -1271.0000000000
7524 -1270.0000000000
7556 -1269.0000000000
7559 -1268.0000000000
7563 -1267.0000000000
7587 -1266.0000000000
7614 -1265.0000000000
7625 -1264.0000000000
7641 -1263.0000000000
7652 -1262.0000000000
7657 -1261.0000000000
7667 -1260.0000000000
7680 -1259.0000000000
7683 -1258.0000000000
7710 -1256.0000000000
7728 -1255.0000000000
7751 -1254.0000000000
7765 -1253.0000000000
7778 -1252.0000000000
7786 -1251.0000000000
7796 -1250.0000000000
7805 -1249.0000000000
7812 -1248.0000000000
7830 -1247.0000000000
7833 -1246.0000000000
7856 -1245.0000000000
7871 -1244.0000000000
7873 -1243.0000000000
7904 -1242.0000000000
7907 -1241.0000000000
7927 -1240.0000000000
7950 -1239.0000000000
7972 -1238.0000000000
7978 -1237.0000000000
7983 -1236.0000000000
7997 -1235.0000000000
8000 -1233.0000000000
8034 -1232.0000000000
8062 -1231.0000000000
8075 -1230.0000000000
8086 -1229.0000000000
8090 -1228.0000000000
8106 -1227.0000000000
8115 -1226.0000000000
8122 -1225.0000000000
8134 -1224.0000000000
8177 -1223.0000000000
8183 -1222.0000000000
8196 -1221.0000000000
8205 -1220.0000000000
8236 -1219.0000000000
8254 -1218.0000000000
8257 -1217.0000000000
8278 -1216.0000000000
8296 -1215.0000000000
8333 -1214.0000000000
8341 -1211.0000000000
8392 -1210.0000000000
8411 -1209.0000000000
8415 -1208.0000000000
8416 -1207.0000000000
8448 -1206.0000000000
8469 -1204.0000000000
8484 -1202.0000000000
8502 -1201.0000000000
8518 -1200.0000000000
8529 -1199.0000000000
8541 -1198.0000000000
8554 -1197.0000000000
8565 -1195.0000000000
8615 -1194.0000000000
8632 -1193.0000000000
8640 -1192.0000000000
8659 -1191.0000000000
8668 -1190.0000000000
8670 -1189.0000000000
8682 -1188.0000000000
8710 -1187.0000000000
8725 -1186.0000000000
8757 -1185.0000000000
8785 -1183.0000000000
8791 -1182.0000000000
8824 -1181.0000000000
8830 -1180.0000000000
8867 -1179.0000000000
8885 -1178.0000000000
8917 -1177.0000000000
8941 -1176.0000000000
8968 -1175.0000000000
9001 -1174.0000000000
9026 -1173.0000000000
9071 -1172.0000000000
9103 -1171.0000000000
9105 -1170.0000000000
9145 -1169.0000000000
9152 -1168.0000000000
9159 -1167.0000000000
9200 -1166.0000000000
9206 -1165.0000000000
9236 -1164.0000000000
9253 -1163.0000000000
9266 -1162.0000000000
9278 -1161.0000000000
9310 -1160.0000000000
9337 -1158.0000000000
9347 -1156.0000000000
9352 -1155.0000000000
9380 -1154.0000000000
9385 -1153.0000000000
9387 -1151.0000000000
9391 -1150.0000000000
9401 -1148.0000000000
9420 -1147.0000000000
9438 -1146.0000000000
9454 -1144.0000000000
9465 -1143.0000000000
9478 -1142.0000000000
9494 -1141.0000000000
9530 -1140.0000000000
9535 -1139.0000000000
9561 -1138.0000000000
9563 -1137.0000000000
9589 -1135.0000000000
9655 -1134.0000000000
9666 -1133.0000000000
9692 -1132.0000000000
9712 -1131.0000000000
9748 -1130.0000000000
9770 -1129.0000000000
9771 -1128.0000000000
9798 -1127.0000000000
9806 -1126.0000000000
9819 -1125.0000000000
9849 -1124.0000000000
9860 -1123.0000000000
9884 -1122.0000000000
9893 -1121.0000000000
9906 -1120.0000000000
9927 -1119.0000000000
9959 -1117.0000000000
9972 -1116.0000000000
9976 -1115.0000000000
10000 -1116.0000000000
evaluations raw_y
1 -2003.0000000000
2 -1992.0000000000
4 -1968.0000000000
30 -1967.0000000000
31 -1966.0000000000
41 -1965.0000000000
52 -1964.0000000000
60 -1963.0000000000
65 -1962.0000000000
73 -1961.0000000000
77 -1960.0000000000
80 -1959.0000000000
92 -1957.0000000000
101 -1955.0000000000
113 -1954.0000000000
115 -1953.0000000000
127 -1952.0000000000
142 -1951.0000000000
159 -1950.0000000000
170 -1948.0000000000
172 -1947.0000000000
182 -1943.0000000000
205 -1942.0000000000
219 -1941.0000000000
224 -1940.0000000000
229 -1939.0000000000
247 -1938.0000000000
251 -1937.0000000000
253 -1936.0000000000
256 -1935.0000000000
262 -1934.0000000000
266 -1932.0000000000
283 -1931.0000000000
290 -1930.0000000000
306 -1929.0000000000
309 -1928.0000000000
335 -1927.0000000000
340 -1925.0000000000
355 -1924.0000000000
377 -1923.0000000000
385 -1922.0000000000
389 -1921.0000000000
392 -1920.0000000000
398 -1919.0000000000
411 -1918.0000000000
418 -1917.0000000000
419 -1916.0000000000
442 -1915.0000000000
444 -1914.0000000000
456 -1912.0000000000
475 -1911.0000000000
488 -1910.0000000000
500 -1909.0000000000
507 -1908.0000000000
511 -1907.0000000000
537 -1906.0000000000
553 -1905.0000000000
580 -1904.0000000000
593 -1902.0000000000
602 -1901.0000000000
607 -1900.0000000000
610 -1899.0000000000
631 -1898.0000000000
637 -1897.0000000000
653 -1896.0000000000
654 -1895.0000000000
662 -1893.0000000000
683 -1892.0000000000
693 -1890.0000000000
710 -1889.0000000000
715 -1888.0000000000
730 -1887.0000000000
738 -1886.0000000000
747 -1884.0000000000
750 -1883.0000000000
753 -1882.0000000000
758 -1881.0000000000
762 -1879.0000000000
763 -1877.0000000000
770 -1876.0000000000
773 -1875.0000000000
787 -1874.0000000000
801 -1873.0000000000
815 -1872.0000000000
826 -1871.0000000000
839 -1870.0000000000
844 -1869.0000000000
853 -1868.0000000000
864 -1867.0000000000
870 -1866.0000000000
882 -1865.0000000000
887 -1864.0000000000
895 -1863.0000000000
896 -1862.0000000000
904 -1861.0000000000
918 -1860.0000000000
936 -1859.0000000000
955 -1858.0000000000
969 -1856.0000000000
988 -1855.0000000000
1000 -1854.0000000000
1012 -1853.0000000000
1015 -1851.0000000000
1047 -1850.0000000000
1058 -1849.0000000000
1064 -1848.0000000000
1072 -1847.0000000000
1074 -1846.0000000000
1101 -1845.0000000000
1112 -1844.0000000000
1119 -1843.0000000000
1133 -1842.0000000000
1138 -1841.0000000000
1139 -1840.0000000000
1161 -1839.0000000000
1164 -1838.0000000000
1178 -1837.0000000000
1179 -1835.0000000000
1186 -1834.0000000000
1202 -1833.0000000000
1212 -1832.0000000000
1221 -1830.0000000000
1222 -1829.0000000000
1225 -1828.0000000000
1227 -1827.0000000000
1234 -1826.0000000000
1240 -1825.0000000000
1245 -1822.0000000000
1248 -1821.0000000000
1258 -1820.0000000000
1280 -1819.0000000000
1282 -1818.0000000000
1309 -1817.0000000000
1318 -1816.0000000000
1322 -1815.0000000000
1325 -1814.0000000000
1332 -1813.0000000000
1336 -1812.0000000000
1351 -1811.0000000000
1359 -1810.0000000000
1368 -1808.0000000000
1397 -1807.0000000000
1406 -1806.0000000000
1419 -1805.0000000000
1424 -1804.0000000000
1441 -1803.0000000000
1450 -1802.0000000000
1456 -1800.0000000000
1472 -1796.0000000000
1474 -1795.0000000000
1495 -1793.0000000000
1496 -1792.0000000000
1503 -1791.0000000000
1519 -1790.0000000000
1529 -1789.0000000000
1549 -1788.0000000000
1560 -1787.0000000000
1563 -1786.0000000000
1565 -1785.0000000000
1567 -1784.0000000000
1595 -1783.0000000000
1606 -1782.0000000000
1620 -1781.0000000000
1628 -1780.0000000000
1639 -1778.0000000000
1650 -1777.0000000000
1651 -1776.0000000000
1670 -1775.0000000000
1680 -1774.0000000000
1683 -1773.0000000000
1686 -1772.0000000000
1691 -1771.0000000000
1698 -1770.0000000000
1717 -1769.0000000000
1726 -1768.0000000000
1731 -1767.0000000000
1744 -1766.0000000000
1765 -1764.0000000000
1784 -1763.0000000000
1801 -1762.0000000000
1806 -1761.0000000000
1840 -1760.0000000000
1842 -1759.0000000000
1880 -1758.0000000000
1887 -1757.0000000000
1897 -1756.0000000000
1898 -1755.0000000000
1908 -1753.0000000000
1915 -1752.0000000000
1941 -1751.0000000000
1945 -1750.0000000000
1954 -1749.0000000000
1966 -1748.0000000000
1972 -1747.0000000000
1987 -1746.0000000000
1992 -1744.0000000000
2012 -1743.0000000000
2028 -1742.0000000000
2057 -1741.0000000000
2067 -1740.0000000000
2072 -1739.0000000000
2104 -1738.0000000000
2107 -1737.0000000000
2117 -1736.0000000000
2140 -1735.0000000000
2142 -1733.0000000000
2144 -1732.0000000000
2158 -1731.0000000000
2163 -1729.0000000000
2165 -1728.0000000000
2169 -1727.0000000000
2181 -1726.0000000000
2193 -1725.0000000000
2203 -1724.0000000000
2204 -1723.0000000000
2221 -1722.0000000000
2228 -1721.0000000000
2252 -1720.0000000000
2253 -1719.0000000000
2256 -1717.0000000000
2257 -1716.0000000000
2286 -1714.0000000000
2290 -1713.0000000000
2311 -1711.0000000000
2314 -1710.0000000000
2329 -1709.0000000000
2340 -1708.0000000000
2355 -1706.0000000000
2361 -1705.0000000000
2370 -1704.0000000000
2385 -1702.0000000000
2412 -1701.0000000000
2416 -1700.0000000000
2423 -1699.0000000000
2426 -1698.0000000000
2449 -1697.0000000000
2454 -1696.0000000000
2468 -1694.0000000000
2480 -1693.0000000000
2499 -1692.0000000000
2521 -1691.0000000000
2530 -1690.0000000000
2539 -1688.0000000000
2559 -1687.0000000000
2581 -1686.0000000000
2592 -1685.0000000000
2596 -1684.0000000000
2608 -1682.0000000000
2610 -1681.0000000000
2624 -1680.0000000000
2641 -1679.0000000000
2645 -1678.0000000000
2657 -1676.0000000000
2662 -1675.0000000000
2665 -1674.0000000000
2682 -1673.0000000000
2717 -1672.0000000000
2725 -1671.0000000000
2733 -1670.0000000000
2740 -1669.0000000000
2752 -1668.0000000000
2776 -1667.0000000000
2783 -1666.0000000000
2792 -1665.0000000000
2797 -1664.0000000000
2822 -1663.0000000000
2832 -1661.0000000000
2849 -1660.0000000000
2873 -1659.0000000000
2876 -1658.0000000000
2881 -1657.0000000000
2899 -1656.0000000000
2909 -1655.0000000000
2922 -1654.0000000000
2928 -1653.0000000000
2932 -1652.0000000000
2949 -1649.0000000000
2974 -1648.0000000000
2981 -1647.0000000000
2989 -1646.0000000000
3010 -1645.0000000000
3029 -1643.0000000000
3035 -1642.0000000000
3060 -1641.0000000000
3063 -1640.0000000000
3070 -1639.0000000000
3088 -1637.0000000000
3113 -1636.0000000000
3121 -1635.0000000000
3136 -1634.0000000000
3142 -1633.0000000000
3153 -1632.0000000000
3190 -1631.0000000000
3191 -1630.0000000000
3193 -1629.0000000000
3206 -1628.0000000000
3208 -1626.0000000000
3213 -1625.0000000000
3222 -1624.0000000000
3235 -1623.0000000000
3253 -1622.0000000000
3262 -1620.0000000000
3278 -1618.0000000000
3286 -1617.0000000000
3302 -1616.0000000000
3336 -1615.0000000000
3344 -1614.0000000000
3348 -1613.0000000000
3356 -1612.0000000000
3360 -1611.0000000000
3362 -1610.0000000000
3365 -1608.0000000000
3380 -1607.0000000000
3410 -1606.0000000000
3411 -1605.0000000000
3419 -1604.0000000000
3436 -1603.0000000000
3437 -1602.0000000000
3447 -1601.0000000000
3450 -1600.0000000000
3467 -1599.0000000000
3478 -1598.0000000000
3482 -1597.0000000000
3486 -1595.0000000000
3496 -1594.0000000000
3502 -1593.0000000000
3512 -1592.0000000000
3513 -1590.0000000000
3529 -1589.0000000000
3534 -1586.0000000000
3546 -1585.0000000000
3568 -1584.0000000000
3582 -1583.0000000000
3596 -1582.0000000000
3614 -1581.0000000000
3618 -1580.0000000000
3623 -1579.0000000000
3628 -1578.0000000000
3640 -1577.0000000000
3648 -1576.0000000000
3654 -1575.0000000000
3680 -1574.0000000000
3702 -1573.0000000000
3721 -1572.0000000000
3724 -1571.0000000000
3730 -1569.0000000000
3745 -1567.0000000000
3781 -1566.0000000000
3784 -1565.0000000000
3807 -1564.0000000000
3823 -1563.0000000000
3827 -1562.0000000000
3829 -1560.0000000000
3843 -1559.0000000000
3887 -1558.0000000000
3893 -1557.0000000000
3910 -1556.0000000000
3929 -1554.0000000000
3944 -1552.0000000000
3950 -1551.0000000000
3953 -1550.0000000000
3969 -1549.0000000000
3996 -1548.0000000000
4011 -1547.0000000000
4027 -1546.0000000000
4047 -1545.0000000000
4059 -1544.0000000000
4064 -1543.0000000000
4085 -1542.0000000000
4089 -1541.0000000000
4115 -1540.0000000000
4125 -1539.0000000000
4137 -1538.0000000000
4161 -1537.0000000000
4174 -1536.0000000000
4195 -1535.0000000000
4199 -1534.0000000000
4201 -1533.0000000000
4205 -1532.0000000000
4217 -1531.0000000000
4227 -1530.0000000000
4261 -1529.0000000000
4275 -1528.0000000000
4279 -1527.0000000000
4286 -1526.0000000000
4290 -1525.0000000000
4315 -1524.0000000000
4327 -1523.0000000000
4338 -1522.0000000000
4352 -1521.0000000000
4361 -1520.0000000000
4365 -1519.0000000000
4373 -1517.0000000000
4412 -1516.0000000000
4421 -1515.0000000000
4423 -1514.0000000000
4435 -1513.0000000000
4437 -1512.0000000000
4447 -1511.0000000000
4463 -1510.0000000000
4469 -1508.0000000000
4486 -1507.0000000000
4496 -1506.0000000000
4505 -1505.0000000000
4511 -1504.0000000000
4540 -1503.0000000000
4557 -1502.0000000000
4572 -1501.0000000000
4579 -1500.0000000000
4595 -1498.0000000000
4638 -1497.0000000000
4648 -1495.0000000000
4665 -1494.0000000000
4671 -1493.0000000000
4703 -1492.0000000000
4717 -1491.0000000000
4718 -1490.0000000000
4720 -1489.0000000000
4728 -1488.0000000000
4730 -1485.0000000000
4750 -1484.0000000000
4769 -1483.0000000000
4776 -1482.0000000000
4795 -1480.0000000000
4796 -1479.0000000000
4827 -1478.0000000000
4842 -1477.0000000000
4848 -1476.0000000000
4852 -1475.0000000000
4864 -1474.0000000000
4872 -1472.0000000000
4890 -1471.0000000000
4894 -1470.0000000000
4904 -1469.0000000000
4906 -1468.0000000000
4919 -1467.0000000000
4926 -1466.0000000000
4940 -1465.0000000000
4953 -1464.0000000000
4960 -1463.0000000000
4966 -1462.0000000000
4981 -1460.0000000000
4995 -1458.0000000000
5005 -1457.0000000000
5021 -1456.0000000000
5026 -1455.0000000000
5032 -1454.0000000000
5050 -1453.0000000000
5095 -1452.0000000000
5099 -1451.0000000000
5121 -1450.0000000000
5138 -1449.0000000000
5150 -1448.0000000000
5168 -1447.0000000000
5180 -1446.0000000000
5211 -1444.0000000000
5223 -1443.0000000000
5249 -1442.0000000000
5265 -1440.0000000000
5293 -1439.0000000000
5314 -1438.0000000000
5317 -1437.0000000000
5325 -1436.0000000000
5348 -1435.0000000000
5355 -1434.0000000000
5370 -1433.0000000000
5371 -1432.0000000000
5403 -1431.0000000000
5408 -1430.0000000000
5417 -1429.0000000000
5423 -1428.0000000000
5440 -1427.0000000000
5478 -1426.0000000000
5499 -1425.0000000000
5503 -1423.0000000000
5506 -1422.0000000000
5524 -1421.0000000000
5531 -1420.0000000000
5539 -1419.0000000000
5549 -1418.0000000000
5551 -1417.0000000000
5558 -1416.0000000000
5580 -1415.0000000000
5586 -1412.0000000000
5633 -1411.0000000000
5645 -1410.0000000000
5658 -1409.0000000000
5681 -1408.0000000000
5692 -1407.0000000000
5695 -1406.0000000000
5703 -1405.0000000000
5740 -1404.0000000000
5743 -1402.0000000000
5758 -1401.0000000000
5765 -1400.0000000000
5798 -1399.0000000000
5802 -1398.0000000000
5815 -1397.0000000000
5820 -1396.0000000000
5832 -1395.0000000000
5844 -1394.0000000000
5847 -1393.0000000000
5868 -1392.0000000000
5876 -1391.0000000000
5903 -1390.0000000000
5906 -1389.0000000000
5911 -1388.0000000000
5937 -1386.0000000000
5956 -1385.0000000000
5971 -1384.0000000000
5972 -1383.0000000000
5974 -1382.0000000000
5989 -1381.0000000000
6029 -1380.0000000000
6036 -1378.0000000000
6048 -1377.0000000000
6052 -1375.0000000000
6060 -1373.0000000000
6062 -1372.0000000000
6065 -1371.0000000000
6076 -1370.0000000000
6114 -1369.0000000000
6120 -1368.0000000000
6152 -1367.0000000000
6159 -1366.0000000000
6170 -1364.0000000000
6176 -1363.0000000000
6197 -1362.0000000000
6203 -1360.0000000000
6227 -1359.0000000000
6266 -1358.0000000000
6273 -1357.0000000000
6293 -1356.0000000000
6334 -1354.0000000000
6363 -1353.0000000000
6379 -1352.0000000000
6418 -1351.0000000000
6438 -1350.0000000000
6443 -1349.0000000000
6448 -1348.0000000000
6474 -1347.0000000000
6486 -1346.0000000000
6490 -1345.0000000000
6522 -1344.0000000000
6536 -1343.0000000000
6549 -1341.0000000000
6551 -1340.0000000000
6565 -1339.0000000000
6567 -1338.0000000000
6587 -1337.0000000000
6601 -1336.0000000000
6616 -1335.0000000000
6626 -1334.0000000000
6627 -1332.0000000000
6633 -1330.0000000000
6646 -1329.0000000000
6652 -1328.0000000000
6676 -1327.0000000000
6677 -1326.0000000000
6711 -1325.0000000000
6733 -1324.0000000000
6740 -1323.0000000000
6744 -1322.0000000000
6779 -1321.0000000000
6785 -1320.0000000000
6807 -1319.0000000000
6812 -1318.0000000000
6822 -1317.0000000000
6830 -1316.0000000000
6837 -1315.0000000000
6845 -1314.0000000000
6891 -1313.0000000000
6917 -1312.0000000000
6925 -1311.0000000000
6930 -1310.0000000000
6950 -1309.0000000000
6954 -1308.0000000000
6968 -1307.0000000000
6986 -1306.0000000000
7009 -1305.0000000000
7018 -1304.0000000000
7031 -1303.0000000000
7043 -1302.0000000000
7071 -1301.0000000000
7084 -1300.0000000000
7089 -1299.0000000000
7108 -1298.0000000000
7120 -1297.0000000000
7123 -1296.0000000000
7141 -1295.0000000000
7145 -1294.0000000000
7155 -1293.0000000000
7156 -1292.0000000000
7181 -1291.0000000000
7190 -1290.0000000000
7200 -1289.0000000000
7203 -1288.0000000000
7228 -1287.0000000000
7249 -1286.0000000000
7262 -1285.0000000000
7269 -1284.0000000000
7275 -1283.0000000000
7280 -1282.0000000000
7284 -1281.0000000000
7297 -1280.0000000000
7321 -1279.0000000000
7333 -1278.0000000000
7367 -1277.0000000000
7382 -1276.0000000000
7387 -1275.0000000000
7408 -1274.0000000000
7431 -1273.0000000000
7444 -1272.0000000000
7466 -1271.0000000000
7474 -1270.0000000000
7481 -1269.0000000000
7492 -1268.0000000000
7504 -1267.0000000000
7513 -1266.0000000000
7516 -1265.0000000000
7541 -1264.0000000000
7569 -1262.0000000000
7598 -1261.0000000000
7604 -1260.0000000000
7615 -1259.0000000000
7627 -1258.0000000000
7650 -1257.0000000000
7656 -1256.0000000000
7667 -1255.0000000000
7680 -1254.0000000000
7696 -1253.0000000000
7711 -1250.0000000000
7729 -1249.0000000000
7732 -1248.0000000000
7755 -1247.0000000000
7773 -1245.0000000000
7782 -1244.0000000000
7783 -1243.0000000000
7831 -1242.0000000000
7835 -1241.0000000000
7843 -1240.0000000000
7853 -1239.0000000000
7879 -1238.0000000000
7921 -1236.0000000000
7939 -1235.0000000000
7961 -1233.0000000000
7963 -1232.0000000000
8009 -1231.0000000000
8016 -1230.0000000000
8022 -1229.0000000000
8035 -1228.0000000000
8058 -1227.0000000000
8065 -1226.0000000000
8082 -1225.0000000000
8102 -1224.0000000000
8117 -1223.0000000000
8141 -1221.0000000000
8150 -1220.0000000000
8152 -1219.0000000000
8172 -1218.0000000000
8185 -1217.0000000000
8193 -1214.0000000000
8235 -1213.0000000000
8256 -1212.0000000000
8264 -1211.0000000000
8287 -1210.0000000000
8304 -1209.0000000000
8307 -1208.0000000000
8309 -1207.0000000000
8337 -1206.0000000000
8369 -1205.0000000000
8382 -1204.0000000000
8389 -1203.0000000000
8411 -1202.0000000000
8436 -1201.0000000000
8467 -1200.0000000000
8471 -1199.0000000000
8485 -1198.0000000000
8493 -1197.0000000000
8501 -1196.0000000000
8507 -1195.0000000000
8515 -1194.0000000000
8538 -1193.0000000000
8542 -1192.0000000000
8546 -1191.0000000000
8551 -1190.0000000000
8585 -1189.0000000000
8589 -1188.0000000000
8607 -1187.0000000000
8617 -1186.0000000000
8631 -1185.0000000000
8647 -1184.0000000000
8672 -1183.0000000000
8694 -1182.0000000000
8736 -1181.0000000000
8745 -1179.0000000000
8762 -1178.0000000000
8776 -1177.0000000000
8795 -1176.0000000000
8800 -1175.0000000000
8805 -1174.0000000000
8869 -1173.0000000000
8909 -1172.0000000000
8926 -1171.0000000000
8947 -1170.0000000000
8974 -1169.0000000000
9008 -1168.0000000000
9015 -1167.0000000000
9050 -1166.0000000000
9055 -1165.0000000000
9079 -1164.0000000000
9129 -1162.0000000000
9140 -1161.0000000000
9175 -1160.0000000000
9182 -1159.0000000000
9197 -1158.0000000000
9213 -1157.0000000000
9223 -1156.0000000000
9245 -1155.0000000000
9266 -1154.0000000000
9282 -1153.0000000000
9303 -1152.0000000000
9339 -1151.0000000000
9368 -1149.0000000000
9374 -1148.0000000000
9401 -1147.0000000000
9426 -1146.0000000000
9429 -1145.0000000000
9445 -1144.0000000000
9449 -1143.0000000000
9453 -1142.0000000000
9486 -1141.0000000000
9499 -1140.0000000000
9508 -1138.0000000000
9569 -1137.0000000000
9579 -1136.0000000000
9615 -1135.0000000000
9629 -1134.0000000000
9630 -1133.0000000000
9651 -1132.0000000000
9691 -1131.0000000000
9707 -1130.0000000000
9745 -1129.0000000000
9749 -1128.0000000000
9783 -1127.0000000000
9792 -1126.0000000000
9801 -1124.0000000000
9814 -1121.0000000000
9854 -1120.0000000000
9859 -1119.0000000000
9873 -1118.0000000000
9874 -1117.0000000000
9912 -1116.0000000000
9914 -1115.0000000000
9920 -1114.0000000000
9924 -1113.0000000000
9964 -1112.0000000000
9981 -1111.0000000000
9992 -1110.0000000000
10000 -1113.0000000000
evaluations raw_y
1 -2054.0000000000
2 -1960.0000000000
15 -1959.0000000000
18 -1957.0000000000
21 -1956.0000000000
38 -1955.0000000000
53 -1951.0000000000
68 -1950.0000000000
91 -1949.0000000000
103 -1947.0000000000
126 -1946.0000000000
141 -1945.0000000000
158 -1944.0000000000
159 -1943.0000000000
165 -1942.0000000000
170 -1939.0000000000
219 -1937.0000000000
224 -1935.0000000000
246 -1934.0000000000
260 -1933.0000000000
265 -1932.0000000000
274 -1931.0000000000
307 -1930.0000000000
313 -1929.0000000000
319 -1928.0000000000
332 -1926.0000000000
346 -1925.0000000000
349 -1924.0000000000
351 -1922.0000000000
378 -1921.0000000000
379 -1920.0000000000
382 -1919.0000000000
395 -1918.0000000000
397 -1917.0000000000
410 -1916.0000000000
411 -1914.0000000000
432 -1913.0000000000
437 -1912.0000000000
438 -1910.0000000000
449 -1909.0000000000
473 -1908.0000000000
478 -1907.0000000000
491 -1906.0000000000
503 -1905.0000000000
508 -1904.0000000000
511 -1903.0000000000
517 -1902.0000000000
520 -1901.0000000000
531 -1900.0000000000
541 -1899.0000000000
543 -1898.0000000000
553 -1897.0000000000
557 -1896.0000000000
570 -1895.0000000000
572 -1894.0000000000
580 -1893.0000000000
584 -1892.0000000000
587 -1891.0000000000
599 -1890.0000000000
600 -1889.0000000000
602 -1888.0000000000
610 -1887.0000000000
612 -1885.0000000000
636 -1884.0000000000
640 -1883.0000000000
641 -1882.0000000000
656 -1881.0000000000
668 -1880.0000000000
672 -1879.0000000000
682 -1878.0000000000
691 -1877.0000000000
709 -1876.0000000000
711 -1875.0000000000
724 -1874.0000000000
732 -1873.0000000000
746 -1872.0000000000
754 -1871.0000000000
760 -1870.0000000000
773 -1869.0000000000
799 -1866.0000000000
802 -1865.0000000000
803 -1864.0000000000
819 -1863.0000000000
828 -1862.0000000000
846 -1861.0000000000
848 -1859.0000000000
871 -1858.0000000000
890 -1857.0000000000
892 -1856.0000000000
894 -1855.0000000000
903 -1854.0000000000
919 -1852.0000000000
949 -1851.0000000000
957 -1850.0000000000
966 -1849.0000000000
993 -1848.0000000000
1002 -1847.0000000000
1015 -1846.0000000000
1019 -1845.0000000000
1031 -1844.0000000000
1034 -1843.0000000000
1047 -1840.0000000000
1058 -1839.0000000000
1063 -1838.0000000000
1070 -1837.0000000000
1083 -1836.0000000000
1085 -1835.0000000000
1088 -1834.0000000000
1093 -1833.0000000000
1108 -1832.0000000000
1120 -1831.0000000000
1123 -1830.0000000000
1136 -1829.0000000000
1143 -1827.0000000000
1184 -1826.0000000000
1195 -1825.0000000000
1202 -1824.0000000000
1212 -1823.0000000000
1224 -1822.0000000000
1226 -1821.0000000000
1238 -1819.0000000000
1241 -1817.0000000000
1249 -1816.0000000000
1251 -1815.0000000000
1265 -1814.0000000000
1275 -1813.0000000000
1279 -1811.0000000000
1291 -1810.0000000000
1292 -1809.0000000000
1302 -1807.0000000000
1312 -1806.0000000000
1314 -1805.0000000000
1323 -1804.0000000000
1329 -1803.0000000000
1357 -1802.0000000000
1364 -1801.0000000000
1368 -1800.0000000000
1392 -1798.0000000000
1395 -1797.0000000000
1399 -1796.0000000000
1417 -1795.0000000000
1443 -1794.0000000000
1445 -1793.0000000000
1455 -1792.0000000000
1465 -1791.0000000000
1478 -1790.0000000000
1479 -1789.0000000000
1489 -1788.0000000000
1493 -1787.0000000000
1504 -1786.0000000000
1507 -1785.0000000000
1509 -1784.0000000000
1530 -1783.0000000000
1561 -1782.0000000000
1566 -1781.0000000000
1587 -1780.0000000000
1595 -1779.0000000000
1597 -1778.0000000000
1603 -1777.0000000000
1606 -1775.0000000000
1627 -1774.0000000000
1634 -1773.0000000000
1647 -1772.0000000000
1652 -1771.0000000000
1682 -1770.0000000000
1694 -1769.0000000000
1708 -1768.0000000000
1712 -1767.0000000000
1718 -1766.0000000000
1737 -1764.0000000000
1748 -1763.0000000000
1750 -1762.0000000000
1766 -1761.0000000000
1793 -1760.0000000000
1797 -1759.0000000000
1803 -1758.0000000000
1813 -1757.0000000000
1814 -1756.0000000000
1815 -1755.0000000000
1828 -1754.0000000000
1853 -1753.0000000000
1871 -1752.0000000000
1874 -1751.0000000000
1876 -1750.0000000000
1882 -1749.0000000000
1910 -1748.0000000000
1915 -1746.0000000000
1921 -1745.0000000000
1933 -1744.0000000000
1943 -1742.0000000000
1945 -1741.0000000000
1955 -1740.0000000000
1958 -1739.0000000000
1975 -1738.0000000000
1996 -1737.0000000000
2005 -1734.0000000000
2010 -1733.0000000000
2026 -1732.0000000000
2035 -1731.0000000000
2049 -1730.0000000000
2057 -1729.0000000000
2075 -1728.0000000000
2091 -1727.0000000000
2098 -1726.0000000000
2110 -1725.0000000000
2117 -1724.0000000000
2124 -1723.0000000000
2125 -1722.0000000000
2136 -1721.0000000000
2143 -1720.0000000000
2150 -1719.0000000000
2156 -1718.0000000000
2162 -1717.0000000000
2166 -1716.0000000000
2172 -1714.0000000000
2174 -1713.0000000000
2175 -1712.0000000000
2197 -1710.0000000000
2220 -1709.0000000000
2234 -1706.0000000000
2248 -1705.0000000000
2264 -1704.0000000000
2271 -1703.0000000000
2279 -1702.0000000000
2287 -1701.0000000000
2294 -1700.0000000000
2301 -1699.0000000000
2305 -1698.0000000000
2310 -1697.0000000000
2328 -1696.0000000000
2333 -1695.0000000000
2340 -1694.0000000000
2368 -1693.0000000000
2374 -1692.0000000000
2388 -1691.0000000000
2397 -1690.0000000000
2399 -1689.0000000000
2423 -1687.0000000000
2433 -1684.0000000000
2456 -1683.0000000000
2462 -1681.0000000000
2475 -1680.0000000000
2482 -1679.0000000000
2494 -1678.0000000000
2503 -1676.0000000000
2526 -1675.0000000000
2528 -1674.0000000000
2545 -1673.0000000000
2561 -1672.0000000000
2571 -1671.0000000000
2587 -1669.0000000000
2590 -1667.0000000000
2601 -1666.0000000000
2620 -1665.0000000000
2630 -1664.0000000000
2648 -1663.0000000000
2664 -1662.0000000000
2670 -1661.0000000000
2678 -1660.0000000000
2693 -1659.0000000000
2695 -1658.0000000000
2700 -1657.0000000000
2730 -1656.0000000000
2734 -1655.0000000000
2745 -1654.0000000000
2763 -1653.0000000000
2769 -1652.0000000000
2805 -1651.0000000000
2811 -1650.0000000000
2822 -1649.0000000000
2830 -1648.0000000000
2839 -1647.0000000000
2852 -1646.0000000000
2856 -1645.0000000000
2865 -1644.0000000000
2883 -1643.0000000000
2900 -1642.0000000000
2901 -1641.0000000000
2922 -1638.0000000000
2924 -1637.0000000000
2928 -1636.0000000000
2936 -1635.0000000000
2937 -1634.0000000000
2944 -1633.0000000000
2951 -1632.0000000000
2953 -1631.0000000000
2971 -1630.0000000000
2974 -1629.0000000000
2981 -1628.0000000000
2998 -1627.0000000000
3022 -1626.0000000000
3023 -1625.0000000000
3030 -1624.0000000000
3031 -1623.0000000000
3037 -1621.0000000000
3079 -1620.0000000000
3089 -1619.0000000000
3100 -1618.0000000000
3113 -1617.0000000000
3115 -1616.0000000000
3128 -1614.0000000000
3146 -1613.0000000000
3154 -1612.0000000000
3157 -1611.0000000000
3166 -1610.0000000000
3179 -1609.0000000000
3197 -1608.0000000000
3200 -1607.0000000000
3210 -1606.0000000000
3217 -1605.0000000000
3220 -1604.0000000000
3221 -1603.0000000000
3226 -1602.0000000000
3230 -1601.0000000000
3245 -1599.0000000000
3274 -1598.0000000000
3285 -1597.0000000000
3298 -1596.0000000000
3305 -1595.0000000000
3320 -1594.0000000000
3351 -1593.0000000000
3381 -1592.0000000000
3398 -1591.0000000000
3410 -1590.0000000000
3427 -1589.0000000000
3435 -1588.0000000000
3450 -1587.0000000000
3481 -1586.0000000000
3497 -1585.0000000000
3499 -1584.0000000000
3513 -1583.0000000000
3515 -1582.0000000000
3533 -1581.0000000000
3547 -1580.0000000000
3557 -1579.0000000000
3568 -1578.0000000000
3597 -1577.0000000000
3621 -1576.0000000000
3622 -1575.0000000000
3640 -1574.0000000000
3645 -1573.0000000000
3663 -1572.0000000000
3669 -1571.0000000000
3687 -1570.0000000000
3699 -1569.0000000000
3713 -1567.0000000000
3740 -1566.0000000000
3747 -1565.0000000000
3773 -1564.0000000000
3777 -1563.0000000000
3784 -1562.0000000000
3794 -1561.0000000000
3816 -1560.0000000000
3823 -1559.0000000000
3839 -1558.0000000000
3849 -1557.0000000000
3857 -1554.0000000000
3904 -1553.0000000000
3921 -1552.0000000000
3922 -1551.0000000000
3944 -1550.0000000000
3962 -1549.0000000000
3973 -1548.0000000000
3979 -1547.0000000000
3984 -1546.0000000000
4017 -1545.0000000000
4035 -1544.0000000000
4050 -1543.0000000000
4060 -1542.0000000000
4074 -1541.0000000000
4078 -1540.0000000000
4094 -1538.0000000000
4108 -1537.0000000000
4109 -1536.0000000000
4116 -1535.0000000000
4128 -1534.0000000000
4138 -1533.0000000000
4162 -1532.0000000000
4181 -1531.0000000000
4187 -1530.0000000000
4194 -1529.0000000000
4208 -1528.0000000000
4235 -1527.0000000000
4236 -1525.0000000000
4269 -1524.0000000000
4280 -1523.0000000000
4285 -1522.0000000000
4317 -1521.0000000000
4336 -1520.0000000000
4338 -1519.0000000000
4350 -1518.0000000000
4358 -1517.0000000000
4368 -1516.0000000000
4372 -1515.0000000000
4392 -1513.0000000000
4409 -1512.0000000000
4428 -1511.0000000000
4441 -1510.0000000000
4451 -1509.0000000000
4458 -1508.0000000000
4486 -1507.0000000000
4489 -1506.0000000000
4503 -1505.0000000000
4505 -1504.0000000000
4523 -1503.0000000000
4532 -1502.0000000000
4550 -1501.0000000000
4564 -1500.0000000000
4568 -1499.0000000000
4569 -1498.0000000000
4585 -1497.0000000000
4607 -1496.0000000000
4610 -1495.0000000000
4623 -1494.0000000000
4627 -1493.0000000000
4658 -1492.0000000000
4682 -1491.0000000000
4683 -1490.0000000000
4694 -1489.0000000000
4698 -1488.0000000000
4702 -1487.0000000000
4718 -1486.0000000000
4722 -1485.0000000000
4728 -1484.0000000000
4733 -1483.0000000000
4735 -1482.0000000000
4736 -1481.0000000000
4760 -1480.0000000000
4773 -1479.0000000000
4783 -1478.0000000000
4790 -1477.0000000000
4817 -1476.0000000000
4838 -1475.0000000000
4855 -1473.0000000000
4878 -1471.0000000000
4892 -1470.0000000000
4894 -1469.0000000000
4905 -1468.0000000000
4917 -1467.0000000000
4925 -1466.0000000000
4935 -1465.0000000000
4939 -1464.0000000000
4964 -1463.0000000000
4987 -1461.0000000000
4994 -1460.0000000000
5010 -1458.0000000000
5040 -1457.0000000000
5076 -1455.0000000000
5097 -1454.0000000000
5104 -1451.0000000000
5146 -1450.0000000000
5166 -1449.0000000000
5186 -1448.0000000000
5194 -1447.0000000000
5209 -1446.0000000000
5211 -1445.0000000000
5225 -1444.0000000000
5233 -1443.0000000000
5241 -1442.0000000000
5243 -1441.0000000000
5262 -1440.0000000000
5274 -1439.0000000000
5289 -1438.0000000000
5311 -1437.0000000000
5321 -1435.0000000000
5328 -1434.0000000000
5349 -1433.0000000000
5354 -1432.0000000000
5367 -1431.0000000000
5405 -1430.0000000000
5408 -1429.0000000000
5414 -1428.0000000000
5417 -1425.0000000000
5422 -1424.0000000000
5448 -1422.0000000000
5461 -1421.0000000000
5476 -1420.0000000000
5488 -1418.0000000000
5491 -1417.0000000000
5512 -1416.0000000000
5520 -1415.0000000000
5538 -1414.0000000000
5561 -1413.0000000000
5563 -1411.0000000000
5584 -1410.0000000000
5595 -1409.0000000000
5603 -1408.0000000000
5637 -1407.0000000000
5655 -1406.0000000000
5668 -1405.0000000000
5672 -1404.0000000000
5682 -1403.0000000000
5689 -1402.0000000000
5708 -1401.0000000000
5719 -1400.0000000000
5731 -1399.0000000000
5740 -1398.0000000000
5768 -1397.0000000000
5769 -1396.0000000000
5801 -1395.0000000000
5811 -1394.0000000000
5813 -1393.0000000000
5833 -1392.0000000000
5855 -1390.0000000000
5856 -1389.0000000000
5861 -1387.0000000000
5891 -1386.0000000000
5908 -1385.0000000000
5919 -1384.0000000000
5925 -1383.0000000000
5927 -1382.0000000000
5932 -1381.0000000000
5933 -1380.0000000000
5963 -1379.0000000000
5973 -1377.0000000000
5984 -1376.0000000000
6002 -1375.0000000000
6025 -1374.0000000000
6036 -1373.0000000000
6050 -1371.0000000000
6081 -1370.0000000000
6092 -1369.0000000000
6100 -1368.0000000000
6110 -1367.0000000000
6115 -1366.0000000000
6135 -1365.0000000000
6141 -1364.0000000000
6142 -1363.0000000000
6168 -1361.0000000000
6172 -1360.0000000000
6209 -1358.0000000000
6224 -1357.0000000000
6228 -1356.0000000000
6237 -1354.0000000000
6281 -1353.0000000000
6294 -1352.0000000000
6323 -1350.0000000000
6346 -1349.0000000000
6353 -1347.0000000000
6369 -1346.0000000000
6379 -1345.0000000000
6393 -1344.0000000000
6405 -1343.0000000000
6410 -1342.0000000000
6423 -1341.0000000000
6441 -1339.0000000000
6476 -1338.0000000000
6490 -1337.0000000000
6502 -1336.0000000000
6503 -1335.0000000000
6511 -1334.0000000000
6514 -1333.0000000000
6530 -1332.0000000000
6542 -1331.0000000000
6564 -1329.0000000000
6585 -1328.0000000000
6607 -1326.0000000000
6637 -1325.0000000000
6638 -1324.0000000000
6644 -1322.0000000000
6676 -1321.0000000000
6683 -1320.0000000000
6693 -1319.0000000000
6694 -1316.0000000000
6732 -1315.0000000000
6734 -1314.0000000000
6743 -1313.0000000000
6768 -1312.0000000000
6779 -1311.0000000000
6809 -1310.0000000000
6818 -1309.0000000000
6824 -1308.0000000000
6829 -1307.0000000000
6832 -1306.0000000000
6845 -1304.0000000000
6854 -1303.0000000000
6876 -1302.0000000000
6882 -1301.0000000000
6898 -1300.0000000000
6939 -1299.0000000000
6943 -1298.0000000000
6980 -1297.0000000000
6989 -1296.0000000000
7016 -1295.0000000000
7026 -1294.0000000000
7044 -1293.0000000000
7054 -1292.0000000000
7067 -1291.0000000000
7074 -1289.0000000000
7094 -1288.0000000000
7131 -1287.0000000000
7156 -1286.0000000000
7186 -1285.0000000000
7207 -1284.0000000000
7230 -1283.0000000000
7232 -1282.0000000000
7243 -1281.0000000000
7265 -1280.0000000000
7278 -1279.0000000000
7285 -1278.0000000000
7295 -1277.0000000000
7326 -1276.0000000000
7328 -1275.0000000000
7334 -1272.0000000000
7341 -1271.0000000000
7392 -1270.0000000000
7399 -1269.0000000000
7430 -1268.0000000000
7438 -1267.0000000000
7448 -1266.0000000000
7468 -1265.0000000000
7503 -1264.0000000000
7509 -1263.0000000000
7546 -1262.0000000000
7556 -1261.0000000000
7588 -1260.0000000000
7592 -1257.0000000000
7599 -1256.0000000000
7637 -1255.0000000000
7644 -1253.0000000000
7671 -1252.0000000000
7685 -1251.0000000000
7689 -1250.0000000000
7705 -1249.0000000000
7719 -1248.0000000000
7724 -1247.0000000000
7741 -1246.0000000000
7752 -1245.0000000000
7758 -1244.0000000000
7775 -1243.0000000000
7812 -1242.0000000000
7823 -1241.0000000000
7844 -1240.0000000000
7851 -1239.0000000000
7867 -1238.0000000000
7875 -1237.0000000000
7888 -1236.0000000000
7903 -1235.0000000000
7927 -1234.0000000000
7945 -1233.0000000000
7954 -1232.0000000000
7957 -1229.0000000000
7991 -1227.0000000000
8021 -1225.0000000000
8022 -1223.0000000000
8049 -1222.0000000000
8072 -1221.0000000000
8113 -1220.0000000000
8124 -1219.0000000000
8166 -1218.0000000000
8208 -1217.0000000000
8212 -1215.0000000000
8229 -1214.0000000000
8235 -1213.0000000000
8250 -1212.0000000000
8263 -1210.0000000000
8280 -1209.0000000000
8285 -1208.0000000000
8286 -1207.0000000000
8290 -1206.0000000000
8309 -1205.0000000000
8323 -1204.0000000000
8331 -1203.0000000000
8355 -1202.0000000000
8360 -1201.0000000000
8397 -1200.0000000000
8407 -1199.0000000000
8419 -1198.0000000000
8437 -1197.0000000000
8464 -1196.0000000000
8471 -1195.0000000000
8473 -1194.0000000000
8485 -1193.0000000000
8487 -1192.0000000000
8503 -1191.0000000000
8519 -1190.0000000000
8540 -1189.0000000000
8559 -1188.0000000000
8588 -1186.0000000000
8613 -1185.0000000000
8632 -1184.0000000000
8649 -1183.0000000000
8663 -1182.0000000000
8688 -1181.0000000000
8702 -1180.0000000000
8715 -1179.0000000000
8721 -1178.0000000000
8743 -1177.0000000000
8768 -1175.0000000000
8774 -1174.0000000000
8798 -1173.0000000000
8810 -1171.0000000000
8821 -1170.0000000000
8835 -1169.0000000000
8850 -1168.0000000000
8858 -1167.0000000000
8886 -1166.0000000000
8895 -1165.0000000000
8926 -1164.0000000000
8938 -1163.0000000000
8959 -1162.0000000000
8980 -1161.0000000000
8994 -1160.0000000000
9020 -1159.0000000000
9021 -1158.0000000000
9035 -1157.0000000000
9037 -1156.0000000000
9062 -1154.0000000000
9085 -1153.0000000000
9094 -1152.0000000000
9103 -1150.0000000000
9112 -1149.0000000000
9114 -1148.0000000000
9121 -1147.0000000000
9136 -1146.0000000000
9159 -1145.0000000000
9185 -1144.0000000000
9190 -1143.0000000000
9222 -1142.0000000000
9227 -1141.0000000000
9242 -1140.0000000000
9250 -1139.0000000000
9272 -1138.0000000000
9284 -1137.0000000000
9287 -1136.0000000000
9291 -1135.0000000000
9294 -1134.0000000000
9325 -1133.0000000000
9341 -1131.0000000000
9361 -1130.0000000000
9366 -1129.0000000000
9377 -1128.0000000000
9406 -1127.0000000000
9424 -1126.0000000000
9448 -1125.0000000000
9477 -1124.0000000000
9488 -1123.0000000000
9497 -1121.0000000000
9561 -1120.0000000000
9566 -1119.0000000000
9605 -1118.0000000000
9649 -1117.0000000000
9670 -1116.0000000000
9672 -1115.0000000000
9674 -1114.0000000000
9682 -1113.0000000000
9695 -1112.0000000000
9702 -1111.0000000000
9712 -1110.0000000000
9720 -1109.0000000000
9740 -1108.0000000000
9762 -1107.0000000000
9786 -1106.0000000000
9808 -1105.0000000000
9834 -1104.0000000000
9881 -1103.0000000000
9902 -1102.0000000000
9922 -1101.0000000000
9946 -1100.0000000000
9957 -1099.0000000000
9967 -1098.0000000000
9992 -1097.0000000000
9998 -1096.0000000000
10000 -1099.0000000000
evaluations raw_y
1 -2004.0000000000
8 -2003.0000000000
25 -2002.0000000000
41 -2001.0000000000
56 -2000.0000000000
63 -1999.0000000000
68 -1998.0000000000
70 -1997.0000000000
72 -1996.0000000000
77 -1995.0000000000
88 -1994.0000000000
91 -1993.0000000000
100 -1992.0000000000
112 -1991.0000000000
118 -1989.0000000000
134 -1988.0000000000
141 -1987.0000000000
157 -1986.0000000000
161 -1984.0000000000
173 -1983.0000000000
189 -1982.0000000000
198 -1981.0000000000
200 -1980.0000000000
204 -1979.0000000000
207 -1978.0000000000
216 -1977.0000000000
220 -1976.0000000000
224 -1975.0000000000
228 -1974.0000000000
254 -1973.0000000000
262 -1972.0000000000
263 -1971.0000000000
268 -1969.0000000000
271 -1968.0000000000
272 -1967.0000000000
280 -1966.0000000000
284 -1965.0000000000
289 -1964.0000000000
291 -1963.0000000000
304 -1962.0000000000
312 -1961.0000000000
319 -1960.0000000000
329 -1959.0000000000
334 -1958.0000000000
341 -1957.0000000000
365 -1955.0000000000
373 -1954.0000000000
378 -1952.0000000000
383 -1951.0000000000
400 -1950.0000000000
406 -1949.0000000000
419 -1948.0000000000
428 -1947.0000000000
430 -1946.0000000000
434 -1945.0000000000
451 -1944.0000000000
454 -1943.0000000000
461 -1942.0000000000
480 -1941.0000000000
482 -1940.0000000000
489 -1939.0000000000
498 -1938.0000000000
515 -1936.0000000000
522 -1935.0000000000
523 -1934.0000000000
548 -1933.0000000000
564 -1932.0000000000
569 -1931.0000000000
575 -1928.0000000000
576 -1927.0000000000
591 -1926.0000000000
609 -1925.0000000000
613 -1924.0000000000
614 -1923.0000000000
629 -1921.0000000000
648 -1920.0000000000
653 -1919.0000000000
675 -1918.0000000000
680 -1917.0000000000
685 -1915.0000000000
688 -1914.0000000000
710 -1912.0000000000
715 -1911.0000000000
734 -1910.0000000000
763 -1909.0000000000
767 -1908.0000000000
772 -1906.0000000000
784 -1905.0000000000
818 -1904.0000000000
823 -1903.0000000000
832 -1902.0000000000
846 -1900.0000000000
853 -1899.0000000000
858 -1897.0000000000
898 -1896.0000000000
899 -1895.0000000000
934 -1894.0000000000
943 -1892.0000000000
985 -1891.0000000000
987 -1889.0000000000
1000 -1888.0000000000
1006 -1887.0000000000
1021 -1886.0000000000
1040 -1885.0000000000
1056 -1884.0000000000
1065 -1882.0000000000
1068 -1881.0000000000
1072 -1880.0000000000
1073 -1879.0000000000
1084 -1877.0000000000
1088 -1876.0000000000
1108 -1875.0000000000
1120 -1874.0000000000
1126 -1873.0000000000
1129 -1872.0000000000
1133 -1871.0000000000
1147 -1870.0000000000
1157 -1869.0000000000
1165 -1866.0000000000
1196 -1865.0000000000
1208 -1864.0000000000
1210 -1863.0000000000
1220 -1862.0000000000
1225 -1861.0000000000
1228 -1860.0000000000
1233 -1858.0000000000
1261 -1857.0000000000
1262 -1856.0000000000
1278 -1854.0000000000
1289 -1853.0000000000
1291 -1852.0000000000
1304 -1851.0000000000
1312 -1849.0000000000
1318 -1848.0000000000
1327 -1847.0000000000
1333 -1846.0000000000
1335 -1845.0000000000
1350 -1844.0000000000
1356 -1843.0000000000
1365 -1842.0000000000
1366 -1841.0000000000
1373 -1840.0000000000
1393 -1839.0000000000
1402 -1838.0000000000
1416 -1837.0000000000
1422 -1835.0000000000
1446 -1834.0000000000
1467 -1832.0000000000
1475 -1830.0000000000
1480 -1829.0000000000
1496 -1828.0000000000
1521 -1827.0000000000
1523 -1826.0000000000
1532 -1824.0000000000
1533 -1823.0000000000
1554 -1822.0000000000
1572 -1821.0000000000
1573 -1820.0000000000
1593 -1819.0000000000
1597 -1818.0000000000
1609 -1817.0000000000
1611 -1816.0000000000
1639 -1813.0000000000
1669 -1811.0000000000
1681 -1808.0000000000
1684 -1807.0000000000
1686 -1805.0000000000
1693 -1803.0000000000
1709 -1802.0000000000
1716 -1801.0000000000
1721 -1800.0000000000
1724 -1798.0000000000
1729 -1796.0000000000
1731 -1794.0000000000
1760 -1793.0000000000
1776 -1792.0000000000
1788 -1791.0000000000
1796 -1790.0000000000
1799 -1789.0000000000
1803 -1788.0000000000
1810 -1787.0000000000
1814 -1786.0000000000
1822 -1785.0000000000
1823 -1784.0000000000
1828 -1783.0000000000
1842 -1782.0000000000
1861 -1781.0000000000
1870 -1780.0000000000
1873 -1779.0000000000
1886 -1778.0000000000
1887 -1776.0000000000
1909 -1774.0000000000
1925 -1773.0000000000
1933 -1772.0000000000
1956 -1771.0000000000
1969 -1770.0000000000
1983 -1767.0000000000
1991 -1766.0000000000
1994 -1765.0000000000
1995 -1764.0000000000
2019 -1763.0000000000
2026 -1762.0000000000
2038 -1759.0000000000
2060 -1758.0000000000
2073 -1757.0000000000
2082 -1756.0000000000
2087 -1755.0000000000
2101 -1754.0000000000
2113 -1752.0000000000
2121 -1751.0000000000
2123 -1750.0000000000
2124 -1748.0000000000
2163 -1746.0000000000
2165 -1745.0000000000
2174 -1744.0000000000
2197 -1743.0000000000
2206 -1742.0000000000
2208 -1741.0000000000
2222 -1739.0000000000
2254 -1738.0000000000
2264 -1737.0000000000
2278 -1736.0000000000
2284 -1735.0000000000
2313 -1734.0000000000
2316 -1733.0000000000
2322 -1732.0000000000
2332 -1731.0000000000
2346 -1730.0000000000
2347 -1729.0000000000
2355 -1727.0000000000
2381 -1726.0000000000
2395 -1725.0000000000
2401 -1724.0000000000
2410 -1723.0000000000
2432 -1722.0000000000
2434 -1721.0000000000
2437 -1720.0000000000
2445 -1719.0000000000
2462 -1718.0000000000
2464 -1717.0000000000
2481 -1716.0000000000
2490 -1715.0000000000
2510 -1714.0000000000
2512 -1713.0000000000
2516 -1712.0000000000
2534 -1710.0000000000
2537 -1709.0000000000
2563 -1708.0000000000
2579 -1707.0000000000
2594 -1706.0000000000
2600 -1704.0000000000
2601 -1703.0000000000
2624 -1702.0000000000
2631 -1701.0000000000
2636 -1700.0000000000
2640 -1699.0000000000
2648 -1697.0000000000
2650 -1696.0000000000
2662 -1695.0000000000
2680 -1694.0000000000
2693 -1693.0000000000
2694 -1692.0000000000
2709 -1691.0000000000
2733 -1690.0000000000
2749 -1689.0000000000
2758 -1688.0000000000
2767 -1687.0000000000
2774 -1686.0000000000
2781 -1685.0000000000
2789 -1684.0000000000
2795 -1683.0000000000
2816 -1682.0000000000
2826 -1681.0000000000
2834 -1680.0000000000
2840 -1679.0000000000
2848 -1677.0000000000
2857 -1676.0000000000
2860 -1674.0000000000
2864 -1672.0000000000
2881 -1670.0000000000
2884 -1669.0000000000
2894 -1668.0000000000
2909 -1666.0000000000
2920 -1665.0000000000
2928 -1664.0000000000
2942 -1663.0000000000
2946 -1662.0000000000
2950 -1661.0000000000
2973 -1659.0000000000
2995 -1658.0000000000
3017 -1657.0000000000
3019 -1656.0000000000
3035 -1655.0000000000
3050 -1654.0000000000
3055 -1653.0000000000
3069 -1652.0000000000
3078 -1650.0000000000
3102 -1649.0000000000
3122 -1648.0000000000
3127 -1647.0000000000
3140 -1645.0000000000
3148 -1644.0000000000
3174 -1642.0000000000
3182 -1639.0000000000
3192 -1638.0000000000
3199 -1635.0000000000
3213 -1634.0000000000
3224 -1633.0000000000
3236 -1632.0000000000
3241 -1631.0000000000
3248 -1630.0000000000
3261 -1629.0000000000
3271 -1628.0000000000
3286 -1627.0000000000
3307 -1626.0000000000
3327 -1625.0000000000
3349 -1624.0000000000
3352 -1623.0000000000
3367 -1622.0000000000
3379 -1621.0000000000
3405 -1620.0000000000
3412 -1619.0000000000
3419 -1618.0000000000
3444 -1617.0000000000
3460 -1616.0000000000
3467 -1615.0000000000
3468 -1614.0000000000
3479 -1613.0000000000
3480 -1612.0000000000
3483 -1610.0000000000
3501 -1609.0000000000
3516 -1608.0000000000
3526 -1606.0000000000
3546 -1605.0000000000
3553 -1604.0000000000
3585 -1603.0000000000
3600 -1601.0000000000
3601 -1599.0000000000
3613 -1598.0000000000
3639 -1597.0000000000
3648 -1596.0000000000
3658 -1595.0000000000
3664 -1594.0000000000
3674 -1593.0000000000
3701 -1592.0000000000
3703 -1591.0000000000
3728 -1590.0000000000
3737 -1589.0000000000
3762 -1588.0000000000
3775 -1587.0000000000
3783 -1586.0000000000
3809 -1584.0000000000
3827 -1583.0000000000
3832 -1582.0000000000
3849 -1581.0000000000
3874 -1580.0000000000
3890 -1579.0000000000
3901 -1578.0000000000
3911 -1576.0000000000
3936 -1575.0000000000
3939 -1574.0000000000
3974 -1573.0000000000
3990 -1572.0000000000
3997 -1571.0000000000
4016 -1570.0000000000
4034 -1569.0000000000
4058 -1568.0000000000
4059 -1567.0000000000
4077 -1566.0000000000
4084 -1565.0000000000
4104 -1564.0000000000
4115 -1562.0000000000
4142 -1561.0000000000
4149 -1560.0000000000
4161 -1559.0000000000
4165 -1558.0000000000
4176 -1556.0000000000
4188 -1554.0000000000
4208 -1553.0000000000
4209 -1552.0000000000
4229 -1551.0000000000
4239 -1550.0000000000
4261 -1549.0000000000
4279 -1548.0000000000
4294 -1547.0000000000
4302 -1546.0000000000
4319 -1545.0000000000
4335 -1543.0000000000
4349 -1542.0000000000
4350 -1541.0000000000
4371 -1540.0000000000
4386 -1539.0000000000
4402 -1538.0000000000
4434 -1537.0000000000
4450 -1536.0000000000
4458 -1535.0000000000
4483 -1534.0000000000
4494 -1533.0000000000
4498 -1532.0000000000
4508 -1531.0000000000
4520 -1529.0000000000
4526 -1526.0000000000
4541 -1525.0000000000
4557 -1524.0000000000
4577 -1521.0000000000
4610 -1520.0000000000
4613 -1519.0000000000
4621 -1518.0000000000
4622 -1517.0000000000
4637 -1516.0000000000
4653 -1515.0000000000
4654 -1514.0000000000
4694 -1513.0000000000
4717 -1512.0000000000
4722 -1510.0000000000
4747 -1509.0000000000
4754 -1508.0000000000
4769 -1507.0000000000
4771 -1505.0000000000
4795 -1504.0000000000
4801 -1503.0000000000
4812 -1502.0000000000
4839 -1501.0000000000
4855 -1499.0000000000
4872 -1498.0000000000
4881 -1497.0000000000
4907 -1496.0000000000
4920 -1495.0000000000
4947 -1494.0000000000
4951 -1493.0000000000
4981 -1492.0000000000
4992 -1491.0000000000
5012 -1490.0000000000
5021 -1489.0000000000
5025 -1488.0000000000
5047 -1487.0000000000
5048 -1486.0000000000
5051 -1485.0000000000
5061 -1484.0000000000
5067 -1483.0000000000
5089 -1482.0000000000
5099 -1481.0000000000
5141 -1480.0000000000
5154 -1479.0000000000
5163 -1478.0000000000
5170 -1476.0000000000
5187 -1474.0000000000
5218 -1472.0000000000
5238 -1471.0000000000
5249 -1470.0000000000
5253 -1469.0000000000
5257 -1468.0000000000
5273 -1467.0000000000
5279 -1466.0000000000
5299 -1465.0000000000
5306 -1464.0000000000
5346 -1463.0000000000
5363 -1462.0000000000
5378 -1461.0000000000
5386 -1460.0000000000
5390 -1459.0000000000
5395 -1458.0000000000
5404 -1456.0000000000
5409 -1455.0000000000
5445 -1454.0000000000
5448 -1453.0000000000
5495 -1452.0000000000
5505 -1451.0000000000
5530 -1450.0000000000
5538 -1449.0000000000
5552 -1448.0000000000
5567 -1447.0000000000
5576 -1446.0000000000
5598 -1445.0000000000
5618 -1444.0000000000
5628 -1443.0000000000
5633 -1442.0000000000
5654 -1441.0000000000
5655 -1440.0000000000
5657 -1439.0000000000
5684 -1438.0000000000
5692 -1437.0000000000
5698 -1436.0000000000
5727 -1434.0000000000
5749 -1432.0000000000
5791 -1431.0000000000
5807 -1430.0000000000
5816 -1429.0000000000
5825 -1428.0000000000
5868 -1427.0000000000
5877 -1426.0000000000
5895 -1425.0000000000
5909 -1424.0000000000
5925 -1423.0000000000
5928 -1422.0000000000
5931 -1421.0000000000
5943 -1420.0000000000
5955 -1419.0000000000
5981 -1418.0000000000
5983 -1417.0000000000
5984 -1416.0000000000
5991 -1415.0000000000
6006 -1414.0000000000
6007 -1413.0000000000
6010 -1412.0000000000
6040 -1409.0000000000
6068 -1408.0000000000
6075 -1406.0000000000
6093 -1405.0000000000
6115 -1404.0000000000
6120 -1402.0000000000
6152 -1401.0000000000
6160 -1400.0000000000
6171 -1398.0000000000
6174 -1397.0000000000
6178 -1396.0000000000
6189 -1395.0000000000
6209 -1394.0000000000
6213 -1393.0000000000
6222 -1392.0000000000
6240 -1391.0000000000
6248 -1390.0000000000
6285 -1389.0000000000
6294 -1388.0000000000
6299 -1387.0000000000
6320 -1386.0000000000
6334 -1385.0000000000
6348 -1383.0000000000
6353 -1382.0000000000
6356 -1381.0000000000
6365 -1380.0000000000
6389 -1379.0000000000
6393 -1377.0000000000
6402 -1376.0000000000
6433 -1375.0000000000
6439 -1374.0000000000
6465 -1373.0000000000
6476 -1372.0000000000
6507 -1371.0000000000
6516 -1370.0000000000
6522 -1369.0000000000
6534 -1368.0000000000
6558 -1367.0000000000
6564 -1366.0000000000
6578 -1365.0000000000
6598 -1364.0000000000
6609 -1363.0000000000
6623 -1362.0000000000
6628 -1361.0000000000
6640 -1360.0000000000
6665 -1359.0000000000
6686 -1358.0000000000
6696 -1357.0000000000
6707 -1356.0000000000
6731 -1354.0000000000
6756 -1353.0000000000
6765 -1352.0000000000
6779 -1351.0000000000
6800 -1350.0000000000
6817 -1349.0000000000
6832 -1348.0000000000
6834 -1347.0000000000
6839 -1346.0000000000
6843 -1345.0000000000
6851 -1344.0000000000
6852 -1343.0000000000
6884 -1342.0000000000
6900 -1340.0000000000
6901 -1339.0000000000
6944 -1338.0000000000
6949 -1337.0000000000
6961 -1335.0000000000
6968 -1334.0000000000
6980 -1333.0000000000
6990 -1332.0000000000
6995 -1331.0000000000
7016 -1330.0000000000
7028 -1329.0000000000
7041 -1328.0000000000
7050 -1327.0000000000
7067 -1326.0000000000
7088 -1325.0000000000
7094 -1324.0000000000
7111 -1323.0000000000
7135 -1322.0000000000
7138 -1321.0000000000
7171 -1320.0000000000
7180 -1318.0000000000
7185 -1317.0000000000
7206 -1316.0000000000
7209 -1315.0000000000
7220 -1314.0000000000
7244 -1313.0000000000
7270 -1312.0000000000
7271 -1310.0000000000
7295 -1308.0000000000
7323 -1307.0000000000
7353 -1306.0000000000
7363 -1305.0000000000
7372 -1303.0000000000
7394 -1301.0000000000
7421 -1300.0000000000
7423 -1299.0000000000
7446 -1298.0000000000
7474 -1297.0000000000
7484 -1296.0000000000
7505 -1295.0000000000
7508 -1294.0000000000
7533 -1292.0000000000
7539 -1291.0000000000
7543 -1290.0000000000
7545 -1289.0000000000
7563 -1288.0000000000
7574 -1287.0000000000
7588 -1286.0000000000
7597 -1285.0000000000
7621 -1284.0000000000
7636 -1283.0000000000
7638 -1282.0000000000
7655 -1281.0000000000
7678 -1279.0000000000
7699 -1278.0000000000
7731 -1277.0000000000
7741 -1276.0000000000
7744 -1275.0000000000
7769 -1274.0000000000
7782 -1273.0000000000
7785 -1272.0000000000
7790 -1271.0000000000
7821 -1270.0000000000
7848 -1269.0000000000
7854 -1267.0000000000
7891 -1266.0000000000
7898 -1265.0000000000
7914 -1264.0000000000
7924 -1263.0000000000
7936 -1262.0000000000
7952 -1261.0000000000
7974 -1260.0000000000
7985 -1259.0000000000
8008 -1258.0000000000
8022 -1257.0000000000
8044 -1256.0000000000
8053 -1255.0000000000
8059 -1253.0000000000
8068 -1252.0000000000
8071 -1251.0000000000
8090 -1250.0000000000
8091 -1248.0000000000
8125 -1247.0000000000
8128 -1245.0000000000
8130 -1244.0000000000
8171 -1243.0000000000
8191 -1242.0000000000
8204 -1241.0000000000
8228 -1240.0000000000
8231 -1238.0000000000
8263 -1237.0000000000
8309 -1236.0000000000
8310 -1235.0000000000
8324 -1234.0000000000
8328 -1233.0000000000
8341 -1232.0000000000
8347 -1231.0000000000
8363 -1230.0000000000
8388 -1229.0000000000
8394 -1228.0000000000
8403 -1227.0000000000
8407 -1226.0000000000
8428 -1225.0000000000
8437 -1224.0000000000
8441 -1223.0000000000
8454 -1222.0000000000
8473 -1221.0000000000
8489 -1220.0000000000
8493 -1219.0000000000
8530 -1218.0000000000
8540 -1217.0000000000
8550 -1216.0000000000
8573 -1215.0000000000
8603 -1214.0000000000
8614 -1213.0000000000
8637 -1212.0000000000
8640 -1211.0000000000
8645 -1210.0000000000
8665 -1209.0000000000
8686 -1208.0000000000
8703 -1207.0000000000
8720 -1206.0000000000
8734 -1205.0000000000
8748 -1204.0000000000
8760 -1203.0000000000
8781 -1202.0000000000
8793 -1200.0000000000
8811 -1199.0000000000
8823 -1198.0000000000
8843 -1197.0000000000
8853 -1196.0000000000
8882 -1195.0000000000
8886 -1194.0000000000
8905 -1193.0000000000
8912 -1192.0000000000
8946 -1191.0000000000
8953 -1190.0000000000
8968 -1189.0000000000
8978 -1188.0000000000
8995 -1187.0000000000
9012 -1186.0000000000
9020 -1185.0000000000
9034 -1184.0000000000
9039 -1183.0000000000
9051 -1182.0000000000
9069 -1180.0000000000
9089 -1179.0000000000
9121 -1178.0000000000
9173 -1175.0000000000
9223 -1174.0000000000
9248 -1173.0000000000
9252 -1172.0000000000
9260 -1171.0000000000
9291 -1170.0000000000
9307 -1169.0000000000
9327 -1168.0000000000
9357 -1167.0000000000
9379 -1166.0000000000
9395 -1165.0000000000
9425 -1164.0000000000
9437 -1163.0000000000
9448 -1162.0000000000
9461 -1161.0000000000
9468 -1160.0000000000
9505 -1159.0000000000
9513 -1158.0000000000
9537 -1157.0000000000
9565 -1156.0000000000
9574 -1155.0000000000
9576 -1154.0000000000
9585 -1153.0000000000
9606 -1152.0000000000
9610 -1151.0000000000
9613 -1150.0000000000
9628 -1149.0000000000
9648 -1148.0000000000
9656 -1147.0000000000
9672 -1146.0000000000
9685 -1145.0000000000
9715 -1144.0000000000
9727 -1143.0000000000
9731 -1140.0000000000
9757 -1139.0000000000
9775 -1138.0000000000
9805 -1137.0000000000
9827 -1136.0000000000
9832 -1135.0000000000
9883 -1134.0000000000
9894 -1133.0000000000
9901 -1131.0000000000
9930 -1130.0000000000
9931 -1129.0000000000
9958 -1128.0000000000
9959 -1127.0000000000
10000 -1129.0000000000
evaluations raw_y
1 -2030.0000000000
3 -1957.0000000000
12 -1956.0000000000
18 -1955.0000000000
22 -1954.0000000000
28 -1953.0000000000
34 -1952.0000000000
54 -1951.0000000000
59 -1949.0000000000
63 -1948.0000000000
71 -1947.0000000000
75 -1946.0000000000
86 -1945.0000000000
102 -1944.0000000000
104 -1942.0000000000
111 -1941.0000000000
138 -1939.0000000000
139 -1938.0000000000
147 -1937.0000000000
174 -1935.0000000000
195 -1934.0000000000
207 -1933.0000000000
211 -1931.0000000000
221 -1930.0000000000
234 -1929.0000000000
238 -1928.0000000000
260 -1927.0000000000
284 -1926.0000000000
290 -1925.0000000000
295 -1924.0000000000
302 -1922.0000000000
308 -1921.0000000000
322 -1920.0000000000
333 -1918.0000000000
344 -1916.0000000000
372 -1914.0000000000
389 -1913.0000000000
408 -1912.0000000000
415 -1911.0000000000
418 -1909.0000000000
427 -1908.0000000000
436 -1906.0000000000
445 -1905.0000000000
454 -1904.0000000000
461 -1903.0000000000
463 -1902.0000000000
482 -1901.0000000000
499 -1899.0000000000
509 -1898.0000000000
519 -1897.0000000000
528 -1895.0000000000
543 -1894.0000000000
555 -1892.0000000000
586 -1891.0000000000
589 -1889.0000000000
620 -1888.0000000000
631 -1887.0000000000
636 -1886.0000000000
648 -1885.0000000000
659 -1884.0000000000
672 -1883.0000000000
681 -1882.0000000000
686 -1881.0000000000
687 -1880.0000000000
710 -1879.0000000000
733 -1878.0000000000
739 -1877.0000000000
757 -1876.0000000000
759 -1875.0000000000
772 -1874.0000000000
776 -1873.0000000000
788 -1872.0000000000
801 -1871.0000000000
810 -1870.0000000000
822 -1869.0000000000
833 -1868.0000000000
846 -1867.0000000000
847 -1866.0000000000
850 -1865.0000000000
864 -1864.0000000000
867 -1863.0000000000
880 -1861.0000000000
899 -1860.0000000000
924 -1859.0000000000
927 -1858.0000000000
931 -1857.0000000000
952 -1856.0000000000
956 -1855.0000000000
958 -1854.0000000000
959 -1853.0000000000
976 -1852.0000000000
983 -1851.0000000000
996 -1850.0000000000
1013 -1849.0000000000
1019 -1848.0000000000
1027 -1846.0000000000
1034 -1845.0000000000
1035 -1844.0000000000
1044 -1843.0000000000
1049 -1842.0000000000
1057 -1841.0000000000
1082 -1839.0000000000
1090 -1837.0000000000
1109 -1836.0000000000
1115 -1835.0000000000
1137 -1834.0000000000
1151 -1833.0000000000
1154 -1832.0000000000
1167 -1831.0000000000
1180 -1830.0000000000
1187 -1829.0000000000
1192 -1828.0000000000
1203 -1827.0000000000
1215 -1826.0000000000
1217 -1825.0000000000
1221 -1824.0000000000
1232 -1823.0000000000
1238 -1822.0000000000
1248 -1820.0000000000
1253 -1819.0000000000
1277 -1818.0000000000
1282 -1817.0000000000
1285 -1816.0000000000
1291 -1815.0000000000
1305 -1814.0000000000
1306 -1813.0000000000
1324 -1812.0000000000
1330 -1811.0000000000
1331 -1810.0000000000
1348 -1809.0000000000
1358 -1808.0000000000
1359 -1807.0000000000
1361 -1806.0000000000
1365 -1805.0000000000
1376 -1804.0000000000
1379 -1803.0000000000
1380 -1802.0000000000
1398 -1801.0000000000
1401 -1799.0000000000
1410 -1798.0000000000
1419 -1797.0000000000
1420 -1796.0000000000
1427 -1795.0000000000
1429 -1794.0000000000
1434 -1793.0000000000
1439 -1792.0000000000
1452 -1791.0000000000
1456 -1789.0000000000
1475 -1788.0000000000
1480 -1787.0000000000
1488 -1786.0000000000
1489 -1784.0000000000
1491 -1783.0000000000
1505 -1782.0000000000
1512 -1781.0000000000
1521 -1779.0000000000
1529 -1778.0000000000
1541 -1777.0000000000
1552 -1776.0000000000
1555 -1775.0000000000
1567 -1774.0000000000
1569 -1773.0000000000
1570 -1772.0000000000
1582 -1771.0000000000
1595 -1769.0000000000
1606 -1768.0000000000
1612 -1767.0000000000
1624 -1766.0000000000
1637 -1765.0000000000
1641 -1764.0000000000
1645 -1763.0000000000
1646 -1762.0000000000
1662 -1761.0000000000
1665 -1759.0000000000
1695 -1758.0000000000
1703 -1757.0000000000
1716 -1756.0000000000
1720 -1755.0000000000
1730 -1754.0000000000
1737 -1753.0000000000
1738 -1752.0000000000
1756 -1751.0000000000
1767 -1749.0000000000
1783 -1748.0000000000
1799 -1747.0000000000
1813 -1746.0000000000
1834 -1745.0000000000
1836 -1744.0000000000
1856 -1743.0000000000
1861 -1742.0000000000
1871 -1741.0000000000
1876 -1740.0000000000
1895 -1739.0000000000
1910 -1738.0000000000
1911 -1737.0000000000
1917 -1736.0000000000
1933 -1735.0000000000
1950 -1734.0000000000
1955 -1733.0000000000
1957 -1731.0000000000
1983 -1730.0000000000
1986 -1729.0000000000
1991 -1728.0000000000
2000 -1727.0000000000
2003 -1726.0000000000
2033 -1725.0000000000
2040 -1724.0000000000
2062 -1723.0000000000
2070 -1722.0000000000
2072 -1721.0000000000
2085 -1720.0000000000
2092 -1719.0000000000
2093 -1718.0000000000
2108 -1717.0000000000
2110 -1716.0000000000
2131 -1715.0000000000
2135 -1714.0000000000
2146 -1713.0000000000
2152 -1712.0000000000
2164 -1711.0000000000
2171 -1710.0000000000
2178 -1708.0000000000
2192 -1707.0000000000
2197 -1706.0000000000
2209 -1705.0000000000
2219 -1704.0000000000
2233 -1703.0000000000
2246 -1702.0000000000
2267 -1701.0000000000
2280 -1700.0000000000
2291 -1699.0000000000
2293 -1698.0000000000
2321 -1697.0000000000
2340 -1696.0000000000
2342 -1694.0000000000
2353 -1693.0000000000
2377 -1692.0000000000
2393 -1691.0000000000
2398 -1689.0000000000
2422 -1688.0000000000
2433 -1687.0000000000
2435 -1686.0000000000
2446 -1685.0000000000
2452 -1684.0000000000
2459 -1683.0000000000
2475 -1682.0000000000
2486 -1681.0000000000
2493 -1680.0000000000
2504 -1679.0000000000
2517 -1678.0000000000
2546 -1676.0000000000
2570 -1674.0000000000
2573 -1673.0000000000
2580 -1672.0000000000
2593 -1671.0000000000
2599 -1670.0000000000
2633 -1669.0000000000
2637 -1668.0000000000
2652 -1667.0000000000
2658 -1666.0000000000
2662 -1665.0000000000
2676 -1664.0000000000
2708 -1663.0000000000
2712 -1661.0000000000
2747 -1660.0000000000
2755 -1659.0000000000
2759 -1658.0000000000
2784 -1657.0000000000
2789 -1656.0000000000
2794 -1655.0000000000
2822 -1654.0000000000
2829 -1653.0000000000
2836 -1651.0000000000
2867 -1650.0000000000
2876 -1649.0000000000
2881 -1648.0000000000
2886 -1647.0000000000
2887 -1646.0000000000
2921 -1645.0000000000
2936 -1644.0000000000
2938 -1642.0000000000
2960 -1641.0000000000
2966 -1640.0000000000
2993 -1637.0000000000
2995 -1636.0000000000
2996 -1635.0000000000
3008 -1634.0000000000
3029 -1633.0000000000
3047 -1632.0000000000
3055 -1630.0000000000
3076 -1629.0000000000
3086 -1628.0000000000
3093 -1627.0000000000
3100 -1626.0000000000
3104 -1624.0000000000
3129 -1623.0000000000
3135 -1622.0000000000
3145 -1621.0000000000
3147 -1620.0000000000
3155 -1619.0000000000
3177 -1618.0000000000
3182 -1617.0000000000
3192 -1616.0000000000
3195 -1615.0000000000
3222 -1614.0000000000
3230 -1612.0000000000
3242 -1611.0000000000
3244 -1610.0000000000
3251 -1607.0000000000
3259 -1606.0000000000
3284 -1605.0000000000
3290 -1604.0000000000
3303 -1603.0000000000
3308 -1602.0000000000
3310 -1601.0000000000
3333 -1600.0000000000
3356 -1599.0000000000
3360 -1598.0000000000
3368 -1597.0000000000
3398 -1596.0000000000
3401 -1595.0000000000
3412 -1594.0000000000
3418 -1593.0000000000
3421 -1592.0000000000
3434 -1589.0000000000
3472 -1588.0000000000
3478 -1587.0000000000
3479 -1586.0000000000
3502 -1585.0000000000
3511 -1583.0000000000
3514 -1582.0000000000
3520 -1581.0000000000
3524 -1580.0000000000
3547 -1578.0000000000
3573 -1577.0000000000
3587 -1573.0000000000
3594 -1572.0000000000
3599 -1571.0000000000
3631 -1570.0000000000
3656 -1569.0000000000
3659 -1567.0000000000
3671 -1565.0000000000
3700 -1563.0000000000
3713 -1562.0000000000
3727 -1561.0000000000
3736 -1560.0000000000
3742 -1558.0000000000
3750 -1557.0000000000
3754 -1556.0000000000
3772 -1553.0000000000
3793 -1552.0000000000
3797 -1550.0000000000
3800 -1548.0000000000
3816 -1547.0000000000
3846 -1546.0000000000
3849 -1545.0000000000
3887 -1544.0000000000
3898 -1543.0000000000
3912 -1542.0000000000
3929 -1541.0000000000
3939 -1540.0000000000
3946 -1539.0000000000
3955 -1538.0000000000
3960 -1537.0000000000
3965 -1536.0000000000
3972 -1535.0000000000
3979 -1534.0000000000
3994 -1533.0000000000
4009 -1531.0000000000
4038 -1530.0000000000
4051 -1529.0000000000
4055 -1528.0000000000
4070 -1527.0000000000
4088 -1526.0000000000
4102 -1525.0000000000
4109 -1524.0000000000
4116 -1523.0000000000
4146 -1522.0000000000
4148 -1521.0000000000
4172 -1520.0000000000
4177 -1519.0000000000
4186 -1518.0000000000
4196 -1517.0000000000
4217 -1516.0000000000
4222 -1515.0000000000
4237 -1513.0000000000
4257 -1512.0000000000
4263 -1511.0000000000
4279 -1510.0000000000
4285 -1509.0000000000
4294 -1508.0000000000
4309 -1507.0000000000
4310 -1506.0000000000
4311 -1505.0000000000
4313 -1504.0000000000
4326 -1503.0000000000
4335 -1502.0000000000
4358 -1501.0000000000
4380 -1500.0000000000
4388 -1499.0000000000
4415 -1498.0000000000
4431 -1497.0000000000
4446 -1495.0000000000
4466 -1494.0000000000
4467 -1493.0000000000
4488 -1491.0000000000
4491 -1490.0000000000
4494 -1489.0000000000
4528 -1487.0000000000
4541 -1486.0000000000
4550 -1485.0000000000
4568 -1484.0000000000
4586 -1483.0000000000
4596 -1482.0000000000
4608 -1481.0000000000
4618 -1480.0000000000
4644 -1479.0000000000
4658 -1477.0000000000
4699 -1476.0000000000
4701 -1475.0000000000
4705 -1474.0000000000
4729 -1473.0000000000
4740 -1471.0000000000
4745 -1470.0000000000
4764 -1469.0000000000
4771 -1468.0000000000
4773 -1467.0000000000
4784 -1466.0000000000
4795 -1464.0000000000
4811 -1463.0000000000
4833 -1462.0000000000
4852 -1461.0000000000
4858 -1460.0000000000
4859 -1459.0000000000
4861 -1458.0000000000
4889 -1457.0000000000
4893 -1456.0000000000
4914 -1455.0000000000
4923 -1454.0000000000
4925 -1453.0000000000
4935 -1452.0000000000
4968 -1451.0000000000
5001 -1450.0000000000
5015 -1448.0000000000
5020 -1447.0000000000
5037 -1446.0000000000
5051 -1444.0000000000
5085 -1443.0000000000
5094 -1442.0000000000
5105 -1441.0000000000
5117 -1440.0000000000
5126 -1439.0000000000
5138 -1438.0000000000
5150 -1437.0000000000
5159 -1436.0000000000
5160 -1435.0000000000
5176 -1434.0000000000
5190 -1433.0000000000
5204 -1432.0000000000
5219 -1431.0000000000
5240 -1430.0000000000
5254 -1429.0000000000
5260 -1428.0000000000
5262 -1427.0000000000
5273 -1426.0000000000
5289 -1425.0000000000
5298 -1420.0000000000
5302 -1419.0000000000
5320 -1418.0000000000
5343 -1417.0000000000
5350 -1416.0000000000
5368 -1415.0000000000
5370 -1414.0000000000
5383 -1413.0000000000
5394 -1412.0000000000
5404 -1410.0000000000
5439 -1409.0000000000
5440 -1408.0000000000
5446 -1407.0000000000
5457 -1406.0000000000
5464 -1405.0000000000
5482 -1404.0000000000
5503 -1403.0000000000
5515 -1402.0000000000
5517 -1401.0000000000
5523 -1400.0000000000
5530 -1399.0000000000
5535 -1398.0000000000
5572 -1395.0000000000
5600 -1394.0000000000
5646 -1393.0000000000
5657 -1392.0000000000
5671 -1391.0000000000
5693 -1390.0000000000
5718 -1389.0000000000
5738 -1387.0000000000
5741 -1386.0000000000
5754 -1385.0000000000
5770 -1384.0000000000
5785 -1383.0000000000
5787 -1382.0000000000
5811 -1381.0000000000
5825 -1380.0000000000
5837 -1379.0000000000
5850 -1378.0000000000
5854 -1377.0000000000
5863 -1376.0000000000
5870 -1375.0000000000
5888 -1374.0000000000
5903 -1373.0000000000
5917 -1372.0000000000
5928 -1371.0000000000
5953 -1369.0000000000
5972 -1368.0000000000
5977 -1367.0000000000
5991 -1366.0000000000
6022 -1365.0000000000
6027 -1364.0000000000
6033 -1363.0000000000
6046 -1362.0000000000
6060 -1361.0000000000
6064 -1360.0000000000
6081 -1358.0000000000
6104 -1357.0000000000
6105 -1355.0000000000
6129 -1354.0000000000
6135 -1353.0000000000
6136 -1352.0000000000
6144 -1350.0000000000
6164 -1349.0000000000
6183 -1348.0000000000
6187 -1346.0000000000
6196 -1345.0000000000
6214 -1344.0000000000
6242 -1343.0000000000
6253 -1342.0000000000
6273 -1341.0000000000
6288 -1340.0000000000
6308 -1339.0000000000
6326 -1338.0000000000
6333 -1337.0000000000
6373 -1336.0000000000
6393 -1334.0000000000
6402 -1333.0000000000
6431 -1332.0000000000
6447 -1331.0000000000
6454 -1330.0000000000
6480 -1329.0000000000
6486 -1328.0000000000
6488 -1327.0000000000
6494 -1326.0000000000
6517 -1325.0000000000
6535 -1324.0000000000
6566 -1323.0000000000
6574 -1322.0000000000
6589 -1321.0000000000
6590 -1320.0000000000
6596 -1319.0000000000
6611 -1318.0000000000
6624 -1316.0000000000
6672 -1315.0000000000
6705 -1314.0000000000
6706 -1313.0000000000
6718 -1312.0000000000
6721 -1311.0000000000
6740 -1310.0000000000
6755 -1309.0000000000
6756 -1308.0000000000
6778 -1307.0000000000
6780 -1306.0000000000
6798 -1305.0000000000
6809 -1304.0000000000
6819 -1303.0000000000
6828 -1302.0000000000
6858 -1301.0000000000
6867 -1300.0000000000
6871 -1299.0000000000
6900 -1297.0000000000
6903 -1296.0000000000
6919 -1295.0000000000
6948 -1294.0000000000
6959 -1293.0000000000
6965 -1292.0000000000
6992 -1291.0000000000
7017 -1290.0000000000
7045 -1289.0000000000
7047 -1288.0000000000
7083 -1287.0000000000
7086 -1286.0000000000
7126 -1285.0000000000
7144 -1284.0000000000
7157 -1283.0000000000
7165 -1282.0000000000
7174 -1281.0000000000
7182 -1280.0000000000
7191 -1279.0000000000
7201 -1278.0000000000
7228 -1276.0000000000
7270 -1275.0000000000
7275 -1274.0000000000
7306 -1273.0000000000
7313 -1271.0000000000
7337 -1269.0000000000
7360 -1268.0000000000
7371 -1267.0000000000
7385 -1266.0000000000
7404 -1265.0000000000
7414 -1264.0000000000
7427 -1263.0000000000
7434 -1262.0000000000
7436 -1261.0000000000
7442 -1260.0000000000
7452 -1259.0000000000
7472 -1258.0000000000
7481 -1257.0000000000
7485 -1256.0000000000
7493 -1254.0000000000
7518 -1252.0000000000
7563 -1251.0000000000
7591 -1250.0000000000
7616 -1249.0000000000
7626 -1248.0000000000
7650 -1247.0000000000
7653 -1246.0000000000
7659 -1245.0000000000
7686 -1244.0000000000
7691 -1243.0000000000
7707 -1242.0000000000
7713 -1241.0000000000
7725 -1240.0000000000
7739 -1239.0000000000
7786 -1238.0000000000
7804 -1236.0000000000
7821 -1235.0000000000
7843 -1234.0000000000
7870 -1233.0000000000
7876 -1232.0000000000
7917 -1231.0000000000
7920 -1228.0000000000
7948 -1227.0000000000
7961 -1226.0000000000
7969 -1225.0000000000
7988 -1224.0000000000
8008 -1223.0000000000
8021 -1220.0000000000
8031 -1219.0000000000
8045 -1218.0000000000
8068 -1216.0000000000
8091 -1215.0000000000
8097 -1214.0000000000
8106 -1213.0000000000
8125 -1212.0000000000
8159 -1211.0000000000
8180 -1210.0000000000
8181 -1209.0000000000
8188 -1208.0000000000
8224 -1207.0000000000
8244 -1206.0000000000
8246 -1205.0000000000
8265 -1204.0000000000
8293 -1203.0000000000
8318 -1202.0000000000
8326 -1201.0000000000
8336 -1200.0000000000
8365 -1199.0000000000
8386 -1198.0000000000
8409 -1197.0000000000
8428 -1196.0000000000
8451 -1195.0000000000
8488 -1192.0000000000
8496 -1191.0000000000
8517 -1190.0000000000
8535 -1189.0000000000
8539 -1188.0000000000
8545 -1187.0000000000
8549 -1186.0000000000
8576 -1184.0000000000
8592 -1182.0000000000
8613 -1179.0000000000
8617 -1178.0000000000
8656 -1177.0000000000
8660 -1176.0000000000
8674 -1175.0000000000
8681 -1174.0000000000
8702 -1173.0000000000
8724 -1172.0000000000
8761 -1171.0000000000
8785 -1170.0000000000
8801 -1169.0000000000
8819 -1168.0000000000
8838 -1167.0000000000
8843 -1166.0000000000
8858 -1165.0000000000
8865 -1164.0000000000
8870 -1163.0000000000
8886 -1162.0000000000
8898 -1161.0000000000
8921 -1160.0000000000
8925 -1159.0000000000
8930 -1158.0000000000
8968 -1157.0000000000
8976 -1156.0000000000
8997 -1155.0000000000
9009 -1153.0000000000
9022 -1152.0000000000
9048 -1151.0000000000
9067 -1150.0000000000
9089 -1149.0000000000
9091 -1148.0000000000
9105 -1147.0000000000
9124 -1146.0000000000
9140 -1145.0000000000
9147 -1144.0000000000
9148 -1143.0000000000
9171 -1142.0000000000
9178 -1141.0000000000
9201 -1140.0000000000
9203 -1139.0000000000
9221 -1137.0000000000
9257 -1136.0000000000
9281 -1135.0000000000
9301 -1134.0000000000
9313 -1133.0000000000
9342 -1131.0000000000
9391 -1130.0000000000
9414 -1129.0000000000
9419 -1128.0000000000
9446 -1127.0000000000
9448 -1126.0000000000
9453 -1124.0000000000
9480 -1123.0000000000
9513 -1122.0000000000
9554 -1121.0000000000
9576 -1120.0000000000
9598 -1119.0000000000
9620 -1118.0000000000
9623 -1117.0000000000
9651 -1116.0000000000
9659 -1115.0000000000
9678 -1114.0000000000
9692 -1113.0000000000
9703 -1112.0000000000
9716 -1111.0000000000
9723 -1110.0000000000
9731 -1109.0000000000
9748 -1107.0000000000
9774 -1106.0000000000
9780 -1105.0000000000
9796 -1104.0000000000
9807 -1103.0000000000
9814 -1102.0000000000
9836 -1101.0000000000
9846 -1100.0000000000
9882 -1099.0000000000
9889 -1098.0000000000
9901 -1097.0000000000
9925 -1096.0000000000
9937 -1095.0000000000
9963 -1094.0000000000
9969 -1093.0000000000
9978 -1092.0000000000
9995 -1091.0000000000
9997 -1090.0000000000
10000 -1094.0000000000
evaluations raw_y
1 -2026.0000000000
2 -1945.0000000000
11 -1944.0000000000
22 -1943.0000000000
32 -1942.0000000000
43 -1941.0000000000
54 -1940.0000000000
60 -1939.0000000000
66 -1938.0000000000
75 -1937.0000000000
79 -1936.0000000000
86 -1934.0000000000
92 -1932.0000000000
124 -1931.0000000000
132 -1929.0000000000
140 -1928.0000000000
163 -1927.0000000000
174 -1922.0000000000
176 -1921.0000000000
199 -1920.0000000000
210 -1919.0000000000
222 -1918.0000000000
231 -1917.0000000000
238 -1916.0000000000
254 -1914.0000000000
260 -1913.0000000000
269 -1912.0000000000
271 -1911.0000000000
275 -1910.0000000000
288 -1909.0000000000
298 -1908.0000000000
316 -1907.0000000000
330 -1906.0000000000
353 -1905.0000000000
360 -1904.0000000000
366 -1903.0000000000
368 -1902.0000000000
375 -1901.0000000000
392 -1900.0000000000
399 -1899.0000000000
400 -1897.0000000000
421 -1896.0000000000
422 -1894.0000000000
430 -1893.0000000000
446 -1892.0000000000
456 -1891.0000000000
475 -1890.0000000000
483 -1889.0000000000
507 -1887.0000000000
530 -1886.0000000000
531 -1885.0000000000
537 -1884.0000000000
550 -1883.0000000000
552 -1881.0000000000
563 -1880.0000000000
572 -1879.0000000000
574 -1878.0000000000
578 -1877.0000000000
591 -1876.0000000000
599 -1875.0000000000
605 -1874.0000000000
624 -1873.0000000000
634 -1872.0000000000
639 -1871.0000000000
643 -1870.0000000000
646 -1869.0000000000
667 -1868.0000000000
682 -1867.0000000000
695 -1866.0000000000
698 -1864.0000000000
709 -1863.0000000000
729 -1861.0000000000
734 -1860.0000000000
748 -1859.0000000000
755 -1858.0000000000
764 -1857.0000000000
768 -1855.0000000000
800 -1854.0000000000
803 -1853.0000000000
809 -1852.0000000000
826 -1851.0000000000
827 -1850.0000000000
834 -1849.0000000000
844 -1848.0000000000
847 -1847.0000000000
858 -1846.0000000000
870 -1845.0000000000
878 -1844.0000000000
888 -1843.0000000000
891 -1841.0000000000
917 -1839.0000000000
925 -1837.0000000000
946 -1836.0000000000
952 -1835.0000000000
958 -1834.0000000000
959 -1833.0000000000
960 -1832.0000000000
967 -1831.0000000000
974 -1830.0000000000
991 -1829.0000000000
995 -1827.0000000000
1003 -1826.0000000000
1016 -1825.0000000000
1028 -1822.0000000000
1060 -1821.0000000000
1081 -1820.0000000000
1086 -1819.0000000000
1087 -1818.0000000000
1097 -1817.0000000000
1130 -1816.0000000000
1139 -1815.0000000000
1150 -1813.0000000000
1163 -1812.0000000000
1176 -1811.0000000000
1198 -1810.0000000000
1210 -1809.0000000000
1224 -1808.0000000000
1226 -1807.0000000000
1236 -1806.0000000000
1243 -1805.0000000000
1249 -1803.0000000000
1264 -1802.0000000000
1266 -1801.0000000000
1285 -1800.0000000000
1302 -1799.0000000000
1304 -1798.0000000000
1319 -1797.0000000000
1332 -1796.0000000000
1342 -1795.0000000000
1355 -1793.0000000000
1377 -1792.0000000000
1390 -1791.0000000000
1404 -1790.0000000000
1416 -1789.0000000000
1420 -1788.0000000000
1436 -1787.0000000000
1449 -1785.0000000000
1459 -1784.0000000000
1478 -1783.0000000000
1500 -1782.0000000000
1519 -1781.0000000000
1527 -1780.0000000000
1534 -1779.0000000000
1545 -1778.0000000000
1571 -1777.0000000000
1572 -1776.0000000000
1589 -1775.0000000000
1600 -1774.0000000000
1602 -1772.0000000000
1606 -1771.0000000000
1609 -1770.0000000000
1613 -1769.0000000000
1631 -1768.0000000000
1647 -1767.0000000000
1648 -1766.0000000000
1671 -1765.0000000000
1672 -1764.0000000000
1676 -1763.0000000000
1687 -1762.0000000000
1692 -1761.0000000000
1702 -1760.0000000000
1711 -1759.0000000000
1718 -1758.0000000000
1725 -1757.0000000000
1743 -1756.0000000000
1753 -1754.0000000000
1765 -1753.0000000000
1771 -1752.0000000000
1774 -1751.0000000000
1779 -1750.0000000000
1780 -1749.0000000000
1793 -1748.0000000000
1802 -1747.0000000000
1808 -1744.0000000000
1828 -1743.0000000000
1844 -1742.0000000000
1859 -1741.0000000000
1875 -1740.0000000000
1899 -1739.0000000000
1907 -1738.0000000000
1916 -1737.0000000000
1920 -1735.0000000000
1951 -1734.0000000000
1956 -1732.0000000000
1989 -1731.0000000000
1991 -1730.0000000000
2005 -1728.0000000000
2017 -1726.0000000000
2028 -1725.0000000000
2032 -1724.0000000000
2051 -1723.0000000000
2063 -1722.0000000000
2075 -1721.0000000000
2080 -1720.0000000000
2084 -1719.0000000000
2121 -1718.0000000000
2127 -1717.0000000000
2138 -1716.0000000000
2147 -1715.0000000000
2157 -1714.0000000000
2158 -1712.0000000000
2169 -1711.0000000000
2174 -1709.0000000000
2179 -1708.0000000000
2198 -1707.0000000000
2210 -1706.0000000000
2216 -1705.0000000000
2217 -1704.0000000000
2221 -1703.0000000000
2239 -1702.0000000000
2241 -1701.0000000000
2250 -1699.0000000000
2260 -1698.0000000000
2282 -1697.0000000000
2291 -1696.0000000000
2295 -1694.0000000000
2312 -1693.0000000000
2319 -1692.0000000000
2328 -1691.0000000000
2333 -1690.0000000000
2346 -1689.0000000000
2350 -1688.0000000000
2366 -1687.0000000000
2375 -1686.0000000000
2387 -1685.0000000000
2402 -1684.0000000000
2418 -1683.0000000000
2419 -1682.0000000000
2437 -1681.0000000000
2441 -1680.0000000000
2455 -1679.0000000000
2463 -1678.0000000000
2466 -1676.0000000000
2483 -1675.0000000000
2487 -1674.0000000000
2499 -1673.0000000000
2511 -1672.0000000000
2512 -1671.0000000000
2523 -1670.0000000000
2530 -1669.0000000000
2534 -1668.0000000000
2537 -1667.0000000000
2543 -1666.0000000000
2569 -1665.0000000000
2577 -1664.0000000000
2587 -1663.0000000000
2605 -1662.0000000000
2616 -1661.0000000000
2622 -1660.0000000000
2625 -1659.0000000000
2637 -1658.0000000000
2638 -1657.0000000000
2642 -1656.0000000000
2651 -1654.0000000000
2652 -1652.0000000000
2680 -1651.0000000000
2687 -1650.0000000000
2704 -1649.0000000000
2716 -1648.0000000000
2740 -1647.0000000000
2775 -1646.0000000000
2786 -1645.0000000000
2803 -1644.0000000000
2807 -1643.0000000000
2811 -1642.0000000000
2823 -1641.0000000000
2840 -1639.0000000000
2851 -1638.0000000000
2866 -1637.0000000000
2875 -1636.0000000000
2886 -1635.0000000000
2898 -1634.0000000000
2910 -1633.0000000000
2912 -1632.0000000000
2935 -1631.0000000000
2945 -1630.0000000000
2959 -1628.0000000000
2973 -1627.0000000000
2985 -1626.0000000000
2986 -1625.0000000000
2990 -1624.0000000000
2996 -1623.0000000000
3005 -1622.0000000000
3011 -1621.0000000000
3029 -1620.0000000000
3035 -1619.0000000000
3060 -1618.0000000000
3066 -1617.0000000000
3077 -1616.0000000000
3083 -1615.0000000000
3088 -1614.0000000000
3102 -1613.0000000000
3117 -1612.0000000000
3124 -1611.0000000000
3141 -1610.0000000000
3148 -1609.0000000000
3159 -1608.0000000000
3163 -1607.0000000000
3204 -1605.0000000000
3209 -1604.0000000000
3211 -1603.0000000000
3242 -1602.0000000000
3249 -1601.0000000000
3251 -1600.0000000000
3261 -1599.0000000000
3268 -1598.0000000000
3288 -1596.0000000000
3307 -1595.0000000000
3311 -1593.0000000000
3334 -1592.0000000000
3339 -1591.0000000000
3350 -1589.0000000000
3354 -1588.0000000000
3363 -1587.0000000000
3368 -1586.0000000000
3379 -1585.0000000000
3384 -1583.0000000000
3400 -1582.0000000000
3402 -1581.0000000000
3413 -1580.0000000000
3414 -1579.0000000000
3433 -1578.0000000000
3448 -1577.0000000000
3464 -1576.0000000000
3465 -1575.0000000000
3490 -1574.0000000000
3492 -1573.0000000000
3496 -1572.0000000000
3497 -1571.0000000000
3511 -1570.0000000000
3524 -1569.0000000000
3527 -1568.0000000000
3542 -1567.0000000000
3568 -1566.0000000000
3585 -1565.0000000000
3597 -1564.0000000000
3602 -1563.0000000000
3606 -1561.0000000000
3620 -1560.0000000000
3636 -1558.0000000000
3649 -1557.0000000000
3657 -1556.0000000000
3660 -1555.0000000000
3668 -1554.0000000000
3693 -1553.0000000000
3705 -1552.0000000000
3715 -1551.0000000000
3732 -1550.0000000000
3740 -1549.0000000000
3768 -1548.0000000000
3790 -1547.0000000000
3791 -1546.0000000000
3793 -1545.0000000000
3796 -1544.0000000000
3813 -1543.0000000000
3817 -1542.0000000000
3824 -1541.0000000000
3837 -1539.0000000000
3838 -1538.0000000000
3845 -1537.0000000000
3862 -1536.0000000000
3878 -1535.0000000000
3884 -1534.0000000000
3907 -1533.0000000000
3913 -1531.0000000000
3929 -1530.0000000000
3932 -1529.0000000000
3941 -1528.0000000000
3950 -1526.0000000000
3963 -1525.0000000000
3970 -1524.0000000000
3996 -1523.0000000000
4003 -1521.0000000000
4037 -1520.0000000000
4047 -1519.0000000000
4050 -1518.0000000000
4057 -1517.0000000000
4089 -1516.0000000000
4108 -1515.0000000000
4130 -1514.0000000000
4144 -1513.0000000000
4150 -1511.0000000000
4164 -1510.0000000000
4172 -1509.0000000000
4179 -1508.0000000000
4181 -1507.0000000000
4198 -1506.0000000000
4210 -1504.0000000000
4253 -1502.0000000000
4269 -1501.0000000000
4287 -1500.0000000000
4299 -1499.0000000000
4310 -1498.0000000000
4312 -1497.0000000000
4328 -1496.0000000000
4335 -1495.0000000000
4361 -1494.0000000000
4370 -1493.0000000000
4372 -1492.0000000000
4389 -1491.0000000000
4408 -1490.0000000000
4409 -1489.0000000000
4422 -1488.0000000000
4433 -1487.0000000000
4436 -1485.0000000000
4445 -1484.0000000000
4451 -1483.0000000000
4454 -1482.0000000000
4456 -1480.0000000000
4462 -1479.0000000000
4463 -1478.0000000000
4492 -1477.0000000000
4496 -1476.0000000000
4509 -1475.0000000000
4538 -1474.0000000000
4541 -1473.0000000000
4563 -1472.0000000000
4574 -1471.0000000000
4601 -1469.0000000000
4626 -1468.0000000000
4659 -1467.0000000000
4664 -1466.0000000000
4672 -1465.0000000000
4676 -1464.0000000000
4695 -1463.0000000000
4726 -1462.0000000000
4731 -1460.0000000000
4743 -1459.0000000000
4750 -1458.0000000000
4769 -1457.0000000000
4770 -1456.0000000000
4778 -1455.0000000000
4780 -1454.0000000000
4802 -1453.0000000000
4816 -1452.0000000000
4818 -1450.0000000000
4850 -1449.0000000000
4856 -1448.0000000000
4883 -1447.0000000000
4887 -1445.0000000000
4919 -1444.0000000000
4926 -1443.0000000000
4934 -1442.0000000000
4949 -1440.0000000000
4968 -1439.0000000000
4977 -1438.0000000000
5002 -1437.0000000000
5011 -1436.0000000000
5026 -1435.0000000000
5030 -1434.0000000000
5050 -1433.0000000000
5061 -1432.0000000000
5074 -1430.0000000000
5089 -1429.0000000000
5104 -1428.0000000000
5111 -1426.0000000000
5129 -1424.0000000000
5142 -1423.0000000000
5148 -1422.0000000000
5150 -1421.0000000000
5167 -1420.0000000000
5175 -1419.0000000000
5189 -1418.0000000000
5201 -1417.0000000000
5206 -1416.0000000000
5212 -1415.0000000000
5219 -1414.0000000000
5231 -1413.0000000000
5243 -1412.0000000000
5273 -1411.0000000000
5279 -1410.0000000000
5288 -1409.0000000000
5303 -1408.0000000000
5313 -1407.0000000000
5319 -1406.0000000000
5328 -1405.0000000000
5343 -1404.0000000000
5344 -1403.0000000000
5368 -1402.0000000000
5384 -1401.0000000000
5396 -1400.0000000000
5410 -1399.0000000000
5432 -1398.0000000000
5440 -1397.0000000000
5457 -1396.0000000000
5475 -1395.0000000000
5481 -1394.0000000000
5488 -1393.0000000000
5502 -1392.0000000000
5525 -1390.0000000000
5565 -1389.0000000000
5579 -1388.0000000000
5610 -1387.0000000000
5614 -1386.0000000000
5624 -1385.0000000000
5644 -1384.0000000000
5656 -1383.0000000000
5668 -1382.0000000000
5675 -1381.0000000000
5681 -1380.0000000000
5687 -1379.0000000000
5688 -1378.0000000000
5700 -1376.0000000000
5713 -1375.0000000000
5768 -1374.0000000000
5773 -1372.0000000000
5783 -1371.0000000000
5803 -1370.0000000000
5812 -1369.0000000000
5813 -1368.0000000000
5823 -1367.0000000000
5829 -1366.0000000000
5832 -1365.0000000000
5850 -1364.0000000000
5874 -1363.0000000000
5896 -1362.0000000000
5904 -1361.0000000000
5915 -1360.0000000000
5934 -1359.0000000000
5939 -1358.0000000000
5943 -1357.0000000000
5972 -1356.0000000000
5975 -1355.0000000000
5982 -1354.0000000000
5986 -1353.0000000000
6006 -1351.0000000000
6010 -1350.0000000000
6020 -1349.0000000000
6053 -1348.0000000000
6105 -1346.0000000000
6142 -1345.0000000000
6151 -1344.0000000000
6171 -1343.0000000000
6179 -1342.0000000000
6188 -1341.0000000000
6191 -1340.0000000000
6193 -1339.0000000000
6207 -1338.0000000000
6212 -1337.0000000000
6228 -1336.0000000000
6229 -1334.0000000000
6253 -1333.0000000000
6279 -1332.0000000000
6284 -1331.0000000000
6294 -1330.0000000000
6322 -1329.0000000000
6333 -1328.0000000000
6338 -1327.0000000000
6344 -1326.0000000000
6364 -1325.0000000000
6367 -1324.0000000000
6382 -1323.0000000000
6395 -1322.0000000000
6412 -1321.0000000000
6433 -1320.0000000000
6444 -1319.0000000000
6465 -1317.0000000000
6495 -1316.0000000000
6499 -1315.0000000000
6510 -1313.0000000000
6525 -1312.0000000000
6545 -1311.0000000000
6576 -1310.0000000000
6587 -1309.0000000000
6593 -1308.0000000000
6629 -1307.0000000000
6654 -1306.0000000000
6656 -1305.0000000000
6683 -1303.0000000000
6710 -1302.0000000000
6728 -1301.0000000000
6737 -1300.0000000000
6742 -1299.0000000000
6744 -1298.0000000000
6778 -1296.0000000000
6793 -1295.0000000000
6814 -1294.0000000000
6815 -1293.0000000000
6821 -1292.0000000000
6849 -1291.0000000000
6865 -1290.0000000000
6867 -1289.0000000000
6868 -1288.0000000000
6886 -1287.0000000000
6893 -1286.0000000000
6896 -1285.0000000000
6915 -1284.0000000000
6952 -1283.0000000000
6957 -1282.0000000000
6984 -1281.0000000000
7007 -1280.0000000000
7014 -1279.0000000000
7022 -1278.0000000000
7071 -1277.0000000000
7085 -1276.0000000000
7118 -1275.0000000000
7129 -1273.0000000000
7152 -1272.0000000000
7153 -1271.0000000000
7171 -1270.0000000000
7190 -1269.0000000000
7222 -1268.0000000000
7229 -1265.0000000000
7252 -1263.0000000000
7272 -1262.0000000000
7295 -1261.0000000000
7300 -1260.0000000000
7316 -1259.0000000000
7335 -1258.0000000000
7367 -1257.0000000000
7380 -1256.0000000000
7409 -1255.0000000000
7413 -1254.0000000000
7430 -1253.0000000000
7442 -1252.0000000000
7464 -1251.0000000000
7466 -1250.0000000000
7485 -1248.0000000000
7511 -1247.0000000000
7529 -1246.0000000000
7554 -1245.0000000000
7565 -1244.0000000000
7568 -1243.0000000000
7569 -1242.0000000000
7571 -1241.0000000000
7612 -1240.0000000000
7616 -1239.0000000000
7630 -1238.0000000000
7650 -1237.0000000000
7677 -1236.0000000000
7688 -1235.0000000000
7693 -1233.0000000000
7709 -1230.0000000000
7734 -1229.0000000000
7736 -1228.0000000000
7737 -1227.0000000000
7757 -1226.0000000000
7775 -1225.0000000000
7785 -1224.0000000000
7820 -1223.0000000000
7828 -1222.0000000000
7833 -1221.0000000000
7862 -1220.0000000000
7864 -1219.0000000000
7891 -1218.0000000000
7894 -1217.0000000000
7914 -1216.0000000000
7937 -1214.0000000000
7955 -1213.0000000000
7956 -1212.0000000000
7971 -1211.0000000000
7988 -1210.0000000000
8002 -1209.0000000000
8015 -1208.0000000000
8018 -1207.0000000000
8037 -1206.0000000000
8050 -1205.0000000000
8052 -1204.0000000000
8081 -1203.0000000000
8093 -1202.0000000000
8102 -1201.0000000000
8123 -1200.0000000000
8131 -1199.0000000000
8144 -1198.0000000000
8151 -1197.0000000000
8178 -1196.0000000000
8194 -1195.0000000000
8205 -1194.0000000000
8213 -1193.0000000000
8240 -1192.0000000000
8250 -1191.0000000000
8264 -1189.0000000000
8294 -1188.0000000000
8314 -1186.0000000000
8360 -1185.0000000000
8369 -1184.0000000000
8379 -1183.0000000000
8401 -1182.0000000000
8413 -1181.0000000000
8417 -1180.0000000000
8419 -1179.0000000000
8428 -1178.0000000000
8449 -1177.0000000000
8452 -1176.0000000000
8457 -1174.0000000000
8488 -1173.0000000000
8519 -1172.0000000000
8526 -1171.0000000000
8552 -1170.0000000000
8557 -1168.0000000000
8592 -1166.0000000000
8597 -1165.0000000000
8600 -1164.0000000000
8618 -1163.0000000000
8622 -1162.0000000000
8639 -1161.0000000000
8647 -1160.0000000000
8649 -1158.0000000000
8652 -1156.0000000000
8707 -1155.0000000000
8720 -1154.0000000000
8738 -1153.0000000000
8756 -1152.0000000000
8770 -1151.0000000000
8779 -1150.0000000000
8782 -1149.0000000000
8817 -1148.0000000000
8834 -1147.0000000000
8878 -1145.0000000000
8898 -1144.0000000000
8912 -1143.0000000000
8942 -1142.0000000000
8962 -1141.0000000000
8990 -1140.0000000000
9011 -1139.0000000000
9028 -1138.0000000000
9042 -1137.0000000000
9048 -1136.0000000000
9049 -1135.0000000000
9067 -1134.0000000000
9070 -1133.0000000000
9092 -1132.0000000000
9096 -1131.0000000000
9108 -1130.0000000000
9140 -1129.0000000000
9149 -1127.0000000000
9190 -1126.0000000000
9200 -1125.0000000000
9219 -1124.0000000000
9248 -1123.0000000000
9261 -1122.0000000000
9282 -1121.0000000000
9294 -1120.0000000000
9315 -1119.0000000000
9322 -1118.0000000000
9326 -1117.0000000000
9339 -1116.0000000000
9356 -1114.0000000000
9366 -1113.0000000000
9391 -1112.0000000000
9414 -1109.0000000000
9427 -1108.0000000000
9475 -1107.0000000000
9495 -1106.0000000000
9510 -1105.0000000000
9531 -1104.0000000000
9540 -1103.0000000000
9552 -1102.0000000000
9558 -1101.0000000000
9571 -1100.0000000000
9575 -1099.0000000000
9594 -1097.0000000000
9625 -1096.0000000000
9641 -1095.0000000000
9644 -1094.0000000000
9654 -1093.0000000000
9682 -1092.0000000000
9703 -1091.0000000000
9717 -1090.0000000000
9756 -1089.0000000000
9759 -1088.0000000000
9782 -1087.0000000000
9783 -1086.0000000000
9799 -1085.0000000000
9806 -1083.0000000000
9826 -1082.0000000000
9835 -1081.0000000000
9836 -1080.0000000000
9861 -1079.0000000000
9863 -1077.0000000000
9914 -1076.0000000000
9955 -1075.0000000000
9958 -1074.0000000000
9965 -1073.0000000000
9972 -1072.0000000000
9995 -1071.0000000000
10000 -1074.0000000000
evaluations raw_y
1 -1998.0000000000
3 -1994.0000000000
8 -1972.0000000000
21 -1971.0000000000
41 -1970.0000000000
50 -1969.0000000000
59 -1967.0000000000
62 -1966.0000000000
66 -1965.0000000000
75 -1964.0000000000
85 -1963.0000000000
91 -1962.0000000000
96 -1961.0000000000
103 -1958.0000000000
118 -1957.0000000000
139 -1956.0000000000
141 -1954.0000000000
146 -1953.0000000000
154 -1952.0000000000
168 -1951.0000000000
194 -1950.0000000000
204 -1949.0000000000
213 -1948.0000000000
222 -1947.0000000000
227 -1946.0000000000
237 -1945.0000000000
255 -1944.0000000000
264 -1943.0000000000
270 -1942.0000000000
275 -1941.0000000000
284 -1940.0000000000
288 -1939.0000000000
296 -1936.0000000000
306 -1935.0000000000
313 -1934.0000000000
320 -1933.0000000000
339 -1932.0000000000
349 -1931.0000000000
354 -1930.0000000000
365 -1929.0000000000
375 -1928.0000000000
383 -1926.0000000000
400 -1925.0000000000
413 -1924.0000000000
418 -1922.0000000000
420 -1921.0000000000
434 -1920.0000000000
445 -1919.0000000000
454 -1918.0000000000
463 -1917.0000000000
480 -1916.0000000000
496 -1915.0000000000
500 -1913.0000000000
511 -1912.0000000000
523 -1911.0000000000
530 -1910.0000000000
539 -1908.0000000000
540 -1907.0000000000
541 -1906.0000000000
548 -1905.0000000000
570 -1903.0000000000
591 -1902.0000000000
596 -1901.0000000000
600 -1900.0000000000
612 -1899.0000000000
615 -1898.0000000000
619 -1897.0000000000
634 -1896.0000000000
638 -1895.0000000000
647 -1894.0000000000
651 -1893.0000000000
662 -1891.0000000000
670 -1888.0000000000
684 -1887.0000000000
698 -1886.0000000000
707 -1885.0000000000
715 -1884.0000000000
720 -1883.0000000000
724 -1882.0000000000
726 -1881.0000000000
748 -1880.0000000000
749 -1879.0000000000
759 -1878.0000000000
761 -1877.0000000000
766 -1876.0000000000
776 -1875.0000000000
797 -1874.0000000000
803 -1873.0000000000
804 -1871.0000000000
826 -1869.0000000000
842 -1868.0000000000
846 -1867.0000000000
848 -1866.0000000000
867 -1865.0000000000
868 -1864.0000000000
870 -1863.0000000000
871 -1862.0000000000
878 -1859.0000000000
894 -1858.0000000000
917 -1857.0000000000
921 -1856.0000000000
923 -1855.0000000000
943 -1854.0000000000
947 -1853.0000000000
964 -1852.0000000000
973 -1851.0000000000
991 -1850.0000000000
999 -1849.0000000000
1014 -1848.0000000000
1017 -1847.0000000000
1018 -1846.0000000000
1036 -1845.0000000000
1056 -1844.0000000000
1066 -1843.0000000000
1069 -1842.0000000000
1074 -1840.0000000000
1087 -1839.0000000000
1103 -1838.0000000000
1106 -1837.0000000000
1124 -1835.0000000000
1137 -1834.0000000000
1153 -1833.0000000000
1161 -1832.0000000000
1170 -1831.0000000000
1173 -1830.0000000000
1184 -1828.0000000000
1201 -1827.0000000000
1205 -1826.0000000000
1211 -1825.0000000000
1213 -1824.0000000000
1217 -1823.0000000000
1228 -1822.0000000000
1233 -1821.0000000000
1245 -1818.0000000000
1263 -1817.0000000000
1278 -1815.0000000000
1297 -1813.0000000000
1301 -1812.0000000000
1312 -1811.0000000000
1322 -1810.0000000000
1335 -1808.0000000000
1360 -1807.0000000000
1365 -1806.0000000000
1371 -1805.0000000000
1386 -1804.0000000000
1388 -1803.0000000000
1404 -1802.0000000000
1416 -1801.0000000000
1426 -1800.0000000000
1428 -1799.0000000000
1433 -1797.0000000000
1456 -1796.0000000000
1466 -1795.0000000000
1484 -1794.0000000000
1486 -1793.0000000000
1502 -1792.0000000000
1513 -1790.0000000000
1520 -1789.0000000000
1537 -1788.0000000000
1549 -1787.0000000000
1560 -1786.0000000000
1568 -1784.0000000000
1569 -1783.0000000000
1579 -1782.0000000000
1597 -1781.0000000000
1599 -1780.0000000000
1605 -1778.0000000000
1611 -1777.0000000000
1639 -1775.0000000000
1641 -1774.0000000000
1650 -1772.0000000000
1664 -1770.0000000000
1682 -1769.0000000000
1700 -1767.0000000000
1717 -1766.0000000000
1729 -1765.0000000000
1730 -1764.0000000000
1736 -1763.0000000000
1743 -1762.0000000000
1758 -1761.0000000000
1787 -1760.0000000000
1792 -1759.0000000000
1803 -1758.0000000000
1814 -1756.0000000000
1819 -1755.0000000000
1831 -1754.0000000000
1851 -1753.0000000000
1857 -1752.0000000000
1866 -1751.0000000000
1888 -1750.0000000000
1891 -1748.0000000000
1905 -1747.0000000000
1929 -1746.0000000000
1933 -1745.0000000000
1942 -1744.0000000000
1956 -1742.0000000000
1973 -1741.0000000000
1982 -1740.0000000000
1983 -1739.0000000000
1993 -1738.0000000000
1996 -1737.0000000000
2008 -1736.0000000000
2011 -1735.0000000000
2043 -1734.0000000000
2047 -1733.0000000000
2048 -1732.0000000000
2070 -1731.0000000000
2076 -1730.0000000000
2083 -1728.0000000000
2108 -1727.0000000000
2120 -1726.0000000000
2145 -1725.0000000000
2148 -1724.0000000000
2150 -1723.0000000000
2152 -1722.0000000000
2157 -1721.0000000000
2172 -1720.0000000000
2186 -1719.0000000000
2198 -1718.0000000000
2202 -1717.0000000000
2212 -1716.0000000000
2226 -1714.0000000000
2244 -1713.0000000000
2252 -1711.0000000000
2273 -1710.0000000000
2282 -1709.0000000000
2293 -1708.0000000000
2309 -1707.0000000000
2317 -1706.0000000000
2329 -1705.0000000000
2349 -1704.0000000000
2362 -1702.0000000000
2365 -1701.0000000000
2381 -1700.0000000000
2395 -1698.0000000000
2424 -1696.0000000000
2436 -1695.0000000000
2443 -1692.0000000000
2463 -1691.0000000000
2466 -1690.0000000000
2471 -1688.0000000000
2488 -1687.0000000000
2508 -1685.0000000000
2526 -1684.0000000000
2534 -1683.0000000000
2546 -1682.0000000000
2551 -1681.0000000000
2586 -1680.0000000000
2594 -1679.0000000000
2596 -1678.0000000000
2619 -1677.0000000000
2624 -1676.0000000000
2637 -1675.0000000000
2646 -1674.0000000000
2650 -1673.0000000000
2664 -1672.0000000000
2665 -1671.0000000000
2680 -1670.0000000000
2691 -1669.0000000000
2695 -1668.0000000000
2699 -1667.0000000000
2706 -1666.0000000000
2708 -1664.0000000000
2718 -1663.0000000000
2724 -1662.0000000000
2731 -1661.0000000000
2734 -1660.0000000000
2750 -1658.0000000000
2758 -1656.0000000000
2771 -1655.0000000000
2782 -1654.0000000000
2796 -1653.0000000000
2804 -1652.0000000000
2815 -1651.0000000000
2822 -1650.0000000000
2829 -1649.0000000000
2835 -1648.0000000000
2844 -1646.0000000000
2865 -1645.0000000000
2870 -1644.0000000000
2887 -1643.0000000000
2912 -1640.0000000000
2931 -1639.0000000000
2944 -1638.0000000000
2969 -1637.0000000000
2982 -1636.0000000000
3003 -1635.0000000000
3029 -1634.0000000000
3032 -1633.0000000000
3041 -1632.0000000000
3052 -1629.0000000000
3061 -1628.0000000000
3062 -1627.0000000000
3063 -1626.0000000000
3080 -1624.0000000000
3105 -1621.0000000000
3130 -1620.0000000000
3139 -1619.0000000000
3143 -1618.0000000000
3152 -1617.0000000000
3161 -1616.0000000000
3173 -1615.0000000000
3197 -1614.0000000000
3199 -1613.0000000000
3206 -1612.0000000000
3233 -1611.0000000000
3245 -1610.0000000000
3249 -1609.0000000000
3252 -1608.0000000000
3265 -1607.0000000000
3278 -1606.0000000000
3291 -1605.0000000000
3308 -1603.0000000000
3332 -1602.0000000000
3333 -1600.0000000000
3353 -1599.0000000000
3373 -1598.0000000000
3378 -1597.0000000000
3389 -1596.0000000000
3392 -1595.0000000000
3394 -1594.0000000000
3402 -1593.0000000000
3424 -1592.0000000000
3431 -1591.0000000000
3448 -1590.0000000000
3461 -1589.0000000000
3492 -1588.0000000000
3498 -1587.0000000000
3506 -1585.0000000000
3524 -1584.0000000000
3528 -1583.0000000000
3555 -1582.0000000000
3571 -1581.0000000000
3577 -1580.0000000000
3582 -1579.0000000000
3592 -1577.0000000000
3628 -1576.0000000000
3647 -1575.0000000000
3664 -1574.0000000000
3675 -1573.0000000000
3685 -1572.0000000000
3698 -1571.0000000000
3718 -1568.0000000000
3724 -1567.0000000000
3727 -1566.0000000000
3737 -1565.0000000000
3747 -1564.0000000000
3759 -1563.0000000000
3768 -1561.0000000000
3772 -1558.0000000000
3790 -1556.0000000000
3807 -1555.0000000000
3810 -1554.0000000000
3826 -1553.0000000000
3832 -1552.0000000000
3843 -1551.0000000000
3845 -1550.0000000000
3852 -1549.0000000000
3873 -1548.0000000000
3889 -1547.0000000000
3913 -1545.0000000000
3925 -1544.0000000000
3931 -1543.0000000000
3934 -1542.0000000000
3948 -1541.0000000000
3964 -1540.0000000000
3968 -1539.0000000000
3995 -1538.0000000000
4004 -1537.0000000000
4006 -1536.0000000000
4018 -1535.0000000000
4024 -1534.0000000000
4028 -1533.0000000000
4041 -1532.0000000000
4050 -1531.0000000000
4052 -1530.0000000000
4078 -1529.0000000000
4093 -1528.0000000000
4112 -1527.0000000000
4116 -1526.0000000000
4140 -1525.0000000000
4155 -1524.0000000000
4163 -1523.0000000000
4169 -1522.0000000000
4174 -1521.0000000000
4180 -1520.0000000000
4187 -1519.0000000000
4208 -1518.0000000000
4229 -1517.0000000000
4232 -1516.0000000000
4265 -1515.0000000000
4274 -1514.0000000000
4279 -1513.0000000000
4309 -1512.0000000000
4315 -1511.0000000000
4320 -1510.0000000000
4329 -1509.0000000000
4343 -1508.0000000000
4345 -1507.0000000000
4361 -1504.0000000000
4383 -1503.0000000000
4398 -1502.0000000000
4412 -1501.0000000000
4426 -1500.0000000000
4440 -1499.0000000000
4450 -1498.0000000000
4451 -1497.0000000000
4453 -1496.0000000000
4480 -1495.0000000000
4484 -1493.0000000000
4490 -1492.0000000000
4497 -1491.0000000000
4506 -1490.0000000000
4513 -1489.0000000000
4527 -1488.0000000000
4540 -1487.0000000000
4556 -1486.0000000000
4567 -1485.0000000000
4574 -1484.0000000000
4597 -1483.0000000000
4604 -1481.0000000000
4615 -1480.0000000000
4637 -1479.0000000000
4650 -1477.0000000000
4667 -1476.0000000000
4675 -1475.0000000000
4682 -1474.0000000000
4723 -1473.0000000000
4738 -1472.0000000000
4756 -1471.0000000000
4769 -1470.0000000000
4774 -1469.0000000000
4790 -1468.0000000000
4828 -1467.0000000000
4836 -1466.0000000000
4850 -1465.0000000000
4860 -1464.0000000000
4876 -1463.0000000000
4895 -1462.0000000000
4911 -1461.0000000000
4915 -1460.0000000000
4944 -1459.0000000000
4953 -1458.0000000000
4962 -1457.0000000000
4977 -1456.0000000000
5004 -1455.0000000000
5014 -1454.0000000000
5038 -1452.0000000000
5064 -1451.0000000000
5073 -1450.0000000000
5092 -1449.0000000000
5107 -1448.0000000000
5127 -1447.0000000000
5145 -1446.0000000000
5167 -1445.0000000000
5168 -1444.0000000000
5187 -1443.0000000000
5209 -1442.0000000000
5216 -1441.0000000000
5223 -1440.0000000000
5226 -1439.0000000000
5246 -1438.0000000000
5267 -1437.0000000000
5282 -1436.0000000000
5286 -1435.0000000000
5309 -1434.0000000000
5316 -1433.0000000000
5325 -1432.0000000000
5332 -1431.0000000000
5350 -1430.0000000000
5357 -1429.0000000000
5363 -1428.0000000000
5383 -1427.0000000000
5386 -1426.0000000000
5389 -1425.0000000000
5396 -1424.0000000000
5397 -1423.0000000000
5426 -1422.0000000000
5442 -1421.0000000000
5457 -1420.0000000000
5467 -1419.0000000000
5487 -1418.0000000000
5489 -1417.0000000000
5503 -1416.0000000000
5531 -1415.0000000000
5547 -1414.0000000000
5551 -1413.0000000000
5567 -1412.0000000000
5577 -1411.0000000000
5587 -1410.0000000000
5608 -1409.0000000000
5618 -1408.0000000000
5622 -1407.0000000000
5645 -1406.0000000000
5653 -1405.0000000000
5668 -1404.0000000000
5689 -1403.0000000000
5713 -1402.0000000000
5732 -1401.0000000000
5757 -1400.0000000000
5783 -1399.0000000000
5789 -1398.0000000000
5808 -1397.0000000000
5813 -1396.0000000000
5828 -1395.0000000000
5847 -1394.0000000000
5869 -1393.0000000000
5880 -1392.0000000000
5890 -1390.0000000000
5929 -1389.0000000000
5951 -1388.0000000000
5965 -1387.0000000000
5966 -1386.0000000000
5973 -1385.0000000000
5985 -1384.0000000000
5988 -1383.0000000000
6008 -1382.0000000000
6013 -1380.0000000000
6041 -1379.0000000000
6070 -1378.0000000000
6102 -1377.0000000000
6123 -1376.0000000000
6141 -1375.0000000000
6155 -1374.0000000000
6162 -1373.0000000000
6186 -1372.0000000000
6202 -1371.0000000000
6221 -1370.0000000000
6234 -1369.0000000000
6242 -1368.0000000000
6262 -1367.0000000000
6268 -1366.0000000000
6301 -1365.0000000000
6316 -1364.0000000000
6337 -1363.0000000000
6347 -1362.0000000000
6356 -1361.0000000000
6370 -1360.0000000000
6392 -1358.0000000000
6402 -1357.0000000000
6410 -1356.0000000000
6430 -1354.0000000000
6443 -1352.0000000000
6451 -1351.0000000000
6456 -1350.0000000000
6477 -1349.0000000000
6514 -1348.0000000000
6522 -1347.0000000000
6537 -1346.0000000000
6551 -1345.0000000000
6567 -1344.0000000000
6591 -1343.0000000000
6599 -1342.0000000000
6618 -1340.0000000000
6638 -1339.0000000000
6646 -1338.0000000000
6664 -1337.0000000000
6669 -1336.0000000000
6698 -1335.0000000000
6703 -1334.0000000000
6724 -1333.0000000000
6734 -1332.0000000000
6737 -1331.0000000000
6747 -1330.0000000000
6780 -1329.0000000000
6791 -1328.0000000000
6801 -1327.0000000000
6844 -1326.0000000000
6866 -1325.0000000000
6884 -1324.0000000000
6913 -1323.0000000000
6935 -1322.0000000000
6936 -1321.0000000000
6943 -1320.0000000000
6944 -1319.0000000000
6951 -1318.0000000000
6958 -1317.0000000000
6967 -1316.0000000000
6981 -1315.0000000000
7006 -1314.0000000000
7022 -1312.0000000000
7024 -1311.0000000000
7061 -1310.0000000000
7070 -1309.0000000000
7091 -1308.0000000000
7107 -1307.0000000000
7119 -1306.0000000000
7127 -1305.0000000000
7143 -1304.0000000000
7176 -1303.0000000000
7179 -1302.0000000000
7217 -1301.0000000000
7243 -1300.0000000000
7250 -1299.0000000000
7252 -1298.0000000000
7288 -1297.0000000000
7291 -1296.0000000000
7314 -1295.0000000000
7317 -1294.0000000000
7336 -1293.0000000000
7344 -1292.0000000000
7355 -1291.0000000000
7370 -1290.0000000000
7394 -1289.0000000000
7420 -1288.0000000000
7446 -1287.0000000000
7467 -1286.0000000000
7473 -1285.0000000000
7483 -1283.0000000000
7521 -1282.0000000000
7530 -1280.0000000000
7534 -1278.0000000000
7563 -1277.0000000000
7590 -1276.0000000000
7592 -1275.0000000000
7612 -1274.0000000000
7652 -1273.0000000000
7675 -1272.0000000000
7689 -1271.0000000000
7702 -1270.0000000000
7705 -1269.0000000000
7715 -1268.0000000000
7721 -1267.0000000000
7734 -1266.0000000000
7744 -1265.0000000000
7747 -1264.0000000000
7748 -1263.0000000000
7760 -1262.0000000000
7785 -1261.0000000000
7793 -1260.0000000000
7796 -1258.0000000000
7834 -1257.0000000000
7836 -1256.0000000000
7850 -1255.0000000000
7852 -1254.0000000000
7892 -1253.0000000000
7917 -1252.0000000000
7939 -1251.0000000000
7960 -1250.0000000000
7975 -1249.0000000000
8009 -1248.0000000000
8025 -1247.0000000000
8040 -1246.0000000000
8051 -1244.0000000000
8064 -1243.0000000000
8083 -1241.0000000000
8123 -1240.0000000000
8144 -1239.0000000000
8160 -1238.0000000000
8187 -1237.0000000000
8198 -1236.0000000000
8209 -1234.0000000000
8232 -1233.0000000000
8236 -1232.0000000000
8276 -1231.0000000000
8305 -1230.0000000000
8324 -1229.0000000000
8326 -1228.0000000000
8328 -1227.0000000000
8356 -1226.0000000000
8361 -1225.0000000000
8364 -1224.0000000000
8388 -1223.0000000000
8396 -1221.0000000000
8404 -1220.0000000000
8441 -1219.0000000000
8455 -1218.0000000000
8471 -1217.0000000000
8482 -1216.0000000000
8494 -1215.0000000000
8510 -1214.0000000000
8533 -1213.0000000000
8537 -1212.0000000000
8560 -1211.0000000000
8565 -1210.0000000000
8579 -1209.0000000000
8586 -1208.0000000000
8588 -1207.0000000000
8609 -1206.0000000000
8614 -1204.0000000000
8618 -1203.0000000000
8628 -1202.0000000000
8659 -1201.0000000000
8699 -1200.0000000000
8705 -1199.0000000000
8709 -1198.0000000000
8749 -1197.0000000000
8751 -1196.0000000000
8764 -1195.0000000000
8770 -1194.0000000000
8775 -1193.0000000000
8802 -1192.0000000000
8808 -1191.0000000000
8813 -1190.0000000000
8829 -1189.0000000000
8845 -1188.0000000000
8853 -1187.0000000000
8878 -1186.0000000000
8905 -1185.0000000000
8919 -1184.0000000000
8923 -1183.0000000000
8940 -1182.0000000000
8953 -1181.0000000000
8989 -1179.0000000000
9005 -1178.0000000000
9030 -1177.0000000000
9065 -1176.0000000000
9075 -1173.0000000000
9116 -1172.0000000000
9124 -1171.0000000000
9138 -1170.0000000000
9174 -1168.0000000000
9181 -1166.0000000000
9204 -1165.0000000000
9230 -1164.0000000000
9279 -1163.0000000000
9290 -1162.0000000000
9321 -1161.0000000000
9339 -1160.0000000000
9349 -1159.0000000000
9361 -1158.0000000000
9384 -1157.0000000000
9432 -1156.0000000000
9443 -1155.0000000000
9455 -1154.0000000000
9457 -1153.0000000000
9470 -1152.0000000000
9481 -1151.0000000000
9528 -1150.0000000000
9529 -1149.0000000000
9545 -1148.0000000000
9551 -1147.0000000000
9564 -1146.0000000000
9596 -1145.0000000000
9622 -1144.0000000000
9643 -1143.0000000000
9657 -1142.0000000000
9667 -1141.0000000000
9706 -1140.0000000000
9724 -1138.0000000000
9762 -1136.0000000000
9793 -1135.0000000000
9800 -1134.0000000000
9818 -1133.0000000000
9830 -1132.0000000000
9852 -1131.0000000000
9892 -1130.0000000000
9896 -1129.0000000000
9899 -1128.0000000000
9937 -1126.0000000000
9972 -1125.0000000000
9984 -1124.0000000000
10000 -1126.0000000000
evaluations raw_y
1 -2038.0000000000
2 -2009.0000000000
4 -2008.0000000000
5 -2000.0000000000
6 -1960.0000000000
11 -1959.0000000000
28 -1958.0000000000
45 -1957.0000000000
58 -1956.0000000000
67 -1955.0000000000
70 -1954.0000000000
90 -1953.0000000000
106 -1952.0000000000
110 -1951.0000000000
114 -1950.0000000000
125 -1949.0000000000
126 -1948.0000000000
133 -1946.0000000000
153 -1945.0000000000
167 -1944.0000000000
173 -1943.0000000000
180 -1942.0000000000
183 -1941.0000000000
194 -1940.0000000000
195 -1939.0000000000
208 -1938.0000000000
217 -1935.0000000000
229 -1934.0000000000
232 -1933.0000000000
239 -1932.0000000000
242 -1931.0000000000
254 -1930.0000000000
257 -1929.0000000000
272 -1928.0000000000
288 -1927.0000000000
292 -1926.0000000000
306 -1924.0000000000
321 -1923.0000000000
322 -1922.0000000000
337 -1921.0000000000
344 -1920.0000000000
350 -1919.0000000000
354 -1918.0000000000
362 -1917.0000000000
377 -1916.0000000000
383 -1915.0000000000
391 -1914.0000000000
403 -1913.0000000000
422 -1912.0000000000
430 -1911.0000000000
434 -1909.0000000000
441 -1908.0000000000
452 -1907.0000000000
455 -1906.0000000000
467 -1905.0000000000
478 -1904.0000000000
489 -1903.0000000000
503 -1902.0000000000
514 -1900.0000000000
534 -1899.0000000000
542 -1898.0000000000
556 -1897.0000000000
557 -1896.0000000000
574 -1895.0000000000
578 -1894.0000000000
596 -1892.0000000000
610 -1891.0000000000
626 -1890.0000000000
630 -1889.0000000000
662 -1888.0000000000
682 -1887.0000000000
698 -1886.0000000000
699 -1884.0000000000
709 -1883.0000000000
719 -1882.0000000000
720 -1881.0000000000
738 -1880.0000000000
750 -1878.0000000000
756 -1877.0000000000
763 -1876.0000000000
768 -1875.0000000000
773 -1874.0000000000
780 -1873.0000000000
785 -1872.0000000000
791 -1871.0000000000
808 -1870.0000000000
812 -1869.0000000000
827 -1868.0000000000
840 -1867.0000000000
844 -1866.0000000000
859 -1865.0000000000
863 -1864.0000000000
881 -1862.0000000000
907 -1861.0000000000
909 -1860.0000000000
927 -1859.0000000000
931 -1858.0000000000
954 -1857.0000000000
964 -1856.0000000000
969 -1854.0000000000
987 -1853.0000000000
1008 -1852.0000000000
1012 -1851.0000000000
1013 -1850.0000000000
1022 -1849.0000000000
1047 -1848.0000000000
1064 -1847.0000000000
1096 -1845.0000000000
1120 -1844.0000000000
1121 -1843.0000000000
1138 -1842.0000000000
1140 -1841.0000000000
1148 -1840.0000000000
1153 -1839.0000000000
1155 -1838.0000000000
1184 -1837.0000000000
1196 -1836.0000000000
1202 -1835.0000000000
1203 -1833.0000000000
1221 -1832.0000000000
1226 -1831.0000000000
1231 -1830.0000000000
1232 -1829.0000000000
1245 -1828.0000000000
1250 -1827.0000000000
1268 -1826.0000000000
1269 -1825.0000000000
1282 -1824.0000000000
1284 -1823.0000000000
1292 -1822.0000000000
1300 -1821.0000000000
1312 -1820.0000000000
1315 -1819.0000000000
1331 -1818.0000000000
1337 -1817.0000000000
1339 -1816.0000000000
1348 -1814.0000000000
1359 -1813.0000000000
1368 -1812.0000000000
1379 -1811.0000000000
1391 -1809.0000000000
1406 -1807.0000000000
1422 -1806.0000000000
1424 -1805.0000000000
1438 -1804.0000000000
1442 -1803.0000000000
1454 -1801.0000000000
1476 -1800.0000000000
1489 -1799.0000000000
1498 -1798.0000000000
1510 -1797.0000000000
1513 -1796.0000000000
1515 -1795.0000000000
1516 -1794.0000000000
1518 -1793.0000000000
1520 -1792.0000000000
1525 -1791.0000000000
1533 -1790.0000000000
1545 -1787.0000000000
1588 -1786.0000000000
1591 -1784.0000000000
1595 -1783.0000000000
1603 -1781.0000000000
1608 -1780.0000000000
1609 -1779.0000000000
1622 -1778.0000000000
1623 -1777.0000000000
1633 -1776.0000000000
1634 -1775.0000000000
1635 -1774.0000000000
1637 -1773.0000000000
1646 -1772.0000000000
1648 -1771.0000000000
1659 -1770.0000000000
1673 -1769.0000000000
1676 -1768.0000000000
1685 -1767.0000000000
1689 -1766.0000000000
1694 -1765.0000000000
1696 -1764.0000000000
1697 -1763.0000000000
1713 -1762.0000000000
1717 -1759.0000000000
1733 -1758.0000000000
1742 -1757.0000000000
1752 -1756.0000000000
1762 -1755.0000000000
1770 -1754.0000000000
1782 -1753.0000000000
1808 -1752.0000000000
1814 -1751.0000000000
1828 -1750.0000000000
1830 -1749.0000000000
1836 -1748.0000000000
1852 -1747.0000000000
1853 -1745.0000000000
1865 -1744.0000000000
1878 -1743.0000000000
1897 -1742.0000000000
1904 -1741.0000000000
1905 -1740.0000000000
1906 -1738.0000000000
1911 -1737.0000000000
1915 -1736.0000000000
1922 -1735.0000000000
1936 -1732.0000000000
1954 -1730.0000000000
1962 -1729.0000000000
1973 -1728.0000000000
2000 -1726.0000000000
2012 -1725.0000000000
2022 -1723.0000000000
2042 -1722.0000000000
2048 -1721.0000000000
2069 -1719.0000000000
2071 -1717.0000000000
2098 -1716.0000000000
2105 -1715.0000000000
2135 -1714.0000000000
2148 -1713.0000000000
2152 -1711.0000000000
2158 -1710.0000000000
2171 -1709.0000000000
2186 -1708.0000000000
2218 -1707.0000000000
2238 -1706.0000000000
2239 -1705.0000000000
2253 -1704.0000000000
2255 -1702.0000000000
2266 -1701.0000000000
2277 -1700.0000000000
2287 -1699.0000000000
2299 -1696.0000000000
2302 -1695.0000000000
2314 -1694.0000000000
2329 -1692.0000000000
2348 -1691.0000000000
2356 -1690.0000000000
2372 -1689.0000000000
2380 -1688.0000000000
2384 -1687.0000000000
2403 -1686.0000000000
2413 -1685.0000000000
2420 -1684.0000000000
2424 -1683.0000000000
2430 -1682.0000000000
2444 -1681.0000000000
2456 -1680.0000000000
2466 -1679.0000000000
2469 -1678.0000000000
2481 -1677.0000000000
2496 -1676.0000000000
2510 -1675.0000000000
2511 -1674.0000000000
2526 -1673.0000000000
2543 -1672.0000000000
2553 -1669.0000000000
2560 -1668.0000000000
2574 -1667.0000000000
2575 -1666.0000000000
2586 -1665.0000000000
2600 -1664.0000000000
2613 -1663.0000000000
2631 -1662.0000000000
2647 -1661.0000000000
2654 -1660.0000000000
2661 -1659.0000000000
2664 -1658.0000000000
2690 -1657.0000000000
2694 -1656.0000000000
2723 -1655.0000000000
2728 -1654.0000000000
2741 -1653.0000000000
2750 -1652.0000000000
2756 -1650.0000000000
2758 -1649.0000000000
2804 -1648.0000000000
2813 -1647.0000000000
2816 -1646.0000000000
2824 -1645.0000000000
2840 -1644.0000000000
2858 -1643.0000000000
2861 -1641.0000000000
2872 -1640.0000000000
2891 -1639.0000000000
2898 -1638.0000000000
2912 -1637.0000000000
2920 -1636.0000000000
2922 -1635.0000000000
2930 -1634.0000000000
2957 -1633.0000000000
2963 -1632.0000000000
2968 -1631.0000000000
2983 -1630.0000000000
3007 -1629.0000000000
3013 -1628.0000000000
3040 -1627.0000000000
3050 -1626.0000000000
3070 -1624.0000000000
3076 -1623.0000000000
3093 -1622.0000000000
3096 -1621.0000000000
3111 -1618.0000000000
3116 -1617.0000000000
3130 -1616.0000000000
3162 -1615.0000000000
3167 -1613.0000000000
3175 -1612.0000000000
3187 -1611.0000000000
3193 -1610.0000000000
3197 -1609.0000000000
3209 -1608.0000000000
3219 -1607.0000000000
3228 -1606.0000000000
3233 -1605.0000000000
3254 -1604.0000000000
3255 -1603.0000000000
3262 -1602.0000000000
3271 -1601.0000000000
3290 -1600.0000000000
3293 -1598.0000000000
3301 -1597.0000000000
3325 -1596.0000000000
3341 -1595.0000000000
3344 -1594.0000000000
3359 -1593.0000000000
3361 -1592.0000000000
3365 -1591.0000000000
3376 -1590.0000000000
3384 -1589.0000000000
3388 -1588.0000000000
3398 -1587.0000000000
3407 -1586.0000000000
3414 -1585.0000000000
3426 -1584.0000000000
3450 -1583.0000000000
3460 -1582.0000000000
3468 -1581.0000000000
3485 -1580.0000000000
3487 -1579.0000000000
3504 -1578.0000000000
3509 -1577.0000000000
3512 -1576.0000000000
3518 -1575.0000000000
3536 -1574.0000000000
3541 -1573.0000000000
3563 -1572.0000000000
3580 -1571.0000000000
3593 -1570.0000000000
3594 -1569.0000000000
3595 -1568.0000000000
3597 -1566.0000000000
3631 -1565.0000000000
3636 -1564.0000000000
3640 -1563.0000000000
3664 -1562.0000000000
3665 -1560.0000000000
3673 -1559.0000000000
3705 -1558.0000000000
3726 -1557.0000000000
3742 -1555.0000000000
3744 -1554.0000000000
3745 -1553.0000000000
3750 -1552.0000000000
3777 -1551.0000000000
3779 -1550.0000000000
3784 -1549.0000000000
3798 -1548.0000000000
3813 -1547.0000000000
3822 -1546.0000000000
3838 -1545.0000000000
3840 -1544.0000000000
3848 -1543.0000000000
3876 -1542.0000000000
3887 -1541.0000000000
3895 -1540.0000000000
3896 -1539.0000000000
3913 -1538.0000000000
3923 -1537.0000000000
3927 -1536.0000000000
3932 -1535.0000000000
3950 -1534.0000000000
3954 -1533.0000000000
3956 -1532.0000000000
3968 -1531.0000000000
3976 -1530.0000000000
3988 -1529.0000000000
4004 -1528.0000000000
4023 -1527.0000000000
4026 -1526.0000000000
4032 -1525.0000000000
4054 -1524.0000000000
4055 -1523.0000000000
4062 -1520.0000000000
4071 -1519.0000000000
4082 -1518.0000000000
4084 -1517.0000000000
4095 -1516.0000000000
4107 -1515.0000000000
4119 -1514.0000000000
4140 -1513.0000000000
4160 -1512.0000000000
4164 -1511.0000000000
4170 -1510.0000000000
4173 -1509.0000000000
4178 -1508.0000000000
4188 -1507.0000000000
4190 -1506.0000000000
4202 -1505.0000000000
4216 -1504.0000000000
4225 -1502.0000000000
4260 -1501.0000000000
4261 -1500.0000000000
4263 -1499.0000000000
4288 -1498.0000000000
4310 -1497.0000000000
4334 -1496.0000000000
4341 -1495.0000000000
4348 -1494.0000000000
4357 -1492.0000000000
4372 -1491.0000000000
4373 -1490.0000000000
4376 -1489.0000000000
4398 -1488.0000000000
4424 -1487.0000000000
4436 -1486.0000000000
4440 -1485.0000000000
4455 -1484.0000000000
4458 -1483.0000000000
4480 -1482.0000000000
4495 -1481.0000000000
4500 -1480.0000000000
4518 -1479.0000000000
4525 -1478.0000000000
4542 -1477.0000000000
4548 -1476.0000000000
4550 -1475.0000000000
4573 -1474.0000000000
4575 -1473.0000000000
4603 -1472.0000000000
4627 -1471.0000000000
4644 -1469.0000000000
4658 -1468.0000000000
4677 -1467.0000000000
4692 -1466.0000000000
4704 -1465.0000000000
4718 -1464.0000000000
4719 -1463.0000000000
4732 -1462.0000000000
4740 -1461.0000000000
4759 -1460.0000000000
4778 -1459.0000000000
4800 -1458.0000000000
4817 -1456.0000000000
4828 -1455.0000000000
4832 -1454.0000000000
4833 -1453.0000000000
4857 -1452.0000000000
4891 -1450.0000000000
4906 -1449.0000000000
4957 -1448.0000000000
4980 -1446.0000000000
5008 -1445.0000000000
5019 -1444.0000000000
5027 -1442.0000000000
5043 -1441.0000000000
5045 -1440.0000000000
5048 -1439.0000000000
5052 -1438.0000000000
5057 -1437.0000000000
5070 -1436.0000000000
5081 -1435.0000000000
5089 -1434.0000000000
5099 -1433.0000000000
5117 -1432.0000000000
5134 -1431.0000000000
5152 -1430.0000000000
5171 -1429.0000000000
5181 -1428.0000000000
5192 -1427.0000000000
5225 -1426.0000000000
5238 -1425.0000000000
5247 -1424.0000000000
5257 -1423.0000000000
5264 -1422.0000000000
5276 -1421.0000000000
5286 -1420.0000000000
5300 -1419.0000000000
5315 -1418.0000000000
5340 -1417.0000000000
5344 -1416.0000000000
5350 -1415.0000000000
5363 -1413.0000000000
5416 -1412.0000000000
5421 -1411.0000000000
5446 -1410.0000000000
5456 -1407.0000000000
5500 -1406.0000000000
5513 -1405.0000000000
5521 -1404.0000000000
5532 -1403.0000000000
5551 -1402.0000000000
5571 -1401.0000000000
5602 -1400.0000000000
5607 -1399.0000000000
5629 -1398.0000000000
5638 -1397.0000000000
5646 -1395.0000000000
5680 -1394.0000000000
5683 -1393.0000000000
5690 -1392.0000000000
5697 -1391.0000000000
5707 -1390.0000000000
5726 -1389.0000000000
5742 -1388.0000000000
5748 -1387.0000000000
5766 -1386.0000000000
5790 -1385.0000000000
5807 -1384.0000000000
5827 -1383.0000000000
5836 -1382.0000000000
5849 -1381.0000000000
5870 -1380.0000000000
5879 -1379.0000000000
5890 -1378.0000000000
5899 -1377.0000000000
5901 -1375.0000000000
5942 -1374.0000000000
5945 -1373.0000000000
5977 -1372.0000000000
5981 -1371.0000000000
5983 -1370.0000000000
6006 -1369.0000000000
6033 -1368.0000000000
6043 -1367.0000000000
6053 -1366.0000000000
6065 -1365.0000000000
6075 -1362.0000000000
6100 -1360.0000000000
6127 -1358.0000000000
6134 -1357.0000000000
6137 -1355.0000000000
6147 -1354.0000000000
6181 -1353.0000000000
6206 -1352.0000000000
6213 -1351.0000000000
6228 -1350.0000000000
6230 -1349.0000000000
6250 -1348.0000000000
6257 -1347.0000000000
6303 -1345.0000000000
6341 -1344.0000000000
6342 -1343.0000000000
6351 -1342.0000000000
6363 -1340.0000000000
6387 -1339.0000000000
6395 -1338.0000000000
6397 -1337.0000000000
6411 -1336.0000000000
6419 -1335.0000000000
6443 -1334.0000000000
6453 -1333.0000000000
6468 -1332.0000000000
6472 -1331.0000000000
6498 -1330.0000000000
6512 -1329.0000000000
6517 -1328.0000000000
6533 -1327.0000000000
6558 -1326.0000000000
6587 -1325.0000000000
6590 -1324.0000000000
6614 -1323.0000000000
6615 -1322.0000000000
6640 -1321.0000000000
6646 -1320.0000000000
6665 -1319.0000000000
6688 -1318.0000000000
6705 -1317.0000000000
6706 -1316.0000000000
6729 -1315.0000000000
6734 -1314.0000000000
6756 -1313.0000000000
6783 -1312.0000000000
6823 -1311.0000000000
6845 -1310.0000000000
6850 -1309.0000000000
6870 -1308.0000000000
6872 -1307.0000000000
6896 -1306.0000000000
6914 -1305.0000000000
6927 -1304.0000000000
6943 -1302.0000000000
6962 -1301.0000000000
6972 -1300.0000000000
7002 -1299.0000000000
7004 -1298.0000000000
7006 -1297.0000000000
7033 -1296.0000000000
7053 -1295.0000000000
7068 -1294.0000000000
7084 -1293.0000000000
7095 -1292.0000000000
7112 -1291.0000000000
7125 -1290.0000000000
7140 -1289.0000000000
7144 -1288.0000000000
7159 -1287.0000000000
7181 -1286.0000000000
7192 -1285.0000000000
7223 -1284.0000000000
7244 -1283.0000000000
7253 -1282.0000000000
7263 -1280.0000000000
7264 -1279.0000000000
7269 -1276.0000000000
7275 -1275.0000000000
7277 -1274.0000000000
7293 -1273.0000000000
7298 -1272.0000000000
7314 -1271.0000000000
7326 -1269.0000000000
7330 -1268.0000000000
7333 -1267.0000000000
7389 -1266.0000000000
7400 -1265.0000000000
7407 -1264.0000000000
7418 -1263.0000000000
7438 -1262.0000000000
7452 -1261.0000000000
7479 -1260.0000000000
7489 -1259.0000000000
7491 -1258.0000000000
7512 -1257.0000000000
7517 -1256.0000000000
7532 -1255.0000000000
7549 -1254.0000000000
7560 -1253.0000000000
7597 -1252.0000000000
7617 -1251.0000000000
7630 -1250.0000000000
7636 -1249.0000000000
7642 -1248.0000000000
7645 -1247.0000000000
7672 -1246.0000000000
7697 -1245.0000000000
7704 -1244.0000000000
7717 -1243.0000000000
7723 -1241.0000000000
7766 -1240.0000000000
7774 -1237.0000000000
7795 -1236.0000000000
7804 -1235.0000000000
7810 -1233.0000000000
7854 -1232.0000000000
7883 -1231.0000000000
7908 -1230.0000000000
7914 -1229.0000000000
7928 -1228.0000000000
7934 -1227.0000000000
7940 -1226.0000000000
7941 -1225.0000000000
7970 -1223.0000000000
8004 -1222.0000000000
8021 -1220.0000000000
8052 -1218.0000000000
8057 -1217.0000000000
8058 -1215.0000000000
8064 -1214.0000000000
8071 -1213.0000000000
8076 -1212.0000000000
8084 -1211.0000000000
8113 -1210.0000000000
8124 -1209.0000000000
8141 -1208.0000000000
8170 -1207.0000000000
8185 -1206.0000000000
8216 -1205.0000000000
8241 -1204.0000000000
8252 -1203.0000000000
8268 -1202.0000000000
8293 -1201.0000000000
8300 -1199.0000000000
8323 -1198.0000000000
8337 -1197.0000000000
8352 -1196.0000000000
8367 -1195.0000000000
8378 -1194.0000000000
8395 -1193.0000000000
8404 -1192.0000000000
8428 -1191.0000000000
8443 -1190.0000000000
8452 -1189.0000000000
8466 -1187.0000000000
8487 -1185.0000000000
8494 -1184.0000000000
8529 -1183.0000000000
8556 -1182.0000000000
8562 -1180.0000000000
8580 -1178.0000000000
8585 -1177.0000000000
8594 -1176.0000000000
8615 -1175.0000000000
8654 -1174.0000000000
8661 -1173.0000000000
8670 -1172.0000000000
8692 -1171.0000000000
8707 -1170.0000000000
8732 -1168.0000000000
8747 -1167.0000000000
8777 -1166.0000000000
8787 -1165.0000000000
8801 -1163.0000000000
8810 -1162.0000000000
8816 -1161.0000000000
8817 -1160.0000000000
8853 -1159.0000000000
8862 -1158.0000000000
8874 -1157.0000000000
8882 -1155.0000000000
8914 -1154.0000000000
8919 -1153.0000000000
8943 -1152.0000000000
8945 -1151.0000000000
8953 -1150.0000000000
8967 -1148.0000000000
8985 -1147.0000000000
8994 -1146.0000000000
8997 -1145.0000000000
8999 -1144.0000000000
9012 -1143.0000000000
9048 -1142.0000000000
9073 -1140.0000000000
9091 -1139.0000000000
9099 -1138.0000000000
9153 -1137.0000000000
9168 -1136.0000000000
9183 -1135.0000000000
9198 -1134.0000000000
9213 -1133.0000000000
9237 -1130.0000000000
9243 -1129.0000000000
9247 -1128.0000000000
9277 -1127.0000000000
9278 -1126.0000000000
9302 -1125.0000000000
9311 -1124.0000000000
9319 -1123.0000000000
9329 -1122.0000000000
9333 -1121.0000000000
9361 -1120.0000000000
9374 -1119.0000000000
9379 -1118.0000000000
9392 -1117.0000000000
9414 -1116.0000000000
9448 -1115.0000000000
9476 -1113.0000000000
9494 -1111.0000000000
9517 -1110.0000000000
9549 -1109.0000000000
9550 -1108.0000000000
9572 -1107.0000000000
9580 -1106.0000000000
9590 -1104.0000000000
9607 -1103.0000000000
9653 -1102.0000000000
9661 -1101.0000000000
9662 -1098.0000000000
9705 -1097.0000000000
9734 -1095.0000000000
9763 -1094.0000000000
9784 -1093.0000000000
9793 -1092.0000000000
9808 -1089.0000000000
9836 -1088.0000000000
9854 -1087.0000000000
9881 -1086.0000000000
9882 -1085.0000000000
9906 -1084.0000000000
9918 -1082.0000000000
9925 -1081.0000000000
9949 -1080.0000000000
9954 -1079.0000000000
9963 -1078.0000000000
9990 -1077.0000000000
10000 -1077.0000000000
evaluations raw_y
1 -2025.0000000000
2 -1997.0000000000
3 -1996.0000000000
6 -1982.0000000000
8 -1962.0000000000
30 -1960.0000000000
48 -1959.0000000000
59 -1958.0000000000
73 -1957.0000000000
75 -1956.0000000000
81 -1955.0000000000
86 -1954.0000000000
92 -1953.0000000000
94 -1952.0000000000
104 -1951.0000000000
114 -1950.0000000000
116 -1949.0000000000
122 -1948.0000000000
125 -1947.0000000000
127 -1946.0000000000
149 -1945.0000000000
160 -1944.0000000000
168 -1943.0000000000
174 -1942.0000000000
180 -1941.0000000000
188 -1940.0000000000
209 -1938.0000000000
212 -1937.0000000000
215 -1936.0000000000
225 -1935.0000000000
234 -1934.0000000000
238 -1933.0000000000
257 -1932.0000000000
260 -1931.0000000000
264 -1930.0000000000
275 -1928.0000000000
276 -1926.0000000000
286 -1924.0000000000
295 -1921.0000000000
300 -1920.0000000000
306 -1918.0000000000
317 -1917.0000000000
333 -1916.0000000000
336 -1915.0000000000
341 -1914.0000000000
350 -1912.0000000000
382 -1910.0000000000
408 -1907.0000000000
428 -1906.0000000000
431 -1905.0000000000
442 -1904.0000000000
456 -1902.0000000000
462 -1901.0000000000
475 -1900.0000000000
483 -1898.0000000000
501 -1897.0000000000
512 -1896.0000000000
529 -1894.0000000000
537 -1893.0000000000
553 -1892.0000000000
557 -1891.0000000000
570 -1890.0000000000
578 -1889.0000000000
595 -1888.0000000000
599 -1886.0000000000
620 -1885.0000000000
627 -1884.0000000000
629 -1883.0000000000
632 -1882.0000000000
642 -1881.0000000000
649 -1880.0000000000
656 -1879.0000000000
676 -1878.0000000000
690 -1877.0000000000
691 -1876.0000000000
693 -1875.0000000000
705 -1874.0000000000
740 -1873.0000000000
762 -1872.0000000000
770 -1871.0000000000
782 -1870.0000000000
785 -1869.0000000000
815 -1868.0000000000
820 -1867.0000000000
837 -1866.0000000000
847 -1865.0000000000
850 -1864.0000000000
870 -1863.0000000000
880 -1862.0000000000
891 -1861.0000000000
904 -1860.0000000000
908 -1859.0000000000
910 -1857.0000000000
933 -1855.0000000000
956 -1851.0000000000
976 -1850.0000000000
980 -1849.0000000000
987 -1848.0000000000
989 -1847.0000000000
996 -1846.0000000000
1003 -1845.0000000000
1012 -1844.0000000000
1033 -1843.0000000000
1034 -1842.0000000000
1038 -1841.0000000000
1044 -1840.0000000000
1059 -1839.0000000000
1062 -1838.0000000000
1063 -1837.0000000000
1076 -1836.0000000000
1090 -1834.0000000000
1099 -1833.0000000000
1114 -1832.0000000000
1125 -1831.0000000000
1126 -1830.0000000000
1133 -1829.0000000000
1135 -1828.0000000000
1145 -1826.0000000000
1155 -1825.0000000000
1166 -1824.0000000000
1169 -1823.0000000000
1170 -1822.0000000000
1185 -1821.0000000000
1187 -1820.0000000000
1201 -1819.0000000000
1222 -1818.0000000000
1230 -1817.0000000000
1244 -1816.0000000000
1252 -1815.0000000000
1266 -1814.0000000000
1268 -1813.0000000000
1283 -1812.0000000000
1305 -1811.0000000000
1307 -1809.0000000000
1331 -1808.0000000000
1337 -1805.0000000000
1340 -1804.0000000000
1360 -1803.0000000000
1369 -1802.0000000000
1379 -1801.0000000000
1382 -1800.0000000000
1387 -1799.0000000000
1404 -1798.0000000000
1426 -1797.0000000000
1439 -1796.0000000000
1441 -1795.0000000000
1443 -1794.0000000000
1456 -1793.0000000000
1461 -1792.0000000000
1466 -1791.0000000000
1470 -1789.0000000000
1480 -1788.0000000000
1489 -1787.0000000000
1497 -1786.0000000000
1505 -1784.0000000000
1521 -1783.0000000000
1529 -1782.0000000000
1542 -1781.0000000000
1552 -1780.0000000000
1565 -1779.0000000000
1577 -1778.0000000000
1582 -1777.0000000000
1592 -1776.0000000000
1596 -1775.0000000000
1639 -1774.0000000000
1642 -1773.0000000000
1645 -1772.0000000000
1657 -1771.0000000000
1664 -1770.0000000000
1681 -1769.0000000000
1682 -1768.0000000000
1694 -1767.0000000000
1714 -1766.0000000000
1715 -1765.0000000000
1718 -1764.0000000000
1732 -1762.0000000000
1761 -1761.0000000000
1764 -1760.0000000000
1778 -1758.0000000000
1782 -1757.0000000000
1792 -1755.0000000000
1824 -1754.0000000000
1837 -1752.0000000000
1868 -1751.0000000000
1890 -1750.0000000000
1891 -1749.0000000000
1901 -1747.0000000000
1915 -1746.0000000000
1917 -1745.0000000000
1921 -1742.0000000000
1932 -1741.0000000000
1947 -1740.0000000000
1950 -1739.0000000000
1956 -1738.0000000000
1960 -1737.0000000000
1970 -1736.0000000000
1988 -1734.0000000000
1997 -1733.0000000000
2018 -1732.0000000000
2024 -1731.0000000000
2026 -1730.0000000000
2033 -1728.0000000000
2055 -1727.0000000000
2068 -1726.0000000000
2071 -1725.0000000000
2079 -1724.0000000000
2081 -1723.0000000000
2087 -1722.0000000000
2102 -1721.0000000000
2125 -1720.0000000000
2128 -1719.0000000000
2145 -1718.0000000000
2159 -1717.0000000000
2181 -1716.0000000000
2190 -1715.0000000000
2202 -1714.0000000000
2212 -1713.0000000000
2225 -1712.0000000000
2230 -1711.0000000000
2246 -1709.0000000000
2256 -1707.0000000000
2283 -1706.0000000000
2289 -1704.0000000000
2300 -1703.0000000000
2315 -1701.0000000000
2327 -1700.0000000000
2346 -1699.0000000000
2353 -1698.0000000000
2360 -1697.0000000000
2370 -1696.0000000000
2381 -1695.0000000000
2385 -1694.0000000000
2393 -1693.0000000000
2397 -1691.0000000000
2408 -1690.0000000000
2410 -1688.0000000000
2419 -1687.0000000000
2438 -1686.0000000000
2449 -1685.0000000000
2461 -1684.0000000000
2467 -1683.0000000000
2469 -1682.0000000000
2472 -1681.0000000000
2475 -1680.0000000000
2479 -1679.0000000000
2492 -1678.0000000000
2501 -1677.0000000000
2507 -1676.0000000000
2512 -1675.0000000000
2522 -1674.0000000000
2535 -1673.0000000000
2541 -1672.0000000000
2555 -1671.0000000000
2573 -1670.0000000000
2607 -1669.0000000000
2620 -1668.0000000000
2626 -1666.0000000000
2638 -1665.0000000000
2641 -1663.0000000000
2646 -1662.0000000000
2653 -1661.0000000000
2658 -1660.0000000000
2677 -1659.0000000000
2681 -1656.0000000000
2688 -1655.0000000000
2695 -1654.0000000000
2715 -1653.0000000000
2721 -1652.0000000000
2729 -1651.0000000000
2731 -1650.0000000000
2747 -1649.0000000000
2752 -1648.0000000000
2754 -1647.0000000000
2757 -1646.0000000000
2761 -1645.0000000000
2769 -1644.0000000000
2771 -1643.0000000000
2783 -1642.0000000000
2786 -1641.0000000000
2795 -1639.0000000000
2813 -1638.0000000000
2824 -1637.0000000000
2827 -1636.0000000000
2834 -1635.0000000000
2864 -1634.0000000000
2874 -1633.0000000000
2875 -1632.0000000000
2881 -1631.0000000000
2893 -1630.0000000000
2894 -1629.0000000000
2909 -1628.0000000000
2918 -1627.0000000000
2925 -1626.0000000000
2930 -1625.0000000000
2946 -1624.0000000000
2948 -1623.0000000000
2954 -1622.0000000000
2962 -1621.0000000000
2988 -1620.0000000000
2994 -1618.0000000000
3031 -1617.0000000000
3045 -1616.0000000000
3057 -1615.0000000000
3071 -1614.0000000000
3079 -1613.0000000000
3082 -1612.0000000000
3086 -1611.0000000000
3088 -1610.0000000000
3113 -1609.0000000000
3114 -1608.0000000000
3131 -1607.0000000000
3137 -1606.0000000000
3151 -1605.0000000000
3165 -1604.0000000000
3192 -1603.0000000000
3201 -1601.0000000000
3209 -1600.0000000000
3231 -1599.0000000000
3232 -1598.0000000000
3246 -1597.0000000000
3261 -1596.0000000000
3276 -1594.0000000000
3303 -1592.0000000000
3317 -1591.0000000000
3337 -1590.0000000000
3358 -1587.0000000000
3368 -1586.0000000000
3371 -1585.0000000000
3388 -1583.0000000000
3423 -1581.0000000000
3432 -1580.0000000000
3452 -1579.0000000000
3460 -1578.0000000000
3464 -1577.0000000000
3479 -1576.0000000000
3483 -1575.0000000000
3500 -1574.0000000000
3506 -1573.0000000000
3510 -1571.0000000000
3523 -1568.0000000000
3557 -1566.0000000000
3559 -1563.0000000000
3572 -1562.0000000000
3587 -1561.0000000000
3595 -1560.0000000000
3608 -1559.0000000000
3629 -1558.0000000000
3642 -1557.0000000000
3655 -1556.0000000000
3657 -1555.0000000000
3669 -1553.0000000000
3689 -1552.0000000000
3705 -1551.0000000000
3710 -1549.0000000000
3711 -1546.0000000000
3730 -1545.0000000000
3762 -1544.0000000000
3774 -1543.0000000000
3786 -1542.0000000000
3793 -1541.0000000000
3795 -1540.0000000000
3810 -1539.0000000000
3817 -1538.0000000000
3839 -1537.0000000000
3843 -1536.0000000000
3844 -1535.0000000000
3852 -1534.0000000000
3894 -1533.0000000000
3914 -1532.0000000000
3936 -1531.0000000000
3944 -1530.0000000000
3953 -1529.0000000000
3976 -1528.0000000000
3993 -1527.0000000000
4009 -1526.0000000000
4016 -1525.0000000000
4024 -1524.0000000000
4032 -1522.0000000000
4049 -1521.0000000000
4057 -1520.0000000000
4061 -1519.0000000000
4080 -1518.0000000000
4091 -1516.0000000000
4097 -1515.0000000000
4110 -1514.0000000000
4142 -1513.0000000000
4156 -1512.0000000000
4173 -1511.0000000000
4180 -1510.0000000000
4206 -1509.0000000000
4209 -1508.0000000000
4229 -1507.0000000000
4236 -1506.0000000000
4246 -1504.0000000000
4265 -1502.0000000000
4268 -1500.0000000000
4300 -1499.0000000000
4324 -1498.0000000000
4336 -1497.0000000000
4349 -1496.0000000000
4358 -1495.0000000000
4370 -1494.0000000000
4372 -1493.0000000000
4377 -1492.0000000000
4379 -1491.0000000000
4403 -1490.0000000000
4429 -1489.0000000000
4445 -1488.0000000000
4456 -1487.0000000000
4457 -1486.0000000000
4476 -1485.0000000000
4479 -1484.0000000000
4493 -1483.0000000000
4495 -1482.0000000000
4504 -1481.0000000000
4510 -1480.0000000000
4519 -1479.0000000000
4548 -1478.0000000000
4558 -1477.0000000000
4576 -1476.0000000000
4577 -1475.0000000000
4593 -1472.0000000000
4596 -1471.0000000000
4602 -1470.0000000000
4614 -1469.0000000000
4628 -1468.0000000000
4649 -1467.0000000000
4650 -1466.0000000000
4657 -1465.0000000000
4664 -1464.0000000000
4671 -1462.0000000000
4674 -1460.0000000000
4695 -1459.0000000000
4710 -1458.0000000000
4719 -1457.0000000000
4744 -1456.0000000000
4746 -1455.0000000000
4753 -1454.0000000000
4756 -1453.0000000000
4772 -1451.0000000000
4787 -1450.0000000000
4798 -1449.0000000000
4822 -1448.0000000000
4826 -1447.0000000000
4841 -1446.0000000000
4852 -1445.0000000000
4854 -1444.0000000000
4872 -1443.0000000000
4880 -1442.0000000000
4905 -1440.0000000000
4940 -1439.0000000000
4944 -1438.0000000000
4961 -1437.0000000000
4972 -1436.0000000000
4975 -1435.0000000000
5005 -1434.0000000000
5026 -1433.0000000000
5038 -1432.0000000000
5064 -1431.0000000000
5073 -1429.0000000000
5099 -1428.0000000000
5113 -1427.0000000000
5117 -1426.0000000000
5135 -1425.0000000000
5149 -1422.0000000000
5155 -1421.0000000000
5157 -1419.0000000000
5169 -1418.0000000000
5216 -1417.0000000000
5235 -1416.0000000000
5269 -1415.0000000000
5280 -1413.0000000000
5301 -1412.0000000000
5314 -1410.0000000000
5329 -1409.0000000000
5332 -1408.0000000000
5346 -1407.0000000000
5355 -1406.0000000000
5376 -1405.0000000000
5398 -1404.0000000000
5412 -1403.0000000000
5422 -1402.0000000000
5424 -1401.0000000000
5469 -1400.0000000000
5474 -1399.0000000000
5486 -1398.0000000000
5497 -1397.0000000000
5511 -1396.0000000000
5523 -1394.0000000000
5546 -1393.0000000000
5548 -1392.0000000000
5558 -1391.0000000000
5576 -1390.0000000000
5592 -1389.0000000000
5612 -1388.0000000000
5633 -1387.0000000000
5634 -1386.0000000000
5659 -1384.0000000000
5678 -1383.0000000000
5686 -1382.0000000000
5715 -1381.0000000000
5725 -1379.0000000000
5747 -1378.0000000000
5755 -1377.0000000000
5756 -1376.0000000000
5771 -1375.0000000000
5792 -1374.0000000000
5799 -1373.0000000000
5809 -1372.0000000000
5818 -1371.0000000000
5820 -1370.0000000000
5830 -1369.0000000000
5838 -1368.0000000000
5842 -1367.0000000000
5851 -1366.0000000000
5878 -1365.0000000000
5886 -1364.0000000000
5901 -1363.0000000000
5914 -1362.0000000000
5927 -1361.0000000000
5938 -1360.0000000000
5969 -1359.0000000000
5975 -1358.0000000000
5987 -1357.0000000000
6001 -1356.0000000000
6004 -1355.0000000000
6032 -1354.0000000000
6041 -1353.0000000000
6047 -1352.0000000000
6073 -1350.0000000000
6088 -1349.0000000000
6116 -1348.0000000000
6124 -1347.0000000000
6136 -1346.0000000000
6142 -1345.0000000000
6162 -1344.0000000000
6183 -1343.0000000000
6188 -1342.0000000000
6193 -1341.0000000000
6223 -1340.0000000000
6233 -1339.0000000000
6234 -1338.0000000000
6236 -1337.0000000000
6255 -1336.0000000000
6274 -1335.0000000000
6281 -1334.0000000000
6311 -1333.0000000000
6332 -1332.0000000000
6345 -1331.0000000000
6348 -1330.0000000000
6375 -1329.0000000000
6378 -1328.0000000000
6380 -1327.0000000000
6404 -1326.0000000000
6411 -1325.0000000000
6416 -1324.0000000000
6423 -1322.0000000000
6468 -1321.0000000000
6481 -1320.0000000000
6497 -1319.0000000000
6502 -1318.0000000000
6508 -1317.0000000000
6520 -1315.0000000000
6540 -1314.0000000000
6546 -1313.0000000000
6564 -1311.0000000000
6585 -1310.0000000000
6598 -1309.0000000000
6614 -1308.0000000000
6637 -1307.0000000000
6642 -1306.0000000000
6660 -1305.0000000000
6665 -1304.0000000000
6678 -1302.0000000000
6715 -1300.0000000000
6728 -1299.0000000000
6739 -1298.0000000000
6741 -1297.0000000000
6759 -1296.0000000000
6795 -1295.0000000000
6803 -1294.0000000000
6835 -1292.0000000000
6843 -1291.0000000000
6869 -1290.0000000000
6886 -1289.0000000000
6897 -1288.0000000000
6910 -1287.0000000000
6925 -1286.0000000000
6931 -1284.0000000000
6969 -1283.0000000000
6990 -1282.0000000000
7007 -1281.0000000000
7026 -1280.0000000000
7046 -1279.0000000000
7060 -1278.0000000000
7069 -1277.0000000000
7074 -1276.0000000000
7077 -1275.0000000000
7090 -1274.0000000000
7113 -1273.0000000000
7119 -1272.0000000000
7122 -1271.0000000000
7141 -1270.0000000000
7157 -1269.0000000000
7159 -1268.0000000000
7170 -1266.0000000000
7187 -1265.0000000000
7191 -1264.0000000000
7202 -1263.0000000000
7213 -1262.0000000000
7221 -1260.0000000000
7228 -1259.0000000000
7231 -1258.0000000000
7259 -1257.0000000000
7263 -1256.0000000000
7280 -1255.0000000000
7288 -1254.0000000000
7303 -1253.0000000000
7324 -1252.0000000000
7330 -1251.0000000000
7339 -1250.0000000000
7356 -1249.0000000000
7368 -1248.0000000000
7381 -1247.0000000000
7383 -1246.0000000000
7403 -1245.0000000000
7408 -1244.0000000000
7420 -1243.0000000000
7425 -1242.0000000000
7438 -1241.0000000000
7451 -1240.0000000000
7457 -1239.0000000000
7485 -1238.0000000000
7491 -1237.0000000000
7539 -1236.0000000000
7587 -1234.0000000000
7628 -1233.0000000000
7642 -1232.0000000000
7672 -1231.0000000000
7689 -1230.0000000000
7695 -1229.0000000000
7704 -1228.0000000000
7740 -1227.0000000000
7762 -1226.0000000000
7777 -1225.0000000000
7786 -1224.0000000000
7801 -1223.0000000000
7804 -1222.0000000000
7835 -1221.0000000000
7842 -1220.0000000000
7846 -1219.0000000000
7865 -1218.0000000000
7884 -1217.0000000000
7918 -1216.0000000000
7921 -1215.0000000000
7938 -1214.0000000000
7951 -1213.0000000000
7956 -1212.0000000000
7979 -1211.0000000000
7987 -1210.0000000000
8033 -1209.0000000000
8056 -1208.0000000000
8073 -1207.0000000000
8081 -1206.0000000000
8087 -1205.0000000000
8129 -1204.0000000000
8137 -1203.0000000000
8161 -1201.0000000000
8176 -1198.0000000000
8225 -1197.0000000000
8234 -1196.0000000000
8240 -1195.0000000000
8281 -1194.0000000000
8298 -1193.0000000000
8318 -1192.0000000000
8345 -1191.0000000000
8380 -1190.0000000000
8390 -1189.0000000000
8400 -1188.0000000000
8426 -1187.0000000000
8455 -1185.0000000000
8473 -1184.0000000000
8487 -1183.0000000000
8501 -1182.0000000000
8524 -1181.0000000000
8525 -1180.0000000000
8535 -1179.0000000000
8545 -1178.0000000000
8558 -1177.0000000000
8580 -1176.0000000000
8581 -1175.0000000000
8620 -1174.0000000000
8623 -1173.0000000000
8645 -1172.0000000000
8671 -1171.0000000000
8683 -1170.0000000000
8694 -1169.0000000000
8716 -1168.0000000000
8727 -1167.0000000000
8729 -1166.0000000000
8753 -1165.0000000000
8772 -1164.0000000000
8795 -1163.0000000000
8801 -1162.0000000000
8819 -1161.0000000000
8838 -1160.0000000000
8849 -1159.0000000000
8863 -1158.0000000000
8884 -1157.0000000000
8921 -1156.0000000000
8935 -1155.0000000000
8939 -1154.0000000000
8965 -1153.0000000000
9021 -1152.0000000000
9068 -1151.0000000000
9071 -1150.0000000000
9089 -1149.0000000000
9105 -1148.0000000000
9107 -1147.0000000000
9134 -1146.0000000000
9139 -1145.0000000000
9167 -1144.0000000000
9183 -1143.0000000000
9206 -1142.0000000000
9223 -1141.0000000000
9226 -1140.0000000000
9232 -1139.0000000000
9243 -1138.0000000000
9279 -1137.0000000000
9301 -1136.0000000000
9307 -1135.0000000000
9345 -1134.0000000000
9358 -1133.0000000000
9371 -1132.0000000000
9384 -1131.0000000000
9392 -1130.0000000000
9409 -1129.0000000000
9428 -1128.0000000000
9443 -1127.0000000000
9457 -1126.0000000000
9465 -1125.0000000000
9482 -1124.0000000000
9507 -1123.0000000000
9532 -1122.0000000000
9546 -1121.0000000000
9572 -1120.0000000000
9584 -1118.0000000000
9598 -1117.0000000000
9617 -1116.0000000000
9630 -1115.0000000000
9632 -1114.0000000000
9645 -1112.0000000000
9650 -1111.0000000000
9675 -1109.0000000000
9729 -1107.0000000000
9749 -1106.0000000000
9755 -1105.0000000000
9772 -1104.0000000000
9773 -1103.0000000000
9774 -1102.0000000000
9781 -1100.0000000000
9787 -1099.0000000000
9809 -1098.0000000000
9817 -1096.0000000000
9821 -1095.0000000000
9859 -1094.0000000000
9863 -1093.0000000000
9879 -1091.0000000000
9907 -1089.0000000000
9933 -1088.0000000000
9941 -1087.0000000000
9949 -1086.0000000000
10000 -1089.0000000000
evaluations raw_y
1 -2015.0000000000
2 -2012.0000000000
4 -2006.0000000000
6 -1978.0000000000
9 -1965.0000000000
14 -1964.0000000000
29 -1963.0000000000
42 -1962.0000000000
45 -1961.0000000000
54 -1959.0000000000
71 -1958.0000000000
77 -1957.0000000000
113 -1956.0000000000
114 -1954.0000000000
116 -1953.0000000000
148 -1952.0000000000
149 -1951.0000000000
158 -1950.0000000000
179 -1949.0000000000
188 -1948.0000000000
194 -1947.0000000000
208 -1946.0000000000
214 -1945.0000000000
231 -1944.0000000000
238 -1943.0000000000
247 -1942.0000000000
253 -1941.0000000000
257 -1940.0000000000
263 -1939.0000000000
271 -1938.0000000000
278 -1937.0000000000
285 -1936.0000000000
286 -1935.0000000000
300 -1932.0000000000
317 -1930.0000000000
326 -1929.0000000000
335 -1928.0000000000
351 -1927.0000000000
359 -1926.0000000000
368 -1925.0000000000
376 -1924.0000000000
388 -1923.0000000000
394 -1921.0000000000
409 -1919.0000000000
423 -1917.0000000000
434 -1916.0000000000
437 -1915.0000000000
443 -1913.0000000000
453 -1912.0000000000
457 -1911.0000000000
464 -1908.0000000000
471 -1907.0000000000
491 -1906.0000000000
503 -1905.0000000000
514 -1904.0000000000
528 -1903.0000000000
557 -1902.0000000000
566 -1900.0000000000
583 -1899.0000000000
584 -1898.0000000000
611 -1897.0000000000
613 -1896.0000000000
619 -1895.0000000000
625 -1894.0000000000
627 -1893.0000000000
630 -1892.0000000000
640 -1891.0000000000
648 -1890.0000000000
655 -1889.0000000000
663 -1888.0000000000
670 -1887.0000000000
691 -1884.0000000000
709 -1883.0000000000
727 -1882.0000000000
729 -1881.0000000000
732 -1878.0000000000
745 -1877.0000000000
761 -1876.0000000000
765 -1875.0000000000
766 -1874.0000000000
767 -1873.0000000000
775 -1871.0000000000
800 -1870.0000000000
805 -1868.0000000000
813 -1867.0000000000
820 -1866.0000000000
832 -1865.0000000000
838 -1864.0000000000
854 -1862.0000000000
855 -1861.0000000000
881 -1860.0000000000
885 -1859.0000000000
894 -1858.0000000000
895 -1857.0000000000
896 -1856.0000000000
915 -1854.0000000000
919 -1852.0000000000
923 -1851.0000000000
957 -1850.0000000000
967 -1849.0000000000
976 -1848.0000000000
997 -1846.0000000000
1009 -1845.0000000000
1012 -1844.0000000000
1018 -1843.0000000000
1027 -1841.0000000000
1041 -1840.0000000000
1046 -1839.0000000000
1063 -1838.0000000000
1068 -1836.0000000000
1074 -1835.0000000000
1075 -1834.0000000000
1079 -1833.0000000000
1080 -1831.0000000000
1096 -1829.0000000000
1122 -1828.0000000000
1129 -1827.0000000000
1139 -1826.0000000000
1145 -1825.0000000000
1160 -1824.0000000000
1176 -1823.0000000000
1186 -1822.0000000000
1188 -1821.0000000000
1196 -1819.0000000000
1205 -1818.0000000000
1226 -1817.0000000000
1242 -1816.0000000000
1243 -1814.0000000000
1247 -1813.0000000000
1257 -1812.0000000000
1259 -1811.0000000000
1263 -1810.0000000000
1279 -1808.0000000000
1285 -1807.0000000000
1293 -1806.0000000000
1307 -1805.0000000000
1313 -1804.0000000000
1322 -1803.0000000000
1334 -1801.0000000000
1360 -1800.0000000000
1377 -1799.0000000000
1385 -1798.0000000000
1390 -1797.0000000000
1400 -1796.0000000000
1401 -1795.0000000000
1424 -1794.0000000000
1428 -1793.0000000000
1439 -1792.0000000000
1445 -1791.0000000000
1459 -1790.0000000000
1465 -1789.0000000000
1481 -1787.0000000000
1502 -1786.0000000000
1509 -1785.0000000000
1517 -1784.0000000000
1538 -1783.0000000000
1545 -1782.0000000000
1553 -1780.0000000000
1568 -1779.0000000000
1581 -1778.0000000000
1591 -1777.0000000000
1610 -1776.0000000000
1626 -1775.0000000000
1632 -1774.0000000000
1648 -1773.0000000000
1659 -1772.0000000000
1669 -1771.0000000000
1671 -1770.0000000000
1682 -1769.0000000000
1700 -1768.0000000000
1702 -1767.0000000000
1714 -1766.0000000000
1721 -1765.0000000000
1722 -1764.0000000000
1724 -1763.0000000000
1750 -1762.0000000000
1754 -1761.0000000000
1772 -1760.0000000000
1776 -1758.0000000000
1782 -1757.0000000000
1787 -1756.0000000000
1822 -1755.0000000000
1829 -1754.0000000000
1843 -1752.0000000000
1858 -1751.0000000000
1859 -1749.0000000000
1869 -1748.0000000000
1885 -1746.0000000000
1906 -1745.0000000000
1921 -1743.0000000000
1952 -1742.0000000000
1954 -1741.0000000000
1966 -1740.0000000000
1984 -1739.0000000000
1987 -1738.0000000000
1994 -1737.0000000000
2019 -1736.0000000000
2026 -1735.0000000000
2042 -1733.0000000000
2043 -1732.0000000000
2044 -1731.0000000000
2051 -1730.0000000000
2052 -1729.0000000000
2073 -1728.0000000000
2081 -1727.0000000000
2098 -1725.0000000000
2128 -1724.0000000000
2134 -1723.0000000000
2159 -1722.0000000000
2165 -1721.0000000000
2178 -1720.0000000000
2202 -1719.0000000000
2223 -1717.0000000000
2242 -1716.0000000000
2248 -1715.0000000000
2253 -1713.0000000000
2263 -1711.0000000000
2285 -1710.0000000000
2298 -1709.0000000000
2302 -1708.0000000000
2323 -1707.0000000000
2335 -1706.0000000000
2341 -1705.0000000000
2342 -1704.0000000000
2349 -1703.0000000000
2355 -1702.0000000000
2373 -1701.0000000000
2397 -1700.0000000000
2401 -1699.0000000000
2426 -1698.0000000000
2431 -1697.0000000000
2435 -1696.0000000000
2445 -1695.0000000000
2446 -1694.0000000000
2452 -1693.0000000000
2454 -1692.0000000000
2460 -1691.0000000000
2477 -1690.0000000000
2488 -1689.0000000000
2508 -1688.0000000000
2522 -1687.0000000000
2529 -1686.0000000000
2536 -1685.0000000000
2544 -1684.0000000000
2550 -1683.0000000000
2563 -1682.0000000000
2573 -1681.0000000000
2592 -1680.0000000000
2609 -1679.0000000000
2624 -1677.0000000000
2639 -1676.0000000000
2659 -1675.0000000000
2668 -1674.0000000000
2679 -1673.0000000000
2707 -1672.0000000000
2712 -1671.0000000000
2721 -1670.0000000000
2728 -1669.0000000000
2731 -1668.0000000000
2740 -1666.0000000000
2745 -1664.0000000000
2770 -1663.0000000000
2778 -1661.0000000000
2797 -1660.0000000000
2812 -1657.0000000000
2832 -1656.0000000000
2844 -1655.0000000000
2858 -1654.0000000000
2868 -1653.0000000000
2872 -1651.0000000000
2877 -1649.0000000000
2878 -1648.0000000000
2903 -1647.0000000000
2909 -1646.0000000000
2924 -1645.0000000000
2932 -1644.0000000000
2946 -1643.0000000000
2952 -1642.0000000000
2965 -1640.0000000000
2985 -1639.0000000000
2994 -1637.0000000000
3022 -1635.0000000000
3033 -1634.0000000000
3048 -1633.0000000000
3058 -1632.0000000000
3068 -1631.0000000000
3082 -1630.0000000000
3093 -1629.0000000000
3096 -1628.0000000000
3102 -1627.0000000000
3115 -1626.0000000000
3121 -1625.0000000000
3122 -1624.0000000000
3135 -1623.0000000000
3142 -1622.0000000000
3158 -1621.0000000000
3167 -1620.0000000000
3188 -1619.0000000000
3207 -1618.0000000000
3211 -1617.0000000000
3222 -1616.0000000000
3229 -1615.0000000000
3239 -1613.0000000000
3245 -1612.0000000000
3266 -1611.0000000000
3277 -1610.0000000000
3285 -1609.0000000000
3314 -1608.0000000000
3321 -1607.0000000000
3324 -1605.0000000000
3343 -1604.0000000000
3357 -1603.0000000000
3377 -1602.0000000000
3400 -1601.0000000000
3410 -1600.0000000000
3432 -1599.0000000000
3440 -1598.0000000000
3453 -1597.0000000000
3464 -1596.0000000000
3486 -1595.0000000000
3487 -1594.0000000000
3494 -1593.0000000000
3505 -1592.0000000000
3523 -1591.0000000000
3542 -1589.0000000000
3572 -1587.0000000000
3601 -1586.0000000000
3626 -1585.0000000000
3634 -1584.0000000000
3650 -1583.0000000000
3661 -1582.0000000000
3664 -1581.0000000000
3667 -1580.0000000000
3680 -1578.0000000000
3696 -1577.0000000000
3699 -1576.0000000000
3706 -1575.0000000000
3720 -1573.0000000000
3724 -1572.0000000000
3735 -1571.0000000000
3747 -1570.0000000000
3752 -1569.0000000000
3775 -1568.0000000000
3777 -1567.0000000000
3783 -1566.0000000000
3786 -1565.0000000000
3799 -1564.0000000000
3806 -1563.0000000000
3823 -1562.0000000000
3831 -1560.0000000000
3847 -1559.0000000000
3852 -1558.0000000000
3875 -1556.0000000000
3902 -1555.0000000000
3909 -1554.0000000000
3931 -1553.0000000000
3956 -1552.0000000000
3970 -1551.0000000000
3981 -1550.0000000000
4005 -1549.0000000000
4014 -1548.0000000000
4020 -1547.0000000000
4042 -1546.0000000000
4050 -1545.0000000000
4058 -1544.0000000000
4069 -1542.0000000000
4111 -1539.0000000000
4124 -1538.0000000000
4132 -1537.0000000000
4137 -1536.0000000000
4150 -1535.0000000000
4161 -1534.0000000000
4166 -1533.0000000000
4174 -1532.0000000000
4185 -1530.0000000000
4190 -1529.0000000000
4196 -1528.0000000000
4210 -1527.0000000000
4214 -1525.0000000000
4227 -1524.0000000000
4237 -1523.0000000000
4243 -1522.0000000000
4254 -1521.0000000000
4262 -1519.0000000000
4265 -1518.0000000000
4274 -1517.0000000000
4294 -1516.0000000000
4306 -1515.0000000000
4331 -1514.0000000000
4335 -1513.0000000000
4339 -1512.0000000000
4342 -1511.0000000000
4359 -1510.0000000000
4372 -1509.0000000000
4377 -1508.0000000000
4395 -1507.0000000000
4416 -1506.0000000000
4450 -1505.0000000000
4464 -1504.0000000000
4465 -1503.0000000000
4478 -1502.0000000000
4479 -1501.0000000000
4495 -1500.0000000000
4501 -1499.0000000000
4526 -1498.0000000000
4533 -1496.0000000000
4556 -1495.0000000000
4561 -1494.0000000000
4570 -1493.0000000000
4578 -1491.0000000000
4606 -1490.0000000000
4612 -1488.0000000000
4624 -1487.0000000000
4627 -1486.0000000000
4640 -1485.0000000000
4653 -1483.0000000000
4658 -1482.0000000000
4692 -1481.0000000000
4699 -1480.0000000000
4717 -1479.0000000000
4724 -1478.0000000000
4727 -1476.0000000000
4734 -1475.0000000000
4757 -1474.0000000000
4770 -1473.0000000000
4783 -1472.0000000000
4790 -1471.0000000000
4817 -1470.0000000000
4823 -1469.0000000000
4838 -1468.0000000000
4850 -1467.0000000000
4853 -1466.0000000000
4867 -1465.0000000000
4869 -1464.0000000000
4883 -1462.0000000000
4889 -1461.0000000000
4893 -1460.0000000000
4923 -1459.0000000000
4933 -1458.0000000000
4942 -1457.0000000000
4947 -1456.0000000000
4975 -1455.0000000000
5003 -1454.0000000000
5018 -1453.0000000000
5024 -1452.0000000000
5032 -1450.0000000000
5060 -1449.0000000000
5074 -1448.0000000000
5079 -1447.0000000000
5106 -1446.0000000000
5116 -1445.0000000000
5137 -1444.0000000000
5147 -1443.0000000000
5159 -1442.0000000000
5173 -1441.0000000000
5190 -1440.0000000000
5195 -1439.0000000000
5228 -1438.0000000000
5233 -1437.0000000000
5254 -1436.0000000000
5274 -1435.0000000000
5277 -1434.0000000000
5294 -1433.0000000000
5306 -1432.0000000000
5308 -1431.0000000000
5326 -1430.0000000000
5337 -1429.0000000000
5348 -1428.0000000000
5350 -1427.0000000000
5381 -1426.0000000000
5396 -1424.0000000000
5434 -1423.0000000000
5463 -1422.0000000000
5477 -1421.0000000000
5490 -1420.0000000000
5502 -1419.0000000000
5513 -1418.0000000000
5519 -1417.0000000000
5530 -1416.0000000000
5536 -1414.0000000000
5572 -1413.0000000000
5580 -1411.0000000000
5593 -1410.0000000000
5618 -1409.0000000000
5635 -1408.0000000000
5658 -1407.0000000000
5662 -1405.0000000000
5676 -1404.0000000000
5700 -1403.0000000000
5717 -1401.0000000000
5756 -1400.0000000000
5775 -1399.0000000000
5790 -1398.0000000000
5817 -1397.0000000000
5830 -1396.0000000000
5854 -1395.0000000000
5892 -1393.0000000000
5912 -1392.0000000000
5914 -1391.0000000000
5915 -1390.0000000000
5933 -1389.0000000000
5937 -1388.0000000000
5968 -1387.0000000000
5987 -1386.0000000000
5990 -1385.0000000000
6023 -1384.0000000000
6035 -1383.0000000000
6044 -1382.0000000000
6048 -1381.0000000000
6052 -1380.0000000000
6074 -1378.0000000000
6075 -1377.0000000000
6095 -1376.0000000000
6104 -1375.0000000000
6143 -1374.0000000000
6146 -1373.0000000000
6155 -1372.0000000000
6162 -1371.0000000000
6189 -1369.0000000000
6213 -1368.0000000000
6217 -1367.0000000000
6219 -1366.0000000000
6243 -1365.0000000000
6253 -1364.0000000000
6275 -1363.0000000000
6278 -1362.0000000000
6302 -1361.0000000000
6303 -1360.0000000000
6353 -1359.0000000000
6378 -1358.0000000000
6392 -1356.0000000000
6421 -1355.0000000000
6423 -1354.0000000000
6431 -1353.0000000000
6446 -1352.0000000000
6453 -1350.0000000000
6464 -1349.0000000000
6472 -1348.0000000000
6491 -1346.0000000000
6499 -1345.0000000000
6505 -1344.0000000000
6525 -1343.0000000000
6536 -1342.0000000000
6557 -1341.0000000000
6566 -1340.0000000000
6574 -1339.0000000000
6586 -1338.0000000000
6619 -1337.0000000000
6630 -1336.0000000000
6636 -1335.0000000000
6653 -1334.0000000000
6672 -1333.0000000000
6686 -1332.0000000000
6711 -1330.0000000000
6712 -1329.0000000000
6726 -1328.0000000000
6753 -1327.0000000000
6775 -1326.0000000000
6784 -1325.0000000000
6807 -1324.0000000000
6831 -1323.0000000000
6847 -1321.0000000000
6862 -1320.0000000000
6863 -1319.0000000000
6879 -1318.0000000000
6894 -1317.0000000000
6911 -1316.0000000000
6914 -1315.0000000000
6922 -1314.0000000000
6927 -1312.0000000000
6949 -1311.0000000000
6958 -1310.0000000000
6970 -1309.0000000000
6983 -1308.0000000000
6998 -1307.0000000000
6999 -1305.0000000000
7030 -1304.0000000000
7052 -1303.0000000000
7065 -1302.0000000000
7067 -1301.0000000000
7117 -1300.0000000000
7126 -1299.0000000000
7132 -1298.0000000000
7146 -1297.0000000000
7151 -1296.0000000000
7180 -1293.0000000000
7205 -1292.0000000000
7230 -1291.0000000000
7241 -1290.0000000000
7271 -1289.0000000000
7279 -1288.0000000000
7292 -1287.0000000000
7310 -1286.0000000000
7323 -1285.0000000000
7339 -1283.0000000000
7351 -1282.0000000000
7358 -1281.0000000000
7382 -1279.0000000000
7392 -1278.0000000000
7427 -1277.0000000000
7437 -1276.0000000000
7443 -1275.0000000000
7448 -1274.0000000000
7452 -1273.0000000000
7455 -1272.0000000000
7472 -1271.0000000000
7496 -1270.0000000000
7522 -1269.0000000000
7551 -1268.0000000000
7562 -1267.0000000000
7580 -1266.0000000000
7590 -1265.0000000000
7613 -1264.0000000000
7660 -1263.0000000000
7668 -1262.0000000000
7672 -1261.0000000000
7690 -1260.0000000000
7699 -1259.0000000000
7701 -1258.0000000000
7716 -1257.0000000000
7745 -1256.0000000000
7758 -1255.0000000000
7767 -1254.0000000000
7776 -1253.0000000000
7800 -1252.0000000000
7831 -1251.0000000000
7842 -1250.0000000000
7846 -1249.0000000000
7859 -1246.0000000000
7896 -1245.0000000000
7903 -1243.0000000000
7917 -1242.0000000000
7930 -1241.0000000000
7962 -1240.0000000000
7973 -1239.0000000000
7991 -1238.0000000000
8008 -1237.0000000000
8010 -1236.0000000000
8020 -1235.0000000000
8031 -1234.0000000000
8066 -1233.0000000000
8069 -1231.0000000000
8092 -1230.0000000000
8113 -1229.0000000000
8130 -1228.0000000000
8137 -1227.0000000000
8142 -1226.0000000000
8163 -1225.0000000000
8186 -1224.0000000000
8196 -1222.0000000000
8204 -1221.0000000000
8217 -1219.0000000000
8218 -1218.0000000000
8241 -1217.0000000000
8255 -1216.0000000000
8268 -1215.0000000000
8272 -1214.0000000000
8282 -1213.0000000000
8289 -1212.0000000000
8296 -1211.0000000000
8323 -1210.0000000000
8325 -1209.0000000000
8335 -1208.0000000000
8337 -1207.0000000000
8368 -1206.0000000000
8385 -1205.0000000000
8389 -1204.0000000000
8409 -1203.0000000000
8413 -1202.0000000000
8442 -1201.0000000000
8454 -1200.0000000000
8466 -1199.0000000000
8470 -1198.0000000000
8473 -1196.0000000000
8513 -1195.0000000000
8523 -1194.0000000000
8530 -1193.0000000000
8545 -1192.0000000000
8552 -1191.0000000000
8557 -1189.0000000000
8585 -1188.0000000000
8601 -1187.0000000000
8608 -1186.0000000000
8615 -1185.0000000000
8625 -1184.0000000000
8639 -1183.0000000000
8678 -1182.0000000000
8723 -1181.0000000000
8760 -1180.0000000000
8763 -1179.0000000000
8765 -1178.0000000000
8770 -1177.0000000000
8776 -1176.0000000000
8796 -1175.0000000000
8818 -1174.0000000000
8831 -1173.0000000000
8863 -1172.0000000000
8872 -1171.0000000000
8919 -1170.0000000000
8945 -1169.0000000000
8949 -1168.0000000000
8968 -1167.0000000000
9016 -1166.0000000000
9053 -1165.0000000000
9057 -1164.0000000000
9071 -1163.0000000000
9093 -1162.0000000000
9106 -1161.0000000000
9111 -1160.0000000000
9134 -1159.0000000000
9163 -1158.0000000000
9172 -1157.0000000000
9184 -1154.0000000000
9258 -1152.0000000000
9272 -1151.0000000000
9304 -1150.0000000000
9306 -1149.0000000000
9313 -1148.0000000000
9342 -1147.0000000000
9359 -1146.0000000000
9365 -1145.0000000000
9393 -1144.0000000000
9401 -1143.0000000000
9412 -1140.0000000000
9494 -1139.0000000000
9513 -1138.0000000000
9527 -1137.0000000000
9535 -1136.0000000000
9547 -1135.0000000000
9548 -1134.0000000000
9588 -1133.0000000000
9602 -1132.0000000000
9643 -1131.0000000000
9653 -1130.0000000000
9662 -1129.0000000000
9689 -1128.0000000000
9704 -1127.0000000000
9726 -1125.0000000000
9759 -1124.0000000000
9787 -1123.0000000000
9803 -1122.0000000000
9835 -1121.0000000000
9849 -1120.0000000000
9862 -1119.0000000000
9890 -1118.0000000000
9908 -1117.0000000000
9917 -1116.0000000000
9923 -1115.0000000000
9939 -1114.0000000000
9951 -1113.0000000000
9953 -1112.0000000000
9993 -1111.0000000000
10000 -1112.0000000000
evaluations raw_y
1 -1991.0000000000
3 -1978.0000000000
9 -1957.0000000000
17 -1956.0000000000
27 -1955.0000000000
38 -1954.0000000000
45 -1953.0000000000
59 -1952.0000000000
62 -1951.0000000000
77 -1950.0000000000
81 -1949.0000000000
98 -1948.0000000000
106 -1947.0000000000
117 -1946.0000000000
130 -1944.0000000000
142 -1943.0000000000
146 -1942.0000000000
149 -1941.0000000000
154 -1939.0000000000
173 -1938.0000000000
196 -1937.0000000000
205 -1935.0000000000
209 -1933.0000000000
222 -1932.0000000000
224 -1931.0000000000
232 -1930.0000000000
246 -1929.0000000000
256 -1928.0000000000
260 -1927.0000000000
270 -1926.0000000000
281 -1924.0000000000
285 -1921.0000000000
292 -1920.0000000000
306 -1919.0000000000
315 -1918.0000000000
325 -1916.0000000000
344 -1915.0000000000
357 -1914.0000000000
369 -1913.0000000000
392 -1912.0000000000
394 -1911.0000000000
403 -1910.0000000000
414 -1909.0000000000
417 -1907.0000000000
425 -1906.0000000000
449 -1905.0000000000
457 -1904.0000000000
465 -1902.0000000000
481 -1901.0000000000
485 -1900.0000000000
509 -1899.0000000000
520 -1898.0000000000
523 -1897.0000000000
534 -1896.0000000000
542 -1895.0000000000
564 -1894.0000000000
579 -1893.0000000000
587 -1892.0000000000
590 -1891.0000000000
601 -1890.0000000000
608 -1889.0000000000
616 -1888.0000000000
622 -1887.0000000000
633 -1886.0000000000
635 -1884.0000000000
645 -1883.0000000000
659 -1882.0000000000
667 -1881.0000000000
669 -1880.0000000000
670 -1879.0000000000
680 -1878.0000000000
683 -1877.0000000000
693 -1876.0000000000
700 -1875.0000000000
705 -1874.0000000000
729 -1873.0000000000
739 -1872.0000000000
743 -1871.0000000000
754 -1870.0000000000
772 -1869.0000000000
775 -1868.0000000000
795 -1867.0000000000
804 -1866.0000000000
813 -1864.0000000000
824 -1863.0000000000
831 -1862.0000000000
835 -1861.0000000000
840 -1859.0000000000
853 -1858.0000000000
873 -1857.0000000000
877 -1856.0000000000
886 -1855.0000000000
894 -1854.0000000000
895 -1853.0000000000
902 -1852.0000000000
925 -1851.0000000000
937 -1850.0000000000
945 -1849.0000000000
952 -1848.0000000000
964 -1846.0000000000
968 -1844.0000000000
981 -1842.0000000000
997 -1841.0000000000
1013 -1840.0000000000
1022 -1839.0000000000
1027 -1838.0000000000
1037 -1837.0000000000
1038 -1836.0000000000
1056 -1835.0000000000
1062 -1833.0000000000
1080 -1832.0000000000
1087 -1829.0000000000
1104 -1828.0000000000
1118 -1827.0000000000
1130 -1826.0000000000
1143 -1825.0000000000
1144 -1824.0000000000
1157 -1823.0000000000
1160 -1822.0000000000
1175 -1821.0000000000
1185 -1819.0000000000
1191 -1818.0000000000
1197 -1817.0000000000
1202 -1816.0000000000
1204 -1815.0000000000
1234 -1814.0000000000
1248 -1813.0000000000
1268 -1812.0000000000
1274 -1810.0000000000
1278 -1809.0000000000
1293 -1807.0000000000
1303 -1806.0000000000
1315 -1805.0000000000
1334 -1804.0000000000
1345 -1803.0000000000
1374 -1802.0000000000
1382 -1801.0000000000
1390 -1800.0000000000
1406 -1799.0000000000
1408 -1798.0000000000
1411 -1797.0000000000
1428 -1796.0000000000
1444 -1795.0000000000
1453 -1794.0000000000
1467 -1792.0000000000
1483 -1791.0000000000
1493 -1790.0000000000
1512 -1789.0000000000
1518 -1788.0000000000
1525 -1787.0000000000
1553 -1786.0000000000
1560 -1785.0000000000
1567 -1784.0000000000
1570 -1783.0000000000
1581 -1782.0000000000
1590 -1781.0000000000
1608 -1780.0000000000
1614 -1779.0000000000
1616 -1778.0000000000
1635 -1776.0000000000
1650 -1775.0000000000
1655 -1774.0000000000
1667 -1773.0000000000
1675 -1772.0000000000
1676 -1771.0000000000
1678 -1770.0000000000
1683 -1769.0000000000
1691 -1768.0000000000
1697 -1767.0000000000
1701 -1766.0000000000
1717 -1765.0000000000
1720 -1764.0000000000
1758 -1763.0000000000
1764 -1762.0000000000
1784 -1760.0000000000
1804 -1759.0000000000
1805 -1758.0000000000
1807 -1757.0000000000
1829 -1756.0000000000
1842 -1755.0000000000
1850 -1753.0000000000
1860 -1752.0000000000
1883 -1751.0000000000
1894 -1750.0000000000
1907 -1749.0000000000
1912 -1748.0000000000
1920 -1747.0000000000
1936 -1744.0000000000
1967 -1743.0000000000
1981 -1742.0000000000
1995 -1741.0000000000
2015 -1740.0000000000
2022 -1739.0000000000
2027 -1738.0000000000
2046 -1737.0000000000
2048 -1736.0000000000
2066 -1735.0000000000
2080 -1734.0000000000
2082 -1733.0000000000
2091 -1732.0000000000
2116 -1731.0000000000
2144 -1730.0000000000
2156 -1729.0000000000
2183 -1728.0000000000
2184 -1727.0000000000
2193 -1726.0000000000
2210 -1725.0000000000
2230 -1724.0000000000
2239 -1723.0000000000
2257 -1722.0000000000
2260 -1721.0000000000
2273 -1720.0000000000
2274 -1719.0000000000
2296 -1718.0000000000
2305 -1717.0000000000
2312 -1716.0000000000
2328 -1715.0000000000
2335 -1714.0000000000
2336 -1713.0000000000
2348 -1712.0000000000
2350 -1711.0000000000
2372 -1710.0000000000
2380 -1709.0000000000
2389 -1708.0000000000
2410 -1707.0000000000
2421 -1706.0000000000
2429 -1705.0000000000
2432 -1704.0000000000
2448 -1703.0000000000
2449 -1702.0000000000
2471 -1700.0000000000
2487 -1699.0000000000
2500 -1698.0000000000
2522 -1697.0000000000
2524 -1696.0000000000
2532 -1695.0000000000
2542 -1694.0000000000
2552 -1693.0000000000
2553 -1692.0000000000
2570 -1690.0000000000
2572 -1689.0000000000
2590 -1688.0000000000
2603 -1687.0000000000
2614 -1686.0000000000
2641 -1685.0000000000
2646 -1684.0000000000
2666 -1683.0000000000
2671 -1682.0000000000
2675 -1681.0000000000
2701 -1680.0000000000
2716 -1679.0000000000
2723 -1678.0000000000
2737 -1677.0000000000
2757 -1676.0000000000
2760 -1675.0000000000
2767 -1674.0000000000
2771 -1673.0000000000
2778 -1672.0000000000
2780 -1671.0000000000
2791 -1670.0000000000
2805 -1669.0000000000
2816 -1668.0000000000
2818 -1667.0000000000
2830 -1666.0000000000
2839 -1664.0000000000
2869 -1663.0000000000
2871 -1662.0000000000
2899 -1661.0000000000
2900 -1660.0000000000
2924 -1659.0000000000
2935 -1658.0000000000
2942 -1657.0000000000
2944 -1656.0000000000
2970 -1655.0000000000
2981 -1654.0000000000
2997 -1653.0000000000
3007 -1652.0000000000
3020 -1651.0000000000
3026 -1649.0000000000
3043 -1648.0000000000
3050 -1646.0000000000
3076 -1645.0000000000
3083 -1644.0000000000
3097 -1643.0000000000
3107 -1642.0000000000
3124 -1641.0000000000
3149 -1640.0000000000
3160 -1639.0000000000
3167 -1638.0000000000
3180 -1637.0000000000
3197 -1636.0000000000
3202 -1635.0000000000
3206 -1634.0000000000
3221 -1633.0000000000
3224 -1632.0000000000
3252 -1631.0000000000
3265 -1630.0000000000
3280 -1629.0000000000
3290 -1628.0000000000
3292 -1627.0000000000
3305 -1626.0000000000
3306 -1625.0000000000
3327 -1624.0000000000
3339 -1622.0000000000
3362 -1621.0000000000
3383 -1620.0000000000
3386 -1617.0000000000
3390 -1616.0000000000
3416 -1614.0000000000
3433 -1612.0000000000
3442 -1610.0000000000
3461 -1608.0000000000
3465 -1607.0000000000
3475 -1606.0000000000
3502 -1605.0000000000
3505 -1604.0000000000
3525 -1603.0000000000
3540 -1602.0000000000
3541 -1600.0000000000
3575 -1599.0000000000
3577 -1598.0000000000
3599 -1597.0000000000
3604 -1594.0000000000
3605 -1593.0000000000
3632 -1592.0000000000
3640 -1591.0000000000
3653 -1590.0000000000
3655 -1589.0000000000
3658 -1588.0000000000
3663 -1587.0000000000
3681 -1586.0000000000
3692 -1584.0000000000
3733 -1582.0000000000
3751 -1581.0000000000
3765 -1580.0000000000
3766 -1579.0000000000
3795 -1578.0000000000
3801 -1577.0000000000
3826 -1576.0000000000
3828 -1575.0000000000
3850 -1574.0000000000
3852 -1573.0000000000
3861 -1572.0000000000
3864 -1571.0000000000
3890 -1570.0000000000
3896 -1568.0000000000
3904 -1567.0000000000
3915 -1566.0000000000
3946 -1565.0000000000
3958 -1564.0000000000
3962 -1563.0000000000
3965 -1562.0000000000
3977 -1561.0000000000
3982 -1560.0000000000
4018 -1559.0000000000
4024 -1558.0000000000
4040 -1557.0000000000
4052 -1555.0000000000
4063 -1553.0000000000
4080 -1552.0000000000
4091 -1551.0000000000
4101 -1550.0000000000
4109 -1549.0000000000
4110 -1548.0000000000
4116 -1546.0000000000
4120 -1545.0000000000
4136 -1544.0000000000
4140 -1543.0000000000
4142 -1542.0000000000
4149 -1541.0000000000
4163 -1540.0000000000
4186 -1539.0000000000
4204 -1538.0000000000
4215 -1537.0000000000
4229 -1536.0000000000
4255 -1535.0000000000
4268 -1534.0000000000
4280 -1533.0000000000
4289 -1532.0000000000
4298 -1531.0000000000
4319 -1529.0000000000
4343 -1528.0000000000
4354 -1527.0000000000
4372 -1526.0000000000
4374 -1525.0000000000
4378 -1524.0000000000
4387 -1523.0000000000
4390 -1521.0000000000
4405 -1520.0000000000
4423 -1519.0000000000
4429 -1518.0000000000
4450 -1517.0000000000
4464 -1516.0000000000
4477 -1515.0000000000
4487 -1514.0000000000
4498 -1513.0000000000
4507 -1512.0000000000
4535 -1511.0000000000
4538 -1509.0000000000
4547 -1508.0000000000
4567 -1507.0000000000
4581 -1505.0000000000
4610 -1504.0000000000
4630 -1503.0000000000
4642 -1502.0000000000
4643 -1501.0000000000
4657 -1499.0000000000
4678 -1498.0000000000
4679 -1497.0000000000
4688 -1495.0000000000
4702 -1494.0000000000
4704 -1493.0000000000
4733 -1492.0000000000
4738 -1491.0000000000
4749 -1490.0000000000
4753 -1489.0000000000
4766 -1488.0000000000
4786 -1487.0000000000
4801 -1486.0000000000
4803 -1485.0000000000
4819 -1483.0000000000
4841 -1482.0000000000
4847 -1481.0000000000
4860 -1480.0000000000
4868 -1479.0000000000
4874 -1478.0000000000
4885 -1477.0000000000
4894 -1476.0000000000
4924 -1475.0000000000
4936 -1474.0000000000
4962 -1473.0000000000
4989 -1472.0000000000
4991 -1471.0000000000
5007 -1470.0000000000
5036 -1469.0000000000
5039 -1468.0000000000
5056 -1467.0000000000
5061 -1466.0000000000
5081 -1465.0000000000
5085 -1464.0000000000
5097 -1463.0000000000
5124 -1461.0000000000
5140 -1459.0000000000
5174 -1457.0000000000
5186 -1456.0000000000
5192 -1454.0000000000
5206 -1453.0000000000
5210 -1452.0000000000
5239 -1450.0000000000
5241 -1449.0000000000
5259 -1448.0000000000
5284 -1447.0000000000
5330 -1446.0000000000
5344 -1445.0000000000
5350 -1444.0000000000
5353 -1443.0000000000
5382 -1441.0000000000
5395 -1440.0000000000
5416 -1439.0000000000
5427 -1438.0000000000
5438 -1435.0000000000
5454 -1434.0000000000
5482 -1432.0000000000
5506 -1431.0000000000
5523 -1430.0000000000
5524 -1429.0000000000
5533 -1428.0000000000
5543 -1426.0000000000
5588 -1425.0000000000
5604 -1424.0000000000
5616 -1423.0000000000
5621 -1422.0000000000
5631 -1420.0000000000
5641 -1419.0000000000
5651 -1418.0000000000
5674 -1417.0000000000
5677 -1416.0000000000
5701 -1415.0000000000
5719 -1414.0000000000
5722 -1412.0000000000
5747 -1410.0000000000
5753 -1409.0000000000
5772 -1408.0000000000
5777 -1407.0000000000
5791 -1406.0000000000
5792 -1405.0000000000
5808 -1404.0000000000
5809 -1403.0000000000
5842 -1402.0000000000
5853 -1401.0000000000
5870 -1400.0000000000
5886 -1399.0000000000
5895 -1398.0000000000
5899 -1397.0000000000
5919 -1396.0000000000
5923 -1395.0000000000
5941 -1394.0000000000
5946 -1393.0000000000
5968 -1392.0000000000
5977 -1391.0000000000
5989 -1389.0000000000
6004 -1388.0000000000
6026 -1387.0000000000
6039 -1386.0000000000
6045 -1385.0000000000
6075 -1383.0000000000
6092 -1382.0000000000
6098 -1381.0000000000
6106 -1380.0000000000
6138 -1379.0000000000
6145 -1378.0000000000
6153 -1377.0000000000
6169 -1376.0000000000
6184 -1375.0000000000
6197 -1374.0000000000
6204 -1373.0000000000
6228 -1372.0000000000
6232 -1371.0000000000
6254 -1370.0000000000
6275 -1369.0000000000
6277 -1368.0000000000
6280 -1367.0000000000
6296 -1366.0000000000
6313 -1365.0000000000
6316 -1364.0000000000
6317 -1363.0000000000
6347 -1362.0000000000
6358 -1361.0000000000
6360 -1360.0000000000
6383 -1359.0000000000
6409 -1358.0000000000
6438 -1357.0000000000
6445 -1356.0000000000
6482 -1355.0000000000
6489 -1354.0000000000
6519 -1353.0000000000
6531 -1352.0000000000
6536 -1351.0000000000
6545 -1350.0000000000
6549 -1349.0000000000
6572 -1348.0000000000
6581 -1347.0000000000
6615 -1345.0000000000
6642 -1344.0000000000
6665 -1341.0000000000
6678 -1340.0000000000
6689 -1339.0000000000
6719 -1337.0000000000
6735 -1336.0000000000
6749 -1335.0000000000
6754 -1334.0000000000
6805 -1332.0000000000
6828 -1331.0000000000
6830 -1330.0000000000
6866 -1329.0000000000
6876 -1327.0000000000
6886 -1326.0000000000
6900 -1325.0000000000
6908 -1324.0000000000
6936 -1323.0000000000
6959 -1322.0000000000
6961 -1321.0000000000
6977 -1320.0000000000
6994 -1319.0000000000
6999 -1318.0000000000
7013 -1317.0000000000
7041 -1316.0000000000
7055 -1315.0000000000
7057 -1314.0000000000
7077 -1313.0000000000
7086 -1312.0000000000
7100 -1311.0000000000
7105 -1310.0000000000
7128 -1309.0000000000
7130 -1308.0000000000
7145 -1307.0000000000
7162 -1306.0000000000
7170 -1305.0000000000
7173 -1304.0000000000
7187 -1303.0000000000
7194 -1302.0000000000
7207 -1301.0000000000
7221 -1300.0000000000
7226 -1299.0000000000
7227 -1298.0000000000
7245 -1297.0000000000
7247 -1296.0000000000
7249 -1295.0000000000
7250 -1294.0000000000
7277 -1293.0000000000
7287 -1292.0000000000
7292 -1291.0000000000
7307 -1290.0000000000
7330 -1288.0000000000
7353 -1287.0000000000
7367 -1286.0000000000
7398 -1285.0000000000
7413 -1284.0000000000
7435 -1283.0000000000
7460 -1282.0000000000
7474 -1281.0000000000
7494 -1280.0000000000
7505 -1279.0000000000
7534 -1278.0000000000
7535 -1277.0000000000
7556 -1276.0000000000
7563 -1275.0000000000
7570 -1274.0000000000
7572 -1273.0000000000
7591 -1272.0000000000
7618 -1271.0000000000
7633 -1270.0000000000
7636 -1269.0000000000
7669 -1267.0000000000
7692 -1266.0000000000
7714 -1265.0000000000
7723 -1264.0000000000
7736 -1263.0000000000
7755 -1262.0000000000
7761 -1261.0000000000
7775 -1260.0000000000
7779 -1259.0000000000
7802 -1258.0000000000
7818 -1257.0000000000
7837 -1255.0000000000
7862 -1254.0000000000
7877 -1253.0000000000
7879 -1252.0000000000
7880 -1251.0000000000
7884 -1250.0000000000
7902 -1249.0000000000
7907 -1248.0000000000
7922 -1247.0000000000
7952 -1246.0000000000
7961 -1245.0000000000
7973 -1244.0000000000
7987 -1242.0000000000
8015 -1241.0000000000
8028 -1240.0000000000
8038 -1239.0000000000
8053 -1238.0000000000
8062 -1237.0000000000
8067 -1236.0000000000
8073 -1235.0000000000
8080 -1234.0000000000
8101 -1233.0000000000
8113 -1232.0000000000
8157 -1230.0000000000
8162 -1229.0000000000
8183 -1227.0000000000
8193 -1226.0000000000
8205 -1225.0000000000
8216 -1224.0000000000
8224 -1223.0000000000
8240 -1222.0000000000
8257 -1220.0000000000
8261 -1219.0000000000
8267 -1218.0000000000
8298 -1217.0000000000
8308 -1216.0000000000
8316 -1215.0000000000
8327 -1214.0000000000
8343 -1213.0000000000
8352 -1212.0000000000
8366 -1211.0000000000
8396 -1210.0000000000
8404 -1209.0000000000
8415 -1208.0000000000
8425 -1207.0000000000
8429 -1206.0000000000
8447 -1205.0000000000
8480 -1204.0000000000
8495 -1203.0000000000
8506 -1202.0000000000
8513 -1201.0000000000
8541 -1200.0000000000
8550 -1199.0000000000
8561 -1198.0000000000
8570 -1197.0000000000
8597 -1195.0000000000
8611 -1194.0000000000
8629 -1193.0000000000
8658 -1192.0000000000
8667 -1191.0000000000
8683 -1190.0000000000
8704 -1189.0000000000
8723 -1187.0000000000
8746 -1186.0000000000
8755 -1185.0000000000
8768 -1184.0000000000
8777 -1183.0000000000
8824 -1182.0000000000
8839 -1181.0000000000
8859 -1180.0000000000
8900 -1179.0000000000
8914 -1178.0000000000
8927 -1177.0000000000
8967 -1176.0000000000
8986 -1175.0000000000
8998 -1174.0000000000
9004 -1173.0000000000
9026 -1172.0000000000
9055 -1171.0000000000
9084 -1170.0000000000
9139 -1169.0000000000
9159 -1167.0000000000
9187 -1166.0000000000
9209 -1165.0000000000
9230 -1164.0000000000
9237 -1163.0000000000
9253 -1162.0000000000
9277 -1160.0000000000
9297 -1159.0000000000
9313 -1158.0000000000
9323 -1156.0000000000
9344 -1155.0000000000
9360 -1154.0000000000
9377 -1153.0000000000
9382 -1152.0000000000
9399 -1148.0000000000
9479 -1147.0000000000
9497 -1146.0000000000
9511 -1145.0000000000
9542 -1144.0000000000
9547 -1143.0000000000
9573 -1142.0000000000
9608 -1141.0000000000
9616 -1140.0000000000
9620 -1139.0000000000
9639 -1138.0000000000
9652 -1137.0000000000
9658 -1136.0000000000
9698 -1135.0000000000
9711 -1132.0000000000
9750 -1131.0000000000
9771 -1129.0000000000
9812 -1126.0000000000
9843 -1125.0000000000
9861 -1124.0000000000
9887 -1123.0000000000
9888 -1122.0000000000
9891 -1121.0000000000
9907 -1119.0000000000
9942 -1118.0000000000
9949 -1117.0000000000
9970 -1115.0000000000
9992 -1114.0000000000
10000 -1116.0000000000
evaluations raw_y
1 -1995.0000000000
2 -1990.0000000000
4 -1984.0000000000
5 -1983.0000000000
7 -1947.0000000000
11 -1946.0000000000
13 -1945.0000000000
28 -1944.0000000000
40 -1942.0000000000
48 -1941.0000000000
56 -1940.0000000000
77 -1939.0000000000
79 -1938.0000000000
80 -1937.0000000000
96 -1936.0000000000
111 -1935.0000000000
114 -1933.0000000000
131 -1932.0000000000
137 -1931.0000000000
138 -1929.0000000000
152 -1928.0000000000
162 -1927.0000000000
170 -1926.0000000000
186 -1925.0000000000
197 -1924.0000000000
213 -1923.0000000000
225 -1922.0000000000
236 -1920.0000000000
252 -1919.0000000000
267 -1918.0000000000
276 -1917.0000000000
279 -1916.0000000000
286 -1915.0000000000
311 -1913.0000000000
322 -1912.0000000000
332 -1911.0000000000
345 -1910.0000000000
354 -1909.0000000000
375 -1908.0000000000
381 -1907.0000000000
391 -1906.0000000000
394 -1905.0000000000
404 -1903.0000000000
408 -1902.0000000000
421 -1901.0000000000
425 -1899.0000000000
430 -1898.0000000000
440 -1897.0000000000
447 -1896.0000000000
467 -1895.0000000000
468 -1894.0000000000
487 -1893.0000000000
500 -1891.0000000000
504 -1888.0000000000
530 -1887.0000000000
533 -1886.0000000000
536 -1885.0000000000
539 -1884.0000000000
551 -1882.0000000000
564 -1881.0000000000
571 -1880.0000000000
573 -1879.0000000000
582 -1877.0000000000
600 -1876.0000000000
605 -1875.0000000000
614 -1874.0000000000
622 -1873.0000000000
633 -1872.0000000000
638 -1871.0000000000
647 -1870.0000000000
651 -1869.0000000000
664 -1867.0000000000
689 -1866.0000000000
705 -1864.0000000000
708 -1863.0000000000
719 -1862.0000000000
726 -1861.0000000000
736 -1860.0000000000
747 -1858.0000000000
761 -1857.0000000000
782 -1856.0000000000
791 -1855.0000000000
792 -1854.0000000000
799 -1852.0000000000
801 -1851.0000000000
806 -1850.0000000000
814 -1849.0000000000
822 -1848.0000000000
841 -1847.0000000000
845 -1846.0000000000
862 -1845.0000000000
874 -1844.0000000000
882 -1843.0000000000
887 -1842.0000000000
894 -1840.0000000000
925 -1839.0000000000
938 -1838.0000000000
954 -1837.0000000000
959 -1836.0000000000
968 -1835.0000000000
973 -1834.0000000000
989 -1833.0000000000
998 -1832.0000000000
1004 -1831.0000000000
1005 -1830.0000000000
1025 -1829.0000000000
1052 -1828.0000000000
1059 -1827.0000000000
1062 -1826.0000000000
1067 -1825.0000000000
1094 -1824.0000000000
1104 -1822.0000000000
1117 -1821.0000000000
1120 -1820.0000000000
1134 -1819.0000000000
1142 -1818.0000000000
1146 -1816.0000000000
1156 -1815.0000000000
1159 -1814.0000000000
1182 -1813.0000000000
1190 -1812.0000000000
1208 -1811.0000000000
1213 -1810.0000000000
1226 -1808.0000000000
1227 -1807.0000000000
1241 -1806.0000000000
1253 -1804.0000000000
1258 -1803.0000000000
1266 -1802.0000000000
1267 -1801.0000000000
1286 -1800.0000000000
1300 -1799.0000000000
1306 -1798.0000000000
1327 -1797.0000000000
1330 -1796.0000000000
1344 -1795.0000000000
1358 -1794.0000000000
1368 -1793.0000000000
1390 -1791.0000000000
1396 -1790.0000000000
1411 -1789.0000000000
1422 -1788.0000000000
1428 -1786.0000000000
1432 -1785.0000000000
1437 -1783.0000000000
1475 -1782.0000000000
1486 -1781.0000000000
1499 -1780.0000000000
1505 -1779.0000000000
1508 -1778.0000000000
1511 -1777.0000000000
1516 -1776.0000000000
1526 -1775.0000000000
1531 -1773.0000000000
1544 -1772.0000000000
1545 -1771.0000000000
1548 -1770.0000000000
1564 -1769.0000000000
1582 -1768.0000000000
1585 -1767.0000000000
1617 -1765.0000000000
1626 -1764.0000000000
1635 -1763.0000000000
1645 -1762.0000000000
1659 -1761.0000000000
1664 -1760.0000000000
1668 -1759.0000000000
1672 -1758.0000000000
1686 -1757.0000000000
1694 -1756.0000000000
1700 -1755.0000000000
1706 -1754.0000000000
1733 -1753.0000000000
1736 -1752.0000000000
1752 -1751.0000000000
1776 -1750.0000000000
1779 -1749.0000000000
1794 -1746.0000000000
1811 -1745.0000000000
1831 -1744.0000000000
1834 -1742.0000000000
1835 -1741.0000000000
1842 -1740.0000000000
1844 -1739.0000000000
1855 -1738.0000000000
1886 -1737.0000000000
1892 -1736.0000000000
1909 -1735.0000000000
1919 -1734.0000000000
1925 -1733.0000000000
1939 -1732.0000000000
1941 -1730.0000000000
1966 -1729.0000000000
1970 -1728.0000000000
1991 -1727.0000000000
2007 -1725.0000000000
2025 -1724.0000000000
2033 -1723.0000000000
2040 -1722.0000000000
2043 -1721.0000000000
2069 -1720.0000000000
2078 -1719.0000000000
2090 -1718.0000000000
2096 -1717.0000000000
2110 -1716.0000000000
2111 -1715.0000000000
2120 -1714.0000000000
2131 -1713.0000000000
2132 -1712.0000000000
2139 -1711.0000000000
2147 -1710.0000000000
2158 -1709.0000000000
2162 -1708.0000000000
2171 -1707.0000000000
2185 -1706.0000000000
2209 -1705.0000000000
2210 -1704.0000000000
2235 -1703.0000000000
2240 -1702.0000000000
2242 -1701.0000000000
2251 -1700.0000000000
2259 -1699.0000000000
2277 -1698.0000000000
2281 -1697.0000000000
2289 -1696.0000000000
2305 -1695.0000000000
2309 -1694.0000000000
2326 -1693.0000000000
2338 -1692.0000000000
2355 -1691.0000000000
2371 -1690.0000000000
2378 -1689.0000000000
2379 -1688.0000000000
2398 -1687.0000000000
2409 -1685.0000000000
2414 -1683.0000000000
2419 -1681.0000000000
2449 -1680.0000000000
2465 -1678.0000000000
2479 -1677.0000000000
2484 -1675.0000000000
2486 -1674.0000000000
2499 -1673.0000000000
2506 -1672.0000000000
2508 -1671.0000000000
2512 -1670.0000000000
2528 -1669.0000000000
2530 -1668.0000000000
2536 -1667.0000000000
2559 -1666.0000000000
2570 -1665.0000000000
2579 -1664.0000000000
2585 -1663.0000000000
2593 -1661.0000000000
2620 -1660.0000000000
2625 -1659.0000000000
2632 -1658.0000000000
2636 -1657.0000000000
2649 -1656.0000000000
2666 -1655.0000000000
2672 -1654.0000000000
2677 -1653.0000000000
2696 -1652.0000000000
2709 -1650.0000000000
2711 -1649.0000000000
2720 -1648.0000000000
2725 -1646.0000000000
2744 -1645.0000000000
2749 -1644.0000000000
2759 -1643.0000000000
2773 -1642.0000000000
2779 -1641.0000000000
2783 -1640.0000000000
2791 -1639.0000000000
2804 -1638.0000000000
2806 -1637.0000000000
2826 -1636.0000000000
2831 -1635.0000000000
2837 -1634.0000000000
2861 -1633.0000000000
2863 -1632.0000000000
2883 -1631.0000000000
2894 -1630.0000000000
2916 -1629.0000000000
2925 -1628.0000000000
2933 -1627.0000000000
2940 -1626.0000000000
2961 -1625.0000000000
2975 -1624.0000000000
2984 -1623.0000000000
2989 -1622.0000000000
2998 -1621.0000000000
3010 -1620.0000000000
3023 -1619.0000000000
3029 -1618.0000000000
3061 -1617.0000000000
3070 -1615.0000000000
3087 -1614.0000000000
3095 -1613.0000000000
3099 -1611.0000000000
3125 -1610.0000000000
3132 -1609.0000000000
3139 -1608.0000000000
3151 -1607.0000000000
3180 -1606.0000000000
3189 -1605.0000000000
3197 -1604.0000000000
3200 -1603.0000000000
3201 -1602.0000000000
3214 -1601.0000000000
3233 -1599.0000000000
3247 -1598.0000000000
3256 -1596.0000000000
3280 -1595.0000000000
3298 -1594.0000000000
3301 -1593.0000000000
3312 -1592.0000000000
3319 -1590.0000000000
3337 -1589.0000000000
3338 -1587.0000000000
3353 -1586.0000000000
3388 -1585.0000000000
3397 -1584.0000000000
3405 -1583.0000000000
3412 -1582.0000000000
3421 -1581.0000000000
3427 -1580.0000000000
3433 -1579.0000000000
3446 -1578.0000000000
3451 -1577.0000000000
3474 -1576.0000000000
3504 -1575.0000000000
3512 -1574.0000000000
3520 -1573.0000000000
3532 -1572.0000000000
3537 -1571.0000000000
3553 -1570.0000000000
3563 -1569.0000000000
3565 -1568.0000000000
3568 -1567.0000000000
3590 -1566.0000000000
3593 -1564.0000000000
3602 -1562.0000000000
3633 -1561.0000000000
3648 -1560.0000000000
3660 -1559.0000000000
3667 -1558.0000000000
3716 -1557.0000000000
3729 -1556.0000000000
3744 -1555.0000000000
3769 -1554.0000000000
3773 -1553.0000000000
3791 -1552.0000000000
3798 -1551.0000000000
3800 -1550.0000000000
3815 -1549.0000000000
3842 -1548.0000000000
3845 -1547.0000000000
3876 -1546.0000000000
3888 -1545.0000000000
3906 -1544.0000000000
3918 -1543.0000000000
3935 -1541.0000000000
3953 -1540.0000000000
3957 -1539.0000000000
3968 -1537.0000000000
3972 -1536.0000000000
3986 -1535.0000000000
3988 -1534.0000000000
4003 -1533.0000000000
4007 -1531.0000000000
4022 -1530.0000000000
4047 -1528.0000000000
4073 -1527.0000000000
4102 -1526.0000000000
4121 -1525.0000000000
4136 -1524.0000000000
4156 -1523.0000000000
4159 -1522.0000000000
4169 -1521.0000000000
4170 -1520.0000000000
4179 -1519.0000000000
4181 -1518.0000000000
4187 -1516.0000000000
4190 -1515.0000000000
4208 -1514.0000000000
4225 -1513.0000000000
4226 -1512.0000000000
4232 -1511.0000000000
4248 -1510.0000000000
4255 -1509.0000000000
4269 -1508.0000000000
4294 -1507.0000000000
4306 -1506.0000000000
4317 -1505.0000000000
4345 -1503.0000000000
4354 -1502.0000000000
4364 -1501.0000000000
4374 -1500.0000000000
4383 -1499.0000000000
4391 -1498.0000000000
4397 -1497.0000000000
4413 -1496.0000000000
4417 -1495.0000000000
4430 -1494.0000000000
4432 -1493.0000000000
4454 -1492.0000000000
4464 -1491.0000000000
4469 -1490.0000000000
4497 -1489.0000000000
4513 -1488.0000000000
4538 -1487.0000000000
4544 -1485.0000000000
4554 -1484.0000000000
4558 -1483.0000000000
4584 -1482.0000000000
4594 -1481.0000000000
4607 -1480.0000000000
4624 -1479.0000000000
4646 -1478.0000000000
4648 -1477.0000000000
4652 -1476.0000000000
4666 -1475.0000000000
4675 -1474.0000000000
4688 -1473.0000000000
4699 -1472.0000000000
4715 -1471.0000000000
4716 -1470.0000000000
4727 -1469.0000000000
4738 -1468.0000000000
4757 -1467.0000000000
4765 -1466.0000000000
4778 -1464.0000000000
4790 -1463.0000000000
4809 -1462.0000000000
4815 -1461.0000000000
4819 -1460.0000000000
4837 -1459.0000000000
4856 -1458.0000000000
4868 -1457.0000000000
4884 -1455.0000000000
4895 -1454.0000000000
4902 -1453.0000000000
4919 -1452.0000000000
4926 -1451.0000000000
4932 -1449.0000000000
4942 -1448.0000000000
4952 -1447.0000000000
4963 -1446.0000000000
4964 -1445.0000000000
4993 -1444.0000000000
5001 -1442.0000000000
5026 -1441.0000000000
5036 -1440.0000000000
5046 -1439.0000000000
5072 -1438.0000000000
5076 -1437.0000000000
5090 -1435.0000000000
5096 -1434.0000000000
5138 -1433.0000000000
5152 -1432.0000000000
5160 -1430.0000000000
5167 -1429.0000000000
5186 -1428.0000000000
5200 -1427.0000000000
5208 -1426.0000000000
5216 -1425.0000000000
5228 -1422.0000000000
5243 -1421.0000000000
5256 -1420.0000000000
5259 -1419.0000000000
5293 -1418.0000000000
5318 -1417.0000000000
5338 -1416.0000000000
5339 -1415.0000000000
5361 -1414.0000000000
5366 -1413.0000000000
5367 -1411.0000000000
5396 -1410.0000000000
5452 -1409.0000000000
5465 -1408.0000000000
5486 -1407.0000000000
5496 -1406.0000000000
5509 -1405.0000000000
5518 -1404.0000000000
5540 -1403.0000000000
5555 -1402.0000000000
5562 -1401.0000000000
5584 -1400.0000000000
5602 -1399.0000000000
5626 -1398.0000000000
5635 -1397.0000000000
5636 -1396.0000000000
5668 -1395.0000000000
5689 -1394.0000000000
5697 -1393.0000000000
5707 -1392.0000000000
5710 -1391.0000000000
5736 -1390.0000000000
5755 -1389.0000000000
5778 -1387.0000000000
5804 -1386.0000000000
5835 -1385.0000000000
5843 -1384.0000000000
5860 -1383.0000000000
5861 -1381.0000000000
5874 -1380.0000000000
5891 -1379.0000000000
5900 -1378.0000000000
5909 -1377.0000000000
5927 -1376.0000000000
5946 -1375.0000000000
5959 -1374.0000000000
5974 -1373.0000000000
5980 -1372.0000000000
5984 -1371.0000000000
5993 -1370.0000000000
5996 -1369.0000000000
5999 -1368.0000000000
6008 -1367.0000000000
6036 -1366.0000000000
6037 -1365.0000000000
6073 -1363.0000000000
6118 -1362.0000000000
6126 -1361.0000000000
6149 -1360.0000000000
6159 -1359.0000000000
6197 -1358.0000000000
6211 -1356.0000000000
6226 -1355.0000000000
6240 -1354.0000000000
6248 -1352.0000000000
6249 -1351.0000000000
6250 -1350.0000000000
6254 -1348.0000000000
6294 -1347.0000000000
6301 -1346.0000000000
6323 -1345.0000000000
6333 -1344.0000000000
6360 -1343.0000000000
6365 -1342.0000000000
6366 -1341.0000000000
6397 -1340.0000000000
6409 -1339.0000000000
6415 -1338.0000000000
6425 -1337.0000000000
6444 -1336.0000000000
6456 -1335.0000000000
6463 -1334.0000000000
6488 -1333.0000000000
6521 -1332.0000000000
6525 -1331.0000000000
6541 -1329.0000000000
6572 -1328.0000000000
6577 -1327.0000000000
6611 -1326.0000000000
6624 -1325.0000000000
6638 -1324.0000000000
6647 -1323.0000000000
6688 -1322.0000000000
6693 -1321.0000000000
6716 -1319.0000000000
6732 -1318.0000000000
6750 -1317.0000000000
6769 -1316.0000000000
6784 -1314.0000000000
6799 -1313.0000000000
6810 -1312.0000000000
6819 -1311.0000000000
6825 -1310.0000000000
6850 -1309.0000000000
6867 -1308.0000000000
6885 -1307.0000000000
6902 -1306.0000000000
6907 -1305.0000000000
6932 -1304.0000000000
6945 -1303.0000000000
6965 -1302.0000000000
6971 -1301.0000000000
6989 -1300.0000000000
7002 -1299.0000000000
7015 -1298.0000000000
7030 -1297.0000000000
7037 -1296.0000000000
7047 -1295.0000000000
7069 -1294.0000000000
7086 -1293.0000000000
7094 -1292.0000000000
7108 -1291.0000000000
7123 -1290.0000000000
7145 -1289.0000000000
7169 -1288.0000000000
7170 -1287.0000000000
7178 -1286.0000000000
7201 -1285.0000000000
7225 -1284.0000000000
7237 -1283.0000000000
7253 -1282.0000000000
7272 -1281.0000000000
7273 -1280.0000000000
7280 -1278.0000000000
7305 -1277.0000000000
7317 -1276.0000000000
7320 -1275.0000000000
7343 -1274.0000000000
7385 -1273.0000000000
7406 -1272.0000000000
7420 -1271.0000000000
7442 -1270.0000000000
7462 -1269.0000000000
7482 -1268.0000000000
7497 -1267.0000000000
7523 -1266.0000000000
7546 -1265.0000000000
7548 -1264.0000000000
7570 -1262.0000000000
7595 -1261.0000000000
7605 -1260.0000000000
7634 -1259.0000000000
7654 -1258.0000000000
7665 -1257.0000000000
7704 -1255.0000000000
7737 -1254.0000000000
7748 -1252.0000000000
7750 -1251.0000000000
7773 -1250.0000000000
7774 -1249.0000000000
7783 -1248.0000000000
7797 -1246.0000000000
7815 -1245.0000000000
7826 -1244.0000000000
7828 -1242.0000000000
7845 -1241.0000000000
7853 -1240.0000000000
7872 -1239.0000000000
7902 -1238.0000000000
7914 -1237.0000000000
7922 -1236.0000000000
7955 -1235.0000000000
7964 -1234.0000000000
7973 -1232.0000000000
7979 -1231.0000000000
8045 -1230.0000000000
8051 -1228.0000000000
8071 -1227.0000000000
8094 -1226.0000000000
8126 -1225.0000000000
8134 -1224.0000000000
8163 -1223.0000000000
8183 -1222.0000000000
8190 -1221.0000000000
8207 -1220.0000000000
8215 -1219.0000000000
8228 -1217.0000000000
8271 -1216.0000000000
8290 -1215.0000000000
8298 -1214.0000000000
8310 -1213.0000000000
8315 -1212.0000000000
8326 -1211.0000000000
8331 -1210.0000000000
8340 -1209.0000000000
8380 -1208.0000000000
8399 -1207.0000000000
8402 -1205.0000000000
8414 -1204.0000000000
8464 -1203.0000000000
8478 -1202.0000000000
8485 -1201.0000000000
8519 -1200.0000000000
8532 -1199.0000000000
8534 -1197.0000000000
8538 -1196.0000000000
8565 -1195.0000000000
8584 -1194.0000000000
8605 -1193.0000000000
8632 -1192.0000000000
8641 -1191.0000000000
8669 -1190.0000000000
8685 -1189.0000000000
8696 -1188.0000000000
8719 -1187.0000000000
8750 -1186.0000000000
8758 -1185.0000000000
8781 -1184.0000000000
8815 -1183.0000000000
8816 -1182.0000000000
8827 -1181.0000000000
8830 -1180.0000000000
8845 -1178.0000000000
8884 -1177.0000000000
8911 -1176.0000000000
8914 -1175.0000000000
8943 -1174.0000000000
8966 -1173.0000000000
8987 -1172.0000000000
9004 -1171.0000000000
9027 -1170.0000000000
9044 -1169.0000000000
9067 -1168.0000000000
9077 -1167.0000000000
9084 -1166.0000000000
9087 -1165.0000000000
9105 -1164.0000000000
9125 -1162.0000000000
9130 -1161.0000000000
9181 -1160.0000000000
9191 -1159.0000000000
9211 -1158.0000000000
9219 -1157.0000000000
9256 -1156.0000000000
9265 -1155.0000000000
9273 -1154.0000000000
9297 -1153.0000000000
9321 -1152.0000000000
9329 -1151.0000000000
9350 -1150.0000000000
9389 -1149.0000000000
9396 -1148.0000000000
9430 -1147.0000000000
9448 -1146.0000000000
9459 -1145.0000000000
9475 -1144.0000000000
9496 -1143.0000000000
9513 -1142.0000000000
9524 -1141.0000000000
9530 -1140.0000000000
9550 -1139.0000000000
9559 -1138.0000000000
9583 -1137.0000000000
9591 -1136.0000000000
9619 -1135.0000000000
9621 -1134.0000000000
9623 -1133.0000000000
9632 -1132.0000000000
9635 -1131.0000000000
9655 -1130.0000000000
9683 -1129.0000000000
9693 -1128.0000000000
9712 -1127.0000000000
9743 -1126.0000000000
9751 -1125.0000000000
9765 -1124.0000000000
9805 -1123.0000000000
9811 -1122.0000000000
9836 -1121.0000000000
9870 -1120.0000000000
9894 -1119.0000000000
9923 -1118.0000000000
9925 -1117.0000000000
9934 -1116.0000000000
9956 -1115.0000000000
9970 -1114.0000000000
9992 -1113.0000000000
10000 -1115.0000000000
evaluations raw_y
1 -2056.0000000000
2 -2019.0000000000
3 -2013.0000000000
5 -1990.0000000000
7 -1981.0000000000
15 -1980.0000000000
19 -1979.0000000000
20 -1978.0000000000
32 -1977.0000000000
33 -1976.0000000000
56 -1975.0000000000
68 -1973.0000000000
85 -1972.0000000000
96 -1971.0000000000
112 -1970.0000000000
116 -1969.0000000000
135 -1967.0000000000
148 -1966.0000000000
149 -1964.0000000000
175 -1963.0000000000
186 -1962.0000000000
197 -1961.0000000000
199 -1960.0000000000
201 -1959.0000000000
212 -1958.0000000000
215 -1957.0000000000
227 -1956.0000000000
234 -1955.0000000000
241 -1954.0000000000
253 -1953.0000000000
255 -1952.0000000000
267 -1951.0000000000
272 -1950.0000000000
278 -1949.0000000000
290 -1947.0000000000
308 -1946.0000000000
311 -1945.0000000000
319 -1944.0000000000
323 -1943.0000000000
331 -1942.0000000000
339 -1941.0000000000
345 -1940.0000000000
347 -1939.0000000000
349 -1938.0000000000
362 -1936.0000000000
371 -1935.0000000000
389 -1933.0000000000
393 -1932.0000000000
419 -1931.0000000000
421 -1930.0000000000
431 -1929.0000000000
440 -1928.0000000000
455 -1927.0000000000
460 -1926.0000000000
474 -1924.0000000000
481 -1923.0000000000
487 -1922.0000000000
492 -1920.0000000000
520 -1919.0000000000
533 -1918.0000000000
537 -1917.0000000000
547 -1916.0000000000
567 -1915.0000000000
575 -1914.0000000000
585 -1913.0000000000
586 -1912.0000000000
602 -1911.0000000000
617 -1910.0000000000
631 -1909.0000000000
639 -1907.0000000000
648 -1906.0000000000
654 -1905.0000000000
670 -1904.0000000000
671 -1903.0000000000
672 -1900.0000000000
675 -1899.0000000000
676 -1898.0000000000
715 -1897.0000000000
717 -1896.0000000000
724 -1895.0000000000
731 -1894.0000000000
740 -1893.0000000000
747 -1892.0000000000
766 -1891.0000000000
767 -1890.0000000000
780 -1889.0000000000
782 -1887.0000000000
794 -1886.0000000000
802 -1885.0000000000
803 -1884.0000000000
806 -1883.0000000000
817 -1882.0000000000
820 -1881.0000000000
835 -1880.0000000000
838 -1879.0000000000
840 -1878.0000000000
848 -1877.0000000000
865 -1876.0000000000
875 -1875.0000000000
876 -1874.0000000000
882 -1873.0000000000
886 -1872.0000000000
907 -1870.0000000000
932 -1868.0000000000
936 -1867.0000000000
949 -1866.0000000000
951 -1865.0000000000
959 -1863.0000000000
972 -1862.0000000000
992 -1861.0000000000
996 -1860.0000000000
1022 -1859.0000000000
1032 -1858.0000000000
1043 -1857.0000000000
1049 -1856.0000000000
1058 -1854.0000000000
1070 -1851.0000000000
1073 -1850.0000000000
1087 -1849.0000000000
1097 -1848.0000000000
1103 -1847.0000000000
1114 -1846.0000000000
1123 -1845.0000000000
1125 -1844.0000000000
1128 -1842.0000000000
1133 -1841.0000000000
1149 -1840.0000000000
1161 -1839.0000000000
1167 -1838.0000000000
1190 -1836.0000000000
1204 -1835.0000000000
1214 -1834.0000000000
1219 -1832.0000000000
1223 -1831.0000000000
1228 -1829.0000000000
1265 -1828.0000000000
1284 -1827.0000000000
1288 -1826.0000000000
1299 -1825.0000000000
1304 -1824.0000000000
1309 -1823.0000000000
1310 -1822.0000000000
1328 -1821.0000000000
1335 -1820.0000000000
1339 -1819.0000000000
1349 -1818.0000000000
1359 -1817.0000000000
1375 -1816.0000000000
1391 -1815.0000000000
1403 -1814.0000000000
1416 -1813.0000000000
1426 -1812.0000000000
1429 -1810.0000000000
1433 -1808.0000000000
1455 -1806.0000000000
1463 -1804.0000000000
1472 -1803.0000000000
1492 -1802.0000000000
1516 -1801.0000000000
1517 -1800.0000000000
1524 -1799.0000000000
1529 -1797.0000000000
1546 -1796.0000000000
1554 -1795.0000000000
1560 -1794.0000000000
1564 -1792.0000000000
1585 -1789.0000000000
1611 -1788.0000000000
1621 -1787.0000000000
1637 -1786.0000000000
1644 -1785.0000000000
1645 -1784.0000000000
1652 -1783.0000000000
1666 -1782.0000000000
1680 -1781.0000000000
1682 -1780.0000000000
1701 -1779.0000000000
1703 -1778.0000000000
1733 -1777.0000000000
1744 -1776.0000000000
1745 -1774.0000000000
1762 -1773.0000000000
1770 -1772.0000000000
1788 -1770.0000000000
1815 -1769.0000000000
1828 -1768.0000000000
1845 -1767.0000000000
1859 -1766.0000000000
1880 -1765.0000000000
1890 -1764.0000000000
1893 -1763.0000000000
1907 -1762.0000000000
1914 -1761.0000000000
1926 -1758.0000000000
1958 -1757.0000000000
1991 -1756.0000000000
1994 -1755.0000000000
1995 -1754.0000000000
2005 -1753.0000000000
2022 -1752.0000000000
2026 -1751.0000000000
2044 -1750.0000000000
2049 -1749.0000000000
2055 -1748.0000000000
2056 -1747.0000000000
2057 -1746.0000000000
2070 -1745.0000000000
2085 -1744.0000000000
2089 -1743.0000000000
2092 -1742.0000000000
2112 -1741.0000000000
2114 -1740.0000000000
2120 -1739.0000000000
2121 -1738.0000000000
2136 -1737.0000000000
2142 -1736.0000000000
2146 -1735.0000000000
2152 -1733.0000000000
2171 -1732.0000000000
2187 -1731.0000000000
2207 -1730.0000000000
2210 -1729.0000000000
2216 -1728.0000000000
2225 -1727.0000000000
2226 -1726.0000000000
2254 -1725.0000000000
2262 -1724.0000000000
2277 -1723.0000000000
2297 -1722.0000000000
2314 -1721.0000000000
2325 -1720.0000000000
2328 -1719.0000000000
2347 -1718.0000000000
2349 -1716.0000000000
2366 -1714.0000000000
2400 -1712.0000000000
2413 -1711.0000000000
2416 -1708.0000000000
2427 -1707.0000000000
2433 -1704.0000000000
2464 -1703.0000000000
2470 -1702.0000000000
2477 -1701.0000000000
2488 -1700.0000000000
2506 -1699.0000000000
2520 -1698.0000000000
2529 -1696.0000000000
2539 -1695.0000000000
2543 -1693.0000000000
2559 -1692.0000000000
2581 -1691.0000000000
2595 -1690.0000000000
2599 -1687.0000000000
2625 -1686.0000000000
2638 -1685.0000000000
2651 -1684.0000000000
2660 -1683.0000000000
2678 -1682.0000000000
2690 -1680.0000000000
2710 -1679.0000000000
2722 -1678.0000000000
2735 -1677.0000000000
2742 -1676.0000000000
2746 -1675.0000000000
2759 -1674.0000000000
2767 -1673.0000000000
2775 -1672.0000000000
2789 -1671.0000000000
2796 -1670.0000000000
2810 -1669.0000000000
2811 -1668.0000000000
2841 -1666.0000000000
2864 -1665.0000000000
2889 -1664.0000000000
2890 -1663.0000000000
2897 -1661.0000000000
2917 -1660.0000000000
2935 -1659.0000000000
2947 -1658.0000000000
2948 -1657.0000000000
2966 -1655.0000000000
2973 -1654.0000000000
2976 -1653.0000000000
2991 -1652.0000000000
3002 -1651.0000000000
3007 -1650.0000000000
3010 -1648.0000000000
3036 -1647.0000000000
3056 -1646.0000000000
3062 -1645.0000000000
3066 -1644.0000000000
3072 -1643.0000000000
3084 -1642.0000000000
3085 -1641.0000000000
3090 -1640.0000000000
3094 -1639.0000000000
3095 -1638.0000000000
3108 -1637.0000000000
3115 -1636.0000000000
3133 -1635.0000000000
3143 -1634.0000000000
3146 -1633.0000000000
3156 -1632.0000000000
3181 -1630.0000000000
3201 -1629.0000000000
3211 -1628.0000000000
3232 -1627.0000000000
3237 -1625.0000000000
3249 -1623.0000000000
3273 -1622.0000000000
3277 -1621.0000000000
3280 -1620.0000000000
3315 -1619.0000000000
3332 -1618.0000000000
3346 -1617.0000000000
3350 -1616.0000000000
3352 -1615.0000000000
3364 -1614.0000000000
3370 -1613.0000000000
3397 -1611.0000000000
3418 -1610.0000000000
3428 -1609.0000000000
3454 -1608.0000000000
3465 -1607.0000000000
3466 -1606.0000000000
3488 -1605.0000000000
3492 -1604.0000000000
3502 -1603.0000000000
3512 -1602.0000000000
3516 -1601.0000000000
3521 -1600.0000000000
3564 -1599.0000000000
3581 -1598.0000000000
3607 -1597.0000000000
3614 -1596.0000000000
3615 -1595.0000000000
3621 -1594.0000000000
3646 -1593.0000000000
3653 -1592.0000000000
3654 -1590.0000000000
3670 -1589.0000000000
3680 -1588.0000000000
3683 -1587.0000000000
3690 -1586.0000000000
3700 -1585.0000000000
3717 -1583.0000000000
3740 -1582.0000000000
3741 -1581.0000000000
3750 -1580.0000000000
3753 -1579.0000000000
3760 -1578.0000000000
3787 -1577.0000000000
3797 -1576.0000000000
3812 -1574.0000000000
3816 -1573.0000000000
3833 -1572.0000000000
3844 -1571.0000000000
3863 -1570.0000000000
3872 -1569.0000000000
3883 -1568.0000000000
3889 -1567.0000000000
3911 -1566.0000000000
3917 -1565.0000000000
3932 -1564.0000000000
3950 -1563.0000000000
3957 -1562.0000000000
3962 -1561.0000000000
3970 -1560.0000000000
3988 -1559.0000000000
4006 -1558.0000000000
4009 -1556.0000000000
4014 -1555.0000000000
4047 -1554.0000000000
4053 -1552.0000000000
4115 -1550.0000000000
4119 -1549.0000000000
4147 -1548.0000000000
4149 -1546.0000000000
4184 -1545.0000000000
4209 -1544.0000000000
4232 -1543.0000000000
4243 -1542.0000000000
4245 -1541.0000000000
4249 -1540.0000000000
4254 -1539.0000000000
4271 -1538.0000000000
4273 -1536.0000000000
4304 -1535.0000000000
4331 -1534.0000000000
4337 -1533.0000000000
4339 -1532.0000000000
4348 -1531.0000000000
4351 -1530.0000000000
4376 -1529.0000000000
4378 -1528.0000000000
4391 -1527.0000000000
4410 -1526.0000000000
4426 -1524.0000000000
4448 -1523.0000000000
4468 -1522.0000000000
4473 -1521.0000000000
4483 -1520.0000000000
4499 -1519.0000000000
4521 -1518.0000000000
4541 -1517.0000000000
4558 -1516.0000000000
4561 -1515.0000000000
4583 -1514.0000000000
4609 -1513.0000000000
4619 -1512.0000000000
4623 -1511.0000000000
4642 -1510.0000000000
4644 -1509.0000000000
4665 -1508.0000000000
4692 -1507.0000000000
4709 -1506.0000000000
4716 -1505.0000000000
4721 -1504.0000000000
4746 -1503.0000000000
4759 -1501.0000000000
4763 -1500.0000000000
4785 -1499.0000000000
4817 -1497.0000000000
4836 -1496.0000000000
4860 -1495.0000000000
4870 -1494.0000000000
4872 -1493.0000000000
4890 -1492.0000000000
4901 -1491.0000000000
4915 -1490.0000000000
4926 -1489.0000000000
4957 -1488.0000000000
4959 -1487.0000000000
4965 -1486.0000000000
4982 -1485.0000000000
4985 -1484.0000000000
5006 -1483.0000000000
5020 -1481.0000000000
5057 -1480.0000000000
5063 -1479.0000000000
5071 -1478.0000000000
5084 -1477.0000000000
5091 -1476.0000000000
5093 -1475.0000000000
5098 -1474.0000000000
5099 -1473.0000000000
5139 -1471.0000000000
5145 -1470.0000000000
5158 -1469.0000000000
5174 -1468.0000000000
5189 -1467.0000000000
5196 -1466.0000000000
5215 -1465.0000000000
5222 -1464.0000000000
5248 -1463.0000000000
5253 -1462.0000000000
5257 -1461.0000000000
5285 -1460.0000000000
5286 -1459.0000000000
5315 -1458.0000000000
5316 -1457.0000000000
5324 -1455.0000000000
5350 -1454.0000000000
5372 -1453.0000000000
5388 -1452.0000000000
5401 -1451.0000000000
5407 -1450.0000000000
5431 -1449.0000000000
5436 -1447.0000000000
5464 -1446.0000000000
5487 -1445.0000000000
5503 -1444.0000000000
5517 -1443.0000000000
5532 -1442.0000000000
5543 -1441.0000000000
5554 -1440.0000000000
5577 -1439.0000000000
5596 -1438.0000000000
5606 -1437.0000000000
5625 -1436.0000000000
5638 -1435.0000000000
5644 -1434.0000000000
5645 -1433.0000000000
5651 -1432.0000000000
5686 -1431.0000000000
5692 -1430.0000000000
5708 -1428.0000000000
5714 -1427.0000000000
5717 -1426.0000000000
5733 -1425.0000000000
5773 -1424.0000000000
5782 -1423.0000000000
5785 -1422.0000000000
5794 -1421.0000000000
5811 -1420.0000000000
5831 -1419.0000000000
5845 -1418.0000000000
5862 -1417.0000000000
5902 -1416.0000000000
5912 -1413.0000000000
5925 -1412.0000000000
5955 -1411.0000000000
5959 -1410.0000000000
5996 -1409.0000000000
6005 -1408.0000000000
6018 -1405.0000000000
6028 -1404.0000000000
6064 -1403.0000000000
6071 -1402.0000000000
6083 -1401.0000000000
6105 -1400.0000000000
6117 -1399.0000000000
6123 -1398.0000000000
6173 -1397.0000000000
6182 -1396.0000000000
6190 -1395.0000000000
6194 -1394.0000000000
6203 -1393.0000000000
6208 -1392.0000000000
6229 -1391.0000000000
6235 -1390.0000000000
6243 -1389.0000000000
6263 -1388.0000000000
6270 -1387.0000000000
6301 -1386.0000000000
6308 -1385.0000000000
6336 -1384.0000000000
6340 -1383.0000000000
6356 -1382.0000000000
6367 -1381.0000000000
6386 -1380.0000000000
6387 -1379.0000000000
6388 -1377.0000000000
6397 -1376.0000000000
6415 -1374.0000000000
6435 -1373.0000000000
6450 -1372.0000000000
6460 -1371.0000000000
6466 -1370.0000000000
6473 -1369.0000000000
6475 -1368.0000000000
6479 -1367.0000000000
6490 -1366.0000000000
6502 -1365.0000000000
6520 -1364.0000000000
6538 -1363.0000000000
6558 -1362.0000000000
6586 -1361.0000000000
6597 -1360.0000000000
6600 -1359.0000000000
6618 -1358.0000000000
6635 -1357.0000000000
6647 -1356.0000000000
6669 -1355.0000000000
6715 -1354.0000000000
6737 -1353.0000000000
6749 -1352.0000000000
6757 -1351.0000000000
6774 -1350.0000000000
6779 -1349.0000000000
6781 -1348.0000000000
6808 -1347.0000000000
6835 -1346.0000000000
6842 -1345.0000000000
6861 -1344.0000000000
6870 -1343.0000000000
6890 -1342.0000000000
6897 -1341.0000000000
6909 -1340.0000000000
6918 -1339.0000000000
6929 -1337.0000000000
6966 -1336.0000000000
6990 -1335.0000000000
6994 -1334.0000000000
6996 -1333.0000000000
7014 -1332.0000000000
7030 -1330.0000000000
7047 -1329.0000000000
7056 -1328.0000000000
7063 -1327.0000000000
7079 -1326.0000000000
7098 -1325.0000000000
7116 -1324.0000000000
7125 -1323.0000000000
7127 -1322.0000000000
7152 -1321.0000000000
7159 -1320.0000000000
7173 -1319.0000000000
7174 -1318.0000000000
7180 -1317.0000000000
7195 -1316.0000000000
7215 -1315.0000000000
7238 -1314.0000000000
7252 -1313.0000000000
7257 -1312.0000000000
7268 -1311.0000000000
7287 -1310.0000000000
7325 -1309.0000000000
7336 -1308.0000000000
7338 -1307.0000000000
7343 -1305.0000000000
7369 -1304.0000000000
7390 -1303.0000000000
7397 -1301.0000000000
7418 -1300.0000000000
7436 -1299.0000000000
7447 -1298.0000000000
7490 -1297.0000000000
7494 -1296.0000000000
7508 -1295.0000000000
7528 -1294.0000000000
7546 -1293.0000000000
7567 -1292.0000000000
7576 -1291.0000000000
7582 -1290.0000000000
7600 -1289.0000000000
7613 -1288.0000000000
7636 -1287.0000000000
7651 -1285.0000000000
7683 -1284.0000000000
7692 -1283.0000000000
7703 -1282.0000000000
7747 -1281.0000000000
7766 -1280.0000000000
7769 -1279.0000000000
7780 -1278.0000000000
7790 -1277.0000000000
7800 -1276.0000000000
7803 -1275.0000000000
7822 -1273.0000000000
7840 -1272.0000000000
7856 -1271.0000000000
7858 -1269.0000000000
7884 -1268.0000000000
7889 -1267.0000000000
7890 -1266.0000000000
7903 -1265.0000000000
7912 -1264.0000000000
7933 -1263.0000000000
7939 -1262.0000000000
7949 -1261.0000000000
7967 -1260.0000000000
7974 -1259.0000000000
7975 -1258.0000000000
7979 -1257.0000000000
8018 -1256.0000000000
8022 -1255.0000000000
8036 -1253.0000000000
8042 -1252.0000000000
8046 -1251.0000000000
8069 -1250.0000000000
8083 -1249.0000000000
8094 -1248.0000000000
8119 -1247.0000000000
8147 -1246.0000000000
8158 -1244.0000000000
8181 -1243.0000000000
8185 -1242.0000000000
8202 -1240.0000000000
8207 -1239.0000000000
8220 -1238.0000000000
8247 -1237.0000000000
8253 -1236.0000000000
8254 -1235.0000000000
8265 -1234.0000000000
8287 -1233.0000000000
8296 -1232.0000000000
8300 -1231.0000000000
8308 -1230.0000000000
8318 -1229.0000000000
8332 -1228.0000000000
8367 -1227.0000000000
8369 -1226.0000000000
8400 -1225.0000000000
8410 -1224.0000000000
8430 -1223.0000000000
8450 -1222.0000000000
8467 -1221.0000000000
8501 -1220.0000000000
8510 -1219.0000000000
8538 -1218.0000000000
8552 -1217.0000000000
8560 -1216.0000000000
8576 -1215.0000000000
8634 -1214.0000000000
8647 -1213.0000000000
8664 -1212.0000000000
8683 -1210.0000000000
8696 -1208.0000000000
8738 -1207.0000000000
8762 -1206.0000000000
8766 -1204.0000000000
8772 -1203.0000000000
8780 -1201.0000000000
8815 -1200.0000000000
8845 -1199.0000000000
8872 -1198.0000000000
8902 -1197.0000000000
8926 -1196.0000000000
8935 -1195.0000000000
8947 -1193.0000000000
8978 -1192.0000000000
8987 -1191.0000000000
9004 -1190.0000000000
9013 -1189.0000000000
9035 -1188.0000000000
9060 -1187.0000000000
9086 -1186.0000000000
9089 -1184.0000000000
9113 -1183.0000000000
9128 -1182.0000000000
9138 -1181.0000000000
9148 -1180.0000000000
9182 -1178.0000000000
9211 -1177.0000000000
9217 -1176.0000000000
9221 -1175.0000000000
9242 -1174.0000000000
9243 -1173.0000000000
9255 -1172.0000000000
9261 -1171.0000000000
9291 -1170.0000000000
9297 -1169.0000000000
9302 -1168.0000000000
9321 -1167.0000000000
9354 -1166.0000000000
9376 -1165.0000000000
9383 -1164.0000000000
9409 -1163.0000000000
9432 -1162.0000000000
9449 -1161.0000000000
9467 -1160.0000000000
9496 -1159.0000000000
9505 -1158.0000000000
9511 -1157.0000000000
9529 -1156.0000000000
9565 -1154.0000000000
9576 -1153.0000000000
9601 -1152.0000000000
9602 -1151.0000000000
9636 -1150.0000000000
9643 -1149.0000000000
9653 -1148.0000000000
9679 -1147.0000000000
9695 -1146.0000000000
9712 -1145.0000000000
9740 -1144.0000000000
9784 -1143.0000000000
9794 -1142.0000000000
9815 -1141.0000000000
9831 -1140.0000000000
9871 -1139.0000000000
9882 -1138.0000000000
9892 -1137.0000000000
9908 -1136.0000000000
9944 -1135.0000000000
9948 -1134.0000000000
9960 -1133.0000000000
9971 -1132.0000000000
9985 -1131.0000000000
10000 -1133.0000000000
evaluations raw_y
1 -2020.0000000000
2 -1984.0000000000
3 -1974.0000000000
5 -1964.0000000000
15 -1933.0000000000
76 -1932.0000000000
81 -1931.0000000000
83 -1930.0000000000
93 -1929.0000000000
121 -1928.0000000000
150 -1927.0000000000
163 -1926.0000000000
175 -1925.0000000000
179 -1924.0000000000
201 -1923.0000000000
203 -1921.0000000000
229 -1920.0000000000
252 -1919.0000000000
279 -1918.0000000000
303 -1917.0000000000
321 -1915.0000000000
376 -1914.0000000000
397 -1911.0000000000
453 -1910.0000000000
456 -1909.0000000000
467 -1908.0000000000
474 -1907.0000000000
500 -1906.0000000000
521 -1905.0000000000
549 -1904.0000000000
563 -1903.0000000000
570 -1902.0000000000
592 -1901.0000000000
616 -1900.0000000000
663 -1899.0000000000
670 -1898.0000000000
675 -1896.0000000000
734 -1895.0000000000
757 -1893.0000000000
766 -1892.0000000000
787 -1891.0000000000
795 -1890.0000000000
815 -1889.0000000000
830 -1888.0000000000
840 -1886.0000000000
889 -1885.0000000000
900 -1884.0000000000
919 -1883.0000000000
925 -1882.0000000000
930 -1881.0000000000
934 -1879.0000000000
935 -1878.0000000000
954 -1876.0000000000
1009 -1875.0000000000
1038 -1874.0000000000
1056 -1873.0000000000
1063 -1872.0000000000
1091 -1870.0000000000
1131 -1869.0000000000
1170 -1868.0000000000
1175 -1867.0000000000
1193 -1866.0000000000
1204 -1863.0000000000
1209 -1862.0000000000
1221 -1861.0000000000
1261 -1860.0000000000
1276 -1859.0000000000
1295 -1858.0000000000
1308 -1857.0000000000
1324 -1856.0000000000
1329 -1855.0000000000
1342 -1853.0000000000
1417 -1852.0000000000
1423 -1851.0000000000
1446 -1850.0000000000
1451 -1848.0000000000
1492 -1846.0000000000
1507 -1845.0000000000
1512 -1844.0000000000
1562 -1843.0000000000
1569 -1842.0000000000
1589 -1841.0000000000
1603 -1840.0000000000
1624 -1839.0000000000
1626 -1837.0000000000
1635 -1836.0000000000
1693 -1835.0000000000
1700 -1834.0000000000
1707 -1833.0000000000
1708 -1832.0000000000
1764 -1831.0000000000
1779 -1829.0000000000
1785 -1828.0000000000
1818 -1827.0000000000
1840 -1826.0000000000
1849 -1825.0000000000
1853 -1824.0000000000
1864 -1823.0000000000
1884 -1820.0000000000
1896 -1818.0000000000
1954 -1817.0000000000
1960 -1816.0000000000
1972 -1815.0000000000
1988 -1814.0000000000
1996 -1813.0000000000
2013 -1812.0000000000
2024 -1811.0000000000
2044 -1810.0000000000
2061 -1808.0000000000
2069 -1807.0000000000
2116 -1806.0000000000
2126 -1805.0000000000
2155 -1804.0000000000
2171 -1803.0000000000
2188 -1802.0000000000
2224 -1801.0000000000
2247 -1800.0000000000
2257 -1799.0000000000
2289 -1798.0000000000
2299 -1797.0000000000
2305 -1796.0000000000
2346 -1795.0000000000
2350 -1794.0000000000
2369 -1793.0000000000
2389 -1792.0000000000
2409 -1791.0000000000
2417 -1790.0000000000
2429 -1789.0000000000
2452 -1788.0000000000
2453 -1787.0000000000
2456 -1785.0000000000
2505 -1783.0000000000
2516 -1782.0000000000
2522 -1781.0000000000
2539 -1780.0000000000
2572 -1779.0000000000
2579 -1778.0000000000
2600 -1777.0000000000
2638 -1776.0000000000
2677 -1774.0000000000
2704 -1773.0000000000
2716 -1772.0000000000
2718 -1771.0000000000
2753 -1770.0000000000
2764 -1769.0000000000
2792 -1768.0000000000
2803 -1766.0000000000
2813 -1764.0000000000
2839 -1763.0000000000
2849 -1762.0000000000
2876 -1761.0000000000
2895 -1760.0000000000
2902 -1759.0000000000
2907 -1758.0000000000
2918 -1756.0000000000
2960 -1755.0000000000
2969 -1754.0000000000
2983 -1753.0000000000
3013 -1752.0000000000
3034 -1751.0000000000
3067 -1750.0000000000
3074 -1749.0000000000
3091 -1748.0000000000
3103 -1747.0000000000
3104 -1746.0000000000
3109 -1744.0000000000
3129 -1743.0000000000
3141 -1741.0000000000
3144 -1740.0000000000
3166 -1739.0000000000
3171 -1738.0000000000
3177 -1737.0000000000
3186 -1736.0000000000
3205 -1734.0000000000
3248 -1733.0000000000
3263 -1732.0000000000
3279 -1731.0000000000
3291 -1730.0000000000
3308 -1729.0000000000
3323 -1728.0000000000
3341 -1727.0000000000
3367 -1726.0000000000
3382 -1725.0000000000
3411 -1724.0000000000
3433 -1723.0000000000
3468 -1721.0000000000
3503 -1720.0000000000
3516 -1719.0000000000
3546 -1718.0000000000
3562 -1716.0000000000
3567 -1715.0000000000
3579 -1714.0000000000
3588 -1712.0000000000
3613 -1711.0000000000
3631 -1710.0000000000
3658 -1709.0000000000
3677 -1708.0000000000
3689 -1707.0000000000
3700 -1706.0000000000
3722 -1705.0000000000
3727 -1704.0000000000
3753 -1703.0000000000
3761 -1701.0000000000
3785 -1700.0000000000
3790 -1699.0000000000
3826 -1697.0000000000
3877 -1696.0000000000
3905 -1695.0000000000
3911 -1694.0000000000
3926 -1693.0000000000
3952 -1692.0000000000
3970 -1690.0000000000
3997 -1689.0000000000
4028 -1688.0000000000
4043 -1687.0000000000
4050 -1685.0000000000
4091 -1684.0000000000
4096 -1683.0000000000
4110 -1682.0000000000
4131 -1680.0000000000
4133 -1679.0000000000
4168 -1678.0000000000
4196 -1676.0000000000
4218 -1675.0000000000
4255 -1674.0000000000
4271 -1673.0000000000
4292 -1671.0000000000
4321 -1670.0000000000
4330 -1669.0000000000
4346 -1668.0000000000
4365 -1667.0000000000
4383 -1666.0000000000
4410 -1665.0000000000
4421 -1664.0000000000
4423 -1663.0000000000
4437 -1662.0000000000
4463 -1661.0000000000
4523 -1660.0000000000
4537 -1659.0000000000
4577 -1658.0000000000
4578 -1657.0000000000
4600 -1656.0000000000
4659 -1654.0000000000
4668 -1653.0000000000
4670 -1652.0000000000
4709 -1651.0000000000
4726 -1650.0000000000
4751 -1649.0000000000
4769 -1648.0000000000
4785 -1647.0000000000
4825 -1646.0000000000
4849 -1645.0000000000
4857 -1644.0000000000
4873 -1643.0000000000
4908 -1642.0000000000
4925 -1641.0000000000
4972 -1640.0000000000
4985 -1639.0000000000
5007 -1638.0000000000
5022 -1637.0000000000
5047 -1635.0000000000
5059 -1634.0000000000
5068 -1633.0000000000
5100 -1631.0000000000
5125 -1630.0000000000
5146 -1629.0000000000
5151 -1628.0000000000
5160 -1627.0000000000
5202 -1626.0000000000
5222 -1625.0000000000
5232 -1624.0000000000
5282 -1623.0000000000
5302 -1622.0000000000
5306 -1621.0000000000
5329 -1620.0000000000
5351 -1619.0000000000
5405 -1618.0000000000
5406 -1617.0000000000
5420 -1616.0000000000
5421 -1613.0000000000
5485 -1612.0000000000
5522 -1611.0000000000
5524 -1610.0000000000
5569 -1609.0000000000
5585 -1608.0000000000
5598 -1607.0000000000
5602 -1605.0000000000
5641 -1604.0000000000
5649 -1603.0000000000
5653 -1602.0000000000
5688 -1601.0000000000
5703 -1600.0000000000
5725 -1599.0000000000
5770 -1598.0000000000
5776 -1597.0000000000
5793 -1596.0000000000
5826 -1595.0000000000
5833 -1594.0000000000
5835 -1592.0000000000
5889 -1590.0000000000
5927 -1589.0000000000
5940 -1588.0000000000
5946 -1587.0000000000
5965 -1586.0000000000
5981 -1585.0000000000
6025 -1584.0000000000
6044 -1583.0000000000
6078 -1582.0000000000
6094 -1581.0000000000
6117 -1579.0000000000
6166 -1578.0000000000
6185 -1577.0000000000
6190 -1576.0000000000
6231 -1575.0000000000
6244 -1574.0000000000
6247 -1573.0000000000
6266 -1572.0000000000
6273 -1571.0000000000
6286 -1568.0000000000
6324 -1567.0000000000
6331 -1566.0000000000
6339 -1565.0000000000
6367 -1564.0000000000
6371 -1563.0000000000
6398 -1562.0000000000
6408 -1561.0000000000
6411 -1560.0000000000
6429 -1559.0000000000
6473 -1558.0000000000
6475 -1557.0000000000
6505 -1556.0000000000
6525 -1555.0000000000
6551 -1554.0000000000
6579 -1553.0000000000
6610 -1552.0000000000
6632 -1551.0000000000
6650 -1550.0000000000
6695 -1549.0000000000
6706 -1548.0000000000
6717 -1547.0000000000
6749 -1546.0000000000
6767 -1545.0000000000
6808 -1544.0000000000
6842 -1543.0000000000
6855 -1542.0000000000
6872 -1541.0000000000
6897 -1540.0000000000
6925 -1539.0000000000
6954 -1538.0000000000
6973 -1537.0000000000
6988 -1536.0000000000
7036 -1535.0000000000
7047 -1534.0000000000
7086 -1533.0000000000
7089 -1532.0000000000
7140 -1531.0000000000
7168 -1530.0000000000
7189 -1529.0000000000
7192 -1528.0000000000
7222 -1527.0000000000
7246 -1526.0000000000
7270 -1525.0000000000
7303 -1524.0000000000
7330 -1523.0000000000
7348 -1522.0000000000
7375 -1521.0000000000
7412 -1519.0000000000
7424 -1518.0000000000
7439 -1517.0000000000
7442 -1516.0000000000
7455 -1515.0000000000
7470 -1514.0000000000
7499 -1513.0000000000
7529 -1512.0000000000
7544 -1511.0000000000
7568 -1509.0000000000
7572 -1508.0000000000
7620 -1507.0000000000
7632 -1506.0000000000
7665 -1505.0000000000
7678 -1503.0000000000
7705 -1500.0000000000
7732 -1499.0000000000
7734 -1497.0000000000
7780 -1496.0000000000
7825 -1495.0000000000
7835 -1494.0000000000
7866 -1493.0000000000
7880 -1492.0000000000
7887 -1491.0000000000
7945 -1490.0000000000
7959 -1489.0000000000
7977 -1488.0000000000
8019 -1487.0000000000
8025 -1486.0000000000
8062 -1483.0000000000
8118 -1482.0000000000
8129 -1481.0000000000
8152 -1480.0000000000
8161 -1479.0000000000
8187 -1476.0000000000
8243 -1475.0000000000
8274 -1474.0000000000
8277 -1473.0000000000
8310 -1472.0000000000
8314 -1470.0000000000
8333 -1469.0000000000
8346 -1468.0000000000
8365 -1466.0000000000
8387 -1465.0000000000
8393 -1464.0000000000
8425 -1463.0000000000
8466 -1462.0000000000
8497 -1461.0000000000
8536 -1460.0000000000
8537 -1459.0000000000
8567 -1458.0000000000
8570 -1457.0000000000
8624 -1456.0000000000
8639 -1455.0000000000
8645 -1454.0000000000
8706 -1453.0000000000
8710 -1452.0000000000
8718 -1451.0000000000
8742 -1450.0000000000
8762 -1449.0000000000
8793 -1448.0000000000
8800 -1447.0000000000
8830 -1446.0000000000
8851 -1444.0000000000
8896 -1443.0000000000
8915 -1442.0000000000
8972 -1441.0000000000
8983 -1440.0000000000
9003 -1439.0000000000
9013 -1438.0000000000
9082 -1437.0000000000
9098 -1435.0000000000
9106 -1434.0000000000
9117 -1433.0000000000
9130 -1431.0000000000
9189 -1430.0000000000
9211 -1429.0000000000
9251 -1428.0000000000
9273 -1427.0000000000
9292 -1426.0000000000
9312 -1425.0000000000
9318 -1424.0000000000
9349 -1423.0000000000
9364 -1422.0000000000
9372 -1421.0000000000
9398 -1420.0000000000
9447 -1418.0000000000
9493 -1417.0000000000
9509 -1416.0000000000
9557 -1414.0000000000
9569 -1411.0000000000
9575 -1410.0000000000
9579 -1409.0000000000
9655 -1408.0000000000
9669 -1407.0000000000
9720 -1406.0000000000
9738 -1405.0000000000
9765 -1404.0000000000
9779 -1403.0000000000
9811 -1402.0000000000
9822 -1401.0000000000
9836 -1399.0000000000
9909 -1398.0000000000
9923 -1397.0000000000
9925 -1396.0000000000
9950 -1395.0000000000
9966 -1394.0000000000
9998 -1393.0000000000
10000 -1395.0000000000
evaluations raw_y
1 -1966.0000000000
17 -1950.0000000000
131 -1949.0000000000
136 -1948.0000000000
143 -1947.0000000000
152 -1945.0000000000
173 -1944.0000000000
185 -1943.0000000000
215 -1942.0000000000
224 -1941.0000000000
246 -1940.0000000000
249 -1939.0000000000
256 -1937.0000000000
301 -1936.0000000000
304 -1935.0000000000
323 -1934.0000000000
332 -1933.0000000000
335 -1932.0000000000
365 -1931.0000000000
378 -1930.0000000000
388 -1929.0000000000
423 -1928.0000000000
426 -1927.0000000000
451 -1926.0000000000
463 -1925.0000000000
476 -1924.0000000000
484 -1923.0000000000
501 -1922.0000000000
516 -1921.0000000000
521 -1920.0000000000
531 -1919.0000000000
543 -1918.0000000000
560 -1917.0000000000
564 -1916.0000000000
577 -1915.0000000000
604 -1914.0000000000
626 -1913.0000000000
645 -1912.0000000000
655 -1911.0000000000
666 -1908.0000000000
673 -1907.0000000000
698 -1906.0000000000
711 -1905.0000000000
723 -1904.0000000000
746 -1903.0000000000
754 -1902.0000000000
760 -1900.0000000000
794 -1899.0000000000
805 -1898.0000000000
820 -1897.0000000000
831 -1896.0000000000
864 -1895.0000000000
881 -1894.0000000000
896 -1893.0000000000
919 -1892.0000000000
933 -1890.0000000000
949 -1889.0000000000
951 -1888.0000000000
988 -1887.0000000000
992 -1886.0000000000
999 -1885.0000000000
1014 -1884.0000000000
1036 -1883.0000000000
1058 -1882.0000000000
1059 -1881.0000000000
1068 -1880.0000000000
1092 -1879.0000000000
1101 -1878.0000000000
1110 -1877.0000000000
1132 -1876.0000000000
1134 -1875.0000000000
1170 -1874.0000000000
1174 -1873.0000000000
1199 -1872.0000000000
1203 -1871.0000000000
1209 -1870.0000000000
1215 -1869.0000000000
1226 -1868.0000000000
1258 -1867.0000000000
1270 -1866.0000000000
1288 -1865.0000000000
1298 -1864.0000000000
1341 -1863.0000000000
1365 -1862.0000000000
1369 -1861.0000000000
1373 -1860.0000000000
1385 -1858.0000000000
1425 -1857.0000000000
1435 -1856.0000000000
1442 -1855.0000000000
1445 -1854.0000000000
1462 -1853.0000000000
1503 -1852.0000000000
1517 -1851.0000000000
1523 -1850.0000000000
1547 -1849.0000000000
1558 -1847.0000000000
1595 -1845.0000000000
1652 -1844.0000000000
1661 -1843.0000000000
1677 -1842.0000000000
1696 -1841.0000000000
1714 -1840.0000000000
1735 -1839.0000000000
1745 -1838.0000000000
1756 -1836.0000000000
1792 -1835.0000000000
1807 -1834.0000000000
1819 -1833.0000000000
1852 -1832.0000000000
1875 -1831.0000000000
1899 -1828.0000000000
1908 -1826.0000000000
1918 -1824.0000000000
1928 -1823.0000000000
1984 -1822.0000000000
1986 -1821.0000000000
1992 -1820.0000000000
2012 -1819.0000000000
2032 -1818.0000000000
2049 -1817.0000000000
2058 -1816.0000000000
2091 -1815.0000000000
2098 -1814.0000000000
2128 -1812.0000000000
2138 -1811.0000000000
2158 -1810.0000000000
2173 -1809.0000000000
2211 -1806.0000000000
2261 -1805.0000000000
2274 -1804.0000000000
2301 -1803.0000000000
2312 -1802.0000000000
2328 -1801.0000000000
2344 -1800.0000000000
2362 -1799.0000000000
2373 -1798.0000000000
2416 -1795.0000000000
2435 -1794.0000000000
2492 -1793.0000000000
2494 -1792.0000000000
2521 -1791.0000000000
2531 -1790.0000000000
2555 -1789.0000000000
2577 -1788.0000000000
2583 -1787.0000000000
2590 -1786.0000000000
2612 -1784.0000000000
2653 -1782.0000000000
2673 -1781.0000000000
2692 -1780.0000000000
2700 -1779.0000000000
2720 -1778.0000000000
2731 -1777.0000000000
2744 -1776.0000000000
2777 -1775.0000000000
2789 -1774.0000000000
2795 -1773.0000000000
2815 -1772.0000000000
2823 -1771.0000000000
2830 -1770.0000000000
2879 -1769.0000000000
2896 -1767.0000000000
2923 -1766.0000000000
2938 -1765.0000000000
2960 -1764.0000000000
2972 -1763.0000000000
2996 -1761.0000000000
3012 -1760.0000000000
3046 -1759.0000000000
3073 -1758.0000000000
3084 -1756.0000000000
3116 -1754.0000000000
3135 -1753.0000000000
3140 -1752.0000000000
3156 -1751.0000000000
3206 -1750.0000000000
3222 -1748.0000000000
3247 -1747.0000000000
3252 -1745.0000000000
3295 -1744.0000000000
3299 -1743.0000000000
3303 -1742.0000000000
3307 -1741.0000000000
3326 -1740.0000000000
3341 -1739.0000000000
3360 -1738.0000000000
3367 -1737.0000000000
3403 -1735.0000000000
3410 -1734.0000000000
3437 -1733.0000000000
3470 -1732.0000000000
3473 -1731.0000000000
3492 -1730.0000000000
3502 -1729.0000000000
3560 -1728.0000000000
3565 -1727.0000000000
3577 -1725.0000000000
3597 -1724.0000000000
3609 -1723.0000000000
3620 -1722.0000000000
3643 -1721.0000000000
3646 -1720.0000000000
3656 -1719.0000000000
3680 -1718.0000000000
3699 -1717.0000000000
3711 -1716.0000000000
3734 -1715.0000000000
3747 -1714.0000000000
3771 -1713.0000000000
3784 -1712.0000000000
3799 -1711.0000000000
3820 -1710.0000000000
3846 -1709.0000000000
3855 -1708.0000000000
3863 -1707.0000000000
3883 -1706.0000000000
3914 -1705.0000000000
3921 -1704.0000000000
3934 -1703.0000000000
3974 -1702.0000000000
3976 -1701.0000000000
4008 -1699.0000000000
4031 -1698.0000000000
4064 -1697.0000000000
4075 -1696.0000000000
4100 -1694.0000000000
4150 -1693.0000000000
4170 -1692.0000000000
4173 -1691.0000000000
4199 -1688.0000000000
4236 -1687.0000000000
4252 -1685.0000000000
4276 -1684.0000000000
4319 -1683.0000000000
4333 -1682.0000000000
4343 -1681.0000000000
4353 -1680.0000000000
4366 -1679.0000000000
4387 -1676.0000000000
4400 -1675.0000000000
4428 -1674.0000000000
4465 -1673.0000000000
4507 -1672.0000000000
4515 -1671.0000000000
4533 -1670.0000000000
4548 -1669.0000000000
4562 -1668.0000000000
4575 -1667.0000000000
4593 -1666.0000000000
4608 -1665.0000000000
4611 -1663.0000000000
4628 -1662.0000000000
4645 -1661.0000000000
4677 -1660.0000000000
4697 -1659.0000000000
4698 -1658.0000000000
4737 -1655.0000000000
4766 -1654.0000000000
4808 -1653.0000000000
4810 -1652.0000000000
4815 -1651.0000000000
4833 -1650.0000000000
4867 -1649.0000000000
4880 -1648.0000000000
4895 -1647.0000000000
4936 -1646.0000000000
4950 -1645.0000000000
4963 -1644.0000000000
4983 -1643.0000000000
5007 -1642.0000000000
5008 -1641.0000000000
5042 -1640.0000000000
5075 -1638.0000000000
5117 -1637.0000000000
5120 -1636.0000000000
5160 -1635.0000000000
5180 -1634.0000000000
5224 -1633.0000000000
5245 -1632.0000000000
5267 -1631.0000000000
5296 -1630.0000000000
5299 -1629.0000000000
5307 -1627.0000000000
5333 -1626.0000000000
5347 -1625.0000000000
5387 -1624.0000000000
5412 -1623.0000000000
5420 -1622.0000000000
5453 -1621.0000000000
5454 -1620.0000000000
5487 -1618.0000000000
5488 -1617.0000000000
5492 -1616.0000000000
5495 -1615.0000000000
5502 -1614.0000000000
5551 -1613.0000000000
5557 -1612.0000000000
5566 -1611.0000000000
5607 -1610.0000000000
5618 -1609.0000000000
5651 -1608.0000000000
5673 -1607.0000000000
5677 -1606.0000000000
5678 -1605.0000000000
5712 -1604.0000000000
5727 -1603.0000000000
5767 -1601.0000000000
5797 -1600.0000000000
5824 -1599.0000000000
5841 -1598.0000000000
5884 -1597.0000000000
5899 -1595.0000000000
5913 -1594.0000000000
5938 -1593.0000000000
5950 -1591.0000000000
5967 -1590.0000000000
6004 -1587.0000000000
6033 -1586.0000000000
6041 -1585.0000000000
6060 -1584.0000000000
6076 -1583.0000000000
6091 -1581.0000000000
6125 -1579.0000000000
6130 -1578.0000000000
6190 -1577.0000000000
6206 -1576.0000000000
6239 -1575.0000000000
6263 -1574.0000000000
6264 -1573.0000000000
6293 -1572.0000000000
6324 -1571.0000000000
6365 -1570.0000000000
6385 -1569.0000000000
6388 -1568.0000000000
6394 -1566.0000000000
6412 -1565.0000000000
6457 -1564.0000000000
6495 -1563.0000000000
6497 -1562.0000000000
6511 -1560.0000000000
6528 -1559.0000000000
6533 -1557.0000000000
6587 -1556.0000000000
6624 -1555.0000000000
6653 -1554.0000000000
6682 -1553.0000000000
6686 -1551.0000000000
6761 -1550.0000000000
6780 -1549.0000000000
6793 -1548.0000000000
6829 -1547.0000000000
6851 -1545.0000000000
6887 -1544.0000000000
6903 -1543.0000000000
6926 -1542.0000000000
6957 -1540.0000000000
6993 -1539.0000000000
7017 -1538.0000000000
7053 -1537.0000000000
7068 -1536.0000000000
7070 -1535.0000000000
7100 -1534.0000000000
7126 -1533.0000000000
7153 -1532.0000000000
7179 -1531.0000000000
7208 -1530.0000000000
7244 -1528.0000000000
7273 -1527.0000000000
7287 -1526.0000000000
7290 -1525.0000000000
7296 -1524.0000000000
7341 -1523.0000000000
7378 -1521.0000000000
7394 -1520.0000000000
7439 -1519.0000000000
7449 -1518.0000000000
7515 -1517.0000000000
7562 -1516.0000000000
7570 -1515.0000000000
7606 -1514.0000000000
7616 -1513.0000000000
7623 -1512.0000000000
7638 -1511.0000000000
7666 -1508.0000000000
7701 -1507.0000000000
7711 -1506.0000000000
7751 -1505.0000000000
7774 -1504.0000000000
7781 -1503.0000000000
7804 -1502.0000000000
7812 -1501.0000000000
7858 -1500.0000000000
7876 -1499.0000000000
7891 -1498.0000000000
7912 -1497.0000000000
7931 -1496.0000000000
7949 -1495.0000000000
7978 -1494.0000000000
8026 -1493.0000000000
8062 -1492.0000000000
8094 -1491.0000000000
8122 -1490.0000000000
8135 -1489.0000000000
8157 -1488.0000000000
8170 -1485.0000000000
8220 -1484.0000000000
8251 -1483.0000000000
8286 -1482.0000000000
8304 -1481.0000000000
8342 -1480.0000000000
8350 -1479.0000000000
8351 -1477.0000000000
8370 -1476.0000000000
8398 -1475.0000000000
8424 -1474.0000000000
8445 -1473.0000000000
8446 -1472.0000000000
8472 -1471.0000000000
8496 -1470.0000000000
8518 -1469.0000000000
8526 -1468.0000000000
8532 -1467.0000000000
8545 -1465.0000000000
8587 -1464.0000000000
8621 -1463.0000000000
8672 -1462.0000000000
8679 -1461.0000000000
8704 -1460.0000000000
8711 -1459.0000000000
8735 -1457.0000000000
8741 -1456.0000000000
8765 -1455.0000000000
8801 -1454.0000000000
8817 -1453.0000000000
8867 -1452.0000000000
8877 -1451.0000000000
8882 -1450.0000000000
8897 -1449.0000000000
8932 -1447.0000000000
8989 -1446.0000000000
9012 -1445.0000000000
9014 -1444.0000000000
9032 -1442.0000000000
9043 -1441.0000000000
9063 -1440.0000000000
9108 -1439.0000000000
9115 -1438.0000000000
9126 -1437.0000000000
9136 -1436.0000000000
9160 -1435.0000000000
9170 -1433.0000000000
9232 -1430.0000000000
9266 -1429.0000000000
9306 -1428.0000000000
9322 -1427.0000000000
9329 -1425.0000000000
9353 -1424.0000000000
9367 -1423.0000000000
9409 -1422.0000000000
9446 -1420.0000000000
9469 -1417.0000000000
9499 -1416.0000000000
9546 -1415.0000000000
9569 -1413.0000000000
9612 -1411.0000000000
9640 -1410.0000000000
9643 -1408.0000000000
9660 -1407.0000000000
9675 -1406.0000000000
9677 -1405.0000000000
9698 -1404.0000000000
9723 -1403.0000000000
9726 -1402.0000000000
9790 -1401.0000000000
9812 -1400.0000000000
9829 -1399.0000000000
9844 -1398.0000000000
9853 -1397.0000000000
9875 -1396.0000000000
9887 -1395.0000000000
9912 -1394.0000000000
9969 -1393.0000000000
10000 -1393.0000000000
evaluations raw_y
1 -1992.0000000000
2 -1987.0000000000
5 -1948.0000000000
31 -1947.0000000000
66 -1946.0000000000
69 -1945.0000000000
76 -1944.0000000000
88 -1943.0000000000
122 -1942.0000000000
129 -1941.0000000000
147 -1940.0000000000
177 -1939.0000000000
193 -1938.0000000000
207 -1937.0000000000
226 -1936.0000000000
239 -1935.0000000000
269 -1934.0000000000
283 -1933.0000000000
299 -1932.0000000000
328 -1931.0000000000
338 -1930.0000000000
354 -1929.0000000000
355 -1928.0000000000
383 -1927.0000000000
404 -1926.0000000000
410 -1925.0000000000
426 -1924.0000000000
462 -1923.0000000000
470 -1922.0000000000
471 -1921.0000000000
489 -1920.0000000000
544 -1919.0000000000
549 -1918.0000000000
559 -1915.0000000000
578 -1913.0000000000
626 -1912.0000000000
651 -1911.0000000000
688 -1910.0000000000
694 -1909.0000000000
706 -1908.0000000000
729 -1907.0000000000
736 -1906.0000000000
761 -1905.0000000000
791 -1904.0000000000
813 -1903.0000000000
816 -1902.0000000000
825 -1901.0000000000
835 -1900.0000000000
848 -1899.0000000000
886 -1898.0000000000
921 -1897.0000000000
926 -1896.0000000000
950 -1895.0000000000
959 -1893.0000000000
970 -1892.0000000000
977 -1890.0000000000
987 -1889.0000000000
994 -1888.0000000000
998 -1887.0000000000
1051 -1886.0000000000
1067 -1885.0000000000
1069 -1884.0000000000
1082 -1883.0000000000
1106 -1882.0000000000
1112 -1881.0000000000
1123 -1880.0000000000
1151 -1879.0000000000
1172 -1878.0000000000
1174 -1876.0000000000
1193 -1875.0000000000
1214 -1874.0000000000
1227 -1873.0000000000
1246 -1872.0000000000
1247 -1871.0000000000
1263 -1869.0000000000
1272 -1868.0000000000
1273 -1864.0000000000
1320 -1863.0000000000
1335 -1861.0000000000
1344 -1860.0000000000
1388 -1859.0000000000
1389 -1858.0000000000
1411 -1857.0000000000
1416 -1855.0000000000
1421 -1854.0000000000
1439 -1853.0000000000
1474 -1852.0000000000
1519 -1851.0000000000
1531 -1850.0000000000
1568 -1847.0000000000
1582 -1844.0000000000
1599 -1843.0000000000
1600 -1842.0000000000
1634 -1841.0000000000
1641 -1840.0000000000
1644 -1839.0000000000
1652 -1838.0000000000
1694 -1837.0000000000
1717 -1836.0000000000
1724 -1835.0000000000
1769 -1834.0000000000
1776 -1833.0000000000
1797 -1831.0000000000
1839 -1830.0000000000
1853 -1829.0000000000
1875 -1828.0000000000
1895 -1826.0000000000
1917 -1825.0000000000
1933 -1824.0000000000
1947 -1823.0000000000
1951 -1822.0000000000
1970 -1821.0000000000
1982 -1820.0000000000
2018 -1819.0000000000
2040 -1818.0000000000
2044 -1817.0000000000
2057 -1816.0000000000
2073 -1815.0000000000
2096 -1814.0000000000
2106 -1813.0000000000
2113 -1811.0000000000
2165 -1810.0000000000
2178 -1809.0000000000
2199 -1807.0000000000
2222 -1806.0000000000
2234 -1804.0000000000
2266 -1802.0000000000
2283 -1800.0000000000
2295 -1799.0000000000
2336 -1797.0000000000
2381 -1796.0000000000
2404 -1795.0000000000
2421 -1794.0000000000
2431 -1793.0000000000
2437 -1792.0000000000
2460 -1791.0000000000
2482 -1790.0000000000
2500 -1789.0000000000
2521 -1788.0000000000
2542 -1787.0000000000
2554 -1785.0000000000
2562 -1784.0000000000
2598 -1783.0000000000
2604 -1781.0000000000
2614 -1780.0000000000
2633 -1779.0000000000
2643 -1778.0000000000
2653 -1777.0000000000
2679 -1776.0000000000
2680 -1775.0000000000
2682 -1774.0000000000
2705 -1773.0000000000
2724 -1772.0000000000
2740 -1771.0000000000
2743 -1770.0000000000
2761 -1769.0000000000
2791 -1768.0000000000
2792 -1767.0000000000
2793 -1765.0000000000
2846 -1764.0000000000
2869 -1763.0000000000
2875 -1762.0000000000
2904 -1761.0000000000
2914 -1760.0000000000
2937 -1758.0000000000
2993 -1757.0000000000
3012 -1756.0000000000
3036 -1755.0000000000
3053 -1754.0000000000
3062 -1753.0000000000
3068 -1752.0000000000
3078 -1751.0000000000
3098 -1750.0000000000
3105 -1749.0000000000
3113 -1748.0000000000
3121 -1747.0000000000
3134 -1746.0000000000
3152 -1745.0000000000
3162 -1744.0000000000
3199 -1743.0000000000
3206 -1742.0000000000
3223 -1741.0000000000
3253 -1740.0000000000
3261 -1739.0000000000
3291 -1738.0000000000
3302 -1737.0000000000
3308 -1736.0000000000
3310 -1735.0000000000
3332 -1734.0000000000
3352 -1733.0000000000
3366 -1731.0000000000
3408 -1729.0000000000
3437 -1728.0000000000
3448 -1727.0000000000
3490 -1726.0000000000
3497 -1725.0000000000
3519 -1724.0000000000
3526 -1723.0000000000
3544 -1721.0000000000
3587 -1720.0000000000
3610 -1719.0000000000
3618 -1718.0000000000
3659 -1717.0000000000
3679 -1716.0000000000
3693 -1715.0000000000
3696 -1713.0000000000
3718 -1712.0000000000
3750 -1710.0000000000
3811 -1709.0000000000
3818 -1708.0000000000
3843 -1707.0000000000
3855 -1706.0000000000
3871 -1704.0000000000
3915 -1703.0000000000
3919 -1702.0000000000
3954 -1701.0000000000
3976 -1700.0000000000
3981 -1699.0000000000
3996 -1698.0000000000
4001 -1697.0000000000
4002 -1696.0000000000
4042 -1695.0000000000
4059 -1694.0000000000
4074 -1693.0000000000
4116 -1692.0000000000
4126 -1691.0000000000
4134 -1690.0000000000
4137 -1689.0000000000
4166 -1688.0000000000
4172 -1687.0000000000
4207 -1686.0000000000
4210 -1685.0000000000
4227 -1684.0000000000
4243 -1683.0000000000
4246 -1682.0000000000
4263 -1681.0000000000
4315 -1679.0000000000
4359 -1678.0000000000
4382 -1677.0000000000
4384 -1676.0000000000
4435 -1675.0000000000
4449 -1674.0000000000
4475 -1673.0000000000
4489 -1672.0000000000
4496 -1671.0000000000
4549 -1670.0000000000
4552 -1669.0000000000
4559 -1668.0000000000
4609 -1667.0000000000
4625 -1666.0000000000
4641 -1665.0000000000
4644 -1664.0000000000
4670 -1663.0000000000
4673 -1662.0000000000
4697 -1661.0000000000
4709 -1660.0000000000
4737 -1659.0000000000
4752 -1658.0000000000
4758 -1657.0000000000
4764 -1656.0000000000
4817 -1655.0000000000
4839 -1654.0000000000
4866 -1653.0000000000
4894 -1652.0000000000
4896 -1651.0000000000
4930 -1650.0000000000
4931 -1648.0000000000
4940 -1647.0000000000
4960 -1645.0000000000
5020 -1644.0000000000
5027 -1643.0000000000
5052 -1641.0000000000
5090 -1640.0000000000
5097 -1639.0000000000
5145 -1638.0000000000
5176 -1637.0000000000
5197 -1636.0000000000
5205 -1635.0000000000
5218 -1634.0000000000
5249 -1633.0000000000
5292 -1632.0000000000
5293 -1631.0000000000
5315 -1630.0000000000
5337 -1629.0000000000
5348 -1628.0000000000
5380 -1627.0000000000
5398 -1626.0000000000
5427 -1625.0000000000
5435 -1624.0000000000
5462 -1623.0000000000
5465 -1622.0000000000
5499 -1621.0000000000
5539 -1620.0000000000
5546 -1619.0000000000
5578 -1617.0000000000
5618 -1616.0000000000
5631 -1615.0000000000
5656 -1614.0000000000
5689 -1613.0000000000
5708 -1611.0000000000
5724 -1610.0000000000
5752 -1608.0000000000
5807 -1607.0000000000
5834 -1606.0000000000
5843 -1605.0000000000
5859 -1604.0000000000
5875 -1603.0000000000
5886 -1602.0000000000
5893 -1599.0000000000
5934 -1598.0000000000
5975 -1597.0000000000
5986 -1595.0000000000
6020 -1592.0000000000
6069 -1591.0000000000
6081 -1590.0000000000
6113 -1589.0000000000
6136 -1588.0000000000
6151 -1586.0000000000
6169 -1584.0000000000
6187 -1583.0000000000
6199 -1582.0000000000
6203 -1581.0000000000
6213 -1580.0000000000
6266 -1579.0000000000
6270 -1577.0000000000
6279 -1575.0000000000
6329 -1574.0000000000
6341 -1573.0000000000
6356 -1572.0000000000
6369 -1571.0000000000
6407 -1570.0000000000
6413 -1568.0000000000
6423 -1567.0000000000
6472 -1565.0000000000
6496 -1564.0000000000
6506 -1563.0000000000
6536 -1562.0000000000
6563 -1561.0000000000
6579 -1560.0000000000
6594 -1559.0000000000
6603 -1558.0000000000
6645 -1557.0000000000
6667 -1556.0000000000
6675 -1555.0000000000
6721 -1554.0000000000
6737 -1553.0000000000
6743 -1552.0000000000
6762 -1551.0000000000
6795 -1550.0000000000
6804 -1549.0000000000
6815 -1548.0000000000
6819 -1546.0000000000
6880 -1545.0000000000
6925 -1544.0000000000
6956 -1543.0000000000
6967 -1542.0000000000
6992 -1541.0000000000
7018 -1540.0000000000
7050 -1539.0000000000
7062 -1538.0000000000
7090 -1537.0000000000
7091 -1536.0000000000
7117 -1535.0000000000
7145 -1534.0000000000
7165 -1533.0000000000
7173 -1532.0000000000
7186 -1531.0000000000
7216 -1530.0000000000
7251 -1528.0000000000
7279 -1527.0000000000
7331 -1526.0000000000
7345 -1525.0000000000
7354 -1524.0000000000
7375 -1523.0000000000
7386 -1522.0000000000
7419 -1521.0000000000
7450 -1520.0000000000
7475 -1519.0000000000
7522 -1518.0000000000
7533 -1517.0000000000
7541 -1516.0000000000
7555 -1515.0000000000
7556 -1514.0000000000
7558 -1513.0000000000
7587 -1512.0000000000
7657 -1511.0000000000
7692 -1510.0000000000
7696 -1509.0000000000
7711 -1507.0000000000
7738 -1505.0000000000
7772 -1504.0000000000
7836 -1503.0000000000
7841 -1502.0000000000
7846 -1501.0000000000
7858 -1500.0000000000
7883 -1499.0000000000
7905 -1498.0000000000
7918 -1497.0000000000
7935 -1494.0000000000
7978 -1493.0000000000
7998 -1492.0000000000
8027 -1491.0000000000
8052 -1490.0000000000
8090 -1489.0000000000
8123 -1487.0000000000
8131 -1486.0000000000
8139 -1485.0000000000
8169 -1484.0000000000
8183 -1483.0000000000
8194 -1482.0000000000
8230 -1481.0000000000
8234 -1480.0000000000
8253 -1479.0000000000
8304 -1478.0000000000
8308 -1477.0000000000
8309 -1476.0000000000
8327 -1475.0000000000
8345 -1474.0000000000
8364 -1473.0000000000
8382 -1472.0000000000
8385 -1471.0000000000
8424 -1470.0000000000
8439 -1469.0000000000
8469 -1465.0000000000
8534 -1464.0000000000
8538 -1463.0000000000
8583 -1462.0000000000
8594 -1461.0000000000
8623 -1459.0000000000
8660 -1458.0000000000
8702 -1457.0000000000
8720 -1456.0000000000
8724 -1455.0000000000
8755 -1454.0000000000
8785 -1453.0000000000
8801 -1452.0000000000
8841 -1451.0000000000
8845 -1450.0000000000
8847 -1449.0000000000
8875 -1447.0000000000
8878 -1446.0000000000
8888 -1445.0000000000
8951 -1443.0000000000
9002 -1442.0000000000
9003 -1441.0000000000
9004 -1440.0000000000
9012 -1439.0000000000
9018 -1438.0000000000
9034 -1437.0000000000
9045 -1436.0000000000
9069 -1435.0000000000
9093 -1434.0000000000
9117 -1433.0000000000
9165 -1432.0000000000
9207 -1431.0000000000
9226 -1430.0000000000
9267 -1429.0000000000
9294 -1428.0000000000
9353 -1427.0000000000
9391 -1426.0000000000
9409 -1424.0000000000
9426 -1423.0000000000
9474 -1421.0000000000
9541 -1420.0000000000
9564 -1419.0000000000
9576 -1418.0000000000
9585 -1416.0000000000
9658 -1415.0000000000
9696 -1413.0000000000
9718 -1412.0000000000
9736 -1411.0000000000
9798 -1410.0000000000
9814 -1408.0000000000
9857 -1407.0000000000
9865 -1406.0000000000
9897 -1405.0000000000
9916 -1404.0000000000
9933 -1403.0000000000
9953 -1402.0000000000
9964 -1401.0000000000
9969 -1400.0000000000
9974 -1399.0000000000
10000 -1401.0000000000
evaluations raw_y
1 -2033.0000000000
2 -2001.0000000000
3 -1988.0000000000
4 -1976.0000000000
16 -1928.0000000000
34 -1927.0000000000
88 -1926.0000000000
110 -1925.0000000000
136 -1924.0000000000
141 -1923.0000000000
146 -1922.0000000000
182 -1921.0000000000
189 -1920.0000000000
192 -1919.0000000000
204 -1917.0000000000
233 -1916.0000000000
258 -1915.0000000000
259 -1914.0000000000
282 -1912.0000000000
285 -1911.0000000000
290 -1910.0000000000
310 -1909.0000000000
316 -1908.0000000000
347 -1907.0000000000
357 -1906.0000000000
368 -1905.0000000000
377 -1904.0000000000
406 -1903.0000000000
407 -1902.0000000000
412 -1901.0000000000
465 -1900.0000000000
485 -1899.0000000000
496 -1898.0000000000
499 -1896.0000000000
560 -1895.0000000000
582 -1894.0000000000
595 -1893.0000000000
652 -1892.0000000000
679 -1891.0000000000
689 -1890.0000000000
712 -1889.0000000000
721 -1887.0000000000
724 -1886.0000000000
732 -1885.0000000000
739 -1884.0000000000
776 -1883.0000000000
799 -1882.0000000000
826 -1881.0000000000
832 -1880.0000000000
850 -1879.0000000000
862 -1878.0000000000
877 -1877.0000000000
908 -1875.0000000000
915 -1874.0000000000
934 -1873.0000000000
937 -1872.0000000000
943 -1871.0000000000
972 -1869.0000000000
982 -1867.0000000000
1027 -1866.0000000000
1031 -1865.0000000000
1039 -1864.0000000000
1077 -1863.0000000000
1089 -1862.0000000000
1129 -1861.0000000000
1133 -1860.0000000000
1144 -1859.0000000000
1148 -1858.0000000000
1163 -1857.0000000000
1172 -1856.0000000000
1189 -1854.0000000000
1231 -1853.0000000000
1252 -1852.0000000000
1260 -1851.0000000000
1269 -1850.0000000000
1274 -1848.0000000000
1311 -1847.0000000000
1349 -1845.0000000000
1372 -1844.0000000000
1377 -1843.0000000000
1404 -1841.0000000000
1416 -1840.0000000000
1431 -1839.0000000000
1458 -1838.0000000000
1488 -1837.0000000000
1516 -1836.0000000000
1522 -1835.0000000000
1545 -1834.0000000000
1553 -1833.0000000000
1591 -1832.0000000000
1596 -1831.0000000000
1607 -1830.0000000000
1609 -1829.0000000000
1619 -1828.0000000000
1620 -1827.0000000000
1640 -1826.0000000000
1642 -1825.0000000000
1663 -1824.0000000000
1680 -1823.0000000000
1698 -1822.0000000000
1707 -1821.0000000000
1759 -1820.0000000000
1764 -1817.0000000000
1776 -1816.0000000000
1793 -1815.0000000000
1846 -1814.0000000000
1856 -1813.0000000000
1864 -1812.0000000000
1875 -1810.0000000000
1886 -1809.0000000000
1894 -1808.0000000000
1898 -1807.0000000000
1903 -1806.0000000000
1917 -1805.0000000000
1935 -1804.0000000000
1948 -1803.0000000000
1960 -1802.0000000000
1969 -1801.0000000000
1970 -1800.0000000000
1984 -1799.0000000000
1993 -1798.0000000000
2014 -1797.0000000000
2016 -1795.0000000000
2069 -1794.0000000000
2102 -1793.0000000000
2117 -1792.0000000000
2133 -1791.0000000000
2135 -1790.0000000000
2143 -1789.0000000000
2199 -1788.0000000000
2205 -1787.0000000000
2228 -1785.0000000000
2269 -1784.0000000000
2271 -1783.0000000000
2298 -1779.0000000000
2300 -1778.0000000000
2302 -1777.0000000000
2350 -1776.0000000000
2351 -1775.0000000000
2364 -1773.0000000000
2372 -1772.0000000000
2404 -1771.0000000000
2421 -1770.0000000000
2447 -1769.0000000000
2462 -1768.0000000000
2465 -1767.0000000000
2471 -1766.0000000000
2509 -1764.0000000000
2514 -1763.0000000000
2545 -1762.0000000000
2552 -1761.0000000000
2557 -1760.0000000000
2579 -1759.0000000000
2581 -1758.0000000000
2600 -1757.0000000000
2633 -1756.0000000000
2660 -1755.0000000000
2694 -1754.0000000000
2710 -1753.0000000000
2747 -1752.0000000000
2749 -1751.0000000000
2750 -1750.0000000000
2764 -1749.0000000000
2783 -1748.0000000000
2826 -1746.0000000000
2865 -1744.0000000000
2915 -1743.0000000000
2918 -1742.0000000000
2935 -1741.0000000000
2963 -1740.0000000000
2988 -1739.0000000000
2996 -1738.0000000000
3017 -1737.0000000000
3039 -1735.0000000000
3056 -1734.0000000000
3100 -1732.0000000000
3106 -1731.0000000000
3125 -1730.0000000000
3174 -1729.0000000000
3188 -1728.0000000000
3203 -1727.0000000000
3219 -1726.0000000000
3230 -1725.0000000000
3242 -1724.0000000000
3258 -1723.0000000000
3260 -1722.0000000000
3285 -1720.0000000000
3308 -1719.0000000000
3356 -1718.0000000000
3363 -1717.0000000000
3364 -1716.0000000000
3368 -1715.0000000000
3400 -1714.0000000000
3437 -1713.0000000000
3451 -1712.0000000000
3459 -1711.0000000000
3494 -1710.0000000000
3519 -1708.0000000000
3586 -1707.0000000000
3592 -1705.0000000000
3611 -1702.0000000000
3660 -1701.0000000000
3666 -1700.0000000000
3681 -1699.0000000000
3705 -1698.0000000000
3709 -1697.0000000000
3753 -1696.0000000000
3778 -1695.0000000000
3834 -1694.0000000000
3842 -1693.0000000000
3861 -1691.0000000000
3883 -1690.0000000000
3889 -1689.0000000000
3894 -1688.0000000000
3895 -1687.0000000000
3921 -1686.0000000000
3923 -1684.0000000000
3953 -1683.0000000000
3965 -1682.0000000000
3966 -1680.0000000000
3992 -1679.0000000000
4019 -1678.0000000000
4020 -1677.0000000000
4044 -1676.0000000000
4076 -1675.0000000000
4092 -1674.0000000000
4106 -1673.0000000000
4131 -1672.0000000000
4170 -1671.0000000000
4188 -1670.0000000000
4207 -1668.0000000000
4208 -1667.0000000000
4232 -1666.0000000000
4243 -1664.0000000000
4251 -1662.0000000000
4302 -1660.0000000000
4349 -1659.0000000000
4364 -1658.0000000000
4369 -1657.0000000000
4406 -1656.0000000000
4420 -1655.0000000000
4441 -1654.0000000000
4471 -1653.0000000000
4479 -1651.0000000000
4496 -1650.0000000000
4502 -1649.0000000000
4525 -1648.0000000000
4530 -1647.0000000000
4575 -1646.0000000000
4605 -1645.0000000000
4609 -1644.0000000000
4628 -1642.0000000000
4635 -1641.0000000000
4665 -1640.0000000000
4677 -1639.0000000000
4702 -1637.0000000000
4706 -1636.0000000000
4724 -1635.0000000000
4730 -1634.0000000000
4753 -1633.0000000000
4795 -1632.0000000000
4800 -1631.0000000000
4827 -1630.0000000000
4852 -1629.0000000000
4892 -1628.0000000000
4894 -1627.0000000000
4905 -1626.0000000000
4919 -1625.0000000000
4926 -1624.0000000000
4950 -1623.0000000000
4985 -1622.0000000000
4987 -1621.0000000000
5025 -1620.0000000000
5035 -1619.0000000000
5058 -1618.0000000000
5064 -1617.0000000000
5080 -1616.0000000000
5111 -1615.0000000000
5132 -1614.0000000000
5135 -1613.0000000000
5176 -1611.0000000000
5191 -1610.0000000000
5208 -1609.0000000000
5280 -1608.0000000000
5287 -1607.0000000000
5297 -1606.0000000000
5332 -1605.0000000000
5346 -1604.0000000000
5354 -1603.0000000000
5373 -1602.0000000000
5391 -1601.0000000000
5421 -1598.0000000000
5426 -1597.0000000000
5434 -1596.0000000000
5452 -1595.0000000000
5485 -1594.0000000000
5499 -1593.0000000000
5526 -1592.0000000000
5556 -1591.0000000000
5569 -1590.0000000000
5588 -1589.0000000000
5591 -1588.0000000000
5641 -1587.0000000000
5659 -1586.0000000000
5681 -1585.0000000000
5744 -1584.0000000000
5745 -1583.0000000000
5757 -1582.0000000000
5774 -1581.0000000000
5789 -1580.0000000000
5834 -1579.0000000000
5879 -1577.0000000000
5905 -1576.0000000000
5917 -1575.0000000000
5940 -1574.0000000000
5965 -1573.0000000000
5985 -1572.0000000000
6028 -1570.0000000000
6084 -1568.0000000000
6124 -1567.0000000000
6126 -1566.0000000000
6142 -1565.0000000000
6156 -1564.0000000000
6199 -1563.0000000000
6205 -1562.0000000000
6267 -1561.0000000000
6271 -1560.0000000000
6308 -1559.0000000000
6314 -1558.0000000000
6358 -1557.0000000000
6372 -1556.0000000000
6399 -1555.0000000000
6418 -1554.0000000000
6423 -1552.0000000000
6457 -1551.0000000000
6488 -1550.0000000000
6522 -1549.0000000000
6558 -1548.0000000000
6565 -1547.0000000000
6601 -1546.0000000000
6636 -1545.0000000000
6660 -1544.0000000000
6663 -1543.0000000000
6681 -1542.0000000000
6694 -1541.0000000000
6722 -1540.0000000000
6724 -1539.0000000000
6749 -1537.0000000000
6783 -1536.0000000000
6812 -1535.0000000000
6814 -1534.0000000000
6847 -1533.0000000000
6859 -1532.0000000000
6874 -1531.0000000000
6881 -1530.0000000000
6889 -1529.0000000000
6918 -1527.0000000000
6962 -1526.0000000000
6975 -1525.0000000000
6982 -1524.0000000000
7033 -1523.0000000000
7040 -1522.0000000000
7046 -1521.0000000000
7056 -1520.0000000000
7075 -1516.0000000000
7097 -1514.0000000000
7131 -1513.0000000000
7138 -1512.0000000000
7152 -1511.0000000000
7172 -1510.0000000000
7186 -1509.0000000000
7187 -1508.0000000000
7231 -1507.0000000000
7258 -1506.0000000000
7263 -1505.0000000000
7278 -1503.0000000000
7367 -1502.0000000000
7397 -1501.0000000000
7414 -1499.0000000000
7462 -1498.0000000000
7472 -1496.0000000000
7476 -1495.0000000000
7478 -1494.0000000000
7520 -1493.0000000000
7545 -1492.0000000000
7574 -1491.0000000000
7629 -1490.0000000000
7638 -1489.0000000000
7675 -1488.0000000000
7705 -1487.0000000000
7708 -1486.0000000000
7721 -1485.0000000000
7736 -1484.0000000000
7760 -1483.0000000000
7789 -1482.0000000000
7810 -1480.0000000000
7847 -1479.0000000000
7871 -1478.0000000000
7921 -1477.0000000000
7939 -1475.0000000000
7966 -1474.0000000000
7977 -1473.0000000000
8025 -1472.0000000000
8027 -1471.0000000000
8033 -1470.0000000000
8063 -1469.0000000000
8086 -1468.0000000000
8101 -1467.0000000000
8110 -1466.0000000000
8118 -1465.0000000000
8131 -1463.0000000000
8159 -1462.0000000000
8214 -1461.0000000000
8239 -1460.0000000000
8241 -1459.0000000000
8280 -1458.0000000000
8300 -1457.0000000000
8320 -1456.0000000000
8373 -1455.0000000000
8383 -1454.0000000000
8417 -1453.0000000000
8438 -1451.0000000000
8443 -1450.0000000000
8476 -1449.0000000000
8551 -1448.0000000000
8556 -1447.0000000000
8614 -1446.0000000000
8633 -1445.0000000000
8651 -1443.0000000000
8696 -1442.0000000000
8731 -1441.0000000000
8765 -1440.0000000000
8782 -1439.0000000000
8805 -1438.0000000000
8852 -1437.0000000000
8860 -1436.0000000000
8883 -1435.0000000000
8902 -1434.0000000000
8945 -1433.0000000000
8981 -1432.0000000000
8993 -1431.0000000000
9004 -1430.0000000000
9054 -1429.0000000000
9077 -1428.0000000000
9106 -1427.0000000000
9108 -1426.0000000000
9169 -1425.0000000000
9175 -1424.0000000000
9207 -1422.0000000000
9215 -1421.0000000000
9218 -1420.0000000000
9228 -1419.0000000000
9231 -1418.0000000000
9255 -1417.0000000000
9285 -1416.0000000000
9314 -1415.0000000000
9349 -1414.0000000000
9357 -1413.0000000000
9403 -1412.0000000000
9439 -1408.0000000000
9458 -1407.0000000000
9467 -1406.0000000000
9493 -1405.0000000000
9540 -1404.0000000000
9542 -1403.0000000000
9591 -1402.0000000000
9592 -1401.0000000000
9615 -1400.0000000000
9617 -1399.0000000000
9692 -1398.0000000000
9702 -1397.0000000000
9744 -1396.0000000000
9748 -1395.0000000000
9792 -1394.0000000000
9816 -1393.0000000000
9818 -1392.0000000000
9883 -1390.0000000000
9934 -1389.0000000000
9937 -1387.0000000000
9967 -1386.0000000000
9994 -1385.0000000000
10000 -1387.0000000000
evaluations raw_y
1 -1955.0000000000
8 -1948.0000000000
44 -1945.0000000000
62 -1944.0000000000
74 -1943.0000000000
81 -1942.0000000000
85 -1941.0000000000
88 -1940.0000000000
93 -1939.0000000000
116 -1938.0000000000
127 -1937.0000000000
134 -1936.0000000000
139 -1934.0000000000
166 -1933.0000000000
190 -1932.0000000000
213 -1931.0000000000
215 -1930.0000000000
234 -1929.0000000000
249 -1928.0000000000
251 -1927.0000000000
280 -1925.0000000000
288 -1922.0000000000
318 -1921.0000000000
350 -1920.0000000000
399 -1919.0000000000
401 -1918.0000000000
412 -1916.0000000000
444 -1915.0000000000
460 -1914.0000000000
466 -1913.0000000000
492 -1912.0000000000
494 -1911.0000000000
513 -1910.0000000000
537 -1909.0000000000
553 -1907.0000000000
576 -1906.0000000000
602 -1905.0000000000
619 -1904.0000000000
631 -1902.0000000000
635 -1901.0000000000
670 -1899.0000000000
706 -1898.0000000000
716 -1895.0000000000
750 -1894.0000000000
751 -1893.0000000000
777 -1892.0000000000
792 -1890.0000000000
793 -1889.0000000000
829 -1888.0000000000
844 -1887.0000000000
860 -1886.0000000000
877 -1885.0000000000
884 -1884.0000000000
891 -1883.0000000000
901 -1882.0000000000
938 -1881.0000000000
948 -1880.0000000000
974 -1879.0000000000
976 -1876.0000000000
982 -1875.0000000000
984 -1872.0000000000
1028 -1871.0000000000
1050 -1870.0000000000
1058 -1869.0000000000
1067 -1868.0000000000
1096 -1867.0000000000
1107 -1866.0000000000
1108 -1865.0000000000
1119 -1864.0000000000
1120 -1863.0000000000
1157 -1862.0000000000
1160 -1860.0000000000
1186 -1859.0000000000
1189 -1858.0000000000
1230 -1857.0000000000
1233 -1856.0000000000
1254 -1855.0000000000
1267 -1854.0000000000
1275 -1853.0000000000
1298 -1852.0000000000
1307 -1851.0000000000
1325 -1850.0000000000
1353 -1849.0000000000
1369 -1848.0000000000
1403 -1847.0000000000
1408 -1845.0000000000
1449 -1842.0000000000
1500 -1841.0000000000
1503 -1840.0000000000
1529 -1839.0000000000
1534 -1838.0000000000
1562 -1837.0000000000
1594 -1836.0000000000
1602 -1835.0000000000
1605 -1834.0000000000
1614 -1833.0000000000
1622 -1832.0000000000
1671 -1831.0000000000
1702 -1829.0000000000
1735 -1828.0000000000
1749 -1827.0000000000
1797 -1826.0000000000
1798 -1825.0000000000
1818 -1824.0000000000
1821 -1823.0000000000
1831 -1822.0000000000
1864 -1821.0000000000
1869 -1820.0000000000
1917 -1819.0000000000
1925 -1818.0000000000
1939 -1817.0000000000
1945 -1816.0000000000
1972 -1815.0000000000
1978 -1814.0000000000
2011 -1813.0000000000
2020 -1812.0000000000
2034 -1811.0000000000
2059 -1810.0000000000
2067 -1809.0000000000
2096 -1808.0000000000
2106 -1807.0000000000
2130 -1804.0000000000
2149 -1803.0000000000
2181 -1802.0000000000
2184 -1801.0000000000
2202 -1800.0000000000
2226 -1799.0000000000
2245 -1798.0000000000
2250 -1797.0000000000
2289 -1796.0000000000
2300 -1795.0000000000
2339 -1794.0000000000
2369 -1793.0000000000
2394 -1792.0000000000
2406 -1790.0000000000
2432 -1789.0000000000
2434 -1788.0000000000
2459 -1786.0000000000
2529 -1785.0000000000
2532 -1784.0000000000
2550 -1783.0000000000
2588 -1782.0000000000
2602 -1781.0000000000
2605 -1780.0000000000
2611 -1779.0000000000
2622 -1778.0000000000
2637 -1777.0000000000
2644 -1776.0000000000
2663 -1775.0000000000
2673 -1774.0000000000
2705 -1773.0000000000
2715 -1772.0000000000
2716 -1771.0000000000
2755 -1770.0000000000
2770 -1769.0000000000
2779 -1768.0000000000
2787 -1767.0000000000
2788 -1766.0000000000
2828 -1765.0000000000
2847 -1764.0000000000
2879 -1762.0000000000
2933 -1761.0000000000
2941 -1760.0000000000
2956 -1759.0000000000
2960 -1758.0000000000
2986 -1757.0000000000
3003 -1755.0000000000
3013 -1754.0000000000
3056 -1753.0000000000
3081 -1752.0000000000
3087 -1751.0000000000
3101 -1749.0000000000
3153 -1748.0000000000
3175 -1747.0000000000
3199 -1746.0000000000
3204 -1745.0000000000
3250 -1744.0000000000
3271 -1743.0000000000
3289 -1742.0000000000
3294 -1741.0000000000
3310 -1740.0000000000
3337 -1739.0000000000
3344 -1738.0000000000
3358 -1737.0000000000
3367 -1736.0000000000
3369 -1735.0000000000
3382 -1734.0000000000
3399 -1733.0000000000
3418 -1732.0000000000
3436 -1731.0000000000
3480 -1730.0000000000
3483 -1729.0000000000
3513 -1728.0000000000
3520 -1727.0000000000
3539 -1726.0000000000
3545 -1725.0000000000
3554 -1723.0000000000
3556 -1722.0000000000
3582 -1721.0000000000
3592 -1720.0000000000
3631 -1719.0000000000
3655 -1718.0000000000
3664 -1717.0000000000
3690 -1716.0000000000
3705 -1715.0000000000
3743 -1714.0000000000
3753 -1713.0000000000
3796 -1712.0000000000
3845 -1711.0000000000
3861 -1710.0000000000
3898 -1709.0000000000
3902 -1708.0000000000
3904 -1707.0000000000
3923 -1706.0000000000
3946 -1705.0000000000
3959 -1704.0000000000
3994 -1703.0000000000
3998 -1702.0000000000
4007 -1701.0000000000
4022 -1699.0000000000
4024 -1696.0000000000
4038 -1694.0000000000
4063 -1693.0000000000
4086 -1692.0000000000
4103 -1691.0000000000
4126 -1690.0000000000
4144 -1688.0000000000
4150 -1687.0000000000
4181 -1686.0000000000
4225 -1684.0000000000
4261 -1683.0000000000
4283 -1682.0000000000
4309 -1681.0000000000
4312 -1680.0000000000
4323 -1678.0000000000
4346 -1677.0000000000
4367 -1676.0000000000
4380 -1675.0000000000
4394 -1673.0000000000
4399 -1672.0000000000
4413 -1671.0000000000
4428 -1670.0000000000
4460 -1669.0000000000
4477 -1668.0000000000
4504 -1667.0000000000
4540 -1666.0000000000
4573 -1665.0000000000
4585 -1664.0000000000
4594 -1663.0000000000
4604 -1662.0000000000
4640 -1661.0000000000
4649 -1659.0000000000
4664 -1658.0000000000
4675 -1657.0000000000
4712 -1656.0000000000
4722 -1654.0000000000
4777 -1653.0000000000
4788 -1651.0000000000
4806 -1650.0000000000
4820 -1649.0000000000
4854 -1648.0000000000
4870 -1647.0000000000
4875 -1646.0000000000
4886 -1645.0000000000
4902 -1644.0000000000
4928 -1643.0000000000
4943 -1642.0000000000
4950 -1641.0000000000
4969 -1640.0000000000
4992 -1639.0000000000
5013 -1638.0000000000
5026 -1637.0000000000
5059 -1636.0000000000
5100 -1635.0000000000
5102 -1634.0000000000
5127 -1633.0000000000
5138 -1632.0000000000
5146 -1631.0000000000
5153 -1630.0000000000
5177 -1629.0000000000
5191 -1628.0000000000
5202 -1627.0000000000
5221 -1626.0000000000
5248 -1625.0000000000
5280 -1624.0000000000
5292 -1623.0000000000
5314 -1622.0000000000
5337 -1621.0000000000
5359 -1620.0000000000
5373 -1616.0000000000
5416 -1615.0000000000
5461 -1614.0000000000
5475 -1613.0000000000
5486 -1611.0000000000
5524 -1610.0000000000
5553 -1608.0000000000
5579 -1607.0000000000
5591 -1606.0000000000
5603 -1605.0000000000
5678 -1604.0000000000
5695 -1603.0000000000
5751 -1602.0000000000
5754 -1601.0000000000
5767 -1600.0000000000
5782 -1599.0000000000
5796 -1598.0000000000
5812 -1597.0000000000
5839 -1595.0000000000
5873 -1594.0000000000
5899 -1593.0000000000
5916 -1592.0000000000
5927 -1591.0000000000
5932 -1590.0000000000
5938 -1589.0000000000
5970 -1588.0000000000
5986 -1587.0000000000
6008 -1586.0000000000
6043 -1585.0000000000
6048 -1584.0000000000
6077 -1583.0000000000
6082 -1582.0000000000
6091 -1581.0000000000
6118 -1580.0000000000
6164 -1579.0000000000
6191 -1578.0000000000
6197 -1577.0000000000
6237 -1576.0000000000
6241 -1575.0000000000
6264 -1574.0000000000
6291 -1573.0000000000
6309 -1572.0000000000
6319 -1571.0000000000
6325 -1570.0000000000
6344 -1569.0000000000
6360 -1568.0000000000
6377 -1567.0000000000
6408 -1566.0000000000
6427 -1565.0000000000
6449 -1564.0000000000
6485 -1563.0000000000
6492 -1562.0000000000
6510 -1561.0000000000
6545 -1558.0000000000
6563 -1557.0000000000
6593 -1556.0000000000
6598 -1555.0000000000
6615 -1554.0000000000
6644 -1553.0000000000
6655 -1551.0000000000
6664 -1549.0000000000
6667 -1548.0000000000
6726 -1546.0000000000
6786 -1545.0000000000
6796 -1543.0000000000
6824 -1542.0000000000
6851 -1541.0000000000
6880 -1540.0000000000
6896 -1539.0000000000
6903 -1538.0000000000
6952 -1536.0000000000
6983 -1535.0000000000
7002 -1533.0000000000
7013 -1532.0000000000
7025 -1531.0000000000
7053 -1530.0000000000
7063 -1529.0000000000
7069 -1528.0000000000
7078 -1527.0000000000
7087 -1526.0000000000
7112 -1525.0000000000
7123 -1522.0000000000
7138 -1521.0000000000
7154 -1520.0000000000
7157 -1519.0000000000
7170 -1518.0000000000
7206 -1517.0000000000
7227 -1516.0000000000
7230 -1515.0000000000
7244 -1514.0000000000
7253 -1513.0000000000
7284 -1511.0000000000
7353 -1510.0000000000
7363 -1508.0000000000
7400 -1507.0000000000
7435 -1506.0000000000
7446 -1505.0000000000
7462 -1504.0000000000
7474 -1503.0000000000
7479 -1502.0000000000
7509 -1501.0000000000
7567 -1500.0000000000
7600 -1499.0000000000
7621 -1498.0000000000
7650 -1497.0000000000
7655 -1496.0000000000
7688 -1495.0000000000
7699 -1494.0000000000
7735 -1493.0000000000
7757 -1492.0000000000
7761 -1491.0000000000
7770 -1490.0000000000
7786 -1489.0000000000
7811 -1488.0000000000
7835 -1487.0000000000
7874 -1486.0000000000
7914 -1485.0000000000
7932 -1484.0000000000
7942 -1483.0000000000
7958 -1482.0000000000
7992 -1481.0000000000
8018 -1480.0000000000
8032 -1479.0000000000
8043 -1478.0000000000
8070 -1477.0000000000
8087 -1476.0000000000
8112 -1475.0000000000
8114 -1474.0000000000
8153 -1473.0000000000
8192 -1470.0000000000
8216 -1469.0000000000
8228 -1468.0000000000
8233 -1467.0000000000
8275 -1466.0000000000
8301 -1465.0000000000
8319 -1464.0000000000
8361 -1463.0000000000
8383 -1462.0000000000
8389 -1461.0000000000
8399 -1460.0000000000
8435 -1459.0000000000
8456 -1458.0000000000
8473 -1457.0000000000
8492 -1456.0000000000
8499 -1454.0000000000
8513 -1453.0000000000
8537 -1452.0000000000
8549 -1451.0000000000
8566 -1450.0000000000
8611 -1448.0000000000
8660 -1447.0000000000
8691 -1445.0000000000
8740 -1444.0000000000
8799 -1443.0000000000
8809 -1442.0000000000
8852 -1441.0000000000
8884 -1440.0000000000
8898 -1439.0000000000
8926 -1437.0000000000
9009 -1435.0000000000
9062 -1434.0000000000
9104 -1433.0000000000
9123 -1432.0000000000
9167 -1431.0000000000
9216 -1430.0000000000
9218 -1429.0000000000
9252 -1428.0000000000
9268 -1427.0000000000
9308 -1426.0000000000
9325 -1425.0000000000
9358 -1423.0000000000
9364 -1422.0000000000
9399 -1421.0000000000
9400 -1420.0000000000
9417 -1419.0000000000
9462 -1418.0000000000
9478 -1417.0000000000
9518 -1416.0000000000
9521 -1415.0000000000
9559 -1414.0000000000
9575 -1413.0000000000
9606 -1411.0000000000
9633 -1410.0000000000
9643 -1409.0000000000
9686 -1408.0000000000
9701 -1407.0000000000
9719 -1406.0000000000
9738 -1405.0000000000
9752 -1404.0000000000
9780 -1403.0000000000
9805 -1402.0000000000
9832 -1401.0000000000
9846 -1400.0000000000
9850 -1399.0000000000
9863 -1398.0000000000
9899 -1397.0000000000
9911 -1396.0000000000
9931 -1395.0000000000
9960 -1394.0000000000
9981 -1393.0000000000
10000 -1394.0000000000
evaluations raw_y
1 -2025.0000000000
2 -1993.0000000000
9 -1976.0000000000
10 -1950.0000000000
26 -1949.0000000000
82 -1948.0000000000
86 -1947.0000000000
96 -1946.0000000000
105 -1945.0000000000
127 -1944.0000000000
140 -1943.0000000000
166 -1942.0000000000
173 -1941.0000000000
193 -1940.0000000000
198 -1939.0000000000
215 -1937.0000000000
240 -1936.0000000000
241 -1935.0000000000
277 -1933.0000000000
312 -1932.0000000000
318 -1931.0000000000
319 -1930.0000000000
328 -1929.0000000000
375 -1928.0000000000
390 -1926.0000000000
393 -1925.0000000000
409 -1924.0000000000
423 -1923.0000000000
440 -1922.0000000000
449 -1921.0000000000
501 -1920.0000000000
515 -1919.0000000000
527 -1918.0000000000
538 -1917.0000000000
551 -1916.0000000000
563 -1914.0000000000
587 -1913.0000000000
599 -1912.0000000000
616 -1911.0000000000
630 -1910.0000000000
646 -1909.0000000000
668 -1908.0000000000
678 -1907.0000000000
714 -1906.0000000000
715 -1905.0000000000
727 -1904.0000000000
729 -1903.0000000000
748 -1902.0000000000
753 -1901.0000000000
800 -1900.0000000000
803 -1899.0000000000
833 -1898.0000000000
834 -1897.0000000000
841 -1896.0000000000
847 -1895.0000000000
884 -1894.0000000000
889 -1893.0000000000
904 -1892.0000000000
937 -1891.0000000000
957 -1890.0000000000
963 -1889.0000000000
974 -1888.0000000000
980 -1886.0000000000
1019 -1885.0000000000
1042 -1884.0000000000
1065 -1883.0000000000
1069 -1882.0000000000
1112 -1880.0000000000
1157 -1879.0000000000
1161 -1878.0000000000
1191 -1877.0000000000
1202 -1876.0000000000
1239 -1875.0000000000
1243 -1874.0000000000
1253 -1873.0000000000
1284 -1872.0000000000
1309 -1871.0000000000
1325 -1870.0000000000
1342 -1869.0000000000
1350 -1868.0000000000
1373 -1867.0000000000
1397 -1865.0000000000
1429 -1864.0000000000
1448 -1863.0000000000
1477 -1861.0000000000
1516 -1860.0000000000
1522 -1859.0000000000
1540 -1858.0000000000
1542 -1857.0000000000
1560 -1856.0000000000
1583 -1855.0000000000
1599 -1854.0000000000
1614 -1853.0000000000
1617 -1851.0000000000
1618 -1850.0000000000
1647 -1849.0000000000
1673 -1847.0000000000
1692 -1846.0000000000
1715 -1845.0000000000
1733 -1844.0000000000
1754 -1843.0000000000
1755 -1842.0000000000
1770 -1841.0000000000
1816 -1840.0000000000
1831 -1839.0000000000
1848 -1838.0000000000
1850 -1837.0000000000
1852 -1836.0000000000
1871 -1834.0000000000
1888 -1833.0000000000
1908 -1831.0000000000
1937 -1830.0000000000
1947 -1829.0000000000
1995 -1828.0000000000
2007 -1826.0000000000
2017 -1824.0000000000
2070 -1823.0000000000
2087 -1822.0000000000
2089 -1821.0000000000
2107 -1819.0000000000
2142 -1817.0000000000
2169 -1816.0000000000
2193 -1815.0000000000
2204 -1813.0000000000
2222 -1812.0000000000
2230 -1811.0000000000
2252 -1810.0000000000
2283 -1808.0000000000
2310 -1807.0000000000
2338 -1806.0000000000
2352 -1805.0000000000
2359 -1804.0000000000
2386 -1803.0000000000
2392 -1802.0000000000
2413 -1801.0000000000
2420 -1800.0000000000
2437 -1799.0000000000
2449 -1798.0000000000
2465 -1797.0000000000
2481 -1796.0000000000
2500 -1795.0000000000
2513 -1793.0000000000
2555 -1792.0000000000
2559 -1791.0000000000
2592 -1790.0000000000
2614 -1789.0000000000
2635 -1788.0000000000
2636 -1787.0000000000
2665 -1786.0000000000
2674 -1785.0000000000
2701 -1782.0000000000
2760 -1781.0000000000
2767 -1780.0000000000
2805 -1779.0000000000
2812 -1778.0000000000
2826 -1777.0000000000
2830 -1776.0000000000
2843 -1775.0000000000
2868 -1774.0000000000
2883 -1773.0000000000
2902 -1772.0000000000
2905 -1770.0000000000
2939 -1769.0000000000
2959 -1767.0000000000
2984 -1766.0000000000
3000 -1765.0000000000
3022 -1764.0000000000
3033 -1763.0000000000
3036 -1762.0000000000
3044 -1761.0000000000
3077 -1760.0000000000
3081 -1759.0000000000
3088 -1758.0000000000
3118 -1757.0000000000
3135 -1756.0000000000
3148 -1755.0000000000
3159 -1754.0000000000
3168 -1753.0000000000
3178 -1752.0000000000
3213 -1751.0000000000
3260 -1750.0000000000
3270 -1748.0000000000
3286 -1747.0000000000
3303 -1746.0000000000
3316 -1745.0000000000
3334 -1744.0000000000
3338 -1742.0000000000
3380 -1741.0000000000
3382 -1740.0000000000
3416 -1738.0000000000
3441 -1736.0000000000
3501 -1735.0000000000
3537 -1734.0000000000
3548 -1733.0000000000
3584 -1732.0000000000
3599 -1731.0000000000
3604 -1730.0000000000
3610 -1729.0000000000
3637 -1728.0000000000
3644 -1727.0000000000
3655 -1726.0000000000
3669 -1725.0000000000
3681 -1724.0000000000
3684 -1723.0000000000
3696 -1722.0000000000
3707 -1721.0000000000
3736 -1720.0000000000
3756 -1719.0000000000
3761 -1717.0000000000
3771 -1716.0000000000
3776 -1715.0000000000
3787 -1714.0000000000
3799 -1713.0000000000
3805 -1712.0000000000
3818 -1711.0000000000
3841 -1709.0000000000
3862 -1708.0000000000
3863 -1707.0000000000
3876 -1706.0000000000
3897 -1705.0000000000
3920 -1703.0000000000
3967 -1701.0000000000
3988 -1700.0000000000
4030 -1699.0000000000
4035 -1698.0000000000
4043 -1697.0000000000
4047 -1696.0000000000
4087 -1695.0000000000
4100 -1694.0000000000
4134 -1693.0000000000
4151 -1692.0000000000
4166 -1691.0000000000
4180 -1690.0000000000
4237 -1689.0000000000
4252 -1688.0000000000
4269 -1687.0000000000
4283 -1686.0000000000
4284 -1685.0000000000
4310 -1684.0000000000
4337 -1683.0000000000
4352 -1682.0000000000
4366 -1681.0000000000
4369 -1680.0000000000
4405 -1679.0000000000
4420 -1678.0000000000
4433 -1677.0000000000
4458 -1676.0000000000
4466 -1675.0000000000
4492 -1674.0000000000
4522 -1673.0000000000
4535 -1672.0000000000
4566 -1671.0000000000
4582 -1670.0000000000
4617 -1669.0000000000
4620 -1668.0000000000
4647 -1667.0000000000
4653 -1666.0000000000
4688 -1665.0000000000
4692 -1664.0000000000
4701 -1663.0000000000
4709 -1662.0000000000
4739 -1661.0000000000
4746 -1660.0000000000
4773 -1659.0000000000
4779 -1658.0000000000
4795 -1657.0000000000
4834 -1656.0000000000
4835 -1655.0000000000
4871 -1654.0000000000
4889 -1653.0000000000
4913 -1652.0000000000
4921 -1651.0000000000
4935 -1649.0000000000
4953 -1648.0000000000
4977 -1647.0000000000
5010 -1646.0000000000
5055 -1645.0000000000
5073 -1644.0000000000
5075 -1643.0000000000
5095 -1642.0000000000
5125 -1641.0000000000
5135 -1640.0000000000
5152 -1639.0000000000
5160 -1638.0000000000
5197 -1637.0000000000
5207 -1636.0000000000
5214 -1635.0000000000
5253 -1632.0000000000
5284 -1631.0000000000
5294 -1630.0000000000
5303 -1629.0000000000
5366 -1628.0000000000
5391 -1627.0000000000
5412 -1625.0000000000
5459 -1624.0000000000
5463 -1623.0000000000
5469 -1622.0000000000
5546 -1621.0000000000
5565 -1620.0000000000
5606 -1619.0000000000
5621 -1618.0000000000
5629 -1616.0000000000
5672 -1615.0000000000
5708 -1614.0000000000
5721 -1613.0000000000
5746 -1612.0000000000
5757 -1611.0000000000
5769 -1610.0000000000
5802 -1609.0000000000
5812 -1608.0000000000
5864 -1605.0000000000
5870 -1604.0000000000
5873 -1603.0000000000
5903 -1602.0000000000
5927 -1601.0000000000
5941 -1600.0000000000
5979 -1599.0000000000
5995 -1598.0000000000
6013 -1597.0000000000
6031 -1596.0000000000
6066 -1595.0000000000
6075 -1594.0000000000
6089 -1593.0000000000
6144 -1592.0000000000
6172 -1591.0000000000
6189 -1590.0000000000
6192 -1589.0000000000
6207 -1588.0000000000
6226 -1587.0000000000
6236 -1586.0000000000
6239 -1585.0000000000
6251 -1583.0000000000
6254 -1582.0000000000
6304 -1581.0000000000
6321 -1580.0000000000
6343 -1579.0000000000
6345 -1578.0000000000
6358 -1577.0000000000
6365 -1576.0000000000
6386 -1575.0000000000
6388 -1574.0000000000
6415 -1573.0000000000
6428 -1572.0000000000
6434 -1571.0000000000
6486 -1570.0000000000
6493 -1569.0000000000
6504 -1568.0000000000
6506 -1567.0000000000
6507 -1566.0000000000
6547 -1565.0000000000
6557 -1564.0000000000
6577 -1563.0000000000
6618 -1562.0000000000
6626 -1561.0000000000
6631 -1560.0000000000
6654 -1558.0000000000
6659 -1557.0000000000
6685 -1556.0000000000
6729 -1555.0000000000
6767 -1554.0000000000
6775 -1553.0000000000
6821 -1550.0000000000
6842 -1549.0000000000
6864 -1548.0000000000
6890 -1547.0000000000
6927 -1546.0000000000
6937 -1545.0000000000
6956 -1544.0000000000
6971 -1543.0000000000
6999 -1542.0000000000
7018 -1540.0000000000
7045 -1539.0000000000
7055 -1538.0000000000
7066 -1537.0000000000
7087 -1536.0000000000
7103 -1535.0000000000
7124 -1534.0000000000
7141 -1533.0000000000
7145 -1532.0000000000
7161 -1531.0000000000
7204 -1530.0000000000
7216 -1529.0000000000
7304 -1528.0000000000
7315 -1527.0000000000
7326 -1526.0000000000
7348 -1525.0000000000
7360 -1524.0000000000
7376 -1523.0000000000
7403 -1522.0000000000
7419 -1521.0000000000
7420 -1520.0000000000
7459 -1518.0000000000
7490 -1517.0000000000
7499 -1516.0000000000
7534 -1515.0000000000
7561 -1514.0000000000
7587 -1513.0000000000
7603 -1512.0000000000
7611 -1511.0000000000
7625 -1510.0000000000
7641 -1509.0000000000
7664 -1507.0000000000
7697 -1506.0000000000
7723 -1505.0000000000
7733 -1503.0000000000
7756 -1502.0000000000
7762 -1501.0000000000
7768 -1500.0000000000
7812 -1499.0000000000
7865 -1498.0000000000
7877 -1497.0000000000
7897 -1495.0000000000
7953 -1494.0000000000
7986 -1493.0000000000
7992 -1491.0000000000
8004 -1490.0000000000
8026 -1488.0000000000
8075 -1487.0000000000
8124 -1486.0000000000
8138 -1485.0000000000
8163 -1484.0000000000
8166 -1483.0000000000
8204 -1482.0000000000
8227 -1481.0000000000
8257 -1480.0000000000
8276 -1478.0000000000
8318 -1477.0000000000
8337 -1476.0000000000
8373 -1474.0000000000
8383 -1473.0000000000
8410 -1472.0000000000
8414 -1470.0000000000
8434 -1469.0000000000
8493 -1468.0000000000
8512 -1467.0000000000
8526 -1466.0000000000
8537 -1465.0000000000
8541 -1464.0000000000
8561 -1463.0000000000
8639 -1462.0000000000
8660 -1461.0000000000
8692 -1460.0000000000
8741 -1459.0000000000
8748 -1458.0000000000
8771 -1457.0000000000
8810 -1456.0000000000
8840 -1455.0000000000
8874 -1454.0000000000
8888 -1453.0000000000
8903 -1452.0000000000
8930 -1451.0000000000
8952 -1448.0000000000
9024 -1447.0000000000
9067 -1446.0000000000
9082 -1445.0000000000
9108 -1444.0000000000
9122 -1443.0000000000
9199 -1442.0000000000
9212 -1441.0000000000
9233 -1440.0000000000
9235 -1439.0000000000
9247 -1438.0000000000
9260 -1437.0000000000
9302 -1436.0000000000
9338 -1435.0000000000
9366 -1434.0000000000
9367 -1433.0000000000
9392 -1432.0000000000
9410 -1430.0000000000
9420 -1429.0000000000
9421 -1428.0000000000
9424 -1427.0000000000
9445 -1426.0000000000
9453 -1425.0000000000
9476 -1424.0000000000
9494 -1423.0000000000
9511 -1422.0000000000
9526 -1421.0000000000
9549 -1420.0000000000
9564 -1419.0000000000
9575 -1418.0000000000
9606 -1417.0000000000
9620 -1416.0000000000
9657 -1415.0000000000
9678 -1414.0000000000
9698 -1413.0000000000
9702 -1412.0000000000
9724 -1411.0000000000
9759 -1410.0000000000
9792 -1408.0000000000
9837 -1407.0000000000
9859 -1406.0000000000
9863 -1405.0000000000
9891 -1404.0000000000
9923 -1403.0000000000
9989 -1402.0000000000
10000 -1403.0000000000
evaluations raw_y
1 -1996.0000000000
3 -1988.0000000000
7 -1959.0000000000
43 -1958.0000000000
66 -1957.0000000000
67 -1956.0000000000
77 -1955.0000000000
92 -1952.0000000000
104 -1951.0000000000
117 -1950.0000000000
124 -1949.0000000000
130 -1948.0000000000
161 -1947.0000000000
178 -1946.0000000000
181 -1945.0000000000
183 -1944.0000000000
231 -1943.0000000000
235 -1942.0000000000
273 -1940.0000000000
303 -1939.0000000000
332 -1938.0000000000
339 -1935.0000000000
350 -1932.0000000000
378 -1931.0000000000
403 -1930.0000000000
438 -1929.0000000000
445 -1928.0000000000
478 -1927.0000000000
485 -1926.0000000000
486 -1925.0000000000
492 -1924.0000000000
515 -1923.0000000000
532 -1922.0000000000
536 -1921.0000000000
541 -1920.0000000000
551 -1918.0000000000
552 -1917.0000000000
585 -1916.0000000000
588 -1915.0000000000
639 -1914.0000000000
640 -1913.0000000000
652 -1912.0000000000
686 -1911.0000000000
692 -1910.0000000000
721 -1909.0000000000
734 -1908.0000000000
737 -1907.0000000000
761 -1905.0000000000
793 -1904.0000000000
808 -1902.0000000000
822 -1901.0000000000
842 -1900.0000000000
853 -1899.0000000000
863 -1898.0000000000
882 -1897.0000000000
886 -1896.0000000000
896 -1895.0000000000
920 -1894.0000000000
941 -1893.0000000000
954 -1892.0000000000
962 -1891.0000000000
981 -1890.0000000000
982 -1889.0000000000
1009 -1888.0000000000
1015 -1887.0000000000
1042 -1885.0000000000
1048 -1884.0000000000
1059 -1883.0000000000
1082 -1882.0000000000
1087 -1879.0000000000
1112 -1878.0000000000
1181 -1876.0000000000
1197 -1875.0000000000
1209 -1874.0000000000
1227 -1873.0000000000
1235 -1872.0000000000
1244 -1871.0000000000
1278 -1870.0000000000
1282 -1868.0000000000
1283 -1866.0000000000
1294 -1864.0000000000
1318 -1863.0000000000
1345 -1862.0000000000
1348 -1861.0000000000
1377 -1860.0000000000
1394 -1859.0000000000
1419 -1858.0000000000
1427 -1857.0000000000
1433 -1856.0000000000
1448 -1855.0000000000
1468 -1854.0000000000
1488 -1853.0000000000
1492 -1851.0000000000
1522 -1850.0000000000
1524 -1849.0000000000
1534 -1847.0000000000
1568 -1846.0000000000
1574 -1845.0000000000
1578 -1844.0000000000
1582 -1843.0000000000
1585 -1842.0000000000
1619 -1840.0000000000
1647 -1839.0000000000
1661 -1837.0000000000
1688 -1836.0000000000
1712 -1833.0000000000
1752 -1832.0000000000
1756 -1831.0000000000
1782 -1830.0000000000
1792 -1829.0000000000
1808 -1828.0000000000
1827 -1827.0000000000
1861 -1826.0000000000
1887 -1825.0000000000
1911 -1824.0000000000
1947 -1823.0000000000
1952 -1822.0000000000
1963 -1821.0000000000
1998 -1820.0000000000
2012 -1819.0000000000
2029 -1818.0000000000
2044 -1817.0000000000
2049 -1816.0000000000
2068 -1814.0000000000
2101 -1813.0000000000
2130 -1812.0000000000
2155 -1811.0000000000
2174 -1810.0000000000
2209 -1807.0000000000
2218 -1806.0000000000
2228 -1805.0000000000
2246 -1804.0000000000
2299 -1803.0000000000
2305 -1801.0000000000
2320 -1800.0000000000
2333 -1799.0000000000
2353 -1798.0000000000
2375 -1797.0000000000
2376 -1796.0000000000
2387 -1795.0000000000
2390 -1794.0000000000
2442 -1792.0000000000
2479 -1790.0000000000
2533 -1789.0000000000
2562 -1788.0000000000
2567 -1787.0000000000
2568 -1786.0000000000
2578 -1785.0000000000
2579 -1784.0000000000
2598 -1783.0000000000
2616 -1782.0000000000
2639 -1780.0000000000
2676 -1779.0000000000
2684 -1777.0000000000
2699 -1776.0000000000
2725 -1775.0000000000
2742 -1774.0000000000
2767 -1773.0000000000
2791 -1772.0000000000
2795 -1771.0000000000
2811 -1770.0000000000
2814 -1769.0000000000
2845 -1768.0000000000
2849 -1767.0000000000
2865 -1766.0000000000
2915 -1765.0000000000
2918 -1764.0000000000
2924 -1763.0000000000
2958 -1762.0000000000
2966 -1761.0000000000
3022 -1760.0000000000
3023 -1759.0000000000
3028 -1758.0000000000
3059 -1757.0000000000
3094 -1756.0000000000
3122 -1755.0000000000
3133 -1754.0000000000
3143 -1753.0000000000
3189 -1752.0000000000
3202 -1750.0000000000
3220 -1749.0000000000
3221 -1748.0000000000
3237 -1746.0000000000
3266 -1745.0000000000
3285 -1744.0000000000
3305 -1743.0000000000
3316 -1741.0000000000
3323 -1740.0000000000
3367 -1739.0000000000
3371 -1738.0000000000
3384 -1737.0000000000
3402 -1736.0000000000
3423 -1735.0000000000
3439 -1734.0000000000
3462 -1732.0000000000
3498 -1731.0000000000
3527 -1730.0000000000
3532 -1729.0000000000
3549 -1728.0000000000
3566 -1727.0000000000
3613 -1726.0000000000
3630 -1725.0000000000
3640 -1724.0000000000
3644 -1723.0000000000
3664 -1722.0000000000
3681 -1721.0000000000
3688 -1720.0000000000
3702 -1719.0000000000
3711 -1718.0000000000
3721 -1717.0000000000
3747 -1716.0000000000
3765 -1713.0000000000
3782 -1712.0000000000
3789 -1711.0000000000
3837 -1709.0000000000
3847 -1708.0000000000
3869 -1706.0000000000
3904 -1705.0000000000
3922 -1704.0000000000
3923 -1703.0000000000
3935 -1701.0000000000
3996 -1700.0000000000
4017 -1699.0000000000
4024 -1698.0000000000
4031 -1697.0000000000
4046 -1696.0000000000
4070 -1695.0000000000
4077 -1694.0000000000
4092 -1693.0000000000
4123 -1692.0000000000
4140 -1691.0000000000
4154 -1690.0000000000
4178 -1689.0000000000
4186 -1688.0000000000
4213 -1687.0000000000
4243 -1686.0000000000
4254 -1685.0000000000
4265 -1684.0000000000
4279 -1682.0000000000
4297 -1681.0000000000
4315 -1680.0000000000
4344 -1679.0000000000
4363 -1678.0000000000
4385 -1677.0000000000
4404 -1676.0000000000
4415 -1675.0000000000
4420 -1674.0000000000
4472 -1673.0000000000
4475 -1672.0000000000
4495 -1670.0000000000
4506 -1669.0000000000
4552 -1668.0000000000
4568 -1667.0000000000
4600 -1666.0000000000
4606 -1665.0000000000
4624 -1664.0000000000
4630 -1663.0000000000
4672 -1662.0000000000
4680 -1659.0000000000
4742 -1658.0000000000
4753 -1656.0000000000
4781 -1654.0000000000
4805 -1653.0000000000
4832 -1652.0000000000
4865 -1651.0000000000
4870 -1650.0000000000
4892 -1648.0000000000
4934 -1647.0000000000
4945 -1645.0000000000
4981 -1644.0000000000
5014 -1643.0000000000
5032 -1642.0000000000
5060 -1641.0000000000
5088 -1640.0000000000
5105 -1639.0000000000
5122 -1638.0000000000
5153 -1637.0000000000
5166 -1636.0000000000
5198 -1635.0000000000
5214 -1633.0000000000
5262 -1632.0000000000
5273 -1631.0000000000
5290 -1630.0000000000
5314 -1629.0000000000
5330 -1628.0000000000
5338 -1627.0000000000
5369 -1626.0000000000
5384 -1624.0000000000
5434 -1623.0000000000
5440 -1622.0000000000
5442 -1621.0000000000
5476 -1620.0000000000
5486 -1619.0000000000
5493 -1618.0000000000
5511 -1617.0000000000
5536 -1616.0000000000
5537 -1615.0000000000
5568 -1613.0000000000
5608 -1612.0000000000
5617 -1610.0000000000
5633 -1609.0000000000
5650 -1608.0000000000
5678 -1607.0000000000
5709 -1605.0000000000
5730 -1604.0000000000
5779 -1603.0000000000
5784 -1602.0000000000
5806 -1601.0000000000
5826 -1600.0000000000
5845 -1599.0000000000
5907 -1598.0000000000
5920 -1597.0000000000
5926 -1596.0000000000
5944 -1595.0000000000
5977 -1594.0000000000
5983 -1593.0000000000
6012 -1592.0000000000
6033 -1591.0000000000
6063 -1590.0000000000
6077 -1589.0000000000
6109 -1588.0000000000
6114 -1587.0000000000
6166 -1586.0000000000
6174 -1585.0000000000
6179 -1584.0000000000
6196 -1583.0000000000
6205 -1582.0000000000
6226 -1581.0000000000
6228 -1580.0000000000
6286 -1579.0000000000
6298 -1578.0000000000
6313 -1577.0000000000
6333 -1576.0000000000
6338 -1574.0000000000
6359 -1573.0000000000
6363 -1572.0000000000
6374 -1571.0000000000
6411 -1570.0000000000
6413 -1569.0000000000
6451 -1568.0000000000
6474 -1567.0000000000
6491 -1566.0000000000
6507 -1565.0000000000
6527 -1564.0000000000
6540 -1563.0000000000
6542 -1562.0000000000
6557 -1561.0000000000
6580 -1560.0000000000
6608 -1559.0000000000
6617 -1558.0000000000
6635 -1557.0000000000
6660 -1556.0000000000
6683 -1555.0000000000
6688 -1554.0000000000
6729 -1553.0000000000
6737 -1552.0000000000
6748 -1551.0000000000
6783 -1549.0000000000
6849 -1548.0000000000
6863 -1547.0000000000
6888 -1546.0000000000
6894 -1545.0000000000
6956 -1544.0000000000
6979 -1543.0000000000
6999 -1541.0000000000
7005 -1540.0000000000
7024 -1539.0000000000
7043 -1537.0000000000
7067 -1536.0000000000
7094 -1535.0000000000
7114 -1533.0000000000
7163 -1532.0000000000
7181 -1531.0000000000
7204 -1530.0000000000
7232 -1529.0000000000
7234 -1528.0000000000
7247 -1527.0000000000
7269 -1526.0000000000
7305 -1525.0000000000
7310 -1524.0000000000
7345 -1523.0000000000
7346 -1522.0000000000
7410 -1521.0000000000
7451 -1520.0000000000
7452 -1519.0000000000
7474 -1518.0000000000
7487 -1517.0000000000
7514 -1516.0000000000
7516 -1515.0000000000
7518 -1513.0000000000
7604 -1510.0000000000
7616 -1509.0000000000
7641 -1508.0000000000
7683 -1507.0000000000
7725 -1506.0000000000
7750 -1505.0000000000
7773 -1504.0000000000
7782 -1503.0000000000
7812 -1502.0000000000
7837 -1501.0000000000
7861 -1500.0000000000
7880 -1498.0000000000
7935 -1497.0000000000
7947 -1496.0000000000
7963 -1495.0000000000
8000 -1494.0000000000
8037 -1493.0000000000
8049 -1492.0000000000
8089 -1491.0000000000
8109 -1490.0000000000
8128 -1489.0000000000
8181 -1487.0000000000
8221 -1486.0000000000
8298 -1485.0000000000
8301 -1484.0000000000
8313 -1483.0000000000
8331 -1482.0000000000
8342 -1481.0000000000
8360 -1480.0000000000
8401 -1479.0000000000
8413 -1478.0000000000
8447 -1476.0000000000
8460 -1475.0000000000
8510 -1474.0000000000
8532 -1473.0000000000
8533 -1472.0000000000
8539 -1471.0000000000
8575 -1470.0000000000
8587 -1469.0000000000
8592 -1468.0000000000
8628 -1467.0000000000
8648 -1466.0000000000
8670 -1465.0000000000
8696 -1464.0000000000
8718 -1463.0000000000
8759 -1462.0000000000
8804 -1461.0000000000
8818 -1460.0000000000
8839 -1459.0000000000
8861 -1458.0000000000
8884 -1457.0000000000
8889 -1456.0000000000
8902 -1455.0000000000
8959 -1454.0000000000
8971 -1453.0000000000
8988 -1452.0000000000
9022 -1451.0000000000
9040 -1450.0000000000
9086 -1448.0000000000
9101 -1447.0000000000
9138 -1446.0000000000
9157 -1445.0000000000
9205 -1444.0000000000
9208 -1443.0000000000
9234 -1442.0000000000
9248 -1441.0000000000
9282 -1440.0000000000
9295 -1439.0000000000
9322 -1438.0000000000
9371 -1436.0000000000
9436 -1435.0000000000
9456 -1434.0000000000
9476 -1433.0000000000
9482 -1432.0000000000
9522 -1431.0000000000
9552 -1430.0000000000
9580 -1429.0000000000
9609 -1428.0000000000
9642 -1427.0000000000
9645 -1426.0000000000
9671 -1425.0000000000
9693 -1424.0000000000
9739 -1423.0000000000
9766 -1422.0000000000
9783 -1421.0000000000
9823 -1420.0000000000
9830 -1419.0000000000
9833 -1418.0000000000
9882 -1417.0000000000
9887 -1416.0000000000
9916 -1415.0000000000
9948 -1414.0000000000
9987 -1413.0000000000
10000 -1416.0000000000
evaluations raw_y
1 -2008.0000000000
2 -1960.0000000000
10 -1948.0000000000
42 -1946.0000000000
43 -1944.0000000000
58 -1943.0000000000
68 -1942.0000000000
93 -1941.0000000000
94 -1939.0000000000
144 -1938.0000000000
154 -1937.0000000000
164 -1935.0000000000
198 -1934.0000000000
203 -1932.0000000000
218 -1931.0000000000
230 -1930.0000000000
268 -1929.0000000000
281 -1928.0000000000
299 -1927.0000000000
313 -1926.0000000000
319 -1925.0000000000
327 -1924.0000000000
344 -1923.0000000000
358 -1922.0000000000
363 -1921.0000000000
387 -1920.0000000000
415 -1919.0000000000
423 -1918.0000000000
429 -1917.0000000000
458 -1916.0000000000
464 -1915.0000000000
472 -1914.0000000000
488 -1913.0000000000
498 -1912.0000000000
514 -1911.0000000000
518 -1909.0000000000
534 -1907.0000000000
542 -1906.0000000000
556 -1905.0000000000
584 -1903.0000000000
626 -1902.0000000000
654 -1901.0000000000
670 -1900.0000000000
677 -1899.0000000000
693 -1898.0000000000
695 -1897.0000000000
718 -1896.0000000000
730 -1895.0000000000
747 -1894.0000000000
761 -1893.0000000000
808 -1892.0000000000
819 -1891.0000000000
833 -1890.0000000000
861 -1889.0000000000
865 -1888.0000000000
878 -1887.0000000000
884 -1886.0000000000
915 -1885.0000000000
932 -1884.0000000000
956 -1883.0000000000
963 -1882.0000000000
1000 -1881.0000000000
1009 -1880.0000000000
1031 -1876.0000000000
1094 -1875.0000000000
1125 -1874.0000000000
1162 -1872.0000000000
1172 -1871.0000000000
1208 -1869.0000000000
1220 -1867.0000000000
1240 -1866.0000000000
1253 -1865.0000000000
1264 -1863.0000000000
1273 -1862.0000000000
1277 -1861.0000000000
1292 -1860.0000000000
1312 -1858.0000000000
1354 -1857.0000000000
1372 -1856.0000000000
1394 -1855.0000000000
1407 -1854.0000000000
1451 -1853.0000000000
1460 -1852.0000000000
1473 -1851.0000000000
1486 -1850.0000000000
1487 -1849.0000000000
1525 -1848.0000000000
1528 -1847.0000000000
1540 -1846.0000000000
1573 -1845.0000000000
1576 -1844.0000000000
1579 -1843.0000000000
1608 -1842.0000000000
1642 -1841.0000000000
1647 -1840.0000000000
1653 -1839.0000000000
1656 -1838.0000000000
1676 -1837.0000000000
1692 -1836.0000000000
1722 -1835.0000000000
1726 -1834.0000000000
1766 -1832.0000000000
1796 -1831.0000000000
1813 -1828.0000000000
1871 -1827.0000000000
1897 -1826.0000000000
1899 -1825.0000000000
1929 -1824.0000000000
1945 -1823.0000000000
1956 -1822.0000000000
1990 -1821.0000000000
2002 -1820.0000000000
2041 -1819.0000000000
2057 -1818.0000000000
2075 -1817.0000000000
2098 -1816.0000000000
2102 -1815.0000000000
2112 -1814.0000000000
2134 -1813.0000000000
2149 -1812.0000000000
2181 -1811.0000000000
2204 -1810.0000000000
2206 -1809.0000000000
2227 -1808.0000000000
2235 -1806.0000000000
2315 -1805.0000000000
2332 -1803.0000000000
2336 -1801.0000000000
2373 -1800.0000000000
2380 -1799.0000000000
2411 -1798.0000000000
2456 -1797.0000000000
2479 -1796.0000000000
2506 -1795.0000000000
2514 -1794.0000000000
2519 -1793.0000000000
2534 -1792.0000000000
2560 -1791.0000000000
2568 -1790.0000000000
2598 -1789.0000000000
2631 -1788.0000000000
2634 -1787.0000000000
2660 -1785.0000000000
2670 -1784.0000000000
2700 -1783.0000000000
2718 -1782.0000000000
2754 -1781.0000000000
2772 -1780.0000000000
2792 -1779.0000000000
2793 -1778.0000000000
2847 -1777.0000000000
2853 -1776.0000000000
2874 -1775.0000000000
2877 -1773.0000000000
2894 -1772.0000000000
2916 -1771.0000000000
2919 -1769.0000000000
2935 -1768.0000000000
2966 -1767.0000000000
2967 -1766.0000000000
2988 -1765.0000000000
2993 -1764.0000000000
2997 -1763.0000000000
3032 -1762.0000000000
3035 -1761.0000000000
3061 -1760.0000000000
3075 -1759.0000000000
3077 -1758.0000000000
3081 -1757.0000000000
3095 -1756.0000000000
3120 -1754.0000000000
3141 -1753.0000000000
3179 -1752.0000000000
3197 -1751.0000000000
3228 -1750.0000000000
3255 -1749.0000000000
3286 -1748.0000000000
3306 -1747.0000000000
3337 -1746.0000000000
3376 -1745.0000000000
3383 -1744.0000000000
3404 -1743.0000000000
3418 -1742.0000000000
3425 -1741.0000000000
3454 -1740.0000000000
3462 -1739.0000000000
3480 -1738.0000000000
3484 -1737.0000000000
3487 -1736.0000000000
3514 -1735.0000000000
3542 -1734.0000000000
3564 -1733.0000000000
3570 -1732.0000000000
3576 -1730.0000000000
3618 -1729.0000000000
3629 -1728.0000000000
3652 -1727.0000000000
3662 -1726.0000000000
3668 -1725.0000000000
3681 -1724.0000000000
3695 -1723.0000000000
3721 -1722.0000000000
3725 -1720.0000000000
3751 -1719.0000000000
3805 -1718.0000000000
3822 -1717.0000000000
3848 -1716.0000000000
3855 -1715.0000000000
3899 -1714.0000000000
3915 -1712.0000000000
3952 -1711.0000000000
3974 -1710.0000000000
3975 -1709.0000000000
4007 -1708.0000000000
4016 -1707.0000000000
4033 -1706.0000000000
4048 -1705.0000000000
4075 -1704.0000000000
4081 -1700.0000000000
4141 -1699.0000000000
4150 -1698.0000000000
4182 -1697.0000000000
4223 -1696.0000000000
4228 -1695.0000000000
4242 -1694.0000000000
4243 -1693.0000000000
4258 -1692.0000000000
4264 -1691.0000000000
4265 -1690.0000000000
4288 -1689.0000000000
4306 -1688.0000000000
4316 -1687.0000000000
4321 -1686.0000000000
4333 -1685.0000000000
4341 -1684.0000000000
4354 -1682.0000000000
4383 -1681.0000000000
4397 -1680.0000000000
4404 -1679.0000000000
4414 -1678.0000000000
4423 -1677.0000000000
4445 -1676.0000000000
4455 -1675.0000000000
4478 -1672.0000000000
4501 -1671.0000000000
4532 -1669.0000000000
4568 -1668.0000000000
4573 -1665.0000000000
4627 -1664.0000000000
4636 -1663.0000000000
4639 -1662.0000000000
4663 -1660.0000000000
4667 -1659.0000000000
4679 -1658.0000000000
4693 -1657.0000000000
4706 -1656.0000000000
4753 -1654.0000000000
4773 -1652.0000000000
4797 -1651.0000000000
4799 -1650.0000000000
4816 -1649.0000000000
4819 -1648.0000000000
4853 -1647.0000000000
4865 -1646.0000000000
4890 -1645.0000000000
4919 -1644.0000000000
4941 -1643.0000000000
4967 -1642.0000000000
4975 -1640.0000000000
5014 -1639.0000000000
5033 -1638.0000000000
5060 -1637.0000000000
5074 -1636.0000000000
5099 -1635.0000000000
5127 -1633.0000000000
5131 -1632.0000000000
5151 -1631.0000000000
5173 -1630.0000000000
5201 -1629.0000000000
5219 -1628.0000000000
5249 -1627.0000000000
5252 -1626.0000000000
5305 -1625.0000000000
5334 -1624.0000000000
5365 -1623.0000000000
5372 -1622.0000000000
5396 -1621.0000000000
5419 -1620.0000000000
5429 -1618.0000000000
5458 -1617.0000000000
5473 -1616.0000000000
5511 -1615.0000000000
5553 -1614.0000000000
5561 -1613.0000000000
5568 -1612.0000000000
5590 -1611.0000000000
5600 -1610.0000000000
5621 -1609.0000000000
5640 -1607.0000000000
5642 -1606.0000000000
5654 -1605.0000000000
5692 -1604.0000000000
5733 -1602.0000000000
5763 -1601.0000000000
5789 -1600.0000000000
5801 -1599.0000000000
5804 -1598.0000000000
5809 -1597.0000000000
5860 -1596.0000000000
5892 -1595.0000000000
5895 -1594.0000000000
5915 -1593.0000000000
5929 -1592.0000000000
5945 -1591.0000000000
5976 -1590.0000000000
5988 -1589.0000000000
5991 -1588.0000000000
6008 -1587.0000000000
6028 -1586.0000000000
6084 -1585.0000000000
6102 -1583.0000000000
6152 -1582.0000000000
6169 -1580.0000000000
6210 -1579.0000000000
6265 -1578.0000000000
6271 -1577.0000000000
6304 -1576.0000000000
6323 -1575.0000000000
6350 -1574.0000000000
6398 -1573.0000000000
6435 -1572.0000000000
6462 -1571.0000000000
6482 -1570.0000000000
6508 -1569.0000000000
6510 -1568.0000000000
6554 -1567.0000000000
6567 -1565.0000000000
6581 -1564.0000000000
6642 -1563.0000000000
6649 -1562.0000000000
6653 -1560.0000000000
6663 -1559.0000000000
6683 -1558.0000000000
6715 -1557.0000000000
6721 -1556.0000000000
6736 -1553.0000000000
6781 -1552.0000000000
6782 -1551.0000000000
6790 -1547.0000000000
6811 -1546.0000000000
6831 -1545.0000000000
6848 -1544.0000000000
6859 -1542.0000000000
6870 -1541.0000000000
6923 -1540.0000000000
6938 -1539.0000000000
6972 -1538.0000000000
7002 -1537.0000000000
7058 -1536.0000000000
7070 -1535.0000000000
7075 -1534.0000000000
7083 -1533.0000000000
7100 -1532.0000000000
7140 -1531.0000000000
7147 -1530.0000000000
7181 -1529.0000000000
7221 -1528.0000000000
7228 -1527.0000000000
7250 -1526.0000000000
7253 -1525.0000000000
7280 -1524.0000000000
7283 -1523.0000000000
7291 -1522.0000000000
7292 -1521.0000000000
7306 -1520.0000000000
7327 -1519.0000000000
7366 -1517.0000000000
7395 -1516.0000000000
7432 -1515.0000000000
7439 -1514.0000000000
7455 -1512.0000000000
7479 -1510.0000000000
7481 -1509.0000000000
7503 -1507.0000000000
7544 -1506.0000000000
7571 -1505.0000000000
7572 -1504.0000000000
7611 -1503.0000000000
7635 -1502.0000000000
7652 -1501.0000000000
7662 -1500.0000000000
7696 -1498.0000000000
7770 -1497.0000000000
7796 -1495.0000000000
7824 -1494.0000000000
7850 -1492.0000000000
7877 -1491.0000000000
7883 -1490.0000000000
7913 -1489.0000000000
7944 -1488.0000000000
7969 -1487.0000000000
7976 -1485.0000000000
8011 -1484.0000000000
8024 -1483.0000000000
8055 -1482.0000000000
8077 -1481.0000000000
8093 -1479.0000000000
8094 -1478.0000000000
8124 -1477.0000000000
8134 -1476.0000000000
8185 -1475.0000000000
8205 -1473.0000000000
8238 -1472.0000000000
8269 -1471.0000000000
8303 -1470.0000000000
8325 -1469.0000000000
8340 -1467.0000000000
8345 -1466.0000000000
8399 -1465.0000000000
8447 -1464.0000000000
8469 -1463.0000000000
8482 -1462.0000000000
8485 -1461.0000000000
8500 -1460.0000000000
8507 -1459.0000000000
8520 -1458.0000000000
8539 -1457.0000000000
8579 -1456.0000000000
8590 -1455.0000000000
8615 -1454.0000000000
8632 -1453.0000000000
8633 -1451.0000000000
8709 -1450.0000000000
8721 -1449.0000000000
8764 -1448.0000000000
8765 -1446.0000000000
8788 -1445.0000000000
8823 -1444.0000000000
8833 -1443.0000000000
8860 -1442.0000000000
8870 -1441.0000000000
8892 -1440.0000000000
8916 -1439.0000000000
8938 -1438.0000000000
8950 -1437.0000000000
8981 -1436.0000000000
8990 -1435.0000000000
9025 -1434.0000000000
9035 -1433.0000000000
9056 -1432.0000000000
9076 -1431.0000000000
9110 -1428.0000000000
9141 -1427.0000000000
9177 -1426.0000000000
9179 -1425.0000000000
9223 -1424.0000000000
9248 -1423.0000000000
9253 -1421.0000000000
9308 -1420.0000000000
9320 -1419.0000000000
9356 -1418.0000000000
9390 -1417.0000000000
9425 -1416.0000000000
9439 -1415.0000000000
9441 -1414.0000000000
9446 -1413.0000000000
9453 -1412.0000000000
9492 -1411.0000000000
9549 -1410.0000000000
9551 -1409.0000000000
9576 -1408.0000000000
9613 -1407.0000000000
9618 -1406.0000000000
9638 -1405.0000000000
9675 -1404.0000000000
9694 -1403.0000000000
9724 -1402.0000000000
9750 -1401.0000000000
9771 -1400.0000000000
9783 -1399.0000000000
9811 -1398.0000000000
9855 -1397.0000000000
9871 -1396.0000000000
9932 -1395.0000000000
9987 -1394.0000000000
10000 -1395.0000000000
evaluations raw_y
1 -2017.0000000000
2 -1952.0000000000
39 -1950.0000000000
47 -1948.0000000000
63 -1947.0000000000
81 -1945.0000000000
104 -1944.0000000000
108 -1943.0000000000
149 -1941.0000000000
182 -1940.0000000000
184 -1938.0000000000
186 -1937.0000000000
228 -1936.0000000000
235 -1935.0000000000
249 -1934.0000000000
291 -1933.0000000000
317 -1932.0000000000
336 -1931.0000000000
342 -1928.0000000000
345 -1927.0000000000
346 -1926.0000000000
348 -1924.0000000000
362 -1923.0000000000
377 -1922.0000000000
386 -1921.0000000000
401 -1920.0000000000
411 -1919.0000000000
425 -1918.0000000000
439 -1917.0000000000
456 -1916.0000000000
476 -1915.0000000000
494 -1914.0000000000
500 -1913.0000000000
507 -1912.0000000000
551 -1910.0000000000
553 -1909.0000000000
606 -1908.0000000000
618 -1906.0000000000
629 -1905.0000000000
637 -1904.0000000000
640 -1903.0000000000
659 -1901.0000000000
703 -1900.0000000000
704 -1899.0000000000
709 -1897.0000000000
756 -1896.0000000000
757 -1895.0000000000
788 -1894.0000000000
789 -1892.0000000000
820 -1891.0000000000
833 -1890.0000000000
858 -1889.0000000000
862 -1888.0000000000
866 -1886.0000000000
909 -1885.0000000000
942 -1884.0000000000
959 -1883.0000000000
984 -1882.0000000000
986 -1881.0000000000
988 -1880.0000000000
1002 -1879.0000000000
1028 -1878.0000000000
1040 -1877.0000000000
1045 -1876.0000000000
1049 -1875.0000000000
1070 -1873.0000000000
1096 -1871.0000000000
1097 -1869.0000000000
1164 -1868.0000000000
1188 -1867.0000000000
1198 -1866.0000000000
1222 -1865.0000000000
1233 -1864.0000000000
1241 -1863.0000000000
1247 -1862.0000000000
1259 -1861.0000000000
1291 -1860.0000000000
1298 -1859.0000000000
1321 -1858.0000000000
1327 -1857.0000000000
1349 -1856.0000000000
1355 -1855.0000000000
1372 -1854.0000000000
1376 -1852.0000000000
1403 -1851.0000000000
1430 -1850.0000000000
1439 -1849.0000000000
1461 -1848.0000000000
1487 -1847.0000000000
1488 -1846.0000000000
1534 -1845.0000000000
1551 -1844.0000000000
1561 -1843.0000000000
1589 -1841.0000000000
1603 -1840.0000000000
1621 -1837.0000000000
1642 -1836.0000000000
1697 -1834.0000000000
1703 -1833.0000000000
1722 -1832.0000000000
1732 -1831.0000000000
1757 -1830.0000000000
1783 -1829.0000000000
1798 -1828.0000000000
1813 -1827.0000000000
1833 -1826.0000000000
1845 -1824.0000000000
1883 -1823.0000000000
1911 -1822.0000000000
1922 -1821.0000000000
1925 -1820.0000000000
1932 -1819.0000000000
1962 -1818.0000000000
1974 -1817.0000000000
2010 -1816.0000000000
2016 -1815.0000000000
2028 -1814.0000000000
2062 -1813.0000000000
2069 -1812.0000000000
2101 -1811.0000000000
2118 -1810.0000000000
2143 -1809.0000000000
2162 -1808.0000000000
2166 -1807.0000000000
2171 -1806.0000000000
2185 -1805.0000000000
2206 -1804.0000000000
2222 -1802.0000000000
2246 -1801.0000000000
2272 -1797.0000000000
2283 -1796.0000000000
2302 -1794.0000000000
2342 -1792.0000000000
2405 -1791.0000000000
2434 -1790.0000000000
2440 -1789.0000000000
2462 -1788.0000000000
2468 -1787.0000000000
2510 -1785.0000000000
2555 -1784.0000000000
2556 -1783.0000000000
2591 -1782.0000000000
2595 -1781.0000000000
2596 -1780.0000000000
2612 -1779.0000000000
2615 -1778.0000000000
2659 -1776.0000000000
2683 -1775.0000000000
2691 -1774.0000000000
2705 -1773.0000000000
2718 -1771.0000000000
2741 -1770.0000000000
2755 -1769.0000000000
2759 -1768.0000000000
2769 -1767.0000000000
2783 -1766.0000000000
2802 -1765.0000000000
2834 -1764.0000000000
2843 -1762.0000000000
2864 -1761.0000000000
2869 -1760.0000000000
2882 -1759.0000000000
2900 -1758.0000000000
2913 -1757.0000000000
2932 -1756.0000000000
2933 -1755.0000000000
2984 -1754.0000000000
3005 -1753.0000000000
3011 -1752.0000000000
3035 -1751.0000000000
3089 -1750.0000000000
3093 -1749.0000000000
3112 -1748.0000000000
3116 -1747.0000000000
3125 -1746.0000000000
3140 -1745.0000000000
3152 -1743.0000000000
3196 -1742.0000000000
3200 -1741.0000000000
3218 -1740.0000000000
3233 -1738.0000000000
3251 -1736.0000000000
3295 -1735.0000000000
3299 -1734.0000000000
3311 -1733.0000000000
3327 -1732.0000000000
3363 -1731.0000000000
3369 -1730.0000000000
3381 -1729.0000000000
3415 -1728.0000000000
3419 -1725.0000000000
3437 -1723.0000000000
3489 -1722.0000000000
3560 -1721.0000000000
3568 -1720.0000000000
3589 -1719.0000000000
3602 -1717.0000000000
3636 -1716.0000000000
3639 -1715.0000000000
3661 -1713.0000000000
3687 -1711.0000000000
3719 -1710.0000000000
3724 -1709.0000000000
3753 -1708.0000000000
3761 -1707.0000000000
3762 -1706.0000000000
3778 -1705.0000000000
3795 -1704.0000000000
3818 -1703.0000000000
3842 -1702.0000000000
3858 -1700.0000000000
3891 -1699.0000000000
3931 -1698.0000000000
3935 -1696.0000000000
3987 -1695.0000000000
4009 -1694.0000000000
4024 -1693.0000000000
4059 -1692.0000000000
4081 -1691.0000000000
4098 -1690.0000000000
4111 -1689.0000000000
4117 -1688.0000000000
4124 -1687.0000000000
4141 -1686.0000000000
4143 -1685.0000000000
4161 -1684.0000000000
4163 -1683.0000000000
4165 -1682.0000000000
4217 -1681.0000000000
4225 -1680.0000000000
4239 -1679.0000000000
4241 -1678.0000000000
4270 -1677.0000000000
4295 -1676.0000000000
4302 -1673.0000000000
4326 -1672.0000000000
4363 -1671.0000000000
4389 -1670.0000000000
4417 -1668.0000000000
4459 -1666.0000000000
4481 -1664.0000000000
4499 -1663.0000000000
4501 -1662.0000000000
4518 -1661.0000000000
4528 -1660.0000000000
4529 -1659.0000000000
4585 -1657.0000000000
4599 -1656.0000000000
4641 -1655.0000000000
4655 -1653.0000000000
4661 -1652.0000000000
4678 -1650.0000000000
4685 -1648.0000000000
4697 -1647.0000000000
4731 -1646.0000000000
4763 -1644.0000000000
4768 -1643.0000000000
4790 -1642.0000000000
4798 -1641.0000000000
4831 -1640.0000000000
4835 -1639.0000000000
4869 -1638.0000000000
4906 -1637.0000000000
4918 -1636.0000000000
4946 -1635.0000000000
4958 -1634.0000000000
4989 -1633.0000000000
5011 -1632.0000000000
5041 -1631.0000000000
5043 -1630.0000000000
5054 -1628.0000000000
5082 -1627.0000000000
5139 -1626.0000000000
5146 -1625.0000000000
5163 -1624.0000000000
5189 -1622.0000000000
5235 -1621.0000000000
5268 -1619.0000000000
5310 -1618.0000000000
5319 -1616.0000000000
5346 -1614.0000000000
5386 -1613.0000000000
5428 -1612.0000000000
5455 -1611.0000000000
5469 -1609.0000000000
5491 -1607.0000000000
5530 -1605.0000000000
5549 -1604.0000000000
5553 -1603.0000000000
5560 -1602.0000000000
5607 -1601.0000000000
5616 -1600.0000000000
5662 -1599.0000000000
5677 -1597.0000000000
5705 -1596.0000000000
5738 -1595.0000000000
5752 -1594.0000000000
5754 -1593.0000000000
5768 -1592.0000000000
5806 -1591.0000000000
5809 -1589.0000000000
5810 -1588.0000000000
5861 -1587.0000000000
5874 -1586.0000000000
5888 -1585.0000000000
5921 -1584.0000000000
5951 -1583.0000000000
5953 -1582.0000000000
5993 -1581.0000000000
5999 -1580.0000000000
6008 -1579.0000000000
6017 -1578.0000000000
6053 -1577.0000000000
6065 -1575.0000000000
6135 -1574.0000000000
6147 -1573.0000000000
6162 -1572.0000000000
6180 -1570.0000000000
6229 -1569.0000000000
6231 -1567.0000000000
6309 -1566.0000000000
6325 -1565.0000000000
6333 -1564.0000000000
6363 -1563.0000000000
6409 -1562.0000000000
6416 -1561.0000000000
6441 -1560.0000000000
6448 -1559.0000000000
6460 -1558.0000000000
6466 -1557.0000000000
6467 -1556.0000000000
6481 -1555.0000000000
6500 -1553.0000000000
6560 -1552.0000000000
6570 -1551.0000000000
6585 -1550.0000000000
6609 -1549.0000000000
6623 -1548.0000000000
6631 -1547.0000000000
6706 -1546.0000000000
6726 -1543.0000000000
6736 -1542.0000000000
6754 -1540.0000000000
6784 -1539.0000000000
6794 -1538.0000000000
6811 -1537.0000000000
6816 -1536.0000000000
6853 -1535.0000000000
6864 -1534.0000000000
6904 -1532.0000000000
6936 -1531.0000000000
6976 -1529.0000000000
6984 -1528.0000000000
7006 -1527.0000000000
7014 -1526.0000000000
7087 -1525.0000000000
7097 -1524.0000000000
7121 -1523.0000000000
7145 -1522.0000000000
7157 -1521.0000000000
7181 -1519.0000000000
7229 -1518.0000000000
7235 -1517.0000000000
7259 -1515.0000000000
7324 -1514.0000000000
7355 -1513.0000000000
7374 -1512.0000000000
7433 -1511.0000000000
7451 -1510.0000000000
7480 -1509.0000000000
7495 -1508.0000000000
7510 -1507.0000000000
7549 -1506.0000000000
7577 -1505.0000000000
7600 -1504.0000000000
7631 -1502.0000000000
7634 -1501.0000000000
7673 -1500.0000000000
7683 -1499.0000000000
7724 -1498.0000000000
7739 -1497.0000000000
7741 -1496.0000000000
7755 -1495.0000000000
7764 -1494.0000000000
7781 -1493.0000000000
7818 -1492.0000000000
7823 -1491.0000000000
7890 -1489.0000000000
7891 -1488.0000000000
7916 -1487.0000000000
7928 -1485.0000000000
7938 -1484.0000000000
7975 -1483.0000000000
7982 -1482.0000000000
7985 -1481.0000000000
8034 -1480.0000000000
8046 -1479.0000000000
8066 -1478.0000000000
8115 -1477.0000000000
8140 -1476.0000000000
8177 -1475.0000000000
8191 -1474.0000000000
8202 -1473.0000000000
8243 -1472.0000000000
8260 -1471.0000000000
8270 -1470.0000000000
8282 -1468.0000000000
8332 -1466.0000000000
8386 -1465.0000000000
8425 -1463.0000000000
8444 -1462.0000000000
8468 -1461.0000000000
8483 -1460.0000000000
8513 -1459.0000000000
8553 -1458.0000000000
8581 -1457.0000000000
8610 -1456.0000000000
8617 -1455.0000000000
8643 -1454.0000000000
8651 -1453.0000000000
8684 -1452.0000000000
8706 -1451.0000000000
8716 -1450.0000000000
8734 -1449.0000000000
8780 -1448.0000000000
8830 -1447.0000000000
8846 -1446.0000000000
8909 -1445.0000000000
8930 -1444.0000000000
8962 -1442.0000000000
8968 -1441.0000000000
9009 -1440.0000000000
9017 -1439.0000000000
9021 -1438.0000000000
9041 -1435.0000000000
9095 -1434.0000000000
9106 -1433.0000000000
9179 -1432.0000000000
9211 -1431.0000000000
9240 -1430.0000000000
9249 -1429.0000000000
9271 -1428.0000000000
9283 -1427.0000000000
9309 -1426.0000000000
9338 -1425.0000000000
9345 -1424.0000000000
9373 -1423.0000000000
9402 -1422.0000000000
9427 -1421.0000000000
9442 -1420.0000000000
9459 -1419.0000000000
9474 -1418.0000000000
9483 -1417.0000000000
9490 -1416.0000000000
9514 -1415.0000000000
9553 -1414.0000000000
9571 -1413.0000000000
9588 -1412.0000000000
9592 -1411.0000000000
9630 -1409.0000000000
9652 -1408.0000000000
9653 -1407.0000000000
9668 -1406.0000000000
9684 -1405.0000000000
9689 -1404.0000000000
9734 -1403.0000000000
9744 -1401.0000000000
9781 -1400.0000000000
9835 -1399.0000000000
9849 -1398.0000000000
9863 -1397.0000000000
9866 -1396.0000000000
9891 -1395.0000000000
9984 -1394.0000000000
9990 -1393.0000000000
10000 -1397.0000000000
evaluations raw_y
1 -2029.0000000000
2 -2000.0000000000
10 -1995.0000000000
14 -1966.0000000000
97 -1965.0000000000
123 -1964.0000000000
142 -1963.0000000000
149 -1962.0000000000
165 -1961.0000000000
173 -1960.0000000000
211 -1959.0000000000
243 -1958.0000000000
248 -1957.0000000000
260 -1956.0000000000
279 -1955.0000000000
309 -1954.0000000000
319 -1952.0000000000
331 -1951.0000000000
363 -1950.0000000000
376 -1948.0000000000
396 -1947.0000000000
413 -1946.0000000000
442 -1945.0000000000
463 -1944.0000000000
489 -1943.0000000000
506 -1942.0000000000
528 -1941.0000000000
535 -1940.0000000000
559 -1938.0000000000
561 -1937.0000000000
587 -1936.0000000000
610 -1934.0000000000
645 -1933.0000000000
655 -1932.0000000000
678 -1931.0000000000
695 -1930.0000000000
723 -1928.0000000000
734 -1927.0000000000
765 -1926.0000000000
775 -1925.0000000000
804 -1924.0000000000
808 -1923.0000000000
813 -1922.0000000000
836 -1921.0000000000
848 -1920.0000000000
854 -1919.0000000000
867 -1917.0000000000
918 -1916.0000000000
923 -1915.0000000000
940 -1913.0000000000
982 -1912.0000000000
990 -1911.0000000000
1019 -1910.0000000000
1020 -1909.0000000000
1066 -1908.0000000000
1082 -1907.0000000000
1091 -1906.0000000000
1115 -1905.0000000000
1142 -1904.0000000000
1149 -1902.0000000000
1162 -1901.0000000000
1165 -1900.0000000000
1184 -1899.0000000000
1208 -1898.0000000000
1215 -1897.0000000000
1224 -1896.0000000000
1249 -1895.0000000000
1260 -1894.0000000000
1274 -1892.0000000000
1276 -1891.0000000000
1319 -1890.0000000000
1329 -1889.0000000000
1349 -1888.0000000000
1370 -1887.0000000000
1382 -1886.0000000000
1397 -1885.0000000000
1409 -1884.0000000000
1433 -1883.0000000000
1439 -1882.0000000000
1445 -1881.0000000000
1482 -1880.0000000000
1496 -1879.0000000000
1531 -1876.0000000000
1561 -1875.0000000000
1579 -1874.0000000000
1598 -1873.0000000000
1608 -1872.0000000000
1616 -1871.0000000000
1617 -1870.0000000000
1672 -1869.0000000000
1680 -1868.0000000000
1697 -1867.0000000000
1708 -1864.0000000000
1729 -1863.0000000000
1754 -1862.0000000000
1783 -1861.0000000000
1803 -1859.0000000000
1821 -1858.0000000000
1836 -1857.0000000000
1863 -1856.0000000000
1866 -1854.0000000000
1873 -1851.0000000000
1918 -1850.0000000000
1921 -1849.0000000000
1923 -1848.0000000000
1933 -1847.0000000000
1952 -1845.0000000000
1968 -1844.0000000000
1992 -1842.0000000000
2032 -1840.0000000000
2037 -1839.0000000000
2073 -1838.0000000000
2085 -1837.0000000000
2106 -1835.0000000000
2126 -1834.0000000000
2147 -1833.0000000000
2155 -1832.0000000000
2172 -1831.0000000000
2199 -1830.0000000000
2213 -1829.0000000000
2241 -1828.0000000000
2245 -1827.0000000000
2256 -1826.0000000000
2265 -1825.0000000000
2281 -1824.0000000000
2286 -1823.0000000000
2291 -1821.0000000000
2317 -1820.0000000000
2354 -1819.0000000000
2371 -1818.0000000000
2377 -1817.0000000000
2425 -1816.0000000000
2429 -1815.0000000000
2436 -1812.0000000000
2466 -1811.0000000000
2486 -1808.0000000000
2520 -1807.0000000000
2541 -1806.0000000000
2571 -1805.0000000000
2582 -1804.0000000000
2584 -1803.0000000000
2601 -1802.0000000000
2606 -1801.0000000000
2638 -1800.0000000000
2664 -1798.0000000000
2676 -1797.0000000000
2679 -1796.0000000000
2699 -1795.0000000000
2721 -1794.0000000000
2756 -1793.0000000000
2782 -1792.0000000000
2796 -1791.0000000000
2812 -1790.0000000000
2831 -1789.0000000000
2850 -1788.0000000000
2859 -1787.0000000000
2865 -1786.0000000000
2870 -1785.0000000000
2906 -1784.0000000000
2917 -1783.0000000000
2923 -1782.0000000000
2932 -1781.0000000000
2943 -1780.0000000000
2965 -1779.0000000000
2978 -1778.0000000000
2980 -1777.0000000000
3003 -1776.0000000000
3023 -1775.0000000000
3052 -1774.0000000000
3065 -1773.0000000000
3077 -1772.0000000000
3094 -1771.0000000000
3113 -1770.0000000000
3121 -1769.0000000000
3143 -1768.0000000000
3154 -1767.0000000000
3187 -1766.0000000000
3190 -1765.0000000000
3202 -1764.0000000000
3209 -1763.0000000000
3245 -1762.0000000000
3249 -1760.0000000000
3307 -1758.0000000000
3348 -1757.0000000000
3377 -1756.0000000000
3380 -1754.0000000000
3407 -1753.0000000000
3454 -1752.0000000000
3487 -1751.0000000000
3493 -1749.0000000000
3505 -1748.0000000000
3507 -1747.0000000000
3544 -1746.0000000000
3556 -1745.0000000000
3558 -1744.0000000000
3576 -1743.0000000000
3611 -1742.0000000000
3632 -1741.0000000000
3649 -1740.0000000000
3665 -1739.0000000000
3683 -1738.0000000000
3696 -1737.0000000000
3724 -1736.0000000000
3739 -1735.0000000000
3759 -1734.0000000000
3799 -1732.0000000000
3833 -1731.0000000000
3876 -1730.0000000000
3892 -1729.0000000000
3906 -1728.0000000000
3926 -1727.0000000000
3950 -1726.0000000000
3974 -1725.0000000000
3994 -1724.0000000000
4022 -1721.0000000000
4076 -1720.0000000000
4109 -1719.0000000000
4118 -1718.0000000000
4155 -1717.0000000000
4165 -1716.0000000000
4181 -1715.0000000000
4198 -1714.0000000000
4201 -1713.0000000000
4235 -1712.0000000000
4276 -1711.0000000000
4287 -1710.0000000000
4304 -1709.0000000000
4311 -1708.0000000000
4342 -1707.0000000000
4344 -1706.0000000000
4351 -1704.0000000000
4374 -1703.0000000000
4382 -1702.0000000000
4398 -1701.0000000000
4432 -1700.0000000000
4480 -1699.0000000000
4497 -1698.0000000000
4509 -1696.0000000000
4558 -1695.0000000000
4560 -1694.0000000000
4577 -1693.0000000000
4621 -1692.0000000000
4639 -1691.0000000000
4647 -1690.0000000000
4648 -1689.0000000000
4667 -1688.0000000000
4684 -1687.0000000000
4694 -1686.0000000000
4705 -1685.0000000000
4733 -1684.0000000000
4762 -1683.0000000000
4796 -1682.0000000000
4819 -1681.0000000000
4835 -1679.0000000000
4885 -1677.0000000000
4932 -1676.0000000000
4940 -1675.0000000000
4964 -1674.0000000000
4968 -1673.0000000000
5005 -1672.0000000000
5015 -1671.0000000000
5022 -1670.0000000000
5027 -1669.0000000000
5029 -1667.0000000000
5050 -1666.0000000000
5079 -1665.0000000000
5091 -1664.0000000000
5112 -1663.0000000000
5121 -1661.0000000000
5151 -1660.0000000000
5161 -1659.0000000000
5172 -1658.0000000000
5196 -1657.0000000000
5206 -1656.0000000000
5227 -1655.0000000000
5253 -1654.0000000000
5282 -1653.0000000000
5291 -1652.0000000000
5313 -1651.0000000000
5322 -1650.0000000000
5347 -1649.0000000000
5383 -1648.0000000000
5391 -1647.0000000000
5431 -1646.0000000000
5437 -1645.0000000000
5448 -1644.0000000000
5451 -1643.0000000000
5480 -1641.0000000000
5486 -1640.0000000000
5526 -1639.0000000000
5554 -1638.0000000000
5560 -1637.0000000000
5572 -1636.0000000000
5574 -1635.0000000000
5610 -1634.0000000000
5638 -1632.0000000000
5679 -1630.0000000000
5704 -1629.0000000000
5725 -1628.0000000000
5730 -1627.0000000000
5751 -1625.0000000000
5754 -1624.0000000000
5760 -1622.0000000000
5779 -1621.0000000000
5827 -1619.0000000000
5866 -1617.0000000000
5892 -1616.0000000000
5915 -1615.0000000000
5941 -1614.0000000000
5950 -1613.0000000000
5983 -1612.0000000000
6019 -1611.0000000000
6040 -1610.0000000000
6074 -1609.0000000000
6095 -1608.0000000000
6114 -1607.0000000000
6122 -1606.0000000000
6134 -1605.0000000000
6141 -1604.0000000000
6163 -1603.0000000000
6186 -1602.0000000000
6213 -1601.0000000000
6221 -1600.0000000000
6255 -1599.0000000000
6260 -1598.0000000000
6294 -1597.0000000000
6306 -1596.0000000000
6338 -1594.0000000000
6378 -1593.0000000000
6380 -1592.0000000000
6381 -1590.0000000000
6411 -1588.0000000000
6458 -1587.0000000000
6465 -1586.0000000000
6484 -1585.0000000000
6510 -1584.0000000000
6530 -1583.0000000000
6550 -1582.0000000000
6552 -1581.0000000000
6570 -1580.0000000000
6586 -1579.0000000000
6617 -1578.0000000000
6633 -1577.0000000000
6639 -1576.0000000000
6660 -1575.0000000000
6674 -1574.0000000000
6707 -1573.0000000000
6734 -1571.0000000000
6775 -1570.0000000000
6802 -1569.0000000000
6810 -1568.0000000000
6850 -1567.0000000000
6855 -1566.0000000000
6864 -1565.0000000000
6880 -1564.0000000000
6928 -1563.0000000000
6929 -1562.0000000000
6977 -1561.0000000000
6989 -1560.0000000000
6991 -1559.0000000000
7012 -1558.0000000000
7013 -1557.0000000000
7038 -1556.0000000000
7041 -1555.0000000000
7042 -1554.0000000000
7083 -1553.0000000000
7088 -1552.0000000000
7090 -1551.0000000000
7151 -1549.0000000000
7163 -1548.0000000000
7179 -1547.0000000000
7211 -1546.0000000000
7251 -1545.0000000000
7253 -1544.0000000000
7296 -1543.0000000000
7316 -1542.0000000000
7326 -1541.0000000000
7369 -1540.0000000000
7397 -1539.0000000000
7431 -1538.0000000000
7447 -1537.0000000000
7482 -1536.0000000000
7511 -1535.0000000000
7543 -1534.0000000000
7563 -1533.0000000000
7591 -1532.0000000000
7597 -1531.0000000000
7635 -1530.0000000000
7647 -1529.0000000000
7657 -1528.0000000000
7679 -1527.0000000000
7709 -1526.0000000000
7722 -1525.0000000000
7743 -1524.0000000000
7745 -1523.0000000000
7779 -1522.0000000000
7812 -1521.0000000000
7824 -1520.0000000000
7832 -1519.0000000000
7855 -1518.0000000000
7860 -1517.0000000000
7895 -1516.0000000000
7909 -1515.0000000000
7924 -1514.0000000000
7940 -1513.0000000000
7977 -1511.0000000000
7995 -1509.0000000000
8003 -1507.0000000000
8078 -1506.0000000000
8119 -1505.0000000000
8153 -1504.0000000000
8167 -1503.0000000000
8177 -1502.0000000000
8178 -1501.0000000000
8199 -1500.0000000000
8219 -1498.0000000000
8254 -1497.0000000000
8278 -1496.0000000000
8284 -1495.0000000000
8302 -1494.0000000000
8304 -1493.0000000000
8326 -1491.0000000000
8396 -1490.0000000000
8415 -1489.0000000000
8429 -1488.0000000000
8430 -1486.0000000000
8459 -1485.0000000000
8476 -1484.0000000000
8500 -1483.0000000000
8502 -1482.0000000000
8532 -1481.0000000000
8578 -1480.0000000000
8580 -1479.0000000000
8624 -1478.0000000000
8631 -1477.0000000000
8650 -1476.0000000000
8657 -1475.0000000000
8673 -1474.0000000000
8721 -1473.0000000000
8733 -1472.0000000000
8756 -1471.0000000000
8784 -1470.0000000000
8804 -1469.0000000000
8841 -1468.0000000000
8848 -1467.0000000000
8863 -1466.0000000000
8874 -1465.0000000000
8907 -1464.0000000000
8928 -1463.0000000000
8936 -1462.0000000000
8966 -1461.0000000000
9022 -1460.0000000000
9044 -1458.0000000000
9090 -1457.0000000000
9098 -1456.0000000000
9109 -1455.0000000000
9143 -1454.0000000000
9169 -1452.0000000000
9172 -1451.0000000000
9184 -1450.0000000000
9242 -1448.0000000000
9301 -1447.0000000000
9352 -1446.0000000000
9367 -1445.0000000000
9378 -1444.0000000000
9387 -1443.0000000000
9429 -1442.0000000000
9455 -1441.0000000000
9478 -1440.0000000000
9496 -1439.0000000000
9518 -1438.0000000000
9528 -1437.0000000000
9535 -1436.0000000000
9543 -1434.0000000000
9544 -1432.0000000000
9580 -1430.0000000000
9599 -1429.0000000000
9647 -1427.0000000000
9655 -1426.0000000000
9682 -1425.0000000000
9700 -1423.0000000000
9746 -1422.0000000000
9772 -1421.0000000000
9792 -1418.0000000000
9801 -1417.0000000000
9832 -1416.0000000000
9869 -1415.0000000000
9896 -1414.0000000000
9954 -1413.0000000000
9971 -1412.0000000000
9998 -1411.0000000000
10000 -1413.0000000000
evaluations raw_y
1 -1976.0000000000
6 -1975.0000000000
11 -1967.0000000000
40 -1966.0000000000
73 -1965.0000000000
76 -1964.0000000000
113 -1963.0000000000
140 -1962.0000000000
145 -1961.0000000000
172 -1960.0000000000
195 -1959.0000000000
211 -1958.0000000000
225 -1957.0000000000
252 -1956.0000000000
262 -1955.0000000000
271 -1954.0000000000
278 -1953.0000000000
288 -1952.0000000000
300 -1951.0000000000
321 -1950.0000000000
332 -1949.0000000000
363 -1948.0000000000
371 -1947.0000000000
378 -1946.0000000000
397 -1945.0000000000
419 -1943.0000000000
425 -1942.0000000000
469 -1941.0000000000
488 -1940.0000000000
516 -1939.0000000000
531 -1937.0000000000
558 -1936.0000000000
565 -1934.0000000000
602 -1933.0000000000
616 -1931.0000000000
619 -1930.0000000000
658 -1929.0000000000
678 -1928.0000000000
685 -1927.0000000000
697 -1926.0000000000
724 -1925.0000000000
732 -1924.0000000000
738 -1923.0000000000
748 -1922.0000000000
786 -1921.0000000000
795 -1920.0000000000
799 -1919.0000000000
800 -1918.0000000000
820 -1917.0000000000
837 -1916.0000000000
846 -1915.0000000000
860 -1913.0000000000
880 -1912.0000000000
893 -1911.0000000000
909 -1910.0000000000
914 -1909.0000000000
919 -1908.0000000000
957 -1907.0000000000
967 -1905.0000000000
988 -1904.0000000000
1002 -1903.0000000000
1017 -1902.0000000000
1047 -1901.0000000000
1068 -1900.0000000000
1078 -1896.0000000000
1085 -1895.0000000000
1113 -1893.0000000000
1117 -1891.0000000000
1156 -1890.0000000000
1179 -1889.0000000000
1191 -1888.0000000000
1193 -1886.0000000000
1194 -1885.0000000000
1211 -1884.0000000000
1240 -1883.0000000000
1252 -1882.0000000000
1260 -1881.0000000000
1267 -1880.0000000000
1279 -1879.0000000000
1311 -1878.0000000000
1327 -1877.0000000000
1332 -1876.0000000000
1342 -1875.0000000000
1354 -1874.0000000000
1358 -1873.0000000000
1389 -1870.0000000000
1419 -1869.0000000000
1444 -1868.0000000000
1448 -1867.0000000000
1449 -1866.0000000000
1456 -1865.0000000000
1478 -1864.0000000000
1535 -1863.0000000000
1537 -1862.0000000000
1573 -1861.0000000000
1587 -1860.0000000000
1602 -1859.0000000000
1611 -1858.0000000000
1631 -1857.0000000000
1650 -1856.0000000000
1679 -1853.0000000000
1695 -1850.0000000000
1723 -1849.0000000000
1740 -1848.0000000000
1788 -1847.0000000000
1798 -1846.0000000000
1813 -1845.0000000000
1819 -1844.0000000000
1841 -1843.0000000000
1870 -1842.0000000000
1889 -1841.0000000000
1925 -1840.0000000000
1932 -1839.0000000000
1935 -1838.0000000000
1941 -1836.0000000000
1964 -1835.0000000000
1968 -1832.0000000000
1988 -1831.0000000000
2012 -1830.0000000000
2028 -1829.0000000000
2050 -1828.0000000000
2056 -1827.0000000000
2082 -1826.0000000000
2107 -1825.0000000000
2110 -1824.0000000000
2131 -1823.0000000000
2146 -1822.0000000000
2163 -1821.0000000000
2171 -1820.0000000000
2176 -1819.0000000000
2211 -1818.0000000000
2230 -1817.0000000000
2255 -1816.0000000000
2267 -1815.0000000000
2298 -1814.0000000000
2303 -1811.0000000000
2330 -1810.0000000000
2370 -1809.0000000000
2397 -1808.0000000000
2411 -1807.0000000000
2417 -1806.0000000000
2422 -1805.0000000000
2433 -1804.0000000000
2458 -1803.0000000000
2466 -1802.0000000000
2476 -1799.0000000000
2515 -1798.0000000000
2547 -1797.0000000000
2549 -1796.0000000000
2564 -1795.0000000000
2593 -1794.0000000000
2596 -1793.0000000000
2621 -1792.0000000000
2653 -1791.0000000000
2662 -1790.0000000000
2673 -1789.0000000000
2701 -1788.0000000000
2709 -1787.0000000000
2713 -1786.0000000000
2715 -1785.0000000000
2718 -1783.0000000000
2754 -1782.0000000000
2769 -1781.0000000000
2805 -1780.0000000000
2809 -1779.0000000000
2840 -1777.0000000000
2855 -1776.0000000000
2864 -1775.0000000000
2876 -1774.0000000000
2897 -1773.0000000000
2927 -1772.0000000000
2937 -1771.0000000000
2963 -1770.0000000000
2969 -1769.0000000000
3001 -1768.0000000000
3019 -1767.0000000000
3053 -1766.0000000000
3057 -1765.0000000000
3074 -1764.0000000000
3092 -1763.0000000000
3125 -1762.0000000000
3132 -1761.0000000000
3151 -1760.0000000000
3167 -1759.0000000000
3190 -1757.0000000000
3224 -1756.0000000000
3237 -1753.0000000000
3256 -1752.0000000000
3292 -1750.0000000000
3299 -1749.0000000000
3356 -1747.0000000000
3394 -1746.0000000000
3400 -1745.0000000000
3426 -1744.0000000000
3444 -1743.0000000000
3457 -1742.0000000000
3485 -1741.0000000000
3511 -1740.0000000000
3517 -1739.0000000000
3566 -1738.0000000000
3570 -1737.0000000000
3574 -1736.0000000000
3607 -1735.0000000000
3621 -1734.0000000000
3626 -1733.0000000000
3662 -1732.0000000000
3674 -1731.0000000000
3692 -1730.0000000000
3733 -1729.0000000000
3734 -1728.0000000000
3745 -1727.0000000000
3759 -1726.0000000000
3788 -1725.0000000000
3794 -1724.0000000000
3797 -1723.0000000000
3803 -1722.0000000000
3812 -1721.0000000000
3815 -1720.0000000000
3826 -1719.0000000000
3846 -1718.0000000000
3880 -1717.0000000000
3898 -1716.0000000000
3919 -1715.0000000000
3922 -1714.0000000000
3972 -1713.0000000000
3989 -1712.0000000000
4016 -1711.0000000000
4017 -1709.0000000000
4048 -1708.0000000000
4072 -1707.0000000000
4090 -1706.0000000000
4116 -1705.0000000000
4127 -1704.0000000000
4128 -1703.0000000000
4133 -1702.0000000000
4140 -1701.0000000000
4168 -1698.0000000000
4219 -1697.0000000000
4248 -1696.0000000000
4276 -1695.0000000000
4299 -1694.0000000000
4304 -1693.0000000000
4331 -1692.0000000000
4352 -1691.0000000000
4370 -1690.0000000000
4375 -1688.0000000000
4421 -1687.0000000000
4442 -1686.0000000000
4444 -1685.0000000000
4457 -1684.0000000000
4480 -1683.0000000000
4505 -1682.0000000000
4523 -1681.0000000000
4525 -1680.0000000000
4527 -1679.0000000000
4567 -1678.0000000000
4588 -1677.0000000000
4610 -1676.0000000000
4615 -1674.0000000000
4669 -1673.0000000000
4677 -1672.0000000000
4692 -1671.0000000000
4704 -1670.0000000000
4740 -1669.0000000000
4757 -1668.0000000000
4778 -1667.0000000000
4816 -1666.0000000000
4849 -1664.0000000000
4868 -1662.0000000000
4930 -1661.0000000000
4947 -1660.0000000000
4965 -1659.0000000000
4973 -1658.0000000000
4998 -1657.0000000000
5024 -1655.0000000000
5034 -1654.0000000000
5099 -1653.0000000000
5115 -1652.0000000000
5127 -1650.0000000000
5128 -1649.0000000000
5137 -1648.0000000000
5156 -1647.0000000000
5194 -1646.0000000000
5224 -1645.0000000000
5248 -1644.0000000000
5260 -1643.0000000000
5275 -1642.0000000000
5291 -1641.0000000000
5324 -1639.0000000000
5362 -1638.0000000000
5392 -1637.0000000000
5409 -1636.0000000000
5421 -1635.0000000000
5429 -1634.0000000000
5441 -1633.0000000000
5481 -1631.0000000000
5511 -1630.0000000000
5536 -1629.0000000000
5572 -1628.0000000000
5580 -1627.0000000000
5584 -1626.0000000000
5592 -1625.0000000000
5614 -1624.0000000000
5639 -1623.0000000000
5667 -1622.0000000000
5683 -1621.0000000000
5699 -1620.0000000000
5723 -1619.0000000000
5781 -1618.0000000000
5800 -1617.0000000000
5829 -1616.0000000000
5842 -1615.0000000000
5853 -1614.0000000000
5868 -1613.0000000000
5874 -1612.0000000000
5896 -1611.0000000000
5901 -1610.0000000000
5947 -1608.0000000000
5960 -1607.0000000000
5977 -1606.0000000000
5984 -1605.0000000000
6006 -1604.0000000000
6045 -1603.0000000000
6058 -1602.0000000000
6079 -1601.0000000000
6093 -1600.0000000000
6117 -1599.0000000000
6125 -1598.0000000000
6156 -1597.0000000000
6162 -1596.0000000000
6172 -1595.0000000000
6208 -1594.0000000000
6219 -1593.0000000000
6233 -1592.0000000000
6274 -1591.0000000000
6298 -1588.0000000000
6351 -1587.0000000000
6358 -1586.0000000000
6368 -1585.0000000000
6409 -1583.0000000000
6436 -1582.0000000000
6441 -1581.0000000000
6463 -1580.0000000000
6477 -1579.0000000000
6515 -1578.0000000000
6535 -1577.0000000000
6538 -1576.0000000000
6569 -1575.0000000000
6613 -1574.0000000000
6636 -1573.0000000000
6642 -1572.0000000000
6654 -1571.0000000000
6673 -1570.0000000000
6688 -1569.0000000000
6706 -1568.0000000000
6723 -1567.0000000000
6738 -1566.0000000000
6750 -1565.0000000000
6757 -1564.0000000000
6769 -1563.0000000000
6777 -1562.0000000000
6803 -1561.0000000000
6828 -1560.0000000000
6859 -1559.0000000000
6876 -1558.0000000000
6881 -1556.0000000000
6894 -1554.0000000000
6934 -1553.0000000000
6974 -1552.0000000000
6985 -1551.0000000000
7004 -1550.0000000000
7047 -1549.0000000000
7056 -1548.0000000000
7089 -1547.0000000000
7096 -1546.0000000000
7114 -1545.0000000000
7135 -1544.0000000000
7140 -1542.0000000000
7159 -1540.0000000000
7206 -1539.0000000000
7213 -1538.0000000000
7256 -1537.0000000000
7266 -1534.0000000000
7288 -1532.0000000000
7298 -1531.0000000000
7328 -1530.0000000000
7357 -1529.0000000000
7371 -1528.0000000000
7416 -1527.0000000000
7444 -1526.0000000000
7455 -1525.0000000000
7466 -1524.0000000000
7477 -1522.0000000000
7504 -1521.0000000000
7537 -1520.0000000000
7543 -1519.0000000000
7557 -1518.0000000000
7558 -1517.0000000000
7575 -1516.0000000000
7582 -1515.0000000000
7624 -1514.0000000000
7638 -1512.0000000000
7673 -1511.0000000000
7713 -1510.0000000000
7740 -1509.0000000000
7753 -1508.0000000000
7757 -1507.0000000000
7778 -1506.0000000000
7794 -1505.0000000000
7802 -1504.0000000000
7834 -1503.0000000000
7872 -1502.0000000000
7903 -1501.0000000000
7914 -1500.0000000000
7936 -1498.0000000000
8010 -1497.0000000000
8031 -1496.0000000000
8039 -1495.0000000000
8071 -1494.0000000000
8101 -1493.0000000000
8132 -1492.0000000000
8142 -1491.0000000000
8158 -1488.0000000000
8199 -1487.0000000000
8243 -1486.0000000000
8258 -1485.0000000000
8291 -1484.0000000000
8294 -1483.0000000000
8310 -1482.0000000000
8315 -1481.0000000000
8352 -1480.0000000000
8377 -1479.0000000000
8392 -1478.0000000000
8412 -1477.0000000000
8420 -1476.0000000000
8432 -1474.0000000000
8463 -1473.0000000000
8493 -1472.0000000000
8496 -1471.0000000000
8541 -1470.0000000000
8552 -1469.0000000000
8556 -1468.0000000000
8562 -1467.0000000000
8596 -1465.0000000000
8612 -1464.0000000000
8629 -1463.0000000000
8664 -1462.0000000000
8683 -1461.0000000000
8722 -1460.0000000000
8736 -1459.0000000000
8742 -1458.0000000000
8744 -1457.0000000000
8773 -1456.0000000000
8791 -1455.0000000000
8798 -1454.0000000000
8844 -1453.0000000000
8847 -1452.0000000000
8849 -1451.0000000000
8890 -1450.0000000000
8896 -1449.0000000000
8913 -1448.0000000000
8928 -1447.0000000000
8930 -1446.0000000000
8946 -1445.0000000000
8954 -1444.0000000000
8975 -1442.0000000000
8991 -1441.0000000000
8993 -1440.0000000000
8998 -1439.0000000000
9040 -1438.0000000000
9097 -1437.0000000000
9110 -1436.0000000000
9139 -1435.0000000000
9188 -1433.0000000000
9211 -1432.0000000000
9246 -1431.0000000000
9262 -1430.0000000000
9303 -1429.0000000000
9312 -1428.0000000000
9362 -1427.0000000000
9384 -1426.0000000000
9389 -1425.0000000000
9399 -1424.0000000000
9419 -1423.0000000000
9456 -1422.0000000000
9468 -1421.0000000000
9504 -1420.0000000000
9506 -1419.0000000000
9511 -1417.0000000000
9562 -1416.0000000000
9590 -1415.0000000000
9623 -1414.0000000000
9637 -1413.0000000000
9680 -1412.0000000000
9727 -1411.0000000000
9729 -1410.0000000000
9762 -1409.0000000000
9771 -1408.0000000000
9831 -1405.0000000000
9878 -1404.0000000000
9890 -1403.0000000000
9928 -1402.0000000000
9935 -1401.0000000000
9988 -1400.0000000000
10000 -1403.0000000000
evaluations raw_y
1 -2020.0000000000
2 -1945.0000000000
43 -1944.0000000000
64 -1943.0000000000
66 -1942.0000000000
75 -1941.0000000000
93 -1938.0000000000
153 -1937.0000000000
167 -1936.0000000000
170 -1935.0000000000
214 -1933.0000000000
239 -1932.0000000000
246 -1931.0000000000
276 -1930.0000000000
290 -1929.0000000000
313 -1928.0000000000
340 -1927.0000000000
368 -1926.0000000000
381 -1925.0000000000
411 -1924.0000000000
424 -1923.0000000000
427 -1922.0000000000
436 -1921.0000000000
457 -1918.0000000000
485 -1916.0000000000
514 -1915.0000000000
535 -1914.0000000000
554 -1913.0000000000
555 -1912.0000000000
574 -1911.0000000000
575 -1910.0000000000
607 -1909.0000000000
614 -1908.0000000000
616 -1907.0000000000
628 -1906.0000000000
629 -1904.0000000000
653 -1903.0000000000
663 -1902.0000000000
707 -1901.0000000000
719 -1897.0000000000
721 -1896.0000000000
773 -1895.0000000000
798 -1894.0000000000
834 -1893.0000000000
844 -1892.0000000000
857 -1891.0000000000
871 -1890.0000000000
902 -1889.0000000000
915 -1888.0000000000
938 -1887.0000000000
965 -1885.0000000000
982 -1884.0000000000
985 -1883.0000000000
989 -1882.0000000000
1013 -1881.0000000000
1016 -1880.0000000000
1046 -1878.0000000000
1081 -1877.0000000000
1087 -1876.0000000000
1095 -1875.0000000000
1113 -1874.0000000000
1118 -1873.0000000000
1138 -1872.0000000000
1159 -1871.0000000000
1170 -1870.0000000000
1174 -1869.0000000000
1189 -1868.0000000000
1215 -1867.0000000000
1249 -1866.0000000000
1257 -1865.0000000000
1259 -1863.0000000000
1262 -1862.0000000000
1292 -1861.0000000000
1350 -1860.0000000000
1367 -1859.0000000000
1371 -1858.0000000000
1378 -1856.0000000000
1389 -1855.0000000000
1421 -1854.0000000000
1431 -1853.0000000000
1440 -1852.0000000000
1459 -1850.0000000000
1471 -1849.0000000000
1475 -1848.0000000000
1484 -1847.0000000000
1526 -1845.0000000000
1533 -1843.0000000000
1568 -1842.0000000000
1576 -1841.0000000000
1591 -1840.0000000000
1605 -1839.0000000000
1622 -1838.0000000000
1639 -1836.0000000000
1641 -1834.0000000000
1648 -1833.0000000000
1670 -1832.0000000000
1674 -1831.0000000000
1722 -1830.0000000000
1746 -1829.0000000000
1752 -1828.0000000000
1773 -1827.0000000000
1775 -1826.0000000000
1790 -1825.0000000000
1812 -1824.0000000000
1816 -1823.0000000000
1838 -1822.0000000000
1842 -1821.0000000000
1868 -1820.0000000000
1899 -1819.0000000000
1900 -1818.0000000000
1919 -1817.0000000000
1936 -1815.0000000000
1992 -1814.0000000000
2012 -1813.0000000000
2023 -1812.0000000000
2040 -1811.0000000000
2058 -1810.0000000000
2078 -1809.0000000000
2106 -1808.0000000000
2122 -1807.0000000000
2133 -1805.0000000000
2150 -1804.0000000000
2164 -1803.0000000000
2172 -1802.0000000000
2184 -1801.0000000000
2219 -1800.0000000000
2227 -1799.0000000000
2242 -1798.0000000000
2251 -1797.0000000000
2283 -1796.0000000000
2295 -1795.0000000000
2298 -1794.0000000000
2327 -1792.0000000000
2355 -1791.0000000000
2361 -1790.0000000000
2370 -1788.0000000000
2420 -1787.0000000000
2446 -1786.0000000000
2467 -1785.0000000000
2495 -1784.0000000000
2499 -1783.0000000000
2528 -1782.0000000000
2546 -1781.0000000000
2587 -1779.0000000000
2606 -1778.0000000000
2615 -1777.0000000000
2636 -1776.0000000000
2645 -1775.0000000000
2666 -1774.0000000000
2679 -1773.0000000000
2697 -1772.0000000000
2708 -1771.0000000000
2739 -1770.0000000000
2760 -1769.0000000000
2781 -1768.0000000000
2821 -1767.0000000000
2831 -1765.0000000000
2855 -1764.0000000000
2869 -1763.0000000000
2903 -1762.0000000000
2904 -1761.0000000000
2929 -1760.0000000000
2950 -1759.0000000000
2956 -1758.0000000000
2960 -1757.0000000000
2971 -1756.0000000000
2993 -1755.0000000000
3019 -1754.0000000000
3023 -1753.0000000000
3031 -1752.0000000000
3068 -1751.0000000000
3086 -1750.0000000000
3098 -1749.0000000000
3125 -1748.0000000000
3153 -1747.0000000000
3186 -1746.0000000000
3204 -1745.0000000000
3218 -1744.0000000000
3245 -1743.0000000000
3282 -1741.0000000000
3294 -1740.0000000000
3327 -1739.0000000000
3331 -1738.0000000000
3352 -1737.0000000000
3362 -1736.0000000000
3376 -1734.0000000000
3411 -1733.0000000000
3422 -1732.0000000000
3427 -1730.0000000000
3435 -1729.0000000000
3473 -1728.0000000000
3484 -1727.0000000000
3502 -1726.0000000000
3505 -1725.0000000000
3518 -1724.0000000000
3546 -1722.0000000000
3564 -1721.0000000000
3583 -1720.0000000000
3587 -1718.0000000000
3595 -1717.0000000000
3633 -1716.0000000000
3666 -1715.0000000000
3704 -1714.0000000000
3710 -1713.0000000000
3724 -1712.0000000000
3754 -1709.0000000000
3813 -1708.0000000000
3814 -1707.0000000000
3849 -1706.0000000000
3860 -1705.0000000000
3890 -1704.0000000000
3900 -1703.0000000000
3924 -1702.0000000000
3937 -1701.0000000000
3949 -1700.0000000000
3966 -1698.0000000000
3980 -1696.0000000000
4015 -1695.0000000000
4039 -1694.0000000000
4089 -1693.0000000000
4095 -1692.0000000000
4153 -1691.0000000000
4161 -1690.0000000000
4173 -1689.0000000000
4177 -1686.0000000000
4193 -1685.0000000000
4203 -1684.0000000000
4214 -1683.0000000000
4217 -1682.0000000000
4223 -1681.0000000000
4276 -1680.0000000000
4290 -1679.0000000000
4331 -1678.0000000000
4364 -1677.0000000000
4376 -1676.0000000000
4405 -1675.0000000000
4441 -1674.0000000000
4459 -1673.0000000000
4478 -1672.0000000000
4513 -1671.0000000000
4534 -1670.0000000000
4538 -1669.0000000000
4585 -1667.0000000000
4606 -1666.0000000000
4632 -1665.0000000000
4648 -1664.0000000000
4655 -1663.0000000000
4687 -1662.0000000000
4697 -1661.0000000000
4734 -1660.0000000000
4753 -1659.0000000000
4768 -1658.0000000000
4789 -1657.0000000000
4796 -1656.0000000000
4813 -1655.0000000000
4862 -1654.0000000000
4869 -1653.0000000000
4900 -1652.0000000000
4917 -1650.0000000000
4952 -1649.0000000000
4964 -1648.0000000000
4965 -1646.0000000000
4985 -1645.0000000000
4990 -1644.0000000000
4996 -1643.0000000000
5022 -1642.0000000000
5052 -1641.0000000000
5062 -1640.0000000000
5081 -1639.0000000000
5084 -1638.0000000000
5105 -1637.0000000000
5135 -1636.0000000000
5160 -1635.0000000000
5161 -1633.0000000000
5172 -1632.0000000000
5174 -1631.0000000000
5239 -1630.0000000000
5242 -1629.0000000000
5267 -1628.0000000000
5303 -1627.0000000000
5322 -1626.0000000000
5344 -1625.0000000000
5347 -1624.0000000000
5377 -1623.0000000000
5403 -1622.0000000000
5421 -1621.0000000000
5431 -1620.0000000000
5437 -1619.0000000000
5456 -1618.0000000000
5471 -1617.0000000000
5478 -1616.0000000000
5483 -1614.0000000000
5492 -1612.0000000000
5546 -1610.0000000000
5599 -1609.0000000000
5609 -1607.0000000000
5640 -1606.0000000000
5645 -1605.0000000000
5684 -1604.0000000000
5702 -1603.0000000000
5721 -1602.0000000000
5735 -1601.0000000000
5760 -1600.0000000000
5783 -1599.0000000000
5790 -1598.0000000000
5841 -1596.0000000000
5868 -1595.0000000000
5884 -1594.0000000000
5915 -1593.0000000000
5942 -1592.0000000000
5949 -1591.0000000000
5956 -1590.0000000000
5959 -1589.0000000000
5975 -1588.0000000000
5990 -1587.0000000000
6005 -1585.0000000000
6037 -1583.0000000000
6038 -1582.0000000000
6060 -1581.0000000000
6114 -1580.0000000000
6120 -1579.0000000000
6125 -1578.0000000000
6166 -1577.0000000000
6180 -1576.0000000000
6217 -1574.0000000000
6236 -1573.0000000000
6260 -1571.0000000000
6303 -1570.0000000000
6312 -1569.0000000000
6333 -1567.0000000000
6384 -1566.0000000000
6395 -1565.0000000000
6411 -1564.0000000000
6441 -1563.0000000000
6460 -1562.0000000000
6474 -1560.0000000000
6516 -1559.0000000000
6521 -1557.0000000000
6566 -1556.0000000000
6576 -1555.0000000000
6601 -1554.0000000000
6610 -1553.0000000000
6623 -1552.0000000000
6652 -1551.0000000000
6657 -1549.0000000000
6690 -1548.0000000000
6710 -1546.0000000000
6747 -1545.0000000000
6755 -1543.0000000000
6803 -1542.0000000000
6816 -1541.0000000000
6818 -1540.0000000000
6825 -1539.0000000000
6849 -1538.0000000000
6861 -1537.0000000000
6900 -1536.0000000000
6911 -1535.0000000000
6932 -1534.0000000000
6947 -1533.0000000000
6984 -1532.0000000000
6988 -1530.0000000000
6996 -1529.0000000000
7009 -1528.0000000000
7027 -1527.0000000000
7096 -1526.0000000000
7101 -1525.0000000000
7124 -1524.0000000000
7129 -1523.0000000000
7150 -1522.0000000000
7173 -1521.0000000000
7189 -1520.0000000000
7200 -1519.0000000000
7249 -1516.0000000000
7313 -1515.0000000000
7338 -1514.0000000000
7354 -1513.0000000000
7375 -1512.0000000000
7396 -1511.0000000000
7418 -1510.0000000000
7454 -1509.0000000000
7464 -1508.0000000000
7487 -1507.0000000000
7501 -1506.0000000000
7526 -1505.0000000000
7559 -1504.0000000000
7588 -1503.0000000000
7610 -1502.0000000000
7626 -1501.0000000000
7657 -1500.0000000000
7658 -1499.0000000000
7701 -1498.0000000000
7729 -1497.0000000000
7761 -1496.0000000000
7779 -1495.0000000000
7788 -1494.0000000000
7807 -1493.0000000000
7833 -1492.0000000000
7861 -1491.0000000000
7867 -1490.0000000000
7890 -1489.0000000000
7903 -1488.0000000000
7912 -1487.0000000000
7920 -1486.0000000000
7933 -1485.0000000000
7986 -1484.0000000000
8034 -1483.0000000000
8057 -1482.0000000000
8099 -1481.0000000000
8124 -1480.0000000000
8145 -1479.0000000000
8173 -1478.0000000000
8185 -1477.0000000000
8200 -1476.0000000000
8227 -1475.0000000000
8235 -1474.0000000000
8329 -1473.0000000000
8350 -1472.0000000000
8354 -1469.0000000000
8385 -1468.0000000000
8393 -1467.0000000000
8407 -1466.0000000000
8457 -1465.0000000000
8462 -1464.0000000000
8476 -1463.0000000000
8505 -1462.0000000000
8540 -1461.0000000000
8577 -1460.0000000000
8585 -1459.0000000000
8602 -1457.0000000000
8606 -1456.0000000000
8643 -1455.0000000000
8715 -1454.0000000000
8729 -1453.0000000000
8736 -1452.0000000000
8737 -1451.0000000000
8747 -1450.0000000000
8774 -1449.0000000000
8820 -1447.0000000000
8870 -1446.0000000000
8896 -1445.0000000000
8911 -1444.0000000000
8943 -1443.0000000000
8958 -1442.0000000000
8996 -1441.0000000000
9013 -1440.0000000000
9015 -1439.0000000000
9024 -1438.0000000000
9033 -1437.0000000000
9037 -1435.0000000000
9047 -1434.0000000000
9057 -1433.0000000000
9077 -1432.0000000000
9108 -1431.0000000000
9109 -1429.0000000000
9143 -1428.0000000000
9185 -1427.0000000000
9210 -1426.0000000000
9247 -1425.0000000000
9259 -1423.0000000000
9311 -1422.0000000000
9339 -1421.0000000000
9349 -1419.0000000000
9398 -1418.0000000000
9402 -1417.0000000000
9440 -1416.0000000000
9451 -1415.0000000000
9467 -1414.0000000000
9484 -1413.0000000000
9498 -1412.0000000000
9522 -1411.0000000000
9550 -1410.0000000000
9557 -1409.0000000000
9611 -1408.0000000000
9661 -1406.0000000000
9682 -1405.0000000000
9702 -1404.0000000000
9729 -1403.0000000000
9735 -1401.0000000000
9744 -1400.0000000000
9786 -1399.0000000000
9806 -1398.0000000000
9824 -1397.0000000000
9877 -1396.0000000000
9901 -1395.0000000000
9914 -1394.0000000000
9922 -1392.0000000000
9936 -1391.0000000000
9961 -1389.0000000000
9988 -1388.0000000000
10000 -1391.0000000000
evaluations raw_y
1 -1988.0000000000
3 -1973.0000000000
5 -1967.0000000000
9 -1930.0000000000
50 -1929.0000000000
71 -1928.0000000000
85 -1927.0000000000
107 -1926.0000000000
131 -1925.0000000000
138 -1924.0000000000
147 -1923.0000000000
172 -1922.0000000000
205 -1921.0000000000
219 -1920.0000000000
222 -1919.0000000000
224 -1918.0000000000
254 -1917.0000000000
267 -1916.0000000000
286 -1915.0000000000
298 -1914.0000000000
300 -1913.0000000000
334 -1910.0000000000
339 -1907.0000000000
360 -1906.0000000000
372 -1905.0000000000
395 -1904.0000000000
403 -1903.0000000000
422 -1902.0000000000
437 -1901.0000000000
442 -1900.0000000000
457 -1899.0000000000
486 -1898.0000000000
509 -1897.0000000000
513 -1894.0000000000
519 -1892.0000000000
534 -1891.0000000000
548 -1890.0000000000
549 -1888.0000000000
572 -1887.0000000000
610 -1886.0000000000
622 -1885.0000000000
658 -1884.0000000000
664 -1883.0000000000
697 -1882.0000000000
709 -1881.0000000000
717 -1880.0000000000
728 -1878.0000000000
757 -1877.0000000000
765 -1876.0000000000
795 -1873.0000000000
804 -1872.0000000000
814 -1871.0000000000
851 -1870.0000000000
909 -1869.0000000000
916 -1868.0000000000
926 -1867.0000000000
939 -1866.0000000000
958 -1865.0000000000
988 -1864.0000000000
994 -1863.0000000000
1002 -1862.0000000000
1022 -1861.0000000000
1030 -1860.0000000000
1048 -1859.0000000000
1062 -1858.0000000000
1073 -1856.0000000000
1092 -1855.0000000000
1134 -1854.0000000000
1140 -1853.0000000000
1145 -1852.0000000000
1170 -1849.0000000000
1249 -1848.0000000000
1263 -1846.0000000000
1272 -1845.0000000000
1313 -1844.0000000000
1330 -1843.0000000000
1364 -1842.0000000000
1372 -1841.0000000000
1386 -1840.0000000000
1400 -1837.0000000000
1434 -1835.0000000000
1477 -1833.0000000000
1480 -1832.0000000000
1493 -1831.0000000000
1536 -1830.0000000000
1549 -1829.0000000000
1550 -1828.0000000000
1564 -1827.0000000000
1578 -1826.0000000000
1586 -1825.0000000000
1604 -1824.0000000000
1605 -1823.0000000000
1646 -1822.0000000000
1658 -1820.0000000000
1676 -1819.0000000000
1698 -1818.0000000000
1702 -1817.0000000000
1726 -1816.0000000000
1743 -1815.0000000000
1752 -1814.0000000000
1771 -1813.0000000000
1791 -1812.0000000000
1818 -1810.0000000000
1824 -1809.0000000000
1841 -1808.0000000000
1880 -1807.0000000000
1882 -1806.0000000000
1922 -1805.0000000000
1934 -1804.0000000000
1949 -1803.0000000000
1950 -1802.0000000000
1966 -1801.0000000000
1979 -1799.0000000000
1985 -1798.0000000000
2004 -1796.0000000000
2009 -1795.0000000000
2048 -1794.0000000000
2056 -1793.0000000000
2091 -1792.0000000000
2095 -1790.0000000000
2129 -1789.0000000000
2145 -1788.0000000000
2161 -1787.0000000000
2166 -1786.0000000000
2177 -1785.0000000000
2203 -1784.0000000000
2218 -1783.0000000000
2227 -1781.0000000000
2247 -1780.0000000000
2287 -1779.0000000000
2312 -1778.0000000000
2346 -1777.0000000000
2350 -1776.0000000000
2364 -1775.0000000000
2369 -1774.0000000000
2377 -1773.0000000000
2386 -1772.0000000000
2397 -1771.0000000000
2423 -1770.0000000000
2447 -1769.0000000000
2466 -1767.0000000000
2469 -1766.0000000000
2524 -1765.0000000000
2526 -1764.0000000000
2551 -1763.0000000000
2570 -1762.0000000000
2599 -1761.0000000000
2625 -1760.0000000000
2632 -1759.0000000000
2642 -1758.0000000000
2646 -1756.0000000000
2657 -1754.0000000000
2693 -1753.0000000000
2702 -1752.0000000000
2714 -1751.0000000000
2738 -1750.0000000000
2753 -1749.0000000000
2769 -1748.0000000000
2779 -1747.0000000000
2781 -1746.0000000000
2797 -1745.0000000000
2831 -1744.0000000000
2846 -1741.0000000000
2858 -1739.0000000000
2904 -1738.0000000000
2905 -1737.0000000000
2908 -1736.0000000000
2925 -1733.0000000000
2948 -1732.0000000000
2955 -1731.0000000000
2965 -1730.0000000000
2971 -1729.0000000000
2980 -1726.0000000000
3030 -1725.0000000000
3035 -1724.0000000000
3053 -1722.0000000000
3073 -1721.0000000000
3110 -1720.0000000000
3148 -1719.0000000000
3162 -1718.0000000000
3169 -1717.0000000000
3181 -1716.0000000000
3196 -1715.0000000000
3231 -1714.0000000000
3254 -1713.0000000000
3288 -1711.0000000000
3304 -1710.0000000000
3334 -1709.0000000000
3340 -1708.0000000000
3355 -1707.0000000000
3384 -1706.0000000000
3402 -1705.0000000000
3423 -1704.0000000000
3463 -1703.0000000000
3481 -1701.0000000000
3537 -1700.0000000000
3561 -1699.0000000000
3574 -1698.0000000000
3605 -1697.0000000000
3609 -1696.0000000000
3631 -1695.0000000000
3644 -1694.0000000000
3645 -1692.0000000000
3657 -1689.0000000000
3680 -1688.0000000000
3693 -1687.0000000000
3735 -1686.0000000000
3753 -1683.0000000000
3797 -1682.0000000000
3821 -1681.0000000000
3851 -1680.0000000000
3865 -1677.0000000000
3883 -1675.0000000000
3932 -1674.0000000000
3937 -1673.0000000000
3948 -1672.0000000000
3976 -1671.0000000000
4001 -1670.0000000000
4016 -1669.0000000000
4027 -1668.0000000000
4040 -1667.0000000000
4083 -1664.0000000000
4114 -1663.0000000000
4127 -1661.0000000000
4148 -1660.0000000000
4168 -1659.0000000000
4193 -1658.0000000000
4199 -1657.0000000000
4215 -1656.0000000000
4244 -1655.0000000000
4258 -1654.0000000000
4287 -1653.0000000000
4293 -1652.0000000000
4309 -1651.0000000000
4330 -1650.0000000000
4355 -1649.0000000000
4363 -1648.0000000000
4382 -1647.0000000000
4418 -1646.0000000000
4438 -1645.0000000000
4452 -1644.0000000000
4453 -1643.0000000000
4455 -1642.0000000000
4487 -1641.0000000000
4498 -1640.0000000000
4508 -1639.0000000000
4515 -1638.0000000000
4539 -1636.0000000000
4573 -1635.0000000000
4579 -1634.0000000000
4595 -1633.0000000000
4608 -1632.0000000000
4652 -1631.0000000000
4659 -1630.0000000000
4702 -1629.0000000000
4719 -1628.0000000000
4749 -1626.0000000000
4788 -1625.0000000000
4834 -1624.0000000000
4842 -1623.0000000000
4884 -1622.0000000000
4899 -1621.0000000000
4901 -1620.0000000000
4927 -1619.0000000000
4956 -1618.0000000000
4986 -1617.0000000000
4990 -1616.0000000000
5015 -1615.0000000000
5020 -1614.0000000000
5045 -1613.0000000000
5063 -1612.0000000000
5074 -1611.0000000000
5111 -1610.0000000000
5117 -1607.0000000000
5131 -1606.0000000000
5151 -1605.0000000000
5182 -1604.0000000000
5199 -1603.0000000000
5215 -1602.0000000000
5231 -1601.0000000000
5251 -1600.0000000000
5304 -1597.0000000000
5305 -1596.0000000000
5318 -1595.0000000000
5355 -1594.0000000000
5358 -1593.0000000000
5363 -1592.0000000000
5372 -1591.0000000000
5397 -1590.0000000000
5411 -1589.0000000000
5450 -1588.0000000000
5480 -1587.0000000000
5490 -1586.0000000000
5521 -1585.0000000000
5538 -1584.0000000000
5546 -1583.0000000000
5547 -1582.0000000000
5565 -1580.0000000000
5593 -1579.0000000000
5633 -1578.0000000000
5649 -1575.0000000000
5703 -1574.0000000000
5715 -1573.0000000000
5716 -1572.0000000000
5739 -1571.0000000000
5778 -1570.0000000000
5786 -1568.0000000000
5843 -1567.0000000000
5865 -1566.0000000000
5917 -1565.0000000000
5922 -1564.0000000000
5964 -1563.0000000000
5970 -1562.0000000000
5986 -1561.0000000000
5987 -1560.0000000000
6041 -1559.0000000000
6053 -1558.0000000000
6073 -1557.0000000000
6096 -1556.0000000000
6128 -1555.0000000000
6143 -1554.0000000000
6152 -1553.0000000000
6156 -1552.0000000000
6163 -1551.0000000000
6196 -1550.0000000000
6209 -1549.0000000000
6224 -1548.0000000000
6239 -1547.0000000000
6248 -1546.0000000000
6267 -1545.0000000000
6300 -1544.0000000000
6302 -1543.0000000000
6317 -1542.0000000000
6339 -1541.0000000000
6341 -1540.0000000000
6369 -1539.0000000000
6407 -1538.0000000000
6410 -1536.0000000000
6453 -1534.0000000000
6471 -1532.0000000000
6537 -1531.0000000000
6539 -1530.0000000000
6555 -1529.0000000000
6556 -1528.0000000000
6596 -1526.0000000000
6604 -1525.0000000000
6624 -1524.0000000000
6633 -1522.0000000000
6656 -1521.0000000000
6683 -1520.0000000000
6693 -1519.0000000000
6744 -1518.0000000000
6773 -1516.0000000000
6794 -1515.0000000000
6823 -1514.0000000000
6835 -1513.0000000000
6893 -1512.0000000000
6896 -1511.0000000000
6918 -1510.0000000000
6950 -1509.0000000000
6980 -1507.0000000000
7010 -1506.0000000000
7047 -1505.0000000000
7077 -1504.0000000000
7079 -1503.0000000000
7090 -1502.0000000000
7109 -1501.0000000000
7167 -1500.0000000000
7177 -1499.0000000000
7210 -1498.0000000000
7224 -1497.0000000000
7242 -1496.0000000000
7263 -1495.0000000000
7299 -1494.0000000000
7316 -1493.0000000000
7332 -1492.0000000000
7353 -1491.0000000000
7363 -1490.0000000000
7400 -1489.0000000000
7401 -1487.0000000000
7441 -1486.0000000000
7463 -1484.0000000000
7534 -1483.0000000000
7558 -1482.0000000000
7578 -1481.0000000000
7580 -1480.0000000000
7594 -1479.0000000000
7633 -1478.0000000000
7638 -1477.0000000000
7666 -1475.0000000000
7699 -1474.0000000000
7776 -1473.0000000000
7790 -1472.0000000000
7805 -1471.0000000000
7816 -1470.0000000000
7839 -1469.0000000000
7856 -1467.0000000000
7903 -1466.0000000000
7927 -1465.0000000000
7937 -1464.0000000000
7976 -1463.0000000000
7977 -1462.0000000000
8002 -1461.0000000000
8006 -1460.0000000000
8023 -1459.0000000000
8077 -1458.0000000000
8099 -1457.0000000000
8123 -1456.0000000000
8140 -1455.0000000000
8178 -1453.0000000000
8181 -1452.0000000000
8231 -1451.0000000000
8246 -1450.0000000000
8254 -1449.0000000000
8263 -1448.0000000000
8268 -1447.0000000000
8298 -1446.0000000000
8309 -1445.0000000000
8330 -1444.0000000000
8338 -1443.0000000000
8360 -1442.0000000000
8373 -1441.0000000000
8400 -1440.0000000000
8401 -1439.0000000000
8416 -1438.0000000000
8425 -1437.0000000000
8452 -1435.0000000000
8484 -1434.0000000000
8509 -1433.0000000000
8559 -1431.0000000000
8613 -1430.0000000000
8630 -1429.0000000000
8634 -1428.0000000000
8635 -1427.0000000000
8638 -1426.0000000000
8678 -1425.0000000000
8696 -1424.0000000000
8736 -1423.0000000000
8759 -1422.0000000000
8770 -1421.0000000000
8785 -1420.0000000000
8805 -1419.0000000000
8865 -1418.0000000000
8873 -1416.0000000000
8888 -1415.0000000000
8891 -1414.0000000000
8897 -1413.0000000000
8946 -1412.0000000000
9001 -1411.0000000000
9048 -1410.0000000000
9067 -1409.0000000000
9072 -1408.0000000000
9103 -1407.0000000000
9113 -1406.0000000000
9139 -1404.0000000000
9219 -1403.0000000000
9223 -1402.0000000000
9244 -1401.0000000000
9299 -1400.0000000000
9306 -1399.0000000000
9348 -1398.0000000000
9396 -1397.0000000000
9403 -1396.0000000000
9447 -1395.0000000000
9464 -1393.0000000000
9500 -1392.0000000000
9537 -1391.0000000000
9551 -1390.0000000000
9579 -1389.0000000000
9614 -1388.0000000000
9656 -1387.0000000000
9686 -1386.0000000000
9713 -1385.0000000000
9737 -1384.0000000000
9739 -1383.0000000000
9755 -1382.0000000000
9767 -1380.0000000000
9777 -1379.0000000000
9799 -1378.0000000000
9879 -1377.0000000000
9896 -1376.0000000000
9899 -1375.0000000000
9928 -1374.0000000000
9954 -1373.0000000000
9983 -1371.0000000000
10000 -1373.0000000000
evaluations raw_y
1 -2043.0000000000
2 -1989.0000000000
3 -1961.0000000000
34 -1960.0000000000
72 -1959.0000000000
75 -1958.0000000000
84 -1957.0000000000
118 -1956.0000000000
122 -1955.0000000000
128 -1954.0000000000
166 -1953.0000000000
167 -1952.0000000000
191 -1951.0000000000
221 -1950.0000000000
267 -1949.0000000000
276 -1948.0000000000
290 -1947.0000000000
326 -1946.0000000000
336 -1945.0000000000
361 -1943.0000000000
390 -1942.0000000000
393 -1941.0000000000
401 -1939.0000000000
411 -1938.0000000000
419 -1937.0000000000
423 -1936.0000000000
433 -1935.0000000000
437 -1933.0000000000
448 -1932.0000000000
476 -1931.0000000000
483 -1930.0000000000
492 -1929.0000000000
502 -1928.0000000000
516 -1927.0000000000
534 -1926.0000000000
558 -1925.0000000000
563 -1924.0000000000
582 -1923.0000000000
615 -1922.0000000000
625 -1921.0000000000
626 -1919.0000000000
636 -1918.0000000000
668 -1917.0000000000
680 -1916.0000000000
709 -1915.0000000000
711 -1914.0000000000
716 -1913.0000000000
745 -1912.0000000000
764 -1911.0000000000
793 -1910.0000000000
794 -1908.0000000000
823 -1907.0000000000
826 -1906.0000000000
865 -1905.0000000000
871 -1904.0000000000
899 -1903.0000000000
903 -1902.0000000000
907 -1901.0000000000
950 -1900.0000000000
971 -1899.0000000000
986 -1898.0000000000
990 -1897.0000000000
1011 -1896.0000000000
1014 -1895.0000000000
1028 -1894.0000000000
1040 -1893.0000000000
1041 -1891.0000000000
1096 -1890.0000000000
1101 -1889.0000000000
1102 -1888.0000000000
1160 -1886.0000000000
1180 -1884.0000000000
1189 -1883.0000000000
1207 -1882.0000000000
1219 -1879.0000000000
1250 -1878.0000000000
1286 -1877.0000000000
1297 -1876.0000000000
1302 -1875.0000000000
1325 -1874.0000000000
1354 -1873.0000000000
1378 -1872.0000000000
1414 -1871.0000000000
1431 -1870.0000000000
1433 -1869.0000000000
1447 -1868.0000000000
1462 -1867.0000000000
1481 -1865.0000000000
1491 -1863.0000000000
1504 -1862.0000000000
1542 -1861.0000000000
1562 -1860.0000000000
1595 -1858.0000000000
1633 -1856.0000000000
1660 -1855.0000000000
1677 -1853.0000000000
1730 -1852.0000000000
1740 -1851.0000000000
1745 -1850.0000000000
1785 -1849.0000000000
1791 -1848.0000000000
1803 -1847.0000000000
1804 -1846.0000000000
1830 -1845.0000000000
1835 -1844.0000000000
1842 -1841.0000000000
1846 -1840.0000000000
1877 -1839.0000000000
1932 -1838.0000000000
1934 -1837.0000000000
1967 -1836.0000000000
1969 -1835.0000000000
1982 -1834.0000000000
2006 -1833.0000000000
2029 -1832.0000000000
2030 -1831.0000000000
2060 -1829.0000000000
2097 -1828.0000000000
2115 -1827.0000000000
2130 -1825.0000000000
2172 -1824.0000000000
2189 -1823.0000000000
2238 -1822.0000000000
2239 -1821.0000000000
2243 -1820.0000000000
2272 -1819.0000000000
2293 -1818.0000000000
2309 -1817.0000000000
2330 -1815.0000000000
2352 -1814.0000000000
2376 -1813.0000000000
2378 -1812.0000000000
2402 -1811.0000000000
2426 -1810.0000000000
2432 -1808.0000000000
2461 -1807.0000000000
2463 -1806.0000000000
2485 -1805.0000000000
2493 -1804.0000000000
2497 -1803.0000000000
2534 -1802.0000000000
2544 -1801.0000000000
2555 -1800.0000000000
2556 -1798.0000000000
2557 -1797.0000000000
2564 -1796.0000000000
2616 -1795.0000000000
2628 -1794.0000000000
2633 -1793.0000000000
2645 -1790.0000000000
2692 -1789.0000000000
2714 -1788.0000000000
2724 -1786.0000000000
2755 -1785.0000000000
2776 -1784.0000000000
2789 -1782.0000000000
2820 -1781.0000000000
2826 -1780.0000000000
2838 -1779.0000000000
2854 -1778.0000000000
2860 -1777.0000000000
2880 -1776.0000000000
2895 -1775.0000000000
2919 -1774.0000000000
2922 -1773.0000000000
2937 -1772.0000000000
2944 -1771.0000000000
2955 -1770.0000000000
2967 -1768.0000000000
2992 -1767.0000000000
2997 -1766.0000000000
3035 -1765.0000000000
3039 -1764.0000000000
3049 -1763.0000000000
3055 -1761.0000000000
3099 -1760.0000000000
3113 -1759.0000000000
3120 -1758.0000000000
3150 -1757.0000000000
3155 -1756.0000000000
3167 -1755.0000000000
3192 -1754.0000000000
3193 -1753.0000000000
3210 -1752.0000000000
3217 -1751.0000000000
3224 -1750.0000000000
3260 -1749.0000000000
3272 -1747.0000000000
3303 -1746.0000000000
3341 -1745.0000000000
3346 -1744.0000000000
3353 -1743.0000000000
3357 -1741.0000000000
3409 -1739.0000000000
3411 -1738.0000000000
3444 -1737.0000000000
3461 -1736.0000000000
3485 -1735.0000000000
3508 -1734.0000000000
3517 -1733.0000000000
3519 -1732.0000000000
3539 -1730.0000000000
3546 -1729.0000000000
3556 -1728.0000000000
3584 -1727.0000000000
3601 -1726.0000000000
3621 -1724.0000000000
3628 -1722.0000000000
3674 -1721.0000000000
3675 -1720.0000000000
3697 -1719.0000000000
3711 -1718.0000000000
3741 -1717.0000000000
3767 -1716.0000000000
3773 -1715.0000000000
3795 -1714.0000000000
3803 -1713.0000000000
3812 -1712.0000000000
3817 -1711.0000000000
3832 -1710.0000000000
3858 -1709.0000000000
3889 -1708.0000000000
3902 -1707.0000000000
3924 -1706.0000000000
3931 -1705.0000000000
3947 -1704.0000000000
3965 -1703.0000000000
4009 -1702.0000000000
4027 -1701.0000000000
4056 -1700.0000000000
4084 -1699.0000000000
4104 -1698.0000000000
4109 -1697.0000000000
4121 -1693.0000000000
4173 -1692.0000000000
4181 -1691.0000000000
4184 -1690.0000000000
4201 -1688.0000000000
4210 -1686.0000000000
4255 -1685.0000000000
4262 -1684.0000000000
4283 -1683.0000000000
4294 -1682.0000000000
4309 -1681.0000000000
4343 -1680.0000000000
4346 -1679.0000000000
4370 -1678.0000000000
4381 -1677.0000000000
4439 -1676.0000000000
4470 -1675.0000000000
4492 -1674.0000000000
4500 -1673.0000000000
4519 -1672.0000000000
4536 -1671.0000000000
4543 -1670.0000000000
4559 -1669.0000000000
4571 -1668.0000000000
4578 -1665.0000000000
4599 -1664.0000000000
4631 -1663.0000000000
4648 -1662.0000000000
4716 -1661.0000000000
4718 -1660.0000000000
4737 -1658.0000000000
4767 -1656.0000000000
4790 -1655.0000000000
4813 -1654.0000000000
4838 -1651.0000000000
4884 -1649.0000000000
4887 -1648.0000000000
4904 -1646.0000000000
4905 -1645.0000000000
4955 -1644.0000000000
4971 -1643.0000000000
5029 -1642.0000000000
5072 -1641.0000000000
5076 -1640.0000000000
5086 -1639.0000000000
5101 -1638.0000000000
5114 -1637.0000000000
5129 -1636.0000000000
5136 -1635.0000000000
5159 -1634.0000000000
5186 -1633.0000000000
5201 -1632.0000000000
5261 -1631.0000000000
5278 -1630.0000000000
5291 -1629.0000000000
5334 -1628.0000000000
5350 -1627.0000000000
5382 -1626.0000000000
5404 -1625.0000000000
5406 -1624.0000000000
5413 -1622.0000000000
5444 -1621.0000000000
5483 -1620.0000000000
5510 -1619.0000000000
5513 -1618.0000000000
5561 -1617.0000000000
5570 -1615.0000000000
5589 -1614.0000000000
5595 -1612.0000000000
5655 -1611.0000000000
5692 -1610.0000000000
5698 -1609.0000000000
5699 -1608.0000000000
5705 -1607.0000000000
5736 -1606.0000000000
5743 -1605.0000000000
5771 -1604.0000000000
5800 -1603.0000000000
5813 -1601.0000000000
5829 -1600.0000000000
5873 -1599.0000000000
5881 -1598.0000000000
5891 -1597.0000000000
5917 -1596.0000000000
5927 -1595.0000000000
5934 -1594.0000000000
5966 -1593.0000000000
5988 -1592.0000000000
5993 -1591.0000000000
6055 -1589.0000000000
6082 -1587.0000000000
6088 -1586.0000000000
6089 -1585.0000000000
6145 -1584.0000000000
6162 -1583.0000000000
6182 -1582.0000000000
6227 -1581.0000000000
6237 -1580.0000000000
6256 -1579.0000000000
6283 -1578.0000000000
6284 -1577.0000000000
6292 -1576.0000000000
6335 -1575.0000000000
6367 -1574.0000000000
6376 -1573.0000000000
6386 -1572.0000000000
6420 -1571.0000000000
6451 -1570.0000000000
6491 -1569.0000000000
6529 -1568.0000000000
6556 -1567.0000000000
6578 -1566.0000000000
6598 -1565.0000000000
6609 -1564.0000000000
6623 -1563.0000000000
6636 -1562.0000000000
6656 -1561.0000000000
6672 -1560.0000000000
6678 -1559.0000000000
6693 -1558.0000000000
6700 -1557.0000000000
6736 -1556.0000000000
6758 -1554.0000000000
6796 -1553.0000000000
6804 -1552.0000000000
6842 -1551.0000000000
6881 -1550.0000000000
6889 -1549.0000000000
6892 -1548.0000000000
6896 -1547.0000000000
6907 -1546.0000000000
6917 -1545.0000000000
6963 -1544.0000000000
6986 -1543.0000000000
6993 -1542.0000000000
6998 -1541.0000000000
7016 -1540.0000000000
7055 -1539.0000000000
7090 -1538.0000000000
7105 -1537.0000000000
7144 -1536.0000000000
7180 -1535.0000000000
7191 -1534.0000000000
7222 -1533.0000000000
7237 -1532.0000000000
7241 -1531.0000000000
7243 -1530.0000000000
7286 -1529.0000000000
7296 -1528.0000000000
7317 -1527.0000000000
7357 -1526.0000000000
7372 -1525.0000000000
7410 -1524.0000000000
7445 -1523.0000000000
7455 -1522.0000000000
7465 -1521.0000000000
7492 -1520.0000000000
7509 -1519.0000000000
7527 -1518.0000000000
7560 -1517.0000000000
7579 -1516.0000000000
7587 -1515.0000000000
7617 -1514.0000000000
7619 -1513.0000000000
7644 -1511.0000000000
7671 -1510.0000000000
7675 -1509.0000000000
7692 -1508.0000000000
7705 -1507.0000000000
7715 -1506.0000000000
7761 -1505.0000000000
7777 -1504.0000000000
7809 -1503.0000000000
7821 -1502.0000000000
7840 -1501.0000000000
7843 -1500.0000000000
7861 -1499.0000000000
7877 -1498.0000000000
7915 -1497.0000000000
7951 -1496.0000000000
7965 -1494.0000000000
7991 -1493.0000000000
8040 -1492.0000000000
8057 -1491.0000000000
8080 -1490.0000000000
8108 -1489.0000000000
8140 -1488.0000000000
8176 -1487.0000000000
8183 -1486.0000000000
8197 -1485.0000000000
8246 -1484.0000000000
8253 -1483.0000000000
8268 -1482.0000000000
8296 -1481.0000000000
8303 -1480.0000000000
8329 -1479.0000000000
8374 -1478.0000000000
8387 -1475.0000000000
8408 -1474.0000000000
8417 -1473.0000000000
8434 -1472.0000000000
8453 -1471.0000000000
8486 -1470.0000000000
8494 -1469.0000000000
8526 -1468.0000000000
8554 -1467.0000000000
8584 -1466.0000000000
8585 -1465.0000000000
8628 -1464.0000000000
8660 -1463.0000000000
8677 -1462.0000000000
8703 -1461.0000000000
8724 -1460.0000000000
8733 -1459.0000000000
8749 -1458.0000000000
8777 -1457.0000000000
8786 -1456.0000000000
8805 -1455.0000000000
8863 -1454.0000000000
8890 -1453.0000000000
8924 -1452.0000000000
8935 -1451.0000000000
8954 -1449.0000000000
9011 -1447.0000000000
9043 -1446.0000000000
9059 -1445.0000000000
9077 -1444.0000000000
9085 -1443.0000000000
9133 -1442.0000000000
9145 -1441.0000000000
9185 -1440.0000000000
9215 -1439.0000000000
9234 -1438.0000000000
9258 -1437.0000000000
9285 -1436.0000000000
9295 -1435.0000000000
9298 -1434.0000000000
9302 -1433.0000000000
9361 -1432.0000000000
9370 -1431.0000000000
9376 -1430.0000000000
9412 -1427.0000000000
9428 -1426.0000000000
9476 -1425.0000000000
9487 -1424.0000000000
9528 -1423.0000000000
9582 -1422.0000000000
9588 -1421.0000000000
9600 -1420.0000000000
9636 -1419.0000000000
9644 -1418.0000000000
9675 -1416.0000000000
9705 -1415.0000000000
9714 -1414.0000000000
9746 -1413.0000000000
9783 -1412.0000000000
9789 -1411.0000000000
9828 -1410.0000000000
9857 -1409.0000000000
9862 -1408.0000000000
9865 -1407.0000000000
9909 -1406.0000000000
9928 -1405.0000000000
9976 -1404.0000000000
9986 -1402.0000000000
10000 -1406.0000000000
evaluations raw_y
1 -2063.0000000000
2 -1982.0000000000
12 -1938.0000000000
47 -1936.0000000000
73 -1934.0000000000
118 -1933.0000000000
128 -1932.0000000000
150 -1931.0000000000
153 -1930.0000000000
185 -1929.0000000000
204 -1928.0000000000
216 -1927.0000000000
243 -1926.0000000000
257 -1925.0000000000
264 -1924.0000000000
288 -1923.0000000000
295 -1921.0000000000
341 -1920.0000000000
360 -1919.0000000000
363 -1918.0000000000
368 -1916.0000000000
369 -1913.0000000000
428 -1912.0000000000
453 -1911.0000000000
479 -1910.0000000000
510 -1909.0000000000
524 -1908.0000000000
536 -1907.0000000000
564 -1906.0000000000
575 -1905.0000000000
599 -1904.0000000000
619 -1903.0000000000
657 -1902.0000000000
662 -1901.0000000000
665 -1900.0000000000
666 -1899.0000000000
671 -1897.0000000000
703 -1896.0000000000
754 -1894.0000000000
777 -1893.0000000000
823 -1891.0000000000
851 -1889.0000000000
897 -1888.0000000000
911 -1887.0000000000
921 -1886.0000000000
944 -1885.0000000000
954 -1884.0000000000
976 -1883.0000000000
997 -1882.0000000000
1023 -1881.0000000000
1024 -1880.0000000000
1042 -1879.0000000000
1044 -1875.0000000000
1151 -1872.0000000000
1221 -1871.0000000000
1222 -1870.0000000000
1252 -1869.0000000000
1270 -1868.0000000000
1279 -1867.0000000000
1303 -1866.0000000000
1329 -1865.0000000000
1361 -1864.0000000000
1374 -1863.0000000000
1378 -1862.0000000000
1383 -1861.0000000000
1400 -1860.0000000000
1412 -1859.0000000000
1425 -1858.0000000000
1446 -1857.0000000000
1466 -1856.0000000000
1492 -1855.0000000000
1519 -1853.0000000000
1533 -1852.0000000000
1550 -1850.0000000000
1577 -1849.0000000000
1608 -1848.0000000000
1635 -1846.0000000000
1651 -1845.0000000000
1675 -1844.0000000000
1702 -1843.0000000000
1738 -1842.0000000000
1756 -1841.0000000000
1763 -1840.0000000000
1783 -1839.0000000000
1792 -1838.0000000000
1810 -1837.0000000000
1814 -1836.0000000000
1839 -1835.0000000000
1848 -1834.0000000000
1872 -1833.0000000000
1877 -1832.0000000000
1908 -1831.0000000000
1909 -1830.0000000000
1924 -1829.0000000000
1957 -1828.0000000000
1972 -1827.0000000000
1983 -1825.0000000000
1999 -1824.0000000000
2004 -1823.0000000000
2019 -1822.0000000000
2033 -1821.0000000000
2055 -1820.0000000000
2058 -1819.0000000000
2059 -1818.0000000000
2098 -1817.0000000000
2114 -1816.0000000000
2140 -1814.0000000000
2152 -1813.0000000000
2173 -1812.0000000000
2214 -1810.0000000000
2216 -1809.0000000000
2239 -1808.0000000000
2283 -1806.0000000000
2288 -1805.0000000000
2295 -1804.0000000000
2325 -1802.0000000000
2358 -1801.0000000000
2366 -1800.0000000000
2373 -1799.0000000000
2377 -1798.0000000000
2400 -1797.0000000000
2421 -1796.0000000000
2427 -1794.0000000000
2430 -1793.0000000000
2469 -1792.0000000000
2499 -1791.0000000000
2501 -1790.0000000000
2524 -1789.0000000000
2548 -1787.0000000000
2562 -1786.0000000000
2593 -1785.0000000000
2598 -1784.0000000000
2620 -1783.0000000000
2630 -1782.0000000000
2649 -1781.0000000000
2671 -1780.0000000000
2701 -1779.0000000000
2705 -1778.0000000000
2751 -1777.0000000000
2772 -1775.0000000000
2805 -1774.0000000000
2839 -1772.0000000000
2853 -1771.0000000000
2895 -1770.0000000000
2901 -1769.0000000000
2921 -1767.0000000000
2956 -1766.0000000000
2958 -1765.0000000000
2976 -1764.0000000000
3013 -1763.0000000000
3022 -1760.0000000000
3044 -1759.0000000000
3055 -1758.0000000000
3065 -1757.0000000000
3110 -1756.0000000000
3122 -1755.0000000000
3134 -1754.0000000000
3155 -1753.0000000000
3197 -1752.0000000000
3225 -1751.0000000000
3229 -1750.0000000000
3236 -1749.0000000000
3246 -1748.0000000000
3252 -1747.0000000000
3280 -1745.0000000000
3305 -1744.0000000000
3322 -1743.0000000000
3334 -1742.0000000000
3349 -1741.0000000000
3368 -1740.0000000000
3386 -1739.0000000000
3432 -1737.0000000000
3467 -1736.0000000000
3480 -1735.0000000000
3490 -1734.0000000000
3540 -1733.0000000000
3557 -1732.0000000000
3573 -1731.0000000000
3594 -1730.0000000000
3613 -1729.0000000000
3644 -1728.0000000000
3671 -1727.0000000000
3700 -1726.0000000000
3729 -1725.0000000000
3748 -1724.0000000000
3755 -1722.0000000000
3764 -1720.0000000000
3794 -1719.0000000000
3799 -1718.0000000000
3825 -1717.0000000000
3855 -1716.0000000000
3859 -1715.0000000000
3889 -1714.0000000000
3912 -1712.0000000000
3968 -1711.0000000000
3989 -1710.0000000000
4023 -1709.0000000000
4047 -1708.0000000000
4052 -1707.0000000000
4074 -1706.0000000000
4105 -1705.0000000000
4121 -1704.0000000000
4150 -1703.0000000000
4163 -1702.0000000000
4176 -1701.0000000000
4178 -1700.0000000000
4182 -1698.0000000000
4197 -1697.0000000000
4234 -1696.0000000000
4246 -1695.0000000000
4278 -1694.0000000000
4282 -1693.0000000000
4294 -1692.0000000000
4322 -1690.0000000000
4342 -1688.0000000000
4353 -1687.0000000000
4406 -1686.0000000000
4409 -1685.0000000000
4410 -1684.0000000000
4445 -1683.0000000000
4484 -1682.0000000000
4520 -1681.0000000000
4548 -1680.0000000000
4562 -1678.0000000000
4573 -1677.0000000000
4597 -1676.0000000000
4626 -1675.0000000000
4630 -1673.0000000000
4635 -1672.0000000000
4676 -1670.0000000000
4699 -1669.0000000000
4713 -1668.0000000000
4721 -1667.0000000000
4740 -1666.0000000000
4765 -1665.0000000000
4799 -1664.0000000000
4832 -1663.0000000000
4840 -1662.0000000000
4852 -1661.0000000000
4854 -1660.0000000000
4863 -1659.0000000000
4883 -1658.0000000000
4919 -1657.0000000000
4935 -1656.0000000000
4945 -1654.0000000000
4998 -1653.0000000000
5005 -1652.0000000000
5037 -1650.0000000000
5072 -1649.0000000000
5094 -1648.0000000000
5116 -1647.0000000000
5128 -1646.0000000000
5144 -1645.0000000000
5145 -1644.0000000000
5153 -1643.0000000000
5158 -1642.0000000000
5206 -1641.0000000000
5213 -1640.0000000000
5245 -1639.0000000000
5274 -1637.0000000000
5316 -1635.0000000000
5324 -1633.0000000000
5341 -1632.0000000000
5356 -1631.0000000000
5414 -1630.0000000000
5429 -1629.0000000000
5462 -1628.0000000000
5481 -1627.0000000000
5498 -1626.0000000000
5538 -1625.0000000000
5568 -1624.0000000000
5579 -1623.0000000000
5580 -1621.0000000000
5634 -1620.0000000000
5639 -1619.0000000000
5642 -1618.0000000000
5661 -1617.0000000000
5669 -1616.0000000000
5703 -1615.0000000000
5735 -1614.0000000000
5742 -1613.0000000000
5769 -1612.0000000000
5785 -1611.0000000000
5802 -1610.0000000000
5810 -1608.0000000000
5840 -1607.0000000000
5841 -1606.0000000000
5875 -1605.0000000000
5880 -1604.0000000000
5886 -1603.0000000000
5907 -1601.0000000000
5938 -1600.0000000000
5973 -1599.0000000000
5989 -1598.0000000000
5997 -1596.0000000000
6001 -1595.0000000000
6032 -1594.0000000000
6045 -1593.0000000000
6059 -1592.0000000000
6062 -1590.0000000000
6070 -1589.0000000000
6085 -1588.0000000000
6091 -1587.0000000000
6109 -1586.0000000000
6149 -1585.0000000000
6173 -1584.0000000000
6208 -1583.0000000000
6219 -1581.0000000000
6253 -1580.0000000000
6256 -1579.0000000000
6280 -1578.0000000000
6325 -1577.0000000000
6343 -1576.0000000000
6353 -1575.0000000000
6360 -1574.0000000000
6366 -1573.0000000000
6377 -1570.0000000000
6383 -1569.0000000000
6384 -1568.0000000000
6407 -1567.0000000000
6414 -1566.0000000000
6417 -1565.0000000000
6469 -1564.0000000000
6487 -1563.0000000000
6526 -1562.0000000000
6537 -1561.0000000000
6580 -1560.0000000000
6582 -1559.0000000000
6590 -1558.0000000000
6606 -1557.0000000000
6608 -1556.0000000000
6627 -1555.0000000000
6635 -1554.0000000000
6683 -1553.0000000000
6686 -1551.0000000000
6702 -1550.0000000000
6705 -1549.0000000000
6746 -1548.0000000000
6766 -1547.0000000000
6807 -1545.0000000000
6833 -1544.0000000000
6841 -1543.0000000000
6870 -1542.0000000000
6879 -1541.0000000000
6903 -1540.0000000000
6928 -1539.0000000000
6943 -1538.0000000000
6952 -1537.0000000000
6975 -1535.0000000000
6993 -1534.0000000000
7008 -1533.0000000000
7016 -1532.0000000000
7046 -1531.0000000000
7048 -1530.0000000000
7085 -1529.0000000000
7094 -1528.0000000000
7096 -1527.0000000000
7143 -1526.0000000000
7170 -1524.0000000000
7191 -1523.0000000000
7207 -1522.0000000000
7247 -1521.0000000000
7254 -1520.0000000000
7287 -1518.0000000000
7323 -1517.0000000000
7333 -1516.0000000000
7352 -1515.0000000000
7365 -1514.0000000000
7376 -1513.0000000000
7390 -1512.0000000000
7422 -1511.0000000000
7448 -1510.0000000000
7449 -1509.0000000000
7462 -1508.0000000000
7493 -1507.0000000000
7522 -1505.0000000000
7534 -1504.0000000000
7539 -1502.0000000000
7541 -1501.0000000000
7552 -1500.0000000000
7606 -1499.0000000000
7608 -1498.0000000000
7655 -1497.0000000000
7660 -1496.0000000000
7679 -1495.0000000000
7752 -1494.0000000000
7763 -1492.0000000000
7817 -1490.0000000000
7824 -1489.0000000000
7876 -1488.0000000000
7903 -1487.0000000000
7909 -1486.0000000000
7952 -1484.0000000000
7961 -1483.0000000000
8005 -1482.0000000000
8028 -1481.0000000000
8041 -1480.0000000000
8069 -1479.0000000000
8082 -1478.0000000000
8109 -1477.0000000000
8120 -1475.0000000000
8181 -1474.0000000000
8226 -1473.0000000000
8241 -1472.0000000000
8299 -1471.0000000000
8303 -1470.0000000000
8335 -1469.0000000000
8339 -1468.0000000000
8356 -1467.0000000000
8368 -1466.0000000000
8377 -1465.0000000000
8421 -1464.0000000000
8468 -1463.0000000000
8477 -1462.0000000000
8478 -1461.0000000000
8498 -1460.0000000000
8519 -1459.0000000000
8540 -1458.0000000000
8578 -1457.0000000000
8598 -1456.0000000000
8636 -1454.0000000000
8638 -1453.0000000000
8683 -1452.0000000000
8706 -1450.0000000000
8722 -1449.0000000000
8726 -1448.0000000000
8734 -1446.0000000000
8785 -1445.0000000000
8793 -1443.0000000000
8811 -1442.0000000000
8855 -1441.0000000000
8865 -1440.0000000000
8881 -1439.0000000000
8887 -1438.0000000000
8890 -1437.0000000000
8914 -1436.0000000000
8936 -1435.0000000000
8961 -1434.0000000000
9017 -1433.0000000000
9029 -1432.0000000000
9031 -1431.0000000000
9065 -1430.0000000000
9067 -1429.0000000000
9091 -1428.0000000000
9135 -1427.0000000000
9149 -1426.0000000000
9172 -1425.0000000000
9199 -1424.0000000000
9222 -1423.0000000000
9245 -1421.0000000000
9255 -1420.0000000000
9277 -1419.0000000000
9287 -1418.0000000000
9304 -1417.0000000000
9363 -1416.0000000000
9394 -1415.0000000000
9407 -1414.0000000000
9436 -1413.0000000000
9444 -1412.0000000000
9467 -1411.0000000000
9505 -1410.0000000000
9529 -1409.0000000000
9539 -1408.0000000000
9559 -1406.0000000000
9606 -1405.0000000000
9656 -1404.0000000000
9660 -1402.0000000000
9723 -1401.0000000000
9767 -1400.0000000000
9772 -1399.0000000000
9823 -1398.0000000000
9836 -1396.0000000000
9870 -1395.0000000000
9904 -1394.0000000000
9939 -1393.0000000000
9983 -1392.0000000000
9987 -1391.0000000000
9990 -1390.0000000000
10000 -1395.0000000000
evaluations raw_y
1 -2008.0000000000
4 -1962.0000000000
40 -1961.0000000000
41 -1959.0000000000
84 -1958.0000000000
109 -1957.0000000000
118 -1956.0000000000
120 -1955.0000000000
128 -1953.0000000000
144 -1952.0000000000
189 -1951.0000000000
209 -1950.0000000000
229 -1949.0000000000
235 -1948.0000000000
253 -1947.0000000000
287 -1945.0000000000
303 -1944.0000000000
333 -1943.0000000000
335 -1941.0000000000
347 -1940.0000000000
385 -1939.0000000000
423 -1938.0000000000
437 -1937.0000000000
449 -1936.0000000000
454 -1935.0000000000
473 -1934.0000000000
487 -1933.0000000000
507 -1932.0000000000
518 -1931.0000000000
537 -1930.0000000000
573 -1929.0000000000
582 -1928.0000000000
602 -1927.0000000000
605 -1925.0000000000
664 -1924.0000000000
672 -1923.0000000000
683 -1921.0000000000
752 -1920.0000000000
775 -1919.0000000000
793 -1917.0000000000
795 -1916.0000000000
801 -1915.0000000000
802 -1914.0000000000
819 -1913.0000000000
827 -1912.0000000000
847 -1911.0000000000
859 -1910.0000000000
880 -1909.0000000000
898 -1908.0000000000
937 -1907.0000000000
945 -1906.0000000000
948 -1905.0000000000
965 -1904.0000000000
978 -1903.0000000000
987 -1902.0000000000
996 -1901.0000000000
1026 -1900.0000000000
1035 -1899.0000000000
1056 -1898.0000000000
1065 -1896.0000000000
1104 -1895.0000000000
1106 -1894.0000000000
1120 -1892.0000000000
1122 -1891.0000000000
1143 -1890.0000000000
1191 -1889.0000000000
1216 -1887.0000000000
1259 -1886.0000000000
1272 -1885.0000000000
1298 -1884.0000000000
1320 -1883.0000000000
1326 -1882.0000000000
1357 -1881.0000000000
1385 -1880.0000000000
1391 -1879.0000000000
1395 -1878.0000000000
1421 -1877.0000000000
1443 -1876.0000000000
1445 -1874.0000000000
1479 -1873.0000000000
1501 -1872.0000000000
1511 -1871.0000000000
1543 -1870.0000000000
1559 -1869.0000000000
1560 -1868.0000000000
1573 -1867.0000000000
1585 -1865.0000000000
1597 -1864.0000000000
1605 -1862.0000000000
1633 -1861.0000000000
1636 -1859.0000000000
1674 -1858.0000000000
1679 -1857.0000000000
1692 -1856.0000000000
1704 -1855.0000000000
1705 -1854.0000000000
1718 -1853.0000000000
1736 -1852.0000000000
1750 -1851.0000000000
1759 -1850.0000000000
1768 -1849.0000000000
1772 -1848.0000000000
1809 -1847.0000000000
1815 -1846.0000000000
1822 -1845.0000000000
1831 -1844.0000000000
1861 -1843.0000000000
1912 -1842.0000000000
1925 -1840.0000000000
1946 -1839.0000000000
1947 -1838.0000000000
1950 -1837.0000000000
1971 -1836.0000000000
2005 -1835.0000000000
2011 -1834.0000000000
2036 -1833.0000000000
2041 -1832.0000000000
2074 -1831.0000000000
2088 -1830.0000000000
2107 -1829.0000000000
2119 -1827.0000000000
2135 -1826.0000000000
2160 -1825.0000000000
2187 -1824.0000000000
2188 -1823.0000000000
2196 -1822.0000000000
2198 -1821.0000000000
2199 -1820.0000000000
2232 -1819.0000000000
2246 -1818.0000000000
2267 -1817.0000000000
2280 -1816.0000000000
2322 -1815.0000000000
2332 -1814.0000000000
2351 -1813.0000000000
2359 -1812.0000000000
2381 -1811.0000000000
2403 -1810.0000000000
2419 -1809.0000000000
2421 -1808.0000000000
2428 -1807.0000000000
2467 -1806.0000000000
2471 -1805.0000000000
2499 -1802.0000000000
2535 -1801.0000000000
2546 -1800.0000000000
2577 -1799.0000000000
2598 -1798.0000000000
2631 -1797.0000000000
2641 -1796.0000000000
2655 -1795.0000000000
2680 -1794.0000000000
2692 -1792.0000000000
2714 -1791.0000000000
2734 -1790.0000000000
2747 -1789.0000000000
2756 -1788.0000000000
2790 -1787.0000000000
2795 -1786.0000000000
2828 -1785.0000000000
2865 -1784.0000000000
2868 -1783.0000000000
2893 -1782.0000000000
2920 -1781.0000000000
2961 -1780.0000000000
2971 -1779.0000000000
2980 -1777.0000000000
2992 -1776.0000000000
2998 -1774.0000000000
3038 -1772.0000000000
3060 -1771.0000000000
3073 -1770.0000000000
3089 -1768.0000000000
3133 -1767.0000000000
3136 -1766.0000000000
3143 -1765.0000000000
3167 -1763.0000000000
3169 -1761.0000000000
3182 -1760.0000000000
3189 -1759.0000000000
3239 -1758.0000000000
3244 -1757.0000000000
3270 -1756.0000000000
3289 -1755.0000000000
3296 -1754.0000000000
3305 -1752.0000000000
3359 -1750.0000000000
3371 -1749.0000000000
3388 -1748.0000000000
3392 -1747.0000000000
3394 -1745.0000000000
3411 -1744.0000000000
3420 -1743.0000000000
3469 -1742.0000000000
3487 -1741.0000000000
3511 -1739.0000000000
3535 -1738.0000000000
3547 -1737.0000000000
3557 -1736.0000000000
3585 -1735.0000000000
3614 -1734.0000000000
3617 -1733.0000000000
3626 -1732.0000000000
3630 -1731.0000000000
3652 -1729.0000000000
3670 -1728.0000000000
3693 -1727.0000000000
3704 -1726.0000000000
3734 -1725.0000000000
3750 -1724.0000000000
3763 -1723.0000000000
3786 -1722.0000000000
3805 -1721.0000000000
3808 -1720.0000000000
3825 -1719.0000000000
3827 -1718.0000000000
3840 -1717.0000000000
3870 -1716.0000000000
3878 -1715.0000000000
3887 -1714.0000000000
3918 -1711.0000000000
3953 -1710.0000000000
3957 -1709.0000000000
3992 -1708.0000000000
4010 -1707.0000000000
4022 -1706.0000000000
4028 -1705.0000000000
4060 -1704.0000000000
4095 -1703.0000000000
4106 -1702.0000000000
4129 -1701.0000000000
4153 -1700.0000000000
4167 -1699.0000000000
4170 -1697.0000000000
4194 -1696.0000000000
4203 -1695.0000000000
4218 -1694.0000000000
4253 -1693.0000000000
4291 -1692.0000000000
4328 -1691.0000000000
4359 -1690.0000000000
4364 -1689.0000000000
4378 -1688.0000000000
4381 -1687.0000000000
4415 -1686.0000000000
4422 -1685.0000000000
4462 -1684.0000000000
4463 -1682.0000000000
4475 -1681.0000000000
4486 -1680.0000000000
4527 -1679.0000000000
4541 -1678.0000000000
4558 -1677.0000000000
4574 -1676.0000000000
4602 -1675.0000000000
4603 -1674.0000000000
4629 -1672.0000000000
4646 -1671.0000000000
4670 -1670.0000000000
4707 -1669.0000000000
4723 -1668.0000000000
4739 -1667.0000000000
4753 -1666.0000000000
4766 -1665.0000000000
4792 -1664.0000000000
4813 -1663.0000000000
4855 -1659.0000000000
4864 -1658.0000000000
4896 -1657.0000000000
4900 -1656.0000000000
4927 -1655.0000000000
4939 -1654.0000000000
4966 -1653.0000000000
4982 -1652.0000000000
5009 -1651.0000000000
5025 -1650.0000000000
5048 -1648.0000000000
5075 -1647.0000000000
5106 -1646.0000000000
5118 -1645.0000000000
5157 -1644.0000000000
5171 -1643.0000000000
5195 -1642.0000000000
5246 -1641.0000000000
5257 -1640.0000000000
5281 -1639.0000000000
5316 -1638.0000000000
5326 -1637.0000000000
5343 -1636.0000000000
5361 -1635.0000000000
5384 -1634.0000000000
5386 -1632.0000000000
5394 -1631.0000000000
5434 -1630.0000000000
5441 -1629.0000000000
5443 -1628.0000000000
5470 -1627.0000000000
5486 -1626.0000000000
5498 -1625.0000000000
5532 -1624.0000000000
5560 -1623.0000000000
5595 -1622.0000000000
5601 -1621.0000000000
5624 -1620.0000000000
5639 -1619.0000000000
5673 -1618.0000000000
5686 -1617.0000000000
5694 -1616.0000000000
5698 -1615.0000000000
5730 -1614.0000000000
5768 -1613.0000000000
5770 -1612.0000000000
5789 -1610.0000000000
5844 -1609.0000000000
5858 -1608.0000000000
5894 -1607.0000000000
5915 -1606.0000000000
5923 -1605.0000000000
5967 -1604.0000000000
5978 -1603.0000000000
5986 -1602.0000000000
6001 -1601.0000000000
6016 -1600.0000000000
6057 -1599.0000000000
6077 -1598.0000000000
6096 -1597.0000000000
6106 -1596.0000000000
6135 -1595.0000000000
6149 -1594.0000000000
6203 -1593.0000000000
6204 -1592.0000000000
6224 -1591.0000000000
6243 -1590.0000000000
6262 -1589.0000000000
6275 -1588.0000000000
6292 -1587.0000000000
6322 -1586.0000000000
6325 -1585.0000000000
6331 -1584.0000000000
6338 -1583.0000000000
6351 -1582.0000000000
6390 -1581.0000000000
6399 -1580.0000000000
6423 -1579.0000000000
6434 -1578.0000000000
6475 -1577.0000000000
6499 -1576.0000000000
6509 -1575.0000000000
6516 -1574.0000000000
6539 -1573.0000000000
6578 -1572.0000000000
6591 -1571.0000000000
6612 -1568.0000000000
6656 -1567.0000000000
6705 -1566.0000000000
6730 -1565.0000000000
6751 -1564.0000000000
6776 -1563.0000000000
6791 -1562.0000000000
6801 -1561.0000000000
6809 -1560.0000000000
6828 -1559.0000000000
6854 -1558.0000000000
6874 -1557.0000000000
6905 -1555.0000000000
6916 -1554.0000000000
6952 -1553.0000000000
6980 -1552.0000000000
6991 -1551.0000000000
7009 -1550.0000000000
7032 -1549.0000000000
7038 -1548.0000000000
7058 -1547.0000000000
7069 -1546.0000000000
7118 -1545.0000000000
7121 -1544.0000000000
7149 -1543.0000000000
7151 -1542.0000000000
7182 -1541.0000000000
7199 -1540.0000000000
7204 -1539.0000000000
7249 -1537.0000000000
7264 -1536.0000000000
7315 -1535.0000000000
7332 -1533.0000000000
7339 -1532.0000000000
7404 -1531.0000000000
7424 -1530.0000000000
7426 -1529.0000000000
7463 -1528.0000000000
7487 -1527.0000000000
7512 -1526.0000000000
7522 -1523.0000000000
7552 -1522.0000000000
7600 -1519.0000000000
7646 -1518.0000000000
7651 -1517.0000000000
7656 -1516.0000000000
7678 -1515.0000000000
7725 -1514.0000000000
7745 -1513.0000000000
7803 -1512.0000000000
7811 -1511.0000000000
7833 -1510.0000000000
7883 -1509.0000000000
7898 -1508.0000000000
7919 -1507.0000000000
7932 -1506.0000000000
7942 -1505.0000000000
7961 -1504.0000000000
7976 -1503.0000000000
7993 -1502.0000000000
7995 -1501.0000000000
8006 -1500.0000000000
8061 -1499.0000000000
8068 -1497.0000000000
8090 -1496.0000000000
8132 -1495.0000000000
8162 -1494.0000000000
8188 -1493.0000000000
8219 -1490.0000000000
8278 -1489.0000000000
8323 -1488.0000000000
8343 -1487.0000000000
8349 -1486.0000000000
8389 -1485.0000000000
8400 -1484.0000000000
8428 -1483.0000000000
8451 -1482.0000000000
8468 -1481.0000000000
8498 -1480.0000000000
8516 -1478.0000000000
8526 -1477.0000000000
8546 -1475.0000000000
8551 -1474.0000000000
8629 -1473.0000000000
8643 -1472.0000000000
8664 -1471.0000000000
8680 -1470.0000000000
8710 -1469.0000000000
8733 -1468.0000000000
8747 -1467.0000000000
8777 -1466.0000000000
8795 -1465.0000000000
8808 -1464.0000000000
8854 -1462.0000000000
8878 -1461.0000000000
8915 -1460.0000000000
8931 -1458.0000000000
8968 -1457.0000000000
9003 -1456.0000000000
9039 -1455.0000000000
9046 -1454.0000000000
9066 -1453.0000000000
9092 -1451.0000000000
9124 -1450.0000000000
9152 -1449.0000000000
9153 -1448.0000000000
9194 -1447.0000000000
9206 -1444.0000000000
9230 -1443.0000000000
9280 -1441.0000000000
9285 -1440.0000000000
9301 -1439.0000000000
9330 -1438.0000000000
9364 -1437.0000000000
9401 -1436.0000000000
9439 -1434.0000000000
9463 -1433.0000000000
9491 -1432.0000000000
9510 -1431.0000000000
9535 -1430.0000000000
9544 -1429.0000000000
9563 -1428.0000000000
9609 -1427.0000000000
9628 -1426.0000000000
9639 -1425.0000000000
9668 -1424.0000000000
9696 -1423.0000000000
9724 -1422.0000000000
9753 -1421.0000000000
9757 -1420.0000000000
9762 -1419.0000000000
9788 -1418.0000000000
9797 -1417.0000000000
9865 -1416.0000000000
9882 -1415.0000000000
9886 -1414.0000000000
9913 -1413.0000000000
9915 -1412.0000000000
9920 -1411.0000000000
9991 -1410.0000000000
10000 -1414.0000000000
evaluations raw_y
1 -2039.0000000000
2 -2019.0000000000
3 -1989.0000000000
5 -1973.0000000000
9 -1969.0000000000
14 -1928.0000000000
51 -1927.0000000000
75 -1925.0000000000
82 -1924.0000000000
129 -1923.0000000000
150 -1922.0000000000
177 -1920.0000000000
225 -1919.0000000000
265 -1918.0000000000
285 -1917.0000000000
288 -1916.0000000000
303 -1915.0000000000
316 -1914.0000000000
326 -1912.0000000000
346 -1911.0000000000
348 -1910.0000000000
377 -1909.0000000000
390 -1908.0000000000
412 -1907.0000000000
438 -1906.0000000000
447 -1904.0000000000
483 -1902.0000000000
498 -1901.0000000000
523 -1900.0000000000
545 -1899.0000000000
566 -1896.0000000000
597 -1895.0000000000
605 -1892.0000000000
606 -1891.0000000000
612 -1887.0000000000
628 -1886.0000000000
671 -1885.0000000000
685 -1884.0000000000
707 -1883.0000000000
715 -1882.0000000000
741 -1881.0000000000
747 -1880.0000000000
790 -1879.0000000000
799 -1878.0000000000
808 -1877.0000000000
844 -1876.0000000000
852 -1875.0000000000
861 -1874.0000000000
878 -1873.0000000000
898 -1871.0000000000
906 -1870.0000000000
949 -1869.0000000000
950 -1868.0000000000
984 -1865.0000000000
1009 -1864.0000000000
1039 -1863.0000000000
1077 -1862.0000000000
1087 -1861.0000000000
1093 -1860.0000000000
1095 -1858.0000000000
1136 -1857.0000000000
1142 -1856.0000000000
1163 -1855.0000000000
1174 -1854.0000000000
1182 -1853.0000000000
1188 -1852.0000000000
1215 -1851.0000000000
1232 -1850.0000000000
1235 -1849.0000000000
1265 -1847.0000000000
1277 -1846.0000000000
1288 -1845.0000000000
1315 -1844.0000000000
1327 -1843.0000000000
1348 -1842.0000000000
1372 -1841.0000000000
1394 -1840.0000000000
1413 -1839.0000000000
1427 -1838.0000000000
1444 -1837.0000000000
1469 -1836.0000000000
1485 -1835.0000000000
1489 -1834.0000000000
1513 -1832.0000000000
1534 -1831.0000000000
1547 -1829.0000000000
1569 -1828.0000000000
1608 -1827.0000000000
1611 -1826.0000000000
1641 -1825.0000000000
1650 -1824.0000000000
1690 -1823.0000000000
1691 -1822.0000000000
1713 -1821.0000000000
1717 -1818.0000000000
1739 -1817.0000000000
1767 -1816.0000000000
1780 -1815.0000000000
1782 -1814.0000000000
1831 -1813.0000000000
1848 -1812.0000000000
1888 -1810.0000000000
1907 -1809.0000000000
1936 -1808.0000000000
1965 -1807.0000000000
1971 -1806.0000000000
1976 -1805.0000000000
1980 -1804.0000000000
1998 -1803.0000000000
1999 -1801.0000000000
2012 -1800.0000000000
2036 -1799.0000000000
2037 -1798.0000000000
2076 -1797.0000000000
2082 -1796.0000000000
2095 -1795.0000000000
2106 -1794.0000000000
2109 -1793.0000000000
2118 -1792.0000000000
2137 -1791.0000000000
2180 -1790.0000000000
2194 -1789.0000000000
2207 -1788.0000000000
2221 -1787.0000000000
2246 -1786.0000000000
2254 -1785.0000000000
2278 -1784.0000000000
2293 -1782.0000000000
2322 -1781.0000000000
2328 -1780.0000000000
2334 -1779.0000000000
2370 -1778.0000000000
2376 -1777.0000000000
2399 -1776.0000000000
2410 -1775.0000000000
2439 -1774.0000000000
2440 -1773.0000000000
2466 -1772.0000000000
2488 -1771.0000000000
2493 -1770.0000000000
2523 -1768.0000000000
2530 -1767.0000000000
2546 -1766.0000000000
2566 -1765.0000000000
2581 -1764.0000000000
2595 -1763.0000000000
2615 -1762.0000000000
2619 -1761.0000000000
2621 -1760.0000000000
2635 -1759.0000000000
2673 -1758.0000000000
2675 -1757.0000000000
2691 -1756.0000000000
2708 -1755.0000000000
2722 -1754.0000000000
2755 -1753.0000000000
2759 -1752.0000000000
2775 -1751.0000000000
2815 -1750.0000000000
2846 -1749.0000000000
2869 -1748.0000000000
2888 -1747.0000000000
2905 -1746.0000000000
2912 -1745.0000000000
2951 -1744.0000000000
2974 -1743.0000000000
2985 -1742.0000000000
2986 -1741.0000000000
3016 -1740.0000000000
3022 -1739.0000000000
3069 -1738.0000000000
3073 -1737.0000000000
3077 -1736.0000000000
3117 -1735.0000000000
3134 -1734.0000000000
3143 -1733.0000000000
3160 -1731.0000000000
3161 -1730.0000000000
3190 -1729.0000000000
3223 -1728.0000000000
3232 -1727.0000000000
3276 -1726.0000000000
3284 -1725.0000000000
3324 -1724.0000000000
3330 -1723.0000000000
3354 -1722.0000000000
3355 -1721.0000000000
3364 -1720.0000000000
3385 -1718.0000000000
3405 -1717.0000000000
3421 -1716.0000000000
3426 -1715.0000000000
3430 -1714.0000000000
3461 -1713.0000000000
3465 -1712.0000000000
3470 -1711.0000000000
3506 -1709.0000000000
3525 -1708.0000000000
3529 -1707.0000000000
3551 -1705.0000000000
3577 -1702.0000000000
3618 -1701.0000000000
3635 -1700.0000000000
3637 -1699.0000000000
3655 -1698.0000000000
3673 -1696.0000000000
3679 -1695.0000000000
3688 -1694.0000000000
3728 -1693.0000000000
3767 -1692.0000000000
3786 -1691.0000000000
3813 -1690.0000000000
3822 -1689.0000000000
3828 -1687.0000000000
3829 -1686.0000000000
3836 -1685.0000000000
3848 -1684.0000000000
3875 -1683.0000000000
3899 -1682.0000000000
3918 -1681.0000000000
3922 -1680.0000000000
3927 -1679.0000000000
3945 -1678.0000000000
3992 -1677.0000000000
4005 -1676.0000000000
4020 -1675.0000000000
4035 -1674.0000000000
4075 -1673.0000000000
4093 -1672.0000000000
4113 -1671.0000000000
4150 -1670.0000000000
4160 -1668.0000000000
4173 -1667.0000000000
4198 -1666.0000000000
4226 -1665.0000000000
4244 -1664.0000000000
4267 -1663.0000000000
4277 -1661.0000000000
4282 -1660.0000000000
4288 -1657.0000000000
4334 -1655.0000000000
4378 -1654.0000000000
4406 -1652.0000000000
4461 -1651.0000000000
4484 -1649.0000000000
4537 -1647.0000000000
4580 -1646.0000000000
4587 -1644.0000000000
4613 -1643.0000000000
4667 -1642.0000000000
4697 -1641.0000000000
4699 -1640.0000000000
4750 -1638.0000000000
4761 -1637.0000000000
4766 -1635.0000000000
4792 -1634.0000000000
4798 -1633.0000000000
4819 -1632.0000000000
4835 -1630.0000000000
4863 -1629.0000000000
4865 -1628.0000000000
4917 -1627.0000000000
4932 -1626.0000000000
4943 -1625.0000000000
4961 -1624.0000000000
4964 -1622.0000000000
5004 -1621.0000000000
5046 -1620.0000000000
5080 -1619.0000000000
5121 -1618.0000000000
5130 -1617.0000000000
5144 -1616.0000000000
5211 -1615.0000000000
5217 -1614.0000000000
5234 -1613.0000000000
5249 -1611.0000000000
5251 -1610.0000000000
5274 -1609.0000000000
5288 -1608.0000000000
5298 -1607.0000000000
5325 -1606.0000000000
5338 -1605.0000000000
5370 -1604.0000000000
5373 -1603.0000000000
5420 -1602.0000000000
5432 -1601.0000000000
5460 -1600.0000000000
5470 -1599.0000000000
5491 -1598.0000000000
5510 -1597.0000000000
5533 -1596.0000000000
5560 -1594.0000000000
5608 -1593.0000000000
5637 -1592.0000000000
5646 -1591.0000000000
5667 -1589.0000000000
5698 -1588.0000000000
5723 -1586.0000000000
5738 -1583.0000000000
5775 -1582.0000000000
5825 -1581.0000000000
5834 -1578.0000000000
5901 -1575.0000000000
5947 -1574.0000000000
5966 -1573.0000000000
5975 -1571.0000000000
5983 -1569.0000000000
6003 -1568.0000000000
6031 -1567.0000000000
6082 -1566.0000000000
6098 -1565.0000000000
6100 -1563.0000000000
6113 -1562.0000000000
6144 -1561.0000000000
6161 -1560.0000000000
6192 -1559.0000000000
6216 -1558.0000000000
6257 -1557.0000000000
6284 -1556.0000000000
6308 -1553.0000000000
6356 -1552.0000000000
6373 -1551.0000000000
6395 -1550.0000000000
6402 -1549.0000000000
6478 -1548.0000000000
6481 -1546.0000000000
6519 -1544.0000000000
6548 -1543.0000000000
6568 -1542.0000000000
6589 -1541.0000000000
6592 -1540.0000000000
6637 -1539.0000000000
6667 -1538.0000000000
6675 -1537.0000000000
6689 -1536.0000000000
6709 -1533.0000000000
6726 -1532.0000000000
6747 -1531.0000000000
6764 -1530.0000000000
6767 -1529.0000000000
6786 -1528.0000000000
6795 -1527.0000000000
6854 -1526.0000000000
6877 -1524.0000000000
6906 -1522.0000000000
6936 -1521.0000000000
6957 -1520.0000000000
6974 -1519.0000000000
7016 -1518.0000000000
7018 -1517.0000000000
7038 -1516.0000000000
7041 -1515.0000000000
7101 -1513.0000000000
7102 -1512.0000000000
7128 -1511.0000000000
7175 -1508.0000000000
7216 -1507.0000000000
7237 -1506.0000000000
7249 -1505.0000000000
7269 -1504.0000000000
7296 -1503.0000000000
7327 -1502.0000000000
7372 -1501.0000000000
7375 -1500.0000000000
7394 -1499.0000000000
7445 -1498.0000000000
7450 -1497.0000000000
7459 -1496.0000000000
7463 -1495.0000000000
7495 -1494.0000000000
7553 -1493.0000000000
7554 -1492.0000000000
7577 -1490.0000000000
7624 -1489.0000000000
7649 -1488.0000000000
7662 -1487.0000000000
7669 -1486.0000000000
7687 -1485.0000000000
7690 -1483.0000000000
7735 -1482.0000000000
7758 -1481.0000000000
7784 -1480.0000000000
7820 -1479.0000000000
7848 -1478.0000000000
7851 -1477.0000000000
7878 -1475.0000000000
7894 -1474.0000000000
7921 -1473.0000000000
7951 -1472.0000000000
7967 -1471.0000000000
8010 -1470.0000000000
8022 -1469.0000000000
8050 -1468.0000000000
8052 -1467.0000000000
8100 -1465.0000000000
8123 -1464.0000000000
8165 -1463.0000000000
8172 -1462.0000000000
8215 -1461.0000000000
8228 -1460.0000000000
8236 -1458.0000000000
8259 -1457.0000000000
8287 -1456.0000000000
8298 -1455.0000000000
8314 -1453.0000000000
8333 -1452.0000000000
8347 -1451.0000000000
8419 -1450.0000000000
8449 -1449.0000000000
8487 -1448.0000000000
8498 -1447.0000000000
8528 -1445.0000000000
8568 -1444.0000000000
8634 -1443.0000000000
8655 -1441.0000000000
8672 -1440.0000000000
8729 -1439.0000000000
8759 -1437.0000000000
8765 -1436.0000000000
8775 -1435.0000000000
8806 -1434.0000000000
8813 -1433.0000000000
8834 -1432.0000000000
8852 -1431.0000000000
8856 -1430.0000000000
8882 -1429.0000000000
8884 -1428.0000000000
8885 -1427.0000000000
8957 -1426.0000000000
8990 -1425.0000000000
8998 -1424.0000000000
9010 -1423.0000000000
9023 -1422.0000000000
9068 -1421.0000000000
9081 -1420.0000000000
9113 -1419.0000000000
9116 -1418.0000000000
9117 -1417.0000000000
9160 -1416.0000000000
9188 -1415.0000000000
9204 -1414.0000000000
9250 -1413.0000000000
9276 -1412.0000000000
9280 -1411.0000000000
9320 -1410.0000000000
9344 -1409.0000000000
9351 -1408.0000000000
9370 -1407.0000000000
9410 -1406.0000000000
9435 -1405.0000000000
9460 -1402.0000000000
9506 -1401.0000000000
9541 -1400.0000000000
9544 -1399.0000000000
9575 -1398.0000000000
9607 -1397.0000000000
9621 -1396.0000000000
9635 -1395.0000000000
9703 -1394.0000000000
9732 -1393.0000000000
9735 -1392.0000000000
9813 -1391.0000000000
9827 -1390.0000000000
9847 -1389.0000000000
9848 -1388.0000000000
9889 -1387.0000000000
9912 -1386.0000000000
9927 -1385.0000000000
9952 -1384.0000000000
9988 -1383.0000000000
10000 -1384.0000000000
evaluations raw_y
1 -2031.0000000000
2 -2017.0000000000
6 -1993.0000000000
13 -1988.0000000000
20 -1982.0000000000
26 -1981.0000000000
44 -1980.0000000000
66 -1979.0000000000
89 -1978.0000000000
110 -1977.0000000000
126 -1975.0000000000
156 -1974.0000000000
163 -1973.0000000000
176 -1972.0000000000
178 -1971.0000000000
200 -1970.0000000000
262 -1969.0000000000
274 -1968.0000000000
289 -1967.0000000000
301 -1966.0000000000
308 -1965.0000000000
330 -1964.0000000000
337 -1963.0000000000
349 -1962.0000000000
363 -1961.0000000000
371 -1960.0000000000
374 -1958.0000000000
404 -1957.0000000000
422 -1956.0000000000
435 -1955.0000000000
439 -1954.0000000000
469 -1953.0000000000
494 -1952.0000000000
510 -1951.0000000000
526 -1950.0000000000
535 -1949.0000000000
551 -1948.0000000000
588 -1947.0000000000
591 -1946.0000000000
605 -1945.0000000000
646 -1944.0000000000
652 -1943.0000000000
664 -1942.0000000000
673 -1941.0000000000
681 -1940.0000000000
683 -1938.0000000000
719 -1937.0000000000
728 -1936.0000000000
730 -1935.0000000000
759 -1933.0000000000
778 -1932.0000000000
794 -1931.0000000000
809 -1930.0000000000
826 -1929.0000000000
855 -1928.0000000000
864 -1927.0000000000
878 -1926.0000000000
905 -1925.0000000000
934 -1924.0000000000
944 -1923.0000000000
968 -1922.0000000000
984 -1920.0000000000
995 -1919.0000000000
1048 -1918.0000000000
1068 -1917.0000000000
1076 -1916.0000000000
1090 -1915.0000000000
1119 -1914.0000000000
1122 -1913.0000000000
1134 -1912.0000000000
1156 -1911.0000000000
1170 -1910.0000000000
1187 -1909.0000000000
1195 -1908.0000000000
1197 -1907.0000000000
1216 -1906.0000000000
1229 -1905.0000000000
1248 -1904.0000000000
1265 -1902.0000000000
1311 -1901.0000000000
1332 -1900.0000000000
1345 -1899.0000000000
1373 -1898.0000000000
1379 -1897.0000000000
1399 -1896.0000000000
1408 -1894.0000000000
1445 -1893.0000000000
1456 -1892.0000000000
1457 -1891.0000000000
1463 -1890.0000000000
1482 -1889.0000000000
1490 -1888.0000000000
1492 -1887.0000000000
1504 -1886.0000000000
1544 -1885.0000000000
1559 -1883.0000000000
1588 -1882.0000000000
1604 -1881.0000000000
1606 -1879.0000000000
1652 -1878.0000000000
1665 -1877.0000000000
1680 -1876.0000000000
1683 -1875.0000000000
1721 -1874.0000000000
1728 -1872.0000000000
1757 -1870.0000000000
1792 -1869.0000000000
1817 -1868.0000000000
1825 -1867.0000000000
1856 -1866.0000000000
1889 -1865.0000000000
1898 -1864.0000000000
1908 -1863.0000000000
1919 -1862.0000000000
1932 -1861.0000000000
1957 -1860.0000000000
1979 -1859.0000000000
2005 -1857.0000000000
2010 -1856.0000000000
2046 -1855.0000000000
2056 -1854.0000000000
2064 -1852.0000000000
2083 -1851.0000000000
2091 -1850.0000000000
2127 -1848.0000000000
2138 -1847.0000000000
2182 -1844.0000000000
2189 -1843.0000000000
2201 -1842.0000000000
2216 -1841.0000000000
2240 -1840.0000000000
2262 -1837.0000000000
2264 -1836.0000000000
2283 -1835.0000000000
2289 -1834.0000000000
2291 -1833.0000000000
2325 -1832.0000000000
2353 -1829.0000000000
2356 -1828.0000000000
2370 -1827.0000000000
2375 -1826.0000000000
2397 -1825.0000000000
2446 -1824.0000000000
2476 -1823.0000000000
2487 -1822.0000000000
2507 -1821.0000000000
2531 -1820.0000000000
2549 -1819.0000000000
2590 -1818.0000000000
2599 -1817.0000000000
2602 -1816.0000000000
2637 -1815.0000000000
2643 -1814.0000000000
2660 -1813.0000000000
2667 -1812.0000000000
2686 -1811.0000000000
2698 -1810.0000000000
2722 -1809.0000000000
2756 -1808.0000000000
2788 -1807.0000000000
2799 -1803.0000000000
2856 -1801.0000000000
2888 -1800.0000000000
2905 -1799.0000000000
2922 -1798.0000000000
2932 -1797.0000000000
2966 -1794.0000000000
2990 -1793.0000000000
3005 -1792.0000000000
3020 -1791.0000000000
3047 -1790.0000000000
3072 -1789.0000000000
3105 -1788.0000000000
3113 -1787.0000000000
3120 -1786.0000000000
3136 -1785.0000000000
3155 -1783.0000000000
3168 -1781.0000000000
3179 -1780.0000000000
3222 -1778.0000000000
3240 -1777.0000000000
3242 -1776.0000000000
3253 -1775.0000000000
3272 -1773.0000000000
3287 -1772.0000000000
3302 -1770.0000000000
3326 -1769.0000000000
3338 -1768.0000000000
3344 -1767.0000000000
3353 -1766.0000000000
3360 -1764.0000000000
3388 -1763.0000000000
3418 -1762.0000000000
3426 -1761.0000000000
3441 -1760.0000000000
3454 -1758.0000000000
3478 -1757.0000000000
3519 -1755.0000000000
3522 -1754.0000000000
3542 -1753.0000000000
3549 -1752.0000000000
3582 -1751.0000000000
3591 -1748.0000000000
3628 -1747.0000000000
3638 -1746.0000000000
3679 -1745.0000000000
3682 -1744.0000000000
3709 -1743.0000000000
3713 -1741.0000000000
3759 -1740.0000000000
3772 -1739.0000000000
3791 -1738.0000000000
3811 -1737.0000000000
3854 -1736.0000000000
3860 -1735.0000000000
3864 -1734.0000000000
3877 -1733.0000000000
3892 -1731.0000000000
3910 -1730.0000000000
3935 -1729.0000000000
3939 -1728.0000000000
3970 -1727.0000000000
3998 -1726.0000000000
4029 -1725.0000000000
4034 -1724.0000000000
4050 -1723.0000000000
4052 -1722.0000000000
4085 -1721.0000000000
4114 -1720.0000000000
4117 -1719.0000000000
4123 -1718.0000000000
4141 -1717.0000000000
4143 -1716.0000000000
4178 -1715.0000000000
4204 -1714.0000000000
4223 -1713.0000000000
4261 -1712.0000000000
4267 -1711.0000000000
4280 -1710.0000000000
4300 -1709.0000000000
4323 -1708.0000000000
4350 -1707.0000000000
4375 -1706.0000000000
4385 -1705.0000000000
4422 -1704.0000000000
4437 -1703.0000000000
4462 -1702.0000000000
4498 -1701.0000000000
4501 -1700.0000000000
4510 -1699.0000000000
4524 -1698.0000000000
4540 -1697.0000000000
4564 -1696.0000000000
4579 -1695.0000000000
4581 -1694.0000000000
4623 -1693.0000000000
4628 -1692.0000000000
4631 -1691.0000000000
4666 -1690.0000000000
4681 -1689.0000000000
4696 -1688.0000000000
4711 -1687.0000000000
4736 -1686.0000000000
4744 -1684.0000000000
4756 -1683.0000000000
4797 -1682.0000000000
4812 -1681.0000000000
4830 -1680.0000000000
4849 -1679.0000000000
4850 -1678.0000000000
4858 -1677.0000000000
4886 -1676.0000000000
4895 -1674.0000000000
4929 -1673.0000000000
4939 -1672.0000000000
4941 -1671.0000000000
4984 -1670.0000000000
5023 -1669.0000000000
5032 -1667.0000000000
5068 -1666.0000000000
5072 -1665.0000000000
5096 -1664.0000000000
5105 -1663.0000000000
5108 -1662.0000000000
5146 -1661.0000000000
5148 -1660.0000000000
5179 -1659.0000000000
5222 -1658.0000000000
5240 -1657.0000000000
5253 -1656.0000000000
5262 -1655.0000000000
5276 -1654.0000000000
5306 -1653.0000000000
5316 -1652.0000000000
5330 -1650.0000000000
5379 -1649.0000000000
5396 -1648.0000000000
5430 -1647.0000000000
5480 -1646.0000000000
5507 -1645.0000000000
5513 -1644.0000000000
5520 -1643.0000000000
5528 -1642.0000000000
5537 -1641.0000000000
5566 -1637.0000000000
5600 -1636.0000000000
5624 -1635.0000000000
5632 -1634.0000000000
5677 -1633.0000000000
5682 -1632.0000000000
5696 -1629.0000000000
5776 -1628.0000000000
5781 -1627.0000000000
5784 -1626.0000000000
5790 -1625.0000000000
5836 -1624.0000000000
5855 -1623.0000000000
5857 -1622.0000000000
5866 -1621.0000000000
5893 -1620.0000000000
5898 -1619.0000000000
5915 -1618.0000000000
5929 -1617.0000000000
5933 -1614.0000000000
5994 -1613.0000000000
6002 -1612.0000000000
6027 -1611.0000000000
6035 -1609.0000000000
6102 -1608.0000000000
6123 -1606.0000000000
6161 -1605.0000000000
6181 -1604.0000000000
6186 -1602.0000000000
6246 -1601.0000000000
6249 -1600.0000000000
6256 -1599.0000000000
6277 -1598.0000000000
6305 -1597.0000000000
6322 -1596.0000000000
6334 -1595.0000000000
6344 -1594.0000000000
6349 -1593.0000000000
6353 -1592.0000000000
6420 -1591.0000000000
6436 -1590.0000000000
6467 -1589.0000000000
6474 -1588.0000000000
6509 -1586.0000000000
6552 -1585.0000000000
6568 -1584.0000000000
6582 -1582.0000000000
6594 -1581.0000000000
6645 -1580.0000000000
6653 -1579.0000000000
6668 -1577.0000000000
6716 -1576.0000000000
6724 -1575.0000000000
6752 -1574.0000000000
6790 -1573.0000000000
6799 -1572.0000000000
6818 -1571.0000000000
6830 -1570.0000000000
6885 -1569.0000000000
6887 -1568.0000000000
6916 -1567.0000000000
6964 -1566.0000000000
6978 -1565.0000000000
6991 -1564.0000000000
7005 -1563.0000000000
7028 -1562.0000000000
7034 -1561.0000000000
7072 -1560.0000000000
7100 -1559.0000000000
7101 -1558.0000000000
7137 -1557.0000000000
7153 -1556.0000000000
7168 -1555.0000000000
7216 -1554.0000000000
7254 -1552.0000000000
7297 -1551.0000000000
7322 -1550.0000000000
7353 -1549.0000000000
7359 -1548.0000000000
7403 -1547.0000000000
7441 -1546.0000000000
7464 -1545.0000000000
7484 -1544.0000000000
7509 -1543.0000000000
7511 -1542.0000000000
7532 -1541.0000000000
7581 -1539.0000000000
7601 -1538.0000000000
7645 -1537.0000000000
7663 -1536.0000000000
7685 -1535.0000000000
7713 -1532.0000000000
7739 -1531.0000000000
7760 -1528.0000000000
7828 -1527.0000000000
7851 -1526.0000000000
7854 -1525.0000000000
7876 -1524.0000000000
7907 -1522.0000000000
7956 -1521.0000000000
7966 -1520.0000000000
7974 -1519.0000000000
8004 -1518.0000000000
8012 -1517.0000000000
8054 -1516.0000000000
8072 -1515.0000000000
8121 -1514.0000000000
8132 -1513.0000000000
8162 -1511.0000000000
8198 -1510.0000000000
8228 -1509.0000000000
8246 -1507.0000000000
8277 -1506.0000000000
8292 -1505.0000000000
8317 -1504.0000000000
8322 -1503.0000000000
8344 -1502.0000000000
8376 -1501.0000000000
8422 -1500.0000000000
8428 -1499.0000000000
8471 -1498.0000000000
8503 -1497.0000000000
8515 -1496.0000000000
8522 -1495.0000000000
8531 -1494.0000000000
8541 -1493.0000000000
8617 -1491.0000000000
8634 -1490.0000000000
8686 -1489.0000000000
8691 -1488.0000000000
8697 -1486.0000000000
8752 -1483.0000000000
8783 -1482.0000000000
8809 -1481.0000000000
8827 -1480.0000000000
8844 -1479.0000000000
8869 -1478.0000000000
8903 -1477.0000000000
8954 -1475.0000000000
8964 -1474.0000000000
8980 -1473.0000000000
8999 -1472.0000000000
9008 -1471.0000000000
9055 -1470.0000000000
9066 -1469.0000000000
9086 -1468.0000000000
9117 -1466.0000000000
9125 -1463.0000000000
9185 -1462.0000000000
9241 -1461.0000000000
9277 -1459.0000000000
9295 -1458.0000000000
9332 -1457.0000000000
9335 -1456.0000000000
9342 -1454.0000000000
9407 -1453.0000000000
9419 -1452.0000000000
9427 -1451.0000000000
9464 -1450.0000000000
9472 -1449.0000000000
9493 -1448.0000000000
9529 -1447.0000000000
9547 -1446.0000000000
9580 -1445.0000000000
9593 -1444.0000000000
9623 -1443.0000000000
9631 -1442.0000000000
9642 -1441.0000000000
9649 -1440.0000000000
9716 -1439.0000000000
9733 -1438.0000000000
9735 -1437.0000000000
9808 -1436.0000000000
9826 -1434.0000000000
9836 -1431.0000000000
9949 -1430.0000000000
9953 -1429.0000000000
9981 -1427.0000000000
10000 -1428.0000000000
evaluations raw_y
1 -2003.0000000000
2 -1992.0000000000
4 -1968.0000000000
16 -1949.0000000000
44 -1948.0000000000
55 -1947.0000000000
67 -1946.0000000000
89 -1945.0000000000
117 -1944.0000000000
152 -1943.0000000000
154 -1942.0000000000
160 -1941.0000000000
162 -1940.0000000000
186 -1939.0000000000
236 -1938.0000000000
240 -1937.0000000000
241 -1936.0000000000
259 -1935.0000000000
301 -1934.0000000000
310 -1933.0000000000
354 -1932.0000000000
374 -1931.0000000000
378 -1929.0000000000
405 -1927.0000000000
418 -1926.0000000000
474 -1925.0000000000
479 -1923.0000000000
486 -1922.0000000000
489 -1921.0000000000
499 -1920.0000000000
528 -1919.0000000000
544 -1918.0000000000
551 -1917.0000000000
556 -1916.0000000000
567 -1914.0000000000
595 -1913.0000000000
601 -1911.0000000000
651 -1910.0000000000
686 -1909.0000000000
699 -1908.0000000000
723 -1907.0000000000
755 -1906.0000000000
784 -1905.0000000000
792 -1904.0000000000
808 -1901.0000000000
842 -1900.0000000000
850 -1899.0000000000
864 -1898.0000000000
885 -1896.0000000000
909 -1895.0000000000
924 -1894.0000000000
941 -1893.0000000000
966 -1892.0000000000
976 -1891.0000000000
982 -1890.0000000000
997 -1889.0000000000
1021 -1888.0000000000
1028 -1887.0000000000
1035 -1886.0000000000
1058 -1885.0000000000
1087 -1884.0000000000
1092 -1883.0000000000
1111 -1882.0000000000
1125 -1881.0000000000
1137 -1880.0000000000
1158 -1879.0000000000
1191 -1878.0000000000
1212 -1877.0000000000
1221 -1876.0000000000
1266 -1875.0000000000
1278 -1873.0000000000
1293 -1872.0000000000
1294 -1871.0000000000
1321 -1870.0000000000
1341 -1869.0000000000
1368 -1868.0000000000
1384 -1867.0000000000
1387 -1866.0000000000
1412 -1865.0000000000
1425 -1864.0000000000
1452 -1863.0000000000
1476 -1862.0000000000
1489 -1861.0000000000
1512 -1860.0000000000
1526 -1859.0000000000
1548 -1858.0000000000
1573 -1857.0000000000
1584 -1856.0000000000
1615 -1855.0000000000
1643 -1853.0000000000
1688 -1852.0000000000
1717 -1851.0000000000
1731 -1850.0000000000
1737 -1849.0000000000
1773 -1848.0000000000
1782 -1847.0000000000
1804 -1845.0000000000
1826 -1844.0000000000
1846 -1843.0000000000
1869 -1842.0000000000
1871 -1841.0000000000
1886 -1840.0000000000
1895 -1839.0000000000
1905 -1838.0000000000
1923 -1837.0000000000
1947 -1836.0000000000
1952 -1835.0000000000
1956 -1834.0000000000
1976 -1832.0000000000
1978 -1831.0000000000
1987 -1830.0000000000
2001 -1829.0000000000
2039 -1828.0000000000
2049 -1827.0000000000
2089 -1826.0000000000
2101 -1825.0000000000
2139 -1824.0000000000
2151 -1823.0000000000
2175 -1822.0000000000
2176 -1821.0000000000
2195 -1820.0000000000
2200 -1819.0000000000
2229 -1818.0000000000
2231 -1816.0000000000
2306 -1815.0000000000
2319 -1813.0000000000
2320 -1812.0000000000
2337 -1811.0000000000
2356 -1810.0000000000
2385 -1809.0000000000
2404 -1807.0000000000
2454 -1806.0000000000
2466 -1805.0000000000
2479 -1804.0000000000
2496 -1802.0000000000
2498 -1801.0000000000
2530 -1799.0000000000
2543 -1798.0000000000
2584 -1797.0000000000
2590 -1796.0000000000
2601 -1795.0000000000
2633 -1794.0000000000
2649 -1791.0000000000
2710 -1790.0000000000
2718 -1789.0000000000
2747 -1788.0000000000
2751 -1787.0000000000
2762 -1786.0000000000
2809 -1785.0000000000
2821 -1784.0000000000
2827 -1783.0000000000
2877 -1782.0000000000
2896 -1780.0000000000
2913 -1779.0000000000
2953 -1778.0000000000
2955 -1776.0000000000
2991 -1775.0000000000
3014 -1773.0000000000
3042 -1772.0000000000
3066 -1771.0000000000
3086 -1770.0000000000
3121 -1769.0000000000
3139 -1768.0000000000
3143 -1767.0000000000
3163 -1766.0000000000
3187 -1765.0000000000
3202 -1764.0000000000
3216 -1763.0000000000
3251 -1762.0000000000
3253 -1761.0000000000
3263 -1760.0000000000
3301 -1759.0000000000
3314 -1758.0000000000
3317 -1757.0000000000
3343 -1756.0000000000
3388 -1755.0000000000
3397 -1754.0000000000
3427 -1753.0000000000
3429 -1752.0000000000
3447 -1751.0000000000
3450 -1749.0000000000
3466 -1748.0000000000
3476 -1747.0000000000
3501 -1746.0000000000
3516 -1745.0000000000
3523 -1744.0000000000
3548 -1743.0000000000
3563 -1742.0000000000
3572 -1741.0000000000
3615 -1740.0000000000
3641 -1739.0000000000
3659 -1738.0000000000
3672 -1737.0000000000
3685 -1736.0000000000
3740 -1735.0000000000
3763 -1734.0000000000
3789 -1733.0000000000
3794 -1732.0000000000
3801 -1731.0000000000
3830 -1730.0000000000
3842 -1729.0000000000
3856 -1728.0000000000
3910 -1727.0000000000
3947 -1725.0000000000
3966 -1724.0000000000
3985 -1723.0000000000
4000 -1722.0000000000
4015 -1720.0000000000
4031 -1719.0000000000
4066 -1718.0000000000
4077 -1717.0000000000
4105 -1716.0000000000
4115 -1715.0000000000
4137 -1714.0000000000
4169 -1713.0000000000
4195 -1712.0000000000
4199 -1711.0000000000
4211 -1710.0000000000
4220 -1708.0000000000
4266 -1707.0000000000
4292 -1706.0000000000
4311 -1705.0000000000
4319 -1704.0000000000
4342 -1703.0000000000
4362 -1702.0000000000
4376 -1701.0000000000
4390 -1700.0000000000
4402 -1698.0000000000
4430 -1697.0000000000
4435 -1695.0000000000
4463 -1694.0000000000
4464 -1693.0000000000
4484 -1692.0000000000
4517 -1690.0000000000
4520 -1689.0000000000
4552 -1688.0000000000
4576 -1687.0000000000
4590 -1686.0000000000
4594 -1685.0000000000
4602 -1684.0000000000
4654 -1683.0000000000
4664 -1682.0000000000
4676 -1681.0000000000
4706 -1680.0000000000
4707 -1679.0000000000
4732 -1678.0000000000
4758 -1676.0000000000
4769 -1673.0000000000
4817 -1672.0000000000
4837 -1671.0000000000
4869 -1670.0000000000
4883 -1669.0000000000
4887 -1668.0000000000
4905 -1667.0000000000
4937 -1666.0000000000
4956 -1665.0000000000
4982 -1664.0000000000
5000 -1663.0000000000
5005 -1662.0000000000
5046 -1661.0000000000
5047 -1660.0000000000
5072 -1659.0000000000
5098 -1658.0000000000
5105 -1657.0000000000
5125 -1656.0000000000
5127 -1655.0000000000
5140 -1653.0000000000
5173 -1652.0000000000
5215 -1651.0000000000
5241 -1650.0000000000
5242 -1649.0000000000
5266 -1648.0000000000
5285 -1647.0000000000
5332 -1646.0000000000
5341 -1645.0000000000
5346 -1644.0000000000
5377 -1641.0000000000
5425 -1640.0000000000
5455 -1638.0000000000
5491 -1637.0000000000
5513 -1636.0000000000
5514 -1635.0000000000
5573 -1634.0000000000
5578 -1633.0000000000
5610 -1632.0000000000
5633 -1630.0000000000
5675 -1628.0000000000
5694 -1627.0000000000
5703 -1626.0000000000
5726 -1625.0000000000
5736 -1624.0000000000
5785 -1623.0000000000
5802 -1622.0000000000
5810 -1621.0000000000
5814 -1620.0000000000
5843 -1618.0000000000
5870 -1617.0000000000
5882 -1616.0000000000
5912 -1614.0000000000
5919 -1613.0000000000
5932 -1611.0000000000
5945 -1610.0000000000
5986 -1609.0000000000
6000 -1608.0000000000
6027 -1607.0000000000
6045 -1605.0000000000
6056 -1604.0000000000
6063 -1603.0000000000
6085 -1602.0000000000
6096 -1601.0000000000
6117 -1600.0000000000
6132 -1599.0000000000
6156 -1598.0000000000
6177 -1597.0000000000
6205 -1596.0000000000
6229 -1595.0000000000
6258 -1594.0000000000
6286 -1593.0000000000
6299 -1591.0000000000
6339 -1590.0000000000
6349 -1588.0000000000
6414 -1587.0000000000
6416 -1586.0000000000
6428 -1585.0000000000
6446 -1583.0000000000
6466 -1582.0000000000
6467 -1581.0000000000
6494 -1580.0000000000
6498 -1579.0000000000
6510 -1578.0000000000
6537 -1577.0000000000
6541 -1576.0000000000
6546 -1575.0000000000
6555 -1573.0000000000
6572 -1572.0000000000
6600 -1571.0000000000
6624 -1570.0000000000
6636 -1569.0000000000
6641 -1567.0000000000
6656 -1566.0000000000
6670 -1565.0000000000
6696 -1563.0000000000
6706 -1562.0000000000
6737 -1560.0000000000
6770 -1559.0000000000
6778 -1558.0000000000
6785 -1557.0000000000
6830 -1555.0000000000
6834 -1554.0000000000
6884 -1553.0000000000
6914 -1551.0000000000
6934 -1550.0000000000
6948 -1549.0000000000
6979 -1548.0000000000
7037 -1547.0000000000
7045 -1546.0000000000
7056 -1545.0000000000
7075 -1544.0000000000
7097 -1543.0000000000
7112 -1542.0000000000
7116 -1541.0000000000
7160 -1540.0000000000
7168 -1539.0000000000
7182 -1538.0000000000
7208 -1537.0000000000
7221 -1536.0000000000
7222 -1535.0000000000
7273 -1534.0000000000
7289 -1533.0000000000
7305 -1532.0000000000
7319 -1531.0000000000
7381 -1530.0000000000
7385 -1528.0000000000
7416 -1527.0000000000
7428 -1526.0000000000
7451 -1525.0000000000
7460 -1524.0000000000
7491 -1523.0000000000
7506 -1522.0000000000
7509 -1521.0000000000
7528 -1519.0000000000
7591 -1518.0000000000
7600 -1517.0000000000
7642 -1514.0000000000
7727 -1513.0000000000
7763 -1512.0000000000
7772 -1511.0000000000
7779 -1510.0000000000
7793 -1509.0000000000
7821 -1508.0000000000
7835 -1507.0000000000
7864 -1506.0000000000
7904 -1505.0000000000
7915 -1504.0000000000
7931 -1502.0000000000
7973 -1501.0000000000
7976 -1500.0000000000
8005 -1499.0000000000
8013 -1498.0000000000
8031 -1497.0000000000
8059 -1495.0000000000
8087 -1494.0000000000
8092 -1493.0000000000
8099 -1492.0000000000
8115 -1491.0000000000
8161 -1490.0000000000
8172 -1489.0000000000
8180 -1487.0000000000
8248 -1486.0000000000
8271 -1485.0000000000
8281 -1484.0000000000
8290 -1482.0000000000
8294 -1481.0000000000
8341 -1480.0000000000
8370 -1479.0000000000
8389 -1478.0000000000
8391 -1477.0000000000
8432 -1475.0000000000
8466 -1474.0000000000
8478 -1473.0000000000
8496 -1472.0000000000
8525 -1471.0000000000
8544 -1470.0000000000
8570 -1469.0000000000
8594 -1468.0000000000
8601 -1466.0000000000
8637 -1465.0000000000
8666 -1464.0000000000
8688 -1463.0000000000
8709 -1462.0000000000
8712 -1461.0000000000
8770 -1460.0000000000
8793 -1459.0000000000
8804 -1458.0000000000
8811 -1457.0000000000
8830 -1456.0000000000
8841 -1455.0000000000
8860 -1454.0000000000
8864 -1453.0000000000
8887 -1452.0000000000
8896 -1451.0000000000
8929 -1450.0000000000
8956 -1448.0000000000
8976 -1446.0000000000
8978 -1445.0000000000
9018 -1444.0000000000
9068 -1443.0000000000
9092 -1440.0000000000
9121 -1439.0000000000
9134 -1438.0000000000
9140 -1437.0000000000
9201 -1436.0000000000
9222 -1435.0000000000
9244 -1434.0000000000
9269 -1433.0000000000
9274 -1432.0000000000
9298 -1431.0000000000
9338 -1430.0000000000
9364 -1429.0000000000
9369 -1428.0000000000
9425 -1427.0000000000
9464 -1426.0000000000
9472 -1425.0000000000
9496 -1424.0000000000
9538 -1422.0000000000
9560 -1421.0000000000
9580 -1420.0000000000
9619 -1419.0000000000
9621 -1418.0000000000
9622 -1417.0000000000
9687 -1416.0000000000
9697 -1415.0000000000
9742 -1414.0000000000
9783 -1413.0000000000
9811 -1412.0000000000
9827 -1411.0000000000
9849 -1410.0000000000
9889 -1409.0000000000
9919 -1408.0000000000
9942 -1407.0000000000
9965 -1406.0000000000
9982 -1405.0000000000
10000 -1406.0000000000
evaluations raw_y
1 -2054.0000000000
2 -1960.0000000000
63 -1956.0000000000
109 -1955.0000000000
153 -1954.0000000000
163 -1953.0000000000
180 -1952.0000000000
197 -1951.0000000000
229 -1950.0000000000
239 -1949.0000000000
256 -1948.0000000000
291 -1947.0000000000
308 -1946.0000000000
331 -1945.0000000000
339 -1944.0000000000
350 -1943.0000000000
363 -1942.0000000000
377 -1941.0000000000
398 -1940.0000000000
412 -1939.0000000000
420 -1937.0000000000
459 -1936.0000000000
477 -1935.0000000000
483 -1933.0000000000
515 -1931.0000000000
562 -1930.0000000000
574 -1929.0000000000
578 -1928.0000000000
605 -1925.0000000000
643 -1924.0000000000
666 -1923.0000000000
683 -1922.0000000000
691 -1921.0000000000
708 -1920.0000000000
734 -1919.0000000000
764 -1918.0000000000
767 -1917.0000000000
809 -1916.0000000000
813 -1915.0000000000
847 -1914.0000000000
858 -1913.0000000000
861 -1911.0000000000
907 -1910.0000000000
929 -1908.0000000000
989 -1906.0000000000
1027 -1905.0000000000
1030 -1904.0000000000
1041 -1903.0000000000
1052 -1902.0000000000
1057 -1899.0000000000
1079 -1898.0000000000
1103 -1897.0000000000
1131 -1896.0000000000
1143 -1894.0000000000
1190 -1893.0000000000
1213 -1892.0000000000
1245 -1891.0000000000
1248 -1888.0000000000
1259 -1887.0000000000
1276 -1886.0000000000
1289 -1884.0000000000
1322 -1883.0000000000
1339 -1882.0000000000
1345 -1881.0000000000
1377 -1880.0000000000
1378 -1879.0000000000
1409 -1878.0000000000
1421 -1877.0000000000
1460 -1876.0000000000
1471 -1873.0000000000
1477 -1872.0000000000
1504 -1871.0000000000
1521 -1870.0000000000
1540 -1869.0000000000
1560 -1868.0000000000
1585 -1867.0000000000
1597 -1865.0000000000
1618 -1864.0000000000
1628 -1862.0000000000
1693 -1861.0000000000
1721 -1860.0000000000
1735 -1859.0000000000
1751 -1857.0000000000
1763 -1856.0000000000
1784 -1855.0000000000
1800 -1854.0000000000
1832 -1853.0000000000
1838 -1851.0000000000
1884 -1850.0000000000
1909 -1849.0000000000
1943 -1848.0000000000
1956 -1847.0000000000
1959 -1846.0000000000
1985 -1845.0000000000
1994 -1844.0000000000
1999 -1843.0000000000
2005 -1842.0000000000
2037 -1841.0000000000
2048 -1840.0000000000
2081 -1839.0000000000
2099 -1838.0000000000
2105 -1837.0000000000
2106 -1836.0000000000
2119 -1835.0000000000
2127 -1834.0000000000
2135 -1833.0000000000
2144 -1832.0000000000
2145 -1831.0000000000
2185 -1830.0000000000
2204 -1829.0000000000
2212 -1828.0000000000
2216 -1827.0000000000
2225 -1826.0000000000
2244 -1824.0000000000
2301 -1823.0000000000
2316 -1822.0000000000
2326 -1821.0000000000
2330 -1820.0000000000
2347 -1818.0000000000
2394 -1817.0000000000
2413 -1816.0000000000
2439 -1815.0000000000
2443 -1814.0000000000
2469 -1812.0000000000
2504 -1811.0000000000
2515 -1808.0000000000
2595 -1807.0000000000
2600 -1806.0000000000
2638 -1805.0000000000
2664 -1804.0000000000
2688 -1803.0000000000
2715 -1801.0000000000
2721 -1800.0000000000
2758 -1799.0000000000
2777 -1798.0000000000
2798 -1797.0000000000
2821 -1796.0000000000
2840 -1795.0000000000
2848 -1794.0000000000
2861 -1792.0000000000
2896 -1791.0000000000
2910 -1790.0000000000
2918 -1789.0000000000
2940 -1788.0000000000
2950 -1787.0000000000
2982 -1786.0000000000
3004 -1785.0000000000
3024 -1784.0000000000
3034 -1783.0000000000
3072 -1782.0000000000
3097 -1781.0000000000
3099 -1780.0000000000
3121 -1778.0000000000
3125 -1777.0000000000
3135 -1776.0000000000
3194 -1775.0000000000
3214 -1774.0000000000
3228 -1773.0000000000
3241 -1772.0000000000
3245 -1771.0000000000
3252 -1770.0000000000
3255 -1768.0000000000
3290 -1767.0000000000
3295 -1766.0000000000
3296 -1764.0000000000
3352 -1763.0000000000
3371 -1762.0000000000
3379 -1761.0000000000
3417 -1760.0000000000
3424 -1759.0000000000
3450 -1758.0000000000
3491 -1757.0000000000
3504 -1756.0000000000
3532 -1755.0000000000
3543 -1754.0000000000
3546 -1753.0000000000
3567 -1752.0000000000
3576 -1751.0000000000
3606 -1750.0000000000
3622 -1749.0000000000
3650 -1748.0000000000
3654 -1747.0000000000
3674 -1746.0000000000
3678 -1745.0000000000
3697 -1744.0000000000
3708 -1743.0000000000
3709 -1742.0000000000
3781 -1741.0000000000
3802 -1740.0000000000
3820 -1739.0000000000
3833 -1738.0000000000
3852 -1736.0000000000
3866 -1735.0000000000
3872 -1734.0000000000
3888 -1733.0000000000
3914 -1732.0000000000
3921 -1731.0000000000
3941 -1730.0000000000
3983 -1729.0000000000
3994 -1727.0000000000
4048 -1726.0000000000
4074 -1725.0000000000
4088 -1724.0000000000
4109 -1723.0000000000
4112 -1722.0000000000
4116 -1721.0000000000
4120 -1720.0000000000
4188 -1719.0000000000
4191 -1718.0000000000
4199 -1717.0000000000
4218 -1716.0000000000
4238 -1715.0000000000
4260 -1714.0000000000
4292 -1713.0000000000
4303 -1712.0000000000
4327 -1711.0000000000
4360 -1710.0000000000
4370 -1709.0000000000
4385 -1708.0000000000
4397 -1707.0000000000
4402 -1706.0000000000
4408 -1705.0000000000
4417 -1704.0000000000
4423 -1703.0000000000
4456 -1702.0000000000
4461 -1701.0000000000
4473 -1699.0000000000
4503 -1698.0000000000
4528 -1697.0000000000
4575 -1696.0000000000
4576 -1695.0000000000
4599 -1694.0000000000
4604 -1693.0000000000
4607 -1692.0000000000
4617 -1691.0000000000
4634 -1690.0000000000
4680 -1689.0000000000
4684 -1688.0000000000
4706 -1687.0000000000
4714 -1686.0000000000
4728 -1685.0000000000
4745 -1684.0000000000
4753 -1683.0000000000
4770 -1682.0000000000
4793 -1681.0000000000
4795 -1680.0000000000
4848 -1679.0000000000
4866 -1678.0000000000
4902 -1677.0000000000
4930 -1676.0000000000
4935 -1675.0000000000
4963 -1674.0000000000
4974 -1673.0000000000
4992 -1672.0000000000
5014 -1671.0000000000
5020 -1669.0000000000
5049 -1668.0000000000
5060 -1667.0000000000
5089 -1666.0000000000
5101 -1665.0000000000
5124 -1664.0000000000
5134 -1663.0000000000
5171 -1662.0000000000
5173 -1661.0000000000
5215 -1660.0000000000
5232 -1659.0000000000
5251 -1658.0000000000
5263 -1657.0000000000
5284 -1656.0000000000
5306 -1654.0000000000
5331 -1653.0000000000
5352 -1652.0000000000
5361 -1651.0000000000
5380 -1650.0000000000
5415 -1648.0000000000
5427 -1647.0000000000
5447 -1646.0000000000
5466 -1645.0000000000
5472 -1644.0000000000
5514 -1643.0000000000
5525 -1642.0000000000
5527 -1641.0000000000
5565 -1640.0000000000
5586 -1638.0000000000
5601 -1637.0000000000
5623 -1636.0000000000
5648 -1635.0000000000
5665 -1634.0000000000
5667 -1632.0000000000
5732 -1631.0000000000
5780 -1630.0000000000
5799 -1629.0000000000
5821 -1627.0000000000
5871 -1626.0000000000
5881 -1625.0000000000
5909 -1624.0000000000
5935 -1623.0000000000
5950 -1621.0000000000
5974 -1620.0000000000
6017 -1619.0000000000
6035 -1618.0000000000
6055 -1617.0000000000
6076 -1615.0000000000
6118 -1614.0000000000
6152 -1612.0000000000
6178 -1611.0000000000
6204 -1609.0000000000
6219 -1607.0000000000
6253 -1606.0000000000
6264 -1605.0000000000
6292 -1604.0000000000
6298 -1602.0000000000
6303 -1601.0000000000
6333 -1600.0000000000
6334 -1599.0000000000
6387 -1598.0000000000
6420 -1597.0000000000
6421 -1596.0000000000
6465 -1595.0000000000
6490 -1594.0000000000
6527 -1593.0000000000
6550 -1592.0000000000
6563 -1591.0000000000
6617 -1590.0000000000
6626 -1589.0000000000
6635 -1587.0000000000
6648 -1586.0000000000
6675 -1585.0000000000
6698 -1584.0000000000
6699 -1583.0000000000
6722 -1581.0000000000
6761 -1580.0000000000
6781 -1579.0000000000
6793 -1578.0000000000
6809 -1577.0000000000
6819 -1576.0000000000
6861 -1575.0000000000
6882 -1574.0000000000
6907 -1573.0000000000
6921 -1572.0000000000
6929 -1571.0000000000
6961 -1570.0000000000
6990 -1569.0000000000
7017 -1568.0000000000
7043 -1567.0000000000
7050 -1566.0000000000
7095 -1564.0000000000
7112 -1562.0000000000
7147 -1561.0000000000
7150 -1560.0000000000
7167 -1559.0000000000
7214 -1558.0000000000
7225 -1557.0000000000
7240 -1556.0000000000
7260 -1555.0000000000
7276 -1554.0000000000
7290 -1553.0000000000
7310 -1552.0000000000
7334 -1551.0000000000
7360 -1550.0000000000
7375 -1549.0000000000
7393 -1548.0000000000
7436 -1546.0000000000
7471 -1545.0000000000
7505 -1544.0000000000
7518 -1543.0000000000
7542 -1541.0000000000
7552 -1540.0000000000
7554 -1539.0000000000
7598 -1538.0000000000
7602 -1537.0000000000
7618 -1536.0000000000
7665 -1534.0000000000
7698 -1533.0000000000
7702 -1532.0000000000
7719 -1531.0000000000
7746 -1530.0000000000
7766 -1529.0000000000
7771 -1528.0000000000
7803 -1527.0000000000
7826 -1526.0000000000
7847 -1525.0000000000
7863 -1524.0000000000
7874 -1523.0000000000
7886 -1522.0000000000
7932 -1521.0000000000
7965 -1519.0000000000
8012 -1518.0000000000
8032 -1517.0000000000
8046 -1516.0000000000
8051 -1514.0000000000
8056 -1513.0000000000
8111 -1512.0000000000
8126 -1511.0000000000
8156 -1510.0000000000
8167 -1509.0000000000
8230 -1508.0000000000
8241 -1507.0000000000
8252 -1506.0000000000
8291 -1505.0000000000
8306 -1504.0000000000
8319 -1503.0000000000
8351 -1502.0000000000
8387 -1501.0000000000
8400 -1500.0000000000
8423 -1498.0000000000
8447 -1497.0000000000
8470 -1496.0000000000
8471 -1495.0000000000
8485 -1494.0000000000
8513 -1493.0000000000
8531 -1492.0000000000
8575 -1491.0000000000
8587 -1490.0000000000
8622 -1489.0000000000
8654 -1488.0000000000
8673 -1487.0000000000
8679 -1486.0000000000
8725 -1485.0000000000
8733 -1484.0000000000
8776 -1483.0000000000
8780 -1482.0000000000
8808 -1481.0000000000
8833 -1480.0000000000
8847 -1478.0000000000
8868 -1477.0000000000
8911 -1476.0000000000
8926 -1475.0000000000
8962 -1474.0000000000
9005 -1472.0000000000
9045 -1471.0000000000
9067 -1470.0000000000
9079 -1469.0000000000
9135 -1468.0000000000
9137 -1467.0000000000
9166 -1466.0000000000
9175 -1465.0000000000
9177 -1464.0000000000
9236 -1463.0000000000
9237 -1462.0000000000
9262 -1461.0000000000
9303 -1460.0000000000
9325 -1459.0000000000
9343 -1458.0000000000
9354 -1457.0000000000
9368 -1456.0000000000
9385 -1455.0000000000
9434 -1454.0000000000
9444 -1453.0000000000
9487 -1450.0000000000
9551 -1449.0000000000
9570 -1446.0000000000
9595 -1445.0000000000
9632 -1444.0000000000
9663 -1443.0000000000
9682 -1442.0000000000
9699 -1441.0000000000
9710 -1440.0000000000
9733 -1438.0000000000
9745 -1437.0000000000
9787 -1436.0000000000
9844 -1435.0000000000
9879 -1434.0000000000
9911 -1433.0000000000
9920 -1432.0000000000
9921 -1431.0000000000
9930 -1430.0000000000
9947 -1429.0000000000
9982 -1428.0000000000
10000 -1434.0000000000
evaluations raw_y
1 -2004.0000000000
8 -2003.0000000000
11 -1996.0000000000
17 -1961.0000000000
28 -1960.0000000000
45 -1959.0000000000
59 -1958.0000000000
68 -1957.0000000000
92 -1956.0000000000
105 -1955.0000000000
115 -1954.0000000000
137 -1951.0000000000
174 -1950.0000000000
210 -1949.0000000000
226 -1948.0000000000
230 -1947.0000000000
236 -1945.0000000000
280 -1944.0000000000
292 -1943.0000000000
305 -1942.0000000000
306 -1941.0000000000
311 -1940.0000000000
351 -1939.0000000000
364 -1937.0000000000
388 -1936.0000000000
423 -1935.0000000000
433 -1934.0000000000
441 -1933.0000000000
461 -1932.0000000000
497 -1931.0000000000
502 -1930.0000000000
511 -1929.0000000000
547 -1928.0000000000
566 -1926.0000000000
596 -1924.0000000000
615 -1923.0000000000
616 -1922.0000000000
629 -1921.0000000000
658 -1920.0000000000
694 -1919.0000000000
695 -1918.0000000000
721 -1917.0000000000
729 -1916.0000000000
748 -1915.0000000000
762 -1914.0000000000
775 -1913.0000000000
801 -1912.0000000000
825 -1910.0000000000
832 -1909.0000000000
838 -1908.0000000000
848 -1907.0000000000
881 -1906.0000000000
906 -1905.0000000000
918 -1904.0000000000
936 -1902.0000000000
985 -1900.0000000000
1011 -1899.0000000000
1019 -1897.0000000000
1051 -1896.0000000000
1089 -1895.0000000000
1090 -1894.0000000000
1125 -1893.0000000000
1149 -1892.0000000000
1151 -1891.0000000000
1175 -1890.0000000000
1197 -1888.0000000000
1225 -1887.0000000000
1228 -1886.0000000000
1233 -1885.0000000000
1256 -1884.0000000000
1273 -1883.0000000000
1274 -1882.0000000000
1315 -1881.0000000000
1335 -1880.0000000000
1338 -1879.0000000000
1361 -1878.0000000000
1384 -1877.0000000000
1397 -1875.0000000000
1421 -1873.0000000000
1437 -1872.0000000000
1469 -1871.0000000000
1473 -1870.0000000000
1490 -1869.0000000000
1502 -1867.0000000000
1519 -1865.0000000000
1540 -1864.0000000000
1566 -1862.0000000000
1595 -1861.0000000000
1615 -1860.0000000000
1632 -1858.0000000000
1647 -1857.0000000000
1689 -1854.0000000000
1745 -1853.0000000000
1759 -1851.0000000000
1774 -1850.0000000000
1786 -1849.0000000000
1807 -1848.0000000000
1808 -1846.0000000000
1841 -1845.0000000000
1857 -1844.0000000000
1880 -1843.0000000000
1895 -1842.0000000000
1933 -1841.0000000000
1934 -1838.0000000000
1994 -1837.0000000000
2008 -1836.0000000000
2021 -1835.0000000000
2054 -1834.0000000000
2089 -1833.0000000000
2106 -1832.0000000000
2111 -1831.0000000000
2124 -1830.0000000000
2145 -1829.0000000000
2173 -1828.0000000000
2176 -1827.0000000000
2180 -1826.0000000000
2182 -1825.0000000000
2205 -1823.0000000000
2217 -1822.0000000000
2239 -1821.0000000000
2272 -1819.0000000000
2303 -1818.0000000000
2335 -1817.0000000000
2346 -1816.0000000000
2362 -1815.0000000000
2391 -1814.0000000000
2411 -1813.0000000000
2415 -1812.0000000000
2443 -1811.0000000000
2457 -1810.0000000000
2458 -1809.0000000000
2490 -1808.0000000000
2507 -1807.0000000000
2535 -1806.0000000000
2543 -1805.0000000000
2556 -1804.0000000000
2570 -1803.0000000000
2581 -1802.0000000000
2597 -1801.0000000000
2599 -1800.0000000000
2629 -1798.0000000000
2638 -1797.0000000000
2660 -1796.0000000000
2709 -1795.0000000000
2723 -1794.0000000000
2730 -1793.0000000000
2742 -1792.0000000000
2747 -1791.0000000000
2752 -1790.0000000000
2775 -1788.0000000000
2804 -1787.0000000000
2806 -1786.0000000000
2811 -1785.0000000000
2822 -1784.0000000000
2842 -1782.0000000000
2874 -1780.0000000000
2907 -1778.0000000000
2926 -1777.0000000000
2960 -1776.0000000000
2984 -1775.0000000000
2999 -1774.0000000000
3027 -1773.0000000000
3043 -1772.0000000000
3048 -1771.0000000000
3055 -1770.0000000000
3075 -1769.0000000000
3091 -1767.0000000000
3098 -1766.0000000000
3100 -1765.0000000000
3114 -1763.0000000000
3158 -1761.0000000000
3205 -1758.0000000000
3268 -1757.0000000000
3274 -1755.0000000000
3301 -1754.0000000000
3313 -1753.0000000000
3347 -1752.0000000000
3371 -1750.0000000000
3378 -1749.0000000000
3379 -1748.0000000000
3402 -1747.0000000000
3404 -1746.0000000000
3420 -1744.0000000000
3426 -1743.0000000000
3443 -1741.0000000000
3479 -1740.0000000000
3516 -1739.0000000000
3543 -1738.0000000000
3546 -1737.0000000000
3557 -1736.0000000000
3575 -1735.0000000000
3611 -1734.0000000000
3613 -1732.0000000000
3634 -1729.0000000000
3685 -1728.0000000000
3688 -1727.0000000000
3721 -1726.0000000000
3723 -1725.0000000000
3733 -1724.0000000000
3770 -1723.0000000000
3787 -1722.0000000000
3796 -1721.0000000000
3831 -1720.0000000000
3862 -1719.0000000000
3908 -1718.0000000000
3911 -1717.0000000000
3921 -1716.0000000000
3927 -1715.0000000000
3929 -1714.0000000000
3983 -1713.0000000000
4010 -1711.0000000000
4022 -1710.0000000000
4062 -1708.0000000000
4085 -1707.0000000000
4102 -1706.0000000000
4119 -1705.0000000000
4126 -1704.0000000000
4166 -1703.0000000000
4188 -1702.0000000000
4196 -1701.0000000000
4205 -1700.0000000000
4240 -1699.0000000000
4244 -1698.0000000000
4253 -1697.0000000000
4274 -1696.0000000000
4282 -1695.0000000000
4299 -1694.0000000000
4306 -1693.0000000000
4325 -1692.0000000000
4347 -1691.0000000000
4387 -1690.0000000000
4394 -1689.0000000000
4433 -1687.0000000000
4442 -1686.0000000000
4455 -1685.0000000000
4497 -1684.0000000000
4512 -1683.0000000000
4517 -1682.0000000000
4530 -1681.0000000000
4536 -1679.0000000000
4602 -1678.0000000000
4606 -1677.0000000000
4626 -1676.0000000000
4664 -1675.0000000000
4680 -1672.0000000000
4682 -1669.0000000000
4728 -1668.0000000000
4766 -1667.0000000000
4781 -1666.0000000000
4799 -1665.0000000000
4808 -1664.0000000000
4863 -1663.0000000000
4865 -1662.0000000000
4873 -1661.0000000000
4908 -1660.0000000000
4912 -1659.0000000000
4927 -1658.0000000000
4943 -1657.0000000000
4979 -1656.0000000000
4993 -1655.0000000000
4998 -1654.0000000000
5017 -1653.0000000000
5022 -1652.0000000000
5056 -1651.0000000000
5082 -1650.0000000000
5128 -1649.0000000000
5148 -1648.0000000000
5185 -1647.0000000000
5189 -1646.0000000000
5198 -1645.0000000000
5219 -1644.0000000000
5239 -1643.0000000000
5260 -1642.0000000000
5275 -1641.0000000000
5279 -1640.0000000000
5325 -1639.0000000000
5354 -1638.0000000000
5382 -1636.0000000000
5402 -1635.0000000000
5439 -1633.0000000000
5472 -1632.0000000000
5499 -1631.0000000000
5522 -1630.0000000000
5537 -1629.0000000000
5541 -1628.0000000000
5543 -1627.0000000000
5571 -1626.0000000000
5610 -1625.0000000000
5638 -1624.0000000000
5644 -1623.0000000000
5708 -1622.0000000000
5725 -1621.0000000000
5734 -1619.0000000000
5772 -1618.0000000000
5790 -1617.0000000000
5805 -1615.0000000000
5817 -1614.0000000000
5853 -1613.0000000000
5876 -1612.0000000000
5903 -1611.0000000000
5925 -1610.0000000000
5926 -1609.0000000000
5936 -1608.0000000000
5943 -1607.0000000000
5952 -1606.0000000000
5974 -1605.0000000000
6007 -1604.0000000000
6041 -1603.0000000000
6064 -1602.0000000000
6079 -1601.0000000000
6084 -1600.0000000000
6086 -1598.0000000000
6089 -1596.0000000000
6156 -1594.0000000000
6195 -1592.0000000000
6207 -1590.0000000000
6245 -1589.0000000000
6258 -1587.0000000000
6286 -1586.0000000000
6297 -1585.0000000000
6317 -1584.0000000000
6326 -1583.0000000000
6336 -1582.0000000000
6369 -1581.0000000000
6373 -1580.0000000000
6402 -1579.0000000000
6429 -1578.0000000000
6474 -1577.0000000000
6489 -1576.0000000000
6500 -1575.0000000000
6532 -1574.0000000000
6580 -1573.0000000000
6598 -1572.0000000000
6618 -1571.0000000000
6640 -1570.0000000000
6642 -1568.0000000000
6681 -1567.0000000000
6689 -1566.0000000000
6706 -1565.0000000000
6718 -1563.0000000000
6774 -1562.0000000000
6786 -1561.0000000000
6792 -1559.0000000000
6793 -1557.0000000000
6823 -1556.0000000000
6866 -1555.0000000000
6871 -1553.0000000000
6891 -1551.0000000000
6893 -1550.0000000000
6912 -1549.0000000000
6916 -1548.0000000000
6941 -1547.0000000000
6967 -1546.0000000000
6984 -1545.0000000000
7029 -1544.0000000000
7036 -1543.0000000000
7072 -1542.0000000000
7105 -1541.0000000000
7123 -1540.0000000000
7150 -1539.0000000000
7175 -1538.0000000000
7177 -1537.0000000000
7213 -1536.0000000000
7237 -1535.0000000000
7265 -1534.0000000000
7268 -1533.0000000000
7296 -1532.0000000000
7319 -1531.0000000000
7322 -1530.0000000000
7331 -1529.0000000000
7336 -1528.0000000000
7377 -1527.0000000000
7387 -1526.0000000000
7390 -1525.0000000000
7413 -1524.0000000000
7444 -1523.0000000000
7463 -1522.0000000000
7476 -1521.0000000000
7505 -1520.0000000000
7545 -1519.0000000000
7553 -1518.0000000000
7555 -1517.0000000000
7561 -1516.0000000000
7613 -1515.0000000000
7627 -1513.0000000000
7653 -1512.0000000000
7703 -1511.0000000000
7721 -1510.0000000000
7743 -1509.0000000000
7759 -1508.0000000000
7776 -1507.0000000000
7782 -1506.0000000000
7790 -1505.0000000000
7796 -1504.0000000000
7868 -1503.0000000000
7919 -1502.0000000000
7922 -1501.0000000000
7929 -1500.0000000000
7963 -1499.0000000000
7988 -1497.0000000000
8001 -1496.0000000000
8064 -1495.0000000000
8068 -1494.0000000000
8077 -1493.0000000000
8078 -1492.0000000000
8105 -1490.0000000000
8111 -1489.0000000000
8171 -1488.0000000000
8206 -1487.0000000000
8207 -1486.0000000000
8226 -1485.0000000000
8267 -1484.0000000000
8296 -1483.0000000000
8322 -1482.0000000000
8360 -1481.0000000000
8373 -1479.0000000000
8439 -1478.0000000000
8465 -1477.0000000000
8482 -1476.0000000000
8508 -1475.0000000000
8544 -1474.0000000000
8545 -1473.0000000000
8588 -1472.0000000000
8593 -1471.0000000000
8614 -1470.0000000000
8628 -1469.0000000000
8646 -1468.0000000000
8665 -1467.0000000000
8685 -1466.0000000000
8716 -1465.0000000000
8718 -1464.0000000000
8740 -1463.0000000000
8752 -1462.0000000000
8763 -1461.0000000000
8770 -1460.0000000000
8829 -1459.0000000000
8847 -1458.0000000000
8848 -1457.0000000000
8892 -1456.0000000000
8926 -1455.0000000000
8930 -1454.0000000000
8959 -1453.0000000000
8967 -1452.0000000000
9003 -1451.0000000000
9016 -1450.0000000000
9031 -1449.0000000000
9038 -1447.0000000000
9060 -1446.0000000000
9073 -1445.0000000000
9088 -1444.0000000000
9106 -1443.0000000000
9142 -1442.0000000000
9174 -1441.0000000000
9196 -1440.0000000000
9250 -1439.0000000000
9283 -1438.0000000000
9304 -1437.0000000000
9325 -1436.0000000000
9342 -1435.0000000000
9370 -1434.0000000000
9383 -1433.0000000000
9425 -1431.0000000000
9452 -1430.0000000000
9486 -1429.0000000000
9507 -1428.0000000000
9534 -1427.0000000000
9538 -1426.0000000000
9565 -1425.0000000000
9609 -1424.0000000000
9653 -1423.0000000000
9670 -1422.0000000000
9674 -1421.0000000000
9685 -1420.0000000000
9712 -1419.0000000000
9742 -1418.0000000000
9752 -1417.0000000000
9793 -1416.0000000000
9806 -1415.0000000000
9844 -1414.0000000000
9861 -1413.0000000000
9880 -1412.0000000000
9911 -1411.0000000000
9925 -1410.0000000000
9943 -1409.0000000000
9969 -1408.0000000000
9978 -1407.0000000000
10000 -1408.0000000000
evaluations raw_y
1 -2030.0000000000
3 -1957.0000000000
53 -1955.0000000000
74 -1954.0000000000
114 -1953.0000000000
134 -1952.0000000000
139 -1951.0000000000
149 -1948.0000000000
184 -1947.0000000000
209 -1946.0000000000
240 -1945.0000000000
242 -1944.0000000000
262 -1943.0000000000
294 -1942.0000000000
312 -1940.0000000000
325 -1939.0000000000
354 -1938.0000000000
364 -1936.0000000000
398 -1935.0000000000
417 -1934.0000000000
428 -1933.0000000000
434 -1932.0000000000
466 -1931.0000000000
472 -1930.0000000000
473 -1929.0000000000
491 -1928.0000000000
501 -1927.0000000000
509 -1925.0000000000
518 -1924.0000000000
534 -1923.0000000000
553 -1922.0000000000
554 -1921.0000000000
591 -1920.0000000000
599 -1919.0000000000
641 -1918.0000000000
646 -1917.0000000000
691 -1916.0000000000
704 -1915.0000000000
734 -1914.0000000000
765 -1913.0000000000
791 -1912.0000000000
798 -1911.0000000000
823 -1910.0000000000
836 -1909.0000000000
850 -1908.0000000000
862 -1907.0000000000
890 -1906.0000000000
931 -1905.0000000000
941 -1903.0000000000
960 -1902.0000000000
962 -1901.0000000000
993 -1900.0000000000
1029 -1898.0000000000
1044 -1897.0000000000
1048 -1896.0000000000
1062 -1895.0000000000
1089 -1894.0000000000
1100 -1893.0000000000
1124 -1892.0000000000
1140 -1891.0000000000
1166 -1890.0000000000
1196 -1889.0000000000
1197 -1888.0000000000
1225 -1887.0000000000
1239 -1886.0000000000
1258 -1885.0000000000
1265 -1884.0000000000
1287 -1883.0000000000
1296 -1881.0000000000
1315 -1880.0000000000
1334 -1879.0000000000
1345 -1878.0000000000
1383 -1877.0000000000
1408 -1876.0000000000
1411 -1874.0000000000
1420 -1873.0000000000
1451 -1872.0000000000
1452 -1871.0000000000
1483 -1870.0000000000
1485 -1869.0000000000
1498 -1868.0000000000
1518 -1867.0000000000
1521 -1866.0000000000
1532 -1865.0000000000
1553 -1864.0000000000
1577 -1863.0000000000
1579 -1862.0000000000
1616 -1860.0000000000
1665 -1859.0000000000
1676 -1857.0000000000
1694 -1855.0000000000
1705 -1854.0000000000
1730 -1852.0000000000
1763 -1851.0000000000
1798 -1850.0000000000
1800 -1848.0000000000
1852 -1847.0000000000
1875 -1846.0000000000
1894 -1845.0000000000
1903 -1844.0000000000
1909 -1843.0000000000
1938 -1842.0000000000
1943 -1841.0000000000
1954 -1840.0000000000
1969 -1839.0000000000
1991 -1838.0000000000
2001 -1837.0000000000
2017 -1836.0000000000
2039 -1835.0000000000
2050 -1834.0000000000
2059 -1833.0000000000
2090 -1832.0000000000
2120 -1831.0000000000
2145 -1829.0000000000
2149 -1828.0000000000
2188 -1827.0000000000
2210 -1826.0000000000
2233 -1825.0000000000
2273 -1824.0000000000
2284 -1822.0000000000
2295 -1821.0000000000
2329 -1820.0000000000
2345 -1819.0000000000
2346 -1818.0000000000
2378 -1817.0000000000
2390 -1816.0000000000
2399 -1815.0000000000
2415 -1814.0000000000
2443 -1813.0000000000
2469 -1812.0000000000
2477 -1811.0000000000
2505 -1810.0000000000
2527 -1809.0000000000
2556 -1808.0000000000
2573 -1807.0000000000
2580 -1805.0000000000
2625 -1804.0000000000
2650 -1803.0000000000
2662 -1802.0000000000
2703 -1801.0000000000
2717 -1800.0000000000
2738 -1798.0000000000
2783 -1797.0000000000
2797 -1796.0000000000
2817 -1795.0000000000
2832 -1794.0000000000
2838 -1793.0000000000
2861 -1792.0000000000
2897 -1791.0000000000
2901 -1790.0000000000
2917 -1789.0000000000
2927 -1788.0000000000
2948 -1787.0000000000
2980 -1786.0000000000
3003 -1785.0000000000
3012 -1784.0000000000
3028 -1783.0000000000
3039 -1782.0000000000
3051 -1781.0000000000
3064 -1780.0000000000
3072 -1779.0000000000
3107 -1778.0000000000
3124 -1776.0000000000
3163 -1775.0000000000
3167 -1774.0000000000
3182 -1773.0000000000
3189 -1772.0000000000
3228 -1771.0000000000
3236 -1770.0000000000
3240 -1769.0000000000
3269 -1768.0000000000
3304 -1767.0000000000
3313 -1766.0000000000
3318 -1765.0000000000
3385 -1764.0000000000
3397 -1763.0000000000
3401 -1762.0000000000
3425 -1760.0000000000
3430 -1759.0000000000
3476 -1757.0000000000
3512 -1756.0000000000
3528 -1755.0000000000
3534 -1754.0000000000
3556 -1753.0000000000
3583 -1751.0000000000
3592 -1750.0000000000
3597 -1749.0000000000
3640 -1748.0000000000
3656 -1747.0000000000
3675 -1746.0000000000
3710 -1744.0000000000
3752 -1743.0000000000
3754 -1742.0000000000
3758 -1741.0000000000
3762 -1739.0000000000
3782 -1736.0000000000
3807 -1735.0000000000
3868 -1734.0000000000
3881 -1733.0000000000
3910 -1732.0000000000
3917 -1731.0000000000
3964 -1730.0000000000
3975 -1728.0000000000
3991 -1727.0000000000
4000 -1726.0000000000
4062 -1725.0000000000
4070 -1724.0000000000
4080 -1723.0000000000
4099 -1722.0000000000
4119 -1721.0000000000
4137 -1720.0000000000
4145 -1719.0000000000
4156 -1718.0000000000
4158 -1717.0000000000
4173 -1716.0000000000
4200 -1715.0000000000
4237 -1714.0000000000
4264 -1713.0000000000
4271 -1711.0000000000
4295 -1710.0000000000
4305 -1709.0000000000
4319 -1707.0000000000
4336 -1706.0000000000
4370 -1704.0000000000
4425 -1703.0000000000
4436 -1702.0000000000
4459 -1701.0000000000
4480 -1700.0000000000
4497 -1699.0000000000
4528 -1698.0000000000
4533 -1697.0000000000
4551 -1696.0000000000
4568 -1695.0000000000
4588 -1693.0000000000
4648 -1692.0000000000
4658 -1691.0000000000
4664 -1689.0000000000
4685 -1688.0000000000
4691 -1686.0000000000
4705 -1685.0000000000
4750 -1684.0000000000
4769 -1683.0000000000
4820 -1681.0000000000
4830 -1680.0000000000
4869 -1679.0000000000
4884 -1678.0000000000
4887 -1677.0000000000
4911 -1676.0000000000
4935 -1675.0000000000
4966 -1674.0000000000
4971 -1673.0000000000
5009 -1672.0000000000
5021 -1669.0000000000
5045 -1668.0000000000
5061 -1667.0000000000
5095 -1666.0000000000
5115 -1665.0000000000
5121 -1664.0000000000
5144 -1663.0000000000
5166 -1662.0000000000
5177 -1661.0000000000
5179 -1660.0000000000
5213 -1659.0000000000
5247 -1658.0000000000
5250 -1657.0000000000
5255 -1656.0000000000
5278 -1655.0000000000
5299 -1654.0000000000
5308 -1653.0000000000
5312 -1652.0000000000
5353 -1651.0000000000
5356 -1650.0000000000
5377 -1648.0000000000
5409 -1647.0000000000
5434 -1646.0000000000
5449 -1645.0000000000
5467 -1642.0000000000
5492 -1640.0000000000
5525 -1638.0000000000
5569 -1637.0000000000
5598 -1636.0000000000
5640 -1635.0000000000
5651 -1633.0000000000
5665 -1632.0000000000
5696 -1630.0000000000
5782 -1629.0000000000
5814 -1628.0000000000
5815 -1627.0000000000
5847 -1625.0000000000
5855 -1624.0000000000
5861 -1622.0000000000
5922 -1621.0000000000
5944 -1620.0000000000
5945 -1619.0000000000
5971 -1618.0000000000
5982 -1617.0000000000
6025 -1616.0000000000
6043 -1615.0000000000
6078 -1614.0000000000
6095 -1613.0000000000
6099 -1611.0000000000
6139 -1610.0000000000
6141 -1608.0000000000
6168 -1607.0000000000
6174 -1606.0000000000
6197 -1604.0000000000
6244 -1603.0000000000
6256 -1602.0000000000
6274 -1601.0000000000
6283 -1598.0000000000
6296 -1597.0000000000
6326 -1596.0000000000
6337 -1595.0000000000
6366 -1594.0000000000
6392 -1593.0000000000
6395 -1592.0000000000
6420 -1591.0000000000
6468 -1590.0000000000
6489 -1589.0000000000
6498 -1588.0000000000
6517 -1587.0000000000
6524 -1586.0000000000
6548 -1585.0000000000
6576 -1584.0000000000
6601 -1582.0000000000
6603 -1581.0000000000
6610 -1580.0000000000
6642 -1579.0000000000
6697 -1578.0000000000
6705 -1577.0000000000
6721 -1576.0000000000
6728 -1575.0000000000
6784 -1574.0000000000
6792 -1573.0000000000
6803 -1572.0000000000
6847 -1571.0000000000
6870 -1570.0000000000
6899 -1569.0000000000
6930 -1568.0000000000
6947 -1566.0000000000
6973 -1563.0000000000
6975 -1561.0000000000
7038 -1560.0000000000
7051 -1559.0000000000
7096 -1558.0000000000
7123 -1557.0000000000
7154 -1556.0000000000
7184 -1555.0000000000
7191 -1554.0000000000
7200 -1553.0000000000
7205 -1552.0000000000
7209 -1551.0000000000
7211 -1550.0000000000
7231 -1549.0000000000
7238 -1548.0000000000
7278 -1547.0000000000
7282 -1546.0000000000
7306 -1545.0000000000
7334 -1544.0000000000
7344 -1543.0000000000
7370 -1542.0000000000
7399 -1541.0000000000
7431 -1540.0000000000
7457 -1539.0000000000
7478 -1538.0000000000
7487 -1537.0000000000
7503 -1535.0000000000
7509 -1534.0000000000
7535 -1533.0000000000
7568 -1532.0000000000
7593 -1531.0000000000
7636 -1530.0000000000
7647 -1529.0000000000
7672 -1528.0000000000
7674 -1527.0000000000
7677 -1526.0000000000
7689 -1525.0000000000
7709 -1524.0000000000
7742 -1523.0000000000
7780 -1522.0000000000
7804 -1521.0000000000
7834 -1520.0000000000
7867 -1519.0000000000
7880 -1518.0000000000
7882 -1517.0000000000
7930 -1515.0000000000
7937 -1514.0000000000
7939 -1513.0000000000
7946 -1512.0000000000
7979 -1511.0000000000
7990 -1510.0000000000
8018 -1509.0000000000
8021 -1508.0000000000
8031 -1506.0000000000
8075 -1505.0000000000
8076 -1501.0000000000
8098 -1500.0000000000
8141 -1499.0000000000
8169 -1498.0000000000
8195 -1497.0000000000
8251 -1496.0000000000
8257 -1495.0000000000
8273 -1494.0000000000
8274 -1493.0000000000
8307 -1492.0000000000
8341 -1491.0000000000
8394 -1490.0000000000
8416 -1489.0000000000
8445 -1488.0000000000
8464 -1487.0000000000
8478 -1486.0000000000
8547 -1484.0000000000
8580 -1483.0000000000
8592 -1481.0000000000
8603 -1480.0000000000
8614 -1479.0000000000
8643 -1478.0000000000
8647 -1477.0000000000
8684 -1476.0000000000
8699 -1475.0000000000
8712 -1473.0000000000
8748 -1472.0000000000
8763 -1471.0000000000
8784 -1470.0000000000
8828 -1469.0000000000
8848 -1468.0000000000
8874 -1467.0000000000
8880 -1466.0000000000
8900 -1464.0000000000
8974 -1463.0000000000
9018 -1462.0000000000
9033 -1461.0000000000
9039 -1460.0000000000
9052 -1459.0000000000
9114 -1458.0000000000
9119 -1457.0000000000
9157 -1456.0000000000
9165 -1455.0000000000
9182 -1454.0000000000
9189 -1453.0000000000
9207 -1452.0000000000
9220 -1451.0000000000
9254 -1449.0000000000
9307 -1448.0000000000
9328 -1447.0000000000
9347 -1446.0000000000
9363 -1444.0000000000
9378 -1443.0000000000
9389 -1441.0000000000
9463 -1440.0000000000
9490 -1439.0000000000
9500 -1438.0000000000
9568 -1437.0000000000
9593 -1435.0000000000
9596 -1434.0000000000
9648 -1433.0000000000
9659 -1432.0000000000
9685 -1431.0000000000
9691 -1430.0000000000
9721 -1429.0000000000
9743 -1427.0000000000
9767 -1426.0000000000
9768 -1425.0000000000
9819 -1424.0000000000
9821 -1423.0000000000
9891 -1422.0000000000
9898 -1421.0000000000
9901 -1420.0000000000
9914 -1419.0000000000
9923 -1418.0000000000
9926 -1417.0000000000
9953 -1415.0000000000
10000 -1416.0000000000
evaluations raw_y
1 -2026.0000000000
2 -1945.0000000000
72 -1944.0000000000
109 -1943.0000000000
118 -1942.0000000000
142 -1941.0000000000
148 -1939.0000000000
184 -1937.0000000000
186 -1936.0000000000
228 -1935.0000000000
238 -1934.0000000000
274 -1933.0000000000
297 -1932.0000000000
298 -1931.0000000000
312 -1930.0000000000
326 -1929.0000000000
363 -1928.0000000000
366 -1927.0000000000
372 -1926.0000000000
376 -1925.0000000000
380 -1924.0000000000
406 -1923.0000000000
410 -1922.0000000000
427 -1920.0000000000
442 -1919.0000000000
466 -1918.0000000000
473 -1917.0000000000
493 -1916.0000000000
541 -1914.0000000000
554 -1913.0000000000
562 -1911.0000000000
573 -1910.0000000000
588 -1909.0000000000
592 -1908.0000000000
614 -1907.0000000000
628 -1906.0000000000
656 -1905.0000000000
665 -1904.0000000000
688 -1903.0000000000
708 -1902.0000000000
731 -1901.0000000000
738 -1900.0000000000
765 -1899.0000000000
778 -1898.0000000000
828 -1896.0000000000
859 -1895.0000000000
870 -1894.0000000000
880 -1892.0000000000
902 -1891.0000000000
927 -1889.0000000000
940 -1888.0000000000
946 -1887.0000000000
961 -1886.0000000000
976 -1885.0000000000
990 -1884.0000000000
1005 -1882.0000000000
1041 -1881.0000000000
1060 -1880.0000000000
1094 -1879.0000000000
1107 -1878.0000000000
1110 -1877.0000000000
1166 -1876.0000000000
1180 -1875.0000000000
1205 -1874.0000000000
1234 -1873.0000000000
1235 -1872.0000000000
1248 -1871.0000000000
1260 -1870.0000000000
1276 -1868.0000000000
1289 -1867.0000000000
1314 -1866.0000000000
1327 -1865.0000000000
1361 -1864.0000000000
1373 -1863.0000000000
1383 -1862.0000000000
1400 -1861.0000000000
1431 -1860.0000000000
1441 -1859.0000000000
1465 -1858.0000000000
1488 -1857.0000000000
1514 -1856.0000000000
1515 -1855.0000000000
1544 -1854.0000000000
1569 -1853.0000000000
1599 -1852.0000000000
1610 -1851.0000000000
1617 -1849.0000000000
1644 -1848.0000000000
1657 -1847.0000000000
1695 -1846.0000000000
1708 -1845.0000000000
1709 -1844.0000000000
1738 -1843.0000000000
1757 -1842.0000000000
1762 -1841.0000000000
1782 -1840.0000000000
1798 -1838.0000000000
1818 -1837.0000000000
1837 -1836.0000000000
1881 -1835.0000000000
1885 -1834.0000000000
1937 -1832.0000000000
1966 -1831.0000000000
1994 -1829.0000000000
1998 -1828.0000000000
2028 -1827.0000000000
2044 -1826.0000000000
2046 -1825.0000000000
2109 -1824.0000000000
2125 -1823.0000000000
2148 -1822.0000000000
2161 -1821.0000000000
2176 -1820.0000000000
2202 -1819.0000000000
2208 -1818.0000000000
2240 -1817.0000000000
2256 -1816.0000000000
2262 -1815.0000000000
2277 -1814.0000000000
2305 -1813.0000000000
2311 -1812.0000000000
2318 -1811.0000000000
2327 -1810.0000000000
2338 -1809.0000000000
2344 -1808.0000000000
2374 -1806.0000000000
2376 -1805.0000000000
2428 -1804.0000000000
2453 -1803.0000000000
2467 -1802.0000000000
2491 -1800.0000000000
2503 -1799.0000000000
2530 -1797.0000000000
2560 -1796.0000000000
2583 -1795.0000000000
2597 -1794.0000000000
2618 -1793.0000000000
2624 -1792.0000000000
2648 -1790.0000000000
2652 -1789.0000000000
2656 -1788.0000000000
2696 -1787.0000000000
2714 -1786.0000000000
2744 -1785.0000000000
2758 -1784.0000000000
2778 -1783.0000000000
2786 -1782.0000000000
2810 -1781.0000000000
2828 -1780.0000000000
2847 -1779.0000000000
2891 -1778.0000000000
2908 -1777.0000000000
2923 -1776.0000000000
2924 -1775.0000000000
2927 -1774.0000000000
2974 -1773.0000000000
2995 -1772.0000000000
3006 -1771.0000000000
3021 -1769.0000000000
3044 -1767.0000000000
3076 -1766.0000000000
3121 -1765.0000000000
3137 -1764.0000000000
3148 -1763.0000000000
3153 -1762.0000000000
3160 -1761.0000000000
3163 -1760.0000000000
3201 -1759.0000000000
3218 -1758.0000000000
3253 -1757.0000000000
3261 -1756.0000000000
3286 -1755.0000000000
3321 -1754.0000000000
3329 -1753.0000000000
3354 -1752.0000000000
3360 -1751.0000000000
3372 -1749.0000000000
3399 -1748.0000000000
3404 -1747.0000000000
3443 -1745.0000000000
3451 -1744.0000000000
3474 -1743.0000000000
3500 -1742.0000000000
3501 -1741.0000000000
3521 -1740.0000000000
3529 -1739.0000000000
3558 -1738.0000000000
3586 -1737.0000000000
3607 -1736.0000000000
3616 -1735.0000000000
3634 -1734.0000000000
3646 -1732.0000000000
3661 -1731.0000000000
3704 -1730.0000000000
3706 -1729.0000000000
3731 -1728.0000000000
3769 -1727.0000000000
3783 -1726.0000000000
3800 -1725.0000000000
3803 -1724.0000000000
3804 -1722.0000000000
3837 -1721.0000000000
3841 -1719.0000000000
3856 -1718.0000000000
3887 -1717.0000000000
3913 -1714.0000000000
3923 -1712.0000000000
3942 -1711.0000000000
3948 -1710.0000000000
3976 -1709.0000000000
4002 -1708.0000000000
4011 -1707.0000000000
4012 -1706.0000000000
4057 -1703.0000000000
4106 -1702.0000000000
4131 -1701.0000000000
4154 -1700.0000000000
4161 -1699.0000000000
4176 -1698.0000000000
4187 -1696.0000000000
4241 -1695.0000000000
4279 -1693.0000000000
4309 -1692.0000000000
4327 -1691.0000000000
4338 -1690.0000000000
4340 -1689.0000000000
4341 -1688.0000000000
4368 -1687.0000000000
4404 -1686.0000000000
4419 -1684.0000000000
4460 -1683.0000000000
4466 -1681.0000000000
4467 -1680.0000000000
4484 -1679.0000000000
4497 -1678.0000000000
4533 -1677.0000000000
4572 -1676.0000000000
4607 -1675.0000000000
4611 -1674.0000000000
4649 -1673.0000000000
4669 -1672.0000000000
4712 -1671.0000000000
4733 -1670.0000000000
4759 -1669.0000000000
4770 -1667.0000000000
4805 -1666.0000000000
4834 -1665.0000000000
4857 -1664.0000000000
4868 -1663.0000000000
4897 -1662.0000000000
4900 -1661.0000000000
4923 -1660.0000000000
4953 -1659.0000000000
4963 -1658.0000000000
5021 -1657.0000000000
5045 -1655.0000000000
5072 -1654.0000000000
5105 -1652.0000000000
5108 -1651.0000000000
5141 -1650.0000000000
5144 -1649.0000000000
5161 -1648.0000000000
5168 -1647.0000000000
5186 -1645.0000000000
5244 -1644.0000000000
5250 -1643.0000000000
5290 -1642.0000000000
5309 -1641.0000000000
5314 -1640.0000000000
5315 -1639.0000000000
5329 -1638.0000000000
5361 -1637.0000000000
5397 -1636.0000000000
5409 -1635.0000000000
5415 -1634.0000000000
5452 -1633.0000000000
5471 -1632.0000000000
5473 -1631.0000000000
5508 -1630.0000000000
5513 -1629.0000000000
5542 -1628.0000000000
5582 -1627.0000000000
5609 -1626.0000000000
5633 -1624.0000000000
5660 -1623.0000000000
5683 -1622.0000000000
5692 -1621.0000000000
5704 -1620.0000000000
5723 -1619.0000000000
5769 -1618.0000000000
5787 -1617.0000000000
5793 -1616.0000000000
5809 -1615.0000000000
5816 -1614.0000000000
5854 -1613.0000000000
5913 -1612.0000000000
5921 -1611.0000000000
5954 -1610.0000000000
5969 -1608.0000000000
5996 -1607.0000000000
6002 -1606.0000000000
6010 -1605.0000000000
6016 -1604.0000000000
6033 -1603.0000000000
6077 -1602.0000000000
6092 -1601.0000000000
6098 -1600.0000000000
6135 -1599.0000000000
6149 -1598.0000000000
6165 -1595.0000000000
6202 -1594.0000000000
6217 -1593.0000000000
6238 -1592.0000000000
6288 -1591.0000000000
6322 -1590.0000000000
6341 -1589.0000000000
6345 -1588.0000000000
6346 -1587.0000000000
6402 -1586.0000000000
6408 -1585.0000000000
6413 -1582.0000000000
6479 -1581.0000000000
6505 -1580.0000000000
6521 -1579.0000000000
6530 -1578.0000000000
6540 -1577.0000000000
6579 -1576.0000000000
6622 -1575.0000000000
6647 -1574.0000000000
6674 -1572.0000000000
6703 -1571.0000000000
6745 -1570.0000000000
6776 -1569.0000000000
6812 -1568.0000000000
6819 -1567.0000000000
6855 -1565.0000000000
6863 -1564.0000000000
6878 -1563.0000000000
6917 -1562.0000000000
6946 -1561.0000000000
6964 -1560.0000000000
6998 -1559.0000000000
7024 -1558.0000000000
7031 -1556.0000000000
7077 -1555.0000000000
7084 -1554.0000000000
7086 -1553.0000000000
7159 -1552.0000000000
7177 -1551.0000000000
7179 -1550.0000000000
7192 -1548.0000000000
7245 -1547.0000000000
7269 -1546.0000000000
7278 -1545.0000000000
7326 -1544.0000000000
7339 -1541.0000000000
7355 -1537.0000000000
7427 -1534.0000000000
7447 -1533.0000000000
7457 -1532.0000000000
7472 -1531.0000000000
7490 -1529.0000000000
7535 -1528.0000000000
7536 -1527.0000000000
7548 -1526.0000000000
7585 -1525.0000000000
7620 -1524.0000000000
7648 -1523.0000000000
7658 -1522.0000000000
7698 -1521.0000000000
7699 -1520.0000000000
7714 -1519.0000000000
7732 -1518.0000000000
7735 -1517.0000000000
7759 -1516.0000000000
7769 -1514.0000000000
7812 -1513.0000000000
7835 -1512.0000000000
7867 -1511.0000000000
7887 -1510.0000000000
7946 -1509.0000000000
7962 -1508.0000000000
7978 -1507.0000000000
7991 -1506.0000000000
8008 -1505.0000000000
8025 -1504.0000000000
8050 -1503.0000000000
8078 -1502.0000000000
8088 -1501.0000000000
8099 -1500.0000000000
8133 -1499.0000000000
8161 -1498.0000000000
8165 -1497.0000000000
8183 -1496.0000000000
8212 -1495.0000000000
8260 -1493.0000000000
8274 -1492.0000000000
8316 -1491.0000000000
8344 -1487.0000000000
8421 -1486.0000000000
8429 -1485.0000000000
8432 -1483.0000000000
8467 -1482.0000000000
8480 -1480.0000000000
8523 -1479.0000000000
8530 -1478.0000000000
8536 -1476.0000000000
8595 -1475.0000000000
8608 -1474.0000000000
8609 -1472.0000000000
8657 -1471.0000000000
8684 -1470.0000000000
8700 -1468.0000000000
8717 -1467.0000000000
8733 -1466.0000000000
8752 -1465.0000000000
8780 -1464.0000000000
8799 -1463.0000000000
8851 -1462.0000000000
8860 -1461.0000000000
8888 -1460.0000000000
8921 -1459.0000000000
8951 -1458.0000000000
8957 -1457.0000000000
8971 -1456.0000000000
9002 -1455.0000000000
9008 -1454.0000000000
9024 -1453.0000000000
9059 -1451.0000000000
9080 -1450.0000000000
9082 -1449.0000000000
9112 -1447.0000000000
9132 -1446.0000000000
9169 -1445.0000000000
9201 -1444.0000000000
9234 -1443.0000000000
9254 -1442.0000000000
9286 -1441.0000000000
9304 -1440.0000000000
9331 -1439.0000000000
9336 -1438.0000000000
9337 -1437.0000000000
9374 -1436.0000000000
9383 -1435.0000000000
9402 -1434.0000000000
9440 -1433.0000000000
9448 -1432.0000000000
9463 -1430.0000000000
9503 -1429.0000000000
9515 -1428.0000000000
9541 -1427.0000000000
9568 -1425.0000000000
9605 -1424.0000000000
9624 -1423.0000000000
9664 -1422.0000000000
9667 -1421.0000000000
9680 -1420.0000000000
9685 -1419.0000000000
9719 -1418.0000000000
9729 -1417.0000000000
9768 -1416.0000000000
9773 -1415.0000000000
9809 -1413.0000000000
9846 -1412.0000000000
9874 -1411.0000000000
9899 -1410.0000000000
9915 -1409.0000000000
9948 -1408.0000000000
9966 -1407.0000000000
9986 -1406.0000000000
9997 -1405.0000000000
10000 -1410.0000000000
evaluations raw_y
1 -1998.0000000000
3 -1994.0000000000
8 -1972.0000000000
30 -1971.0000000000
69 -1968.0000000000
111 -1967.0000000000
113 -1966.0000000000
129 -1965.0000000000
149 -1964.0000000000
151 -1963.0000000000
152 -1962.0000000000
194 -1960.0000000000
214 -1958.0000000000
237 -1957.0000000000
247 -1954.0000000000
296 -1953.0000000000
306 -1952.0000000000
311 -1951.0000000000
318 -1949.0000000000
319 -1948.0000000000
381 -1947.0000000000
390 -1946.0000000000
402 -1945.0000000000
420 -1944.0000000000
445 -1943.0000000000
474 -1942.0000000000
486 -1941.0000000000
493 -1940.0000000000
510 -1939.0000000000
521 -1938.0000000000
536 -1937.0000000000
563 -1936.0000000000
585 -1935.0000000000
606 -1933.0000000000
614 -1931.0000000000
628 -1930.0000000000
661 -1928.0000000000
672 -1927.0000000000
688 -1925.0000000000
690 -1924.0000000000
691 -1923.0000000000
695 -1922.0000000000
707 -1921.0000000000
736 -1920.0000000000
743 -1919.0000000000
763 -1918.0000000000
772 -1917.0000000000
773 -1916.0000000000
814 -1913.0000000000
838 -1911.0000000000
852 -1910.0000000000
888 -1909.0000000000
901 -1907.0000000000
923 -1906.0000000000
956 -1905.0000000000
957 -1904.0000000000
979 -1903.0000000000
986 -1902.0000000000
1009 -1901.0000000000
1029 -1900.0000000000
1030 -1899.0000000000
1084 -1898.0000000000
1102 -1897.0000000000
1103 -1896.0000000000
1107 -1895.0000000000
1147 -1894.0000000000
1164 -1893.0000000000
1179 -1892.0000000000
1206 -1891.0000000000
1212 -1889.0000000000
1218 -1888.0000000000
1233 -1887.0000000000
1237 -1886.0000000000
1270 -1885.0000000000
1280 -1884.0000000000
1295 -1883.0000000000
1300 -1882.0000000000
1311 -1880.0000000000
1316 -1879.0000000000
1333 -1878.0000000000
1345 -1877.0000000000
1356 -1876.0000000000
1382 -1875.0000000000
1398 -1874.0000000000
1411 -1873.0000000000
1438 -1871.0000000000
1439 -1870.0000000000
1444 -1869.0000000000
1451 -1868.0000000000
1464 -1865.0000000000
1466 -1864.0000000000
1485 -1863.0000000000
1486 -1862.0000000000
1514 -1861.0000000000
1545 -1860.0000000000
1547 -1859.0000000000
1565 -1858.0000000000
1588 -1857.0000000000
1609 -1855.0000000000
1622 -1854.0000000000
1632 -1853.0000000000
1651 -1852.0000000000
1674 -1851.0000000000
1687 -1849.0000000000
1725 -1848.0000000000
1738 -1847.0000000000
1774 -1846.0000000000
1793 -1845.0000000000
1802 -1844.0000000000
1813 -1842.0000000000
1847 -1841.0000000000
1855 -1840.0000000000
1885 -1839.0000000000
1901 -1838.0000000000
1913 -1837.0000000000
1944 -1836.0000000000
1947 -1834.0000000000
1958 -1833.0000000000
1992 -1832.0000000000
1999 -1831.0000000000
2028 -1830.0000000000
2047 -1829.0000000000
2066 -1828.0000000000
2093 -1825.0000000000
2130 -1824.0000000000
2145 -1823.0000000000
2156 -1822.0000000000
2157 -1821.0000000000
2160 -1820.0000000000
2164 -1819.0000000000
2174 -1818.0000000000
2181 -1817.0000000000
2194 -1816.0000000000
2236 -1815.0000000000
2259 -1814.0000000000
2277 -1813.0000000000
2290 -1812.0000000000
2301 -1811.0000000000
2303 -1810.0000000000
2304 -1809.0000000000
2314 -1808.0000000000
2319 -1807.0000000000
2340 -1805.0000000000
2350 -1803.0000000000
2389 -1802.0000000000
2405 -1800.0000000000
2434 -1798.0000000000
2451 -1797.0000000000
2487 -1795.0000000000
2498 -1793.0000000000
2505 -1792.0000000000
2536 -1791.0000000000
2565 -1790.0000000000
2579 -1789.0000000000
2643 -1788.0000000000
2667 -1787.0000000000
2687 -1786.0000000000
2716 -1785.0000000000
2751 -1784.0000000000
2760 -1783.0000000000
2784 -1782.0000000000
2822 -1781.0000000000
2828 -1780.0000000000
2840 -1779.0000000000
2856 -1778.0000000000
2875 -1777.0000000000
2888 -1776.0000000000
2895 -1775.0000000000
2902 -1774.0000000000
2929 -1772.0000000000
2941 -1770.0000000000
2973 -1769.0000000000
3004 -1768.0000000000
3007 -1767.0000000000
3026 -1766.0000000000
3057 -1765.0000000000
3062 -1764.0000000000
3083 -1763.0000000000
3090 -1762.0000000000
3100 -1760.0000000000
3143 -1759.0000000000
3147 -1758.0000000000
3163 -1757.0000000000
3183 -1756.0000000000
3208 -1755.0000000000
3235 -1754.0000000000
3255 -1752.0000000000
3305 -1751.0000000000
3314 -1750.0000000000
3327 -1749.0000000000
3342 -1748.0000000000
3343 -1746.0000000000
3365 -1745.0000000000
3367 -1744.0000000000
3372 -1743.0000000000
3388 -1742.0000000000
3389 -1741.0000000000
3412 -1740.0000000000
3425 -1739.0000000000
3464 -1738.0000000000
3469 -1737.0000000000
3485 -1736.0000000000
3507 -1735.0000000000
3508 -1733.0000000000
3529 -1732.0000000000
3534 -1731.0000000000
3587 -1730.0000000000
3597 -1729.0000000000
3602 -1728.0000000000
3627 -1727.0000000000
3645 -1726.0000000000
3663 -1725.0000000000
3664 -1724.0000000000
3672 -1723.0000000000
3695 -1722.0000000000
3696 -1721.0000000000
3708 -1720.0000000000
3728 -1719.0000000000
3763 -1717.0000000000
3772 -1716.0000000000
3791 -1715.0000000000
3809 -1714.0000000000
3855 -1712.0000000000
3883 -1711.0000000000
3917 -1710.0000000000
3923 -1709.0000000000
3950 -1708.0000000000
3968 -1707.0000000000
3971 -1706.0000000000
3986 -1705.0000000000
4009 -1704.0000000000
4017 -1703.0000000000
4020 -1702.0000000000
4040 -1701.0000000000
4050 -1700.0000000000
4062 -1698.0000000000
4097 -1697.0000000000
4122 -1696.0000000000
4155 -1695.0000000000
4183 -1694.0000000000
4188 -1693.0000000000
4212 -1692.0000000000
4226 -1691.0000000000
4250 -1690.0000000000
4275 -1689.0000000000
4293 -1688.0000000000
4325 -1687.0000000000
4334 -1685.0000000000
4371 -1684.0000000000
4393 -1683.0000000000
4396 -1682.0000000000
4450 -1681.0000000000
4465 -1680.0000000000
4480 -1679.0000000000
4494 -1678.0000000000
4510 -1677.0000000000
4519 -1676.0000000000
4535 -1675.0000000000
4550 -1674.0000000000
4564 -1673.0000000000
4601 -1671.0000000000
4618 -1670.0000000000
4638 -1669.0000000000
4660 -1667.0000000000
4690 -1666.0000000000
4713 -1665.0000000000
4718 -1664.0000000000
4761 -1663.0000000000
4770 -1662.0000000000
4787 -1660.0000000000
4795 -1659.0000000000
4820 -1658.0000000000
4827 -1657.0000000000
4862 -1656.0000000000
4877 -1655.0000000000
4906 -1654.0000000000
4933 -1653.0000000000
4970 -1652.0000000000
4985 -1651.0000000000
4993 -1650.0000000000
5023 -1649.0000000000
5038 -1648.0000000000
5064 -1647.0000000000
5105 -1646.0000000000
5124 -1645.0000000000
5126 -1644.0000000000
5162 -1643.0000000000
5198 -1642.0000000000
5211 -1641.0000000000
5237 -1639.0000000000
5261 -1638.0000000000
5283 -1637.0000000000
5316 -1636.0000000000
5340 -1634.0000000000
5347 -1633.0000000000
5379 -1632.0000000000
5395 -1631.0000000000
5420 -1630.0000000000
5447 -1629.0000000000
5464 -1628.0000000000
5469 -1627.0000000000
5511 -1626.0000000000
5513 -1625.0000000000
5516 -1624.0000000000
5565 -1623.0000000000
5566 -1621.0000000000
5597 -1620.0000000000
5618 -1619.0000000000
5622 -1618.0000000000
5626 -1617.0000000000
5636 -1616.0000000000
5669 -1615.0000000000
5679 -1614.0000000000
5688 -1613.0000000000
5692 -1612.0000000000
5712 -1611.0000000000
5723 -1609.0000000000
5790 -1608.0000000000
5795 -1607.0000000000
5815 -1605.0000000000
5826 -1604.0000000000
5866 -1603.0000000000
5874 -1602.0000000000
5901 -1601.0000000000
5938 -1600.0000000000
5951 -1598.0000000000
6022 -1597.0000000000
6030 -1596.0000000000
6053 -1595.0000000000
6083 -1594.0000000000
6106 -1593.0000000000
6115 -1592.0000000000
6148 -1591.0000000000
6150 -1589.0000000000
6179 -1588.0000000000
6241 -1587.0000000000
6250 -1586.0000000000
6277 -1585.0000000000
6298 -1584.0000000000
6334 -1583.0000000000
6343 -1582.0000000000
6347 -1581.0000000000
6349 -1580.0000000000
6369 -1579.0000000000
6402 -1578.0000000000
6410 -1577.0000000000
6440 -1574.0000000000
6492 -1573.0000000000
6516 -1572.0000000000
6520 -1571.0000000000
6561 -1569.0000000000
6580 -1568.0000000000
6601 -1567.0000000000
6609 -1566.0000000000
6638 -1565.0000000000
6639 -1564.0000000000
6673 -1563.0000000000
6695 -1562.0000000000
6708 -1561.0000000000
6728 -1560.0000000000
6731 -1559.0000000000
6790 -1558.0000000000
6813 -1557.0000000000
6854 -1556.0000000000
6871 -1555.0000000000
6876 -1554.0000000000
6910 -1553.0000000000
6954 -1552.0000000000
6960 -1551.0000000000
6988 -1550.0000000000
6993 -1549.0000000000
7032 -1548.0000000000
7047 -1547.0000000000
7063 -1546.0000000000
7103 -1544.0000000000
7153 -1541.0000000000
7158 -1540.0000000000
7162 -1539.0000000000
7197 -1538.0000000000
7227 -1537.0000000000
7245 -1535.0000000000
7299 -1534.0000000000
7320 -1533.0000000000
7341 -1532.0000000000
7351 -1531.0000000000
7374 -1530.0000000000
7389 -1528.0000000000
7440 -1526.0000000000
7475 -1525.0000000000
7483 -1524.0000000000
7540 -1523.0000000000
7544 -1522.0000000000
7584 -1521.0000000000
7612 -1520.0000000000
7645 -1519.0000000000
7660 -1518.0000000000
7662 -1517.0000000000
7671 -1516.0000000000
7710 -1515.0000000000
7727 -1514.0000000000
7761 -1513.0000000000
7799 -1511.0000000000
7839 -1510.0000000000
7869 -1508.0000000000
7888 -1507.0000000000
7892 -1505.0000000000
7912 -1504.0000000000
7919 -1501.0000000000
7967 -1500.0000000000
8019 -1499.0000000000
8037 -1498.0000000000
8058 -1497.0000000000
8076 -1496.0000000000
8088 -1495.0000000000
8097 -1494.0000000000
8125 -1493.0000000000
8189 -1492.0000000000
8210 -1491.0000000000
8219 -1488.0000000000
8287 -1487.0000000000
8314 -1486.0000000000
8324 -1485.0000000000
8326 -1483.0000000000
8371 -1482.0000000000
8404 -1481.0000000000
8427 -1480.0000000000
8453 -1479.0000000000
8463 -1478.0000000000
8481 -1476.0000000000
8528 -1475.0000000000
8531 -1474.0000000000
8538 -1473.0000000000
8555 -1472.0000000000
8561 -1471.0000000000
8608 -1470.0000000000
8617 -1469.0000000000
8638 -1468.0000000000
8663 -1467.0000000000
8671 -1466.0000000000
8687 -1465.0000000000
8705 -1464.0000000000
8710 -1463.0000000000
8713 -1462.0000000000
8734 -1461.0000000000
8786 -1460.0000000000
8810 -1459.0000000000
8814 -1458.0000000000
8829 -1457.0000000000
8834 -1456.0000000000
8870 -1455.0000000000
8896 -1454.0000000000
8923 -1453.0000000000
8939 -1452.0000000000
8967 -1450.0000000000
8970 -1449.0000000000
9013 -1448.0000000000
9076 -1447.0000000000
9110 -1446.0000000000
9113 -1444.0000000000
9154 -1443.0000000000
9184 -1442.0000000000
9200 -1441.0000000000
9212 -1440.0000000000
9222 -1439.0000000000
9240 -1438.0000000000
9268 -1436.0000000000
9287 -1435.0000000000
9336 -1434.0000000000
9349 -1433.0000000000
9381 -1432.0000000000
9405 -1431.0000000000
9463 -1430.0000000000
9475 -1429.0000000000
9491 -1428.0000000000
9537 -1427.0000000000
9549 -1426.0000000000
9555 -1425.0000000000
9560 -1424.0000000000
9588 -1423.0000000000
9620 -1422.0000000000
9626 -1421.0000000000
9656 -1420.0000000000
9667 -1419.0000000000
9720 -1418.0000000000
9737 -1417.0000000000
9753 -1416.0000000000
9765 -1415.0000000000
9796 -1414.0000000000
9817 -1413.0000000000
9833 -1412.0000000000
9865 -1411.0000000000
9897 -1410.0000000000
9906 -1408.0000000000
9926 -1407.0000000000
9953 -1404.0000000000
9998 -1403.0000000000
10000 -1405.0000000000
evaluations raw_y
1 -2038.0000000000
2 -2009.0000000000
4 -2008.0000000000
5 -2000.0000000000
6 -1960.0000000000
119 -1959.0000000000
124 -1958.0000000000
143 -1956.0000000000
177 -1954.0000000000
218 -1953.0000000000
231 -1952.0000000000
239 -1950.0000000000
261 -1949.0000000000
263 -1948.0000000000
316 -1947.0000000000
332 -1946.0000000000
341 -1945.0000000000
360 -1944.0000000000
364 -1942.0000000000
390 -1941.0000000000
405 -1940.0000000000
413 -1939.0000000000
441 -1938.0000000000
462 -1937.0000000000
477 -1935.0000000000
486 -1934.0000000000
514 -1933.0000000000
536 -1932.0000000000
543 -1931.0000000000
563 -1930.0000000000
596 -1929.0000000000
606 -1928.0000000000
622 -1927.0000000000
631 -1926.0000000000
633 -1924.0000000000
642 -1923.0000000000
703 -1922.0000000000
709 -1921.0000000000
719 -1920.0000000000
748 -1919.0000000000
760 -1917.0000000000
766 -1916.0000000000
778 -1915.0000000000
807 -1914.0000000000
837 -1913.0000000000
854 -1912.0000000000
870 -1911.0000000000
891 -1910.0000000000
917 -1909.0000000000
935 -1908.0000000000
956 -1907.0000000000
974 -1906.0000000000
993 -1905.0000000000
997 -1904.0000000000
1034 -1903.0000000000
1051 -1902.0000000000
1065 -1901.0000000000
1112 -1899.0000000000
1117 -1898.0000000000
1126 -1897.0000000000
1158 -1896.0000000000
1162 -1895.0000000000
1180 -1894.0000000000
1192 -1893.0000000000
1208 -1892.0000000000
1216 -1891.0000000000
1229 -1890.0000000000
1242 -1889.0000000000
1270 -1888.0000000000
1294 -1885.0000000000
1347 -1884.0000000000
1358 -1882.0000000000
1386 -1881.0000000000
1408 -1878.0000000000
1449 -1877.0000000000
1464 -1876.0000000000
1468 -1874.0000000000
1493 -1873.0000000000
1524 -1872.0000000000
1525 -1871.0000000000
1555 -1868.0000000000
1599 -1867.0000000000
1605 -1866.0000000000
1620 -1865.0000000000
1643 -1864.0000000000
1659 -1863.0000000000
1679 -1862.0000000000
1686 -1861.0000000000
1694 -1860.0000000000
1695 -1858.0000000000
1719 -1857.0000000000
1742 -1856.0000000000
1774 -1855.0000000000
1788 -1854.0000000000
1835 -1853.0000000000
1841 -1852.0000000000
1846 -1851.0000000000
1863 -1850.0000000000
1876 -1849.0000000000
1879 -1848.0000000000
1893 -1847.0000000000
1916 -1846.0000000000
1938 -1844.0000000000
1960 -1843.0000000000
1983 -1842.0000000000
1999 -1841.0000000000
2001 -1840.0000000000
2020 -1839.0000000000
2060 -1838.0000000000
2073 -1837.0000000000
2077 -1836.0000000000
2081 -1835.0000000000
2082 -1834.0000000000
2104 -1833.0000000000
2145 -1832.0000000000
2163 -1831.0000000000
2175 -1830.0000000000
2192 -1829.0000000000
2202 -1828.0000000000
2213 -1827.0000000000
2217 -1826.0000000000
2245 -1825.0000000000
2268 -1824.0000000000
2276 -1823.0000000000
2287 -1822.0000000000
2309 -1817.0000000000
2421 -1816.0000000000
2438 -1815.0000000000
2454 -1814.0000000000
2478 -1813.0000000000
2479 -1812.0000000000
2536 -1810.0000000000
2539 -1809.0000000000
2563 -1808.0000000000
2568 -1806.0000000000
2575 -1805.0000000000
2598 -1804.0000000000
2616 -1803.0000000000
2632 -1802.0000000000
2641 -1801.0000000000
2664 -1799.0000000000
2700 -1798.0000000000
2702 -1797.0000000000
2738 -1796.0000000000
2750 -1795.0000000000
2778 -1794.0000000000
2801 -1793.0000000000
2814 -1792.0000000000
2868 -1791.0000000000
2871 -1790.0000000000
2905 -1789.0000000000
2916 -1788.0000000000
2948 -1787.0000000000
2968 -1786.0000000000
2987 -1785.0000000000
2990 -1784.0000000000
3017 -1783.0000000000
3022 -1782.0000000000
3076 -1781.0000000000
3089 -1780.0000000000
3121 -1775.0000000000
3195 -1774.0000000000
3207 -1773.0000000000
3210 -1772.0000000000
3225 -1771.0000000000
3281 -1769.0000000000
3325 -1768.0000000000
3344 -1767.0000000000
3372 -1766.0000000000
3374 -1765.0000000000
3407 -1762.0000000000
3412 -1761.0000000000
3439 -1760.0000000000
3466 -1759.0000000000
3484 -1758.0000000000
3502 -1757.0000000000
3514 -1755.0000000000
3535 -1754.0000000000
3563 -1753.0000000000
3590 -1752.0000000000
3604 -1750.0000000000
3632 -1749.0000000000
3664 -1748.0000000000
3696 -1747.0000000000
3724 -1746.0000000000
3746 -1745.0000000000
3752 -1742.0000000000
3754 -1741.0000000000
3782 -1740.0000000000
3789 -1739.0000000000
3818 -1738.0000000000
3829 -1737.0000000000
3832 -1736.0000000000
3839 -1735.0000000000
3867 -1734.0000000000
3868 -1732.0000000000
3869 -1731.0000000000
3906 -1730.0000000000
3915 -1729.0000000000
3953 -1728.0000000000
3966 -1727.0000000000
3989 -1725.0000000000
4011 -1724.0000000000
4044 -1723.0000000000
4065 -1722.0000000000
4069 -1721.0000000000
4080 -1720.0000000000
4093 -1719.0000000000
4125 -1718.0000000000
4135 -1717.0000000000
4166 -1716.0000000000
4176 -1715.0000000000
4211 -1714.0000000000
4216 -1712.0000000000
4222 -1711.0000000000
4235 -1710.0000000000
4260 -1709.0000000000
4295 -1708.0000000000
4303 -1707.0000000000
4311 -1706.0000000000
4330 -1705.0000000000
4351 -1704.0000000000
4358 -1703.0000000000
4373 -1702.0000000000
4395 -1701.0000000000
4396 -1700.0000000000
4439 -1699.0000000000
4456 -1697.0000000000
4493 -1696.0000000000
4509 -1695.0000000000
4528 -1694.0000000000
4535 -1693.0000000000
4570 -1692.0000000000
4586 -1691.0000000000
4594 -1690.0000000000
4637 -1689.0000000000
4641 -1688.0000000000
4663 -1687.0000000000
4680 -1685.0000000000
4692 -1684.0000000000
4730 -1683.0000000000
4731 -1682.0000000000
4741 -1681.0000000000
4752 -1680.0000000000
4770 -1679.0000000000
4789 -1678.0000000000
4802 -1677.0000000000
4804 -1676.0000000000
4831 -1675.0000000000
4844 -1674.0000000000
4864 -1673.0000000000
4891 -1672.0000000000
4892 -1670.0000000000
4905 -1669.0000000000
4907 -1668.0000000000
4939 -1667.0000000000
4963 -1666.0000000000
4997 -1665.0000000000
5038 -1664.0000000000
5051 -1663.0000000000
5061 -1662.0000000000
5065 -1661.0000000000
5068 -1660.0000000000
5092 -1659.0000000000
5108 -1657.0000000000
5138 -1656.0000000000
5140 -1655.0000000000
5202 -1654.0000000000
5204 -1653.0000000000
5226 -1652.0000000000
5232 -1651.0000000000
5247 -1650.0000000000
5277 -1649.0000000000
5302 -1648.0000000000
5305 -1647.0000000000
5345 -1643.0000000000
5402 -1642.0000000000
5408 -1641.0000000000
5434 -1640.0000000000
5461 -1639.0000000000
5463 -1638.0000000000
5466 -1636.0000000000
5555 -1635.0000000000
5561 -1634.0000000000
5581 -1633.0000000000
5629 -1632.0000000000
5656 -1631.0000000000
5669 -1630.0000000000
5698 -1628.0000000000
5732 -1627.0000000000
5758 -1624.0000000000
5759 -1623.0000000000
5782 -1622.0000000000
5795 -1621.0000000000
5806 -1619.0000000000
5830 -1617.0000000000
5868 -1615.0000000000
5898 -1614.0000000000
5946 -1613.0000000000
5950 -1611.0000000000
5985 -1610.0000000000
6017 -1609.0000000000
6050 -1608.0000000000
6081 -1607.0000000000
6087 -1604.0000000000
6137 -1603.0000000000
6167 -1602.0000000000
6180 -1601.0000000000
6195 -1600.0000000000
6214 -1599.0000000000
6215 -1598.0000000000
6248 -1597.0000000000
6286 -1596.0000000000
6308 -1595.0000000000
6313 -1594.0000000000
6337 -1593.0000000000
6396 -1592.0000000000
6407 -1591.0000000000
6414 -1590.0000000000
6433 -1589.0000000000
6443 -1588.0000000000
6477 -1587.0000000000
6497 -1586.0000000000
6520 -1585.0000000000
6527 -1584.0000000000
6551 -1583.0000000000
6556 -1582.0000000000
6573 -1579.0000000000
6603 -1578.0000000000
6625 -1576.0000000000
6668 -1575.0000000000
6682 -1573.0000000000
6706 -1572.0000000000
6724 -1571.0000000000
6728 -1570.0000000000
6751 -1569.0000000000
6755 -1568.0000000000
6787 -1567.0000000000
6833 -1566.0000000000
6853 -1565.0000000000
6855 -1564.0000000000
6864 -1563.0000000000
6880 -1562.0000000000
6881 -1561.0000000000
6883 -1560.0000000000
6887 -1559.0000000000
6895 -1558.0000000000
6923 -1557.0000000000
6940 -1556.0000000000
6953 -1552.0000000000
6992 -1551.0000000000
7047 -1549.0000000000
7096 -1548.0000000000
7101 -1547.0000000000
7122 -1546.0000000000
7147 -1545.0000000000
7179 -1544.0000000000
7195 -1543.0000000000
7201 -1541.0000000000
7263 -1540.0000000000
7271 -1539.0000000000
7273 -1537.0000000000
7291 -1536.0000000000
7324 -1534.0000000000
7351 -1533.0000000000
7389 -1532.0000000000
7396 -1529.0000000000
7399 -1528.0000000000
7431 -1527.0000000000
7462 -1526.0000000000
7467 -1525.0000000000
7499 -1524.0000000000
7527 -1523.0000000000
7533 -1522.0000000000
7550 -1520.0000000000
7630 -1519.0000000000
7647 -1518.0000000000
7650 -1517.0000000000
7653 -1516.0000000000
7681 -1515.0000000000
7702 -1512.0000000000
7708 -1511.0000000000
7754 -1510.0000000000
7777 -1509.0000000000
7784 -1508.0000000000
7819 -1507.0000000000
7820 -1506.0000000000
7840 -1505.0000000000
7871 -1504.0000000000
7905 -1503.0000000000
7931 -1502.0000000000
7938 -1501.0000000000
7943 -1500.0000000000
7944 -1499.0000000000
7949 -1497.0000000000
8010 -1496.0000000000
8014 -1495.0000000000
8017 -1494.0000000000
8068 -1492.0000000000
8089 -1491.0000000000
8128 -1490.0000000000
8131 -1489.0000000000
8148 -1488.0000000000
8158 -1487.0000000000
8170 -1485.0000000000
8188 -1484.0000000000
8210 -1483.0000000000
8222 -1482.0000000000
8241 -1481.0000000000
8301 -1479.0000000000
8339 -1478.0000000000
8358 -1476.0000000000
8362 -1475.0000000000
8405 -1474.0000000000
8428 -1472.0000000000
8475 -1471.0000000000
8497 -1470.0000000000
8508 -1469.0000000000
8526 -1468.0000000000
8536 -1467.0000000000
8585 -1466.0000000000
8590 -1465.0000000000
8615 -1464.0000000000
8619 -1462.0000000000
8668 -1461.0000000000
8696 -1460.0000000000
8697 -1459.0000000000
8718 -1458.0000000000
8719 -1457.0000000000
8734 -1456.0000000000
8780 -1455.0000000000
8801 -1454.0000000000
8823 -1453.0000000000
8851 -1452.0000000000
8872 -1451.0000000000
8892 -1450.0000000000
8907 -1449.0000000000
8921 -1448.0000000000
8941 -1447.0000000000
8942 -1446.0000000000
8953 -1444.0000000000
8990 -1443.0000000000
9009 -1442.0000000000
9024 -1441.0000000000
9032 -1440.0000000000
9038 -1439.0000000000
9055 -1438.0000000000
9072 -1436.0000000000
9083 -1435.0000000000
9109 -1433.0000000000
9151 -1432.0000000000
9208 -1431.0000000000
9242 -1430.0000000000
9247 -1429.0000000000
9275 -1428.0000000000
9288 -1427.0000000000
9322 -1426.0000000000
9363 -1425.0000000000
9402 -1424.0000000000
9418 -1422.0000000000
9452 -1421.0000000000
9477 -1420.0000000000
9486 -1418.0000000000
9489 -1417.0000000000
9495 -1416.0000000000
9509 -1415.0000000000
9526 -1414.0000000000
9540 -1413.0000000000
9547 -1412.0000000000
9579 -1411.0000000000
9597 -1410.0000000000
9611 -1409.0000000000
9614 -1408.0000000000
9627 -1407.0000000000
9649 -1405.0000000000
9667 -1404.0000000000
9696 -1403.0000000000
9735 -1402.0000000000
9742 -1401.0000000000
9773 -1400.0000000000
9782 -1399.0000000000
9837 -1398.0000000000
9846 -1397.0000000000
9864 -1396.0000000000
9882 -1395.0000000000
9897 -1394.0000000000
9929 -1393.0000000000
9946 -1392.0000000000
9973 -1391.0000000000
9974 -1390.0000000000
9994 -1389.0000000000
10000 -1392.0000000000
evaluations raw_y
1 -2025.0000000000
2 -1997.0000000000
3 -1996.0000000000
6 -1982.0000000000
8 -1962.0000000000
14 -1961.0000000000
39 -1960.0000000000
46 -1959.0000000000
85 -1958.0000000000
99 -1957.0000000000
121 -1956.0000000000
141 -1955.0000000000
164 -1954.0000000000
196 -1953.0000000000
217 -1952.0000000000
223 -1951.0000000000
253 -1950.0000000000
261 -1949.0000000000
296 -1948.0000000000
307 -1947.0000000000
312 -1946.0000000000
313 -1945.0000000000
318 -1944.0000000000
322 -1943.0000000000
344 -1942.0000000000
348 -1941.0000000000
350 -1940.0000000000
385 -1939.0000000000
407 -1938.0000000000
418 -1937.0000000000
435 -1936.0000000000
455 -1935.0000000000
466 -1934.0000000000
481 -1933.0000000000
482 -1931.0000000000
519 -1930.0000000000
541 -1929.0000000000
542 -1928.0000000000
552 -1927.0000000000
559 -1926.0000000000
562 -1925.0000000000
577 -1924.0000000000
602 -1923.0000000000
641 -1922.0000000000
657 -1921.0000000000
667 -1920.0000000000
693 -1919.0000000000
699 -1918.0000000000
704 -1917.0000000000
711 -1916.0000000000
727 -1915.0000000000
739 -1914.0000000000
741 -1913.0000000000
763 -1912.0000000000
774 -1911.0000000000
778 -1910.0000000000
801 -1908.0000000000
835 -1907.0000000000
884 -1905.0000000000
885 -1904.0000000000
926 -1903.0000000000
960 -1902.0000000000
963 -1901.0000000000
979 -1900.0000000000
992 -1899.0000000000
1031 -1898.0000000000
1047 -1897.0000000000
1058 -1896.0000000000
1081 -1895.0000000000
1087 -1894.0000000000
1104 -1893.0000000000
1117 -1892.0000000000
1134 -1891.0000000000
1141 -1890.0000000000
1171 -1889.0000000000
1192 -1887.0000000000
1229 -1886.0000000000
1231 -1885.0000000000
1253 -1884.0000000000
1262 -1883.0000000000
1304 -1882.0000000000
1312 -1881.0000000000
1314 -1880.0000000000
1325 -1879.0000000000
1337 -1878.0000000000
1341 -1877.0000000000
1343 -1876.0000000000
1351 -1875.0000000000
1359 -1874.0000000000
1398 -1873.0000000000
1445 -1872.0000000000
1465 -1871.0000000000
1481 -1870.0000000000
1505 -1869.0000000000
1538 -1868.0000000000
1544 -1867.0000000000
1550 -1866.0000000000
1577 -1865.0000000000
1595 -1864.0000000000
1624 -1863.0000000000
1658 -1861.0000000000
1678 -1860.0000000000
1711 -1859.0000000000
1729 -1857.0000000000
1746 -1856.0000000000
1755 -1855.0000000000
1759 -1854.0000000000
1768 -1853.0000000000
1787 -1851.0000000000
1822 -1850.0000000000
1829 -1849.0000000000
1865 -1848.0000000000
1870 -1847.0000000000
1910 -1846.0000000000
1922 -1844.0000000000
1953 -1843.0000000000
1980 -1842.0000000000
2001 -1841.0000000000
2033 -1839.0000000000
2083 -1838.0000000000
2096 -1837.0000000000
2097 -1836.0000000000
2117 -1835.0000000000
2154 -1834.0000000000
2168 -1833.0000000000
2189 -1832.0000000000
2205 -1831.0000000000
2209 -1830.0000000000
2249 -1829.0000000000
2257 -1828.0000000000
2286 -1827.0000000000
2298 -1825.0000000000
2314 -1824.0000000000
2332 -1821.0000000000
2369 -1820.0000000000
2383 -1819.0000000000
2404 -1818.0000000000
2419 -1817.0000000000
2422 -1816.0000000000
2425 -1815.0000000000
2435 -1814.0000000000
2442 -1813.0000000000
2476 -1811.0000000000
2520 -1810.0000000000
2531 -1809.0000000000
2535 -1808.0000000000
2541 -1805.0000000000
2586 -1804.0000000000
2598 -1803.0000000000
2626 -1802.0000000000
2638 -1801.0000000000
2645 -1800.0000000000
2654 -1799.0000000000
2697 -1798.0000000000
2712 -1797.0000000000
2717 -1796.0000000000
2747 -1794.0000000000
2784 -1793.0000000000
2787 -1792.0000000000
2799 -1791.0000000000
2809 -1790.0000000000
2818 -1789.0000000000
2821 -1788.0000000000
2860 -1787.0000000000
2876 -1786.0000000000
2878 -1785.0000000000
2914 -1784.0000000000
2927 -1783.0000000000
2942 -1782.0000000000
2947 -1781.0000000000
2964 -1780.0000000000
2978 -1779.0000000000
2989 -1778.0000000000
3005 -1777.0000000000
3037 -1776.0000000000
3051 -1775.0000000000
3059 -1774.0000000000
3070 -1773.0000000000
3082 -1772.0000000000
3101 -1771.0000000000
3106 -1770.0000000000
3150 -1769.0000000000
3170 -1768.0000000000
3191 -1767.0000000000
3197 -1766.0000000000
3200 -1765.0000000000
3211 -1763.0000000000
3264 -1762.0000000000
3278 -1760.0000000000
3290 -1759.0000000000
3311 -1758.0000000000
3337 -1757.0000000000
3350 -1756.0000000000
3353 -1754.0000000000
3402 -1753.0000000000
3406 -1752.0000000000
3452 -1749.0000000000
3482 -1748.0000000000
3490 -1747.0000000000
3505 -1746.0000000000
3529 -1745.0000000000
3554 -1744.0000000000
3556 -1743.0000000000
3570 -1742.0000000000
3589 -1741.0000000000
3596 -1740.0000000000
3597 -1739.0000000000
3622 -1738.0000000000
3646 -1737.0000000000
3672 -1736.0000000000
3678 -1735.0000000000
3730 -1734.0000000000
3751 -1733.0000000000
3772 -1732.0000000000
3805 -1731.0000000000
3842 -1730.0000000000
3861 -1729.0000000000
3878 -1728.0000000000
3884 -1727.0000000000
3917 -1726.0000000000
3919 -1725.0000000000
3953 -1724.0000000000
3965 -1723.0000000000
3982 -1722.0000000000
4012 -1721.0000000000
4018 -1720.0000000000
4057 -1719.0000000000
4078 -1718.0000000000
4087 -1717.0000000000
4110 -1716.0000000000
4135 -1714.0000000000
4159 -1713.0000000000
4177 -1712.0000000000
4205 -1711.0000000000
4218 -1710.0000000000
4219 -1707.0000000000
4251 -1706.0000000000
4295 -1704.0000000000
4331 -1703.0000000000
4335 -1702.0000000000
4342 -1701.0000000000
4360 -1700.0000000000
4389 -1699.0000000000
4424 -1698.0000000000
4436 -1697.0000000000
4446 -1696.0000000000
4462 -1695.0000000000
4482 -1694.0000000000
4484 -1693.0000000000
4542 -1692.0000000000
4554 -1691.0000000000
4568 -1690.0000000000
4598 -1689.0000000000
4602 -1688.0000000000
4603 -1686.0000000000
4633 -1684.0000000000
4640 -1683.0000000000
4661 -1682.0000000000
4677 -1681.0000000000
4691 -1680.0000000000
4706 -1679.0000000000
4747 -1678.0000000000
4748 -1677.0000000000
4770 -1676.0000000000
4777 -1675.0000000000
4792 -1674.0000000000
4806 -1673.0000000000
4851 -1672.0000000000
4858 -1671.0000000000
4859 -1670.0000000000
4872 -1669.0000000000
4875 -1668.0000000000
4907 -1667.0000000000
4937 -1666.0000000000
4972 -1665.0000000000
4979 -1664.0000000000
5006 -1663.0000000000
5017 -1659.0000000000
5087 -1658.0000000000
5095 -1657.0000000000
5131 -1656.0000000000
5151 -1655.0000000000
5157 -1654.0000000000
5182 -1653.0000000000
5212 -1652.0000000000
5239 -1651.0000000000
5245 -1650.0000000000
5252 -1649.0000000000
5272 -1647.0000000000
5307 -1645.0000000000
5314 -1644.0000000000
5320 -1643.0000000000
5351 -1642.0000000000
5369 -1641.0000000000
5381 -1637.0000000000
5430 -1635.0000000000
5432 -1634.0000000000
5488 -1632.0000000000
5501 -1630.0000000000
5528 -1628.0000000000
5565 -1627.0000000000
5624 -1626.0000000000
5634 -1625.0000000000
5649 -1624.0000000000
5654 -1623.0000000000
5655 -1622.0000000000
5661 -1621.0000000000
5694 -1620.0000000000
5718 -1619.0000000000
5735 -1618.0000000000
5774 -1616.0000000000
5809 -1615.0000000000
5827 -1614.0000000000
5857 -1613.0000000000
5902 -1612.0000000000
5909 -1611.0000000000
5928 -1610.0000000000
5935 -1609.0000000000
5977 -1608.0000000000
6005 -1607.0000000000
6018 -1606.0000000000
6030 -1605.0000000000
6043 -1604.0000000000
6091 -1603.0000000000
6092 -1602.0000000000
6142 -1601.0000000000
6157 -1600.0000000000
6176 -1599.0000000000
6215 -1598.0000000000
6217 -1597.0000000000
6218 -1596.0000000000
6277 -1595.0000000000
6298 -1594.0000000000
6321 -1593.0000000000
6327 -1592.0000000000
6335 -1591.0000000000
6373 -1590.0000000000
6386 -1589.0000000000
6406 -1588.0000000000
6436 -1587.0000000000
6460 -1586.0000000000
6488 -1584.0000000000
6526 -1583.0000000000
6557 -1582.0000000000
6573 -1581.0000000000
6600 -1580.0000000000
6619 -1579.0000000000
6653 -1578.0000000000
6669 -1577.0000000000
6691 -1576.0000000000
6714 -1575.0000000000
6761 -1574.0000000000
6766 -1573.0000000000
6780 -1572.0000000000
6801 -1571.0000000000
6828 -1570.0000000000
6831 -1569.0000000000
6850 -1568.0000000000
6889 -1567.0000000000
6913 -1566.0000000000
6927 -1564.0000000000
6989 -1563.0000000000
7013 -1562.0000000000
7031 -1561.0000000000
7034 -1560.0000000000
7071 -1559.0000000000
7116 -1558.0000000000
7150 -1557.0000000000
7170 -1556.0000000000
7188 -1555.0000000000
7209 -1554.0000000000
7252 -1553.0000000000
7258 -1552.0000000000
7291 -1551.0000000000
7317 -1550.0000000000
7363 -1549.0000000000
7366 -1548.0000000000
7367 -1547.0000000000
7385 -1546.0000000000
7426 -1545.0000000000
7452 -1544.0000000000
7478 -1542.0000000000
7506 -1541.0000000000
7515 -1540.0000000000
7517 -1539.0000000000
7519 -1538.0000000000
7521 -1536.0000000000
7535 -1533.0000000000
7586 -1532.0000000000
7592 -1531.0000000000
7601 -1530.0000000000
7622 -1529.0000000000
7634 -1528.0000000000
7662 -1527.0000000000
7676 -1526.0000000000
7680 -1524.0000000000
7703 -1523.0000000000
7709 -1522.0000000000
7730 -1521.0000000000
7754 -1520.0000000000
7782 -1519.0000000000
7813 -1518.0000000000
7818 -1517.0000000000
7846 -1516.0000000000
7873 -1515.0000000000
7874 -1514.0000000000
7884 -1513.0000000000
7914 -1512.0000000000
7944 -1511.0000000000
7955 -1510.0000000000
7959 -1509.0000000000
7996 -1508.0000000000
8014 -1507.0000000000
8048 -1506.0000000000
8050 -1505.0000000000
8107 -1504.0000000000
8148 -1503.0000000000
8159 -1502.0000000000
8189 -1500.0000000000
8251 -1499.0000000000
8268 -1498.0000000000
8299 -1497.0000000000
8331 -1496.0000000000
8339 -1495.0000000000
8350 -1494.0000000000
8354 -1493.0000000000
8376 -1492.0000000000
8389 -1490.0000000000
8407 -1489.0000000000
8432 -1485.0000000000
8434 -1483.0000000000
8504 -1482.0000000000
8507 -1480.0000000000
8549 -1479.0000000000
8564 -1477.0000000000
8579 -1476.0000000000
8600 -1475.0000000000
8611 -1474.0000000000
8635 -1473.0000000000
8644 -1472.0000000000
8688 -1471.0000000000
8712 -1470.0000000000
8752 -1469.0000000000
8770 -1468.0000000000
8775 -1467.0000000000
8815 -1466.0000000000
8818 -1465.0000000000
8833 -1464.0000000000
8872 -1462.0000000000
8939 -1461.0000000000
8951 -1460.0000000000
8966 -1459.0000000000
8982 -1458.0000000000
8997 -1457.0000000000
9026 -1456.0000000000
9047 -1455.0000000000
9084 -1454.0000000000
9096 -1453.0000000000
9113 -1452.0000000000
9114 -1451.0000000000
9180 -1450.0000000000
9210 -1449.0000000000
9257 -1448.0000000000
9288 -1447.0000000000
9308 -1445.0000000000
9355 -1444.0000000000
9373 -1443.0000000000
9388 -1442.0000000000
9395 -1441.0000000000
9404 -1440.0000000000
9449 -1439.0000000000
9464 -1438.0000000000
9480 -1437.0000000000
9487 -1436.0000000000
9503 -1435.0000000000
9513 -1434.0000000000
9529 -1433.0000000000
9583 -1432.0000000000
9592 -1431.0000000000
9612 -1430.0000000000
9619 -1429.0000000000
9621 -1428.0000000000
9652 -1426.0000000000
9720 -1425.0000000000
9753 -1424.0000000000
9769 -1422.0000000000
9788 -1421.0000000000
9857 -1420.0000000000
9869 -1419.0000000000
9873 -1418.0000000000
9898 -1417.0000000000
9915 -1416.0000000000
9916 -1415.0000000000
9918 -1414.0000000000
9986 -1413.0000000000
10000 -1415.0000000000
evaluations raw_y
1 -2015.0000000000
2 -2012.0000000000
4 -2006.0000000000
6 -1978.0000000000
9 -1965.0000000000
52 -1963.0000000000
81 -1962.0000000000
94 -1961.0000000000
124 -1960.0000000000
154 -1959.0000000000
159 -1958.0000000000
189 -1957.0000000000
217 -1956.0000000000
233 -1955.0000000000
246 -1954.0000000000
257 -1953.0000000000
263 -1952.0000000000
268 -1951.0000000000
275 -1950.0000000000
288 -1949.0000000000
310 -1946.0000000000
368 -1945.0000000000
387 -1944.0000000000
409 -1943.0000000000
414 -1942.0000000000
427 -1941.0000000000
438 -1940.0000000000
461 -1939.0000000000
473 -1938.0000000000
487 -1937.0000000000
496 -1936.0000000000
503 -1935.0000000000
521 -1934.0000000000
538 -1933.0000000000
576 -1932.0000000000
587 -1931.0000000000
598 -1930.0000000000
617 -1929.0000000000
632 -1928.0000000000
635 -1927.0000000000
643 -1926.0000000000
670 -1925.0000000000
700 -1924.0000000000
701 -1922.0000000000
742 -1920.0000000000
776 -1917.0000000000
783 -1916.0000000000
818 -1915.0000000000
848 -1914.0000000000
864 -1912.0000000000
899 -1911.0000000000
906 -1910.0000000000
914 -1908.0000000000
929 -1906.0000000000
989 -1905.0000000000
1007 -1904.0000000000
1016 -1903.0000000000
1051 -1902.0000000000
1056 -1901.0000000000
1061 -1900.0000000000
1088 -1899.0000000000
1132 -1898.0000000000
1153 -1896.0000000000
1200 -1895.0000000000
1203 -1894.0000000000
1206 -1892.0000000000
1221 -1891.0000000000
1254 -1890.0000000000
1281 -1889.0000000000
1289 -1887.0000000000
1317 -1886.0000000000
1337 -1885.0000000000
1341 -1884.0000000000
1350 -1883.0000000000
1366 -1882.0000000000
1395 -1881.0000000000
1405 -1880.0000000000
1434 -1879.0000000000
1438 -1878.0000000000
1452 -1877.0000000000
1453 -1876.0000000000
1475 -1873.0000000000
1477 -1872.0000000000
1496 -1870.0000000000
1525 -1869.0000000000
1529 -1868.0000000000
1566 -1865.0000000000
1583 -1864.0000000000
1586 -1863.0000000000
1589 -1862.0000000000
1597 -1860.0000000000
1612 -1859.0000000000
1624 -1858.0000000000
1678 -1857.0000000000
1711 -1856.0000000000
1712 -1855.0000000000
1720 -1854.0000000000
1731 -1853.0000000000
1761 -1852.0000000000
1786 -1851.0000000000
1806 -1850.0000000000
1816 -1848.0000000000
1866 -1847.0000000000
1882 -1846.0000000000
1895 -1845.0000000000
1916 -1844.0000000000
1927 -1843.0000000000
1936 -1842.0000000000
1955 -1841.0000000000
1956 -1840.0000000000
1987 -1839.0000000000
1997 -1838.0000000000
2024 -1837.0000000000
2035 -1836.0000000000
2047 -1835.0000000000
2054 -1834.0000000000
2055 -1833.0000000000
2091 -1832.0000000000
2108 -1831.0000000000
2141 -1830.0000000000
2151 -1829.0000000000
2157 -1828.0000000000
2175 -1827.0000000000
2185 -1826.0000000000
2218 -1825.0000000000
2227 -1823.0000000000
2266 -1822.0000000000
2269 -1821.0000000000
2307 -1819.0000000000
2348 -1818.0000000000
2350 -1817.0000000000
2352 -1815.0000000000
2420 -1814.0000000000
2439 -1813.0000000000
2470 -1812.0000000000
2477 -1811.0000000000
2487 -1810.0000000000
2507 -1809.0000000000
2539 -1808.0000000000
2545 -1807.0000000000
2568 -1806.0000000000
2602 -1805.0000000000
2608 -1804.0000000000
2624 -1803.0000000000
2636 -1802.0000000000
2670 -1801.0000000000
2684 -1800.0000000000
2718 -1799.0000000000
2734 -1798.0000000000
2741 -1797.0000000000
2758 -1796.0000000000
2762 -1795.0000000000
2778 -1794.0000000000
2788 -1793.0000000000
2816 -1792.0000000000
2832 -1791.0000000000
2859 -1790.0000000000
2860 -1789.0000000000
2887 -1787.0000000000
2890 -1785.0000000000
2922 -1784.0000000000
2953 -1783.0000000000
2974 -1782.0000000000
2977 -1781.0000000000
2985 -1780.0000000000
3043 -1779.0000000000
3044 -1778.0000000000
3049 -1777.0000000000
3092 -1776.0000000000
3112 -1775.0000000000
3137 -1774.0000000000
3142 -1773.0000000000
3162 -1772.0000000000
3178 -1771.0000000000
3200 -1770.0000000000
3217 -1769.0000000000
3233 -1768.0000000000
3236 -1767.0000000000
3252 -1765.0000000000
3260 -1764.0000000000
3302 -1763.0000000000
3339 -1762.0000000000
3353 -1761.0000000000
3367 -1759.0000000000
3392 -1758.0000000000
3440 -1757.0000000000
3453 -1756.0000000000
3460 -1755.0000000000
3467 -1754.0000000000
3482 -1753.0000000000
3496 -1752.0000000000
3515 -1751.0000000000
3554 -1750.0000000000
3577 -1748.0000000000
3619 -1747.0000000000
3632 -1746.0000000000
3667 -1745.0000000000
3683 -1743.0000000000
3706 -1742.0000000000
3719 -1741.0000000000
3737 -1740.0000000000
3758 -1739.0000000000
3785 -1738.0000000000
3792 -1737.0000000000
3794 -1736.0000000000
3817 -1735.0000000000
3840 -1734.0000000000
3847 -1733.0000000000
3856 -1731.0000000000
3882 -1730.0000000000
3908 -1729.0000000000
3931 -1728.0000000000
3959 -1727.0000000000
3999 -1726.0000000000
4000 -1725.0000000000
4034 -1724.0000000000
4037 -1723.0000000000
4068 -1722.0000000000
4096 -1721.0000000000
4113 -1720.0000000000
4138 -1719.0000000000
4145 -1718.0000000000
4160 -1716.0000000000
4235 -1715.0000000000
4246 -1714.0000000000
4283 -1713.0000000000
4304 -1712.0000000000
4313 -1711.0000000000
4348 -1710.0000000000
4369 -1709.0000000000
4381 -1708.0000000000
4426 -1707.0000000000
4433 -1706.0000000000
4476 -1704.0000000000
4512 -1703.0000000000
4525 -1702.0000000000
4536 -1701.0000000000
4540 -1700.0000000000
4557 -1699.0000000000
4578 -1698.0000000000
4595 -1697.0000000000
4613 -1696.0000000000
4643 -1695.0000000000
4670 -1694.0000000000
4672 -1692.0000000000
4717 -1691.0000000000
4734 -1690.0000000000
4740 -1689.0000000000
4774 -1688.0000000000
4798 -1686.0000000000
4817 -1685.0000000000
4851 -1684.0000000000
4857 -1683.0000000000
4886 -1682.0000000000
4895 -1681.0000000000
4909 -1680.0000000000
4957 -1679.0000000000
4971 -1678.0000000000
4978 -1677.0000000000
5006 -1676.0000000000
5049 -1675.0000000000
5069 -1674.0000000000
5081 -1673.0000000000
5085 -1672.0000000000
5119 -1671.0000000000
5130 -1670.0000000000
5146 -1669.0000000000
5190 -1668.0000000000
5210 -1667.0000000000
5236 -1666.0000000000
5273 -1665.0000000000
5285 -1664.0000000000
5303 -1663.0000000000
5323 -1662.0000000000
5365 -1661.0000000000
5368 -1660.0000000000
5369 -1659.0000000000
5403 -1658.0000000000
5435 -1657.0000000000
5467 -1656.0000000000
5469 -1655.0000000000
5502 -1654.0000000000
5512 -1653.0000000000
5515 -1651.0000000000
5587 -1649.0000000000
5625 -1648.0000000000
5668 -1647.0000000000
5669 -1646.0000000000
5672 -1645.0000000000
5703 -1644.0000000000
5735 -1643.0000000000
5749 -1641.0000000000
5753 -1640.0000000000
5793 -1639.0000000000
5806 -1638.0000000000
5824 -1637.0000000000
5840 -1636.0000000000
5861 -1635.0000000000
5902 -1634.0000000000
5913 -1633.0000000000
5974 -1632.0000000000
6008 -1631.0000000000
6019 -1630.0000000000
6048 -1629.0000000000
6050 -1628.0000000000
6061 -1627.0000000000
6080 -1626.0000000000
6084 -1624.0000000000
6114 -1622.0000000000
6120 -1621.0000000000
6125 -1620.0000000000
6176 -1619.0000000000
6183 -1618.0000000000
6203 -1616.0000000000
6233 -1615.0000000000
6274 -1614.0000000000
6292 -1613.0000000000
6302 -1612.0000000000
6313 -1611.0000000000
6327 -1610.0000000000
6342 -1609.0000000000
6361 -1608.0000000000
6402 -1607.0000000000
6418 -1606.0000000000
6458 -1605.0000000000
6481 -1604.0000000000
6503 -1603.0000000000
6522 -1602.0000000000
6535 -1601.0000000000
6544 -1600.0000000000
6554 -1599.0000000000
6587 -1598.0000000000
6621 -1595.0000000000
6648 -1593.0000000000
6701 -1592.0000000000
6733 -1591.0000000000
6740 -1590.0000000000
6749 -1589.0000000000
6753 -1588.0000000000
6758 -1587.0000000000
6794 -1586.0000000000
6798 -1585.0000000000
6821 -1584.0000000000
6842 -1582.0000000000
6856 -1581.0000000000
6857 -1580.0000000000
6892 -1579.0000000000
6896 -1577.0000000000
6910 -1576.0000000000
6936 -1575.0000000000
6964 -1574.0000000000
6974 -1573.0000000000
6982 -1572.0000000000
7001 -1571.0000000000
7049 -1570.0000000000
7053 -1569.0000000000
7081 -1568.0000000000
7083 -1567.0000000000
7115 -1565.0000000000
7176 -1564.0000000000
7190 -1562.0000000000
7210 -1561.0000000000
7239 -1560.0000000000
7264 -1559.0000000000
7294 -1558.0000000000
7303 -1557.0000000000
7305 -1556.0000000000
7334 -1555.0000000000
7337 -1554.0000000000
7368 -1552.0000000000
7385 -1551.0000000000
7406 -1550.0000000000
7426 -1549.0000000000
7438 -1548.0000000000
7446 -1547.0000000000
7447 -1546.0000000000
7505 -1545.0000000000
7507 -1543.0000000000
7554 -1542.0000000000
7563 -1541.0000000000
7577 -1540.0000000000
7592 -1539.0000000000
7599 -1538.0000000000
7644 -1537.0000000000
7647 -1536.0000000000
7678 -1534.0000000000
7706 -1533.0000000000
7726 -1532.0000000000
7736 -1531.0000000000
7785 -1529.0000000000
7794 -1528.0000000000
7813 -1527.0000000000
7817 -1524.0000000000
7895 -1522.0000000000
7956 -1521.0000000000
7958 -1519.0000000000
7972 -1518.0000000000
7979 -1517.0000000000
8020 -1516.0000000000
8034 -1515.0000000000
8050 -1514.0000000000
8060 -1513.0000000000
8076 -1512.0000000000
8108 -1510.0000000000
8141 -1509.0000000000
8147 -1507.0000000000
8159 -1506.0000000000
8215 -1505.0000000000
8229 -1504.0000000000
8251 -1503.0000000000
8277 -1502.0000000000
8303 -1501.0000000000
8311 -1500.0000000000
8333 -1499.0000000000
8372 -1498.0000000000
8385 -1496.0000000000
8407 -1495.0000000000
8442 -1494.0000000000
8455 -1492.0000000000
8494 -1491.0000000000
8516 -1490.0000000000
8542 -1489.0000000000
8571 -1488.0000000000
8585 -1487.0000000000
8593 -1485.0000000000
8611 -1484.0000000000
8642 -1483.0000000000
8655 -1482.0000000000
8682 -1481.0000000000
8711 -1480.0000000000
8775 -1479.0000000000
8786 -1478.0000000000
8815 -1477.0000000000
8827 -1476.0000000000
8828 -1475.0000000000
8898 -1474.0000000000
8917 -1473.0000000000
8929 -1472.0000000000
8955 -1471.0000000000
9026 -1470.0000000000
9039 -1469.0000000000
9042 -1468.0000000000
9086 -1467.0000000000
9099 -1466.0000000000
9121 -1464.0000000000
9135 -1463.0000000000
9154 -1459.0000000000
9258 -1458.0000000000
9265 -1457.0000000000
9286 -1456.0000000000
9301 -1455.0000000000
9319 -1454.0000000000
9338 -1452.0000000000
9358 -1451.0000000000
9395 -1450.0000000000
9402 -1449.0000000000
9416 -1448.0000000000
9420 -1447.0000000000
9429 -1445.0000000000
9498 -1444.0000000000
9511 -1443.0000000000
9556 -1442.0000000000
9594 -1441.0000000000
9596 -1440.0000000000
9632 -1439.0000000000
9638 -1438.0000000000
9659 -1437.0000000000
9680 -1434.0000000000
9792 -1433.0000000000
9819 -1432.0000000000
9843 -1431.0000000000
9867 -1430.0000000000
9886 -1429.0000000000
9915 -1428.0000000000
9927 -1427.0000000000
9939 -1426.0000000000
9943 -1425.0000000000
9965 -1424.0000000000
9974 -1423.0000000000
10000 -1424.0000000000
evaluations raw_y
1 -1991.0000000000
3 -1978.0000000000
9 -1957.0000000000
39 -1956.0000000000
53 -1955.0000000000
100 -1954.0000000000
127 -1953.0000000000
139 -1952.0000000000
147 -1951.0000000000
154 -1950.0000000000
159 -1949.0000000000
171 -1948.0000000000
185 -1947.0000000000
212 -1946.0000000000
233 -1945.0000000000
253 -1944.0000000000
256 -1943.0000000000
289 -1942.0000000000
314 -1940.0000000000
332 -1939.0000000000
334 -1938.0000000000
339 -1937.0000000000
348 -1936.0000000000
349 -1935.0000000000
383 -1934.0000000000
385 -1932.0000000000
405 -1931.0000000000
412 -1930.0000000000
426 -1929.0000000000
443 -1927.0000000000
468 -1926.0000000000
490 -1925.0000000000
497 -1924.0000000000
510 -1923.0000000000
524 -1922.0000000000
541 -1921.0000000000
576 -1920.0000000000
603 -1917.0000000000
636 -1916.0000000000
669 -1915.0000000000
673 -1914.0000000000
678 -1913.0000000000
714 -1912.0000000000
717 -1911.0000000000
718 -1910.0000000000
721 -1909.0000000000
740 -1908.0000000000
741 -1907.0000000000
763 -1906.0000000000
778 -1905.0000000000
809 -1904.0000000000
813 -1903.0000000000
821 -1902.0000000000
831 -1901.0000000000
887 -1900.0000000000
902 -1898.0000000000
915 -1897.0000000000
926 -1896.0000000000
930 -1895.0000000000
955 -1894.0000000000
974 -1893.0000000000
998 -1892.0000000000
1017 -1891.0000000000
1043 -1890.0000000000
1058 -1889.0000000000
1082 -1888.0000000000
1089 -1887.0000000000
1106 -1886.0000000000
1109 -1884.0000000000
1155 -1883.0000000000
1171 -1882.0000000000
1174 -1881.0000000000
1196 -1879.0000000000
1235 -1878.0000000000
1251 -1877.0000000000
1253 -1876.0000000000
1265 -1875.0000000000
1268 -1874.0000000000
1284 -1873.0000000000
1314 -1871.0000000000
1363 -1870.0000000000
1366 -1869.0000000000
1380 -1868.0000000000
1428 -1867.0000000000
1459 -1866.0000000000
1463 -1865.0000000000
1486 -1864.0000000000
1497 -1863.0000000000
1524 -1862.0000000000
1557 -1860.0000000000
1564 -1859.0000000000
1588 -1857.0000000000
1626 -1854.0000000000
1631 -1853.0000000000
1634 -1852.0000000000
1667 -1851.0000000000
1673 -1850.0000000000
1709 -1849.0000000000
1727 -1848.0000000000
1748 -1847.0000000000
1756 -1845.0000000000
1782 -1843.0000000000
1834 -1842.0000000000
1880 -1841.0000000000
1901 -1840.0000000000
1914 -1839.0000000000
1930 -1838.0000000000
1933 -1837.0000000000
1965 -1835.0000000000
2016 -1834.0000000000
2020 -1833.0000000000
2036 -1832.0000000000
2078 -1831.0000000000
2109 -1830.0000000000
2121 -1829.0000000000
2122 -1828.0000000000
2132 -1827.0000000000
2137 -1826.0000000000
2158 -1825.0000000000
2193 -1824.0000000000
2200 -1823.0000000000
2201 -1822.0000000000
2237 -1821.0000000000
2261 -1820.0000000000
2290 -1819.0000000000
2293 -1818.0000000000
2320 -1817.0000000000
2330 -1816.0000000000
2347 -1815.0000000000
2365 -1813.0000000000
2391 -1812.0000000000
2412 -1811.0000000000
2414 -1810.0000000000
2425 -1809.0000000000
2446 -1808.0000000000
2478 -1807.0000000000
2498 -1806.0000000000
2504 -1805.0000000000
2506 -1804.0000000000
2533 -1803.0000000000
2550 -1802.0000000000
2576 -1801.0000000000
2578 -1800.0000000000
2609 -1799.0000000000
2614 -1798.0000000000
2632 -1797.0000000000
2657 -1796.0000000000
2701 -1795.0000000000
2723 -1794.0000000000
2730 -1793.0000000000
2746 -1791.0000000000
2749 -1790.0000000000
2761 -1788.0000000000
2802 -1787.0000000000
2815 -1786.0000000000
2817 -1785.0000000000
2832 -1784.0000000000
2834 -1783.0000000000
2857 -1782.0000000000
2864 -1781.0000000000
2892 -1780.0000000000
2912 -1779.0000000000
2931 -1778.0000000000
2942 -1777.0000000000
2949 -1776.0000000000
2978 -1774.0000000000
3017 -1773.0000000000
3037 -1772.0000000000
3050 -1771.0000000000
3066 -1770.0000000000
3089 -1769.0000000000
3091 -1768.0000000000
3118 -1767.0000000000
3143 -1766.0000000000
3181 -1765.0000000000
3209 -1764.0000000000
3222 -1763.0000000000
3244 -1762.0000000000
3261 -1761.0000000000
3272 -1760.0000000000
3299 -1759.0000000000
3308 -1758.0000000000
3322 -1757.0000000000
3348 -1756.0000000000
3361 -1753.0000000000
3369 -1752.0000000000
3382 -1751.0000000000
3416 -1750.0000000000
3423 -1749.0000000000
3433 -1748.0000000000
3442 -1747.0000000000
3482 -1745.0000000000
3523 -1744.0000000000
3544 -1743.0000000000
3556 -1742.0000000000
3568 -1741.0000000000
3569 -1740.0000000000
3611 -1739.0000000000
3616 -1738.0000000000
3656 -1737.0000000000
3666 -1736.0000000000
3694 -1735.0000000000
3726 -1734.0000000000
3733 -1733.0000000000
3762 -1731.0000000000
3782 -1730.0000000000
3792 -1729.0000000000
3797 -1728.0000000000
3826 -1727.0000000000
3841 -1726.0000000000
3858 -1725.0000000000
3895 -1724.0000000000
3924 -1723.0000000000
3941 -1721.0000000000
3975 -1720.0000000000
3992 -1719.0000000000
4022 -1718.0000000000
4030 -1716.0000000000
4056 -1715.0000000000
4093 -1714.0000000000
4097 -1713.0000000000
4130 -1712.0000000000
4154 -1711.0000000000
4170 -1708.0000000000
4205 -1707.0000000000
4211 -1706.0000000000
4214 -1704.0000000000
4233 -1703.0000000000
4253 -1702.0000000000
4276 -1701.0000000000
4294 -1700.0000000000
4300 -1699.0000000000
4341 -1698.0000000000
4360 -1697.0000000000
4388 -1696.0000000000
4403 -1695.0000000000
4407 -1694.0000000000
4424 -1693.0000000000
4429 -1692.0000000000
4447 -1691.0000000000
4457 -1690.0000000000
4477 -1689.0000000000
4515 -1688.0000000000
4531 -1687.0000000000
4541 -1686.0000000000
4555 -1685.0000000000
4575 -1683.0000000000
4611 -1682.0000000000
4614 -1681.0000000000
4647 -1680.0000000000
4654 -1679.0000000000
4668 -1677.0000000000
4701 -1676.0000000000
4733 -1675.0000000000
4747 -1674.0000000000
4784 -1673.0000000000
4793 -1672.0000000000
4811 -1671.0000000000
4853 -1670.0000000000
4864 -1669.0000000000
4897 -1668.0000000000
4910 -1667.0000000000
4914 -1666.0000000000
4922 -1665.0000000000
4951 -1664.0000000000
4960 -1663.0000000000
4984 -1662.0000000000
5000 -1661.0000000000
5006 -1660.0000000000
5035 -1659.0000000000
5060 -1658.0000000000
5070 -1656.0000000000
5085 -1655.0000000000
5107 -1654.0000000000
5109 -1653.0000000000
5126 -1652.0000000000
5140 -1651.0000000000
5148 -1650.0000000000
5172 -1649.0000000000
5211 -1648.0000000000
5238 -1647.0000000000
5247 -1646.0000000000
5285 -1645.0000000000
5299 -1644.0000000000
5304 -1643.0000000000
5309 -1642.0000000000
5334 -1641.0000000000
5358 -1640.0000000000
5375 -1639.0000000000
5390 -1637.0000000000
5448 -1636.0000000000
5456 -1635.0000000000
5471 -1634.0000000000
5507 -1633.0000000000
5539 -1632.0000000000
5556 -1631.0000000000
5580 -1630.0000000000
5591 -1629.0000000000
5606 -1628.0000000000
5613 -1627.0000000000
5627 -1626.0000000000
5646 -1625.0000000000
5653 -1624.0000000000
5707 -1623.0000000000
5725 -1622.0000000000
5726 -1621.0000000000
5756 -1620.0000000000
5764 -1619.0000000000
5778 -1618.0000000000
5803 -1617.0000000000
5830 -1616.0000000000
5838 -1615.0000000000
5843 -1614.0000000000
5869 -1613.0000000000
5873 -1612.0000000000
5891 -1611.0000000000
5916 -1610.0000000000
5919 -1609.0000000000
5944 -1608.0000000000
5971 -1607.0000000000
5989 -1606.0000000000
6016 -1605.0000000000
6024 -1604.0000000000
6043 -1603.0000000000
6054 -1602.0000000000
6070 -1601.0000000000
6079 -1600.0000000000
6090 -1599.0000000000
6119 -1598.0000000000
6143 -1597.0000000000
6158 -1596.0000000000
6167 -1595.0000000000
6183 -1594.0000000000
6200 -1593.0000000000
6204 -1592.0000000000
6227 -1591.0000000000
6231 -1590.0000000000
6271 -1589.0000000000
6276 -1588.0000000000
6302 -1587.0000000000
6323 -1586.0000000000
6344 -1585.0000000000
6353 -1584.0000000000
6367 -1583.0000000000
6399 -1582.0000000000
6411 -1581.0000000000
6422 -1580.0000000000
6440 -1579.0000000000
6468 -1577.0000000000
6489 -1576.0000000000
6493 -1575.0000000000
6500 -1573.0000000000
6552 -1572.0000000000
6609 -1571.0000000000
6616 -1570.0000000000
6638 -1569.0000000000
6671 -1567.0000000000
6704 -1565.0000000000
6725 -1564.0000000000
6764 -1563.0000000000
6774 -1562.0000000000
6794 -1561.0000000000
6814 -1560.0000000000
6850 -1559.0000000000
6859 -1558.0000000000
6861 -1557.0000000000
6890 -1555.0000000000
6897 -1554.0000000000
6902 -1553.0000000000
6938 -1552.0000000000
6949 -1550.0000000000
6950 -1549.0000000000
6976 -1548.0000000000
7041 -1547.0000000000
7078 -1545.0000000000
7105 -1544.0000000000
7139 -1543.0000000000
7156 -1542.0000000000
7210 -1541.0000000000
7219 -1540.0000000000
7259 -1539.0000000000
7285 -1538.0000000000
7302 -1537.0000000000
7347 -1536.0000000000
7370 -1535.0000000000
7401 -1534.0000000000
7411 -1533.0000000000
7421 -1532.0000000000
7440 -1531.0000000000
7464 -1530.0000000000
7478 -1529.0000000000
7520 -1528.0000000000
7551 -1526.0000000000
7575 -1525.0000000000
7598 -1523.0000000000
7644 -1522.0000000000
7660 -1521.0000000000
7675 -1520.0000000000
7711 -1518.0000000000
7780 -1516.0000000000
7796 -1515.0000000000
7805 -1514.0000000000
7819 -1513.0000000000
7843 -1511.0000000000
7861 -1510.0000000000
7871 -1509.0000000000
7903 -1508.0000000000
7945 -1507.0000000000
7950 -1506.0000000000
8014 -1505.0000000000
8021 -1504.0000000000
8044 -1503.0000000000
8089 -1502.0000000000
8139 -1500.0000000000
8176 -1499.0000000000
8208 -1498.0000000000
8225 -1497.0000000000
8257 -1496.0000000000
8281 -1495.0000000000
8315 -1493.0000000000
8339 -1492.0000000000
8350 -1491.0000000000
8362 -1489.0000000000
8383 -1487.0000000000
8488 -1485.0000000000
8516 -1484.0000000000
8532 -1483.0000000000
8559 -1482.0000000000
8567 -1481.0000000000
8600 -1480.0000000000
8608 -1478.0000000000
8639 -1477.0000000000
8642 -1476.0000000000
8655 -1474.0000000000
8703 -1473.0000000000
8709 -1471.0000000000
8773 -1470.0000000000
8792 -1469.0000000000
8801 -1468.0000000000
8823 -1467.0000000000
8858 -1466.0000000000
8896 -1465.0000000000
8902 -1464.0000000000
8918 -1463.0000000000
8926 -1462.0000000000
8962 -1460.0000000000
8987 -1458.0000000000
9024 -1457.0000000000
9027 -1456.0000000000
9039 -1455.0000000000
9092 -1454.0000000000
9098 -1453.0000000000
9129 -1452.0000000000
9167 -1451.0000000000
9207 -1450.0000000000
9226 -1449.0000000000
9263 -1448.0000000000
9275 -1447.0000000000
9281 -1446.0000000000
9287 -1444.0000000000
9329 -1442.0000000000
9355 -1441.0000000000
9389 -1440.0000000000
9412 -1439.0000000000
9439 -1438.0000000000
9440 -1437.0000000000
9453 -1436.0000000000
9470 -1435.0000000000
9500 -1434.0000000000
9510 -1433.0000000000
9545 -1432.0000000000
9565 -1431.0000000000
9578 -1430.0000000000
9593 -1429.0000000000
9633 -1428.0000000000
9666 -1427.0000000000
9680 -1426.0000000000
9716 -1423.0000000000
9751 -1422.0000000000
9755 -1421.0000000000
9764 -1419.0000000000
9787 -1418.0000000000
9835 -1417.0000000000
9877 -1416.0000000000
9900 -1415.0000000000
9922 -1414.0000000000
9970 -1413.0000000000
9977 -1412.0000000000
9996 -1411.0000000000
10000 -1412.0000000000
evaluations raw_y
1 -1995.0000000000
2 -1990.0000000000
4 -1984.0000000000
5 -1983.0000000000
7 -1947.0000000000
15 -1928.0000000000
49 -1927.0000000000
62 -1926.0000000000
95 -1925.0000000000
96 -1923.0000000000
123 -1921.0000000000
136 -1920.0000000000
158 -1919.0000000000
165 -1918.0000000000
187 -1917.0000000000
190 -1916.0000000000
200 -1915.0000000000
210 -1914.0000000000
218 -1913.0000000000
227 -1912.0000000000
245 -1910.0000000000
290 -1908.0000000000
301 -1907.0000000000
303 -1906.0000000000
361 -1905.0000000000
369 -1904.0000000000
401 -1903.0000000000
414 -1902.0000000000
419 -1901.0000000000
421 -1900.0000000000
464 -1899.0000000000
475 -1898.0000000000
489 -1897.0000000000
502 -1896.0000000000
507 -1895.0000000000
532 -1894.0000000000
537 -1893.0000000000
555 -1892.0000000000
600 -1890.0000000000
604 -1889.0000000000
648 -1888.0000000000
665 -1887.0000000000
693 -1886.0000000000
711 -1885.0000000000
746 -1884.0000000000
773 -1882.0000000000
789 -1881.0000000000
814 -1880.0000000000
834 -1879.0000000000
837 -1878.0000000000
876 -1877.0000000000
890 -1876.0000000000
931 -1873.0000000000
946 -1872.0000000000
961 -1871.0000000000
972 -1870.0000000000
991 -1869.0000000000
1010 -1868.0000000000
1025 -1867.0000000000
1045 -1864.0000000000
1065 -1863.0000000000
1067 -1862.0000000000
1096 -1861.0000000000
1106 -1860.0000000000
1120 -1859.0000000000
1130 -1858.0000000000
1159 -1857.0000000000
1163 -1856.0000000000
1189 -1854.0000000000
1209 -1853.0000000000
1232 -1852.0000000000
1269 -1851.0000000000
1275 -1849.0000000000
1325 -1848.0000000000
1332 -1847.0000000000
1364 -1846.0000000000
1379 -1844.0000000000
1387 -1842.0000000000
1429 -1841.0000000000
1445 -1840.0000000000
1449 -1839.0000000000
1467 -1838.0000000000
1473 -1837.0000000000
1486 -1836.0000000000
1521 -1835.0000000000
1534 -1834.0000000000
1535 -1833.0000000000
1562 -1832.0000000000
1584 -1831.0000000000
1597 -1830.0000000000
1605 -1829.0000000000
1627 -1828.0000000000
1638 -1827.0000000000
1644 -1826.0000000000
1664 -1825.0000000000
1699 -1824.0000000000
1729 -1822.0000000000
1761 -1821.0000000000
1775 -1820.0000000000
1814 -1819.0000000000
1842 -1818.0000000000
1856 -1817.0000000000
1871 -1816.0000000000
1895 -1815.0000000000
1911 -1814.0000000000
1931 -1813.0000000000
1943 -1812.0000000000
1956 -1811.0000000000
1985 -1810.0000000000
2023 -1809.0000000000
2027 -1807.0000000000
2040 -1806.0000000000
2062 -1805.0000000000
2077 -1804.0000000000
2103 -1802.0000000000
2118 -1801.0000000000
2147 -1800.0000000000
2173 -1799.0000000000
2196 -1798.0000000000
2208 -1797.0000000000
2226 -1796.0000000000
2229 -1795.0000000000
2232 -1794.0000000000
2241 -1793.0000000000
2247 -1792.0000000000
2255 -1788.0000000000
2273 -1787.0000000000
2280 -1786.0000000000
2302 -1785.0000000000
2326 -1783.0000000000
2398 -1782.0000000000
2402 -1781.0000000000
2422 -1780.0000000000
2423 -1779.0000000000
2454 -1778.0000000000
2464 -1777.0000000000
2465 -1776.0000000000
2475 -1775.0000000000
2483 -1774.0000000000
2496 -1773.0000000000
2524 -1772.0000000000
2573 -1771.0000000000
2591 -1769.0000000000
2592 -1768.0000000000
2639 -1767.0000000000
2643 -1766.0000000000
2657 -1765.0000000000
2681 -1764.0000000000
2708 -1762.0000000000
2726 -1759.0000000000
2751 -1758.0000000000
2756 -1755.0000000000
2779 -1754.0000000000
2801 -1753.0000000000
2832 -1752.0000000000
2865 -1750.0000000000
2895 -1749.0000000000
2909 -1748.0000000000
2926 -1747.0000000000
2975 -1746.0000000000
2995 -1745.0000000000
3014 -1744.0000000000
3015 -1743.0000000000
3051 -1742.0000000000
3076 -1741.0000000000
3111 -1738.0000000000
3139 -1737.0000000000
3164 -1736.0000000000
3202 -1735.0000000000
3213 -1734.0000000000
3228 -1733.0000000000
3251 -1732.0000000000
3272 -1731.0000000000
3279 -1730.0000000000
3289 -1729.0000000000
3333 -1728.0000000000
3359 -1727.0000000000
3377 -1726.0000000000
3385 -1725.0000000000
3404 -1724.0000000000
3410 -1723.0000000000
3414 -1721.0000000000
3437 -1719.0000000000
3474 -1718.0000000000
3487 -1717.0000000000
3509 -1716.0000000000
3526 -1715.0000000000
3555 -1714.0000000000
3561 -1713.0000000000
3589 -1711.0000000000
3590 -1710.0000000000
3603 -1709.0000000000
3625 -1707.0000000000
3678 -1705.0000000000
3682 -1703.0000000000
3730 -1702.0000000000
3738 -1701.0000000000
3745 -1700.0000000000
3749 -1699.0000000000
3802 -1698.0000000000
3844 -1696.0000000000
3845 -1695.0000000000
3853 -1694.0000000000
3887 -1693.0000000000
3918 -1691.0000000000
3952 -1690.0000000000
3961 -1689.0000000000
3978 -1688.0000000000
3994 -1687.0000000000
3997 -1686.0000000000
4018 -1685.0000000000
4030 -1684.0000000000
4048 -1683.0000000000
4051 -1682.0000000000
4101 -1681.0000000000
4110 -1680.0000000000
4127 -1678.0000000000
4145 -1677.0000000000
4165 -1676.0000000000
4169 -1675.0000000000
4197 -1674.0000000000
4239 -1673.0000000000
4241 -1672.0000000000
4250 -1671.0000000000
4287 -1670.0000000000
4297 -1668.0000000000
4358 -1667.0000000000
4359 -1666.0000000000
4378 -1665.0000000000
4388 -1664.0000000000
4409 -1663.0000000000
4424 -1662.0000000000
4432 -1661.0000000000
4466 -1660.0000000000
4491 -1659.0000000000
4506 -1658.0000000000
4522 -1657.0000000000
4559 -1656.0000000000
4576 -1655.0000000000
4582 -1654.0000000000
4607 -1652.0000000000
4653 -1651.0000000000
4701 -1650.0000000000
4705 -1648.0000000000
4748 -1647.0000000000
4763 -1646.0000000000
4764 -1645.0000000000
4776 -1643.0000000000
4806 -1642.0000000000
4807 -1641.0000000000
4837 -1640.0000000000
4842 -1639.0000000000
4854 -1638.0000000000
4871 -1637.0000000000
4902 -1635.0000000000
4952 -1634.0000000000
4964 -1633.0000000000
4965 -1632.0000000000
4983 -1631.0000000000
5034 -1630.0000000000
5064 -1629.0000000000
5087 -1628.0000000000
5103 -1627.0000000000
5119 -1626.0000000000
5130 -1625.0000000000
5165 -1624.0000000000
5173 -1623.0000000000
5188 -1621.0000000000
5191 -1619.0000000000
5234 -1618.0000000000
5265 -1617.0000000000
5299 -1616.0000000000
5340 -1615.0000000000
5346 -1614.0000000000
5359 -1612.0000000000
5364 -1610.0000000000
5369 -1609.0000000000
5428 -1608.0000000000
5452 -1607.0000000000
5475 -1606.0000000000
5505 -1604.0000000000
5560 -1603.0000000000
5568 -1602.0000000000
5604 -1601.0000000000
5613 -1600.0000000000
5629 -1599.0000000000
5638 -1598.0000000000
5663 -1597.0000000000
5689 -1596.0000000000
5709 -1595.0000000000
5711 -1594.0000000000
5748 -1593.0000000000
5780 -1592.0000000000
5781 -1590.0000000000
5829 -1589.0000000000
5858 -1588.0000000000
5870 -1587.0000000000
5886 -1586.0000000000
5889 -1584.0000000000
5905 -1583.0000000000
5911 -1582.0000000000
5939 -1581.0000000000
5968 -1579.0000000000
6031 -1578.0000000000
6043 -1577.0000000000
6059 -1576.0000000000
6075 -1575.0000000000
6092 -1574.0000000000
6096 -1573.0000000000
6102 -1572.0000000000
6136 -1571.0000000000
6192 -1570.0000000000
6195 -1569.0000000000
6232 -1568.0000000000
6250 -1567.0000000000
6265 -1566.0000000000
6294 -1565.0000000000
6313 -1564.0000000000
6317 -1563.0000000000
6354 -1562.0000000000
6382 -1561.0000000000
6397 -1560.0000000000
6407 -1559.0000000000
6436 -1557.0000000000
6444 -1553.0000000000
6447 -1552.0000000000
6458 -1551.0000000000
6460 -1550.0000000000
6484 -1547.0000000000
6504 -1546.0000000000
6528 -1544.0000000000
6531 -1543.0000000000
6538 -1542.0000000000
6583 -1541.0000000000
6599 -1539.0000000000
6620 -1538.0000000000
6643 -1537.0000000000
6647 -1536.0000000000
6674 -1534.0000000000
6720 -1533.0000000000
6734 -1532.0000000000
6764 -1531.0000000000
6771 -1530.0000000000
6796 -1529.0000000000
6812 -1528.0000000000
6853 -1527.0000000000
6894 -1525.0000000000
6926 -1524.0000000000
6948 -1523.0000000000
6965 -1522.0000000000
6971 -1521.0000000000
6998 -1520.0000000000
7004 -1519.0000000000
7040 -1518.0000000000
7078 -1517.0000000000
7094 -1516.0000000000
7104 -1515.0000000000
7107 -1514.0000000000
7154 -1512.0000000000
7189 -1511.0000000000
7214 -1510.0000000000
7237 -1509.0000000000
7246 -1508.0000000000
7266 -1507.0000000000
7291 -1506.0000000000
7301 -1505.0000000000
7305 -1504.0000000000
7346 -1503.0000000000
7380 -1501.0000000000
7432 -1500.0000000000
7454 -1499.0000000000
7462 -1498.0000000000
7484 -1497.0000000000
7501 -1496.0000000000
7514 -1495.0000000000
7542 -1494.0000000000
7549 -1493.0000000000
7553 -1492.0000000000
7583 -1491.0000000000
7619 -1490.0000000000
7649 -1488.0000000000
7660 -1487.0000000000
7661 -1486.0000000000
7666 -1485.0000000000
7698 -1484.0000000000
7730 -1483.0000000000
7742 -1482.0000000000
7752 -1481.0000000000
7768 -1479.0000000000
7783 -1478.0000000000
7802 -1477.0000000000
7877 -1476.0000000000
7902 -1475.0000000000
7927 -1474.0000000000
7945 -1473.0000000000
7963 -1472.0000000000
7985 -1471.0000000000
7992 -1470.0000000000
8022 -1469.0000000000
8063 -1468.0000000000
8084 -1467.0000000000
8121 -1466.0000000000
8138 -1465.0000000000
8143 -1464.0000000000
8218 -1463.0000000000
8233 -1462.0000000000
8250 -1461.0000000000
8273 -1460.0000000000
8314 -1459.0000000000
8329 -1457.0000000000
8374 -1456.0000000000
8395 -1455.0000000000
8414 -1454.0000000000
8440 -1453.0000000000
8463 -1452.0000000000
8482 -1451.0000000000
8509 -1450.0000000000
8549 -1449.0000000000
8559 -1448.0000000000
8599 -1447.0000000000
8600 -1446.0000000000
8640 -1444.0000000000
8654 -1442.0000000000
8711 -1441.0000000000
8783 -1440.0000000000
8790 -1439.0000000000
8804 -1438.0000000000
8809 -1437.0000000000
8816 -1436.0000000000
8874 -1435.0000000000
8896 -1434.0000000000
8927 -1433.0000000000
8928 -1431.0000000000
8957 -1430.0000000000
8966 -1429.0000000000
8998 -1428.0000000000
8999 -1427.0000000000
9030 -1426.0000000000
9038 -1425.0000000000
9055 -1424.0000000000
9072 -1423.0000000000
9092 -1422.0000000000
9142 -1421.0000000000
9154 -1420.0000000000
9168 -1419.0000000000
9198 -1418.0000000000
9219 -1417.0000000000
9230 -1416.0000000000
9260 -1414.0000000000
9263 -1413.0000000000
9300 -1412.0000000000
9323 -1411.0000000000
9351 -1410.0000000000
9358 -1409.0000000000
9369 -1408.0000000000
9394 -1407.0000000000
9412 -1406.0000000000
9435 -1405.0000000000
9462 -1404.0000000000
9470 -1403.0000000000
9496 -1402.0000000000
9509 -1401.0000000000
9532 -1400.0000000000
9558 -1398.0000000000
9601 -1397.0000000000
9612 -1396.0000000000
9643 -1395.0000000000
9684 -1394.0000000000
9705 -1393.0000000000
9748 -1392.0000000000
9770 -1390.0000000000
9791 -1389.0000000000
9829 -1388.0000000000
9842 -1387.0000000000
9862 -1386.0000000000
9930 -1385.0000000000
9958 -1384.0000000000
9998 -1383.0000000000
10000 -1385.0000000000
evaluations raw_y
1 -2056.0000000000
2 -2019.0000000000
3 -2013.0000000000
5 -1990.0000000000
7 -1981.0000000000
16 -1978.0000000000
18 -1948.0000000000
64 -1947.0000000000
97 -1945.0000000000
109 -1943.0000000000
153 -1942.0000000000
162 -1941.0000000000
190 -1940.0000000000
200 -1939.0000000000
218 -1938.0000000000
238 -1937.0000000000
255 -1936.0000000000
260 -1935.0000000000
301 -1934.0000000000
313 -1933.0000000000
341 -1932.0000000000
371 -1931.0000000000
386 -1930.0000000000
403 -1929.0000000000
414 -1928.0000000000
421 -1927.0000000000
443 -1926.0000000000
455 -1925.0000000000
458 -1924.0000000000
496 -1923.0000000000
502 -1922.0000000000
511 -1921.0000000000
550 -1920.0000000000
554 -1919.0000000000
568 -1918.0000000000
582 -1917.0000000000
589 -1916.0000000000
611 -1915.0000000000
656 -1914.0000000000
662 -1913.0000000000
664 -1912.0000000000
675 -1910.0000000000
684 -1909.0000000000
717 -1908.0000000000
721 -1906.0000000000
757 -1905.0000000000
810 -1903.0000000000
844 -1900.0000000000
894 -1897.0000000000
902 -1896.0000000000
903 -1893.0000000000
944 -1892.0000000000
953 -1891.0000000000
993 -1890.0000000000
1001 -1889.0000000000
1008 -1888.0000000000
1015 -1887.0000000000
1035 -1886.0000000000
1067 -1885.0000000000
1077 -1883.0000000000
1103 -1882.0000000000
1115 -1881.0000000000
1116 -1880.0000000000
1129 -1879.0000000000
1145 -1878.0000000000
1148 -1877.0000000000
1161 -1876.0000000000
1172 -1875.0000000000
1180 -1874.0000000000
1208 -1873.0000000000
1235 -1871.0000000000
1261 -1870.0000000000
1281 -1869.0000000000
1293 -1868.0000000000
1298 -1867.0000000000
1345 -1866.0000000000
1352 -1865.0000000000
1372 -1864.0000000000
1400 -1863.0000000000
1412 -1862.0000000000
1440 -1861.0000000000
1451 -1860.0000000000
1467 -1859.0000000000
1488 -1857.0000000000
1528 -1856.0000000000
1551 -1855.0000000000
1583 -1854.0000000000
1602 -1853.0000000000
1633 -1852.0000000000
1641 -1851.0000000000
1682 -1849.0000000000
1705 -1848.0000000000
1739 -1847.0000000000
1763 -1845.0000000000
1809 -1844.0000000000
1810 -1843.0000000000
1836 -1842.0000000000
1837 -1840.0000000000
1848 -1839.0000000000
1860 -1838.0000000000
1896 -1837.0000000000
1912 -1836.0000000000
1918 -1835.0000000000
1940 -1834.0000000000
1947 -1833.0000000000
1953 -1832.0000000000
1962 -1831.0000000000
1980 -1830.0000000000
2011 -1829.0000000000
2016 -1828.0000000000
2030 -1827.0000000000
2056 -1826.0000000000
2075 -1825.0000000000
2098 -1824.0000000000
2102 -1823.0000000000
2107 -1822.0000000000
2113 -1821.0000000000
2151 -1820.0000000000
2163 -1819.0000000000
2176 -1818.0000000000
2183 -1817.0000000000
2187 -1816.0000000000
2224 -1815.0000000000
2263 -1814.0000000000
2269 -1813.0000000000
2280 -1812.0000000000
2284 -1811.0000000000
2321 -1810.0000000000
2335 -1809.0000000000
2351 -1808.0000000000
2373 -1807.0000000000
2392 -1806.0000000000
2402 -1805.0000000000
2433 -1804.0000000000
2439 -1803.0000000000
2444 -1801.0000000000
2473 -1800.0000000000
2507 -1799.0000000000
2537 -1798.0000000000
2543 -1797.0000000000
2546 -1796.0000000000
2585 -1795.0000000000
2596 -1794.0000000000
2607 -1793.0000000000
2625 -1791.0000000000
2677 -1790.0000000000
2696 -1789.0000000000
2697 -1788.0000000000
2722 -1787.0000000000
2727 -1786.0000000000
2762 -1785.0000000000
2788 -1784.0000000000
2824 -1783.0000000000
2847 -1782.0000000000
2852 -1781.0000000000
2853 -1780.0000000000
2891 -1779.0000000000
2909 -1778.0000000000
2934 -1777.0000000000
2946 -1776.0000000000
2960 -1775.0000000000
2988 -1774.0000000000
2998 -1773.0000000000
3016 -1772.0000000000
3030 -1771.0000000000
3049 -1770.0000000000
3058 -1768.0000000000
3098 -1767.0000000000
3115 -1766.0000000000
3134 -1765.0000000000
3138 -1763.0000000000
3156 -1762.0000000000
3163 -1761.0000000000
3211 -1760.0000000000
3229 -1759.0000000000
3235 -1758.0000000000
3244 -1757.0000000000
3273 -1755.0000000000
3277 -1754.0000000000
3295 -1753.0000000000
3319 -1752.0000000000
3337 -1751.0000000000
3351 -1750.0000000000
3358 -1748.0000000000
3392 -1746.0000000000
3395 -1745.0000000000
3416 -1744.0000000000
3429 -1743.0000000000
3461 -1741.0000000000
3464 -1740.0000000000
3521 -1739.0000000000
3536 -1738.0000000000
3563 -1737.0000000000
3581 -1736.0000000000
3583 -1735.0000000000
3587 -1734.0000000000
3604 -1733.0000000000
3610 -1732.0000000000
3636 -1731.0000000000
3641 -1730.0000000000
3676 -1729.0000000000
3686 -1728.0000000000
3709 -1727.0000000000
3727 -1726.0000000000
3729 -1725.0000000000
3771 -1724.0000000000
3794 -1723.0000000000
3817 -1722.0000000000
3851 -1721.0000000000
3882 -1720.0000000000
3893 -1719.0000000000
3899 -1718.0000000000
3909 -1716.0000000000
3922 -1715.0000000000
3927 -1714.0000000000
3958 -1713.0000000000
3988 -1712.0000000000
4010 -1711.0000000000
4025 -1709.0000000000
4026 -1708.0000000000
4063 -1707.0000000000
4080 -1705.0000000000
4096 -1703.0000000000
4119 -1702.0000000000
4126 -1701.0000000000
4162 -1700.0000000000
4166 -1699.0000000000
4178 -1698.0000000000
4197 -1697.0000000000
4209 -1696.0000000000
4236 -1694.0000000000
4252 -1693.0000000000
4264 -1692.0000000000
4298 -1691.0000000000
4327 -1690.0000000000
4349 -1689.0000000000
4360 -1686.0000000000
4396 -1685.0000000000
4410 -1684.0000000000
4423 -1683.0000000000
4434 -1682.0000000000
4453 -1681.0000000000
4478 -1680.0000000000
4519 -1679.0000000000
4529 -1678.0000000000
4552 -1677.0000000000
4571 -1676.0000000000
4593 -1675.0000000000
4614 -1673.0000000000
4669 -1672.0000000000
4675 -1671.0000000000
4690 -1670.0000000000
4705 -1669.0000000000
4706 -1667.0000000000
4732 -1665.0000000000
4759 -1664.0000000000
4777 -1663.0000000000
4785 -1662.0000000000
4799 -1661.0000000000
4823 -1660.0000000000
4853 -1659.0000000000
4877 -1658.0000000000
4886 -1657.0000000000
4908 -1656.0000000000
4937 -1654.0000000000
4960 -1652.0000000000
5030 -1651.0000000000
5039 -1650.0000000000
5065 -1649.0000000000
5095 -1648.0000000000
5126 -1647.0000000000
5137 -1646.0000000000
5144 -1645.0000000000
5149 -1643.0000000000
5172 -1642.0000000000
5189 -1641.0000000000
5220 -1640.0000000000
5262 -1639.0000000000
5271 -1638.0000000000
5283 -1637.0000000000
5288 -1636.0000000000
5338 -1634.0000000000
5352 -1633.0000000000
5357 -1632.0000000000
5382 -1631.0000000000
5388 -1630.0000000000
5395 -1628.0000000000
5472 -1627.0000000000
5487 -1626.0000000000
5498 -1625.0000000000
5530 -1624.0000000000
5550 -1623.0000000000
5573 -1622.0000000000
5580 -1621.0000000000
5594 -1620.0000000000
5605 -1619.0000000000
5625 -1618.0000000000
5654 -1617.0000000000
5679 -1616.0000000000
5699 -1615.0000000000
5739 -1614.0000000000
5741 -1613.0000000000
5743 -1611.0000000000
5750 -1610.0000000000
5767 -1609.0000000000
5804 -1608.0000000000
5807 -1607.0000000000
5814 -1606.0000000000
5855 -1605.0000000000
5875 -1604.0000000000
5885 -1603.0000000000
5899 -1602.0000000000
5906 -1600.0000000000
5911 -1599.0000000000
5943 -1598.0000000000
5959 -1597.0000000000
5981 -1596.0000000000
5996 -1595.0000000000
6036 -1594.0000000000
6047 -1593.0000000000
6088 -1592.0000000000
6101 -1591.0000000000
6127 -1590.0000000000
6151 -1589.0000000000
6154 -1588.0000000000
6200 -1586.0000000000
6229 -1585.0000000000
6245 -1584.0000000000
6250 -1583.0000000000
6265 -1582.0000000000
6292 -1581.0000000000
6327 -1580.0000000000
6337 -1579.0000000000
6343 -1577.0000000000
6401 -1575.0000000000
6431 -1573.0000000000
6439 -1572.0000000000
6476 -1571.0000000000
6515 -1569.0000000000
6543 -1568.0000000000
6553 -1567.0000000000
6579 -1566.0000000000
6611 -1565.0000000000
6632 -1561.0000000000
6645 -1560.0000000000
6687 -1559.0000000000
6707 -1558.0000000000
6719 -1557.0000000000
6742 -1556.0000000000
6766 -1555.0000000000
6780 -1554.0000000000
6791 -1553.0000000000
6811 -1552.0000000000
6851 -1551.0000000000
6852 -1550.0000000000
6866 -1549.0000000000
6879 -1548.0000000000
6902 -1547.0000000000
6916 -1546.0000000000
6917 -1545.0000000000
6945 -1544.0000000000
7011 -1542.0000000000
7060 -1541.0000000000
7086 -1540.0000000000
7112 -1539.0000000000
7159 -1538.0000000000
7171 -1537.0000000000
7174 -1536.0000000000
7175 -1534.0000000000
7225 -1533.0000000000
7232 -1532.0000000000
7247 -1531.0000000000
7264 -1530.0000000000
7271 -1529.0000000000
7307 -1528.0000000000
7346 -1527.0000000000
7383 -1526.0000000000
7388 -1525.0000000000
7416 -1524.0000000000
7434 -1523.0000000000
7459 -1522.0000000000
7486 -1521.0000000000
7504 -1520.0000000000
7505 -1519.0000000000
7519 -1518.0000000000
7563 -1517.0000000000
7575 -1516.0000000000
7608 -1514.0000000000
7617 -1513.0000000000
7641 -1512.0000000000
7667 -1511.0000000000
7697 -1510.0000000000
7716 -1509.0000000000
7735 -1508.0000000000
7757 -1507.0000000000
7779 -1506.0000000000
7802 -1505.0000000000
7810 -1504.0000000000
7853 -1503.0000000000
7881 -1502.0000000000
7909 -1501.0000000000
7983 -1500.0000000000
7993 -1499.0000000000
8005 -1498.0000000000
8045 -1497.0000000000
8047 -1496.0000000000
8066 -1495.0000000000
8104 -1494.0000000000
8119 -1493.0000000000
8134 -1492.0000000000
8144 -1491.0000000000
8167 -1490.0000000000
8193 -1489.0000000000
8197 -1488.0000000000
8239 -1487.0000000000
8266 -1486.0000000000
8303 -1485.0000000000
8308 -1484.0000000000
8348 -1483.0000000000
8359 -1482.0000000000
8366 -1481.0000000000
8398 -1480.0000000000
8428 -1479.0000000000
8453 -1478.0000000000
8495 -1477.0000000000
8520 -1476.0000000000
8543 -1475.0000000000
8584 -1474.0000000000
8609 -1473.0000000000
8642 -1472.0000000000
8666 -1471.0000000000
8669 -1470.0000000000
8684 -1469.0000000000
8700 -1468.0000000000
8703 -1467.0000000000
8712 -1466.0000000000
8723 -1465.0000000000
8749 -1464.0000000000
8766 -1463.0000000000
8776 -1462.0000000000
8781 -1461.0000000000
8812 -1460.0000000000
8862 -1459.0000000000
8893 -1458.0000000000
8928 -1457.0000000000
8933 -1456.0000000000
8975 -1455.0000000000
8995 -1454.0000000000
9001 -1453.0000000000
9019 -1452.0000000000
9041 -1451.0000000000
9055 -1450.0000000000
9058 -1449.0000000000
9084 -1448.0000000000
9095 -1446.0000000000
9103 -1445.0000000000
9143 -1444.0000000000
9168 -1443.0000000000
9191 -1442.0000000000
9197 -1441.0000000000
9240 -1440.0000000000
9258 -1439.0000000000
9260 -1438.0000000000
9285 -1437.0000000000
9312 -1436.0000000000
9322 -1435.0000000000
9348 -1433.0000000000
9376 -1432.0000000000
9380 -1431.0000000000
9402 -1430.0000000000
9407 -1429.0000000000
9463 -1428.0000000000
9496 -1426.0000000000
9538 -1425.0000000000
9576 -1424.0000000000
9597 -1423.0000000000
9634 -1422.0000000000
9639 -1421.0000000000
9696 -1420.0000000000
9707 -1419.0000000000
9729 -1418.0000000000
9756 -1417.0000000000
9775 -1415.0000000000
9831 -1414.0000000000
9845 -1413.0000000000
9866 -1412.0000000000
9879 -1411.0000000000
9915 -1409.0000000000
9934 -1408.0000000000
9948 -1407.0000000000
9985 -1406.0000000000
10000 -1407.0000000000
evaluations raw_y
1 -2020.0000000000
2 -1984.0000000000
3 -1974.0000000000
5 -1964.0000000000
15 -1933.0000000000
96 -1932.0000000000
181 -1931.0000000000
207 -1930.0000000000
225 -1929.0000000000
331 -1928.0000000000
333 -1926.0000000000
447 -1925.0000000000
449 -1923.0000000000
488 -1921.0000000000
571 -1918.0000000000
582 -1917.0000000000
663 -1916.0000000000
732 -1915.0000000000
760 -1914.0000000000
838 -1912.0000000000
863 -1911.0000000000
866 -1910.0000000000
944 -1909.0000000000
960 -1908.0000000000
1018 -1907.0000000000
1046 -1906.0000000000
1087 -1905.0000000000
1093 -1904.0000000000
1161 -1903.0000000000
1206 -1902.0000000000
1211 -1901.0000000000
1234 -1900.0000000000
1236 -1899.0000000000
1311 -1898.0000000000
1336 -1897.0000000000
1372 -1894.0000000000
1408 -1892.0000000000
1475 -1891.0000000000
1481 -1888.0000000000
1489 -1887.0000000000
1503 -1885.0000000000
1513 -1884.0000000000
1550 -1883.0000000000
1689 -1881.0000000000
1737 -1879.0000000000
1747 -1878.0000000000
1798 -1877.0000000000
1815 -1875.0000000000
1914 -1874.0000000000
1921 -1873.0000000000
1944 -1872.0000000000
1990 -1871.0000000000
2110 -1870.0000000000
2117 -1869.0000000000
2156 -1868.0000000000
2173 -1867.0000000000
2254 -1866.0000000000
2277 -1865.0000000000
2328 -1864.0000000000
2387 -1862.0000000000
2491 -1861.0000000000
2496 -1860.0000000000
2545 -1859.0000000000
2573 -1858.0000000000
2609 -1856.0000000000
2639 -1855.0000000000
2714 -1854.0000000000
2734 -1852.0000000000
2758 -1851.0000000000
2839 -1850.0000000000
2854 -1849.0000000000
2895 -1848.0000000000
2941 -1847.0000000000
2978 -1846.0000000000
2996 -1845.0000000000
3061 -1844.0000000000
3126 -1843.0000000000
3152 -1841.0000000000
3159 -1840.0000000000
3222 -1838.0000000000
3237 -1837.0000000000
3293 -1836.0000000000
3324 -1835.0000000000
3338 -1834.0000000000
3426 -1833.0000000000
3485 -1832.0000000000
3490 -1831.0000000000
3575 -1830.0000000000
3590 -1829.0000000000
3602 -1828.0000000000
3607 -1827.0000000000
3622 -1826.0000000000
3629 -1825.0000000000
3697 -1824.0000000000
3752 -1823.0000000000
3758 -1822.0000000000
3815 -1821.0000000000
3840 -1820.0000000000
3888 -1819.0000000000
3907 -1818.0000000000
3959 -1817.0000000000
3961 -1816.0000000000
4052 -1815.0000000000
4086 -1814.0000000000
4096 -1813.0000000000
4155 -1812.0000000000
4207 -1811.0000000000
4250 -1810.0000000000
4290 -1809.0000000000
4305 -1808.0000000000
4330 -1807.0000000000
4385 -1806.0000000000
4414 -1805.0000000000
4471 -1804.0000000000
4485 -1803.0000000000
4565 -1802.0000000000
4590 -1801.0000000000
4604 -1800.0000000000
4639 -1799.0000000000
4690 -1798.0000000000
4700 -1797.0000000000
4743 -1796.0000000000
4802 -1795.0000000000
4822 -1794.0000000000
4892 -1793.0000000000
4927 -1792.0000000000
4973 -1791.0000000000
5035 -1790.0000000000
5071 -1789.0000000000
5080 -1788.0000000000
5107 -1787.0000000000
5190 -1786.0000000000
5221 -1785.0000000000
5231 -1784.0000000000
5261 -1783.0000000000
5331 -1782.0000000000
5338 -1781.0000000000
5407 -1780.0000000000
5432 -1779.0000000000
5453 -1778.0000000000
5486 -1777.0000000000
5547 -1776.0000000000
5570 -1775.0000000000
5578 -1774.0000000000
5579 -1773.0000000000
5626 -1772.0000000000
5679 -1770.0000000000
5750 -1769.0000000000
5819 -1768.0000000000
5842 -1766.0000000000
5878 -1765.0000000000
5879 -1764.0000000000
5894 -1763.0000000000
5924 -1762.0000000000
5963 -1761.0000000000
5988 -1759.0000000000
5989 -1758.0000000000
6053 -1757.0000000000
6084 -1755.0000000000
6124 -1752.0000000000
6204 -1751.0000000000
6237 -1750.0000000000
6284 -1749.0000000000
6343 -1748.0000000000
6356 -1747.0000000000
6401 -1746.0000000000
6475 -1745.0000000000
6530 -1744.0000000000
6539 -1743.0000000000
6609 -1741.0000000000
6680 -1740.0000000000
6688 -1739.0000000000
6768 -1737.0000000000
6779 -1735.0000000000
6965 -1734.0000000000
7061 -1733.0000000000
7072 -1732.0000000000
7122 -1731.0000000000
7130 -1730.0000000000
7182 -1729.0000000000
7190 -1728.0000000000
7242 -1727.0000000000
7280 -1725.0000000000
7343 -1724.0000000000
7379 -1723.0000000000
7423 -1722.0000000000
7449 -1721.0000000000
7510 -1720.0000000000
7513 -1719.0000000000
7577 -1718.0000000000
7581 -1717.0000000000
7596 -1716.0000000000
7612 -1715.0000000000
7701 -1714.0000000000
7722 -1713.0000000000
7764 -1712.0000000000
7777 -1710.0000000000
7855 -1709.0000000000
7926 -1708.0000000000
7973 -1707.0000000000
8029 -1706.0000000000
8086 -1705.0000000000
8092 -1704.0000000000
8095 -1703.0000000000
8110 -1702.0000000000
8129 -1701.0000000000
8192 -1700.0000000000
8201 -1699.0000000000
8253 -1698.0000000000
8278 -1697.0000000000
8290 -1696.0000000000
8352 -1695.0000000000
8365 -1694.0000000000
8467 -1692.0000000000
8522 -1691.0000000000
8586 -1690.0000000000
8655 -1689.0000000000
8708 -1688.0000000000
8715 -1686.0000000000
8850 -1685.0000000000
8881 -1684.0000000000
8902 -1683.0000000000
8986 -1682.0000000000
9025 -1681.0000000000
9062 -1680.0000000000
9083 -1679.0000000000
9119 -1678.0000000000
9197 -1677.0000000000
9241 -1676.0000000000
9285 -1675.0000000000
9311 -1674.0000000000
9325 -1673.0000000000
9378 -1672.0000000000
9396 -1671.0000000000
9441 -1670.0000000000
9472 -1669.0000000000
9510 -1668.0000000000
9571 -1667.0000000000
9588 -1666.0000000000
9615 -1665.0000000000
9692 -1664.0000000000
9750 -1663.0000000000
9764 -1662.0000000000
9800 -1661.0000000000
9852 -1660.0000000000
9920 -1659.0000000000
9924 -1658.0000000000
9946 -1657.0000000000
9959 -1656.0000000000
10000 -1661.0000000000
evaluations raw_y
1 -1966.0000000000
17 -1950.0000000000
23 -1945.0000000000
47 -1936.0000000000
63 -1935.0000000000
206 -1934.0000000000
308 -1933.0000000000
361 -1932.0000000000
408 -1931.0000000000
435 -1930.0000000000
490 -1929.0000000000
524 -1928.0000000000
557 -1927.0000000000
591 -1926.0000000000
604 -1925.0000000000
639 -1924.0000000000
654 -1923.0000000000
699 -1922.0000000000
719 -1920.0000000000
785 -1918.0000000000
810 -1917.0000000000
820 -1916.0000000000
927 -1915.0000000000
932 -1914.0000000000
984 -1911.0000000000
1111 -1910.0000000000
1113 -1909.0000000000
1146 -1908.0000000000
1183 -1906.0000000000
1209 -1905.0000000000
1217 -1904.0000000000
1261 -1903.0000000000
1304 -1901.0000000000
1430 -1900.0000000000
1453 -1899.0000000000
1519 -1898.0000000000
1523 -1896.0000000000
1583 -1895.0000000000
1585 -1893.0000000000
1592 -1892.0000000000
1605 -1891.0000000000
1652 -1890.0000000000
1701 -1889.0000000000
1730 -1888.0000000000
1789 -1886.0000000000
1881 -1885.0000000000
1919 -1883.0000000000
2001 -1882.0000000000
2007 -1881.0000000000
2028 -1880.0000000000
2038 -1879.0000000000
2090 -1878.0000000000
2164 -1877.0000000000
2192 -1876.0000000000
2214 -1875.0000000000
2234 -1874.0000000000
2264 -1873.0000000000
2293 -1872.0000000000
2385 -1871.0000000000
2400 -1870.0000000000
2425 -1868.0000000000
2450 -1866.0000000000
2587 -1864.0000000000
2671 -1863.0000000000
2704 -1862.0000000000
2748 -1861.0000000000
2779 -1860.0000000000
2829 -1859.0000000000
2848 -1857.0000000000
2921 -1855.0000000000
3010 -1854.0000000000
3066 -1852.0000000000
3161 -1851.0000000000
3176 -1849.0000000000
3177 -1848.0000000000
3189 -1847.0000000000
3335 -1845.0000000000
3375 -1844.0000000000
3414 -1841.0000000000
3419 -1840.0000000000
3505 -1839.0000000000
3575 -1838.0000000000
3607 -1836.0000000000
3635 -1835.0000000000
3649 -1834.0000000000
3665 -1833.0000000000
3689 -1832.0000000000
3739 -1831.0000000000
3759 -1830.0000000000
3791 -1829.0000000000
3855 -1828.0000000000
3956 -1825.0000000000
3958 -1824.0000000000
4014 -1822.0000000000
4194 -1821.0000000000
4229 -1818.0000000000
4255 -1817.0000000000
4335 -1816.0000000000
4390 -1815.0000000000
4445 -1814.0000000000
4500 -1813.0000000000
4549 -1812.0000000000
4561 -1811.0000000000
4585 -1810.0000000000
4648 -1808.0000000000
4687 -1806.0000000000
4782 -1805.0000000000
4875 -1804.0000000000
4931 -1803.0000000000
4943 -1802.0000000000
4983 -1801.0000000000
5051 -1800.0000000000
5059 -1798.0000000000
5157 -1797.0000000000
5172 -1796.0000000000
5178 -1795.0000000000
5267 -1793.0000000000
5344 -1792.0000000000
5363 -1791.0000000000
5381 -1790.0000000000
5441 -1789.0000000000
5513 -1788.0000000000
5584 -1787.0000000000
5591 -1786.0000000000
5646 -1785.0000000000
5683 -1784.0000000000
5686 -1783.0000000000
5709 -1782.0000000000
5720 -1781.0000000000
5724 -1780.0000000000
5751 -1779.0000000000
5856 -1778.0000000000
5936 -1777.0000000000
5953 -1776.0000000000
5994 -1775.0000000000
6047 -1774.0000000000
6085 -1773.0000000000
6121 -1770.0000000000
6249 -1769.0000000000
6263 -1768.0000000000
6319 -1767.0000000000
6337 -1766.0000000000
6358 -1765.0000000000
6458 -1764.0000000000
6493 -1763.0000000000
6554 -1762.0000000000
6598 -1761.0000000000
6658 -1760.0000000000
6697 -1759.0000000000
6787 -1757.0000000000
6866 -1756.0000000000
6873 -1755.0000000000
6874 -1754.0000000000
6890 -1753.0000000000
6959 -1752.0000000000
6961 -1750.0000000000
6985 -1749.0000000000
7016 -1748.0000000000
7018 -1747.0000000000
7077 -1746.0000000000
7171 -1745.0000000000
7195 -1743.0000000000
7292 -1742.0000000000
7337 -1741.0000000000
7346 -1740.0000000000
7412 -1738.0000000000
7496 -1737.0000000000
7519 -1736.0000000000
7557 -1735.0000000000
7596 -1734.0000000000
7668 -1733.0000000000
7697 -1732.0000000000
7701 -1731.0000000000
7734 -1730.0000000000
7761 -1729.0000000000
7875 -1728.0000000000
7923 -1726.0000000000
8049 -1725.0000000000
8065 -1724.0000000000
8106 -1723.0000000000
8110 -1722.0000000000
8125 -1721.0000000000
8127 -1720.0000000000
8183 -1717.0000000000
8196 -1716.0000000000
8271 -1715.0000000000
8274 -1714.0000000000
8312 -1713.0000000000
8331 -1712.0000000000
8405 -1711.0000000000
8435 -1710.0000000000
8514 -1709.0000000000
8524 -1708.0000000000
8531 -1707.0000000000
8596 -1706.0000000000
8621 -1704.0000000000
8638 -1703.0000000000
8681 -1702.0000000000
8736 -1701.0000000000
8801 -1700.0000000000
8875 -1699.0000000000
8913 -1698.0000000000
8942 -1696.0000000000
8990 -1695.0000000000
9046 -1694.0000000000
9124 -1693.0000000000
9126 -1692.0000000000
9211 -1691.0000000000
9236 -1690.0000000000
9243 -1689.0000000000
9249 -1688.0000000000
9286 -1687.0000000000
9299 -1686.0000000000
9416 -1685.0000000000
9435 -1684.0000000000
9439 -1683.0000000000
9535 -1682.0000000000
9595 -1681.0000000000
9659 -1680.0000000000
9677 -1679.0000000000
9752 -1678.0000000000
9809 -1677.0000000000
9847 -1676.0000000000
9882 -1675.0000000000
9886 -1674.0000000000
9904 -1673.0000000000
10000 -1676.0000000000
evaluations raw_y
1 -1992.0000000000
2 -1987.0000000000
5 -1948.0000000000
63 -1947.0000000000
65 -1946.0000000000
138 -1945.0000000000
178 -1944.0000000000
258 -1943.0000000000
297 -1942.0000000000
346 -1941.0000000000
412 -1940.0000000000
432 -1939.0000000000
487 -1938.0000000000
501 -1937.0000000000
574 -1936.0000000000
589 -1935.0000000000
608 -1933.0000000000
687 -1932.0000000000
723 -1931.0000000000
728 -1929.0000000000
841 -1928.0000000000
884 -1927.0000000000
941 -1926.0000000000
956 -1925.0000000000
966 -1923.0000000000
994 -1922.0000000000
1047 -1920.0000000000
1150 -1919.0000000000
1201 -1918.0000000000
1215 -1916.0000000000
1249 -1914.0000000000
1257 -1913.0000000000
1324 -1912.0000000000
1340 -1910.0000000000
1434 -1909.0000000000
1451 -1908.0000000000
1458 -1906.0000000000
1504 -1905.0000000000
1553 -1904.0000000000
1578 -1902.0000000000
1615 -1901.0000000000
1646 -1900.0000000000
1689 -1898.0000000000
1711 -1897.0000000000
1743 -1896.0000000000
1783 -1895.0000000000
1852 -1894.0000000000
1864 -1893.0000000000
1902 -1892.0000000000
1949 -1891.0000000000
1977 -1889.0000000000
2024 -1888.0000000000
2083 -1887.0000000000
2111 -1886.0000000000
2127 -1885.0000000000
2143 -1882.0000000000
2187 -1881.0000000000
2264 -1880.0000000000
2366 -1879.0000000000
2411 -1878.0000000000
2433 -1877.0000000000
2463 -1876.0000000000
2532 -1875.0000000000
2579 -1874.0000000000
2593 -1873.0000000000
2626 -1871.0000000000
2658 -1870.0000000000
2710 -1867.0000000000
2828 -1866.0000000000
2895 -1865.0000000000
2915 -1864.0000000000
2934 -1863.0000000000
2943 -1862.0000000000
2949 -1861.0000000000
2977 -1860.0000000000
3098 -1859.0000000000
3106 -1858.0000000000
3147 -1857.0000000000
3177 -1856.0000000000
3244 -1855.0000000000
3253 -1854.0000000000
3261 -1853.0000000000
3268 -1852.0000000000
3322 -1851.0000000000
3367 -1850.0000000000
3389 -1849.0000000000
3403 -1848.0000000000
3527 -1847.0000000000
3570 -1846.0000000000
3584 -1845.0000000000
3615 -1843.0000000000
3641 -1842.0000000000
3698 -1841.0000000000
3726 -1840.0000000000
3761 -1838.0000000000
3800 -1837.0000000000
3868 -1836.0000000000
3909 -1835.0000000000
3923 -1834.0000000000
3949 -1833.0000000000
4002 -1832.0000000000
4012 -1831.0000000000
4038 -1830.0000000000
4104 -1829.0000000000
4105 -1828.0000000000
4131 -1827.0000000000
4177 -1826.0000000000
4179 -1825.0000000000
4189 -1823.0000000000
4242 -1822.0000000000
4271 -1821.0000000000
4303 -1820.0000000000
4334 -1818.0000000000
4338 -1816.0000000000
4400 -1815.0000000000
4545 -1814.0000000000
4551 -1813.0000000000
4573 -1812.0000000000
4633 -1811.0000000000
4651 -1810.0000000000
4743 -1808.0000000000
4749 -1807.0000000000
4771 -1806.0000000000
4799 -1805.0000000000
4831 -1804.0000000000
4929 -1803.0000000000
4934 -1802.0000000000
4985 -1801.0000000000
5037 -1800.0000000000
5047 -1798.0000000000
5089 -1797.0000000000
5152 -1796.0000000000
5178 -1795.0000000000
5248 -1793.0000000000
5325 -1792.0000000000
5341 -1790.0000000000
5355 -1789.0000000000
5500 -1788.0000000000
5561 -1787.0000000000
5576 -1786.0000000000
5618 -1785.0000000000
5644 -1784.0000000000
5693 -1783.0000000000
5741 -1782.0000000000
5782 -1781.0000000000
5831 -1780.0000000000
5850 -1779.0000000000
5901 -1777.0000000000
5915 -1776.0000000000
5984 -1774.0000000000
6085 -1773.0000000000
6111 -1772.0000000000
6130 -1769.0000000000
6220 -1768.0000000000
6250 -1767.0000000000
6309 -1766.0000000000
6324 -1765.0000000000
6369 -1764.0000000000
6452 -1763.0000000000
6475 -1762.0000000000
6536 -1760.0000000000
6543 -1759.0000000000
6572 -1758.0000000000
6615 -1757.0000000000
6717 -1756.0000000000
6751 -1755.0000000000
6764 -1754.0000000000
6789 -1752.0000000000
6883 -1751.0000000000
6927 -1750.0000000000
6961 -1749.0000000000
7042 -1748.0000000000
7053 -1747.0000000000
7147 -1746.0000000000
7170 -1745.0000000000
7221 -1744.0000000000
7262 -1742.0000000000
7301 -1741.0000000000
7388 -1740.0000000000
7436 -1738.0000000000
7495 -1737.0000000000
7518 -1736.0000000000
7604 -1735.0000000000
7633 -1734.0000000000
7678 -1732.0000000000
7716 -1731.0000000000
7733 -1730.0000000000
7797 -1729.0000000000
7875 -1728.0000000000
7887 -1727.0000000000
7906 -1726.0000000000
7941 -1725.0000000000
7966 -1722.0000000000
7983 -1721.0000000000
8034 -1720.0000000000
8056 -1719.0000000000
8161 -1718.0000000000
8196 -1717.0000000000
8260 -1716.0000000000
8283 -1715.0000000000
8299 -1714.0000000000
8354 -1713.0000000000
8378 -1712.0000000000
8422 -1711.0000000000
8494 -1710.0000000000
8516 -1709.0000000000
8523 -1708.0000000000
8547 -1707.0000000000
8587 -1706.0000000000
8610 -1705.0000000000
8684 -1704.0000000000
8782 -1703.0000000000
8893 -1702.0000000000
8922 -1700.0000000000
9013 -1699.0000000000
9067 -1698.0000000000
9079 -1697.0000000000
9151 -1696.0000000000
9162 -1695.0000000000
9243 -1694.0000000000
9257 -1693.0000000000
9319 -1692.0000000000
9332 -1691.0000000000
9391 -1690.0000000000
9421 -1689.0000000000
9432 -1688.0000000000
9469 -1687.0000000000
9519 -1686.0000000000
9607 -1685.0000000000
9619 -1684.0000000000
9713 -1683.0000000000
9737 -1682.0000000000
9739 -1681.0000000000
9793 -1680.0000000000
9841 -1679.0000000000
9935 -1678.0000000000
9938 -1677.0000000000
9984 -1676.0000000000
10000 -1676.0000000000
evaluations raw_y
1 -2033.0000000000
2 -2001.0000000000
3 -1988.0000000000
4 -1976.0000000000
16 -1928.0000000000
66 -1927.0000000000
171 -1925.0000000000
184 -1924.0000000000
245 -1923.0000000000
285 -1922.0000000000
312 -1921.0000000000
315 -1918.0000000000
336 -1917.0000000000
405 -1916.0000000000
407 -1913.0000000000
559 -1912.0000000000
590 -1911.0000000000
648 -1910.0000000000
727 -1908.0000000000
751 -1906.0000000000
820 -1905.0000000000
864 -1904.0000000000
877 -1903.0000000000
925 -1902.0000000000
946 -1901.0000000000
959 -1900.0000000000
989 -1899.0000000000
990 -1898.0000000000
1060 -1897.0000000000
1107 -1896.0000000000
1144 -1895.0000000000
1193 -1894.0000000000
1205 -1893.0000000000
1254 -1892.0000000000
1304 -1890.0000000000
1379 -1889.0000000000
1443 -1888.0000000000
1445 -1887.0000000000
1476 -1886.0000000000
1488 -1885.0000000000
1517 -1884.0000000000
1535 -1883.0000000000
1638 -1882.0000000000
1639 -1881.0000000000
1650 -1880.0000000000
1685 -1878.0000000000
1713 -1877.0000000000
1748 -1876.0000000000
1749 -1875.0000000000
1824 -1873.0000000000
1844 -1872.0000000000
1897 -1871.0000000000
1967 -1870.0000000000
2016 -1869.0000000000
2022 -1868.0000000000
2034 -1867.0000000000
2091 -1865.0000000000
2116 -1864.0000000000
2164 -1863.0000000000
2233 -1862.0000000000
2324 -1861.0000000000
2328 -1858.0000000000
2390 -1857.0000000000
2471 -1856.0000000000
2517 -1854.0000000000
2603 -1852.0000000000
2664 -1851.0000000000
2760 -1850.0000000000
2779 -1849.0000000000
2786 -1848.0000000000
2839 -1847.0000000000
2857 -1846.0000000000
2919 -1845.0000000000
2920 -1844.0000000000
3022 -1843.0000000000
3028 -1842.0000000000
3064 -1841.0000000000
3134 -1840.0000000000
3204 -1839.0000000000
3224 -1837.0000000000
3270 -1835.0000000000
3357 -1834.0000000000
3365 -1833.0000000000
3393 -1831.0000000000
3473 -1830.0000000000
3495 -1829.0000000000
3506 -1828.0000000000
3515 -1827.0000000000
3555 -1826.0000000000
3641 -1823.0000000000
3797 -1821.0000000000
3806 -1820.0000000000
3917 -1818.0000000000
3947 -1817.0000000000
4002 -1815.0000000000
4092 -1814.0000000000
4150 -1813.0000000000
4161 -1812.0000000000
4207 -1811.0000000000
4260 -1810.0000000000
4268 -1809.0000000000
4286 -1808.0000000000
4297 -1807.0000000000
4343 -1806.0000000000
4384 -1805.0000000000
4421 -1804.0000000000
4546 -1803.0000000000
4595 -1802.0000000000
4641 -1801.0000000000
4651 -1800.0000000000
4677 -1799.0000000000
4687 -1798.0000000000
4744 -1797.0000000000
4830 -1795.0000000000
4854 -1794.0000000000
4863 -1793.0000000000
4924 -1792.0000000000
5011 -1791.0000000000
5036 -1790.0000000000
5115 -1789.0000000000
5134 -1788.0000000000
5194 -1787.0000000000
5206 -1785.0000000000
5207 -1784.0000000000
5258 -1782.0000000000
5368 -1781.0000000000
5424 -1780.0000000000
5467 -1778.0000000000
5475 -1777.0000000000
5525 -1776.0000000000
5610 -1775.0000000000
5643 -1774.0000000000
5694 -1773.0000000000
5747 -1772.0000000000
5793 -1771.0000000000
5845 -1770.0000000000
5866 -1769.0000000000
5917 -1768.0000000000
6021 -1767.0000000000
6035 -1766.0000000000
6058 -1765.0000000000
6103 -1764.0000000000
6110 -1762.0000000000
6229 -1761.0000000000
6241 -1760.0000000000
6301 -1758.0000000000
6303 -1757.0000000000
6307 -1756.0000000000
6318 -1755.0000000000
6345 -1754.0000000000
6410 -1753.0000000000
6453 -1752.0000000000
6529 -1751.0000000000
6578 -1750.0000000000
6586 -1749.0000000000
6600 -1748.0000000000
6683 -1746.0000000000
6685 -1745.0000000000
6769 -1744.0000000000
6779 -1743.0000000000
6908 -1742.0000000000
6927 -1741.0000000000
6948 -1739.0000000000
7034 -1738.0000000000
7099 -1737.0000000000
7104 -1735.0000000000
7137 -1734.0000000000
7170 -1733.0000000000
7244 -1732.0000000000
7320 -1731.0000000000
7321 -1730.0000000000
7356 -1729.0000000000
7426 -1727.0000000000
7445 -1726.0000000000
7497 -1725.0000000000
7502 -1724.0000000000
7515 -1723.0000000000
7593 -1722.0000000000
7659 -1720.0000000000
7703 -1719.0000000000
7742 -1718.0000000000
7856 -1717.0000000000
7880 -1716.0000000000
7932 -1715.0000000000
8034 -1714.0000000000
8049 -1713.0000000000
8067 -1712.0000000000
8099 -1711.0000000000
8180 -1710.0000000000
8297 -1709.0000000000
8333 -1708.0000000000
8347 -1707.0000000000
8373 -1706.0000000000
8388 -1703.0000000000
8517 -1700.0000000000
8575 -1699.0000000000
8598 -1697.0000000000
8718 -1695.0000000000
8761 -1694.0000000000
8830 -1693.0000000000
8842 -1692.0000000000
8878 -1691.0000000000
8937 -1690.0000000000
8951 -1688.0000000000
9053 -1687.0000000000
9065 -1686.0000000000
9092 -1685.0000000000
9136 -1684.0000000000
9143 -1683.0000000000
9150 -1682.0000000000
9168 -1681.0000000000
9223 -1680.0000000000
9242 -1679.0000000000
9260 -1678.0000000000
9355 -1677.0000000000
9410 -1676.0000000000
9420 -1675.0000000000
9425 -1674.0000000000
9469 -1673.0000000000
9507 -1672.0000000000
9611 -1671.0000000000
9631 -1670.0000000000
9680 -1669.0000000000
9732 -1668.0000000000
9762 -1667.0000000000
9771 -1666.0000000000
9796 -1665.0000000000
9875 -1664.0000000000
9907 -1663.0000000000
9910 -1662.0000000000
9952 -1661.0000000000
9980 -1660.0000000000
9999 -1659.0000000000
10000 -1665.0000000000
evaluations raw_y
1 -1955.0000000000
8 -1948.0000000000
74 -1945.0000000000
272 -1944.0000000000
317 -1943.0000000000
365 -1942.0000000000
434 -1941.0000000000
440 -1939.0000000000
445 -1938.0000000000
490 -1936.0000000000
543 -1935.0000000000
589 -1934.0000000000
619 -1933.0000000000
684 -1932.0000000000
715 -1930.0000000000
745 -1929.0000000000
781 -1928.0000000000
783 -1927.0000000000
802 -1926.0000000000
917 -1925.0000000000
976 -1924.0000000000
990 -1923.0000000000
1006 -1921.0000000000
1116 -1920.0000000000
1141 -1919.0000000000
1160 -1918.0000000000
1176 -1917.0000000000
1197 -1916.0000000000
1260 -1915.0000000000
1305 -1913.0000000000
1355 -1912.0000000000
1384 -1910.0000000000
1422 -1909.0000000000
1467 -1908.0000000000
1515 -1907.0000000000
1533 -1906.0000000000
1537 -1905.0000000000
1558 -1904.0000000000
1651 -1903.0000000000
1719 -1902.0000000000
1783 -1901.0000000000
1832 -1900.0000000000
1849 -1899.0000000000
1887 -1898.0000000000
1894 -1897.0000000000
1965 -1895.0000000000
1982 -1894.0000000000
2052 -1893.0000000000
2066 -1892.0000000000
2128 -1891.0000000000
2160 -1888.0000000000
2237 -1887.0000000000
2268 -1886.0000000000
2354 -1885.0000000000
2390 -1884.0000000000
2432 -1883.0000000000
2460 -1882.0000000000
2517 -1881.0000000000
2562 -1880.0000000000
2613 -1879.0000000000
2642 -1878.0000000000
2665 -1877.0000000000
2735 -1876.0000000000
2746 -1874.0000000000
2787 -1873.0000000000
2849 -1872.0000000000
2909 -1870.0000000000
2962 -1869.0000000000
2971 -1868.0000000000
3033 -1866.0000000000
3123 -1865.0000000000
3167 -1863.0000000000
3212 -1862.0000000000
3223 -1861.0000000000
3247 -1860.0000000000
3339 -1859.0000000000
3347 -1858.0000000000
3352 -1857.0000000000
3397 -1856.0000000000
3404 -1855.0000000000
3450 -1854.0000000000
3505 -1853.0000000000
3528 -1852.0000000000
3555 -1851.0000000000
3593 -1850.0000000000
3615 -1848.0000000000
3616 -1847.0000000000
3619 -1846.0000000000
3676 -1844.0000000000
3750 -1842.0000000000
3837 -1841.0000000000
3882 -1840.0000000000
3936 -1839.0000000000
3948 -1838.0000000000
3958 -1837.0000000000
4024 -1836.0000000000
4050 -1835.0000000000
4052 -1833.0000000000
4113 -1832.0000000000
4153 -1831.0000000000
4158 -1830.0000000000
4173 -1829.0000000000
4273 -1828.0000000000
4300 -1827.0000000000
4329 -1826.0000000000
4363 -1825.0000000000
4383 -1824.0000000000
4418 -1823.0000000000
4450 -1821.0000000000
4570 -1820.0000000000
4601 -1819.0000000000
4631 -1817.0000000000
4707 -1816.0000000000
4752 -1815.0000000000
4802 -1814.0000000000
4812 -1813.0000000000
4817 -1812.0000000000
4899 -1810.0000000000
4954 -1809.0000000000
5004 -1808.0000000000
5014 -1807.0000000000
5046 -1806.0000000000
5068 -1805.0000000000
5134 -1804.0000000000
5154 -1803.0000000000
5168 -1800.0000000000
5239 -1799.0000000000
5292 -1798.0000000000
5334 -1797.0000000000
5367 -1796.0000000000
5403 -1795.0000000000
5445 -1794.0000000000
5491 -1793.0000000000
5505 -1792.0000000000
5589 -1791.0000000000
5640 -1790.0000000000
5646 -1788.0000000000
5807 -1787.0000000000
5820 -1786.0000000000
5897 -1785.0000000000
5905 -1784.0000000000
5914 -1783.0000000000
5944 -1782.0000000000
5994 -1780.0000000000
6060 -1779.0000000000
6098 -1778.0000000000
6147 -1777.0000000000
6194 -1776.0000000000
6209 -1775.0000000000
6233 -1774.0000000000
6289 -1773.0000000000
6339 -1772.0000000000
6367 -1771.0000000000
6375 -1770.0000000000
6435 -1769.0000000000
6481 -1768.0000000000
6536 -1767.0000000000
6576 -1766.0000000000
6630 -1765.0000000000
6657 -1764.0000000000
6686 -1763.0000000000
6698 -1762.0000000000
6756 -1761.0000000000
6785 -1760.0000000000
6866 -1758.0000000000
6882 -1757.0000000000
6892 -1756.0000000000
6966 -1755.0000000000
6992 -1754.0000000000
7013 -1753.0000000000
7061 -1752.0000000000
7099 -1749.0000000000
7135 -1748.0000000000
7193 -1747.0000000000
7218 -1745.0000000000
7250 -1744.0000000000
7347 -1743.0000000000
7396 -1742.0000000000
7407 -1741.0000000000
7429 -1740.0000000000
7492 -1737.0000000000
7552 -1736.0000000000
7556 -1735.0000000000
7690 -1734.0000000000
7710 -1733.0000000000
7722 -1732.0000000000
7763 -1731.0000000000
7781 -1730.0000000000
7796 -1729.0000000000
7813 -1728.0000000000
7939 -1727.0000000000
7946 -1725.0000000000
8020 -1724.0000000000
8051 -1723.0000000000
8110 -1722.0000000000
8117 -1721.0000000000
8144 -1720.0000000000
8204 -1719.0000000000
8222 -1716.0000000000
8365 -1715.0000000000
8388 -1714.0000000000
8426 -1713.0000000000
8497 -1712.0000000000
8545 -1711.0000000000
8579 -1710.0000000000
8590 -1709.0000000000
8624 -1707.0000000000
8695 -1706.0000000000
8701 -1705.0000000000
8706 -1704.0000000000
8741 -1703.0000000000
8811 -1702.0000000000
8812 -1701.0000000000
8838 -1700.0000000000
8846 -1699.0000000000
8877 -1698.0000000000
8881 -1696.0000000000
8888 -1695.0000000000
8989 -1694.0000000000
9034 -1693.0000000000
9081 -1692.0000000000
9094 -1691.0000000000
9153 -1690.0000000000
9164 -1689.0000000000
9200 -1688.0000000000
9224 -1687.0000000000
9251 -1686.0000000000
9262 -1685.0000000000
9280 -1684.0000000000
9343 -1683.0000000000
9407 -1682.0000000000
9439 -1681.0000000000
9571 -1680.0000000000
9605 -1679.0000000000
9639 -1678.0000000000
9676 -1676.0000000000
9696 -1675.0000000000
9725 -1674.0000000000
9765 -1673.0000000000
9768 -1672.0000000000
9779 -1671.0000000000
9806 -1668.0000000000
9868 -1667.0000000000
9920 -1665.0000000000
9995 -1664.0000000000
10000 -1666.0000000000
evaluations raw_y
1 -2025.0000000000
2 -1993.0000000000
9 -1976.0000000000
10 -1950.0000000000
56 -1949.0000000000
201 -1948.0000000000
274 -1947.0000000000
296 -1946.0000000000
330 -1945.0000000000
379 -1944.0000000000
420 -1942.0000000000
439 -1941.0000000000
490 -1940.0000000000
512 -1939.0000000000
561 -1938.0000000000
578 -1937.0000000000
581 -1936.0000000000
611 -1935.0000000000
636 -1934.0000000000
680 -1933.0000000000
712 -1932.0000000000
789 -1931.0000000000
845 -1930.0000000000
882 -1929.0000000000
932 -1928.0000000000
934 -1927.0000000000
1007 -1925.0000000000
1091 -1924.0000000000
1119 -1923.0000000000
1132 -1922.0000000000
1161 -1921.0000000000
1200 -1920.0000000000
1205 -1919.0000000000
1281 -1918.0000000000
1323 -1917.0000000000
1347 -1916.0000000000
1427 -1913.0000000000
1455 -1911.0000000000
1518 -1910.0000000000
1590 -1909.0000000000
1592 -1908.0000000000
1648 -1907.0000000000
1702 -1906.0000000000
1736 -1905.0000000000
1795 -1904.0000000000
1825 -1903.0000000000
1880 -1902.0000000000
1891 -1901.0000000000
1893 -1899.0000000000
1926 -1898.0000000000
1948 -1897.0000000000
1977 -1896.0000000000
2049 -1895.0000000000
2051 -1894.0000000000
2137 -1893.0000000000
2172 -1892.0000000000
2219 -1891.0000000000
2258 -1890.0000000000
2276 -1889.0000000000
2277 -1888.0000000000
2333 -1887.0000000000
2381 -1886.0000000000
2409 -1885.0000000000
2471 -1884.0000000000
2516 -1883.0000000000
2530 -1881.0000000000
2618 -1880.0000000000
2622 -1879.0000000000
2643 -1878.0000000000
2662 -1877.0000000000
2665 -1876.0000000000
2712 -1875.0000000000
2784 -1874.0000000000
2803 -1873.0000000000
2853 -1872.0000000000
2919 -1867.0000000000
2933 -1866.0000000000
3009 -1865.0000000000
3093 -1864.0000000000
3169 -1863.0000000000
3181 -1862.0000000000
3291 -1861.0000000000
3331 -1860.0000000000
3352 -1859.0000000000
3354 -1858.0000000000
3378 -1857.0000000000
3381 -1856.0000000000
3413 -1855.0000000000
3489 -1854.0000000000
3542 -1853.0000000000
3564 -1852.0000000000
3620 -1851.0000000000
3628 -1849.0000000000
3685 -1848.0000000000
3699 -1847.0000000000
3766 -1846.0000000000
3791 -1844.0000000000
3826 -1842.0000000000
3871 -1841.0000000000
3938 -1840.0000000000
4013 -1838.0000000000
4082 -1837.0000000000
4165 -1835.0000000000
4196 -1833.0000000000
4230 -1832.0000000000
4268 -1831.0000000000
4313 -1830.0000000000
4340 -1829.0000000000
4383 -1827.0000000000
4410 -1826.0000000000
4509 -1825.0000000000
4534 -1824.0000000000
4597 -1823.0000000000
4600 -1822.0000000000
4626 -1821.0000000000
4676 -1820.0000000000
4737 -1819.0000000000
4818 -1818.0000000000
4840 -1817.0000000000
4864 -1816.0000000000
4869 -1815.0000000000
4951 -1814.0000000000
4968 -1813.0000000000
5022 -1810.0000000000
5122 -1809.0000000000
5127 -1808.0000000000
5149 -1807.0000000000
5236 -1806.0000000000
5282 -1805.0000000000
5283 -1804.0000000000
5284 -1803.0000000000
5297 -1802.0000000000
5353 -1801.0000000000
5365 -1800.0000000000
5387 -1799.0000000000
5440 -1798.0000000000
5543 -1796.0000000000
5640 -1794.0000000000
5732 -1793.0000000000
5781 -1792.0000000000
5798 -1791.0000000000
5864 -1790.0000000000
5916 -1789.0000000000
5933 -1787.0000000000
6030 -1786.0000000000
6061 -1785.0000000000
6160 -1783.0000000000
6213 -1782.0000000000
6229 -1781.0000000000
6264 -1780.0000000000
6284 -1779.0000000000
6334 -1778.0000000000
6375 -1777.0000000000
6425 -1776.0000000000
6468 -1775.0000000000
6535 -1774.0000000000
6554 -1773.0000000000
6648 -1772.0000000000
6660 -1771.0000000000
6684 -1770.0000000000
6711 -1769.0000000000
6754 -1768.0000000000
6828 -1766.0000000000
6909 -1765.0000000000
7023 -1764.0000000000
7035 -1763.0000000000
7048 -1762.0000000000
7075 -1761.0000000000
7106 -1760.0000000000
7140 -1759.0000000000
7202 -1758.0000000000
7210 -1757.0000000000
7227 -1756.0000000000
7340 -1754.0000000000
7384 -1752.0000000000
7422 -1751.0000000000
7507 -1750.0000000000
7541 -1749.0000000000
7577 -1748.0000000000
7594 -1747.0000000000
7637 -1746.0000000000
7644 -1745.0000000000
7748 -1744.0000000000
7792 -1743.0000000000
7822 -1742.0000000000
7837 -1741.0000000000
7927 -1740.0000000000
7976 -1739.0000000000
8021 -1738.0000000000
8055 -1737.0000000000
8136 -1736.0000000000
8150 -1735.0000000000
8168 -1733.0000000000
8208 -1732.0000000000
8230 -1731.0000000000
8233 -1730.0000000000
8257 -1728.0000000000
8357 -1727.0000000000
8397 -1726.0000000000
8535 -1725.0000000000
8567 -1724.0000000000
8576 -1723.0000000000
8649 -1722.0000000000
8659 -1721.0000000000
8667 -1720.0000000000
8685 -1719.0000000000
8765 -1718.0000000000
8778 -1717.0000000000
8801 -1715.0000000000
8885 -1714.0000000000
8933 -1713.0000000000
8968 -1712.0000000000
9005 -1711.0000000000
9067 -1710.0000000000
9121 -1709.0000000000
9123 -1707.0000000000
9179 -1706.0000000000
9237 -1705.0000000000
9308 -1704.0000000000
9365 -1703.0000000000
9390 -1702.0000000000
9455 -1700.0000000000
9498 -1699.0000000000
9504 -1697.0000000000
9565 -1696.0000000000
9601 -1695.0000000000
9648 -1694.0000000000
9707 -1693.0000000000
9754 -1692.0000000000
9783 -1690.0000000000
9833 -1688.0000000000
9890 -1687.0000000000
9975 -1686.0000000000
9976 -1685.0000000000
10000 -1691.0000000000
evaluations raw_y
1 -1996.0000000000
3 -1988.0000000000
7 -1959.0000000000
30 -1950.0000000000
39 -1949.0000000000
143 -1948.0000000000
180 -1947.0000000000
197 -1946.0000000000
220 -1945.0000000000
266 -1944.0000000000
321 -1943.0000000000
366 -1942.0000000000
438 -1941.0000000000
476 -1940.0000000000
544 -1939.0000000000
583 -1938.0000000000
589 -1937.0000000000
595 -1936.0000000000
638 -1935.0000000000
641 -1934.0000000000
679 -1933.0000000000
721 -1932.0000000000
736 -1931.0000000000
761 -1930.0000000000
806 -1929.0000000000
871 -1928.0000000000
889 -1927.0000000000
997 -1926.0000000000
1014 -1925.0000000000
1042 -1924.0000000000
1059 -1923.0000000000
1094 -1922.0000000000
1112 -1919.0000000000
1216 -1918.0000000000
1219 -1917.0000000000
1232 -1916.0000000000
1264 -1915.0000000000
1311 -1914.0000000000
1319 -1913.0000000000
1359 -1912.0000000000
1408 -1910.0000000000
1442 -1909.0000000000
1478 -1908.0000000000
1517 -1907.0000000000
1559 -1905.0000000000
1607 -1903.0000000000
1658 -1900.0000000000
1792 -1899.0000000000
1851 -1898.0000000000
1861 -1897.0000000000
1926 -1896.0000000000
1957 -1895.0000000000
2021 -1894.0000000000
2049 -1893.0000000000
2092 -1892.0000000000
2119 -1891.0000000000
2140 -1890.0000000000
2142 -1888.0000000000
2240 -1887.0000000000
2260 -1886.0000000000
2306 -1885.0000000000
2308 -1884.0000000000
2412 -1883.0000000000
2450 -1882.0000000000
2482 -1881.0000000000
2493 -1879.0000000000
2512 -1878.0000000000
2593 -1877.0000000000
2619 -1875.0000000000
2631 -1874.0000000000
2679 -1873.0000000000
2788 -1872.0000000000
2789 -1871.0000000000
2791 -1870.0000000000
2888 -1869.0000000000
2922 -1868.0000000000
2934 -1867.0000000000
3003 -1866.0000000000
3044 -1865.0000000000
3107 -1864.0000000000
3110 -1863.0000000000
3117 -1862.0000000000
3133 -1861.0000000000
3260 -1860.0000000000
3290 -1859.0000000000
3326 -1857.0000000000
3403 -1856.0000000000
3487 -1855.0000000000
3524 -1854.0000000000
3530 -1853.0000000000
3554 -1852.0000000000
3604 -1851.0000000000
3605 -1850.0000000000
3648 -1849.0000000000
3702 -1848.0000000000
3706 -1846.0000000000
3776 -1845.0000000000
3821 -1844.0000000000
3882 -1843.0000000000
3921 -1842.0000000000
3953 -1840.0000000000
3988 -1839.0000000000
4045 -1838.0000000000
4106 -1837.0000000000
4178 -1836.0000000000
4187 -1835.0000000000
4203 -1834.0000000000
4235 -1833.0000000000
4317 -1832.0000000000
4351 -1831.0000000000
4355 -1830.0000000000
4475 -1829.0000000000
4504 -1828.0000000000
4529 -1827.0000000000
4605 -1826.0000000000
4620 -1825.0000000000
4636 -1824.0000000000
4702 -1823.0000000000
4731 -1821.0000000000
4812 -1819.0000000000
4928 -1818.0000000000
4959 -1817.0000000000
4976 -1816.0000000000
4999 -1815.0000000000
5075 -1814.0000000000
5090 -1813.0000000000
5095 -1812.0000000000
5150 -1811.0000000000
5182 -1810.0000000000
5221 -1808.0000000000
5269 -1807.0000000000
5320 -1806.0000000000
5338 -1805.0000000000
5389 -1804.0000000000
5414 -1803.0000000000
5463 -1802.0000000000
5497 -1801.0000000000
5515 -1800.0000000000
5552 -1799.0000000000
5557 -1798.0000000000
5622 -1797.0000000000
5691 -1796.0000000000
5719 -1795.0000000000
5752 -1794.0000000000
5772 -1793.0000000000
5854 -1792.0000000000
5889 -1791.0000000000
5904 -1790.0000000000
5926 -1789.0000000000
5992 -1788.0000000000
6051 -1787.0000000000
6064 -1786.0000000000
6127 -1785.0000000000
6165 -1784.0000000000
6177 -1783.0000000000
6233 -1782.0000000000
6257 -1780.0000000000
6271 -1779.0000000000
6273 -1778.0000000000
6296 -1777.0000000000
6307 -1776.0000000000
6357 -1775.0000000000
6409 -1774.0000000000
6453 -1772.0000000000
6496 -1770.0000000000
6502 -1769.0000000000
6640 -1768.0000000000
6709 -1767.0000000000
6717 -1766.0000000000
6728 -1765.0000000000
6753 -1764.0000000000
6758 -1763.0000000000
6834 -1762.0000000000
6938 -1760.0000000000
6969 -1759.0000000000
6986 -1758.0000000000
7056 -1757.0000000000
7090 -1756.0000000000
7110 -1755.0000000000
7145 -1754.0000000000
7196 -1753.0000000000
7248 -1752.0000000000
7289 -1751.0000000000
7387 -1750.0000000000
7390 -1749.0000000000
7430 -1748.0000000000
7443 -1747.0000000000
7506 -1746.0000000000
7546 -1745.0000000000
7594 -1744.0000000000
7658 -1743.0000000000
7675 -1742.0000000000
7748 -1741.0000000000
7808 -1739.0000000000
7832 -1738.0000000000
7868 -1737.0000000000
7945 -1736.0000000000
8005 -1733.0000000000
8060 -1732.0000000000
8152 -1730.0000000000
8214 -1729.0000000000
8218 -1726.0000000000
8344 -1725.0000000000
8351 -1723.0000000000
8464 -1721.0000000000
8568 -1720.0000000000
8603 -1719.0000000000
8643 -1718.0000000000
8699 -1717.0000000000
8739 -1716.0000000000
8763 -1715.0000000000
8813 -1713.0000000000
8909 -1711.0000000000
8957 -1710.0000000000
8983 -1709.0000000000
9008 -1708.0000000000
9061 -1707.0000000000
9083 -1706.0000000000
9155 -1703.0000000000
9192 -1702.0000000000
9245 -1701.0000000000
9277 -1700.0000000000
9306 -1699.0000000000
9313 -1698.0000000000
9441 -1697.0000000000
9444 -1695.0000000000
9514 -1694.0000000000
9571 -1692.0000000000
9601 -1691.0000000000
9639 -1690.0000000000
9791 -1689.0000000000
9806 -1688.0000000000
9823 -1687.0000000000
9863 -1686.0000000000
9905 -1685.0000000000
9957 -1684.0000000000
10000 -1686.0000000000
evaluations raw_y
1 -2008.0000000000
2 -1960.0000000000
10 -1948.0000000000
189 -1947.0000000000
210 -1945.0000000000
228 -1944.0000000000
372 -1943.0000000000
383 -1941.0000000000
470 -1940.0000000000
494 -1939.0000000000
583 -1938.0000000000
601 -1937.0000000000
656 -1936.0000000000
708 -1935.0000000000
720 -1934.0000000000
776 -1933.0000000000
840 -1932.0000000000
863 -1930.0000000000
908 -1929.0000000000
952 -1928.0000000000
966 -1927.0000000000
968 -1926.0000000000
987 -1925.0000000000
1061 -1921.0000000000
1153 -1920.0000000000
1183 -1919.0000000000
1227 -1917.0000000000
1233 -1916.0000000000
1328 -1914.0000000000
1384 -1911.0000000000
1408 -1910.0000000000
1409 -1909.0000000000
1448 -1908.0000000000
1491 -1907.0000000000
1515 -1906.0000000000
1551 -1905.0000000000
1612 -1904.0000000000
1638 -1903.0000000000
1681 -1902.0000000000
1744 -1901.0000000000
1784 -1900.0000000000
1788 -1899.0000000000
1826 -1898.0000000000
1892 -1897.0000000000
1927 -1896.0000000000
1963 -1895.0000000000
2032 -1894.0000000000
2047 -1893.0000000000
2054 -1892.0000000000
2072 -1891.0000000000
2150 -1888.0000000000
2244 -1887.0000000000
2283 -1886.0000000000
2298 -1885.0000000000
2345 -1884.0000000000
2371 -1883.0000000000
2407 -1882.0000000000
2472 -1881.0000000000
2509 -1880.0000000000
2593 -1879.0000000000
2649 -1878.0000000000
2684 -1877.0000000000
2741 -1876.0000000000
2761 -1875.0000000000
2790 -1874.0000000000
2823 -1872.0000000000
2924 -1870.0000000000
2933 -1868.0000000000
3023 -1866.0000000000
3083 -1865.0000000000
3143 -1864.0000000000
3163 -1863.0000000000
3232 -1862.0000000000
3258 -1861.0000000000
3285 -1860.0000000000
3293 -1859.0000000000
3409 -1858.0000000000
3444 -1857.0000000000
3492 -1856.0000000000
3517 -1855.0000000000
3544 -1854.0000000000
3582 -1853.0000000000
3601 -1852.0000000000
3630 -1851.0000000000
3646 -1850.0000000000
3708 -1849.0000000000
3735 -1848.0000000000
3751 -1847.0000000000
3797 -1846.0000000000
3891 -1845.0000000000
3987 -1844.0000000000
4043 -1843.0000000000
4048 -1842.0000000000
4068 -1841.0000000000
4111 -1840.0000000000
4153 -1839.0000000000
4162 -1837.0000000000
4206 -1836.0000000000
4212 -1833.0000000000
4270 -1832.0000000000
4356 -1831.0000000000
4406 -1830.0000000000
4407 -1829.0000000000
4413 -1828.0000000000
4424 -1827.0000000000
4446 -1826.0000000000
4485 -1824.0000000000
4586 -1823.0000000000
4587 -1822.0000000000
4657 -1821.0000000000
4720 -1820.0000000000
4738 -1819.0000000000
4777 -1818.0000000000
4844 -1816.0000000000
4856 -1815.0000000000
4956 -1814.0000000000
4985 -1813.0000000000
5028 -1812.0000000000
5045 -1811.0000000000
5102 -1810.0000000000
5106 -1809.0000000000
5137 -1808.0000000000
5189 -1806.0000000000
5203 -1805.0000000000
5282 -1804.0000000000
5390 -1803.0000000000
5395 -1802.0000000000
5418 -1801.0000000000
5444 -1799.0000000000
5566 -1798.0000000000
5580 -1797.0000000000
5607 -1796.0000000000
5615 -1795.0000000000
5681 -1794.0000000000
5707 -1792.0000000000
5798 -1791.0000000000
5808 -1790.0000000000
5819 -1789.0000000000
5836 -1788.0000000000
5932 -1787.0000000000
5936 -1786.0000000000
5942 -1785.0000000000
6034 -1784.0000000000
6100 -1782.0000000000
6116 -1781.0000000000
6132 -1780.0000000000
6136 -1779.0000000000
6205 -1778.0000000000
6252 -1777.0000000000
6270 -1776.0000000000
6272 -1775.0000000000
6295 -1774.0000000000
6369 -1773.0000000000
6426 -1772.0000000000
6466 -1771.0000000000
6496 -1770.0000000000
6501 -1769.0000000000
6540 -1768.0000000000
6612 -1767.0000000000
6614 -1766.0000000000
6681 -1765.0000000000
6728 -1764.0000000000
6751 -1762.0000000000
6811 -1761.0000000000
6812 -1760.0000000000
6835 -1759.0000000000
6855 -1758.0000000000
6859 -1757.0000000000
6927 -1756.0000000000
6930 -1755.0000000000
7036 -1753.0000000000
7090 -1752.0000000000
7093 -1751.0000000000
7141 -1750.0000000000
7225 -1749.0000000000
7256 -1748.0000000000
7286 -1747.0000000000
7303 -1745.0000000000
7326 -1744.0000000000
7392 -1743.0000000000
7446 -1742.0000000000
7471 -1741.0000000000
7498 -1740.0000000000
7510 -1739.0000000000
7578 -1738.0000000000
7607 -1737.0000000000
7654 -1736.0000000000
7692 -1735.0000000000
7726 -1734.0000000000
7733 -1733.0000000000
7802 -1731.0000000000
7852 -1730.0000000000
7862 -1729.0000000000
7927 -1727.0000000000
7980 -1726.0000000000
8007 -1725.0000000000
8044 -1724.0000000000
8109 -1723.0000000000
8123 -1722.0000000000
8204 -1721.0000000000
8213 -1720.0000000000
8260 -1719.0000000000
8351 -1718.0000000000
8403 -1717.0000000000
8431 -1716.0000000000
8483 -1715.0000000000
8515 -1713.0000000000
8585 -1712.0000000000
8614 -1711.0000000000
8625 -1710.0000000000
8662 -1709.0000000000
8704 -1708.0000000000
8774 -1707.0000000000
8839 -1706.0000000000
8876 -1704.0000000000
8932 -1702.0000000000
9013 -1701.0000000000
9053 -1700.0000000000
9105 -1699.0000000000
9139 -1698.0000000000
9140 -1696.0000000000
9266 -1693.0000000000
9280 -1692.0000000000
9341 -1691.0000000000
9407 -1690.0000000000
9409 -1688.0000000000
9525 -1687.0000000000
9582 -1685.0000000000
9713 -1684.0000000000
9751 -1683.0000000000
9813 -1681.0000000000
9858 -1680.0000000000
9882 -1679.0000000000
10000 -1679.0000000000
evaluations raw_y
1 -2017.0000000000
2 -1952.0000000000
42 -1951.0000000000
47 -1947.0000000000
112 -1946.0000000000
314 -1945.0000000000
347 -1943.0000000000
424 -1942.0000000000
432 -1941.0000000000
455 -1940.0000000000
460 -1939.0000000000
489 -1938.0000000000
526 -1937.0000000000
531 -1936.0000000000
545 -1935.0000000000
579 -1933.0000000000
653 -1931.0000000000
703 -1929.0000000000
740 -1928.0000000000
749 -1927.0000000000
800 -1926.0000000000
837 -1924.0000000000
850 -1923.0000000000
928 -1922.0000000000
952 -1921.0000000000
1051 -1920.0000000000
1098 -1919.0000000000
1131 -1918.0000000000
1152 -1917.0000000000
1161 -1916.0000000000
1194 -1915.0000000000
1236 -1914.0000000000
1279 -1913.0000000000
1312 -1912.0000000000
1323 -1911.0000000000
1371 -1910.0000000000
1417 -1908.0000000000
1468 -1907.0000000000
1519 -1906.0000000000
1526 -1905.0000000000
1585 -1904.0000000000
1611 -1903.0000000000
1641 -1902.0000000000
1654 -1901.0000000000
1669 -1900.0000000000
1736 -1899.0000000000
1740 -1898.0000000000
1780 -1897.0000000000
1833 -1896.0000000000
1852 -1894.0000000000
1884 -1892.0000000000
1911 -1891.0000000000
1943 -1890.0000000000
2017 -1889.0000000000
2059 -1888.0000000000
2112 -1886.0000000000
2151 -1885.0000000000
2241 -1884.0000000000
2295 -1883.0000000000
2327 -1882.0000000000
2352 -1881.0000000000
2404 -1880.0000000000
2413 -1879.0000000000
2473 -1878.0000000000
2512 -1877.0000000000
2597 -1876.0000000000
2621 -1875.0000000000
2637 -1874.0000000000
2654 -1873.0000000000
2693 -1872.0000000000
2717 -1869.0000000000
2789 -1868.0000000000
2813 -1867.0000000000
2899 -1866.0000000000
2910 -1865.0000000000
2911 -1864.0000000000
2968 -1863.0000000000
2969 -1862.0000000000
3028 -1861.0000000000
3044 -1860.0000000000
3050 -1859.0000000000
3073 -1858.0000000000
3109 -1856.0000000000
3114 -1855.0000000000
3270 -1854.0000000000
3312 -1853.0000000000
3324 -1851.0000000000
3465 -1850.0000000000
3489 -1849.0000000000
3509 -1848.0000000000
3590 -1847.0000000000
3603 -1846.0000000000
3636 -1844.0000000000
3733 -1843.0000000000
3801 -1841.0000000000
3848 -1840.0000000000
3876 -1839.0000000000
3965 -1838.0000000000
4042 -1837.0000000000
4054 -1836.0000000000
4082 -1835.0000000000
4138 -1834.0000000000
4146 -1833.0000000000
4157 -1830.0000000000
4267 -1829.0000000000
4333 -1828.0000000000
4370 -1827.0000000000
4437 -1825.0000000000
4454 -1824.0000000000
4498 -1823.0000000000
4570 -1821.0000000000
4578 -1820.0000000000
4664 -1819.0000000000
4697 -1818.0000000000
4761 -1817.0000000000
4767 -1816.0000000000
4811 -1815.0000000000
4848 -1814.0000000000
4872 -1812.0000000000
5008 -1811.0000000000
5057 -1809.0000000000
5109 -1808.0000000000
5111 -1807.0000000000
5124 -1806.0000000000
5188 -1804.0000000000
5233 -1803.0000000000
5287 -1802.0000000000
5298 -1800.0000000000
5339 -1799.0000000000
5435 -1798.0000000000
5474 -1797.0000000000
5514 -1795.0000000000
5573 -1794.0000000000
5654 -1793.0000000000
5658 -1791.0000000000
5786 -1790.0000000000
5842 -1788.0000000000
5903 -1787.0000000000
5945 -1786.0000000000
5987 -1785.0000000000
6003 -1784.0000000000
6077 -1783.0000000000
6130 -1781.0000000000
6204 -1780.0000000000
6242 -1779.0000000000
6300 -1777.0000000000
6331 -1776.0000000000
6414 -1775.0000000000
6471 -1774.0000000000
6485 -1773.0000000000
6516 -1770.0000000000
6589 -1769.0000000000
6598 -1768.0000000000
6720 -1767.0000000000
6732 -1765.0000000000
6766 -1764.0000000000
6830 -1763.0000000000
6856 -1762.0000000000
6870 -1761.0000000000
6901 -1760.0000000000
6913 -1759.0000000000
6946 -1758.0000000000
6996 -1757.0000000000
7027 -1755.0000000000
7090 -1754.0000000000
7115 -1753.0000000000
7242 -1752.0000000000
7263 -1751.0000000000
7327 -1750.0000000000
7350 -1749.0000000000
7383 -1748.0000000000
7427 -1747.0000000000
7435 -1746.0000000000
7452 -1745.0000000000
7553 -1743.0000000000
7559 -1742.0000000000
7643 -1741.0000000000
7673 -1739.0000000000
7719 -1738.0000000000
7827 -1737.0000000000
7876 -1736.0000000000
7938 -1735.0000000000
7957 -1734.0000000000
7988 -1733.0000000000
8028 -1732.0000000000
8029 -1731.0000000000
8086 -1730.0000000000
8139 -1729.0000000000
8160 -1728.0000000000
8180 -1727.0000000000
8207 -1726.0000000000
8260 -1725.0000000000
8273 -1724.0000000000
8328 -1723.0000000000
8430 -1722.0000000000
8469 -1721.0000000000
8488 -1720.0000000000
8601 -1719.0000000000
8612 -1718.0000000000
8619 -1717.0000000000
8679 -1716.0000000000
8681 -1715.0000000000
8754 -1713.0000000000
8851 -1712.0000000000
8904 -1711.0000000000
8942 -1710.0000000000
8961 -1709.0000000000
9011 -1708.0000000000
9068 -1707.0000000000
9103 -1706.0000000000
9128 -1705.0000000000
9174 -1704.0000000000
9204 -1703.0000000000
9216 -1702.0000000000
9245 -1701.0000000000
9367 -1700.0000000000
9403 -1699.0000000000
9406 -1698.0000000000
9459 -1697.0000000000
9528 -1696.0000000000
9532 -1695.0000000000
9537 -1693.0000000000
9625 -1692.0000000000
9659 -1691.0000000000
9712 -1690.0000000000
9753 -1689.0000000000
9805 -1688.0000000000
9861 -1686.0000000000
9901 -1685.0000000000
9905 -1684.0000000000
9958 -1683.0000000000
9978 -1682.0000000000
10000 -1686.0000000000
evaluations raw_y
1 -2029.0000000000
2 -2000.0000000000
10 -1995.0000000000
14 -1966.0000000000
30 -1948.0000000000
45 -1914.0000000000
249 -1913.0000000000
324 -1912.0000000000
337 -1911.0000000000
353 -1910.0000000000
371 -1909.0000000000
426 -1908.0000000000
441 -1907.0000000000
485 -1906.0000000000
516 -1905.0000000000
562 -1904.0000000000
582 -1903.0000000000
596 -1902.0000000000
648 -1901.0000000000
659 -1899.0000000000
723 -1898.0000000000
735 -1897.0000000000
799 -1895.0000000000
803 -1894.0000000000
819 -1893.0000000000
908 -1892.0000000000
930 -1891.0000000000
966 -1890.0000000000
999 -1889.0000000000
1003 -1888.0000000000
1048 -1887.0000000000
1051 -1886.0000000000
1092 -1885.0000000000
1145 -1884.0000000000
1155 -1883.0000000000
1187 -1882.0000000000
1204 -1880.0000000000
1266 -1879.0000000000
1273 -1878.0000000000
1309 -1877.0000000000
1325 -1875.0000000000
1434 -1874.0000000000
1443 -1873.0000000000
1459 -1871.0000000000
1468 -1870.0000000000
1498 -1869.0000000000
1560 -1868.0000000000
1601 -1867.0000000000
1649 -1866.0000000000
1674 -1865.0000000000
1742 -1864.0000000000
1775 -1863.0000000000
1814 -1862.0000000000
1855 -1861.0000000000
1903 -1860.0000000000
1924 -1859.0000000000
1990 -1858.0000000000
2035 -1857.0000000000
2080 -1856.0000000000
2121 -1855.0000000000
2151 -1854.0000000000
2196 -1853.0000000000
2255 -1852.0000000000
2292 -1850.0000000000
2293 -1849.0000000000
2394 -1847.0000000000
2464 -1845.0000000000
2517 -1844.0000000000
2542 -1843.0000000000
2619 -1842.0000000000
2655 -1841.0000000000
2717 -1840.0000000000
2729 -1838.0000000000
2759 -1837.0000000000
2821 -1836.0000000000
2839 -1835.0000000000
2918 -1834.0000000000
2940 -1833.0000000000
2960 -1832.0000000000
2963 -1831.0000000000
2994 -1830.0000000000
3011 -1829.0000000000
3066 -1828.0000000000
3080 -1827.0000000000
3161 -1826.0000000000
3176 -1825.0000000000
3247 -1824.0000000000
3311 -1823.0000000000
3313 -1822.0000000000
3333 -1821.0000000000
3341 -1820.0000000000
3382 -1819.0000000000
3468 -1818.0000000000
3489 -1816.0000000000
3563 -1814.0000000000
3649 -1813.0000000000
3680 -1812.0000000000
3695 -1810.0000000000
3733 -1809.0000000000
3833 -1808.0000000000
3844 -1807.0000000000
3873 -1806.0000000000
3907 -1805.0000000000
3932 -1804.0000000000
3947 -1803.0000000000
3960 -1802.0000000000
3998 -1801.0000000000
4089 -1799.0000000000
4100 -1798.0000000000
4179 -1797.0000000000
4235 -1796.0000000000
4305 -1795.0000000000
4342 -1794.0000000000
4399 -1792.0000000000
4454 -1790.0000000000
4505 -1789.0000000000
4509 -1788.0000000000
4565 -1787.0000000000
4577 -1786.0000000000
4641 -1785.0000000000
4657 -1783.0000000000
4716 -1781.0000000000
4752 -1780.0000000000
4807 -1779.0000000000
4846 -1776.0000000000
4850 -1775.0000000000
4973 -1774.0000000000
5004 -1773.0000000000
5042 -1772.0000000000
5078 -1771.0000000000
5116 -1770.0000000000
5175 -1769.0000000000
5202 -1768.0000000000
5247 -1766.0000000000
5302 -1765.0000000000
5314 -1764.0000000000
5343 -1763.0000000000
5348 -1762.0000000000
5519 -1760.0000000000
5637 -1759.0000000000
5656 -1758.0000000000
5727 -1757.0000000000
5740 -1756.0000000000
5770 -1755.0000000000
5826 -1754.0000000000
5844 -1753.0000000000
5903 -1752.0000000000
5907 -1751.0000000000
5953 -1750.0000000000
5982 -1749.0000000000
5983 -1748.0000000000
6015 -1746.0000000000
6030 -1745.0000000000
6061 -1744.0000000000
6102 -1743.0000000000
6211 -1741.0000000000
6253 -1740.0000000000
6317 -1738.0000000000
6365 -1734.0000000000
6491 -1733.0000000000
6536 -1732.0000000000
6587 -1731.0000000000
6591 -1730.0000000000
6643 -1728.0000000000
6764 -1727.0000000000
6793 -1726.0000000000
6825 -1725.0000000000
6888 -1723.0000000000
6940 -1722.0000000000
6962 -1721.0000000000
6988 -1720.0000000000
7048 -1718.0000000000
7117 -1717.0000000000
7182 -1716.0000000000
7218 -1715.0000000000
7325 -1714.0000000000
7330 -1713.0000000000
7445 -1712.0000000000
7453 -1711.0000000000
7477 -1709.0000000000
7591 -1708.0000000000
7610 -1707.0000000000
7663 -1706.0000000000
7711 -1705.0000000000
7758 -1704.0000000000
7839 -1703.0000000000
7912 -1702.0000000000
7990 -1701.0000000000
8061 -1699.0000000000
8098 -1698.0000000000
8118 -1697.0000000000
8179 -1696.0000000000
8248 -1695.0000000000
8290 -1694.0000000000
8322 -1693.0000000000
8366 -1692.0000000000
8428 -1691.0000000000
8476 -1690.0000000000
8528 -1689.0000000000
8579 -1687.0000000000
8615 -1686.0000000000
8623 -1685.0000000000
8713 -1684.0000000000
8747 -1683.0000000000
8786 -1682.0000000000
8858 -1681.0000000000
8898 -1680.0000000000
8981 -1679.0000000000
9011 -1678.0000000000
9028 -1677.0000000000
9066 -1676.0000000000
9117 -1675.0000000000
9137 -1674.0000000000
9240 -1673.0000000000
9258 -1672.0000000000
9300 -1671.0000000000
9354 -1670.0000000000
9363 -1669.0000000000
9393 -1668.0000000000
9436 -1667.0000000000
9528 -1666.0000000000
9574 -1664.0000000000
9647 -1662.0000000000
9768 -1661.0000000000
9820 -1660.0000000000
9853 -1659.0000000000
9878 -1658.0000000000
9913 -1656.0000000000
9995 -1655.0000000000
10000 -1661.0000000000
evaluations raw_y
1 -1976.0000000000
6 -1975.0000000000
11 -1967.0000000000
38 -1924.0000000000
95 -1923.0000000000
152 -1922.0000000000
209 -1921.0000000000
248 -1920.0000000000
266 -1919.0000000000
337 -1918.0000000000
447 -1917.0000000000
450 -1915.0000000000
521 -1914.0000000000
534 -1913.0000000000
587 -1912.0000000000
612 -1911.0000000000
648 -1908.0000000000
743 -1907.0000000000
778 -1906.0000000000
896 -1905.0000000000
908 -1904.0000000000
915 -1903.0000000000
950 -1902.0000000000
955 -1901.0000000000
1039 -1898.0000000000
1055 -1897.0000000000
1097 -1896.0000000000
1157 -1895.0000000000
1190 -1894.0000000000
1282 -1893.0000000000
1298 -1891.0000000000
1356 -1890.0000000000
1400 -1889.0000000000
1421 -1888.0000000000
1439 -1887.0000000000
1470 -1886.0000000000
1505 -1885.0000000000
1564 -1884.0000000000
1618 -1883.0000000000
1662 -1882.0000000000
1713 -1881.0000000000
1726 -1880.0000000000
1765 -1879.0000000000
1808 -1878.0000000000
1880 -1877.0000000000
1911 -1876.0000000000
1988 -1875.0000000000
2032 -1874.0000000000
2067 -1871.0000000000
2180 -1870.0000000000
2239 -1868.0000000000
2249 -1867.0000000000
2282 -1866.0000000000
2326 -1865.0000000000
2328 -1864.0000000000
2436 -1863.0000000000
2483 -1862.0000000000
2512 -1861.0000000000
2553 -1860.0000000000
2630 -1859.0000000000
2641 -1858.0000000000
2716 -1857.0000000000
2734 -1855.0000000000
2775 -1854.0000000000
2811 -1852.0000000000
2904 -1851.0000000000
2916 -1850.0000000000
2974 -1849.0000000000
3010 -1848.0000000000
3047 -1847.0000000000
3066 -1846.0000000000
3085 -1845.0000000000
3088 -1844.0000000000
3128 -1842.0000000000
3148 -1841.0000000000
3177 -1840.0000000000
3258 -1838.0000000000
3311 -1836.0000000000
3398 -1835.0000000000
3409 -1834.0000000000
3415 -1833.0000000000
3442 -1832.0000000000
3543 -1831.0000000000
3556 -1830.0000000000
3604 -1829.0000000000
3609 -1827.0000000000
3708 -1826.0000000000
3741 -1825.0000000000
3756 -1824.0000000000
3811 -1823.0000000000
3815 -1822.0000000000
3843 -1821.0000000000
3923 -1820.0000000000
3947 -1819.0000000000
3950 -1816.0000000000
4036 -1815.0000000000
4114 -1814.0000000000
4155 -1813.0000000000
4189 -1812.0000000000
4205 -1810.0000000000
4233 -1809.0000000000
4235 -1808.0000000000
4298 -1807.0000000000
4321 -1806.0000000000
4387 -1805.0000000000
4436 -1804.0000000000
4470 -1803.0000000000
4495 -1802.0000000000
4552 -1801.0000000000
4557 -1800.0000000000
4602 -1799.0000000000
4612 -1798.0000000000
4626 -1797.0000000000
4720 -1796.0000000000
4790 -1795.0000000000
4842 -1794.0000000000
4843 -1793.0000000000
4911 -1792.0000000000
4936 -1791.0000000000
4994 -1790.0000000000
5002 -1788.0000000000
5104 -1786.0000000000
5197 -1783.0000000000
5308 -1782.0000000000
5446 -1781.0000000000
5477 -1780.0000000000
5512 -1779.0000000000
5566 -1778.0000000000
5648 -1777.0000000000
5709 -1776.0000000000
5734 -1775.0000000000
5811 -1774.0000000000
5848 -1773.0000000000
5883 -1771.0000000000
5896 -1770.0000000000
5929 -1769.0000000000
6008 -1767.0000000000
6025 -1766.0000000000
6140 -1765.0000000000
6174 -1764.0000000000
6277 -1763.0000000000
6303 -1762.0000000000
6304 -1761.0000000000
6347 -1760.0000000000
6371 -1759.0000000000
6442 -1758.0000000000
6495 -1757.0000000000
6496 -1755.0000000000
6512 -1754.0000000000
6555 -1753.0000000000
6662 -1752.0000000000
6691 -1751.0000000000
6716 -1750.0000000000
6733 -1749.0000000000
6801 -1747.0000000000
6867 -1746.0000000000
6869 -1745.0000000000
6893 -1744.0000000000
6959 -1743.0000000000
7002 -1742.0000000000
7033 -1741.0000000000
7058 -1739.0000000000
7158 -1736.0000000000
7209 -1735.0000000000
7250 -1734.0000000000
7254 -1733.0000000000
7268 -1732.0000000000
7364 -1731.0000000000
7368 -1729.0000000000
7442 -1727.0000000000
7453 -1726.0000000000
7548 -1725.0000000000
7637 -1724.0000000000
7667 -1723.0000000000
7695 -1722.0000000000
7728 -1721.0000000000
7733 -1720.0000000000
7782 -1718.0000000000
7838 -1717.0000000000
7840 -1714.0000000000
7920 -1713.0000000000
8020 -1712.0000000000
8088 -1711.0000000000
8146 -1710.0000000000
8178 -1709.0000000000
8182 -1708.0000000000
8264 -1707.0000000000
8325 -1706.0000000000
8387 -1705.0000000000
8412 -1704.0000000000
8426 -1703.0000000000
8459 -1702.0000000000
8476 -1701.0000000000
8542 -1700.0000000000
8550 -1699.0000000000
8599 -1698.0000000000
8608 -1697.0000000000
8710 -1696.0000000000
8747 -1695.0000000000
8819 -1694.0000000000
8850 -1693.0000000000
8875 -1691.0000000000
8893 -1690.0000000000
8923 -1689.0000000000
9002 -1688.0000000000
9024 -1687.0000000000
9094 -1686.0000000000
9096 -1684.0000000000
9125 -1683.0000000000
9131 -1682.0000000000
9145 -1681.0000000000
9251 -1680.0000000000
9270 -1679.0000000000
9329 -1678.0000000000
9403 -1677.0000000000
9429 -1676.0000000000
9516 -1675.0000000000
9532 -1673.0000000000
9600 -1672.0000000000
9638 -1671.0000000000
9757 -1670.0000000000
9807 -1669.0000000000
9819 -1668.0000000000
9873 -1667.0000000000
9889 -1666.0000000000
9910 -1665.0000000000
10000 -1668.0000000000
evaluations raw_y
1 -2020.0000000000
2 -1945.0000000000
29 -1923.0000000000
146 -1922.0000000000
182 -1921.0000000000
226 -1920.0000000000
261 -1919.0000000000
356 -1918.0000000000
395 -1917.0000000000
406 -1915.0000000000
442 -1914.0000000000
482 -1913.0000000000
574 -1911.0000000000
684 -1910.0000000000
703 -1909.0000000000
737 -1908.0000000000
785 -1906.0000000000
805 -1905.0000000000
849 -1904.0000000000
926 -1903.0000000000
964 -1901.0000000000
991 -1900.0000000000
1013 -1899.0000000000
1068 -1898.0000000000
1160 -1897.0000000000
1174 -1896.0000000000
1202 -1895.0000000000
1246 -1894.0000000000
1298 -1893.0000000000
1318 -1892.0000000000
1380 -1891.0000000000
1408 -1890.0000000000
1467 -1889.0000000000
1496 -1888.0000000000
1555 -1887.0000000000
1598 -1886.0000000000
1600 -1885.0000000000
1610 -1884.0000000000
1641 -1882.0000000000
1681 -1881.0000000000
1760 -1880.0000000000
1765 -1879.0000000000
1797 -1878.0000000000
1883 -1876.0000000000
1928 -1875.0000000000
1966 -1873.0000000000
2079 -1872.0000000000
2093 -1871.0000000000
2142 -1868.0000000000
2211 -1867.0000000000
2268 -1865.0000000000
2354 -1864.0000000000
2374 -1863.0000000000
2405 -1861.0000000000
2447 -1860.0000000000
2480 -1859.0000000000
2510 -1858.0000000000
2577 -1856.0000000000
2651 -1855.0000000000
2657 -1854.0000000000
2742 -1852.0000000000
2821 -1851.0000000000
2873 -1850.0000000000
2917 -1849.0000000000
2945 -1848.0000000000
2955 -1847.0000000000
2988 -1844.0000000000
3053 -1843.0000000000
3114 -1842.0000000000
3159 -1841.0000000000
3203 -1840.0000000000
3248 -1839.0000000000
3276 -1838.0000000000
3319 -1836.0000000000
3383 -1835.0000000000
3447 -1833.0000000000
3517 -1832.0000000000
3589 -1831.0000000000
3601 -1830.0000000000
3645 -1829.0000000000
3691 -1828.0000000000
3751 -1827.0000000000
3791 -1826.0000000000
3805 -1825.0000000000
3859 -1824.0000000000
3914 -1823.0000000000
3932 -1822.0000000000
3991 -1820.0000000000
4108 -1818.0000000000
4167 -1817.0000000000
4233 -1816.0000000000
4303 -1813.0000000000
4311 -1812.0000000000
4399 -1811.0000000000
4401 -1810.0000000000
4460 -1809.0000000000
4524 -1808.0000000000
4579 -1806.0000000000
4626 -1805.0000000000
4673 -1803.0000000000
4722 -1802.0000000000
4756 -1799.0000000000
4762 -1798.0000000000
4788 -1797.0000000000
4822 -1796.0000000000
4890 -1795.0000000000
4899 -1793.0000000000
4970 -1792.0000000000
5024 -1791.0000000000
5037 -1790.0000000000
5109 -1789.0000000000
5181 -1788.0000000000
5213 -1785.0000000000
5240 -1784.0000000000
5347 -1783.0000000000
5430 -1782.0000000000
5450 -1781.0000000000
5456 -1780.0000000000
5518 -1779.0000000000
5545 -1778.0000000000
5568 -1776.0000000000
5624 -1775.0000000000
5700 -1774.0000000000
5768 -1773.0000000000
5780 -1772.0000000000
5830 -1771.0000000000
5884 -1770.0000000000
5887 -1769.0000000000
5958 -1768.0000000000
6014 -1767.0000000000
6054 -1766.0000000000
6077 -1765.0000000000
6171 -1763.0000000000
6222 -1762.0000000000
6228 -1761.0000000000
6247 -1760.0000000000
6359 -1759.0000000000
6391 -1758.0000000000
6423 -1757.0000000000
6471 -1756.0000000000
6520 -1755.0000000000
6528 -1754.0000000000
6554 -1753.0000000000
6587 -1752.0000000000
6608 -1751.0000000000
6662 -1750.0000000000
6736 -1749.0000000000
6774 -1748.0000000000
6852 -1747.0000000000
6861 -1746.0000000000
6885 -1744.0000000000
6908 -1743.0000000000
7109 -1742.0000000000
7131 -1741.0000000000
7155 -1739.0000000000
7174 -1738.0000000000
7212 -1737.0000000000
7252 -1735.0000000000
7313 -1734.0000000000
7345 -1733.0000000000
7390 -1732.0000000000
7392 -1731.0000000000
7477 -1730.0000000000
7493 -1729.0000000000
7504 -1728.0000000000
7525 -1727.0000000000
7573 -1726.0000000000
7596 -1725.0000000000
7676 -1724.0000000000
7753 -1723.0000000000
7760 -1722.0000000000
7838 -1720.0000000000
7877 -1718.0000000000
7900 -1717.0000000000
7912 -1716.0000000000
7973 -1715.0000000000
8099 -1714.0000000000
8108 -1713.0000000000
8178 -1712.0000000000
8218 -1711.0000000000
8279 -1710.0000000000
8305 -1708.0000000000
8373 -1707.0000000000
8384 -1706.0000000000
8460 -1705.0000000000
8474 -1704.0000000000
8519 -1702.0000000000
8537 -1701.0000000000
8584 -1700.0000000000
8665 -1699.0000000000
8667 -1698.0000000000
8688 -1697.0000000000
8745 -1695.0000000000
8801 -1694.0000000000
8848 -1693.0000000000
8903 -1692.0000000000
8990 -1691.0000000000
9050 -1690.0000000000
9074 -1689.0000000000
9091 -1687.0000000000
9112 -1686.0000000000
9148 -1685.0000000000
9161 -1684.0000000000
9244 -1683.0000000000
9276 -1682.0000000000
9304 -1681.0000000000
9351 -1680.0000000000
9392 -1679.0000000000
9411 -1678.0000000000
9478 -1677.0000000000
9486 -1675.0000000000
9628 -1674.0000000000
9676 -1673.0000000000
9721 -1672.0000000000
9803 -1671.0000000000
9810 -1670.0000000000
9838 -1669.0000000000
9863 -1668.0000000000
9896 -1667.0000000000
9958 -1666.0000000000
9976 -1665.0000000000
10000 -1667.0000000000
evaluations raw_y
1 -1988.0000000000
3 -1973.0000000000
5 -1967.0000000000
9 -1930.0000000000
147 -1929.0000000000
168 -1927.0000000000
188 -1926.0000000000
354 -1925.0000000000
367 -1924.0000000000
432 -1923.0000000000
465 -1922.0000000000
492 -1921.0000000000
509 -1920.0000000000
543 -1919.0000000000
603 -1918.0000000000
606 -1916.0000000000
626 -1915.0000000000
656 -1914.0000000000
659 -1913.0000000000
690 -1911.0000000000
715 -1910.0000000000
825 -1909.0000000000
862 -1908.0000000000
879 -1907.0000000000
958 -1905.0000000000
1050 -1904.0000000000
1088 -1903.0000000000
1152 -1902.0000000000
1183 -1901.0000000000
1200 -1900.0000000000
1206 -1899.0000000000
1251 -1898.0000000000
1350 -1897.0000000000
1375 -1896.0000000000
1381 -1895.0000000000
1430 -1893.0000000000
1461 -1892.0000000000
1465 -1890.0000000000
1481 -1889.0000000000
1554 -1886.0000000000
1675 -1885.0000000000
1692 -1884.0000000000
1707 -1883.0000000000
1732 -1881.0000000000
1798 -1879.0000000000
1825 -1878.0000000000
1840 -1877.0000000000
1960 -1876.0000000000
2009 -1875.0000000000
2010 -1874.0000000000
2034 -1873.0000000000
2086 -1872.0000000000
2139 -1871.0000000000
2171 -1870.0000000000
2213 -1869.0000000000
2251 -1867.0000000000
2329 -1866.0000000000
2371 -1865.0000000000
2396 -1864.0000000000
2414 -1863.0000000000
2494 -1862.0000000000
2496 -1861.0000000000
2598 -1860.0000000000
2616 -1859.0000000000
2662 -1857.0000000000
2670 -1855.0000000000
2689 -1854.0000000000
2775 -1853.0000000000
2817 -1851.0000000000
2860 -1850.0000000000
2870 -1849.0000000000
2888 -1847.0000000000
3000 -1846.0000000000
3001 -1845.0000000000
3026 -1844.0000000000
3065 -1843.0000000000
3086 -1842.0000000000
3099 -1840.0000000000
3147 -1839.0000000000
3202 -1838.0000000000
3241 -1837.0000000000
3252 -1836.0000000000
3258 -1835.0000000000
3289 -1834.0000000000
3376 -1832.0000000000
3424 -1831.0000000000
3516 -1830.0000000000
3539 -1829.0000000000
3588 -1828.0000000000
3600 -1827.0000000000
3619 -1826.0000000000
3646 -1825.0000000000
3687 -1822.0000000000
3781 -1821.0000000000
3836 -1820.0000000000
3838 -1819.0000000000
3946 -1818.0000000000
3970 -1817.0000000000
4011 -1816.0000000000
4087 -1814.0000000000
4113 -1812.0000000000
4166 -1811.0000000000
4223 -1810.0000000000
4247 -1809.0000000000
4295 -1808.0000000000
4344 -1807.0000000000
4360 -1806.0000000000
4382 -1804.0000000000
4485 -1803.0000000000
4511 -1802.0000000000
4553 -1801.0000000000
4589 -1800.0000000000
4619 -1799.0000000000
4633 -1798.0000000000
4695 -1797.0000000000
4723 -1796.0000000000
4772 -1795.0000000000
4828 -1794.0000000000
4871 -1793.0000000000
4882 -1792.0000000000
4889 -1791.0000000000
4929 -1790.0000000000
4983 -1789.0000000000
5073 -1788.0000000000
5075 -1787.0000000000
5130 -1786.0000000000
5147 -1785.0000000000
5165 -1784.0000000000
5176 -1783.0000000000
5229 -1782.0000000000
5281 -1781.0000000000
5314 -1780.0000000000
5334 -1779.0000000000
5382 -1778.0000000000
5418 -1776.0000000000
5483 -1775.0000000000
5529 -1774.0000000000
5568 -1773.0000000000
5569 -1772.0000000000
5640 -1771.0000000000
5676 -1770.0000000000
5679 -1767.0000000000
5734 -1766.0000000000
5738 -1765.0000000000
5746 -1764.0000000000
5816 -1763.0000000000
5833 -1762.0000000000
5857 -1761.0000000000
5952 -1760.0000000000
5979 -1759.0000000000
6027 -1758.0000000000
6042 -1757.0000000000
6052 -1756.0000000000
6094 -1755.0000000000
6126 -1754.0000000000
6127 -1753.0000000000
6189 -1752.0000000000
6199 -1751.0000000000
6243 -1750.0000000000
6282 -1749.0000000000
6285 -1748.0000000000
6336 -1747.0000000000
6343 -1746.0000000000
6396 -1744.0000000000
6410 -1743.0000000000
6538 -1742.0000000000
6552 -1741.0000000000
6593 -1739.0000000000
6636 -1738.0000000000
6664 -1737.0000000000
6726 -1736.0000000000
6763 -1734.0000000000
6797 -1733.0000000000
6837 -1731.0000000000
6914 -1730.0000000000
7015 -1729.0000000000
7067 -1728.0000000000
7081 -1727.0000000000
7170 -1726.0000000000
7174 -1725.0000000000
7243 -1724.0000000000
7301 -1723.0000000000
7352 -1722.0000000000
7398 -1721.0000000000
7451 -1720.0000000000
7471 -1719.0000000000
7490 -1718.0000000000
7493 -1716.0000000000
7512 -1714.0000000000
7641 -1713.0000000000
7659 -1709.0000000000
7696 -1708.0000000000
7806 -1707.0000000000
7849 -1706.0000000000
7882 -1705.0000000000
7895 -1704.0000000000
8005 -1703.0000000000
8038 -1702.0000000000
8048 -1701.0000000000
8116 -1699.0000000000
8192 -1698.0000000000
8252 -1697.0000000000
8321 -1696.0000000000
8339 -1694.0000000000
8443 -1692.0000000000
8491 -1691.0000000000
8545 -1689.0000000000
8639 -1688.0000000000
8669 -1687.0000000000
8675 -1686.0000000000
8741 -1685.0000000000
8758 -1684.0000000000
8858 -1683.0000000000
8895 -1682.0000000000
8903 -1681.0000000000
8935 -1680.0000000000
9007 -1678.0000000000
9077 -1677.0000000000
9156 -1676.0000000000
9215 -1674.0000000000
9249 -1673.0000000000
9250 -1672.0000000000
9341 -1671.0000000000
9390 -1670.0000000000
9459 -1668.0000000000
9587 -1667.0000000000
9618 -1666.0000000000
9667 -1665.0000000000
9700 -1664.0000000000
9769 -1663.0000000000
9796 -1662.0000000000
9814 -1661.0000000000
9829 -1660.0000000000
9858 -1659.0000000000
9969 -1658.0000000000
9999 -1657.0000000000
10000 -1661.0000000000
evaluations raw_y
1 -2043.0000000000
2 -1989.0000000000
3 -1961.0000000000
29 -1945.0000000000
194 -1944.0000000000
222 -1943.0000000000
271 -1942.0000000000
337 -1941.0000000000
341 -1939.0000000000
390 -1938.0000000000
459 -1937.0000000000
475 -1936.0000000000
509 -1935.0000000000
567 -1934.0000000000
569 -1933.0000000000
632 -1932.0000000000
692 -1931.0000000000
718 -1930.0000000000
764 -1929.0000000000
814 -1928.0000000000
833 -1927.0000000000
844 -1926.0000000000
877 -1925.0000000000
912 -1924.0000000000
981 -1922.0000000000
1048 -1921.0000000000
1077 -1920.0000000000
1084 -1919.0000000000
1193 -1918.0000000000
1226 -1917.0000000000
1248 -1916.0000000000
1269 -1915.0000000000
1281 -1914.0000000000
1345 -1913.0000000000
1348 -1912.0000000000
1428 -1911.0000000000
1447 -1910.0000000000
1528 -1908.0000000000
1564 -1906.0000000000
1603 -1904.0000000000
1605 -1903.0000000000
1650 -1900.0000000000
1783 -1899.0000000000
1820 -1898.0000000000
1861 -1897.0000000000
1862 -1896.0000000000
1893 -1895.0000000000
1946 -1893.0000000000
1988 -1892.0000000000
1995 -1891.0000000000
2077 -1890.0000000000
2089 -1889.0000000000
2145 -1888.0000000000
2220 -1887.0000000000
2239 -1886.0000000000
2250 -1885.0000000000
2352 -1884.0000000000
2357 -1883.0000000000
2389 -1882.0000000000
2463 -1881.0000000000
2552 -1880.0000000000
2580 -1879.0000000000
2623 -1878.0000000000
2626 -1877.0000000000
2663 -1876.0000000000
2674 -1875.0000000000
2684 -1874.0000000000
2794 -1873.0000000000
2850 -1871.0000000000
2911 -1870.0000000000
2944 -1869.0000000000
2984 -1868.0000000000
3060 -1867.0000000000
3061 -1866.0000000000
3100 -1865.0000000000
3130 -1864.0000000000
3183 -1862.0000000000
3194 -1861.0000000000
3209 -1860.0000000000
3265 -1859.0000000000
3292 -1858.0000000000
3321 -1857.0000000000
3348 -1856.0000000000
3398 -1855.0000000000
3429 -1854.0000000000
3461 -1853.0000000000
3472 -1851.0000000000
3618 -1850.0000000000
3634 -1848.0000000000
3695 -1847.0000000000
3726 -1846.0000000000
3732 -1845.0000000000
3793 -1844.0000000000
3798 -1842.0000000000
3820 -1841.0000000000
3823 -1839.0000000000
3895 -1838.0000000000
3903 -1837.0000000000
4028 -1836.0000000000
4070 -1834.0000000000
4095 -1833.0000000000
4118 -1832.0000000000
4190 -1829.0000000000
4206 -1828.0000000000
4304 -1827.0000000000
4306 -1825.0000000000
4425 -1824.0000000000
4456 -1823.0000000000
4501 -1822.0000000000
4538 -1821.0000000000
4562 -1820.0000000000
4601 -1819.0000000000
4602 -1818.0000000000
4603 -1817.0000000000
4621 -1815.0000000000
4684 -1814.0000000000
4755 -1813.0000000000
4819 -1810.0000000000
4920 -1809.0000000000
4931 -1808.0000000000
4981 -1806.0000000000
4986 -1805.0000000000
5002 -1804.0000000000
5055 -1803.0000000000
5088 -1802.0000000000
5131 -1801.0000000000
5148 -1799.0000000000
5170 -1798.0000000000
5214 -1797.0000000000
5283 -1796.0000000000
5362 -1794.0000000000
5413 -1793.0000000000
5432 -1792.0000000000
5494 -1791.0000000000
5544 -1790.0000000000
5556 -1789.0000000000
5590 -1788.0000000000
5600 -1786.0000000000
5698 -1785.0000000000
5735 -1784.0000000000
5744 -1783.0000000000
5747 -1782.0000000000
5825 -1780.0000000000
5833 -1779.0000000000
5914 -1778.0000000000
5946 -1777.0000000000
5991 -1776.0000000000
6058 -1775.0000000000
6107 -1774.0000000000
6114 -1773.0000000000
6139 -1772.0000000000
6162 -1771.0000000000
6237 -1769.0000000000
6309 -1768.0000000000
6345 -1767.0000000000
6372 -1766.0000000000
6389 -1765.0000000000
6395 -1764.0000000000
6420 -1763.0000000000
6435 -1762.0000000000
6473 -1761.0000000000
6548 -1760.0000000000
6553 -1759.0000000000
6577 -1758.0000000000
6622 -1757.0000000000
6649 -1756.0000000000
6677 -1755.0000000000
6722 -1753.0000000000
6794 -1752.0000000000
6837 -1750.0000000000
6888 -1749.0000000000
6959 -1747.0000000000
7058 -1744.0000000000
7168 -1743.0000000000
7217 -1741.0000000000
7234 -1739.0000000000
7380 -1738.0000000000
7427 -1737.0000000000
7437 -1735.0000000000
7582 -1732.0000000000
7706 -1731.0000000000
7763 -1730.0000000000
7787 -1729.0000000000
7847 -1728.0000000000
7875 -1726.0000000000
7929 -1725.0000000000
7976 -1723.0000000000
8041 -1722.0000000000
8114 -1721.0000000000
8169 -1720.0000000000
8177 -1719.0000000000
8231 -1718.0000000000
8267 -1717.0000000000
8276 -1716.0000000000
8307 -1715.0000000000
8352 -1714.0000000000
8433 -1713.0000000000
8498 -1712.0000000000
8534 -1711.0000000000
8554 -1710.0000000000
8584 -1709.0000000000
8675 -1708.0000000000
8755 -1707.0000000000
8776 -1706.0000000000
8793 -1705.0000000000
8848 -1704.0000000000
8920 -1701.0000000000
8926 -1700.0000000000
9008 -1699.0000000000
9144 -1697.0000000000
9188 -1696.0000000000
9196 -1695.0000000000
9286 -1693.0000000000
9384 -1690.0000000000
9431 -1689.0000000000
9460 -1688.0000000000
9545 -1686.0000000000
9566 -1684.0000000000
9578 -1683.0000000000
9614 -1682.0000000000
9615 -1681.0000000000
9670 -1680.0000000000
9729 -1679.0000000000
9806 -1678.0000000000
9819 -1677.0000000000
9868 -1676.0000000000
9915 -1675.0000000000
9991 -1674.0000000000
10000 -1675.0000000000
evaluations raw_y
1 -2063.0000000000
2 -1982.0000000000
12 -1938.0000000000
144 -1936.0000000000
198 -1935.0000000000
244 -1934.0000000000
273 -1933.0000000000
293 -1932.0000000000
302 -1931.0000000000
333 -1930.0000000000
357 -1929.0000000000
395 -1928.0000000000
420 -1927.0000000000
500 -1926.0000000000
502 -1925.0000000000
585 -1924.0000000000
605 -1923.0000000000
624 -1922.0000000000
626 -1921.0000000000
658 -1920.0000000000
725 -1919.0000000000
803 -1918.0000000000
833 -1917.0000000000
854 -1916.0000000000
856 -1915.0000000000
980 -1914.0000000000
984 -1913.0000000000
990 -1912.0000000000
998 -1911.0000000000
1074 -1906.0000000000
1252 -1904.0000000000
1377 -1903.0000000000
1395 -1902.0000000000
1411 -1901.0000000000
1421 -1900.0000000000
1427 -1899.0000000000
1438 -1898.0000000000
1508 -1897.0000000000
1522 -1896.0000000000
1589 -1895.0000000000
1667 -1894.0000000000
1735 -1893.0000000000
1762 -1892.0000000000
1772 -1891.0000000000
1780 -1890.0000000000
1813 -1887.0000000000
1911 -1886.0000000000
1919 -1884.0000000000
1946 -1883.0000000000
2013 -1882.0000000000
2087 -1881.0000000000
2093 -1880.0000000000
2151 -1879.0000000000
2177 -1878.0000000000
2183 -1877.0000000000
2190 -1876.0000000000
2255 -1875.0000000000
2313 -1874.0000000000
2340 -1873.0000000000
2351 -1872.0000000000
2388 -1871.0000000000
2406 -1870.0000000000
2416 -1869.0000000000
2498 -1868.0000000000
2522 -1867.0000000000
2553 -1866.0000000000
2590 -1865.0000000000
2658 -1864.0000000000
2684 -1863.0000000000
2716 -1862.0000000000
2738 -1861.0000000000
2807 -1860.0000000000
2869 -1859.0000000000
2925 -1858.0000000000
2951 -1857.0000000000
3021 -1856.0000000000
3052 -1854.0000000000
3070 -1853.0000000000
3121 -1852.0000000000
3157 -1851.0000000000
3220 -1850.0000000000
3249 -1849.0000000000
3295 -1848.0000000000
3318 -1847.0000000000
3336 -1846.0000000000
3366 -1845.0000000000
3413 -1844.0000000000
3421 -1843.0000000000
3470 -1842.0000000000
3549 -1841.0000000000
3572 -1840.0000000000
3643 -1839.0000000000
3676 -1838.0000000000
3718 -1837.0000000000
3730 -1836.0000000000
3748 -1835.0000000000
3839 -1834.0000000000
3892 -1833.0000000000
3933 -1832.0000000000
3947 -1831.0000000000
3974 -1830.0000000000
4000 -1829.0000000000
4093 -1827.0000000000
4144 -1826.0000000000
4217 -1825.0000000000
4248 -1824.0000000000
4296 -1823.0000000000
4333 -1822.0000000000
4367 -1821.0000000000
4394 -1820.0000000000
4399 -1818.0000000000
4458 -1817.0000000000
4546 -1816.0000000000
4565 -1814.0000000000
4582 -1813.0000000000
4720 -1812.0000000000
4724 -1811.0000000000
4800 -1810.0000000000
4829 -1808.0000000000
4839 -1807.0000000000
4856 -1806.0000000000
4965 -1805.0000000000
5023 -1804.0000000000
5067 -1803.0000000000
5126 -1802.0000000000
5153 -1801.0000000000
5173 -1800.0000000000
5215 -1799.0000000000
5273 -1798.0000000000
5329 -1797.0000000000
5335 -1796.0000000000
5394 -1795.0000000000
5440 -1794.0000000000
5460 -1793.0000000000
5501 -1792.0000000000
5603 -1791.0000000000
5622 -1790.0000000000
5643 -1789.0000000000
5689 -1788.0000000000
5765 -1786.0000000000
5871 -1785.0000000000
5876 -1784.0000000000
5894 -1782.0000000000
5988 -1781.0000000000
5998 -1780.0000000000
6027 -1777.0000000000
6064 -1776.0000000000
6071 -1775.0000000000
6188 -1774.0000000000
6215 -1772.0000000000
6298 -1771.0000000000
6337 -1770.0000000000
6370 -1769.0000000000
6376 -1768.0000000000
6408 -1766.0000000000
6511 -1765.0000000000
6530 -1764.0000000000
6583 -1763.0000000000
6634 -1762.0000000000
6694 -1761.0000000000
6723 -1760.0000000000
6744 -1759.0000000000
6842 -1758.0000000000
6863 -1755.0000000000
6919 -1752.0000000000
6970 -1751.0000000000
6992 -1750.0000000000
7049 -1748.0000000000
7161 -1747.0000000000
7215 -1746.0000000000
7224 -1745.0000000000
7317 -1743.0000000000
7410 -1742.0000000000
7491 -1741.0000000000
7500 -1740.0000000000
7528 -1738.0000000000
7556 -1737.0000000000
7663 -1736.0000000000
7670 -1735.0000000000
7701 -1734.0000000000
7729 -1733.0000000000
7735 -1732.0000000000
7847 -1730.0000000000
7878 -1729.0000000000
7937 -1727.0000000000
8029 -1725.0000000000
8165 -1724.0000000000
8211 -1723.0000000000
8274 -1722.0000000000
8292 -1720.0000000000
8340 -1719.0000000000
8378 -1718.0000000000
8401 -1717.0000000000
8413 -1716.0000000000
8466 -1715.0000000000
8532 -1714.0000000000
8593 -1713.0000000000
8666 -1711.0000000000
8719 -1710.0000000000
8723 -1709.0000000000
8772 -1708.0000000000
8815 -1707.0000000000
8843 -1706.0000000000
8944 -1705.0000000000
8971 -1704.0000000000
9059 -1703.0000000000
9128 -1702.0000000000
9155 -1701.0000000000
9233 -1700.0000000000
9253 -1699.0000000000
9265 -1698.0000000000
9307 -1697.0000000000
9364 -1696.0000000000
9391 -1695.0000000000
9404 -1694.0000000000
9412 -1693.0000000000
9433 -1689.0000000000
9580 -1688.0000000000
9618 -1687.0000000000
9690 -1686.0000000000
9782 -1685.0000000000
9859 -1684.0000000000
9866 -1683.0000000000
9895 -1682.0000000000
9927 -1681.0000000000
9974 -1680.0000000000
10000 -1683.0000000000
evaluations raw_y
1 -2008.0000000000
4 -1962.0000000000
21 -1933.0000000000
263 -1931.0000000000
347 -1930.0000000000
372 -1928.0000000000
400 -1927.0000000000
414 -1925.0000000000
446 -1924.0000000000
464 -1922.0000000000
570 -1921.0000000000
579 -1920.0000000000
605 -1919.0000000000
651 -1918.0000000000
665 -1917.0000000000
720 -1916.0000000000
751 -1915.0000000000
760 -1914.0000000000
770 -1913.0000000000
832 -1912.0000000000
876 -1911.0000000000
880 -1910.0000000000
922 -1909.0000000000
934 -1908.0000000000
992 -1907.0000000000
1064 -1906.0000000000
1066 -1904.0000000000
1126 -1903.0000000000
1162 -1902.0000000000
1191 -1901.0000000000
1237 -1900.0000000000
1293 -1899.0000000000
1326 -1898.0000000000
1415 -1897.0000000000
1448 -1895.0000000000
1500 -1894.0000000000
1523 -1893.0000000000
1564 -1892.0000000000
1636 -1891.0000000000
1643 -1890.0000000000
1680 -1889.0000000000
1711 -1888.0000000000
1789 -1886.0000000000
1863 -1885.0000000000
1890 -1884.0000000000
1908 -1883.0000000000
1921 -1881.0000000000
1956 -1880.0000000000
2015 -1879.0000000000
2054 -1878.0000000000
2107 -1877.0000000000
2119 -1876.0000000000
2157 -1875.0000000000
2194 -1874.0000000000
2196 -1873.0000000000
2257 -1871.0000000000
2311 -1870.0000000000
2360 -1869.0000000000
2388 -1867.0000000000
2410 -1865.0000000000
2461 -1864.0000000000
2507 -1862.0000000000
2574 -1861.0000000000
2594 -1860.0000000000
2636 -1859.0000000000
2676 -1858.0000000000
2749 -1857.0000000000
2791 -1856.0000000000
2836 -1855.0000000000
2838 -1854.0000000000
2866 -1853.0000000000
2941 -1851.0000000000
2966 -1850.0000000000
2974 -1849.0000000000
3040 -1848.0000000000
3083 -1847.0000000000
3162 -1846.0000000000
3169 -1845.0000000000
3175 -1844.0000000000
3274 -1843.0000000000
3287 -1842.0000000000
3373 -1841.0000000000
3439 -1840.0000000000
3463 -1839.0000000000
3487 -1838.0000000000
3522 -1837.0000000000
3524 -1836.0000000000
3553 -1835.0000000000
3583 -1833.0000000000
3593 -1832.0000000000
3660 -1831.0000000000
3720 -1830.0000000000
3777 -1829.0000000000
3792 -1828.0000000000
3813 -1826.0000000000
3900 -1824.0000000000
3987 -1823.0000000000
4018 -1822.0000000000
4124 -1821.0000000000
4156 -1820.0000000000
4240 -1818.0000000000
4309 -1815.0000000000
4380 -1814.0000000000
4382 -1813.0000000000
4448 -1812.0000000000
4452 -1811.0000000000
4541 -1810.0000000000
4616 -1809.0000000000
4650 -1808.0000000000
4696 -1807.0000000000
4736 -1806.0000000000
4779 -1805.0000000000
4828 -1804.0000000000
4831 -1803.0000000000
4866 -1802.0000000000
4885 -1799.0000000000
4946 -1798.0000000000
4983 -1797.0000000000
5025 -1796.0000000000
5033 -1795.0000000000
5108 -1793.0000000000
5187 -1792.0000000000
5205 -1791.0000000000
5270 -1790.0000000000
5287 -1789.0000000000
5333 -1788.0000000000
5451 -1787.0000000000
5452 -1786.0000000000
5485 -1785.0000000000
5567 -1784.0000000000
5615 -1783.0000000000
5644 -1782.0000000000
5703 -1781.0000000000
5722 -1779.0000000000
5769 -1778.0000000000
5828 -1777.0000000000
5855 -1776.0000000000
5909 -1775.0000000000
5954 -1774.0000000000
5975 -1773.0000000000
6053 -1772.0000000000
6105 -1771.0000000000
6113 -1770.0000000000
6151 -1769.0000000000
6185 -1768.0000000000
6197 -1767.0000000000
6280 -1766.0000000000
6341 -1765.0000000000
6376 -1764.0000000000
6428 -1763.0000000000
6445 -1762.0000000000
6491 -1761.0000000000
6571 -1759.0000000000
6597 -1758.0000000000
6617 -1757.0000000000
6698 -1756.0000000000
6709 -1755.0000000000
6769 -1754.0000000000
6791 -1753.0000000000
6805 -1752.0000000000
6809 -1751.0000000000
6843 -1750.0000000000
6850 -1749.0000000000
6934 -1748.0000000000
7000 -1746.0000000000
7037 -1745.0000000000
7070 -1743.0000000000
7238 -1742.0000000000
7283 -1741.0000000000
7305 -1739.0000000000
7374 -1736.0000000000
7421 -1735.0000000000
7529 -1734.0000000000
7590 -1733.0000000000
7600 -1732.0000000000
7636 -1731.0000000000
7661 -1730.0000000000
7713 -1728.0000000000
7726 -1727.0000000000
7829 -1726.0000000000
7864 -1725.0000000000
7882 -1722.0000000000
7931 -1721.0000000000
7998 -1720.0000000000
8015 -1719.0000000000
8100 -1718.0000000000
8106 -1717.0000000000
8130 -1716.0000000000
8192 -1715.0000000000
8213 -1714.0000000000
8287 -1713.0000000000
8293 -1712.0000000000
8339 -1711.0000000000
8374 -1710.0000000000
8379 -1709.0000000000
8393 -1708.0000000000
8416 -1707.0000000000
8446 -1706.0000000000
8536 -1705.0000000000
8602 -1704.0000000000
8664 -1703.0000000000
8685 -1701.0000000000
8810 -1699.0000000000
8849 -1697.0000000000
8867 -1696.0000000000
8920 -1695.0000000000
8924 -1694.0000000000
9049 -1693.0000000000
9103 -1692.0000000000
9125 -1691.0000000000
9139 -1690.0000000000
9193 -1689.0000000000
9285 -1688.0000000000
9314 -1686.0000000000
9317 -1685.0000000000
9368 -1684.0000000000
9453 -1682.0000000000
9498 -1681.0000000000
9571 -1680.0000000000
9639 -1679.0000000000
9707 -1677.0000000000
9776 -1676.0000000000
9811 -1675.0000000000
9862 -1673.0000000000
9882 -1671.0000000000
9911 -1670.0000000000
9932 -1669.0000000000
10000 -1676.0000000000
evaluations raw_y
1 -2039.0000000000
2 -2019.0000000000
3 -1989.0000000000
5 -1973.0000000000
9 -1969.0000000000
14 -1928.0000000000
52 -1927.0000000000
289 -1926.0000000000
320 -1925.0000000000
333 -1924.0000000000
340 -1923.0000000000
372 -1922.0000000000
385 -1921.0000000000
422 -1920.0000000000
454 -1919.0000000000
495 -1918.0000000000
511 -1917.0000000000
527 -1916.0000000000
615 -1914.0000000000
635 -1912.0000000000
656 -1911.0000000000
661 -1910.0000000000
763 -1909.0000000000
777 -1907.0000000000
837 -1906.0000000000
852 -1905.0000000000
928 -1904.0000000000
956 -1903.0000000000
1002 -1902.0000000000
1011 -1901.0000000000
1043 -1900.0000000000
1090 -1899.0000000000
1123 -1897.0000000000
1216 -1896.0000000000
1222 -1895.0000000000
1245 -1894.0000000000
1268 -1893.0000000000
1297 -1892.0000000000
1318 -1890.0000000000
1384 -1889.0000000000
1480 -1888.0000000000
1496 -1887.0000000000
1518 -1886.0000000000
1547 -1884.0000000000
1586 -1883.0000000000
1627 -1882.0000000000
1641 -1881.0000000000
1747 -1879.0000000000
1815 -1878.0000000000
1863 -1876.0000000000
1966 -1875.0000000000
2001 -1874.0000000000
2023 -1873.0000000000
2061 -1872.0000000000
2071 -1871.0000000000
2092 -1870.0000000000
2159 -1869.0000000000
2167 -1868.0000000000
2183 -1866.0000000000
2237 -1863.0000000000
2254 -1862.0000000000
2301 -1861.0000000000
2427 -1860.0000000000
2438 -1859.0000000000
2470 -1857.0000000000
2485 -1856.0000000000
2529 -1855.0000000000
2595 -1854.0000000000
2668 -1853.0000000000
2704 -1852.0000000000
2713 -1850.0000000000
2762 -1849.0000000000
2780 -1848.0000000000
2805 -1847.0000000000
2826 -1845.0000000000
2915 -1844.0000000000
2952 -1843.0000000000
3051 -1842.0000000000
3102 -1841.0000000000
3108 -1840.0000000000
3164 -1839.0000000000
3190 -1836.0000000000
3286 -1835.0000000000
3317 -1834.0000000000
3406 -1833.0000000000
3448 -1832.0000000000
3456 -1830.0000000000
3479 -1829.0000000000
3486 -1827.0000000000
3529 -1826.0000000000
3602 -1825.0000000000
3622 -1824.0000000000
3638 -1822.0000000000
3722 -1820.0000000000
3855 -1819.0000000000
3857 -1818.0000000000
3859 -1817.0000000000
3957 -1816.0000000000
4048 -1815.0000000000
4101 -1814.0000000000
4131 -1812.0000000000
4143 -1811.0000000000
4147 -1810.0000000000
4228 -1809.0000000000
4247 -1808.0000000000
4300 -1807.0000000000
4311 -1806.0000000000
4354 -1805.0000000000
4413 -1804.0000000000
4423 -1803.0000000000
4436 -1801.0000000000
4538 -1800.0000000000
4571 -1799.0000000000
4613 -1798.0000000000
4647 -1797.0000000000
4731 -1796.0000000000
4773 -1795.0000000000
4792 -1794.0000000000
4818 -1793.0000000000
4842 -1791.0000000000
4865 -1789.0000000000
4916 -1787.0000000000
4945 -1786.0000000000
5019 -1785.0000000000
5066 -1784.0000000000
5077 -1783.0000000000
5116 -1782.0000000000
5184 -1781.0000000000
5269 -1780.0000000000
5294 -1779.0000000000
5336 -1778.0000000000
5416 -1776.0000000000
5471 -1775.0000000000
5492 -1773.0000000000
5494 -1772.0000000000
5509 -1771.0000000000
5574 -1770.0000000000
5608 -1768.0000000000
5664 -1767.0000000000
5676 -1765.0000000000
5770 -1764.0000000000
5864 -1762.0000000000
5915 -1761.0000000000
5960 -1760.0000000000
6005 -1759.0000000000
6038 -1758.0000000000
6075 -1757.0000000000
6122 -1756.0000000000
6160 -1754.0000000000
6209 -1753.0000000000
6241 -1751.0000000000
6259 -1750.0000000000
6301 -1749.0000000000
6327 -1748.0000000000
6340 -1747.0000000000
6377 -1745.0000000000
6418 -1744.0000000000
6508 -1743.0000000000
6607 -1742.0000000000
6608 -1741.0000000000
6700 -1740.0000000000
6739 -1739.0000000000
6756 -1738.0000000000
6801 -1737.0000000000
6843 -1736.0000000000
6849 -1735.0000000000
6858 -1734.0000000000
6909 -1731.0000000000
6993 -1730.0000000000
7014 -1729.0000000000
7111 -1728.0000000000
7134 -1727.0000000000
7176 -1726.0000000000
7205 -1723.0000000000
7224 -1722.0000000000
7331 -1721.0000000000
7362 -1720.0000000000
7417 -1719.0000000000
7426 -1718.0000000000
7439 -1717.0000000000
7569 -1716.0000000000
7607 -1715.0000000000
7672 -1713.0000000000
7735 -1711.0000000000
7747 -1710.0000000000
7790 -1709.0000000000
7854 -1708.0000000000
7892 -1707.0000000000
7909 -1706.0000000000
7984 -1705.0000000000
8037 -1704.0000000000
8058 -1703.0000000000
8165 -1702.0000000000
8170 -1701.0000000000
8238 -1700.0000000000
8308 -1699.0000000000
8311 -1698.0000000000
8328 -1697.0000000000
8393 -1696.0000000000
8433 -1695.0000000000
8474 -1694.0000000000
8523 -1692.0000000000
8580 -1691.0000000000
8596 -1690.0000000000
8602 -1687.0000000000
8772 -1685.0000000000
8803 -1684.0000000000
8891 -1683.0000000000
8900 -1682.0000000000
9000 -1681.0000000000
9043 -1679.0000000000
9143 -1678.0000000000
9217 -1677.0000000000
9232 -1676.0000000000
9287 -1673.0000000000
9381 -1672.0000000000
9389 -1669.0000000000
9445 -1668.0000000000
9503 -1667.0000000000
9563 -1665.0000000000
9586 -1664.0000000000
9620 -1661.0000000000
9790 -1659.0000000000
9930 -1658.0000000000
9932 -1657.0000000000
10000 -1658.0000000000
evaluations raw_y
1 -2031.0000000000
2 -2017.0000000000
6 -1993.0000000000
13 -1988.0000000000
20 -1982.0000000000
37 -1971.0000000000
48 -1970.0000000000
103 -1969.0000000000
144 -1968.0000000000
227 -1967.0000000000
233 -1966.0000000000
298 -1965.0000000000
299 -1964.0000000000
313 -1963.0000000000
414 -1962.0000000000
441 -1961.0000000000
541 -1960.0000000000
597 -1959.0000000000
621 -1958.0000000000
637 -1956.0000000000
701 -1955.0000000000
722 -1954.0000000000
747 -1953.0000000000
766 -1952.0000000000
831 -1951.0000000000
839 -1950.0000000000
911 -1949.0000000000
966 -1946.0000000000
1086 -1945.0000000000
1100 -1944.0000000000
1184 -1943.0000000000
1202 -1942.0000000000
1273 -1941.0000000000
1285 -1940.0000000000
1346 -1938.0000000000
1352 -1937.0000000000
1365 -1936.0000000000
1426 -1934.0000000000
1439 -1933.0000000000
1503 -1932.0000000000
1522 -1931.0000000000
1529 -1930.0000000000
1530 -1928.0000000000
1605 -1927.0000000000
1615 -1926.0000000000
1709 -1925.0000000000
1764 -1924.0000000000
1766 -1923.0000000000
1812 -1922.0000000000
1855 -1920.0000000000
1953 -1919.0000000000
1972 -1918.0000000000
2013 -1917.0000000000
2043 -1916.0000000000
2080 -1914.0000000000
2140 -1913.0000000000
2211 -1912.0000000000
2217 -1911.0000000000
2265 -1910.0000000000
2295 -1909.0000000000
2342 -1908.0000000000
2371 -1907.0000000000
2389 -1906.0000000000
2414 -1905.0000000000
2512 -1904.0000000000
2537 -1903.0000000000
2543 -1902.0000000000
2605 -1900.0000000000
2610 -1899.0000000000
2656 -1898.0000000000
2741 -1897.0000000000
2807 -1896.0000000000
2819 -1895.0000000000
2884 -1894.0000000000
2887 -1893.0000000000
2934 -1890.0000000000
3021 -1888.0000000000
3076 -1887.0000000000
3095 -1886.0000000000
3099 -1885.0000000000
3172 -1884.0000000000
3176 -1883.0000000000
3223 -1882.0000000000
3254 -1881.0000000000
3354 -1880.0000000000
3361 -1879.0000000000
3374 -1878.0000000000
3414 -1876.0000000000
3443 -1875.0000000000
3491 -1874.0000000000
3547 -1873.0000000000
3585 -1872.0000000000
3657 -1871.0000000000
3693 -1870.0000000000
3732 -1869.0000000000
3778 -1868.0000000000
3795 -1867.0000000000
3860 -1866.0000000000
3919 -1865.0000000000
3930 -1864.0000000000
3941 -1863.0000000000
4020 -1862.0000000000
4104 -1861.0000000000
4116 -1860.0000000000
4119 -1858.0000000000
4173 -1857.0000000000
4229 -1856.0000000000
4258 -1855.0000000000
4271 -1854.0000000000
4371 -1853.0000000000
4416 -1852.0000000000
4430 -1850.0000000000
4564 -1849.0000000000
4605 -1848.0000000000
4634 -1847.0000000000
4646 -1846.0000000000
4666 -1845.0000000000
4682 -1844.0000000000
4750 -1843.0000000000
4812 -1842.0000000000
4872 -1840.0000000000
4931 -1839.0000000000
5000 -1838.0000000000
5069 -1837.0000000000
5082 -1836.0000000000
5109 -1835.0000000000
5117 -1834.0000000000
5132 -1833.0000000000
5186 -1832.0000000000
5234 -1830.0000000000
5310 -1829.0000000000
5343 -1828.0000000000
5383 -1827.0000000000
5400 -1826.0000000000
5411 -1824.0000000000
5422 -1823.0000000000
5491 -1822.0000000000
5564 -1819.0000000000
5619 -1818.0000000000
5697 -1817.0000000000
5762 -1815.0000000000
5837 -1814.0000000000
5871 -1812.0000000000
5900 -1810.0000000000
6028 -1809.0000000000
6065 -1808.0000000000
6154 -1807.0000000000
6155 -1806.0000000000
6170 -1805.0000000000
6225 -1804.0000000000
6228 -1803.0000000000
6297 -1802.0000000000
6324 -1801.0000000000
6362 -1800.0000000000
6385 -1799.0000000000
6432 -1798.0000000000
6469 -1797.0000000000
6516 -1796.0000000000
6561 -1795.0000000000
6598 -1794.0000000000
6599 -1793.0000000000
6685 -1792.0000000000
6730 -1791.0000000000
6755 -1790.0000000000
6817 -1787.0000000000
6843 -1784.0000000000
7009 -1781.0000000000
7025 -1780.0000000000
7036 -1779.0000000000
7126 -1778.0000000000
7209 -1777.0000000000
7224 -1776.0000000000
7283 -1775.0000000000
7287 -1774.0000000000
7379 -1773.0000000000
7425 -1770.0000000000
7428 -1769.0000000000
7536 -1767.0000000000
7548 -1766.0000000000
7600 -1765.0000000000
7650 -1764.0000000000
7684 -1763.0000000000
7734 -1762.0000000000
7793 -1761.0000000000
7797 -1760.0000000000
7844 -1759.0000000000
7870 -1758.0000000000
7875 -1757.0000000000
7927 -1756.0000000000
7994 -1755.0000000000
8003 -1754.0000000000
8015 -1753.0000000000
8091 -1751.0000000000
8169 -1750.0000000000
8196 -1749.0000000000
8216 -1746.0000000000
8238 -1745.0000000000
8251 -1744.0000000000
8293 -1743.0000000000
8307 -1742.0000000000
8345 -1741.0000000000
8407 -1740.0000000000
8424 -1739.0000000000
8474 -1738.0000000000
8481 -1736.0000000000
8543 -1734.0000000000
8571 -1733.0000000000
8669 -1732.0000000000
8686 -1731.0000000000
8708 -1730.0000000000
8736 -1729.0000000000
8759 -1728.0000000000
8894 -1727.0000000000
8949 -1726.0000000000
8960 -1725.0000000000
9034 -1724.0000000000
9089 -1723.0000000000
9131 -1722.0000000000
9146 -1721.0000000000
9165 -1720.0000000000
9238 -1719.0000000000
9313 -1718.0000000000
9334 -1717.0000000000
9342 -1716.0000000000
9381 -1715.0000000000
9384 -1714.0000000000
9457 -1713.0000000000
9494 -1711.0000000000
9536 -1710.0000000000
9608 -1709.0000000000
9666 -1708.0000000000
9669 -1707.0000000000
9744 -1706.0000000000
9771 -1705.0000000000
9853 -1704.0000000000
9862 -1703.0000000000
9955 -1702.0000000000
9988 -1701.0000000000
10000 -1705.0000000000
evaluations raw_y
1 -2003.0000000000
2 -1992.0000000000
4 -1968.0000000000
16 -1949.0000000000
22 -1943.0000000000
82 -1942.0000000000
179 -1941.0000000000
212 -1940.0000000000
280 -1939.0000000000
292 -1937.0000000000
329 -1936.0000000000
380 -1935.0000000000
472 -1933.0000000000
507 -1932.0000000000
554 -1931.0000000000
572 -1930.0000000000
633 -1929.0000000000
645 -1928.0000000000
668 -1927.0000000000
696 -1926.0000000000
753 -1924.0000000000
815 -1923.0000000000
862 -1921.0000000000
919 -1920.0000000000
1015 -1919.0000000000
1037 -1918.0000000000
1043 -1917.0000000000
1067 -1916.0000000000
1148 -1915.0000000000
1163 -1914.0000000000
1192 -1913.0000000000
1198 -1912.0000000000
1248 -1911.0000000000
1278 -1910.0000000000
1310 -1909.0000000000
1362 -1908.0000000000
1438 -1906.0000000000
1509 -1905.0000000000
1527 -1904.0000000000
1555 -1903.0000000000
1580 -1902.0000000000
1627 -1900.0000000000
1634 -1898.0000000000
1647 -1897.0000000000
1748 -1896.0000000000
1777 -1895.0000000000
1855 -1894.0000000000
1857 -1893.0000000000
1957 -1890.0000000000
1979 -1889.0000000000
2003 -1888.0000000000
2021 -1886.0000000000
2080 -1885.0000000000
2121 -1884.0000000000
2187 -1883.0000000000
2208 -1881.0000000000
2274 -1880.0000000000
2359 -1879.0000000000
2436 -1878.0000000000
2438 -1877.0000000000
2472 -1876.0000000000
2517 -1875.0000000000
2583 -1874.0000000000
2602 -1872.0000000000
2628 -1871.0000000000
2669 -1870.0000000000
2712 -1869.0000000000
2738 -1868.0000000000
2770 -1866.0000000000
2787 -1865.0000000000
2793 -1864.0000000000
2886 -1863.0000000000
2951 -1862.0000000000
2957 -1861.0000000000
3004 -1860.0000000000
3084 -1859.0000000000
3091 -1858.0000000000
3140 -1857.0000000000
3171 -1856.0000000000
3277 -1855.0000000000
3296 -1854.0000000000
3307 -1853.0000000000
3354 -1852.0000000000
3428 -1851.0000000000
3463 -1850.0000000000
3473 -1849.0000000000
3495 -1848.0000000000
3520 -1846.0000000000
3566 -1845.0000000000
3602 -1844.0000000000
3613 -1843.0000000000
3764 -1842.0000000000
3767 -1841.0000000000
3768 -1840.0000000000
3843 -1839.0000000000
3904 -1837.0000000000
3933 -1835.0000000000
3963 -1833.0000000000
4004 -1831.0000000000
4041 -1830.0000000000
4102 -1829.0000000000
4149 -1828.0000000000
4155 -1827.0000000000
4180 -1825.0000000000
4297 -1824.0000000000
4347 -1823.0000000000
4358 -1822.0000000000
4359 -1821.0000000000
4375 -1819.0000000000
4452 -1818.0000000000
4556 -1817.0000000000
4573 -1816.0000000000
4624 -1815.0000000000
4637 -1814.0000000000
4707 -1813.0000000000
4774 -1812.0000000000
4831 -1811.0000000000
4845 -1810.0000000000
4879 -1809.0000000000
4902 -1808.0000000000
4974 -1807.0000000000
5006 -1806.0000000000
5104 -1805.0000000000
5134 -1804.0000000000
5145 -1803.0000000000
5188 -1802.0000000000
5193 -1801.0000000000
5230 -1800.0000000000
5265 -1799.0000000000
5279 -1798.0000000000
5344 -1797.0000000000
5388 -1796.0000000000
5395 -1795.0000000000
5485 -1794.0000000000
5515 -1793.0000000000
5566 -1791.0000000000
5578 -1790.0000000000
5670 -1789.0000000000
5722 -1788.0000000000
5750 -1787.0000000000
5835 -1786.0000000000
5875 -1785.0000000000
5907 -1784.0000000000
5911 -1783.0000000000
5929 -1782.0000000000
5931 -1781.0000000000
6008 -1780.0000000000
6051 -1779.0000000000
6121 -1778.0000000000
6132 -1777.0000000000
6191 -1776.0000000000
6219 -1775.0000000000
6275 -1774.0000000000
6324 -1773.0000000000
6350 -1772.0000000000
6443 -1770.0000000000
6451 -1769.0000000000
6502 -1767.0000000000
6586 -1766.0000000000
6658 -1765.0000000000
6660 -1764.0000000000
6712 -1763.0000000000
6753 -1762.0000000000
6809 -1761.0000000000
6869 -1759.0000000000
6907 -1758.0000000000
6947 -1756.0000000000
6995 -1755.0000000000
7086 -1754.0000000000
7123 -1753.0000000000
7173 -1752.0000000000
7224 -1751.0000000000
7234 -1750.0000000000
7294 -1749.0000000000
7317 -1748.0000000000
7349 -1747.0000000000
7352 -1746.0000000000
7445 -1745.0000000000
7498 -1743.0000000000
7591 -1741.0000000000
7636 -1740.0000000000
7753 -1739.0000000000
7761 -1737.0000000000
7815 -1736.0000000000
7866 -1735.0000000000
7885 -1734.0000000000
7925 -1733.0000000000
7961 -1732.0000000000
8034 -1731.0000000000
8096 -1730.0000000000
8122 -1729.0000000000
8143 -1728.0000000000
8153 -1727.0000000000
8230 -1726.0000000000
8316 -1725.0000000000
8365 -1724.0000000000
8415 -1723.0000000000
8483 -1722.0000000000
8492 -1721.0000000000
8532 -1720.0000000000
8552 -1719.0000000000
8616 -1718.0000000000
8706 -1717.0000000000
8721 -1716.0000000000
8791 -1715.0000000000
8821 -1713.0000000000
8855 -1712.0000000000
8884 -1711.0000000000
8976 -1710.0000000000
9028 -1709.0000000000
9043 -1708.0000000000
9088 -1707.0000000000
9101 -1706.0000000000
9171 -1705.0000000000
9190 -1704.0000000000
9280 -1702.0000000000
9401 -1701.0000000000
9423 -1700.0000000000
9432 -1699.0000000000
9435 -1698.0000000000
9477 -1697.0000000000
9525 -1696.0000000000
9602 -1695.0000000000
9645 -1694.0000000000
9661 -1692.0000000000
9761 -1691.0000000000
9808 -1690.0000000000
9855 -1689.0000000000
9865 -1688.0000000000
9928 -1687.0000000000
9987 -1686.0000000000
9992 -1685.0000000000
10000 -1687.0000000000
evaluations raw_y
1 -2054.0000000000
2 -1960.0000000000
26 -1938.0000000000
370 -1936.0000000000
446 -1933.0000000000
462 -1932.0000000000
564 -1931.0000000000
575 -1929.0000000000
665 -1928.0000000000
694 -1927.0000000000
741 -1926.0000000000
783 -1922.0000000000
784 -1921.0000000000
788 -1920.0000000000
793 -1918.0000000000
949 -1917.0000000000
973 -1916.0000000000
1034 -1915.0000000000
1039 -1914.0000000000
1106 -1913.0000000000
1168 -1912.0000000000
1179 -1911.0000000000
1208 -1910.0000000000
1222 -1909.0000000000
1271 -1908.0000000000
1304 -1907.0000000000
1324 -1906.0000000000
1351 -1905.0000000000
1416 -1904.0000000000
1466 -1901.0000000000
1520 -1900.0000000000
1563 -1899.0000000000
1627 -1898.0000000000
1628 -1897.0000000000
1644 -1896.0000000000
1675 -1895.0000000000
1689 -1894.0000000000
1738 -1893.0000000000
1754 -1892.0000000000
1850 -1891.0000000000
1888 -1890.0000000000
1909 -1889.0000000000
1922 -1887.0000000000
1942 -1885.0000000000
2070 -1884.0000000000
2110 -1883.0000000000
2141 -1882.0000000000
2187 -1880.0000000000
2200 -1879.0000000000
2233 -1878.0000000000
2306 -1877.0000000000
2338 -1876.0000000000
2339 -1874.0000000000
2387 -1873.0000000000
2464 -1872.0000000000
2469 -1871.0000000000
2495 -1870.0000000000
2521 -1869.0000000000
2611 -1868.0000000000
2641 -1867.0000000000
2659 -1866.0000000000
2715 -1864.0000000000
2745 -1863.0000000000
2746 -1862.0000000000
2841 -1861.0000000000
2876 -1860.0000000000
2886 -1859.0000000000
2927 -1858.0000000000
2990 -1857.0000000000
3033 -1856.0000000000
3075 -1855.0000000000
3100 -1854.0000000000
3109 -1853.0000000000
3213 -1852.0000000000
3227 -1851.0000000000
3334 -1850.0000000000
3357 -1849.0000000000
3399 -1848.0000000000
3455 -1847.0000000000
3472 -1846.0000000000
3474 -1845.0000000000
3496 -1844.0000000000
3568 -1842.0000000000
3668 -1841.0000000000
3694 -1840.0000000000
3716 -1839.0000000000
3759 -1838.0000000000
3802 -1837.0000000000
3827 -1836.0000000000
3901 -1834.0000000000
3928 -1832.0000000000
3984 -1831.0000000000
4026 -1830.0000000000
4046 -1829.0000000000
4064 -1827.0000000000
4153 -1826.0000000000
4247 -1825.0000000000
4278 -1824.0000000000
4318 -1823.0000000000
4359 -1822.0000000000
4364 -1821.0000000000
4427 -1820.0000000000
4436 -1819.0000000000
4467 -1818.0000000000
4515 -1817.0000000000
4598 -1816.0000000000
4610 -1815.0000000000
4657 -1814.0000000000
4733 -1812.0000000000
4790 -1810.0000000000
4874 -1809.0000000000
4909 -1808.0000000000
4972 -1807.0000000000
4981 -1806.0000000000
5029 -1805.0000000000
5037 -1804.0000000000
5061 -1803.0000000000
5144 -1801.0000000000
5195 -1800.0000000000
5247 -1799.0000000000
5338 -1798.0000000000
5383 -1797.0000000000
5409 -1796.0000000000
5425 -1795.0000000000
5435 -1794.0000000000
5522 -1793.0000000000
5565 -1792.0000000000
5616 -1790.0000000000
5655 -1789.0000000000
5726 -1788.0000000000
5728 -1787.0000000000
5780 -1786.0000000000
5823 -1785.0000000000
5837 -1784.0000000000
5889 -1782.0000000000
5896 -1781.0000000000
5919 -1780.0000000000
5953 -1778.0000000000
5993 -1777.0000000000
6026 -1776.0000000000
6067 -1774.0000000000
6106 -1773.0000000000
6207 -1771.0000000000
6328 -1768.0000000000
6331 -1767.0000000000
6367 -1766.0000000000
6473 -1764.0000000000
6480 -1763.0000000000
6507 -1762.0000000000
6572 -1761.0000000000
6629 -1760.0000000000
6651 -1759.0000000000
6693 -1758.0000000000
6728 -1756.0000000000
6841 -1755.0000000000
6923 -1754.0000000000
6995 -1753.0000000000
7027 -1752.0000000000
7099 -1751.0000000000
7148 -1750.0000000000
7169 -1749.0000000000
7181 -1748.0000000000
7231 -1747.0000000000
7232 -1746.0000000000
7279 -1745.0000000000
7280 -1744.0000000000
7350 -1742.0000000000
7436 -1741.0000000000
7440 -1740.0000000000
7523 -1739.0000000000
7533 -1738.0000000000
7558 -1737.0000000000
7635 -1736.0000000000
7679 -1735.0000000000
7720 -1734.0000000000
7740 -1733.0000000000
7805 -1732.0000000000
7870 -1731.0000000000
7886 -1730.0000000000
7889 -1729.0000000000
7896 -1728.0000000000
7930 -1726.0000000000
8011 -1725.0000000000
8034 -1724.0000000000
8168 -1723.0000000000
8202 -1722.0000000000
8235 -1721.0000000000
8294 -1720.0000000000
8307 -1719.0000000000
8389 -1718.0000000000
8476 -1717.0000000000
8492 -1716.0000000000
8545 -1714.0000000000
8656 -1713.0000000000
8666 -1712.0000000000
8716 -1711.0000000000
8763 -1710.0000000000
8828 -1709.0000000000
8861 -1708.0000000000
8912 -1707.0000000000
8940 -1706.0000000000
8965 -1705.0000000000
9022 -1704.0000000000
9055 -1703.0000000000
9109 -1701.0000000000
9123 -1700.0000000000
9137 -1699.0000000000
9180 -1697.0000000000
9216 -1696.0000000000
9282 -1692.0000000000
9308 -1691.0000000000
9362 -1690.0000000000
9428 -1689.0000000000
9456 -1688.0000000000
9524 -1687.0000000000
9581 -1686.0000000000
9632 -1685.0000000000
9653 -1684.0000000000
9723 -1683.0000000000
9759 -1682.0000000000
9790 -1681.0000000000
9791 -1680.0000000000
9858 -1679.0000000000
9951 -1678.0000000000
9969 -1676.0000000000
10000 -1679.0000000000
evaluations raw_y
1 -2004.0000000000
8 -2003.0000000000
11 -1996.0000000000
17 -1961.0000000000
23 -1944.0000000000
50 -1930.0000000000
171 -1929.0000000000
176 -1928.0000000000
367 -1927.0000000000
379 -1926.0000000000
403 -1925.0000000000
433 -1924.0000000000
473 -1922.0000000000
567 -1921.0000000000
603 -1919.0000000000
656 -1918.0000000000
698 -1917.0000000000
713 -1915.0000000000
797 -1913.0000000000
906 -1912.0000000000
927 -1911.0000000000
935 -1910.0000000000
959 -1909.0000000000
1020 -1908.0000000000
1086 -1907.0000000000
1112 -1903.0000000000
1211 -1901.0000000000
1257 -1900.0000000000
1301 -1899.0000000000
1357 -1898.0000000000
1375 -1897.0000000000
1403 -1896.0000000000
1425 -1894.0000000000
1447 -1893.0000000000
1470 -1892.0000000000
1533 -1891.0000000000
1609 -1890.0000000000
1637 -1889.0000000000
1662 -1888.0000000000
1719 -1887.0000000000
1751 -1886.0000000000
1804 -1885.0000000000
1819 -1884.0000000000
1835 -1883.0000000000
1891 -1882.0000000000
1922 -1881.0000000000
1993 -1879.0000000000
2033 -1878.0000000000
2101 -1877.0000000000
2123 -1876.0000000000
2142 -1875.0000000000
2174 -1874.0000000000
2263 -1873.0000000000
2267 -1872.0000000000
2281 -1871.0000000000
2371 -1870.0000000000
2405 -1869.0000000000
2472 -1868.0000000000
2501 -1866.0000000000
2563 -1865.0000000000
2584 -1864.0000000000
2656 -1863.0000000000
2670 -1862.0000000000
2694 -1861.0000000000
2730 -1860.0000000000
2804 -1859.0000000000
2837 -1858.0000000000
2899 -1857.0000000000
2951 -1855.0000000000
2986 -1854.0000000000
2990 -1853.0000000000
3026 -1852.0000000000
3061 -1851.0000000000
3071 -1849.0000000000
3156 -1847.0000000000
3266 -1846.0000000000
3294 -1845.0000000000
3361 -1844.0000000000
3377 -1843.0000000000
3411 -1842.0000000000
3450 -1841.0000000000
3490 -1840.0000000000
3524 -1839.0000000000
3534 -1838.0000000000
3538 -1837.0000000000
3617 -1836.0000000000
3655 -1835.0000000000
3721 -1834.0000000000
3736 -1833.0000000000
3744 -1832.0000000000
3747 -1831.0000000000
3787 -1830.0000000000
3822 -1829.0000000000
3835 -1828.0000000000
3865 -1827.0000000000
3956 -1826.0000000000
3961 -1825.0000000000
3985 -1823.0000000000
4082 -1822.0000000000
4117 -1821.0000000000
4154 -1820.0000000000
4163 -1819.0000000000
4189 -1818.0000000000
4252 -1817.0000000000
4286 -1816.0000000000
4334 -1815.0000000000
4338 -1814.0000000000
4366 -1813.0000000000
4422 -1812.0000000000
4449 -1811.0000000000
4462 -1810.0000000000
4524 -1809.0000000000
4589 -1808.0000000000
4600 -1807.0000000000
4655 -1806.0000000000
4686 -1805.0000000000
4725 -1803.0000000000
4776 -1802.0000000000
4815 -1801.0000000000
4818 -1800.0000000000
4824 -1799.0000000000
4888 -1798.0000000000
4931 -1797.0000000000
5001 -1796.0000000000
5032 -1795.0000000000
5090 -1794.0000000000
5186 -1793.0000000000
5240 -1792.0000000000
5317 -1791.0000000000
5366 -1790.0000000000
5412 -1789.0000000000
5427 -1788.0000000000
5469 -1787.0000000000
5517 -1786.0000000000
5529 -1785.0000000000
5616 -1784.0000000000
5631 -1783.0000000000
5656 -1782.0000000000
5667 -1781.0000000000
5720 -1780.0000000000
5779 -1779.0000000000
5800 -1778.0000000000
5884 -1777.0000000000
5925 -1776.0000000000
5980 -1775.0000000000
6060 -1774.0000000000
6065 -1773.0000000000
6076 -1772.0000000000
6131 -1771.0000000000
6154 -1770.0000000000
6159 -1769.0000000000
6261 -1767.0000000000
6322 -1766.0000000000
6366 -1765.0000000000
6391 -1764.0000000000
6424 -1762.0000000000
6516 -1761.0000000000
6538 -1760.0000000000
6587 -1757.0000000000
6636 -1755.0000000000
6701 -1754.0000000000
6790 -1752.0000000000
6882 -1751.0000000000
6935 -1750.0000000000
6984 -1749.0000000000
7004 -1748.0000000000
7054 -1747.0000000000
7099 -1746.0000000000
7198 -1745.0000000000
7218 -1744.0000000000
7246 -1743.0000000000
7247 -1742.0000000000
7322 -1741.0000000000
7365 -1740.0000000000
7393 -1739.0000000000
7396 -1738.0000000000
7422 -1736.0000000000
7566 -1735.0000000000
7588 -1734.0000000000
7595 -1733.0000000000
7649 -1731.0000000000
7727 -1730.0000000000
7809 -1729.0000000000
7814 -1725.0000000000
7835 -1724.0000000000
7887 -1723.0000000000
7947 -1721.0000000000
7999 -1719.0000000000
8051 -1716.0000000000
8152 -1715.0000000000
8165 -1714.0000000000
8227 -1713.0000000000
8268 -1712.0000000000
8327 -1711.0000000000
8378 -1710.0000000000
8389 -1709.0000000000
8396 -1708.0000000000
8497 -1707.0000000000
8519 -1706.0000000000
8592 -1704.0000000000
8614 -1703.0000000000
8659 -1701.0000000000
8769 -1700.0000000000
8799 -1699.0000000000
8868 -1698.0000000000
8907 -1696.0000000000
8951 -1694.0000000000
9009 -1692.0000000000
9078 -1691.0000000000
9129 -1690.0000000000
9134 -1689.0000000000
9202 -1688.0000000000
9207 -1687.0000000000
9213 -1684.0000000000
9458 -1683.0000000000
9513 -1682.0000000000
9565 -1681.0000000000
9608 -1680.0000000000
9647 -1679.0000000000
9706 -1677.0000000000
9726 -1676.0000000000
9793 -1675.0000000000
9861 -1674.0000000000
9868 -1671.0000000000
9992 -1670.0000000000
10000 -1672.0000000000
evaluations raw_y
1 -2030.0000000000
3 -1957.0000000000
179 -1956.0000000000
269 -1955.0000000000
284 -1954.0000000000
292 -1953.0000000000
315 -1952.0000000000
383 -1951.0000000000
394 -1950.0000000000
456 -1949.0000000000
490 -1948.0000000000
496 -1946.0000000000
629 -1945.0000000000
652 -1944.0000000000
696 -1943.0000000000
720 -1942.0000000000
724 -1941.0000000000
726 -1940.0000000000
733 -1939.0000000000
743 -1938.0000000000
887 -1936.0000000000
910 -1934.0000000000
938 -1933.0000000000
1057 -1932.0000000000
1059 -1931.0000000000
1108 -1930.0000000000
1170 -1929.0000000000
1205 -1928.0000000000
1265 -1927.0000000000
1272 -1926.0000000000
1325 -1925.0000000000
1334 -1924.0000000000
1364 -1923.0000000000
1441 -1922.0000000000
1442 -1921.0000000000
1459 -1920.0000000000
1502 -1919.0000000000
1561 -1917.0000000000
1598 -1916.0000000000
1629 -1915.0000000000
1706 -1913.0000000000
1745 -1912.0000000000
1817 -1911.0000000000
1853 -1910.0000000000
1889 -1909.0000000000
1927 -1908.0000000000
1932 -1907.0000000000
1997 -1906.0000000000
2031 -1904.0000000000
2114 -1903.0000000000
2139 -1902.0000000000
2175 -1901.0000000000
2190 -1900.0000000000
2240 -1899.0000000000
2272 -1898.0000000000
2314 -1897.0000000000
2381 -1896.0000000000
2413 -1895.0000000000
2438 -1893.0000000000
2490 -1892.0000000000
2526 -1890.0000000000
2601 -1889.0000000000
2680 -1888.0000000000
2683 -1887.0000000000
2718 -1886.0000000000
2747 -1885.0000000000
2752 -1883.0000000000
2797 -1882.0000000000
2813 -1881.0000000000
2915 -1880.0000000000
2919 -1879.0000000000
2962 -1878.0000000000
2968 -1877.0000000000
3033 -1874.0000000000
3126 -1873.0000000000
3188 -1872.0000000000
3196 -1871.0000000000
3219 -1870.0000000000
3227 -1869.0000000000
3273 -1868.0000000000
3298 -1867.0000000000
3328 -1866.0000000000
3373 -1865.0000000000
3466 -1864.0000000000
3474 -1863.0000000000
3542 -1862.0000000000
3562 -1861.0000000000
3586 -1860.0000000000
3613 -1859.0000000000
3651 -1858.0000000000
3670 -1856.0000000000
3682 -1853.0000000000
3792 -1852.0000000000
3793 -1850.0000000000
3837 -1849.0000000000
3911 -1847.0000000000
3947 -1846.0000000000
4005 -1845.0000000000
4100 -1844.0000000000
4150 -1843.0000000000
4172 -1842.0000000000
4198 -1840.0000000000
4271 -1839.0000000000
4301 -1837.0000000000
4366 -1835.0000000000
4420 -1834.0000000000
4451 -1833.0000000000
4528 -1831.0000000000
4590 -1830.0000000000
4674 -1828.0000000000
4715 -1827.0000000000
4741 -1826.0000000000
4808 -1825.0000000000
4822 -1824.0000000000
4851 -1823.0000000000
4920 -1822.0000000000
4963 -1821.0000000000
5007 -1820.0000000000
5028 -1819.0000000000
5069 -1818.0000000000
5108 -1817.0000000000
5119 -1816.0000000000
5131 -1815.0000000000
5156 -1814.0000000000
5201 -1813.0000000000
5244 -1811.0000000000
5301 -1810.0000000000
5318 -1808.0000000000
5393 -1807.0000000000
5426 -1806.0000000000
5503 -1805.0000000000
5514 -1804.0000000000
5536 -1803.0000000000
5635 -1802.0000000000
5670 -1801.0000000000
5733 -1800.0000000000
5779 -1799.0000000000
5828 -1798.0000000000
5875 -1797.0000000000
5877 -1796.0000000000
5963 -1795.0000000000
6013 -1794.0000000000
6043 -1793.0000000000
6049 -1790.0000000000
6141 -1789.0000000000
6184 -1788.0000000000
6211 -1787.0000000000
6227 -1786.0000000000
6283 -1785.0000000000
6313 -1784.0000000000
6407 -1783.0000000000
6415 -1782.0000000000
6475 -1781.0000000000
6478 -1780.0000000000
6526 -1779.0000000000
6589 -1778.0000000000
6592 -1777.0000000000
6651 -1776.0000000000
6728 -1775.0000000000
6758 -1774.0000000000
6825 -1773.0000000000
6833 -1772.0000000000
6900 -1771.0000000000
6937 -1770.0000000000
6940 -1769.0000000000
6983 -1768.0000000000
7011 -1767.0000000000
7126 -1765.0000000000
7187 -1764.0000000000
7204 -1763.0000000000
7221 -1761.0000000000
7234 -1760.0000000000
7268 -1758.0000000000
7427 -1757.0000000000
7465 -1756.0000000000
7519 -1755.0000000000
7521 -1754.0000000000
7548 -1753.0000000000
7607 -1752.0000000000
7650 -1751.0000000000
7666 -1750.0000000000
7716 -1749.0000000000
7723 -1748.0000000000
7809 -1747.0000000000
7832 -1746.0000000000
7882 -1745.0000000000
7924 -1743.0000000000
7971 -1742.0000000000
8009 -1741.0000000000
8061 -1740.0000000000
8085 -1739.0000000000
8102 -1738.0000000000
8163 -1737.0000000000
8223 -1736.0000000000
8278 -1735.0000000000
8286 -1734.0000000000
8287 -1733.0000000000
8378 -1732.0000000000
8433 -1731.0000000000
8468 -1730.0000000000
8483 -1729.0000000000
8524 -1727.0000000000
8628 -1726.0000000000
8673 -1724.0000000000
8722 -1723.0000000000
8811 -1722.0000000000
8852 -1721.0000000000
8878 -1720.0000000000
8904 -1719.0000000000
8978 -1718.0000000000
8982 -1717.0000000000
9058 -1715.0000000000
9164 -1714.0000000000
9218 -1713.0000000000
9258 -1712.0000000000
9296 -1711.0000000000
9317 -1710.0000000000
9365 -1708.0000000000
9393 -1707.0000000000
9486 -1705.0000000000
9510 -1704.0000000000
9623 -1702.0000000000
9676 -1701.0000000000
9678 -1700.0000000000
9681 -1699.0000000000
9740 -1698.0000000000
9820 -1696.0000000000
9928 -1695.0000000000
9971 -1694.0000000000
10000 -1697.0000000000
evaluations raw_y
1 -2026.0000000000
2 -1945.0000000000
89 -1944.0000000000
115 -1943.0000000000
161 -1942.0000000000
250 -1941.0000000000
273 -1940.0000000000
282 -1939.0000000000
356 -1938.0000000000
379 -1936.0000000000
402 -1935.0000000000
408 -1933.0000000000
417 -1931.0000000000
442 -1930.0000000000
487 -1929.0000000000
504 -1928.0000000000
592 -1925.0000000000
674 -1924.0000000000
684 -1923.0000000000
707 -1922.0000000000
769 -1921.0000000000
795 -1920.0000000000
833 -1919.0000000000
867 -1918.0000000000
874 -1917.0000000000
952 -1916.0000000000
965 -1915.0000000000
1023 -1914.0000000000
1043 -1913.0000000000
1068 -1912.0000000000
1090 -1911.0000000000
1141 -1910.0000000000
1203 -1909.0000000000
1247 -1908.0000000000
1285 -1907.0000000000
1290 -1905.0000000000
1311 -1903.0000000000
1431 -1902.0000000000
1453 -1901.0000000000
1556 -1900.0000000000
1568 -1899.0000000000
1613 -1898.0000000000
1676 -1897.0000000000
1691 -1896.0000000000
1738 -1895.0000000000
1758 -1894.0000000000
1761 -1893.0000000000
1818 -1892.0000000000
1840 -1891.0000000000
1848 -1889.0000000000
1857 -1888.0000000000
1932 -1887.0000000000
1993 -1886.0000000000
2028 -1885.0000000000
2034 -1884.0000000000
2115 -1883.0000000000
2178 -1882.0000000000
2179 -1881.0000000000
2261 -1880.0000000000
2295 -1878.0000000000
2353 -1877.0000000000
2359 -1876.0000000000
2462 -1875.0000000000
2484 -1874.0000000000
2539 -1873.0000000000
2574 -1872.0000000000
2601 -1871.0000000000
2632 -1870.0000000000
2648 -1868.0000000000
2723 -1867.0000000000
2764 -1866.0000000000
2773 -1865.0000000000
2792 -1864.0000000000
2864 -1863.0000000000
2946 -1862.0000000000
2954 -1861.0000000000
2963 -1860.0000000000
2999 -1859.0000000000
3004 -1857.0000000000
3026 -1854.0000000000
3087 -1853.0000000000
3097 -1852.0000000000
3192 -1851.0000000000
3248 -1849.0000000000
3308 -1848.0000000000
3364 -1847.0000000000
3385 -1846.0000000000
3408 -1845.0000000000
3435 -1844.0000000000
3532 -1843.0000000000
3582 -1840.0000000000
3626 -1839.0000000000
3697 -1838.0000000000
3737 -1837.0000000000
3795 -1835.0000000000
3853 -1834.0000000000
3903 -1833.0000000000
3943 -1832.0000000000
3975 -1831.0000000000
4020 -1830.0000000000
4058 -1829.0000000000
4061 -1828.0000000000
4129 -1827.0000000000
4167 -1826.0000000000
4191 -1825.0000000000
4197 -1824.0000000000
4221 -1823.0000000000
4237 -1822.0000000000
4267 -1821.0000000000
4352 -1820.0000000000
4363 -1819.0000000000
4446 -1818.0000000000
4462 -1817.0000000000
4509 -1816.0000000000
4527 -1814.0000000000
4587 -1813.0000000000
4634 -1811.0000000000
4712 -1810.0000000000
4787 -1809.0000000000
4820 -1808.0000000000
4834 -1807.0000000000
4867 -1806.0000000000
4896 -1804.0000000000
4989 -1803.0000000000
4999 -1802.0000000000
5014 -1801.0000000000
5075 -1800.0000000000
5114 -1798.0000000000
5145 -1796.0000000000
5258 -1795.0000000000
5266 -1794.0000000000
5327 -1793.0000000000
5381 -1791.0000000000
5445 -1789.0000000000
5543 -1788.0000000000
5551 -1787.0000000000
5636 -1786.0000000000
5641 -1785.0000000000
5667 -1784.0000000000
5721 -1783.0000000000
5741 -1782.0000000000
5813 -1781.0000000000
5823 -1780.0000000000
5873 -1779.0000000000
5937 -1778.0000000000
5988 -1777.0000000000
6020 -1776.0000000000
6047 -1775.0000000000
6107 -1774.0000000000
6115 -1773.0000000000
6195 -1772.0000000000
6247 -1771.0000000000
6275 -1770.0000000000
6350 -1769.0000000000
6359 -1768.0000000000
6461 -1767.0000000000
6514 -1764.0000000000
6545 -1763.0000000000
6576 -1761.0000000000
6704 -1758.0000000000
6722 -1757.0000000000
6799 -1756.0000000000
6818 -1755.0000000000
6855 -1754.0000000000
6875 -1753.0000000000
6970 -1752.0000000000
6979 -1751.0000000000
7054 -1750.0000000000
7082 -1749.0000000000
7150 -1748.0000000000
7162 -1747.0000000000
7192 -1746.0000000000
7316 -1745.0000000000
7331 -1743.0000000000
7394 -1742.0000000000
7428 -1741.0000000000
7493 -1740.0000000000
7533 -1739.0000000000
7547 -1738.0000000000
7602 -1737.0000000000
7652 -1736.0000000000
7737 -1735.0000000000
7749 -1734.0000000000
7756 -1733.0000000000
7813 -1732.0000000000
7842 -1731.0000000000
7893 -1730.0000000000
7932 -1729.0000000000
7943 -1728.0000000000
8033 -1727.0000000000
8113 -1726.0000000000
8141 -1725.0000000000
8208 -1724.0000000000
8239 -1723.0000000000
8304 -1719.0000000000
8379 -1718.0000000000
8413 -1717.0000000000
8483 -1716.0000000000
8493 -1714.0000000000
8531 -1713.0000000000
8594 -1712.0000000000
8618 -1711.0000000000
8730 -1707.0000000000
8794 -1706.0000000000
8889 -1705.0000000000
8971 -1704.0000000000
8987 -1703.0000000000
9004 -1702.0000000000
9092 -1701.0000000000
9097 -1700.0000000000
9146 -1698.0000000000
9155 -1697.0000000000
9265 -1696.0000000000
9331 -1695.0000000000
9377 -1694.0000000000
9464 -1693.0000000000
9493 -1692.0000000000
9550 -1690.0000000000
9618 -1689.0000000000
9665 -1688.0000000000
9670 -1687.0000000000
9822 -1686.0000000000
9844 -1685.0000000000
9879 -1684.0000000000
9935 -1683.0000000000
9975 -1682.0000000000
10000 -1686.0000000000
evaluations raw_y
1 -1998.0000000000
3 -1994.0000000000
8 -1972.0000000000
44 -1966.0000000000
81 -1964.0000000000
161 -1963.0000000000
213 -1962.0000000000
241 -1960.0000000000
271 -1959.0000000000
284 -1958.0000000000
365 -1957.0000000000
395 -1955.0000000000
435 -1954.0000000000
493 -1953.0000000000
510 -1952.0000000000
534 -1950.0000000000
614 -1949.0000000000
636 -1948.0000000000
691 -1947.0000000000
710 -1946.0000000000
739 -1945.0000000000
765 -1944.0000000000
829 -1943.0000000000
867 -1942.0000000000
904 -1941.0000000000
913 -1940.0000000000
924 -1938.0000000000
994 -1937.0000000000
1046 -1936.0000000000
1086 -1935.0000000000
1094 -1934.0000000000
1095 -1933.0000000000
1122 -1932.0000000000
1179 -1931.0000000000
1201 -1930.0000000000
1210 -1929.0000000000
1343 -1928.0000000000
1350 -1927.0000000000
1376 -1926.0000000000
1440 -1925.0000000000
1486 -1924.0000000000
1515 -1923.0000000000
1523 -1922.0000000000
1553 -1921.0000000000
1564 -1920.0000000000
1567 -1919.0000000000
1573 -1916.0000000000
1730 -1915.0000000000
1771 -1914.0000000000
1783 -1913.0000000000
1798 -1912.0000000000
1856 -1910.0000000000
1897 -1909.0000000000
1948 -1908.0000000000
1959 -1906.0000000000
2111 -1905.0000000000
2126 -1903.0000000000
2242 -1902.0000000000
2249 -1901.0000000000
2308 -1900.0000000000
2309 -1899.0000000000
2402 -1898.0000000000
2464 -1897.0000000000
2510 -1896.0000000000
2541 -1895.0000000000
2568 -1894.0000000000
2596 -1892.0000000000
2601 -1891.0000000000
2652 -1890.0000000000
2721 -1889.0000000000
2753 -1887.0000000000
2793 -1886.0000000000
2882 -1885.0000000000
2906 -1883.0000000000
2910 -1882.0000000000
3008 -1881.0000000000
3082 -1880.0000000000
3098 -1879.0000000000
3108 -1878.0000000000
3122 -1877.0000000000
3126 -1876.0000000000
3193 -1875.0000000000
3215 -1874.0000000000
3270 -1873.0000000000
3316 -1872.0000000000
3326 -1871.0000000000
3371 -1870.0000000000
3376 -1869.0000000000
3378 -1868.0000000000
3419 -1867.0000000000
3512 -1866.0000000000
3541 -1865.0000000000
3563 -1864.0000000000
3617 -1863.0000000000
3629 -1861.0000000000
3729 -1860.0000000000
3742 -1859.0000000000
3798 -1857.0000000000
3816 -1856.0000000000
3825 -1854.0000000000
3848 -1853.0000000000
3960 -1852.0000000000
4005 -1851.0000000000
4048 -1850.0000000000
4060 -1849.0000000000
4064 -1848.0000000000
4076 -1847.0000000000
4132 -1846.0000000000
4198 -1845.0000000000
4206 -1844.0000000000
4218 -1843.0000000000
4267 -1842.0000000000
4273 -1840.0000000000
4283 -1839.0000000000
4340 -1836.0000000000
4350 -1835.0000000000
4390 -1834.0000000000
4436 -1833.0000000000
4439 -1832.0000000000
4513 -1831.0000000000
4548 -1830.0000000000
4590 -1829.0000000000
4631 -1827.0000000000
4638 -1826.0000000000
4700 -1825.0000000000
4744 -1824.0000000000
4762 -1822.0000000000
4811 -1821.0000000000
4911 -1819.0000000000
4942 -1818.0000000000
5013 -1817.0000000000
5045 -1815.0000000000
5062 -1812.0000000000
5085 -1811.0000000000
5164 -1810.0000000000
5196 -1809.0000000000
5217 -1808.0000000000
5298 -1807.0000000000
5347 -1806.0000000000
5351 -1805.0000000000
5362 -1804.0000000000
5378 -1803.0000000000
5420 -1802.0000000000
5451 -1801.0000000000
5475 -1800.0000000000
5550 -1799.0000000000
5569 -1797.0000000000
5714 -1796.0000000000
5750 -1795.0000000000
5756 -1794.0000000000
5777 -1793.0000000000
5826 -1792.0000000000
5851 -1791.0000000000
5941 -1790.0000000000
5951 -1789.0000000000
6027 -1788.0000000000
6063 -1786.0000000000
6104 -1783.0000000000
6224 -1782.0000000000
6237 -1781.0000000000
6319 -1780.0000000000
6329 -1779.0000000000
6430 -1778.0000000000
6459 -1776.0000000000
6530 -1774.0000000000
6599 -1772.0000000000
6682 -1770.0000000000
6776 -1767.0000000000
6908 -1766.0000000000
6941 -1765.0000000000
6962 -1764.0000000000
6972 -1763.0000000000
6995 -1761.0000000000
7118 -1759.0000000000
7199 -1758.0000000000
7279 -1756.0000000000
7355 -1755.0000000000
7404 -1754.0000000000
7422 -1753.0000000000
7454 -1752.0000000000
7515 -1751.0000000000
7575 -1750.0000000000
7596 -1749.0000000000
7616 -1748.0000000000
7621 -1747.0000000000
7668 -1746.0000000000
7724 -1745.0000000000
7761 -1744.0000000000
7767 -1743.0000000000
7790 -1742.0000000000
7840 -1741.0000000000
7854 -1740.0000000000
7879 -1739.0000000000
7891 -1738.0000000000
7978 -1737.0000000000
7980 -1736.0000000000
8052 -1734.0000000000
8094 -1733.0000000000
8188 -1732.0000000000
8211 -1731.0000000000
8214 -1730.0000000000
8244 -1729.0000000000
8255 -1728.0000000000
8335 -1727.0000000000
8407 -1726.0000000000
8426 -1725.0000000000
8481 -1724.0000000000
8489 -1722.0000000000
8520 -1721.0000000000
8549 -1720.0000000000
8551 -1719.0000000000
8576 -1718.0000000000
8683 -1717.0000000000
8700 -1716.0000000000
8766 -1715.0000000000
8793 -1714.0000000000
8868 -1711.0000000000
8927 -1710.0000000000
8967 -1709.0000000000
8975 -1708.0000000000
9014 -1707.0000000000
9017 -1706.0000000000
9074 -1705.0000000000
9104 -1704.0000000000
9184 -1703.0000000000
9193 -1702.0000000000
9255 -1701.0000000000
9295 -1700.0000000000
9329 -1699.0000000000
9351 -1697.0000000000
9387 -1695.0000000000
9443 -1694.0000000000
9524 -1693.0000000000
9570 -1692.0000000000
9629 -1691.0000000000
9649 -1690.0000000000
9654 -1688.0000000000
9718 -1686.0000000000
9794 -1685.0000000000
9832 -1684.0000000000
9862 -1683.0000000000
9960 -1682.0000000000
9993 -1680.0000000000
10000 -1687.0000000000
evaluations raw_y
1 -2038.0000000000
2 -2009.0000000000
4 -2008.0000000000
5 -2000.0000000000
6 -1960.0000000000
49 -1947.0000000000
232 -1945.0000000000
360 -1944.0000000000
411 -1943.0000000000
412 -1942.0000000000
435 -1941.0000000000
460 -1940.0000000000
487 -1939.0000000000
522 -1938.0000000000
590 -1935.0000000000
686 -1934.0000000000
689 -1933.0000000000
754 -1932.0000000000
794 -1931.0000000000
823 -1930.0000000000
848 -1928.0000000000
879 -1927.0000000000
940 -1926.0000000000
981 -1925.0000000000
1008 -1924.0000000000
1024 -1923.0000000000
1077 -1922.0000000000
1152 -1921.0000000000
1190 -1919.0000000000
1208 -1918.0000000000
1229 -1916.0000000000
1292 -1915.0000000000
1312 -1913.0000000000
1362 -1912.0000000000
1381 -1911.0000000000
1405 -1910.0000000000
1471 -1909.0000000000
1547 -1908.0000000000
1549 -1907.0000000000
1633 -1906.0000000000
1637 -1904.0000000000
1682 -1903.0000000000
1731 -1902.0000000000
1796 -1900.0000000000
1871 -1899.0000000000
1914 -1898.0000000000
1945 -1897.0000000000
1950 -1896.0000000000
2023 -1895.0000000000
2034 -1894.0000000000
2068 -1892.0000000000
2145 -1891.0000000000
2163 -1890.0000000000
2211 -1889.0000000000
2243 -1888.0000000000
2318 -1887.0000000000
2321 -1886.0000000000
2361 -1885.0000000000
2403 -1884.0000000000
2450 -1883.0000000000
2482 -1882.0000000000
2518 -1881.0000000000
2571 -1880.0000000000
2575 -1878.0000000000
2590 -1877.0000000000
2679 -1875.0000000000
2717 -1874.0000000000
2759 -1873.0000000000
2771 -1872.0000000000
2774 -1870.0000000000
2807 -1869.0000000000
2825 -1868.0000000000
2921 -1867.0000000000
2969 -1866.0000000000
2974 -1865.0000000000
2976 -1864.0000000000
3011 -1863.0000000000
3040 -1862.0000000000
3151 -1861.0000000000
3173 -1860.0000000000
3181 -1859.0000000000
3238 -1858.0000000000
3323 -1857.0000000000
3324 -1856.0000000000
3386 -1855.0000000000
3395 -1854.0000000000
3480 -1853.0000000000
3487 -1852.0000000000
3528 -1851.0000000000
3559 -1850.0000000000
3575 -1849.0000000000
3607 -1848.0000000000
3653 -1847.0000000000
3718 -1846.0000000000
3729 -1845.0000000000
3761 -1844.0000000000
3781 -1843.0000000000
3824 -1842.0000000000
3828 -1841.0000000000
3906 -1840.0000000000
3940 -1839.0000000000
3985 -1837.0000000000
4045 -1836.0000000000
4077 -1834.0000000000
4092 -1833.0000000000
4115 -1832.0000000000
4162 -1831.0000000000
4222 -1830.0000000000
4262 -1828.0000000000
4306 -1827.0000000000
4347 -1826.0000000000
4361 -1825.0000000000
4392 -1824.0000000000
4401 -1823.0000000000
4427 -1822.0000000000
4438 -1821.0000000000
4515 -1820.0000000000
4552 -1819.0000000000
4572 -1817.0000000000
4616 -1816.0000000000
4677 -1815.0000000000
4761 -1814.0000000000
4768 -1813.0000000000
4777 -1812.0000000000
4778 -1811.0000000000
4870 -1810.0000000000
4884 -1809.0000000000
4896 -1808.0000000000
4946 -1807.0000000000
5005 -1806.0000000000
5023 -1805.0000000000
5070 -1804.0000000000
5107 -1803.0000000000
5136 -1802.0000000000
5161 -1801.0000000000
5220 -1800.0000000000
5291 -1799.0000000000
5309 -1797.0000000000
5364 -1796.0000000000
5391 -1795.0000000000
5464 -1794.0000000000
5528 -1791.0000000000
5672 -1790.0000000000
5675 -1789.0000000000
5730 -1788.0000000000
5770 -1786.0000000000
5855 -1785.0000000000
5860 -1784.0000000000
5985 -1783.0000000000
6009 -1781.0000000000
6109 -1780.0000000000
6225 -1779.0000000000
6248 -1778.0000000000
6292 -1777.0000000000
6305 -1776.0000000000
6324 -1775.0000000000
6380 -1774.0000000000
6404 -1772.0000000000
6447 -1771.0000000000
6478 -1770.0000000000
6533 -1769.0000000000
6541 -1768.0000000000
6629 -1767.0000000000
6639 -1766.0000000000
6688 -1765.0000000000
6727 -1764.0000000000
6735 -1763.0000000000
6787 -1761.0000000000
6843 -1760.0000000000
6881 -1759.0000000000
6882 -1758.0000000000
6985 -1756.0000000000
7000 -1755.0000000000
7071 -1753.0000000000
7108 -1752.0000000000
7117 -1751.0000000000
7187 -1749.0000000000
7260 -1748.0000000000
7343 -1747.0000000000
7356 -1746.0000000000
7442 -1745.0000000000
7488 -1744.0000000000
7529 -1743.0000000000
7570 -1742.0000000000
7636 -1741.0000000000
7655 -1740.0000000000
7731 -1739.0000000000
7769 -1738.0000000000
7800 -1737.0000000000
7882 -1736.0000000000
7914 -1735.0000000000
7961 -1734.0000000000
8007 -1733.0000000000
8016 -1732.0000000000
8033 -1730.0000000000
8105 -1729.0000000000
8113 -1728.0000000000
8234 -1727.0000000000
8272 -1726.0000000000
8318 -1725.0000000000
8338 -1724.0000000000
8389 -1723.0000000000
8403 -1722.0000000000
8475 -1721.0000000000
8478 -1720.0000000000
8542 -1719.0000000000
8577 -1718.0000000000
8592 -1717.0000000000
8595 -1716.0000000000
8609 -1715.0000000000
8697 -1714.0000000000
8703 -1713.0000000000
8758 -1712.0000000000
8815 -1711.0000000000
8839 -1709.0000000000
8840 -1708.0000000000
8916 -1707.0000000000
8964 -1706.0000000000
9027 -1705.0000000000
9054 -1704.0000000000
9068 -1703.0000000000
9137 -1702.0000000000
9168 -1701.0000000000
9217 -1700.0000000000
9220 -1699.0000000000
9240 -1697.0000000000
9290 -1696.0000000000
9370 -1695.0000000000
9424 -1694.0000000000
9430 -1693.0000000000
9448 -1692.0000000000
9549 -1690.0000000000
9673 -1689.0000000000
9726 -1688.0000000000
9779 -1687.0000000000
9796 -1686.0000000000
9832 -1685.0000000000
9877 -1684.0000000000
9939 -1683.0000000000
10000 -1684.0000000000
evaluations raw_y
1 -2025.0000000000
2 -1997.0000000000
3 -1996.0000000000
6 -1982.0000000000
8 -1962.0000000000
14 -1961.0000000000
23 -1906.0000000000
104 -1905.0000000000
165 -1903.0000000000
245 -1902.0000000000
267 -1900.0000000000
311 -1898.0000000000
361 -1897.0000000000
451 -1896.0000000000
461 -1895.0000000000
514 -1894.0000000000
578 -1893.0000000000
599 -1892.0000000000
629 -1891.0000000000
639 -1890.0000000000
659 -1888.0000000000
732 -1886.0000000000
745 -1885.0000000000
849 -1884.0000000000
879 -1883.0000000000
905 -1882.0000000000
945 -1881.0000000000
980 -1880.0000000000
1010 -1879.0000000000
1080 -1878.0000000000
1100 -1877.0000000000
1136 -1876.0000000000
1175 -1875.0000000000
1212 -1874.0000000000
1220 -1873.0000000000
1240 -1872.0000000000
1254 -1871.0000000000
1263 -1870.0000000000
1319 -1869.0000000000
1393 -1866.0000000000
1444 -1865.0000000000
1522 -1864.0000000000
1576 -1863.0000000000
1656 -1862.0000000000
1694 -1861.0000000000
1738 -1859.0000000000
1745 -1858.0000000000
1757 -1857.0000000000
1861 -1855.0000000000
1866 -1854.0000000000
1891 -1853.0000000000
1902 -1852.0000000000
1904 -1851.0000000000
1990 -1850.0000000000
2084 -1849.0000000000
2119 -1848.0000000000
2144 -1847.0000000000
2156 -1845.0000000000
2223 -1844.0000000000
2239 -1842.0000000000
2249 -1840.0000000000
2320 -1839.0000000000
2440 -1838.0000000000
2481 -1837.0000000000
2545 -1834.0000000000
2576 -1833.0000000000
2593 -1832.0000000000
2700 -1831.0000000000
2715 -1830.0000000000
2772 -1829.0000000000
2793 -1827.0000000000
2800 -1825.0000000000
2833 -1824.0000000000
2870 -1823.0000000000
2888 -1822.0000000000
2955 -1821.0000000000
2994 -1820.0000000000
3015 -1818.0000000000
3068 -1816.0000000000
3087 -1815.0000000000
3219 -1814.0000000000
3286 -1813.0000000000
3318 -1812.0000000000
3357 -1810.0000000000
3378 -1809.0000000000
3417 -1808.0000000000
3460 -1807.0000000000
3476 -1806.0000000000
3528 -1805.0000000000
3593 -1804.0000000000
3629 -1803.0000000000
3645 -1802.0000000000
3689 -1801.0000000000
3727 -1800.0000000000
3811 -1799.0000000000
3833 -1798.0000000000
3880 -1797.0000000000
3881 -1796.0000000000
3928 -1795.0000000000
3951 -1794.0000000000
4028 -1793.0000000000
4040 -1792.0000000000
4052 -1790.0000000000
4088 -1788.0000000000
4110 -1787.0000000000
4133 -1786.0000000000
4142 -1785.0000000000
4216 -1784.0000000000
4291 -1781.0000000000
4297 -1780.0000000000
4317 -1779.0000000000
4449 -1778.0000000000
4517 -1777.0000000000
4537 -1776.0000000000
4589 -1775.0000000000
4643 -1774.0000000000
4666 -1773.0000000000
4716 -1772.0000000000
4734 -1771.0000000000
4741 -1769.0000000000
4845 -1768.0000000000
4847 -1767.0000000000
4888 -1766.0000000000
4890 -1765.0000000000
4903 -1764.0000000000
4909 -1763.0000000000
4948 -1762.0000000000
4989 -1761.0000000000
5010 -1760.0000000000
5052 -1759.0000000000
5069 -1758.0000000000
5135 -1757.0000000000
5149 -1756.0000000000
5158 -1755.0000000000
5173 -1754.0000000000
5207 -1753.0000000000
5228 -1750.0000000000
5324 -1749.0000000000
5371 -1748.0000000000
5484 -1746.0000000000
5530 -1745.0000000000
5553 -1744.0000000000
5595 -1743.0000000000
5637 -1742.0000000000
5687 -1741.0000000000
5762 -1740.0000000000
5812 -1739.0000000000
5849 -1738.0000000000
5936 -1736.0000000000
6011 -1735.0000000000
6040 -1734.0000000000
6116 -1733.0000000000
6124 -1732.0000000000
6157 -1731.0000000000
6234 -1730.0000000000
6290 -1729.0000000000
6294 -1728.0000000000
6321 -1727.0000000000
6323 -1726.0000000000
6340 -1725.0000000000
6426 -1723.0000000000
6504 -1722.0000000000
6521 -1721.0000000000
6586 -1720.0000000000
6594 -1719.0000000000
6627 -1718.0000000000
6632 -1717.0000000000
6675 -1716.0000000000
6726 -1715.0000000000
6769 -1713.0000000000
6874 -1712.0000000000
6923 -1711.0000000000
6936 -1710.0000000000
6970 -1709.0000000000
7015 -1707.0000000000
7041 -1706.0000000000
7117 -1705.0000000000
7154 -1704.0000000000
7183 -1703.0000000000
7185 -1702.0000000000
7218 -1700.0000000000
7292 -1699.0000000000
7332 -1698.0000000000
7350 -1697.0000000000
7522 -1696.0000000000
7552 -1695.0000000000
7644 -1694.0000000000
7649 -1692.0000000000
7710 -1691.0000000000
7757 -1690.0000000000
7772 -1689.0000000000
7803 -1688.0000000000
7846 -1687.0000000000
7881 -1686.0000000000
7926 -1685.0000000000
7932 -1683.0000000000
7967 -1682.0000000000
8050 -1681.0000000000
8097 -1679.0000000000
8173 -1678.0000000000
8253 -1677.0000000000
8266 -1676.0000000000
8330 -1675.0000000000
8346 -1674.0000000000
8357 -1673.0000000000
8369 -1671.0000000000
8479 -1670.0000000000
8535 -1669.0000000000
8567 -1668.0000000000
8627 -1667.0000000000
8688 -1666.0000000000
8702 -1665.0000000000
8797 -1664.0000000000
8813 -1663.0000000000
8850 -1662.0000000000
8857 -1660.0000000000
8938 -1659.0000000000
8998 -1658.0000000000
9033 -1657.0000000000
9041 -1656.0000000000
9046 -1655.0000000000
9138 -1654.0000000000
9183 -1653.0000000000
9215 -1652.0000000000
9276 -1651.0000000000
9312 -1650.0000000000
9370 -1649.0000000000
9444 -1648.0000000000
9478 -1647.0000000000
9550 -1646.0000000000
9574 -1645.0000000000
9601 -1643.0000000000
9732 -1642.0000000000
9780 -1641.0000000000
9790 -1640.0000000000
9865 -1639.0000000000
9895 -1638.0000000000
9929 -1637.0000000000
9975 -1636.0000000000
10000 -1640.0000000000
evaluations raw_y
1 -2015.0000000000
2 -2012.0000000000
4 -2006.0000000000
6 -1978.0000000000
9 -1965.0000000000
31 -1951.0000000000
132 -1950.0000000000
185 -1949.0000000000
198 -1947.0000000000
238 -1946.0000000000
260 -1945.0000000000
302 -1944.0000000000
307 -1943.0000000000
349 -1942.0000000000
382 -1941.0000000000
390 -1940.0000000000
451 -1939.0000000000
461 -1938.0000000000
496 -1937.0000000000
536 -1936.0000000000
588 -1935.0000000000
600 -1934.0000000000
617 -1933.0000000000
642 -1932.0000000000
725 -1931.0000000000
731 -1930.0000000000
769 -1929.0000000000
782 -1928.0000000000
837 -1927.0000000000
840 -1926.0000000000
890 -1925.0000000000
924 -1924.0000000000
992 -1923.0000000000
1010 -1920.0000000000
1092 -1919.0000000000
1103 -1918.0000000000
1190 -1917.0000000000
1200 -1915.0000000000
1259 -1914.0000000000
1301 -1913.0000000000
1310 -1912.0000000000
1389 -1911.0000000000
1461 -1910.0000000000
1477 -1909.0000000000
1502 -1908.0000000000
1596 -1907.0000000000
1642 -1906.0000000000
1661 -1905.0000000000
1700 -1904.0000000000
1712 -1900.0000000000
1808 -1899.0000000000
1929 -1897.0000000000
1948 -1896.0000000000
1993 -1894.0000000000
2031 -1891.0000000000
2105 -1890.0000000000
2183 -1889.0000000000
2191 -1888.0000000000
2208 -1887.0000000000
2244 -1885.0000000000
2266 -1884.0000000000
2274 -1883.0000000000
2311 -1882.0000000000
2373 -1881.0000000000
2411 -1880.0000000000
2417 -1879.0000000000
2419 -1878.0000000000
2516 -1877.0000000000
2584 -1873.0000000000
2725 -1872.0000000000
2756 -1869.0000000000
2770 -1866.0000000000
2827 -1865.0000000000
2869 -1864.0000000000
2895 -1863.0000000000
2902 -1862.0000000000
2997 -1861.0000000000
3005 -1860.0000000000
3028 -1859.0000000000
3103 -1858.0000000000
3110 -1856.0000000000
3199 -1855.0000000000
3238 -1854.0000000000
3265 -1853.0000000000
3294 -1852.0000000000
3338 -1851.0000000000
3390 -1850.0000000000
3477 -1849.0000000000
3535 -1848.0000000000
3578 -1847.0000000000
3612 -1846.0000000000
3661 -1845.0000000000
3682 -1844.0000000000
3812 -1843.0000000000
3854 -1842.0000000000
3875 -1841.0000000000
3899 -1840.0000000000
3948 -1839.0000000000
4018 -1838.0000000000
4046 -1837.0000000000
4093 -1835.0000000000
4182 -1833.0000000000
4240 -1832.0000000000
4277 -1831.0000000000
4319 -1830.0000000000
4332 -1829.0000000000
4345 -1828.0000000000
4460 -1826.0000000000
4488 -1825.0000000000
4496 -1824.0000000000
4573 -1822.0000000000
4637 -1821.0000000000
4668 -1820.0000000000
4670 -1819.0000000000
4729 -1818.0000000000
4831 -1817.0000000000
4845 -1816.0000000000
4875 -1815.0000000000
4899 -1814.0000000000
4947 -1813.0000000000
4986 -1812.0000000000
5049 -1811.0000000000
5076 -1810.0000000000
5106 -1809.0000000000
5138 -1808.0000000000
5171 -1807.0000000000
5278 -1806.0000000000
5314 -1805.0000000000
5334 -1804.0000000000
5364 -1802.0000000000
5433 -1801.0000000000
5442 -1800.0000000000
5450 -1797.0000000000
5457 -1796.0000000000
5507 -1795.0000000000
5537 -1794.0000000000
5650 -1793.0000000000
5654 -1792.0000000000
5693 -1791.0000000000
5698 -1790.0000000000
5723 -1789.0000000000
5768 -1788.0000000000
5838 -1787.0000000000
5902 -1786.0000000000
5926 -1785.0000000000
6021 -1784.0000000000
6084 -1783.0000000000
6118 -1782.0000000000
6165 -1781.0000000000
6181 -1780.0000000000
6188 -1779.0000000000
6225 -1778.0000000000
6262 -1777.0000000000
6288 -1775.0000000000
6392 -1774.0000000000
6441 -1773.0000000000
6571 -1772.0000000000
6598 -1771.0000000000
6655 -1770.0000000000
6681 -1769.0000000000
6712 -1768.0000000000
6777 -1767.0000000000
6811 -1766.0000000000
6852 -1765.0000000000
6879 -1764.0000000000
6919 -1763.0000000000
6920 -1762.0000000000
6921 -1761.0000000000
6956 -1760.0000000000
7024 -1759.0000000000
7060 -1758.0000000000
7110 -1756.0000000000
7186 -1755.0000000000
7262 -1753.0000000000
7299 -1752.0000000000
7347 -1751.0000000000
7379 -1750.0000000000
7400 -1749.0000000000
7477 -1748.0000000000
7542 -1747.0000000000
7550 -1746.0000000000
7581 -1744.0000000000
7666 -1743.0000000000
7765 -1742.0000000000
7784 -1741.0000000000
7842 -1740.0000000000
7938 -1739.0000000000
7989 -1738.0000000000
8028 -1737.0000000000
8074 -1736.0000000000
8107 -1735.0000000000
8132 -1734.0000000000
8212 -1733.0000000000
8261 -1732.0000000000
8306 -1731.0000000000
8351 -1730.0000000000
8371 -1729.0000000000
8387 -1728.0000000000
8454 -1727.0000000000
8461 -1726.0000000000
8491 -1725.0000000000
8502 -1724.0000000000
8581 -1723.0000000000
8593 -1722.0000000000
8604 -1721.0000000000
8662 -1720.0000000000
8714 -1719.0000000000
8756 -1717.0000000000
8853 -1716.0000000000
8908 -1715.0000000000
8947 -1714.0000000000
8973 -1713.0000000000
9017 -1712.0000000000
9040 -1711.0000000000
9079 -1710.0000000000
9117 -1709.0000000000
9166 -1708.0000000000
9234 -1707.0000000000
9255 -1706.0000000000
9280 -1705.0000000000
9334 -1704.0000000000
9417 -1702.0000000000
9439 -1701.0000000000
9467 -1699.0000000000
9606 -1698.0000000000
9614 -1695.0000000000
9704 -1693.0000000000
9729 -1692.0000000000
9823 -1691.0000000000
9829 -1690.0000000000
9920 -1689.0000000000
9986 -1688.0000000000
10000 -1689.0000000000
evaluations raw_y
1 -1991.0000000000
3 -1978.0000000000
9 -1957.0000000000
36 -1928.0000000000
55 -1926.0000000000
150 -1925.0000000000
172 -1924.0000000000
302 -1922.0000000000
352 -1921.0000000000
375 -1920.0000000000
422 -1919.0000000000
436 -1918.0000000000
505 -1917.0000000000
564 -1916.0000000000
571 -1915.0000000000
591 -1914.0000000000
605 -1913.0000000000
622 -1912.0000000000
655 -1911.0000000000
675 -1910.0000000000
690 -1909.0000000000
758 -1908.0000000000
767 -1907.0000000000
802 -1906.0000000000
807 -1905.0000000000
850 -1904.0000000000
881 -1903.0000000000
916 -1902.0000000000
960 -1901.0000000000
985 -1900.0000000000
1045 -1899.0000000000
1046 -1898.0000000000
1107 -1897.0000000000
1121 -1896.0000000000
1127 -1895.0000000000
1128 -1894.0000000000
1162 -1893.0000000000
1167 -1892.0000000000
1180 -1891.0000000000
1183 -1890.0000000000
1195 -1888.0000000000
1278 -1887.0000000000
1316 -1886.0000000000
1318 -1885.0000000000
1336 -1884.0000000000
1425 -1883.0000000000
1457 -1882.0000000000
1496 -1881.0000000000
1501 -1880.0000000000
1536 -1879.0000000000
1561 -1878.0000000000
1577 -1876.0000000000
1674 -1874.0000000000
1779 -1873.0000000000
1810 -1872.0000000000
1814 -1871.0000000000
1906 -1870.0000000000
1949 -1867.0000000000
1975 -1866.0000000000
2056 -1862.0000000000
2198 -1861.0000000000
2252 -1860.0000000000
2277 -1859.0000000000
2280 -1858.0000000000
2339 -1857.0000000000
2381 -1856.0000000000
2390 -1855.0000000000
2484 -1854.0000000000
2511 -1853.0000000000
2579 -1852.0000000000
2594 -1851.0000000000
2670 -1850.0000000000
2748 -1849.0000000000
2755 -1848.0000000000
2779 -1847.0000000000
2796 -1846.0000000000
2798 -1845.0000000000
2888 -1844.0000000000
2939 -1843.0000000000
2976 -1842.0000000000
3024 -1841.0000000000
3035 -1840.0000000000
3065 -1839.0000000000
3138 -1837.0000000000
3169 -1835.0000000000
3210 -1833.0000000000
3268 -1832.0000000000
3367 -1831.0000000000
3373 -1830.0000000000
3456 -1829.0000000000
3477 -1828.0000000000
3501 -1827.0000000000
3518 -1826.0000000000
3605 -1825.0000000000
3626 -1824.0000000000
3647 -1823.0000000000
3722 -1822.0000000000
3725 -1821.0000000000
3768 -1820.0000000000
3818 -1819.0000000000
3824 -1818.0000000000
3890 -1816.0000000000
3978 -1815.0000000000
3980 -1814.0000000000
4039 -1813.0000000000
4092 -1810.0000000000
4165 -1809.0000000000
4168 -1807.0000000000
4202 -1806.0000000000
4240 -1805.0000000000
4267 -1804.0000000000
4281 -1803.0000000000
4340 -1802.0000000000
4344 -1801.0000000000
4413 -1800.0000000000
4459 -1799.0000000000
4460 -1798.0000000000
4476 -1797.0000000000
4520 -1796.0000000000
4562 -1795.0000000000
4603 -1794.0000000000
4654 -1793.0000000000
4659 -1792.0000000000
4682 -1791.0000000000
4748 -1790.0000000000
4820 -1789.0000000000
4832 -1788.0000000000
4911 -1787.0000000000
4921 -1786.0000000000
4967 -1785.0000000000
4978 -1784.0000000000
5035 -1783.0000000000
5049 -1781.0000000000
5052 -1780.0000000000
5240 -1779.0000000000
5281 -1778.0000000000
5311 -1777.0000000000
5339 -1776.0000000000
5374 -1775.0000000000
5397 -1774.0000000000
5448 -1773.0000000000
5455 -1772.0000000000
5466 -1770.0000000000
5467 -1769.0000000000
5507 -1768.0000000000
5517 -1767.0000000000
5533 -1766.0000000000
5620 -1765.0000000000
5634 -1764.0000000000
5649 -1763.0000000000
5693 -1762.0000000000
5697 -1761.0000000000
5718 -1760.0000000000
5771 -1759.0000000000
5772 -1757.0000000000
5937 -1756.0000000000
5976 -1755.0000000000
5984 -1754.0000000000
6073 -1753.0000000000
6117 -1752.0000000000
6174 -1751.0000000000
6210 -1749.0000000000
6230 -1748.0000000000
6319 -1747.0000000000
6366 -1746.0000000000
6399 -1745.0000000000
6472 -1744.0000000000
6474 -1743.0000000000
6574 -1741.0000000000
6579 -1740.0000000000
6632 -1739.0000000000
6665 -1737.0000000000
6791 -1736.0000000000
6843 -1735.0000000000
6862 -1734.0000000000
6921 -1733.0000000000
6962 -1732.0000000000
6968 -1729.0000000000
6992 -1728.0000000000
7040 -1727.0000000000
7092 -1726.0000000000
7116 -1725.0000000000
7155 -1724.0000000000
7204 -1723.0000000000
7255 -1722.0000000000
7308 -1721.0000000000
7313 -1720.0000000000
7382 -1719.0000000000
7395 -1718.0000000000
7456 -1717.0000000000
7487 -1716.0000000000
7551 -1715.0000000000
7612 -1714.0000000000
7669 -1713.0000000000
7718 -1712.0000000000
7749 -1711.0000000000
7843 -1710.0000000000
7883 -1709.0000000000
7917 -1708.0000000000
7934 -1707.0000000000
7950 -1706.0000000000
8001 -1705.0000000000
8022 -1704.0000000000
8027 -1703.0000000000
8091 -1702.0000000000
8118 -1701.0000000000
8234 -1699.0000000000
8315 -1698.0000000000
8348 -1697.0000000000
8381 -1696.0000000000
8433 -1695.0000000000
8475 -1694.0000000000
8518 -1693.0000000000
8573 -1692.0000000000
8608 -1691.0000000000
8639 -1690.0000000000
8728 -1689.0000000000
8770 -1688.0000000000
8796 -1687.0000000000
8819 -1686.0000000000
8901 -1685.0000000000
8920 -1684.0000000000
8955 -1683.0000000000
9033 -1682.0000000000
9069 -1681.0000000000
9118 -1680.0000000000
9208 -1678.0000000000
9307 -1677.0000000000
9354 -1676.0000000000
9377 -1675.0000000000
9416 -1674.0000000000
9462 -1673.0000000000
9493 -1672.0000000000
9534 -1671.0000000000
9628 -1670.0000000000
9645 -1669.0000000000
9662 -1668.0000000000
9710 -1667.0000000000
9775 -1666.0000000000
9805 -1665.0000000000
9887 -1664.0000000000
9914 -1663.0000000000
9926 -1662.0000000000
10000 -1665.0000000000
evaluations raw_y
1 -1995.0000000000
2 -1990.0000000000
4 -1984.0000000000
5 -1983.0000000000
7 -1947.0000000000
15 -1928.0000000000
81 -1927.0000000000
152 -1926.0000000000
275 -1925.0000000000
294 -1924.0000000000
331 -1923.0000000000
335 -1921.0000000000
373 -1920.0000000000
447 -1919.0000000000
500 -1918.0000000000
516 -1917.0000000000
546 -1916.0000000000
630 -1914.0000000000
647 -1912.0000000000
713 -1911.0000000000
783 -1910.0000000000
803 -1909.0000000000
827 -1908.0000000000
885 -1907.0000000000
888 -1906.0000000000
904 -1905.0000000000
930 -1904.0000000000
946 -1903.0000000000
977 -1902.0000000000
986 -1900.0000000000
987 -1898.0000000000
1029 -1897.0000000000
1065 -1896.0000000000
1128 -1895.0000000000
1163 -1894.0000000000
1219 -1892.0000000000
1251 -1891.0000000000
1273 -1890.0000000000
1324 -1889.0000000000
1408 -1888.0000000000
1414 -1887.0000000000
1428 -1885.0000000000
1490 -1883.0000000000
1551 -1882.0000000000
1587 -1881.0000000000
1657 -1879.0000000000
1674 -1878.0000000000
1715 -1877.0000000000
1814 -1876.0000000000
1894 -1875.0000000000
1923 -1873.0000000000
1964 -1872.0000000000
1966 -1871.0000000000
2057 -1870.0000000000
2132 -1868.0000000000
2144 -1866.0000000000
2203 -1865.0000000000
2222 -1864.0000000000
2343 -1863.0000000000
2391 -1862.0000000000
2427 -1860.0000000000
2449 -1858.0000000000
2486 -1857.0000000000
2507 -1856.0000000000
2613 -1855.0000000000
2669 -1854.0000000000
2695 -1853.0000000000
2698 -1852.0000000000
2715 -1851.0000000000
2828 -1850.0000000000
2872 -1849.0000000000
2960 -1848.0000000000
3008 -1846.0000000000
3067 -1845.0000000000
3120 -1844.0000000000
3141 -1843.0000000000
3171 -1842.0000000000
3226 -1841.0000000000
3239 -1840.0000000000
3304 -1839.0000000000
3305 -1838.0000000000
3421 -1837.0000000000
3449 -1836.0000000000
3474 -1835.0000000000
3564 -1834.0000000000
3619 -1833.0000000000
3648 -1832.0000000000
3694 -1831.0000000000
3754 -1830.0000000000
3788 -1829.0000000000
3849 -1828.0000000000
3916 -1827.0000000000
3917 -1826.0000000000
3927 -1825.0000000000
4037 -1824.0000000000
4070 -1822.0000000000
4123 -1821.0000000000
4175 -1820.0000000000
4200 -1819.0000000000
4227 -1818.0000000000
4237 -1817.0000000000
4322 -1816.0000000000
4327 -1814.0000000000
4468 -1813.0000000000
4521 -1811.0000000000
4606 -1810.0000000000
4648 -1809.0000000000
4670 -1807.0000000000
4700 -1806.0000000000
4717 -1805.0000000000
4785 -1804.0000000000
4798 -1803.0000000000
4817 -1802.0000000000
4882 -1801.0000000000
4931 -1800.0000000000
4944 -1799.0000000000
5012 -1797.0000000000
5045 -1796.0000000000
5075 -1795.0000000000
5133 -1794.0000000000
5147 -1793.0000000000
5192 -1792.0000000000
5222 -1791.0000000000
5259 -1790.0000000000
5300 -1788.0000000000
5316 -1787.0000000000
5389 -1786.0000000000
5433 -1785.0000000000
5535 -1783.0000000000
5598 -1782.0000000000
5621 -1781.0000000000
5698 -1780.0000000000
5712 -1779.0000000000
5719 -1778.0000000000
5804 -1777.0000000000
5828 -1775.0000000000
5940 -1774.0000000000
5948 -1773.0000000000
5969 -1772.0000000000
6021 -1771.0000000000
6067 -1770.0000000000
6080 -1768.0000000000
6113 -1766.0000000000
6141 -1764.0000000000
6236 -1762.0000000000
6263 -1761.0000000000
6310 -1760.0000000000
6352 -1758.0000000000
6407 -1757.0000000000
6474 -1755.0000000000
6525 -1754.0000000000
6618 -1753.0000000000
6660 -1752.0000000000
6671 -1751.0000000000
6744 -1750.0000000000
6754 -1749.0000000000
6764 -1748.0000000000
6844 -1747.0000000000
6883 -1746.0000000000
6924 -1745.0000000000
6967 -1744.0000000000
6984 -1743.0000000000
7020 -1742.0000000000
7038 -1741.0000000000
7118 -1740.0000000000
7151 -1739.0000000000
7172 -1738.0000000000
7231 -1737.0000000000
7276 -1735.0000000000
7311 -1734.0000000000
7371 -1733.0000000000
7396 -1732.0000000000
7458 -1731.0000000000
7511 -1730.0000000000
7556 -1729.0000000000
7615 -1728.0000000000
7641 -1727.0000000000
7686 -1726.0000000000
7730 -1725.0000000000
7753 -1724.0000000000
7783 -1723.0000000000
7829 -1722.0000000000
7868 -1720.0000000000
8002 -1719.0000000000
8051 -1718.0000000000
8054 -1715.0000000000
8179 -1714.0000000000
8257 -1713.0000000000
8271 -1712.0000000000
8280 -1711.0000000000
8422 -1710.0000000000
8440 -1709.0000000000
8502 -1708.0000000000
8524 -1707.0000000000
8567 -1706.0000000000
8574 -1704.0000000000
8667 -1702.0000000000
8722 -1701.0000000000
8820 -1700.0000000000
8822 -1699.0000000000
8873 -1698.0000000000
8957 -1697.0000000000
8989 -1696.0000000000
9077 -1695.0000000000
9114 -1694.0000000000
9157 -1693.0000000000
9241 -1692.0000000000
9288 -1691.0000000000
9339 -1690.0000000000
9344 -1689.0000000000
9414 -1688.0000000000
9445 -1687.0000000000
9482 -1686.0000000000
9521 -1685.0000000000
9557 -1684.0000000000
9597 -1683.0000000000
9602 -1682.0000000000
9644 -1681.0000000000
9729 -1680.0000000000
9772 -1679.0000000000
9811 -1678.0000000000
9826 -1677.0000000000
9846 -1676.0000000000
9909 -1675.0000000000
9976 -1674.0000000000
10000 -1675.0000000000
evaluations raw_y
1 -2056.0000000000
2 -2019.0000000000
3 -2013.0000000000
5 -1990.0000000000
7 -1981.0000000000
16 -1978.0000000000
18 -1948.0000000000
37 -1925.0000000000
151 -1924.0000000000
174 -1922.0000000000
199 -1921.0000000000
219 -1920.0000000000
235 -1919.0000000000
244 -1918.0000000000
254 -1916.0000000000
407 -1915.0000000000
432 -1914.0000000000
469 -1913.0000000000
487 -1912.0000000000
509 -1911.0000000000
592 -1910.0000000000
632 -1909.0000000000
650 -1908.0000000000
675 -1907.0000000000
683 -1906.0000000000
699 -1905.0000000000
711 -1904.0000000000
759 -1903.0000000000
817 -1902.0000000000
865 -1901.0000000000
885 -1900.0000000000
892 -1899.0000000000
982 -1897.0000000000
1031 -1896.0000000000
1049 -1893.0000000000
1067 -1892.0000000000
1175 -1890.0000000000
1237 -1889.0000000000
1265 -1888.0000000000
1280 -1887.0000000000
1333 -1886.0000000000
1419 -1885.0000000000
1440 -1884.0000000000
1442 -1883.0000000000
1457 -1882.0000000000
1536 -1880.0000000000
1647 -1879.0000000000
1661 -1878.0000000000
1729 -1877.0000000000
1738 -1876.0000000000
1789 -1875.0000000000
1822 -1874.0000000000
1824 -1872.0000000000
1907 -1870.0000000000
1972 -1869.0000000000
1996 -1867.0000000000
2101 -1866.0000000000
2140 -1865.0000000000
2154 -1864.0000000000
2187 -1863.0000000000
2213 -1862.0000000000
2226 -1861.0000000000
2253 -1860.0000000000
2316 -1859.0000000000
2334 -1858.0000000000
2388 -1856.0000000000
2455 -1855.0000000000
2461 -1854.0000000000
2475 -1853.0000000000
2508 -1850.0000000000
2619 -1849.0000000000
2645 -1848.0000000000
2718 -1847.0000000000
2721 -1846.0000000000
2768 -1845.0000000000
2778 -1844.0000000000
2832 -1843.0000000000
2919 -1842.0000000000
2934 -1841.0000000000
2996 -1840.0000000000
3051 -1839.0000000000
3072 -1838.0000000000
3074 -1837.0000000000
3157 -1836.0000000000
3178 -1835.0000000000
3196 -1834.0000000000
3289 -1833.0000000000
3312 -1832.0000000000
3388 -1830.0000000000
3397 -1829.0000000000
3457 -1828.0000000000
3494 -1827.0000000000
3505 -1826.0000000000
3546 -1824.0000000000
3670 -1823.0000000000
3731 -1822.0000000000
3748 -1821.0000000000
3757 -1820.0000000000
3824 -1819.0000000000
3843 -1818.0000000000
3858 -1817.0000000000
3887 -1816.0000000000
3907 -1815.0000000000
3924 -1814.0000000000
3957 -1813.0000000000
4020 -1812.0000000000
4086 -1811.0000000000
4089 -1810.0000000000
4162 -1809.0000000000
4190 -1808.0000000000
4213 -1806.0000000000
4297 -1804.0000000000
4352 -1803.0000000000
4360 -1802.0000000000
4448 -1800.0000000000
4507 -1799.0000000000
4524 -1798.0000000000
4565 -1797.0000000000
4599 -1796.0000000000
4637 -1794.0000000000
4701 -1793.0000000000
4722 -1792.0000000000
4755 -1790.0000000000
4756 -1789.0000000000
4817 -1788.0000000000
4837 -1787.0000000000
4857 -1785.0000000000
4934 -1784.0000000000
4949 -1783.0000000000
4994 -1782.0000000000
5013 -1781.0000000000
5024 -1780.0000000000
5100 -1779.0000000000
5128 -1777.0000000000
5145 -1776.0000000000
5188 -1775.0000000000
5264 -1774.0000000000
5310 -1771.0000000000
5377 -1770.0000000000
5400 -1769.0000000000
5471 -1768.0000000000
5536 -1767.0000000000
5552 -1766.0000000000
5641 -1765.0000000000
5644 -1764.0000000000
5674 -1763.0000000000
5676 -1762.0000000000
5732 -1761.0000000000
5733 -1760.0000000000
5747 -1759.0000000000
5790 -1758.0000000000
5850 -1757.0000000000
5908 -1756.0000000000
5909 -1755.0000000000
5978 -1754.0000000000
6025 -1753.0000000000
6087 -1751.0000000000
6122 -1750.0000000000
6200 -1749.0000000000
6213 -1748.0000000000
6247 -1747.0000000000
6260 -1746.0000000000
6358 -1745.0000000000
6362 -1744.0000000000
6400 -1743.0000000000
6492 -1742.0000000000
6506 -1740.0000000000
6513 -1739.0000000000
6574 -1738.0000000000
6586 -1735.0000000000
6713 -1733.0000000000
6773 -1732.0000000000
6833 -1731.0000000000
6894 -1730.0000000000
6940 -1729.0000000000
7010 -1728.0000000000
7033 -1727.0000000000
7042 -1726.0000000000
7102 -1725.0000000000
7140 -1724.0000000000
7154 -1723.0000000000
7217 -1722.0000000000
7268 -1719.0000000000
7383 -1718.0000000000
7496 -1717.0000000000
7516 -1716.0000000000
7538 -1715.0000000000
7581 -1714.0000000000
7620 -1713.0000000000
7690 -1712.0000000000
7705 -1711.0000000000
7751 -1710.0000000000
7796 -1709.0000000000
7925 -1708.0000000000
7948 -1707.0000000000
7972 -1706.0000000000
8012 -1705.0000000000
8038 -1704.0000000000
8108 -1703.0000000000
8121 -1702.0000000000
8193 -1701.0000000000
8255 -1700.0000000000
8329 -1699.0000000000
8341 -1698.0000000000
8376 -1697.0000000000
8453 -1696.0000000000
8477 -1695.0000000000
8549 -1694.0000000000
8605 -1693.0000000000
8653 -1692.0000000000
8681 -1691.0000000000
8702 -1690.0000000000
8732 -1689.0000000000
8779 -1687.0000000000
8830 -1686.0000000000
8865 -1685.0000000000
8972 -1684.0000000000
9032 -1682.0000000000
9054 -1681.0000000000
9194 -1680.0000000000
9218 -1679.0000000000
9263 -1678.0000000000
9331 -1677.0000000000
9381 -1675.0000000000
9455 -1674.0000000000
9478 -1673.0000000000
9552 -1672.0000000000
9553 -1671.0000000000
9620 -1670.0000000000
9698 -1669.0000000000
9729 -1668.0000000000
9746 -1667.0000000000
9821 -1666.0000000000
9916 -1665.0000000000
9928 -1661.0000000000
9941 -1660.0000000000
10000 -1665.0000000000
