evaluations raw_y
1 -307.0000000000
2 -306.0000000000
3 -305.0000000000
8 -304.0000000000
9 -303.0000000000
17 -302.0000000000
23 -301.0000000000
24 -300.0000000000
28 -299.0000000000
32 -297.0000000000
34 -296.0000000000
35 -295.0000000000
36 -293.0000000000
40 -292.0000000000
43 -291.0000000000
49 -289.0000000000
55 -288.0000000000
56 -287.0000000000
62 -286.0000000000
65 -283.0000000000
78 -282.0000000000
86 -280.0000000000
94 -279.0000000000
96 -278.0000000000
97 -277.0000000000
101 -276.0000000000
104 -275.0000000000
110 -274.0000000000
114 -273.0000000000
117 -271.0000000000
120 -270.0000000000
125 -269.0000000000
130 -268.0000000000
131 -267.0000000000
136 -266.0000000000
147 -265.0000000000
149 -264.0000000000
152 -263.0000000000
153 -262.0000000000
160 -261.0000000000
161 -260.0000000000
163 -258.0000000000
165 -257.0000000000
169 -256.0000000000
174 -255.0000000000
177 -253.0000000000
181 -252.0000000000
182 -251.0000000000
184 -250.0000000000
189 -249.0000000000
190 -248.0000000000
193 -247.0000000000
199 -246.0000000000
204 -245.0000000000
211 -244.0000000000
212 -243.0000000000
222 -242.0000000000
235 -241.0000000000
239 -238.0000000000
240 -237.0000000000
241 -235.0000000000
246 -234.0000000000
252 -233.0000000000
256 -232.0000000000
257 -231.0000000000
261 -230.0000000000
268 -229.0000000000
270 -227.0000000000
272 -226.0000000000
274 -225.0000000000
278 -224.0000000000
284 -223.0000000000
285 -222.0000000000
288 -221.0000000000
294 -220.0000000000
295 -219.0000000000
302 -218.0000000000
303 -217.0000000000
306 -216.0000000000
311 -215.0000000000
328 -214.0000000000
334 -213.0000000000
336 -212.0000000000
340 -211.0000000000
349 -210.0000000000
351 -209.0000000000
359 -207.0000000000
363 -205.0000000000
367 -204.0000000000
372 -203.0000000000
376 -202.0000000000
380 -201.0000000000
393 -199.0000000000
406 -198.0000000000
413 -197.0000000000
416 -196.0000000000
417 -195.0000000000
424 -194.0000000000
438 -193.0000000000
446 -192.0000000000
447 -191.0000000000
448 -190.0000000000
451 -189.0000000000
459 -188.0000000000
461 -187.0000000000
466 -185.0000000000
468 -184.0000000000
479 -183.0000000000
480 -182.0000000000
481 -181.0000000000
498 -180.0000000000
499 -179.0000000000
504 -177.0000000000
514 -176.0000000000
520 -175.0000000000
525 -174.0000000000
543 -173.0000000000
545 -172.0000000000
548 -171.0000000000
552 -170.0000000000
561 -169.0000000000
569 -168.0000000000
572 -167.0000000000
579 -165.0000000000
586 -164.0000000000
587 -162.0000000000
588 -161.0000000000
590 -160.0000000000
592 -159.0000000000
602 -158.0000000000
604 -157.0000000000
612 -155.0000000000
623 -154.0000000000
628 -153.0000000000
632 -152.0000000000
633 -149.0000000000
671 -148.0000000000
673 -147.0000000000
700 -146.0000000000
707 -144.0000000000
710 -143.0000000000
733 -141.0000000000
735 -140.0000000000
745 -139.0000000000
749 -138.0000000000
750 -137.0000000000
759 -136.0000000000
760 -135.0000000000
763 -134.0000000000
766 -133.0000000000
767 -131.0000000000
769 -130.0000000000
771 -128.0000000000
772 -127.0000000000
778 -126.0000000000
820 -125.0000000000
839 -124.0000000000
842 -123.0000000000
857 -122.0000000000
859 -121.0000000000
866 -120.0000000000
869 -119.0000000000
871 -117.0000000000
878 -116.0000000000
893 -115.0000000000
919 -114.0000000000
926 -113.0000000000
961 -112.0000000000
967 -111.0000000000
969 -110.0000000000
970 -109.0000000000
975 -108.0000000000
997 -107.0000000000
1000 -106.0000000000
1019 -105.0000000000
1028 -104.0000000000
1035 -103.0000000000
1053 -102.0000000000
1056 -101.0000000000
1077 -100.0000000000
1106 -99.0000000000
1111 -97.0000000000
1115 -96.0000000000
1119 -95.0000000000
1125 -94.0000000000
1131 -93.0000000000
1133 -92.0000000000
1138 -91.0000000000
1139 -89.0000000000
1142 -88.0000000000
1144 -87.0000000000
1152 -86.0000000000
1160 -82.0000000000
1163 -81.0000000000
1216 -80.0000000000
1221 -79.0000000000
1225 -77.0000000000
1253 -76.0000000000
1298 -75.0000000000
1301 -74.0000000000
1323 -73.0000000000
1382 -72.0000000000
1388 -71.0000000000
1430 -70.0000000000
1439 -69.0000000000
1445 -68.0000000000
1450 -67.0000000000
1459 -66.0000000000
1477 -65.0000000000
1487 -64.0000000000
1493 -63.0000000000
1523 -62.0000000000
1536 -60.0000000000
1565 -58.0000000000
1597 -57.0000000000
1603 -56.0000000000
1612 -55.0000000000
1644 -54.0000000000
1645 -53.0000000000
1650 -52.0000000000
1656 -51.0000000000
1668 -50.0000000000
1675 -49.0000000000
1685 -48.0000000000
1729 -47.0000000000
1771 -46.0000000000
1826 -45.0000000000
1829 -44.0000000000
1842 -43.0000000000
1981 -42.0000000000
1988 -41.0000000000
1997 -40.0000000000
2033 -39.0000000000
2057 -38.0000000000
2070 -37.0000000000
2084 -36.0000000000
2107 -35.0000000000
2166 -34.0000000000
2194 -33.0000000000
2213 -32.0000000000
2219 -31.0000000000
2230 -30.0000000000
2370 -29.0000000000
2420 -28.0000000000
2443 -27.0000000000
2489 -26.0000000000
2490 -25.0000000000
2492 -24.0000000000
2494 -23.0000000000
2541 -22.0000000000
2548 -21.0000000000
2603 -20.0000000000
2712 -19.0000000000
2727 -18.0000000000
2757 -17.0000000000
2786 -16.0000000000
2826 -15.0000000000
2837 -14.0000000000
2841 -13.0000000000
2848 -12.0000000000
2877 -11.0000000000
2933 -10.0000000000
3048 -9.0000000000
3103 -8.0000000000
3153 -7.0000000000
3191 -6.0000000000
3194 -5.0000000000
3585 -4.0000000000
3905 -3.0000000000
3920 -2.0000000000
3985 -1.0000000000
4018 479.0000000000
4105 492.0000000000
4652 507.0000000000
4902 513.0000000000
5959 518.0000000000
7912 520.0000000000
8173 522.0000000000
9044 523.0000000000
9997 524.0000000000
11933 525.0000000000
12433 528.0000000000
14542 530.0000000000
19673 536.0000000000
27248 537.0000000000
31303 540.0000000000
36761 541.0000000000
44730 542.0000000000
47404 546.0000000000
51266 547.0000000000
94824 549.0000000000
100000 -3.0000000000
evaluations raw_y
1 -281.0000000000
6 -280.0000000000
7 -279.0000000000
14 -277.0000000000
18 -276.0000000000
21 -275.0000000000
29 -274.0000000000
30 -272.0000000000
37 -271.0000000000
45 -270.0000000000
46 -269.0000000000
48 -268.0000000000
57 -267.0000000000
59 -266.0000000000
60 -264.0000000000
61 -263.0000000000
63 -262.0000000000
66 -261.0000000000
69 -260.0000000000
70 -258.0000000000
76 -257.0000000000
77 -256.0000000000
88 -255.0000000000
95 -254.0000000000
97 -253.0000000000
104 -252.0000000000
105 -250.0000000000
106 -249.0000000000
114 -248.0000000000
140 -247.0000000000
141 -246.0000000000
147 -245.0000000000
148 -244.0000000000
157 -243.0000000000
160 -240.0000000000
164 -239.0000000000
166 -238.0000000000
175 -237.0000000000
179 -235.0000000000
191 -234.0000000000
192 -233.0000000000
202 -232.0000000000
210 -230.0000000000
219 -229.0000000000
221 -228.0000000000
226 -226.0000000000
228 -225.0000000000
240 -224.0000000000
241 -222.0000000000
262 -221.0000000000
291 -220.0000000000
304 -219.0000000000
312 -218.0000000000
322 -217.0000000000
330 -215.0000000000
333 -214.0000000000
334 -213.0000000000
338 -212.0000000000
339 -210.0000000000
340 -208.0000000000
349 -207.0000000000
354 -206.0000000000
362 -205.0000000000
378 -204.0000000000
386 -202.0000000000
387 -201.0000000000
409 -200.0000000000
412 -199.0000000000
414 -197.0000000000
429 -196.0000000000
433 -195.0000000000
442 -194.0000000000
445 -193.0000000000
454 -192.0000000000
461 -191.0000000000
462 -190.0000000000
470 -189.0000000000
473 -188.0000000000
477 -187.0000000000
487 -186.0000000000
491 -185.0000000000
499 -184.0000000000
501 -183.0000000000
506 -182.0000000000
510 -180.0000000000
517 -177.0000000000
528 -176.0000000000
534 -174.0000000000
535 -172.0000000000
537 -171.0000000000
546 -170.0000000000
548 -169.0000000000
550 -168.0000000000
560 -167.0000000000
566 -166.0000000000
567 -165.0000000000
574 -164.0000000000
580 -163.0000000000
597 -162.0000000000
607 -161.0000000000
633 -160.0000000000
642 -158.0000000000
647 -157.0000000000
649 -156.0000000000
652 -155.0000000000
664 -154.0000000000
668 -153.0000000000
678 -152.0000000000
690 -151.0000000000
701 -150.0000000000
703 -149.0000000000
717 -148.0000000000
722 -147.0000000000
723 -146.0000000000
728 -145.0000000000
735 -144.0000000000
741 -142.0000000000
743 -141.0000000000
751 -140.0000000000
757 -139.0000000000
766 -137.0000000000
769 -136.0000000000
775 -135.0000000000
789 -134.0000000000
802 -132.0000000000
805 -130.0000000000
809 -129.0000000000
810 -128.0000000000
812 -127.0000000000
817 -126.0000000000
825 -125.0000000000
842 -124.0000000000
852 -123.0000000000
855 -122.0000000000
878 -121.0000000000
899 -120.0000000000
903 -119.0000000000
938 -118.0000000000
945 -117.0000000000
955 -115.0000000000
982 -113.0000000000
998 -112.0000000000
1006 -111.0000000000
1014 -110.0000000000
1016 -108.0000000000
1018 -107.0000000000
1043 -106.0000000000
1046 -105.0000000000
1071 -104.0000000000
1076 -103.0000000000
1089 -102.0000000000
1096 -101.0000000000
1099 -100.0000000000
1114 -99.0000000000
1122 -98.0000000000
1125 -97.0000000000
1132 -96.0000000000
1150 -95.0000000000
1168 -94.0000000000
1175 -93.0000000000
1190 -91.0000000000
1207 -90.0000000000
1215 -89.0000000000
1221 -88.0000000000
1234 -87.0000000000
1239 -86.0000000000
1240 -85.0000000000
1243 -84.0000000000
1246 -83.0000000000
1288 -82.0000000000
1302 -81.0000000000
1324 -80.0000000000
1329 -79.0000000000
1338 -78.0000000000
1346 -77.0000000000
1376 -76.0000000000
1380 -75.0000000000
1437 -74.0000000000
1441 -73.0000000000
1467 -72.0000000000
1492 -71.0000000000
1524 -70.0000000000
1535 -69.0000000000
1563 -68.0000000000
1589 -67.0000000000
1592 -66.0000000000
1597 -65.0000000000
1602 -64.0000000000
1612 -63.0000000000
1613 -62.0000000000
1650 -61.0000000000
1653 -60.0000000000
1670 -59.0000000000
1695 -58.0000000000
1874 -57.0000000000
1887 -56.0000000000
1929 -55.0000000000
1938 -54.0000000000
2006 -53.0000000000
2007 -52.0000000000
2013 -51.0000000000
2017 -50.0000000000
2034 -49.0000000000
2049 -48.0000000000
2064 -47.0000000000
2073 -46.0000000000
2123 -45.0000000000
2173 -44.0000000000
2180 -43.0000000000
2186 -42.0000000000
2198 -41.0000000000
2251 -40.0000000000
2270 -39.0000000000
2272 -38.0000000000
2279 -37.0000000000
2294 -36.0000000000
2330 -35.0000000000
2355 -34.0000000000
2403 -33.0000000000
2416 -32.0000000000
2440 -31.0000000000
2454 -30.0000000000
2512 -29.0000000000
2591 -28.0000000000
2593 -27.0000000000
2608 -26.0000000000
2693 -25.0000000000
2752 -24.0000000000
2791 -23.0000000000
2793 -22.0000000000
2820 -21.0000000000
2839 -19.0000000000
2895 -18.0000000000
2914 -17.0000000000
2933 -16.0000000000
3144 -15.0000000000
3185 -14.0000000000
3209 -13.0000000000
3243 -12.0000000000
3458 -11.0000000000
3537 -10.0000000000
3541 -9.0000000000
3571 -8.0000000000
3646 -7.0000000000
3817 -6.0000000000
3835 -5.0000000000
3901 -4.0000000000
3973 -3.0000000000
4040 -2.0000000000
4137 -1.0000000000
4147 476.0000000000
4245 479.0000000000
4270 485.0000000000
4706 489.0000000000
5654 497.0000000000
6510 510.0000000000
6532 511.0000000000
7250 515.0000000000
11246 520.0000000000
11731 524.0000000000
13219 525.0000000000
13401 526.0000000000
14258 529.0000000000
19087 538.0000000000
24909 539.0000000000
28635 540.0000000000
28758 549.0000000000
100000 -1.0000000000
evaluations raw_y
1 -293.0000000000
2 -292.0000000000
4 -290.0000000000
9 -289.0000000000
12 -288.0000000000
14 -287.0000000000
15 -286.0000000000
18 -285.0000000000
20 -284.0000000000
21 -283.0000000000
33 -282.0000000000
34 -280.0000000000
35 -279.0000000000
40 -277.0000000000
44 -276.0000000000
51 -275.0000000000
53 -274.0000000000
54 -271.0000000000
60 -270.0000000000
61 -269.0000000000
62 -268.0000000000
69 -267.0000000000
72 -265.0000000000
73 -264.0000000000
75 -263.0000000000
76 -262.0000000000
85 -260.0000000000
86 -259.0000000000
93 -258.0000000000
106 -257.0000000000
124 -256.0000000000
125 -255.0000000000
128 -254.0000000000
130 -253.0000000000
140 -252.0000000000
142 -251.0000000000
143 -250.0000000000
155 -249.0000000000
160 -248.0000000000
163 -247.0000000000
176 -245.0000000000
184 -244.0000000000
197 -242.0000000000
200 -240.0000000000
206 -239.0000000000
226 -238.0000000000
227 -237.0000000000
230 -236.0000000000
238 -233.0000000000
239 -232.0000000000
243 -231.0000000000
245 -230.0000000000
252 -229.0000000000
254 -228.0000000000
257 -227.0000000000
260 -226.0000000000
266 -225.0000000000
267 -224.0000000000
273 -223.0000000000
274 -222.0000000000
280 -221.0000000000
285 -220.0000000000
292 -219.0000000000
294 -218.0000000000
300 -217.0000000000
304 -216.0000000000
306 -215.0000000000
314 -213.0000000000
316 -212.0000000000
324 -210.0000000000
327 -209.0000000000
329 -208.0000000000
336 -207.0000000000
341 -206.0000000000
343 -205.0000000000
346 -204.0000000000
353 -203.0000000000
354 -201.0000000000
363 -200.0000000000
369 -199.0000000000
372 -198.0000000000
382 -197.0000000000
390 -196.0000000000
393 -195.0000000000
397 -193.0000000000
416 -192.0000000000
419 -191.0000000000
429 -190.0000000000
433 -187.0000000000
438 -186.0000000000
445 -185.0000000000
452 -184.0000000000
453 -183.0000000000
457 -182.0000000000
464 -180.0000000000
465 -179.0000000000
470 -177.0000000000
471 -176.0000000000
477 -175.0000000000
494 -174.0000000000
495 -173.0000000000
508 -172.0000000000
511 -171.0000000000
515 -170.0000000000
520 -169.0000000000
530 -167.0000000000
531 -166.0000000000
561 -165.0000000000
571 -164.0000000000
576 -163.0000000000
618 -162.0000000000
622 -161.0000000000
640 -160.0000000000
642 -159.0000000000
650 -158.0000000000
658 -157.0000000000
662 -156.0000000000
664 -155.0000000000
676 -154.0000000000
715 -153.0000000000
725 -152.0000000000
742 -150.0000000000
744 -149.0000000000
745 -148.0000000000
756 -147.0000000000
769 -146.0000000000
778 -144.0000000000
780 -143.0000000000
783 -141.0000000000
798 -139.0000000000
809 -138.0000000000
821 -137.0000000000
831 -136.0000000000
842 -135.0000000000
849 -134.0000000000
854 -133.0000000000
857 -132.0000000000
859 -131.0000000000
870 -130.0000000000
872 -128.0000000000
886 -127.0000000000
892 -126.0000000000
894 -125.0000000000
915 -124.0000000000
922 -123.0000000000
942 -122.0000000000
948 -121.0000000000
955 -120.0000000000
957 -119.0000000000
964 -118.0000000000
972 -117.0000000000
975 -116.0000000000
1011 -115.0000000000
1024 -114.0000000000
1047 -113.0000000000
1057 -112.0000000000
1066 -111.0000000000
1069 -110.0000000000
1075 -109.0000000000
1082 -108.0000000000
1086 -107.0000000000
1102 -106.0000000000
1116 -105.0000000000
1130 -104.0000000000
1181 -103.0000000000
1208 -102.0000000000
1215 -101.0000000000
1235 -100.0000000000
1237 -99.0000000000
1239 -98.0000000000
1256 -97.0000000000
1258 -96.0000000000
1271 -95.0000000000
1273 -94.0000000000
1286 -93.0000000000
1288 -92.0000000000
1295 -91.0000000000
1318 -90.0000000000
1325 -89.0000000000
1329 -88.0000000000
1335 -87.0000000000
1352 -86.0000000000
1371 -85.0000000000
1383 -84.0000000000
1395 -83.0000000000
1419 -82.0000000000
1427 -81.0000000000
1450 -80.0000000000
1453 -79.0000000000
1492 -78.0000000000
1500 -77.0000000000
1505 -76.0000000000
1518 -75.0000000000
1527 -74.0000000000
1529 -73.0000000000
1531 -72.0000000000
1533 -71.0000000000
1541 -69.0000000000
1564 -68.0000000000
1582 -67.0000000000
1588 -64.0000000000
1613 -63.0000000000
1642 -62.0000000000
1671 -61.0000000000
1704 -60.0000000000
1728 -59.0000000000
1737 -57.0000000000
1788 -56.0000000000
1804 -55.0000000000
1805 -54.0000000000
1829 -53.0000000000
1845 -52.0000000000
1846 -51.0000000000
1861 -50.0000000000
1891 -49.0000000000
1910 -48.0000000000
1919 -47.0000000000
1932 -46.0000000000
1934 -45.0000000000
1973 -44.0000000000
1985 -42.0000000000
2040 -41.0000000000
2096 -40.0000000000
2140 -39.0000000000
2146 -37.0000000000
2227 -36.0000000000
2240 -35.0000000000
2324 -34.0000000000
2332 -33.0000000000
2335 -32.0000000000
2511 -31.0000000000
2532 -30.0000000000
2545 -29.0000000000
2549 -28.0000000000
2609 -27.0000000000
2644 -26.0000000000
2655 -25.0000000000
2777 -24.0000000000
2808 -23.0000000000
3028 -22.0000000000
3137 -21.0000000000
3139 -20.0000000000
3230 -19.0000000000
3261 -18.0000000000
3270 -17.0000000000
3424 -16.0000000000
3554 -15.0000000000
3636 -14.0000000000
3671 -13.0000000000
3759 -12.0000000000
3770 -11.0000000000
3824 -10.0000000000
3852 -9.0000000000
4034 -8.0000000000
4040 -7.0000000000
4067 -6.0000000000
4103 -5.0000000000
4160 -4.0000000000
4645 -3.0000000000
4943 -2.0000000000
5292 -1.0000000000
5329 514.0000000000
7163 515.0000000000
7705 530.0000000000
8569 533.0000000000
10623 534.0000000000
13474 535.0000000000
16183 538.0000000000
16330 541.0000000000
18295 542.0000000000
25702 543.0000000000
42924 547.0000000000
72142 548.0000000000
92412 550.0000000000
100000 550.0000000000
evaluations raw_y
1 -280.0000000000
4 -279.0000000000
6 -278.0000000000
9 -277.0000000000
14 -276.0000000000
18 -274.0000000000
19 -273.0000000000
20 -272.0000000000
35 -271.0000000000
36 -269.0000000000
37 -268.0000000000
38 -267.0000000000
42 -266.0000000000
47 -265.0000000000
49 -262.0000000000
50 -261.0000000000
51 -260.0000000000
53 -258.0000000000
56 -257.0000000000
61 -256.0000000000
67 -255.0000000000
69 -254.0000000000
73 -253.0000000000
75 -252.0000000000
76 -251.0000000000
81 -249.0000000000
85 -248.0000000000
91 -247.0000000000
94 -246.0000000000
109 -245.0000000000
111 -244.0000000000
115 -243.0000000000
120 -242.0000000000
121 -241.0000000000
122 -240.0000000000
133 -239.0000000000
144 -237.0000000000
150 -235.0000000000
177 -234.0000000000
180 -233.0000000000
183 -232.0000000000
184 -231.0000000000
187 -230.0000000000
189 -229.0000000000
196 -228.0000000000
197 -227.0000000000
198 -226.0000000000
199 -225.0000000000
201 -224.0000000000
229 -223.0000000000
230 -222.0000000000
241 -220.0000000000
258 -219.0000000000
260 -218.0000000000
268 -217.0000000000
271 -216.0000000000
272 -215.0000000000
274 -214.0000000000
276 -213.0000000000
277 -212.0000000000
278 -211.0000000000
284 -210.0000000000
292 -209.0000000000
293 -207.0000000000
298 -206.0000000000
306 -205.0000000000
310 -204.0000000000
317 -202.0000000000
319 -201.0000000000
323 -200.0000000000
324 -199.0000000000
325 -198.0000000000
344 -197.0000000000
374 -196.0000000000
376 -194.0000000000
377 -193.0000000000
383 -192.0000000000
387 -191.0000000000
388 -190.0000000000
391 -189.0000000000
395 -187.0000000000
398 -186.0000000000
401 -185.0000000000
405 -184.0000000000
411 -183.0000000000
420 -179.0000000000
425 -178.0000000000
426 -177.0000000000
428 -176.0000000000
435 -175.0000000000
439 -174.0000000000
445 -173.0000000000
456 -172.0000000000
461 -170.0000000000
464 -168.0000000000
469 -167.0000000000
475 -166.0000000000
476 -165.0000000000
486 -164.0000000000
489 -163.0000000000
496 -162.0000000000
504 -161.0000000000
516 -160.0000000000
519 -157.0000000000
557 -156.0000000000
567 -155.0000000000
575 -154.0000000000
581 -153.0000000000
582 -152.0000000000
584 -150.0000000000
590 -149.0000000000
596 -148.0000000000
598 -147.0000000000
602 -146.0000000000
612 -145.0000000000
618 -144.0000000000
626 -143.0000000000
656 -142.0000000000
675 -141.0000000000
678 -140.0000000000
686 -139.0000000000
689 -137.0000000000
705 -136.0000000000
719 -135.0000000000
738 -134.0000000000
751 -133.0000000000
761 -132.0000000000
766 -131.0000000000
768 -130.0000000000
781 -129.0000000000
791 -128.0000000000
800 -127.0000000000
804 -125.0000000000
818 -124.0000000000
825 -123.0000000000
827 -122.0000000000
837 -121.0000000000
839 -120.0000000000
856 -119.0000000000
865 -117.0000000000
866 -116.0000000000
868 -115.0000000000
874 -114.0000000000
883 -113.0000000000
885 -112.0000000000
898 -111.0000000000
902 -110.0000000000
905 -109.0000000000
914 -108.0000000000
928 -106.0000000000
930 -105.0000000000
936 -104.0000000000
962 -102.0000000000
966 -101.0000000000
981 -100.0000000000
984 -99.0000000000
999 -98.0000000000
1002 -97.0000000000
1048 -96.0000000000
1070 -95.0000000000
1083 -94.0000000000
1098 -93.0000000000
1102 -92.0000000000
1105 -91.0000000000
1133 -90.0000000000
1162 -89.0000000000
1170 -88.0000000000
1181 -87.0000000000
1182 -86.0000000000
1186 -85.0000000000
1196 -84.0000000000
1220 -83.0000000000
1251 -82.0000000000
1252 -81.0000000000
1256 -80.0000000000
1269 -79.0000000000
1275 -78.0000000000
1302 -77.0000000000
1323 -76.0000000000
1329 -75.0000000000
1331 -74.0000000000
1333 -73.0000000000
1348 -72.0000000000
1373 -71.0000000000
1435 -70.0000000000
1496 -69.0000000000
1500 -68.0000000000
1514 -67.0000000000
1524 -66.0000000000
1534 -65.0000000000
1563 -63.0000000000
1619 -62.0000000000
1620 -61.0000000000
1624 -60.0000000000
1653 -58.0000000000
1672 -57.0000000000
1686 -56.0000000000
1688 -55.0000000000
1689 -54.0000000000
1691 -53.0000000000
1704 -52.0000000000
1731 -51.0000000000
1740 -50.0000000000
1768 -49.0000000000
1770 -48.0000000000
1780 -46.0000000000
1813 -45.0000000000
1821 -44.0000000000
1828 -43.0000000000
1859 -42.0000000000
1873 -41.0000000000
1892 -40.0000000000
1919 -39.0000000000
2017 -38.0000000000
2105 -37.0000000000
2125 -36.0000000000
2158 -35.0000000000
2182 -34.0000000000
2269 -33.0000000000
2274 -32.0000000000
2285 -31.0000000000
2324 -30.0000000000
2441 -29.0000000000
2450 -28.0000000000
2463 -27.0000000000
2508 -26.0000000000
2509 -25.0000000000
2568 -24.0000000000
2596 -23.0000000000
2674 -22.0000000000
2731 -21.0000000000
2852 -20.0000000000
2893 -19.0000000000
2905 -18.0000000000
2906 -17.0000000000
2988 -16.0000000000
3082 -15.0000000000
3228 -14.0000000000
3346 -13.0000000000
3362 -12.0000000000
3389 -11.0000000000
3393 -10.0000000000
3551 -9.0000000000
3664 -8.0000000000
4020 -7.0000000000
4025 -5.0000000000
4202 -4.0000000000
4703 -3.0000000000
4774 -2.0000000000
5053 -1.0000000000
5060 481.0000000000
5062 484.0000000000
5857 485.0000000000
5916 487.0000000000
6389 507.0000000000
6881 510.0000000000
8052 511.0000000000
8375 515.0000000000
8650 525.0000000000
10800 529.0000000000
11344 531.0000000000
18004 534.0000000000
18400 537.0000000000
26064 539.0000000000
30863 542.0000000000
46055 544.0000000000
75734 546.0000000000
89651 547.0000000000
100000 -1.0000000000
evaluations raw_y
1 -276.0000000000
6 -275.0000000000
9 -273.0000000000
12 -272.0000000000
13 -270.0000000000
20 -269.0000000000
24 -268.0000000000
28 -267.0000000000
34 -266.0000000000
37 -265.0000000000
38 -264.0000000000
44 -263.0000000000
49 -262.0000000000
51 -260.0000000000
59 -259.0000000000
60 -258.0000000000
63 -257.0000000000
64 -254.0000000000
66 -253.0000000000
69 -252.0000000000
73 -251.0000000000
77 -250.0000000000
81 -249.0000000000
82 -248.0000000000
87 -246.0000000000
94 -245.0000000000
98 -243.0000000000
100 -242.0000000000
115 -241.0000000000
121 -240.0000000000
122 -239.0000000000
125 -238.0000000000
129 -237.0000000000
130 -236.0000000000
136 -234.0000000000
144 -233.0000000000
147 -232.0000000000
157 -231.0000000000
158 -230.0000000000
160 -229.0000000000
161 -228.0000000000
165 -227.0000000000
166 -225.0000000000
170 -222.0000000000
177 -220.0000000000
183 -219.0000000000
185 -217.0000000000
193 -216.0000000000
208 -215.0000000000
211 -214.0000000000
217 -213.0000000000
220 -212.0000000000
221 -210.0000000000
235 -209.0000000000
247 -207.0000000000
253 -206.0000000000
254 -205.0000000000
255 -204.0000000000
260 -203.0000000000
262 -202.0000000000
263 -201.0000000000
273 -198.0000000000
277 -197.0000000000
282 -196.0000000000
285 -195.0000000000
287 -194.0000000000
289 -193.0000000000
300 -192.0000000000
308 -191.0000000000
310 -190.0000000000
316 -189.0000000000
328 -188.0000000000
333 -187.0000000000
335 -186.0000000000
337 -185.0000000000
338 -182.0000000000
345 -181.0000000000
351 -180.0000000000
365 -179.0000000000
373 -178.0000000000
376 -177.0000000000
379 -176.0000000000
382 -174.0000000000
392 -173.0000000000
394 -171.0000000000
412 -170.0000000000
414 -169.0000000000
430 -168.0000000000
435 -167.0000000000
454 -165.0000000000
455 -164.0000000000
456 -163.0000000000
462 -162.0000000000
469 -161.0000000000
471 -160.0000000000
476 -159.0000000000
480 -158.0000000000
485 -157.0000000000
488 -156.0000000000
490 -155.0000000000
520 -154.0000000000
524 -153.0000000000
525 -152.0000000000
533 -151.0000000000
544 -150.0000000000
546 -149.0000000000
566 -148.0000000000
575 -145.0000000000
578 -144.0000000000
607 -143.0000000000
623 -142.0000000000
626 -141.0000000000
629 -140.0000000000
656 -139.0000000000
657 -138.0000000000
660 -137.0000000000
675 -136.0000000000
690 -135.0000000000
717 -134.0000000000
722 -132.0000000000
724 -130.0000000000
741 -129.0000000000
750 -128.0000000000
773 -126.0000000000
789 -125.0000000000
791 -124.0000000000
793 -122.0000000000
798 -121.0000000000
801 -120.0000000000
813 -119.0000000000
844 -118.0000000000
868 -117.0000000000
887 -116.0000000000
891 -115.0000000000
899 -114.0000000000
919 -113.0000000000
922 -112.0000000000
924 -111.0000000000
942 -110.0000000000
950 -109.0000000000
963 -108.0000000000
968 -107.0000000000
970 -106.0000000000
974 -105.0000000000
999 -104.0000000000
1005 -103.0000000000
1006 -102.0000000000
1018 -101.0000000000
1023 -99.0000000000
1032 -98.0000000000
1069 -97.0000000000
1070 -96.0000000000
1093 -95.0000000000
1094 -94.0000000000
1120 -93.0000000000
1178 -92.0000000000
1185 -91.0000000000
1186 -90.0000000000
1209 -89.0000000000
1214 -87.0000000000
1233 -86.0000000000
1238 -85.0000000000
1243 -84.0000000000
1247 -83.0000000000
1249 -81.0000000000
1255 -80.0000000000
1274 -79.0000000000
1298 -77.0000000000
1317 -76.0000000000
1324 -75.0000000000
1327 -74.0000000000
1359 -73.0000000000
1362 -72.0000000000
1401 -71.0000000000
1407 -70.0000000000
1425 -69.0000000000
1449 -68.0000000000
1452 -67.0000000000
1460 -66.0000000000
1463 -65.0000000000
1467 -64.0000000000
1487 -63.0000000000
1488 -62.0000000000
1489 -61.0000000000
1497 -60.0000000000
1506 -59.0000000000
1513 -58.0000000000
1567 -57.0000000000
1568 -56.0000000000
1608 -55.0000000000
1614 -54.0000000000
1636 -53.0000000000
1641 -52.0000000000
1655 -51.0000000000
1705 -50.0000000000
1726 -49.0000000000
1757 -48.0000000000
1774 -47.0000000000
1779 -46.0000000000
1870 -45.0000000000
1872 -44.0000000000
1926 -43.0000000000
1927 -42.0000000000
1958 -41.0000000000
1978 -40.0000000000
2007 -39.0000000000
2061 -38.0000000000
2298 -37.0000000000
2301 -36.0000000000
2318 -34.0000000000
2323 -33.0000000000
2345 -32.0000000000
2384 -31.0000000000
2399 -30.0000000000
2419 -29.0000000000
2463 -28.0000000000
2494 -27.0000000000
2604 -26.0000000000
2626 -25.0000000000
2678 -24.0000000000
2685 -23.0000000000
2767 -22.0000000000
2839 -21.0000000000
2917 -20.0000000000
3027 -19.0000000000
3091 -18.0000000000
3339 -17.0000000000
3415 -16.0000000000
3566 -15.0000000000
3733 -14.0000000000
3741 -13.0000000000
3743 -12.0000000000
3758 -11.0000000000
3763 -9.0000000000
3788 -8.0000000000
3859 -7.0000000000
3863 -6.0000000000
3908 -5.0000000000
4022 -4.0000000000
4119 -3.0000000000
4191 -2.0000000000
4319 -1.0000000000
4334 472.0000000000
4460 488.0000000000
5170 503.0000000000
5856 511.0000000000
5910 512.0000000000
9289 516.0000000000
11424 524.0000000000
14737 533.0000000000
16354 536.0000000000
17681 538.0000000000
18973 540.0000000000
25588 542.0000000000
41345 545.0000000000
42863 549.0000000000
55392 553.0000000000
56637 557.0000000000
75223 559.0000000000
82492 562.0000000000
100000 -1.0000000000
evaluations raw_y
1 -295.0000000000
6 -294.0000000000
7 -293.0000000000
11 -291.0000000000
12 -290.0000000000
15 -288.0000000000
17 -287.0000000000
18 -286.0000000000
19 -284.0000000000
21 -283.0000000000
22 -282.0000000000
26 -281.0000000000
32 -280.0000000000
38 -279.0000000000
39 -278.0000000000
41 -277.0000000000
43 -275.0000000000
49 -274.0000000000
55 -272.0000000000
64 -270.0000000000
67 -269.0000000000
68 -268.0000000000
69 -267.0000000000
70 -266.0000000000
71 -265.0000000000
85 -264.0000000000
87 -262.0000000000
89 -260.0000000000
95 -256.0000000000
96 -255.0000000000
100 -254.0000000000
104 -252.0000000000
108 -250.0000000000
113 -249.0000000000
114 -248.0000000000
117 -246.0000000000
127 -245.0000000000
131 -244.0000000000
134 -243.0000000000
137 -241.0000000000
138 -239.0000000000
147 -238.0000000000
150 -237.0000000000
198 -236.0000000000
203 -235.0000000000
206 -234.0000000000
214 -233.0000000000
219 -232.0000000000
223 -230.0000000000
224 -229.0000000000
236 -228.0000000000
237 -227.0000000000
240 -226.0000000000
243 -225.0000000000
248 -224.0000000000
253 -223.0000000000
256 -222.0000000000
257 -221.0000000000
270 -220.0000000000
272 -219.0000000000
273 -216.0000000000
274 -215.0000000000
280 -214.0000000000
283 -213.0000000000
292 -210.0000000000
296 -208.0000000000
299 -206.0000000000
303 -205.0000000000
307 -203.0000000000
308 -202.0000000000
312 -201.0000000000
320 -200.0000000000
321 -199.0000000000
338 -198.0000000000
341 -195.0000000000
343 -194.0000000000
345 -192.0000000000
348 -190.0000000000
355 -189.0000000000
382 -188.0000000000
397 -187.0000000000
404 -186.0000000000
405 -185.0000000000
407 -184.0000000000
428 -183.0000000000
430 -181.0000000000
431 -180.0000000000
432 -178.0000000000
437 -177.0000000000
441 -176.0000000000
444 -175.0000000000
460 -174.0000000000
461 -173.0000000000
465 -172.0000000000
475 -171.0000000000
497 -170.0000000000
499 -168.0000000000
500 -167.0000000000
507 -166.0000000000
528 -165.0000000000
535 -164.0000000000
554 -163.0000000000
557 -162.0000000000
558 -161.0000000000
562 -159.0000000000
568 -158.0000000000
583 -156.0000000000
585 -155.0000000000
587 -154.0000000000
597 -153.0000000000
601 -152.0000000000
604 -151.0000000000
616 -150.0000000000
624 -148.0000000000
630 -147.0000000000
633 -146.0000000000
637 -145.0000000000
642 -144.0000000000
643 -143.0000000000
651 -141.0000000000
652 -140.0000000000
654 -139.0000000000
667 -137.0000000000
680 -136.0000000000
691 -135.0000000000
698 -134.0000000000
704 -133.0000000000
706 -132.0000000000
733 -131.0000000000
741 -130.0000000000
747 -129.0000000000
753 -128.0000000000
758 -127.0000000000
761 -126.0000000000
772 -125.0000000000
776 -124.0000000000
797 -123.0000000000
828 -122.0000000000
836 -120.0000000000
853 -119.0000000000
858 -118.0000000000
868 -117.0000000000
890 -116.0000000000
909 -115.0000000000
930 -114.0000000000
951 -113.0000000000
959 -112.0000000000
960 -111.0000000000
962 -110.0000000000
976 -109.0000000000
977 -108.0000000000
981 -107.0000000000
983 -106.0000000000
987 -105.0000000000
1007 -104.0000000000
1031 -103.0000000000
1069 -102.0000000000
1076 -101.0000000000
1085 -100.0000000000
1087 -99.0000000000
1101 -98.0000000000
1131 -97.0000000000
1145 -96.0000000000
1152 -95.0000000000
1156 -94.0000000000
1172 -93.0000000000
1174 -91.0000000000
1205 -90.0000000000
1208 -88.0000000000
1209 -87.0000000000
1217 -86.0000000000
1220 -85.0000000000
1233 -84.0000000000
1234 -83.0000000000
1236 -82.0000000000
1282 -81.0000000000
1283 -79.0000000000
1305 -78.0000000000
1316 -77.0000000000
1348 -76.0000000000
1355 -75.0000000000
1360 -74.0000000000
1376 -73.0000000000
1380 -72.0000000000
1446 -71.0000000000
1449 -70.0000000000
1511 -69.0000000000
1537 -68.0000000000
1544 -67.0000000000
1545 -66.0000000000
1547 -65.0000000000
1555 -64.0000000000
1584 -63.0000000000
1610 -61.0000000000
1618 -60.0000000000
1655 -59.0000000000
1680 -58.0000000000
1689 -57.0000000000
1693 -56.0000000000
1705 -54.0000000000
1707 -53.0000000000
1710 -52.0000000000
1744 -51.0000000000
1772 -50.0000000000
1806 -48.0000000000
1809 -47.0000000000
1810 -46.0000000000
1819 -45.0000000000
1857 -44.0000000000
1858 -43.0000000000
1860 -42.0000000000
1881 -41.0000000000
1888 -40.0000000000
1939 -39.0000000000
1958 -38.0000000000
1992 -37.0000000000
1996 -36.0000000000
2008 -35.0000000000
2023 -34.0000000000
2075 -33.0000000000
2089 -32.0000000000
2141 -31.0000000000
2164 -30.0000000000
2171 -28.0000000000
2195 -27.0000000000
2205 -25.0000000000
2267 -24.0000000000
2270 -23.0000000000
2363 -22.0000000000
2393 -21.0000000000
2417 -20.0000000000
2467 -19.0000000000
2501 -18.0000000000
2778 -17.0000000000
2839 -16.0000000000
2947 -15.0000000000
2979 -14.0000000000
3079 -13.0000000000
3105 -12.0000000000
3127 -11.0000000000
3200 -10.0000000000
3227 -9.0000000000
3263 -8.0000000000
3276 -7.0000000000
3281 -6.0000000000
3484 -5.0000000000
3698 -4.0000000000
3927 -3.0000000000
4203 -2.0000000000
4294 -1.0000000000
4431 474.0000000000
4502 486.0000000000
4966 496.0000000000
4973 504.0000000000
5331 505.0000000000
5715 508.0000000000
5916 514.0000000000
6428 515.0000000000
8920 517.0000000000
9463 520.0000000000
11335 522.0000000000
11756 531.0000000000
12686 532.0000000000
13266 534.0000000000
13591 535.0000000000
14369 537.0000000000
56113 539.0000000000
57434 540.0000000000
59894 541.0000000000
60790 542.0000000000
62341 545.0000000000
79256 546.0000000000
81741 547.0000000000
90203 549.0000000000
92747 550.0000000000
100000 -1.0000000000
evaluations raw_y
1 -296.0000000000
9 -293.0000000000
19 -292.0000000000
21 -290.0000000000
22 -289.0000000000
32 -288.0000000000
38 -287.0000000000
45 -284.0000000000
47 -282.0000000000
48 -279.0000000000
50 -276.0000000000
54 -275.0000000000
55 -274.0000000000
59 -273.0000000000
60 -272.0000000000
72 -271.0000000000
75 -270.0000000000
77 -269.0000000000
81 -268.0000000000
86 -267.0000000000
88 -266.0000000000
91 -265.0000000000
96 -264.0000000000
97 -262.0000000000
101 -261.0000000000
102 -260.0000000000
109 -259.0000000000
111 -258.0000000000
115 -257.0000000000
119 -256.0000000000
124 -254.0000000000
128 -251.0000000000
148 -250.0000000000
149 -248.0000000000
155 -246.0000000000
158 -245.0000000000
163 -243.0000000000
168 -241.0000000000
175 -239.0000000000
178 -238.0000000000
180 -237.0000000000
182 -236.0000000000
183 -235.0000000000
184 -234.0000000000
186 -233.0000000000
193 -231.0000000000
199 -230.0000000000
202 -229.0000000000
207 -227.0000000000
215 -225.0000000000
216 -224.0000000000
220 -223.0000000000
224 -222.0000000000
228 -221.0000000000
238 -219.0000000000
243 -217.0000000000
251 -216.0000000000
258 -215.0000000000
263 -214.0000000000
265 -213.0000000000
266 -212.0000000000
279 -211.0000000000
280 -210.0000000000
286 -209.0000000000
288 -206.0000000000
292 -205.0000000000
294 -204.0000000000
297 -203.0000000000
305 -202.0000000000
311 -201.0000000000
320 -200.0000000000
322 -199.0000000000
333 -198.0000000000
347 -197.0000000000
349 -196.0000000000
356 -195.0000000000
364 -193.0000000000
371 -192.0000000000
377 -191.0000000000
380 -190.0000000000
389 -189.0000000000
402 -188.0000000000
408 -187.0000000000
413 -186.0000000000
430 -185.0000000000
432 -184.0000000000
434 -183.0000000000
436 -182.0000000000
452 -181.0000000000
460 -180.0000000000
475 -178.0000000000
479 -177.0000000000
483 -176.0000000000
489 -175.0000000000
506 -174.0000000000
519 -173.0000000000
522 -172.0000000000
535 -171.0000000000
536 -170.0000000000
549 -169.0000000000
561 -167.0000000000
563 -166.0000000000
571 -165.0000000000
589 -164.0000000000
597 -163.0000000000
598 -162.0000000000
603 -161.0000000000
604 -160.0000000000
607 -159.0000000000
608 -158.0000000000
611 -157.0000000000
614 -156.0000000000
616 -155.0000000000
618 -154.0000000000
628 -153.0000000000
639 -152.0000000000
643 -151.0000000000
653 -150.0000000000
669 -149.0000000000
681 -148.0000000000
686 -147.0000000000
693 -146.0000000000
710 -145.0000000000
715 -144.0000000000
735 -143.0000000000
738 -142.0000000000
754 -141.0000000000
757 -140.0000000000
760 -139.0000000000
783 -138.0000000000
787 -137.0000000000
798 -136.0000000000
801 -135.0000000000
804 -134.0000000000
805 -133.0000000000
813 -132.0000000000
832 -131.0000000000
833 -130.0000000000
836 -129.0000000000
860 -128.0000000000
862 -127.0000000000
880 -126.0000000000
907 -124.0000000000
919 -123.0000000000
968 -122.0000000000
994 -121.0000000000
997 -120.0000000000
1006 -119.0000000000
1020 -118.0000000000
1024 -117.0000000000
1036 -115.0000000000
1038 -114.0000000000
1040 -113.0000000000
1075 -112.0000000000
1080 -111.0000000000
1097 -110.0000000000
1098 -109.0000000000
1105 -108.0000000000
1115 -107.0000000000
1121 -106.0000000000
1150 -105.0000000000
1156 -104.0000000000
1159 -103.0000000000
1181 -102.0000000000
1209 -101.0000000000
1211 -100.0000000000
1214 -99.0000000000
1215 -98.0000000000
1217 -97.0000000000
1224 -96.0000000000
1233 -94.0000000000
1277 -93.0000000000
1283 -92.0000000000
1310 -91.0000000000
1313 -90.0000000000
1344 -88.0000000000
1361 -87.0000000000
1362 -86.0000000000
1380 -85.0000000000
1401 -84.0000000000
1412 -83.0000000000
1441 -82.0000000000
1442 -81.0000000000
1458 -80.0000000000
1462 -79.0000000000
1465 -78.0000000000
1518 -77.0000000000
1540 -76.0000000000
1556 -75.0000000000
1558 -74.0000000000
1562 -73.0000000000
1563 -72.0000000000
1571 -71.0000000000
1600 -70.0000000000
1602 -68.0000000000
1633 -67.0000000000
1664 -66.0000000000
1669 -65.0000000000
1676 -64.0000000000
1679 -63.0000000000
1686 -62.0000000000
1691 -60.0000000000
1707 -59.0000000000
1748 -58.0000000000
1753 -57.0000000000
1760 -56.0000000000
1787 -55.0000000000
1789 -54.0000000000
1805 -53.0000000000
1807 -52.0000000000
1813 -51.0000000000
1826 -50.0000000000
1843 -49.0000000000
1844 -48.0000000000
1861 -47.0000000000
1896 -46.0000000000
1922 -45.0000000000
1945 -44.0000000000
1950 -42.0000000000
1951 -41.0000000000
2008 -40.0000000000
2044 -39.0000000000
2055 -38.0000000000
2067 -37.0000000000
2099 -36.0000000000
2100 -35.0000000000
2121 -34.0000000000
2124 -33.0000000000
2134 -32.0000000000
2155 -31.0000000000
2157 -30.0000000000
2209 -29.0000000000
2224 -28.0000000000
2288 -27.0000000000
2384 -26.0000000000
2423 -25.0000000000
2424 -24.0000000000
2449 -23.0000000000
2539 -22.0000000000
2574 -21.0000000000
2618 -20.0000000000
2686 -19.0000000000
2708 -18.0000000000
2763 -17.0000000000
3091 -16.0000000000
3193 -15.0000000000
3265 -14.0000000000
3331 -13.0000000000
3391 -12.0000000000
3501 -11.0000000000
3572 -10.0000000000
3580 -8.0000000000
3939 -7.0000000000
4021 -6.0000000000
4248 -5.0000000000
4249 -4.0000000000
4510 -3.0000000000
4601 -2.0000000000
4914 -1.0000000000
4949 471.0000000000
5246 474.0000000000
5258 501.0000000000
5548 507.0000000000
5742 515.0000000000
5796 518.0000000000
6571 523.0000000000
8241 529.0000000000
11519 532.0000000000
11744 534.0000000000
23415 535.0000000000
26709 541.0000000000
27428 542.0000000000
29086 544.0000000000
36743 545.0000000000
41344 546.0000000000
61273 547.0000000000
72610 548.0000000000
85759 550.0000000000
100000 -1.0000000000
evaluations raw_y
1 -295.0000000000
6 -294.0000000000
10 -293.0000000000
11 -292.0000000000
12 -291.0000000000
13 -290.0000000000
16 -289.0000000000
17 -287.0000000000
18 -285.0000000000
24 -283.0000000000
25 -282.0000000000
27 -281.0000000000
28 -279.0000000000
32 -278.0000000000
37 -277.0000000000
42 -274.0000000000
49 -273.0000000000
50 -272.0000000000
56 -270.0000000000
57 -269.0000000000
63 -268.0000000000
66 -267.0000000000
67 -266.0000000000
68 -265.0000000000
71 -263.0000000000
76 -262.0000000000
77 -261.0000000000
92 -260.0000000000
100 -259.0000000000
105 -258.0000000000
107 -257.0000000000
109 -255.0000000000
116 -253.0000000000
117 -251.0000000000
120 -250.0000000000
127 -249.0000000000
132 -248.0000000000
142 -247.0000000000
143 -246.0000000000
151 -245.0000000000
152 -243.0000000000
154 -242.0000000000
186 -241.0000000000
188 -239.0000000000
196 -238.0000000000
204 -237.0000000000
218 -236.0000000000
227 -235.0000000000
232 -234.0000000000
243 -233.0000000000
246 -232.0000000000
247 -231.0000000000
253 -229.0000000000
257 -228.0000000000
263 -226.0000000000
265 -225.0000000000
268 -224.0000000000
271 -223.0000000000
273 -222.0000000000
275 -221.0000000000
276 -220.0000000000
277 -219.0000000000
282 -218.0000000000
291 -217.0000000000
300 -216.0000000000
314 -215.0000000000
316 -214.0000000000
319 -213.0000000000
322 -212.0000000000
325 -211.0000000000
335 -210.0000000000
346 -209.0000000000
347 -208.0000000000
353 -207.0000000000
356 -206.0000000000
357 -204.0000000000
363 -203.0000000000
379 -202.0000000000
391 -200.0000000000
402 -199.0000000000
407 -198.0000000000
411 -196.0000000000
413 -195.0000000000
418 -194.0000000000
421 -193.0000000000
422 -192.0000000000
429 -191.0000000000
437 -190.0000000000
441 -187.0000000000
444 -185.0000000000
449 -183.0000000000
454 -181.0000000000
455 -179.0000000000
456 -178.0000000000
457 -177.0000000000
460 -176.0000000000
462 -174.0000000000
470 -173.0000000000
473 -172.0000000000
478 -171.0000000000
480 -170.0000000000
504 -169.0000000000
539 -168.0000000000
555 -166.0000000000
556 -165.0000000000
560 -164.0000000000
582 -162.0000000000
593 -161.0000000000
597 -160.0000000000
604 -159.0000000000
605 -158.0000000000
606 -156.0000000000
610 -155.0000000000
614 -154.0000000000
620 -152.0000000000
625 -151.0000000000
630 -150.0000000000
639 -149.0000000000
640 -148.0000000000
675 -147.0000000000
677 -146.0000000000
691 -145.0000000000
699 -144.0000000000
707 -143.0000000000
711 -142.0000000000
712 -141.0000000000
723 -140.0000000000
743 -139.0000000000
748 -138.0000000000
759 -136.0000000000
773 -135.0000000000
780 -134.0000000000
781 -133.0000000000
791 -131.0000000000
799 -130.0000000000
819 -129.0000000000
827 -128.0000000000
830 -127.0000000000
833 -126.0000000000
838 -125.0000000000
846 -124.0000000000
851 -121.0000000000
853 -120.0000000000
855 -119.0000000000
856 -118.0000000000
857 -117.0000000000
865 -116.0000000000
874 -115.0000000000
878 -114.0000000000
887 -113.0000000000
888 -111.0000000000
915 -110.0000000000
931 -109.0000000000
934 -107.0000000000
984 -105.0000000000
986 -103.0000000000
998 -102.0000000000
999 -101.0000000000
1018 -100.0000000000
1026 -99.0000000000
1043 -98.0000000000
1076 -97.0000000000
1087 -96.0000000000
1091 -95.0000000000
1104 -94.0000000000
1123 -93.0000000000
1166 -92.0000000000
1171 -91.0000000000
1175 -90.0000000000
1190 -89.0000000000
1193 -87.0000000000
1197 -86.0000000000
1238 -85.0000000000
1252 -84.0000000000
1253 -83.0000000000
1255 -82.0000000000
1270 -81.0000000000
1274 -80.0000000000
1281 -79.0000000000
1314 -78.0000000000
1332 -77.0000000000
1347 -76.0000000000
1354 -75.0000000000
1366 -74.0000000000
1375 -73.0000000000
1378 -72.0000000000
1381 -71.0000000000
1382 -70.0000000000
1393 -69.0000000000
1410 -68.0000000000
1426 -67.0000000000
1438 -66.0000000000
1451 -65.0000000000
1477 -64.0000000000
1515 -63.0000000000
1530 -62.0000000000
1564 -61.0000000000
1575 -60.0000000000
1580 -59.0000000000
1604 -57.0000000000
1609 -56.0000000000
1619 -55.0000000000
1621 -54.0000000000
1633 -53.0000000000
1634 -52.0000000000
1671 -51.0000000000
1682 -50.0000000000
1687 -49.0000000000
1751 -48.0000000000
1761 -47.0000000000
1786 -46.0000000000
1827 -45.0000000000
1836 -44.0000000000
1849 -43.0000000000
1856 -42.0000000000
1899 -41.0000000000
1938 -40.0000000000
1969 -39.0000000000
1987 -38.0000000000
1997 -37.0000000000
2001 -36.0000000000
2013 -35.0000000000
2115 -34.0000000000
2176 -33.0000000000
2209 -32.0000000000
2246 -31.0000000000
2248 -30.0000000000
2295 -29.0000000000
2358 -28.0000000000
2388 -27.0000000000
2442 -26.0000000000
2496 -25.0000000000
2527 -24.0000000000
2532 -23.0000000000
2539 -22.0000000000
2560 -21.0000000000
2607 -20.0000000000
2640 -19.0000000000
2752 -18.0000000000
2773 -17.0000000000
2840 -16.0000000000
2867 -15.0000000000
3065 -14.0000000000
3089 -13.0000000000
3130 -12.0000000000
3173 -11.0000000000
3181 -10.0000000000
3188 -9.0000000000
3201 -8.0000000000
3583 -7.0000000000
3624 -6.0000000000
3696 -5.0000000000
3698 -4.0000000000
4018 -3.0000000000
4120 -2.0000000000
4183 -1.0000000000
4215 496.0000000000
4313 500.0000000000
4443 501.0000000000
4637 505.0000000000
5030 508.0000000000
5382 511.0000000000
5420 515.0000000000
5652 524.0000000000
6396 526.0000000000
8428 530.0000000000
8856 536.0000000000
9367 541.0000000000
16847 547.0000000000
19526 548.0000000000
26672 550.0000000000
35336 551.0000000000
47654 552.0000000000
100000 552.0000000000
evaluations raw_y
1 -279.0000000000
2 -278.0000000000
5 -277.0000000000
14 -276.0000000000
18 -275.0000000000
23 -274.0000000000
25 -273.0000000000
30 -271.0000000000
34 -270.0000000000
39 -269.0000000000
42 -268.0000000000
46 -266.0000000000
48 -264.0000000000
52 -263.0000000000
53 -262.0000000000
59 -261.0000000000
61 -259.0000000000
71 -258.0000000000
84 -256.0000000000
86 -254.0000000000
92 -252.0000000000
97 -251.0000000000
100 -250.0000000000
103 -248.0000000000
106 -246.0000000000
107 -245.0000000000
108 -243.0000000000
109 -242.0000000000
122 -241.0000000000
128 -240.0000000000
134 -239.0000000000
144 -238.0000000000
146 -236.0000000000
151 -235.0000000000
155 -234.0000000000
156 -233.0000000000
157 -232.0000000000
161 -231.0000000000
170 -230.0000000000
187 -229.0000000000
190 -227.0000000000
191 -226.0000000000
193 -225.0000000000
199 -224.0000000000
207 -223.0000000000
208 -222.0000000000
213 -220.0000000000
222 -219.0000000000
227 -217.0000000000
228 -215.0000000000
230 -214.0000000000
236 -213.0000000000
238 -212.0000000000
239 -211.0000000000
252 -210.0000000000
256 -209.0000000000
268 -208.0000000000
277 -207.0000000000
282 -206.0000000000
292 -205.0000000000
302 -204.0000000000
311 -203.0000000000
321 -202.0000000000
330 -201.0000000000
338 -198.0000000000
346 -196.0000000000
350 -195.0000000000
354 -194.0000000000
358 -193.0000000000
361 -192.0000000000
363 -190.0000000000
365 -188.0000000000
367 -187.0000000000
374 -186.0000000000
393 -185.0000000000
399 -184.0000000000
405 -183.0000000000
411 -182.0000000000
422 -180.0000000000
426 -178.0000000000
428 -177.0000000000
431 -176.0000000000
438 -175.0000000000
439 -174.0000000000
445 -173.0000000000
456 -172.0000000000
461 -171.0000000000
468 -170.0000000000
471 -169.0000000000
475 -168.0000000000
476 -167.0000000000
479 -166.0000000000
484 -165.0000000000
496 -164.0000000000
498 -163.0000000000
510 -162.0000000000
519 -161.0000000000
522 -160.0000000000
523 -159.0000000000
531 -158.0000000000
534 -157.0000000000
549 -156.0000000000
556 -155.0000000000
583 -154.0000000000
599 -153.0000000000
609 -152.0000000000
610 -151.0000000000
613 -150.0000000000
627 -149.0000000000
632 -148.0000000000
633 -147.0000000000
639 -146.0000000000
640 -145.0000000000
652 -144.0000000000
665 -143.0000000000
670 -141.0000000000
688 -140.0000000000
697 -139.0000000000
702 -138.0000000000
707 -137.0000000000
725 -136.0000000000
727 -135.0000000000
730 -134.0000000000
741 -133.0000000000
742 -132.0000000000
764 -131.0000000000
789 -130.0000000000
805 -129.0000000000
809 -128.0000000000
834 -126.0000000000
852 -125.0000000000
860 -124.0000000000
864 -123.0000000000
866 -122.0000000000
879 -121.0000000000
881 -120.0000000000
886 -119.0000000000
890 -118.0000000000
892 -117.0000000000
896 -116.0000000000
911 -115.0000000000
914 -114.0000000000
926 -113.0000000000
927 -112.0000000000
950 -111.0000000000
975 -110.0000000000
984 -109.0000000000
1002 -107.0000000000
1003 -106.0000000000
1008 -105.0000000000
1016 -104.0000000000
1017 -103.0000000000
1019 -102.0000000000
1023 -101.0000000000
1032 -100.0000000000
1040 -99.0000000000
1043 -97.0000000000
1058 -96.0000000000
1073 -95.0000000000
1075 -94.0000000000
1100 -93.0000000000
1127 -92.0000000000
1160 -91.0000000000
1166 -90.0000000000
1170 -88.0000000000
1172 -87.0000000000
1221 -86.0000000000
1227 -85.0000000000
1237 -84.0000000000
1257 -83.0000000000
1264 -82.0000000000
1270 -81.0000000000
1289 -80.0000000000
1318 -79.0000000000
1342 -78.0000000000
1382 -77.0000000000
1400 -76.0000000000
1410 -75.0000000000
1421 -74.0000000000
1427 -73.0000000000
1444 -72.0000000000
1464 -71.0000000000
1477 -70.0000000000
1488 -69.0000000000
1495 -68.0000000000
1505 -67.0000000000
1549 -66.0000000000
1551 -65.0000000000
1554 -64.0000000000
1555 -63.0000000000
1567 -62.0000000000
1576 -61.0000000000
1591 -60.0000000000
1606 -59.0000000000
1614 -58.0000000000
1640 -57.0000000000
1724 -56.0000000000
1742 -55.0000000000
1774 -54.0000000000
1785 -53.0000000000
1795 -52.0000000000
1797 -51.0000000000
1817 -50.0000000000
1850 -49.0000000000
1864 -48.0000000000
1874 -47.0000000000
1952 -46.0000000000
2023 -45.0000000000
2026 -44.0000000000
2035 -43.0000000000
2131 -42.0000000000
2146 -41.0000000000
2155 -40.0000000000
2157 -39.0000000000
2177 -38.0000000000
2289 -37.0000000000
2330 -36.0000000000
2344 -35.0000000000
2395 -33.0000000000
2427 -32.0000000000
2472 -31.0000000000
2538 -30.0000000000
2550 -29.0000000000
2588 -28.0000000000
2736 -27.0000000000
2742 -26.0000000000
2841 -25.0000000000
2891 -24.0000000000
2939 -23.0000000000
2946 -22.0000000000
3013 -21.0000000000
3014 -20.0000000000
3110 -19.0000000000
3122 -18.0000000000
3162 -17.0000000000
3182 -16.0000000000
3288 -15.0000000000
3335 -14.0000000000
3394 -13.0000000000
3469 -12.0000000000
3509 -11.0000000000
3523 -10.0000000000
3697 -9.0000000000
3711 -8.0000000000
3734 -7.0000000000
3788 -6.0000000000
3789 -5.0000000000
3917 -4.0000000000
3932 -3.0000000000
4017 -2.0000000000
4362 -1.0000000000
4377 476.0000000000
4469 490.0000000000
5380 500.0000000000
6793 506.0000000000
7331 507.0000000000
8964 515.0000000000
9081 516.0000000000
11466 519.0000000000
14204 520.0000000000
15700 524.0000000000
16688 525.0000000000
17937 528.0000000000
23377 534.0000000000
27143 535.0000000000
29216 537.0000000000
34739 539.0000000000
36833 541.0000000000
40050 543.0000000000
41805 544.0000000000
49364 545.0000000000
49670 548.0000000000
51087 549.0000000000
52858 550.0000000000
56541 551.0000000000
57768 552.0000000000
64692 553.0000000000
67414 555.0000000000
100000 555.0000000000
evaluations raw_y
1 -273.0000000000
18 -272.0000000000
19 -271.0000000000
24 -270.0000000000
31 -268.0000000000
46 -267.0000000000
56 -266.0000000000
57 -265.0000000000
59 -263.0000000000
60 -262.0000000000
61 -261.0000000000
72 -260.0000000000
73 -259.0000000000
74 -258.0000000000
77 -256.0000000000
80 -255.0000000000
81 -254.0000000000
82 -253.0000000000
91 -252.0000000000
92 -251.0000000000
93 -250.0000000000
95 -249.0000000000
97 -248.0000000000
107 -247.0000000000
114 -246.0000000000
117 -244.0000000000
131 -243.0000000000
136 -242.0000000000
137 -241.0000000000
138 -240.0000000000
142 -239.0000000000
149 -238.0000000000
150 -237.0000000000
156 -235.0000000000
160 -234.0000000000
161 -233.0000000000
162 -232.0000000000
166 -231.0000000000
177 -230.0000000000
178 -228.0000000000
180 -227.0000000000
181 -226.0000000000
182 -225.0000000000
183 -224.0000000000
185 -223.0000000000
189 -222.0000000000
190 -221.0000000000
197 -219.0000000000
200 -218.0000000000
201 -217.0000000000
209 -216.0000000000
211 -214.0000000000
220 -213.0000000000
223 -212.0000000000
240 -211.0000000000
247 -210.0000000000
251 -209.0000000000
254 -208.0000000000
276 -207.0000000000
279 -206.0000000000
284 -205.0000000000
286 -204.0000000000
292 -203.0000000000
296 -202.0000000000
306 -201.0000000000
311 -200.0000000000
312 -199.0000000000
328 -198.0000000000
336 -197.0000000000
337 -196.0000000000
346 -195.0000000000
351 -194.0000000000
354 -193.0000000000
356 -192.0000000000
364 -191.0000000000
365 -190.0000000000
369 -189.0000000000
374 -188.0000000000
376 -187.0000000000
385 -186.0000000000
386 -185.0000000000
387 -183.0000000000
390 -182.0000000000
392 -181.0000000000
395 -180.0000000000
397 -179.0000000000
402 -178.0000000000
425 -177.0000000000
429 -176.0000000000
442 -175.0000000000
455 -174.0000000000
465 -173.0000000000
508 -172.0000000000
544 -170.0000000000
549 -169.0000000000
555 -168.0000000000
556 -166.0000000000
562 -165.0000000000
570 -164.0000000000
574 -163.0000000000
597 -162.0000000000
605 -161.0000000000
611 -160.0000000000
613 -159.0000000000
623 -158.0000000000
624 -157.0000000000
638 -156.0000000000
642 -155.0000000000
654 -154.0000000000
672 -153.0000000000
691 -152.0000000000
692 -151.0000000000
730 -149.0000000000
734 -148.0000000000
739 -147.0000000000
760 -146.0000000000
761 -145.0000000000
770 -144.0000000000
773 -143.0000000000
785 -142.0000000000
786 -141.0000000000
787 -140.0000000000
794 -139.0000000000
795 -138.0000000000
799 -136.0000000000
804 -135.0000000000
814 -134.0000000000
828 -133.0000000000
832 -132.0000000000
839 -131.0000000000
843 -130.0000000000
852 -129.0000000000
868 -128.0000000000
876 -127.0000000000
884 -126.0000000000
923 -125.0000000000
940 -124.0000000000
946 -123.0000000000
966 -122.0000000000
969 -121.0000000000
970 -120.0000000000
973 -119.0000000000
983 -118.0000000000
989 -117.0000000000
1013 -116.0000000000
1046 -115.0000000000
1072 -114.0000000000
1089 -113.0000000000
1094 -112.0000000000
1107 -111.0000000000
1125 -110.0000000000
1129 -109.0000000000
1136 -107.0000000000
1140 -106.0000000000
1143 -105.0000000000
1150 -104.0000000000
1168 -103.0000000000
1184 -102.0000000000
1185 -101.0000000000
1194 -100.0000000000
1203 -99.0000000000
1237 -98.0000000000
1238 -96.0000000000
1239 -95.0000000000
1280 -94.0000000000
1288 -93.0000000000
1295 -92.0000000000
1314 -91.0000000000
1345 -90.0000000000
1350 -89.0000000000
1382 -88.0000000000
1391 -86.0000000000
1397 -85.0000000000
1410 -84.0000000000
1411 -83.0000000000
1452 -82.0000000000
1479 -81.0000000000
1491 -79.0000000000
1500 -78.0000000000
1509 -77.0000000000
1511 -76.0000000000
1570 -75.0000000000
1592 -74.0000000000
1627 -73.0000000000
1632 -72.0000000000
1649 -71.0000000000
1653 -70.0000000000
1663 -69.0000000000
1679 -68.0000000000
1706 -67.0000000000
1775 -66.0000000000
1855 -65.0000000000
1865 -64.0000000000
1884 -63.0000000000
1909 -62.0000000000
1918 -61.0000000000
1932 -60.0000000000
2011 -59.0000000000
2030 -58.0000000000
2122 -57.0000000000
2125 -56.0000000000
2151 -55.0000000000
2155 -54.0000000000
2198 -52.0000000000
2207 -51.0000000000
2248 -50.0000000000
2280 -49.0000000000
2283 -48.0000000000
2306 -47.0000000000
2333 -46.0000000000
2414 -45.0000000000
2443 -44.0000000000
2475 -43.0000000000
2510 -42.0000000000
2518 -41.0000000000
2537 -40.0000000000
2554 -39.0000000000
2560 -38.0000000000
2574 -37.0000000000
2590 -36.0000000000
2614 -35.0000000000
2644 -34.0000000000
2662 -33.0000000000
2715 -32.0000000000
2799 -31.0000000000
2827 -30.0000000000
2837 -29.0000000000
2841 -28.0000000000
2920 -27.0000000000
2981 -26.0000000000
2991 -25.0000000000
2993 -24.0000000000
3007 -23.0000000000
3013 -22.0000000000
3014 -21.0000000000
3151 -20.0000000000
3161 -19.0000000000
3170 -18.0000000000
3293 -17.0000000000
3315 -16.0000000000
3328 -15.0000000000
3337 -14.0000000000
3363 -13.0000000000
3393 -11.0000000000
3573 -10.0000000000
3595 -9.0000000000
3760 -7.0000000000
3769 -6.0000000000
3784 -5.0000000000
3789 -4.0000000000
3880 -3.0000000000
3960 -2.0000000000
3988 -1.0000000000
4180 494.0000000000
4305 503.0000000000
4377 506.0000000000
4951 515.0000000000
7345 522.0000000000
8886 536.0000000000
10889 537.0000000000
11029 538.0000000000
12558 541.0000000000
56414 544.0000000000
64166 547.0000000000
66045 550.0000000000
78774 551.0000000000
100000 551.0000000000
evaluations raw_y
1 -291.0000000000
2 -290.0000000000
4 -289.0000000000
7 -287.0000000000
8 -286.0000000000
9 -284.0000000000
11 -283.0000000000
16 -282.0000000000
21 -281.0000000000
27 -280.0000000000
29 -278.0000000000
45 -277.0000000000
46 -276.0000000000
49 -275.0000000000
50 -274.0000000000
51 -271.0000000000
52 -270.0000000000
56 -269.0000000000
57 -268.0000000000
71 -267.0000000000
72 -265.0000000000
76 -264.0000000000
77 -263.0000000000
78 -262.0000000000
86 -260.0000000000
90 -259.0000000000
92 -257.0000000000
94 -256.0000000000
101 -255.0000000000
102 -254.0000000000
103 -253.0000000000
107 -252.0000000000
108 -251.0000000000
113 -250.0000000000
115 -249.0000000000
117 -248.0000000000
120 -247.0000000000
121 -246.0000000000
126 -245.0000000000
132 -244.0000000000
134 -243.0000000000
136 -242.0000000000
137 -241.0000000000
143 -240.0000000000
144 -239.0000000000
151 -238.0000000000
160 -237.0000000000
172 -236.0000000000
175 -235.0000000000
181 -234.0000000000
182 -233.0000000000
184 -232.0000000000
185 -230.0000000000
187 -229.0000000000
193 -227.0000000000
194 -226.0000000000
196 -225.0000000000
205 -224.0000000000
206 -223.0000000000
212 -222.0000000000
213 -221.0000000000
217 -220.0000000000
224 -219.0000000000
225 -218.0000000000
226 -217.0000000000
238 -216.0000000000
247 -215.0000000000
252 -214.0000000000
258 -213.0000000000
260 -211.0000000000
262 -210.0000000000
263 -208.0000000000
265 -207.0000000000
275 -206.0000000000
280 -205.0000000000
295 -204.0000000000
304 -203.0000000000
305 -202.0000000000
321 -201.0000000000
331 -200.0000000000
333 -199.0000000000
335 -198.0000000000
342 -197.0000000000
348 -195.0000000000
349 -194.0000000000
358 -193.0000000000
366 -192.0000000000
367 -191.0000000000
370 -190.0000000000
374 -189.0000000000
376 -188.0000000000
386 -187.0000000000
388 -186.0000000000
398 -185.0000000000
399 -184.0000000000
425 -183.0000000000
427 -182.0000000000
442 -181.0000000000
446 -180.0000000000
448 -179.0000000000
455 -178.0000000000
464 -177.0000000000
476 -175.0000000000
479 -174.0000000000
484 -173.0000000000
485 -172.0000000000
490 -171.0000000000
495 -170.0000000000
506 -169.0000000000
514 -167.0000000000
519 -166.0000000000
529 -165.0000000000
531 -164.0000000000
532 -163.0000000000
534 -162.0000000000
537 -161.0000000000
541 -160.0000000000
553 -159.0000000000
554 -157.0000000000
564 -156.0000000000
570 -155.0000000000
571 -153.0000000000
580 -152.0000000000
591 -151.0000000000
600 -150.0000000000
602 -149.0000000000
607 -148.0000000000
610 -147.0000000000
616 -146.0000000000
623 -145.0000000000
630 -143.0000000000
679 -142.0000000000
684 -141.0000000000
686 -140.0000000000
687 -139.0000000000
690 -138.0000000000
698 -137.0000000000
716 -136.0000000000
729 -134.0000000000
734 -133.0000000000
738 -132.0000000000
741 -131.0000000000
757 -129.0000000000
762 -128.0000000000
778 -127.0000000000
785 -126.0000000000
807 -125.0000000000
820 -124.0000000000
846 -123.0000000000
847 -122.0000000000
853 -121.0000000000
857 -119.0000000000
859 -118.0000000000
864 -117.0000000000
865 -116.0000000000
876 -115.0000000000
878 -114.0000000000
901 -113.0000000000
904 -112.0000000000
912 -111.0000000000
950 -110.0000000000
957 -109.0000000000
965 -108.0000000000
971 -106.0000000000
993 -105.0000000000
1002 -104.0000000000
1052 -103.0000000000
1057 -102.0000000000
1071 -100.0000000000
1084 -99.0000000000
1091 -97.0000000000
1109 -96.0000000000
1178 -95.0000000000
1202 -94.0000000000
1232 -92.0000000000
1243 -91.0000000000
1246 -90.0000000000
1264 -89.0000000000
1299 -88.0000000000
1303 -87.0000000000
1306 -86.0000000000
1313 -85.0000000000
1339 -84.0000000000
1349 -83.0000000000
1362 -82.0000000000
1364 -81.0000000000
1365 -80.0000000000
1369 -79.0000000000
1380 -78.0000000000
1402 -77.0000000000
1412 -76.0000000000
1439 -75.0000000000
1444 -74.0000000000
1462 -73.0000000000
1473 -72.0000000000
1516 -71.0000000000
1526 -70.0000000000
1539 -69.0000000000
1582 -68.0000000000
1595 -67.0000000000
1598 -66.0000000000
1608 -65.0000000000
1645 -64.0000000000
1654 -63.0000000000
1675 -62.0000000000
1701 -61.0000000000
1721 -60.0000000000
1725 -59.0000000000
1727 -58.0000000000
1791 -57.0000000000
1799 -56.0000000000
1831 -55.0000000000
1841 -54.0000000000
1848 -53.0000000000
1877 -52.0000000000
1912 -51.0000000000
1927 -50.0000000000
1928 -49.0000000000
1942 -48.0000000000
1984 -47.0000000000
1985 -46.0000000000
2031 -45.0000000000
2040 -44.0000000000
2109 -43.0000000000
2172 -41.0000000000
2198 -40.0000000000
2238 -39.0000000000
2247 -38.0000000000
2256 -37.0000000000
2368 -36.0000000000
2388 -35.0000000000
2436 -34.0000000000
2461 -33.0000000000
2466 -32.0000000000
2473 -31.0000000000
2504 -30.0000000000
2519 -29.0000000000
2581 -28.0000000000
2594 -27.0000000000
2615 -26.0000000000
2619 -25.0000000000
2622 -24.0000000000
2677 -23.0000000000
2695 -22.0000000000
2700 -21.0000000000
2724 -20.0000000000
2788 -19.0000000000
2830 -18.0000000000
3003 -16.0000000000
3137 -15.0000000000
3171 -14.0000000000
3321 -13.0000000000
3433 -12.0000000000
3456 -11.0000000000
3591 -10.0000000000
3672 -9.0000000000
3721 -8.0000000000
3742 -7.0000000000
3857 -6.0000000000
3947 -5.0000000000
3996 -4.0000000000
4239 -3.0000000000
4310 -2.0000000000
4396 -1.0000000000
4762 457.0000000000
4795 458.0000000000
5135 462.0000000000
5427 484.0000000000
5547 490.0000000000
7655 493.0000000000
7860 496.0000000000
9072 499.0000000000
9300 501.0000000000
10477 505.0000000000
11910 506.0000000000
12105 513.0000000000
13674 519.0000000000
18305 520.0000000000
18577 522.0000000000
20891 533.0000000000
22458 537.0000000000
22767 540.0000000000
23058 543.0000000000
23265 546.0000000000
27250 547.0000000000
29441 553.0000000000
40382 555.0000000000
62059 557.0000000000
97514 561.0000000000
100000 -1.0000000000
evaluations raw_y
1 -298.0000000000
5 -297.0000000000
6 -296.0000000000
16 -295.0000000000
18 -294.0000000000
19 -293.0000000000
24 -289.0000000000
29 -288.0000000000
30 -287.0000000000
31 -286.0000000000
33 -285.0000000000
40 -284.0000000000
41 -283.0000000000
46 -281.0000000000
47 -280.0000000000
49 -279.0000000000
55 -277.0000000000
60 -275.0000000000
62 -274.0000000000
65 -273.0000000000
78 -272.0000000000
79 -271.0000000000
88 -270.0000000000
90 -269.0000000000
91 -268.0000000000
93 -267.0000000000
96 -266.0000000000
97 -265.0000000000
108 -264.0000000000
111 -263.0000000000
120 -262.0000000000
121 -261.0000000000
127 -260.0000000000
131 -259.0000000000
133 -258.0000000000
136 -257.0000000000
138 -256.0000000000
139 -255.0000000000
144 -254.0000000000
147 -253.0000000000
154 -252.0000000000
155 -250.0000000000
169 -248.0000000000
175 -246.0000000000
179 -245.0000000000
184 -243.0000000000
185 -242.0000000000
195 -241.0000000000
210 -238.0000000000
211 -237.0000000000
217 -236.0000000000
233 -235.0000000000
239 -233.0000000000
242 -231.0000000000
243 -230.0000000000
246 -229.0000000000
251 -228.0000000000
261 -227.0000000000
264 -226.0000000000
265 -225.0000000000
266 -224.0000000000
268 -223.0000000000
272 -221.0000000000
273 -220.0000000000
277 -219.0000000000
283 -218.0000000000
289 -216.0000000000
291 -215.0000000000
292 -213.0000000000
297 -212.0000000000
299 -211.0000000000
300 -209.0000000000
302 -208.0000000000
316 -207.0000000000
319 -206.0000000000
320 -203.0000000000
324 -202.0000000000
327 -201.0000000000
329 -200.0000000000
331 -199.0000000000
347 -198.0000000000
349 -197.0000000000
354 -196.0000000000
362 -195.0000000000
364 -194.0000000000
365 -193.0000000000
367 -191.0000000000
371 -188.0000000000
382 -187.0000000000
394 -186.0000000000
396 -185.0000000000
399 -184.0000000000
405 -182.0000000000
441 -181.0000000000
447 -180.0000000000
456 -179.0000000000
464 -178.0000000000
472 -177.0000000000
478 -175.0000000000
484 -174.0000000000
494 -173.0000000000
507 -172.0000000000
519 -171.0000000000
527 -170.0000000000
538 -169.0000000000
550 -168.0000000000
555 -167.0000000000
558 -166.0000000000
574 -165.0000000000
576 -164.0000000000
587 -163.0000000000
599 -162.0000000000
606 -161.0000000000
611 -159.0000000000
616 -157.0000000000
619 -156.0000000000
641 -155.0000000000
652 -153.0000000000
655 -152.0000000000
662 -151.0000000000
664 -150.0000000000
666 -149.0000000000
668 -148.0000000000
670 -147.0000000000
676 -145.0000000000
705 -144.0000000000
706 -143.0000000000
719 -142.0000000000
725 -141.0000000000
731 -140.0000000000
733 -138.0000000000
736 -137.0000000000
758 -136.0000000000
759 -135.0000000000
761 -134.0000000000
771 -133.0000000000
774 -132.0000000000
802 -131.0000000000
805 -130.0000000000
806 -129.0000000000
830 -128.0000000000
833 -127.0000000000
835 -126.0000000000
839 -125.0000000000
842 -124.0000000000
848 -123.0000000000
883 -122.0000000000
898 -121.0000000000
917 -119.0000000000
932 -118.0000000000
938 -116.0000000000
945 -115.0000000000
961 -114.0000000000
966 -113.0000000000
971 -112.0000000000
994 -111.0000000000
1011 -110.0000000000
1013 -109.0000000000
1027 -108.0000000000
1036 -107.0000000000
1042 -106.0000000000
1046 -105.0000000000
1048 -104.0000000000
1053 -103.0000000000
1063 -102.0000000000
1070 -101.0000000000
1075 -100.0000000000
1083 -99.0000000000
1120 -97.0000000000
1128 -95.0000000000
1137 -94.0000000000
1152 -93.0000000000
1163 -91.0000000000
1169 -90.0000000000
1170 -89.0000000000
1172 -88.0000000000
1173 -87.0000000000
1179 -86.0000000000
1195 -85.0000000000
1237 -84.0000000000
1261 -83.0000000000
1266 -82.0000000000
1275 -81.0000000000
1277 -80.0000000000
1292 -79.0000000000
1297 -78.0000000000
1302 -77.0000000000
1313 -76.0000000000
1368 -75.0000000000
1386 -74.0000000000
1408 -73.0000000000
1414 -72.0000000000
1429 -71.0000000000
1434 -69.0000000000
1438 -67.0000000000
1471 -66.0000000000
1496 -65.0000000000
1504 -63.0000000000
1506 -62.0000000000
1511 -61.0000000000
1518 -60.0000000000
1559 -59.0000000000
1561 -58.0000000000
1572 -57.0000000000
1581 -56.0000000000
1620 -55.0000000000
1631 -54.0000000000
1696 -53.0000000000
1708 -52.0000000000
1732 -51.0000000000
1801 -50.0000000000
1811 -49.0000000000
1817 -48.0000000000
1843 -47.0000000000
1853 -46.0000000000
1894 -45.0000000000
1898 -43.0000000000
1918 -42.0000000000
1939 -41.0000000000
1951 -40.0000000000
1957 -39.0000000000
2004 -38.0000000000
2033 -37.0000000000
2047 -36.0000000000
2123 -35.0000000000
2140 -34.0000000000
2159 -32.0000000000
2176 -31.0000000000
2265 -30.0000000000
2283 -29.0000000000
2356 -28.0000000000
2374 -27.0000000000
2387 -26.0000000000
2402 -24.0000000000
2445 -23.0000000000
2567 -22.0000000000
2586 -21.0000000000
2619 -20.0000000000
2667 -19.0000000000
2675 -18.0000000000
2690 -17.0000000000
2833 -16.0000000000
2923 -15.0000000000
2958 -14.0000000000
3039 -13.0000000000
3077 -12.0000000000
3268 -11.0000000000
3318 -10.0000000000
3344 -9.0000000000
3389 -8.0000000000
3438 -7.0000000000
3538 -6.0000000000
3741 -5.0000000000
4111 -4.0000000000
4130 -3.0000000000
4246 -2.0000000000
4355 -1.0000000000
4614 464.0000000000
4625 466.0000000000
4707 479.0000000000
4986 485.0000000000
5005 488.0000000000
5139 493.0000000000
5692 507.0000000000
8033 525.0000000000
9743 526.0000000000
10406 536.0000000000
13911 538.0000000000
20180 539.0000000000
22787 544.0000000000
26592 545.0000000000
38137 548.0000000000
43522 550.0000000000
88362 551.0000000000
93275 553.0000000000
100000 -1.0000000000
evaluations raw_y
1 -302.0000000000
6 -300.0000000000
7 -299.0000000000
9 -297.0000000000
11 -296.0000000000
14 -294.0000000000
19 -292.0000000000
23 -290.0000000000
27 -289.0000000000
34 -288.0000000000
37 -287.0000000000
41 -286.0000000000
42 -285.0000000000
43 -284.0000000000
50 -282.0000000000
61 -281.0000000000
65 -279.0000000000
67 -278.0000000000
69 -277.0000000000
73 -276.0000000000
75 -275.0000000000
81 -273.0000000000
84 -271.0000000000
86 -270.0000000000
95 -269.0000000000
97 -268.0000000000
99 -266.0000000000
100 -264.0000000000
101 -263.0000000000
104 -262.0000000000
107 -261.0000000000
109 -260.0000000000
112 -258.0000000000
113 -257.0000000000
124 -255.0000000000
125 -254.0000000000
127 -252.0000000000
130 -251.0000000000
147 -250.0000000000
150 -249.0000000000
152 -247.0000000000
159 -245.0000000000
164 -243.0000000000
165 -242.0000000000
168 -241.0000000000
169 -240.0000000000
174 -239.0000000000
183 -238.0000000000
185 -237.0000000000
187 -236.0000000000
190 -235.0000000000
193 -233.0000000000
198 -232.0000000000
209 -230.0000000000
215 -228.0000000000
226 -226.0000000000
235 -225.0000000000
236 -224.0000000000
242 -223.0000000000
244 -221.0000000000
248 -220.0000000000
249 -219.0000000000
257 -218.0000000000
263 -217.0000000000
264 -215.0000000000
267 -214.0000000000
270 -212.0000000000
275 -211.0000000000
276 -210.0000000000
280 -209.0000000000
283 -208.0000000000
286 -206.0000000000
290 -205.0000000000
309 -204.0000000000
311 -203.0000000000
312 -202.0000000000
317 -200.0000000000
326 -199.0000000000
327 -198.0000000000
328 -197.0000000000
330 -196.0000000000
332 -195.0000000000
337 -194.0000000000
352 -193.0000000000
357 -192.0000000000
369 -191.0000000000
370 -190.0000000000
373 -189.0000000000
385 -188.0000000000
389 -187.0000000000
393 -184.0000000000
394 -183.0000000000
395 -182.0000000000
401 -181.0000000000
416 -180.0000000000
418 -178.0000000000
421 -177.0000000000
423 -175.0000000000
426 -174.0000000000
438 -173.0000000000
442 -172.0000000000
445 -171.0000000000
447 -170.0000000000
450 -169.0000000000
453 -167.0000000000
457 -166.0000000000
459 -165.0000000000
468 -163.0000000000
479 -162.0000000000
485 -161.0000000000
488 -160.0000000000
492 -159.0000000000
515 -158.0000000000
533 -157.0000000000
553 -156.0000000000
560 -155.0000000000
565 -154.0000000000
571 -152.0000000000
579 -150.0000000000
581 -149.0000000000
596 -148.0000000000
616 -147.0000000000
638 -146.0000000000
672 -145.0000000000
684 -144.0000000000
692 -143.0000000000
695 -142.0000000000
710 -141.0000000000
714 -139.0000000000
716 -138.0000000000
720 -137.0000000000
728 -136.0000000000
744 -135.0000000000
748 -134.0000000000
749 -133.0000000000
789 -132.0000000000
804 -131.0000000000
805 -130.0000000000
828 -129.0000000000
831 -128.0000000000
834 -127.0000000000
840 -126.0000000000
863 -125.0000000000
867 -124.0000000000
871 -123.0000000000
902 -122.0000000000
905 -120.0000000000
914 -119.0000000000
931 -118.0000000000
935 -117.0000000000
950 -116.0000000000
978 -115.0000000000
984 -114.0000000000
985 -113.0000000000
986 -112.0000000000
988 -111.0000000000
999 -110.0000000000
1001 -109.0000000000
1003 -108.0000000000
1008 -107.0000000000
1040 -106.0000000000
1046 -104.0000000000
1048 -103.0000000000
1101 -102.0000000000
1113 -101.0000000000
1118 -100.0000000000
1121 -99.0000000000
1161 -98.0000000000
1178 -97.0000000000
1180 -95.0000000000
1217 -94.0000000000
1364 -93.0000000000
1373 -92.0000000000
1377 -91.0000000000
1380 -90.0000000000
1389 -89.0000000000
1394 -88.0000000000
1396 -86.0000000000
1406 -84.0000000000
1445 -83.0000000000
1462 -82.0000000000
1474 -79.0000000000
1475 -78.0000000000
1492 -77.0000000000
1502 -76.0000000000
1519 -75.0000000000
1528 -74.0000000000
1576 -72.0000000000
1584 -71.0000000000
1631 -70.0000000000
1637 -69.0000000000
1695 -68.0000000000
1715 -67.0000000000
1719 -66.0000000000
1753 -65.0000000000
1762 -64.0000000000
1774 -63.0000000000
1790 -62.0000000000
1800 -60.0000000000
1821 -59.0000000000
1845 -58.0000000000
1855 -57.0000000000
1882 -56.0000000000
1922 -55.0000000000
1950 -54.0000000000
1974 -53.0000000000
1975 -52.0000000000
1981 -51.0000000000
1987 -50.0000000000
1995 -49.0000000000
2000 -48.0000000000
2008 -47.0000000000
2026 -46.0000000000
2051 -45.0000000000
2134 -44.0000000000
2164 -43.0000000000
2180 -42.0000000000
2185 -41.0000000000
2197 -40.0000000000
2287 -39.0000000000
2314 -38.0000000000
2372 -37.0000000000
2384 -36.0000000000
2408 -35.0000000000
2426 -34.0000000000
2441 -33.0000000000
2455 -32.0000000000
2592 -31.0000000000
2690 -30.0000000000
2776 -29.0000000000
2812 -28.0000000000
2952 -27.0000000000
2968 -26.0000000000
2970 -25.0000000000
3030 -24.0000000000
3036 -23.0000000000
3052 -22.0000000000
3104 -21.0000000000
3181 -20.0000000000
3220 -19.0000000000
3290 -17.0000000000
3303 -16.0000000000
3311 -15.0000000000
3321 -14.0000000000
3336 -13.0000000000
3456 -12.0000000000
3476 -11.0000000000
3520 -10.0000000000
3522 -9.0000000000
3554 -8.0000000000
3791 -7.0000000000
3921 -6.0000000000
3932 -5.0000000000
3935 -4.0000000000
4145 -3.0000000000
4181 -2.0000000000
4641 -1.0000000000
4678 506.0000000000
4787 509.0000000000
5159 518.0000000000
5882 528.0000000000
6366 537.0000000000
11283 539.0000000000
29541 540.0000000000
30035 542.0000000000
32067 543.0000000000
33904 544.0000000000
37750 545.0000000000
40111 549.0000000000
55726 550.0000000000
100000 -1.0000000000
evaluations raw_y
1 -289.0000000000
3 -288.0000000000
7 -287.0000000000
8 -286.0000000000
18 -284.0000000000
26 -283.0000000000
30 -280.0000000000
39 -279.0000000000
44 -278.0000000000
51 -276.0000000000
53 -274.0000000000
63 -272.0000000000
71 -270.0000000000
72 -268.0000000000
75 -267.0000000000
81 -266.0000000000
92 -265.0000000000
93 -262.0000000000
96 -259.0000000000
107 -258.0000000000
120 -257.0000000000
123 -256.0000000000
126 -255.0000000000
133 -254.0000000000
145 -253.0000000000
147 -252.0000000000
150 -251.0000000000
151 -250.0000000000
160 -249.0000000000
168 -248.0000000000
170 -247.0000000000
171 -246.0000000000
185 -245.0000000000
199 -244.0000000000
201 -243.0000000000
205 -242.0000000000
207 -241.0000000000
209 -240.0000000000
210 -239.0000000000
220 -238.0000000000
228 -237.0000000000
233 -236.0000000000
240 -234.0000000000
242 -231.0000000000
244 -230.0000000000
246 -229.0000000000
247 -228.0000000000
248 -227.0000000000
261 -226.0000000000
263 -225.0000000000
271 -224.0000000000
278 -223.0000000000
285 -221.0000000000
295 -219.0000000000
296 -218.0000000000
301 -217.0000000000
311 -216.0000000000
315 -213.0000000000
333 -211.0000000000
343 -210.0000000000
345 -209.0000000000
347 -208.0000000000
350 -207.0000000000
353 -206.0000000000
359 -205.0000000000
371 -203.0000000000
375 -202.0000000000
389 -201.0000000000
400 -200.0000000000
404 -199.0000000000
408 -198.0000000000
412 -197.0000000000
414 -195.0000000000
415 -194.0000000000
417 -193.0000000000
421 -192.0000000000
423 -191.0000000000
425 -188.0000000000
441 -187.0000000000
451 -186.0000000000
456 -185.0000000000
458 -184.0000000000
460 -182.0000000000
461 -181.0000000000
464 -180.0000000000
473 -179.0000000000
474 -178.0000000000
478 -177.0000000000
481 -174.0000000000
486 -173.0000000000
505 -172.0000000000
510 -171.0000000000
513 -170.0000000000
520 -169.0000000000
529 -168.0000000000
537 -167.0000000000
543 -166.0000000000
545 -165.0000000000
549 -163.0000000000
557 -162.0000000000
575 -161.0000000000
576 -160.0000000000
581 -159.0000000000
597 -158.0000000000
600 -156.0000000000
601 -155.0000000000
609 -154.0000000000
614 -153.0000000000
629 -151.0000000000
643 -150.0000000000
645 -149.0000000000
647 -148.0000000000
653 -147.0000000000
673 -146.0000000000
677 -145.0000000000
679 -144.0000000000
684 -143.0000000000
688 -142.0000000000
689 -141.0000000000
702 -140.0000000000
704 -139.0000000000
769 -138.0000000000
771 -136.0000000000
781 -135.0000000000
797 -134.0000000000
799 -133.0000000000
803 -131.0000000000
804 -129.0000000000
813 -128.0000000000
830 -127.0000000000
832 -126.0000000000
833 -124.0000000000
842 -123.0000000000
846 -122.0000000000
847 -121.0000000000
858 -119.0000000000
860 -118.0000000000
897 -117.0000000000
898 -116.0000000000
909 -115.0000000000
936 -114.0000000000
941 -113.0000000000
944 -112.0000000000
959 -111.0000000000
967 -110.0000000000
978 -109.0000000000
989 -108.0000000000
990 -107.0000000000
992 -106.0000000000
993 -105.0000000000
1000 -104.0000000000
1012 -103.0000000000
1016 -102.0000000000
1026 -100.0000000000
1037 -99.0000000000
1047 -97.0000000000
1055 -96.0000000000
1120 -95.0000000000
1124 -94.0000000000
1127 -93.0000000000
1145 -92.0000000000
1155 -91.0000000000
1163 -90.0000000000
1183 -89.0000000000
1187 -88.0000000000
1214 -87.0000000000
1217 -86.0000000000
1229 -85.0000000000
1240 -84.0000000000
1252 -83.0000000000
1255 -82.0000000000
1278 -81.0000000000
1289 -80.0000000000
1314 -79.0000000000
1331 -78.0000000000
1336 -76.0000000000
1369 -75.0000000000
1375 -73.0000000000
1381 -72.0000000000
1393 -71.0000000000
1419 -69.0000000000
1448 -68.0000000000
1454 -67.0000000000
1462 -66.0000000000
1473 -64.0000000000
1493 -63.0000000000
1503 -61.0000000000
1511 -60.0000000000
1547 -58.0000000000
1567 -57.0000000000
1593 -56.0000000000
1612 -55.0000000000
1629 -54.0000000000
1682 -53.0000000000
1778 -52.0000000000
1779 -51.0000000000
1782 -50.0000000000
1786 -49.0000000000
1819 -48.0000000000
1878 -47.0000000000
1888 -46.0000000000
1898 -45.0000000000
1901 -44.0000000000
1906 -43.0000000000
1927 -42.0000000000
1939 -41.0000000000
1994 -40.0000000000
1996 -39.0000000000
2017 -37.0000000000
2067 -36.0000000000
2071 -35.0000000000
2075 -34.0000000000
2104 -33.0000000000
2143 -32.0000000000
2148 -31.0000000000
2150 -30.0000000000
2156 -29.0000000000
2212 -28.0000000000
2233 -27.0000000000
2411 -26.0000000000
2534 -25.0000000000
2559 -24.0000000000
2767 -23.0000000000
2808 -22.0000000000
2863 -21.0000000000
2907 -20.0000000000
2972 -19.0000000000
3077 -18.0000000000
3131 -17.0000000000
3174 -16.0000000000
3217 -15.0000000000
3312 -14.0000000000
3339 -13.0000000000
3341 -12.0000000000
3354 -11.0000000000
3517 -10.0000000000
3551 -9.0000000000
3594 -8.0000000000
3630 -7.0000000000
3722 -6.0000000000
3852 -5.0000000000
3962 -4.0000000000
4154 -3.0000000000
4232 -2.0000000000
4380 -1.0000000000
4405 506.0000000000
4519 508.0000000000
4527 511.0000000000
5457 515.0000000000
6466 519.0000000000
7012 520.0000000000
7335 521.0000000000
7749 522.0000000000
8491 525.0000000000
8515 531.0000000000
9941 532.0000000000
10647 537.0000000000
11386 538.0000000000
13431 541.0000000000
18310 544.0000000000
22430 546.0000000000
23425 548.0000000000
23480 551.0000000000
27263 555.0000000000
33793 556.0000000000
70728 557.0000000000
77143 558.0000000000
89205 559.0000000000
97399 560.0000000000
100000 -1.0000000000
evaluations raw_y
1 -296.0000000000
2 -295.0000000000
3 -294.0000000000
7 -293.0000000000
8 -291.0000000000
9 -290.0000000000
11 -289.0000000000
17 -287.0000000000
20 -286.0000000000
23 -285.0000000000
27 -284.0000000000
29 -283.0000000000
32 -282.0000000000
38 -281.0000000000
43 -280.0000000000
47 -279.0000000000
50 -278.0000000000
55 -276.0000000000
57 -275.0000000000
58 -274.0000000000
64 -273.0000000000
65 -272.0000000000
66 -271.0000000000
70 -270.0000000000
73 -269.0000000000
74 -268.0000000000
82 -267.0000000000
86 -266.0000000000
89 -263.0000000000
92 -262.0000000000
96 -261.0000000000
104 -260.0000000000
105 -259.0000000000
106 -257.0000000000
110 -256.0000000000
113 -255.0000000000
123 -254.0000000000
134 -253.0000000000
143 -252.0000000000
151 -251.0000000000
154 -247.0000000000
156 -246.0000000000
165 -245.0000000000
177 -244.0000000000
178 -243.0000000000
198 -241.0000000000
217 -239.0000000000
220 -238.0000000000
223 -236.0000000000
226 -235.0000000000
227 -234.0000000000
237 -233.0000000000
239 -232.0000000000
240 -230.0000000000
243 -229.0000000000
245 -227.0000000000
246 -226.0000000000
247 -225.0000000000
262 -224.0000000000
270 -223.0000000000
283 -222.0000000000
287 -221.0000000000
292 -219.0000000000
303 -218.0000000000
308 -217.0000000000
309 -216.0000000000
313 -215.0000000000
316 -213.0000000000
333 -212.0000000000
343 -211.0000000000
352 -210.0000000000
359 -209.0000000000
362 -208.0000000000
366 -207.0000000000
378 -206.0000000000
381 -205.0000000000
388 -204.0000000000
398 -203.0000000000
412 -202.0000000000
417 -201.0000000000
424 -200.0000000000
442 -199.0000000000
447 -198.0000000000
454 -197.0000000000
462 -196.0000000000
470 -195.0000000000
482 -194.0000000000
483 -193.0000000000
486 -192.0000000000
489 -191.0000000000
496 -190.0000000000
500 -189.0000000000
503 -188.0000000000
548 -187.0000000000
549 -186.0000000000
563 -185.0000000000
572 -184.0000000000
576 -183.0000000000
577 -182.0000000000
585 -181.0000000000
586 -180.0000000000
596 -178.0000000000
598 -176.0000000000
619 -175.0000000000
622 -174.0000000000
623 -173.0000000000
639 -171.0000000000
640 -169.0000000000
647 -168.0000000000
652 -167.0000000000
680 -166.0000000000
681 -165.0000000000
684 -164.0000000000
693 -163.0000000000
696 -162.0000000000
705 -161.0000000000
712 -160.0000000000
721 -157.0000000000
722 -156.0000000000
750 -155.0000000000
761 -154.0000000000
768 -153.0000000000
776 -151.0000000000
777 -150.0000000000
778 -149.0000000000
779 -148.0000000000
780 -147.0000000000
781 -146.0000000000
794 -145.0000000000
826 -144.0000000000
883 -143.0000000000
908 -141.0000000000
919 -140.0000000000
927 -139.0000000000
932 -138.0000000000
937 -137.0000000000
942 -135.0000000000
947 -134.0000000000
950 -132.0000000000
952 -131.0000000000
971 -130.0000000000
975 -129.0000000000
985 -128.0000000000
987 -127.0000000000
1008 -126.0000000000
1011 -125.0000000000
1018 -124.0000000000
1054 -123.0000000000
1055 -121.0000000000
1079 -119.0000000000
1092 -118.0000000000
1108 -117.0000000000
1111 -116.0000000000
1137 -115.0000000000
1138 -114.0000000000
1149 -113.0000000000
1169 -112.0000000000
1187 -111.0000000000
1213 -110.0000000000
1223 -109.0000000000
1233 -108.0000000000
1240 -107.0000000000
1248 -106.0000000000
1260 -105.0000000000
1268 -104.0000000000
1271 -103.0000000000
1275 -102.0000000000
1280 -101.0000000000
1282 -99.0000000000
1285 -98.0000000000
1286 -97.0000000000
1324 -96.0000000000
1327 -95.0000000000
1353 -94.0000000000
1369 -93.0000000000
1381 -92.0000000000
1389 -90.0000000000
1399 -89.0000000000
1408 -88.0000000000
1411 -87.0000000000
1426 -86.0000000000
1428 -85.0000000000
1442 -84.0000000000
1446 -83.0000000000
1451 -82.0000000000
1453 -81.0000000000
1477 -80.0000000000
1484 -79.0000000000
1503 -78.0000000000
1507 -76.0000000000
1531 -75.0000000000
1555 -74.0000000000
1562 -73.0000000000
1585 -72.0000000000
1604 -71.0000000000
1605 -70.0000000000
1622 -69.0000000000
1634 -68.0000000000
1706 -67.0000000000
1709 -66.0000000000
1713 -65.0000000000
1721 -64.0000000000
1726 -63.0000000000
1730 -62.0000000000
1749 -61.0000000000
1760 -60.0000000000
1761 -59.0000000000
1777 -58.0000000000
1783 -57.0000000000
1794 -56.0000000000
1808 -55.0000000000
1913 -54.0000000000
1949 -53.0000000000
1952 -52.0000000000
2026 -51.0000000000
2035 -50.0000000000
2085 -49.0000000000
2132 -48.0000000000
2134 -47.0000000000
2135 -46.0000000000
2192 -45.0000000000
2216 -44.0000000000
2245 -43.0000000000
2247 -42.0000000000
2283 -41.0000000000
2291 -40.0000000000
2293 -38.0000000000
2309 -37.0000000000
2324 -36.0000000000
2332 -35.0000000000
2371 -33.0000000000
2414 -32.0000000000
2473 -31.0000000000
2477 -30.0000000000
2497 -29.0000000000
2595 -28.0000000000
2605 -27.0000000000
2619 -26.0000000000
2812 -25.0000000000
2820 -24.0000000000
2821 -23.0000000000
2836 -22.0000000000
2895 -21.0000000000
2906 -20.0000000000
2966 -19.0000000000
3006 -18.0000000000
3175 -17.0000000000
3195 -16.0000000000
3302 -15.0000000000
3426 -14.0000000000
3528 -13.0000000000
3578 -12.0000000000
3589 -11.0000000000
3620 -10.0000000000
3828 -9.0000000000
3830 -8.0000000000
3839 -7.0000000000
3905 -6.0000000000
4031 -5.0000000000
4042 -4.0000000000
4167 -3.0000000000
4187 -2.0000000000
4201 -1.0000000000
4265 497.0000000000
4441 506.0000000000
5053 507.0000000000
5132 512.0000000000
6621 519.0000000000
8732 529.0000000000
9813 531.0000000000
15709 532.0000000000
19594 533.0000000000
20649 542.0000000000
21473 544.0000000000
25479 547.0000000000
26010 549.0000000000
33462 552.0000000000
38076 554.0000000000
100000 -1.0000000000
evaluations raw_y
1 -286.0000000000
3 -284.0000000000
4 -283.0000000000
10 -282.0000000000
17 -281.0000000000
18 -279.0000000000
24 -277.0000000000
26 -276.0000000000
27 -275.0000000000
29 -274.0000000000
31 -273.0000000000
35 -272.0000000000
36 -271.0000000000
42 -270.0000000000
46 -268.0000000000
48 -267.0000000000
50 -265.0000000000
52 -264.0000000000
54 -263.0000000000
55 -261.0000000000
58 -259.0000000000
59 -258.0000000000
61 -257.0000000000
65 -256.0000000000
67 -255.0000000000
68 -254.0000000000
70 -253.0000000000
73 -252.0000000000
81 -251.0000000000
86 -249.0000000000
89 -248.0000000000
91 -247.0000000000
95 -246.0000000000
98 -245.0000000000
106 -244.0000000000
120 -243.0000000000
122 -242.0000000000
127 -241.0000000000
129 -240.0000000000
131 -239.0000000000
135 -238.0000000000
137 -237.0000000000
142 -236.0000000000
143 -235.0000000000
145 -234.0000000000
147 -233.0000000000
148 -232.0000000000
153 -231.0000000000
154 -230.0000000000
171 -229.0000000000
173 -227.0000000000
174 -226.0000000000
175 -225.0000000000
186 -223.0000000000
188 -222.0000000000
199 -221.0000000000
202 -220.0000000000
203 -219.0000000000
205 -218.0000000000
213 -217.0000000000
219 -216.0000000000
227 -215.0000000000
229 -214.0000000000
236 -213.0000000000
237 -212.0000000000
238 -211.0000000000
244 -210.0000000000
252 -209.0000000000
253 -208.0000000000
254 -207.0000000000
255 -206.0000000000
256 -205.0000000000
258 -204.0000000000
265 -203.0000000000
266 -201.0000000000
271 -200.0000000000
279 -199.0000000000
281 -198.0000000000
284 -197.0000000000
289 -196.0000000000
297 -195.0000000000
299 -194.0000000000
312 -193.0000000000
320 -190.0000000000
325 -189.0000000000
327 -188.0000000000
335 -187.0000000000
345 -186.0000000000
346 -185.0000000000
349 -184.0000000000
361 -183.0000000000
362 -182.0000000000
364 -181.0000000000
377 -178.0000000000
386 -177.0000000000
387 -176.0000000000
388 -175.0000000000
392 -174.0000000000
397 -173.0000000000
400 -171.0000000000
402 -170.0000000000
413 -169.0000000000
426 -168.0000000000
429 -167.0000000000
432 -166.0000000000
447 -165.0000000000
451 -164.0000000000
464 -163.0000000000
477 -162.0000000000
500 -161.0000000000
501 -160.0000000000
521 -159.0000000000
522 -158.0000000000
528 -156.0000000000
537 -153.0000000000
559 -152.0000000000
566 -150.0000000000
569 -149.0000000000
579 -147.0000000000
588 -146.0000000000
593 -145.0000000000
607 -144.0000000000
624 -142.0000000000
635 -141.0000000000
636 -140.0000000000
643 -139.0000000000
651 -138.0000000000
677 -137.0000000000
700 -136.0000000000
706 -135.0000000000
708 -133.0000000000
710 -132.0000000000
714 -130.0000000000
734 -129.0000000000
739 -128.0000000000
743 -127.0000000000
753 -126.0000000000
756 -125.0000000000
765 -124.0000000000
768 -123.0000000000
769 -121.0000000000
777 -120.0000000000
803 -119.0000000000
810 -118.0000000000
813 -117.0000000000
834 -116.0000000000
843 -114.0000000000
851 -112.0000000000
854 -111.0000000000
863 -110.0000000000
869 -109.0000000000
888 -107.0000000000
900 -106.0000000000
904 -105.0000000000
912 -104.0000000000
920 -103.0000000000
944 -102.0000000000
968 -101.0000000000
991 -100.0000000000
1002 -99.0000000000
1007 -98.0000000000
1010 -97.0000000000
1027 -96.0000000000
1036 -95.0000000000
1038 -94.0000000000
1052 -93.0000000000
1055 -92.0000000000
1060 -91.0000000000
1074 -90.0000000000
1077 -89.0000000000
1104 -88.0000000000
1144 -86.0000000000
1155 -85.0000000000
1202 -84.0000000000
1204 -83.0000000000
1227 -82.0000000000
1239 -81.0000000000
1260 -80.0000000000
1281 -79.0000000000
1304 -78.0000000000
1333 -77.0000000000
1358 -76.0000000000
1383 -75.0000000000
1395 -74.0000000000
1419 -73.0000000000
1430 -71.0000000000
1462 -70.0000000000
1478 -69.0000000000
1485 -68.0000000000
1486 -67.0000000000
1491 -66.0000000000
1494 -65.0000000000
1500 -64.0000000000
1510 -63.0000000000
1540 -62.0000000000
1549 -61.0000000000
1559 -60.0000000000
1569 -59.0000000000
1571 -58.0000000000
1576 -57.0000000000
1653 -56.0000000000
1655 -55.0000000000
1781 -54.0000000000
1822 -52.0000000000
1826 -51.0000000000
1849 -50.0000000000
1880 -49.0000000000
1883 -48.0000000000
1907 -47.0000000000
1951 -46.0000000000
1969 -45.0000000000
2017 -44.0000000000
2020 -43.0000000000
2037 -42.0000000000
2039 -41.0000000000
2053 -40.0000000000
2081 -39.0000000000
2084 -38.0000000000
2116 -37.0000000000
2120 -36.0000000000
2122 -35.0000000000
2126 -34.0000000000
2205 -33.0000000000
2303 -32.0000000000
2362 -31.0000000000
2471 -30.0000000000
2501 -29.0000000000
2533 -28.0000000000
2590 -27.0000000000
2596 -26.0000000000
2613 -25.0000000000
2661 -24.0000000000
2707 -23.0000000000
2714 -22.0000000000
2732 -21.0000000000
2903 -20.0000000000
2939 -19.0000000000
3169 -18.0000000000
3176 -17.0000000000
3239 -16.0000000000
3277 -15.0000000000
3311 -14.0000000000
3344 -13.0000000000
3375 -12.0000000000
3412 -11.0000000000
3424 -10.0000000000
3596 -9.0000000000
3622 -8.0000000000
4025 -7.0000000000
4096 -6.0000000000
4161 -5.0000000000
4167 -4.0000000000
4351 -3.0000000000
4384 -2.0000000000
4509 -1.0000000000
4627 475.0000000000
4660 478.0000000000
4672 488.0000000000
4877 491.0000000000
5055 497.0000000000
5604 502.0000000000
6371 511.0000000000
6397 515.0000000000
6752 517.0000000000
7132 519.0000000000
7847 521.0000000000
8707 526.0000000000
9956 528.0000000000
10960 529.0000000000
11326 533.0000000000
11556 537.0000000000
14599 540.0000000000
15028 541.0000000000
22629 545.0000000000
23661 552.0000000000
82220 553.0000000000
100000 -1.0000000000
evaluations raw_y
1 -285.0000000000
7 -284.0000000000
11 -283.0000000000
12 -281.0000000000
13 -279.0000000000
16 -278.0000000000
18 -277.0000000000
19 -275.0000000000
23 -274.0000000000
27 -272.0000000000
31 -271.0000000000
32 -270.0000000000
36 -267.0000000000
42 -266.0000000000
43 -265.0000000000
47 -264.0000000000
53 -263.0000000000
62 -262.0000000000
63 -260.0000000000
65 -259.0000000000
68 -258.0000000000
72 -257.0000000000
76 -256.0000000000
80 -255.0000000000
85 -254.0000000000
88 -253.0000000000
91 -252.0000000000
94 -251.0000000000
95 -250.0000000000
100 -249.0000000000
122 -247.0000000000
125 -245.0000000000
128 -244.0000000000
129 -243.0000000000
130 -242.0000000000
134 -240.0000000000
136 -239.0000000000
140 -238.0000000000
147 -237.0000000000
154 -234.0000000000
156 -233.0000000000
160 -232.0000000000
161 -231.0000000000
163 -230.0000000000
164 -229.0000000000
166 -228.0000000000
177 -227.0000000000
181 -226.0000000000
182 -225.0000000000
185 -224.0000000000
190 -222.0000000000
205 -220.0000000000
217 -219.0000000000
218 -218.0000000000
224 -217.0000000000
227 -214.0000000000
228 -213.0000000000
231 -212.0000000000
244 -210.0000000000
246 -209.0000000000
250 -208.0000000000
262 -207.0000000000
270 -206.0000000000
271 -205.0000000000
277 -204.0000000000
284 -203.0000000000
290 -202.0000000000
293 -201.0000000000
296 -200.0000000000
304 -199.0000000000
308 -198.0000000000
309 -197.0000000000
318 -196.0000000000
319 -195.0000000000
363 -194.0000000000
365 -193.0000000000
368 -192.0000000000
380 -191.0000000000
393 -190.0000000000
399 -189.0000000000
404 -188.0000000000
406 -187.0000000000
407 -186.0000000000
410 -184.0000000000
420 -183.0000000000
423 -182.0000000000
440 -181.0000000000
442 -180.0000000000
443 -179.0000000000
447 -178.0000000000
464 -177.0000000000
469 -176.0000000000
471 -174.0000000000
489 -173.0000000000
490 -172.0000000000
502 -171.0000000000
504 -170.0000000000
510 -169.0000000000
520 -168.0000000000
531 -167.0000000000
533 -166.0000000000
542 -165.0000000000
549 -164.0000000000
550 -163.0000000000
551 -162.0000000000
570 -161.0000000000
572 -160.0000000000
581 -159.0000000000
588 -158.0000000000
590 -157.0000000000
602 -156.0000000000
610 -155.0000000000
611 -154.0000000000
612 -153.0000000000
623 -151.0000000000
626 -150.0000000000
630 -149.0000000000
635 -148.0000000000
637 -147.0000000000
639 -146.0000000000
643 -145.0000000000
644 -143.0000000000
663 -142.0000000000
666 -141.0000000000
674 -140.0000000000
684 -139.0000000000
687 -138.0000000000
699 -137.0000000000
700 -136.0000000000
715 -135.0000000000
717 -133.0000000000
720 -132.0000000000
724 -131.0000000000
726 -130.0000000000
731 -129.0000000000
735 -128.0000000000
737 -127.0000000000
745 -126.0000000000
751 -125.0000000000
756 -124.0000000000
766 -123.0000000000
776 -122.0000000000
779 -121.0000000000
820 -119.0000000000
828 -118.0000000000
843 -117.0000000000
857 -116.0000000000
869 -115.0000000000
873 -113.0000000000
903 -112.0000000000
938 -111.0000000000
941 -110.0000000000
950 -109.0000000000
956 -108.0000000000
960 -107.0000000000
970 -105.0000000000
994 -104.0000000000
998 -103.0000000000
1012 -102.0000000000
1037 -101.0000000000
1070 -100.0000000000
1078 -98.0000000000
1086 -97.0000000000
1113 -96.0000000000
1116 -95.0000000000
1120 -94.0000000000
1122 -93.0000000000
1139 -92.0000000000
1142 -91.0000000000
1157 -90.0000000000
1164 -89.0000000000
1200 -88.0000000000
1212 -87.0000000000
1214 -86.0000000000
1247 -83.0000000000
1271 -82.0000000000
1277 -81.0000000000
1295 -80.0000000000
1296 -79.0000000000
1320 -77.0000000000
1342 -76.0000000000
1389 -75.0000000000
1390 -74.0000000000
1525 -73.0000000000
1532 -72.0000000000
1544 -71.0000000000
1555 -70.0000000000
1558 -69.0000000000
1561 -68.0000000000
1576 -67.0000000000
1611 -66.0000000000
1640 -65.0000000000
1645 -64.0000000000
1661 -63.0000000000
1677 -62.0000000000
1682 -61.0000000000
1692 -60.0000000000
1732 -59.0000000000
1769 -58.0000000000
1772 -57.0000000000
1804 -56.0000000000
1831 -55.0000000000
1840 -54.0000000000
1874 -53.0000000000
1890 -52.0000000000
1927 -51.0000000000
1947 -50.0000000000
1996 -49.0000000000
2057 -48.0000000000
2080 -47.0000000000
2117 -46.0000000000
2227 -45.0000000000
2253 -44.0000000000
2279 -43.0000000000
2320 -42.0000000000
2367 -41.0000000000
2431 -40.0000000000
2475 -39.0000000000
2547 -38.0000000000
2556 -37.0000000000
2581 -36.0000000000
2597 -35.0000000000
2635 -34.0000000000
2710 -33.0000000000
2729 -32.0000000000
2751 -31.0000000000
2773 -30.0000000000
2824 -29.0000000000
2886 -28.0000000000
2903 -27.0000000000
2927 -26.0000000000
2968 -25.0000000000
3015 -23.0000000000
3027 -22.0000000000
3036 -21.0000000000
3261 -20.0000000000
3280 -19.0000000000
3281 -18.0000000000
3458 -17.0000000000
3566 -16.0000000000
3587 -15.0000000000
3611 -14.0000000000
3745 -13.0000000000
3774 -12.0000000000
3873 -11.0000000000
3910 -10.0000000000
3923 -9.0000000000
3954 -8.0000000000
4108 -7.0000000000
4241 -6.0000000000
4334 -5.0000000000
4351 -4.0000000000
4395 -3.0000000000
4624 -2.0000000000
5100 -1.0000000000
5238 495.0000000000
6060 504.0000000000
6096 506.0000000000
7393 507.0000000000
8257 510.0000000000
8648 511.0000000000
9313 514.0000000000
9650 521.0000000000
9994 524.0000000000
10520 528.0000000000
11630 536.0000000000
11722 540.0000000000
19183 542.0000000000
24053 544.0000000000
25264 545.0000000000
26818 548.0000000000
35712 551.0000000000
39122 552.0000000000
56098 553.0000000000
100000 -1.0000000000
evaluations raw_y
1 -290.0000000000
4 -289.0000000000
5 -288.0000000000
6 -286.0000000000
13 -285.0000000000
14 -284.0000000000
15 -282.0000000000
17 -281.0000000000
19 -280.0000000000
20 -279.0000000000
33 -278.0000000000
38 -277.0000000000
46 -276.0000000000
47 -275.0000000000
50 -274.0000000000
64 -273.0000000000
67 -272.0000000000
74 -271.0000000000
76 -270.0000000000
83 -269.0000000000
85 -268.0000000000
90 -267.0000000000
93 -266.0000000000
95 -265.0000000000
96 -264.0000000000
98 -263.0000000000
103 -262.0000000000
107 -261.0000000000
112 -259.0000000000
118 -258.0000000000
121 -257.0000000000
124 -256.0000000000
128 -255.0000000000
133 -254.0000000000
141 -253.0000000000
147 -252.0000000000
150 -251.0000000000
158 -250.0000000000
165 -249.0000000000
169 -248.0000000000
180 -247.0000000000
182 -245.0000000000
187 -244.0000000000
190 -242.0000000000
202 -241.0000000000
203 -240.0000000000
204 -237.0000000000
205 -236.0000000000
206 -235.0000000000
207 -234.0000000000
210 -233.0000000000
212 -232.0000000000
219 -230.0000000000
221 -229.0000000000
223 -228.0000000000
230 -227.0000000000
232 -225.0000000000
233 -223.0000000000
234 -220.0000000000
237 -219.0000000000
243 -218.0000000000
260 -216.0000000000
261 -215.0000000000
263 -213.0000000000
267 -212.0000000000
270 -211.0000000000
272 -210.0000000000
281 -209.0000000000
284 -208.0000000000
286 -207.0000000000
294 -206.0000000000
299 -205.0000000000
310 -203.0000000000
317 -202.0000000000
318 -201.0000000000
319 -200.0000000000
324 -199.0000000000
327 -198.0000000000
332 -197.0000000000
336 -195.0000000000
344 -194.0000000000
359 -192.0000000000
364 -191.0000000000
370 -190.0000000000
376 -189.0000000000
380 -188.0000000000
391 -187.0000000000
424 -186.0000000000
426 -185.0000000000
428 -184.0000000000
439 -183.0000000000
448 -182.0000000000
457 -180.0000000000
481 -179.0000000000
487 -177.0000000000
492 -176.0000000000
505 -175.0000000000
511 -174.0000000000
517 -173.0000000000
518 -172.0000000000
522 -171.0000000000
523 -169.0000000000
525 -168.0000000000
546 -167.0000000000
547 -166.0000000000
550 -165.0000000000
557 -164.0000000000
570 -163.0000000000
573 -162.0000000000
590 -161.0000000000
591 -160.0000000000
600 -159.0000000000
603 -157.0000000000
612 -156.0000000000
617 -155.0000000000
620 -154.0000000000
624 -153.0000000000
644 -152.0000000000
659 -150.0000000000
664 -149.0000000000
677 -148.0000000000
681 -147.0000000000
688 -146.0000000000
695 -145.0000000000
698 -144.0000000000
712 -143.0000000000
717 -142.0000000000
737 -141.0000000000
769 -140.0000000000
772 -139.0000000000
778 -138.0000000000
787 -137.0000000000
796 -135.0000000000
801 -134.0000000000
815 -133.0000000000
821 -132.0000000000
822 -131.0000000000
830 -130.0000000000
837 -129.0000000000
840 -128.0000000000
847 -127.0000000000
862 -126.0000000000
869 -124.0000000000
889 -123.0000000000
890 -122.0000000000
894 -121.0000000000
905 -120.0000000000
908 -119.0000000000
921 -118.0000000000
922 -117.0000000000
936 -116.0000000000
938 -115.0000000000
974 -114.0000000000
982 -113.0000000000
995 -112.0000000000
997 -111.0000000000
998 -110.0000000000
1003 -109.0000000000
1004 -108.0000000000
1018 -107.0000000000
1020 -106.0000000000
1025 -105.0000000000
1028 -104.0000000000
1047 -103.0000000000
1049 -102.0000000000
1050 -101.0000000000
1056 -100.0000000000
1079 -99.0000000000
1093 -97.0000000000
1109 -96.0000000000
1121 -95.0000000000
1128 -94.0000000000
1152 -93.0000000000
1159 -92.0000000000
1186 -91.0000000000
1223 -89.0000000000
1240 -88.0000000000
1339 -87.0000000000
1340 -86.0000000000
1346 -85.0000000000
1353 -84.0000000000
1417 -83.0000000000
1430 -82.0000000000
1460 -81.0000000000
1472 -80.0000000000
1503 -79.0000000000
1536 -78.0000000000
1539 -76.0000000000
1540 -75.0000000000
1545 -74.0000000000
1547 -73.0000000000
1554 -72.0000000000
1618 -71.0000000000
1638 -70.0000000000
1642 -69.0000000000
1659 -68.0000000000
1686 -67.0000000000
1732 -66.0000000000
1741 -65.0000000000
1745 -64.0000000000
1802 -63.0000000000
1849 -62.0000000000
1880 -61.0000000000
1908 -60.0000000000
1916 -59.0000000000
1976 -58.0000000000
1986 -57.0000000000
2020 -56.0000000000
2043 -55.0000000000
2058 -54.0000000000
2070 -53.0000000000
2077 -52.0000000000
2079 -51.0000000000
2122 -50.0000000000
2146 -49.0000000000
2170 -48.0000000000
2193 -47.0000000000
2230 -46.0000000000
2237 -45.0000000000
2305 -44.0000000000
2310 -43.0000000000
2318 -42.0000000000
2323 -41.0000000000
2331 -40.0000000000
2381 -39.0000000000
2414 -38.0000000000
2479 -37.0000000000
2481 -36.0000000000
2549 -35.0000000000
2557 -34.0000000000
2573 -33.0000000000
2628 -32.0000000000
2716 -31.0000000000
2724 -30.0000000000
2779 -29.0000000000
2808 -28.0000000000
2853 -27.0000000000
2903 -25.0000000000
2907 -24.0000000000
2927 -23.0000000000
2938 -22.0000000000
2947 -21.0000000000
3028 -20.0000000000
3056 -19.0000000000
3089 -18.0000000000
3121 -17.0000000000
3201 -16.0000000000
3209 -15.0000000000
3215 -14.0000000000
3247 -13.0000000000
3275 -12.0000000000
3308 -10.0000000000
3338 -9.0000000000
3350 -8.0000000000
3384 -7.0000000000
3490 -6.0000000000
3648 -5.0000000000
3690 -4.0000000000
3699 -3.0000000000
3723 -2.0000000000
3787 -1.0000000000
4051 459.0000000000
4079 464.0000000000
4570 476.0000000000
4639 497.0000000000
7100 506.0000000000
9090 516.0000000000
9611 520.0000000000
11233 521.0000000000
11357 526.0000000000
12094 535.0000000000
19639 537.0000000000
36130 538.0000000000
39819 539.0000000000
41535 543.0000000000
53939 544.0000000000
55435 546.0000000000
100000 -1.0000000000
evaluations raw_y
1 -307.0000000000
9 -305.0000000000
13 -304.0000000000
14 -303.0000000000
22 -302.0000000000
24 -301.0000000000
25 -300.0000000000
27 -299.0000000000
30 -298.0000000000
31 -297.0000000000
33 -296.0000000000
37 -295.0000000000
41 -294.0000000000
47 -293.0000000000
55 -292.0000000000
56 -289.0000000000
59 -288.0000000000
60 -287.0000000000
64 -286.0000000000
65 -285.0000000000
67 -284.0000000000
68 -283.0000000000
74 -282.0000000000
81 -280.0000000000
83 -279.0000000000
86 -277.0000000000
88 -276.0000000000
89 -274.0000000000
98 -273.0000000000
99 -271.0000000000
100 -270.0000000000
109 -269.0000000000
124 -268.0000000000
128 -267.0000000000
132 -266.0000000000
133 -264.0000000000
134 -263.0000000000
137 -262.0000000000
139 -261.0000000000
143 -260.0000000000
144 -259.0000000000
154 -258.0000000000
155 -257.0000000000
157 -256.0000000000
171 -253.0000000000
172 -251.0000000000
173 -250.0000000000
177 -249.0000000000
179 -247.0000000000
182 -246.0000000000
188 -245.0000000000
191 -243.0000000000
198 -242.0000000000
199 -240.0000000000
203 -239.0000000000
210 -237.0000000000
226 -236.0000000000
231 -234.0000000000
240 -233.0000000000
242 -232.0000000000
245 -231.0000000000
253 -230.0000000000
261 -228.0000000000
268 -227.0000000000
270 -226.0000000000
284 -225.0000000000
285 -224.0000000000
286 -223.0000000000
291 -222.0000000000
307 -220.0000000000
314 -219.0000000000
320 -217.0000000000
327 -216.0000000000
328 -215.0000000000
333 -214.0000000000
341 -213.0000000000
348 -212.0000000000
352 -211.0000000000
359 -210.0000000000
362 -209.0000000000
364 -208.0000000000
365 -207.0000000000
367 -206.0000000000
371 -205.0000000000
388 -203.0000000000
394 -202.0000000000
416 -200.0000000000
429 -198.0000000000
436 -197.0000000000
441 -196.0000000000
460 -195.0000000000
464 -194.0000000000
477 -193.0000000000
478 -192.0000000000
491 -191.0000000000
502 -190.0000000000
508 -189.0000000000
524 -188.0000000000
529 -187.0000000000
531 -186.0000000000
544 -185.0000000000
547 -184.0000000000
548 -182.0000000000
552 -181.0000000000
555 -178.0000000000
556 -177.0000000000
562 -176.0000000000
576 -174.0000000000
578 -173.0000000000
587 -172.0000000000
589 -171.0000000000
592 -170.0000000000
626 -169.0000000000
633 -168.0000000000
635 -167.0000000000
636 -166.0000000000
643 -165.0000000000
648 -164.0000000000
653 -163.0000000000
654 -162.0000000000
656 -161.0000000000
670 -160.0000000000
692 -159.0000000000
713 -158.0000000000
719 -157.0000000000
730 -156.0000000000
738 -155.0000000000
742 -154.0000000000
744 -153.0000000000
750 -152.0000000000
758 -150.0000000000
763 -149.0000000000
767 -148.0000000000
770 -147.0000000000
812 -146.0000000000
822 -145.0000000000
865 -144.0000000000
871 -143.0000000000
879 -142.0000000000
881 -141.0000000000
890 -140.0000000000
895 -139.0000000000
900 -138.0000000000
904 -137.0000000000
912 -136.0000000000
913 -135.0000000000
927 -134.0000000000
941 -133.0000000000
951 -132.0000000000
962 -131.0000000000
970 -130.0000000000
983 -129.0000000000
1000 -128.0000000000
1005 -127.0000000000
1011 -126.0000000000
1017 -125.0000000000
1021 -124.0000000000
1047 -123.0000000000
1049 -122.0000000000
1050 -121.0000000000
1063 -119.0000000000
1068 -118.0000000000
1073 -117.0000000000
1075 -116.0000000000
1080 -115.0000000000
1092 -113.0000000000
1093 -112.0000000000
1108 -111.0000000000
1117 -110.0000000000
1135 -109.0000000000
1163 -108.0000000000
1167 -107.0000000000
1174 -106.0000000000
1190 -105.0000000000
1194 -104.0000000000
1213 -103.0000000000
1214 -102.0000000000
1245 -101.0000000000
1247 -100.0000000000
1278 -99.0000000000
1284 -97.0000000000
1285 -96.0000000000
1286 -95.0000000000
1293 -93.0000000000
1330 -92.0000000000
1338 -91.0000000000
1370 -90.0000000000
1375 -89.0000000000
1385 -88.0000000000
1388 -87.0000000000
1410 -86.0000000000
1449 -85.0000000000
1455 -84.0000000000
1507 -83.0000000000
1540 -82.0000000000
1565 -81.0000000000
1575 -80.0000000000
1578 -79.0000000000
1585 -78.0000000000
1600 -76.0000000000
1608 -75.0000000000
1633 -74.0000000000
1656 -72.0000000000
1669 -71.0000000000
1688 -70.0000000000
1700 -69.0000000000
1717 -68.0000000000
1718 -67.0000000000
1764 -65.0000000000
1767 -64.0000000000
1785 -63.0000000000
1788 -61.0000000000
1817 -60.0000000000
1824 -59.0000000000
1828 -58.0000000000
1847 -57.0000000000
1895 -56.0000000000
1896 -55.0000000000
1902 -54.0000000000
1917 -53.0000000000
1961 -52.0000000000
1995 -51.0000000000
1996 -50.0000000000
1997 -49.0000000000
2009 -48.0000000000
2021 -47.0000000000
2039 -46.0000000000
2070 -45.0000000000
2079 -44.0000000000
2130 -43.0000000000
2142 -42.0000000000
2144 -41.0000000000
2235 -40.0000000000
2261 -39.0000000000
2303 -38.0000000000
2348 -37.0000000000
2361 -36.0000000000
2433 -35.0000000000
2485 -34.0000000000
2491 -33.0000000000
2585 -32.0000000000
2597 -30.0000000000
2668 -29.0000000000
2701 -28.0000000000
2705 -27.0000000000
2710 -25.0000000000
2712 -24.0000000000
2789 -22.0000000000
2824 -21.0000000000
2879 -20.0000000000
2949 -19.0000000000
2992 -18.0000000000
3061 -17.0000000000
3090 -16.0000000000
3102 -15.0000000000
3140 -14.0000000000
3151 -12.0000000000
3191 -11.0000000000
3269 -10.0000000000
3311 -9.0000000000
3419 -8.0000000000
3567 -7.0000000000
3616 -6.0000000000
3657 -5.0000000000
3687 -4.0000000000
3706 -3.0000000000
4056 -2.0000000000
4195 -1.0000000000
4280 494.0000000000
5019 497.0000000000
5152 502.0000000000
6093 506.0000000000
6765 508.0000000000
6978 511.0000000000
8169 515.0000000000
8391 516.0000000000
11009 518.0000000000
11077 519.0000000000
11089 529.0000000000
12663 530.0000000000
18157 537.0000000000
20492 540.0000000000
20849 541.0000000000
21541 544.0000000000
29700 547.0000000000
31706 548.0000000000
33299 551.0000000000
90280 555.0000000000
100000 555.0000000000
evaluations raw_y
1 -303.0000000000
2 -302.0000000000
5 -301.0000000000
7 -300.0000000000
11 -299.0000000000
13 -298.0000000000
15 -297.0000000000
18 -296.0000000000
22 -295.0000000000
29 -294.0000000000
35 -293.0000000000
37 -292.0000000000
39 -291.0000000000
44 -289.0000000000
49 -288.0000000000
57 -287.0000000000
59 -286.0000000000
71 -285.0000000000
75 -284.0000000000
79 -282.0000000000
81 -281.0000000000
84 -280.0000000000
85 -279.0000000000
89 -278.0000000000
90 -277.0000000000
98 -276.0000000000
104 -275.0000000000
105 -274.0000000000
106 -273.0000000000
111 -271.0000000000
112 -270.0000000000
114 -267.0000000000
115 -266.0000000000
125 -265.0000000000
131 -264.0000000000
133 -262.0000000000
137 -261.0000000000
138 -260.0000000000
141 -258.0000000000
142 -257.0000000000
143 -256.0000000000
148 -255.0000000000
149 -253.0000000000
152 -252.0000000000
154 -251.0000000000
156 -250.0000000000
160 -249.0000000000
173 -248.0000000000
179 -247.0000000000
182 -246.0000000000
189 -244.0000000000
204 -243.0000000000
216 -242.0000000000
218 -241.0000000000
225 -240.0000000000
228 -239.0000000000
231 -238.0000000000
235 -237.0000000000
236 -236.0000000000
244 -235.0000000000
251 -234.0000000000
252 -232.0000000000
256 -231.0000000000
263 -230.0000000000
277 -229.0000000000
280 -228.0000000000
283 -227.0000000000
288 -226.0000000000
289 -223.0000000000
290 -222.0000000000
297 -220.0000000000
301 -218.0000000000
308 -217.0000000000
316 -215.0000000000
318 -214.0000000000
319 -213.0000000000
322 -212.0000000000
324 -211.0000000000
325 -210.0000000000
328 -209.0000000000
333 -208.0000000000
338 -207.0000000000
340 -206.0000000000
351 -205.0000000000
352 -204.0000000000
370 -202.0000000000
371 -201.0000000000
376 -200.0000000000
386 -199.0000000000
393 -198.0000000000
402 -197.0000000000
405 -196.0000000000
408 -195.0000000000
410 -194.0000000000
419 -193.0000000000
431 -192.0000000000
432 -191.0000000000
433 -190.0000000000
435 -189.0000000000
436 -188.0000000000
457 -186.0000000000
466 -185.0000000000
483 -184.0000000000
492 -183.0000000000
493 -182.0000000000
498 -181.0000000000
501 -179.0000000000
508 -176.0000000000
516 -175.0000000000
523 -174.0000000000
539 -173.0000000000
550 -172.0000000000
557 -170.0000000000
584 -169.0000000000
586 -168.0000000000
589 -166.0000000000
595 -165.0000000000
600 -164.0000000000
611 -163.0000000000
640 -162.0000000000
654 -161.0000000000
656 -160.0000000000
657 -158.0000000000
682 -157.0000000000
691 -156.0000000000
701 -154.0000000000
702 -153.0000000000
705 -152.0000000000
706 -151.0000000000
714 -150.0000000000
720 -149.0000000000
727 -148.0000000000
728 -147.0000000000
733 -146.0000000000
735 -145.0000000000
758 -144.0000000000
773 -143.0000000000
782 -142.0000000000
801 -141.0000000000
809 -139.0000000000
818 -138.0000000000
835 -137.0000000000
848 -136.0000000000
849 -134.0000000000
852 -133.0000000000
860 -132.0000000000
879 -131.0000000000
880 -130.0000000000
899 -129.0000000000
907 -128.0000000000
919 -127.0000000000
922 -125.0000000000
933 -124.0000000000
937 -123.0000000000
943 -122.0000000000
950 -121.0000000000
971 -120.0000000000
1004 -119.0000000000
1012 -118.0000000000
1013 -117.0000000000
1021 -116.0000000000
1052 -114.0000000000
1056 -113.0000000000
1068 -112.0000000000
1073 -111.0000000000
1080 -110.0000000000
1081 -109.0000000000
1085 -108.0000000000
1093 -107.0000000000
1099 -106.0000000000
1107 -104.0000000000
1129 -103.0000000000
1137 -102.0000000000
1141 -101.0000000000
1192 -100.0000000000
1208 -99.0000000000
1209 -98.0000000000
1226 -97.0000000000
1234 -95.0000000000
1235 -94.0000000000
1238 -93.0000000000
1242 -92.0000000000
1249 -91.0000000000
1290 -90.0000000000
1299 -89.0000000000
1321 -88.0000000000
1339 -87.0000000000
1342 -86.0000000000
1349 -84.0000000000
1356 -83.0000000000
1379 -82.0000000000
1400 -81.0000000000
1431 -80.0000000000
1432 -79.0000000000
1439 -78.0000000000
1440 -77.0000000000
1463 -76.0000000000
1468 -75.0000000000
1471 -74.0000000000
1474 -73.0000000000
1487 -72.0000000000
1512 -71.0000000000
1538 -70.0000000000
1546 -69.0000000000
1567 -68.0000000000
1568 -67.0000000000
1586 -66.0000000000
1622 -65.0000000000
1624 -64.0000000000
1625 -63.0000000000
1644 -62.0000000000
1649 -61.0000000000
1665 -60.0000000000
1667 -59.0000000000
1722 -58.0000000000
1755 -57.0000000000
1760 -56.0000000000
1768 -55.0000000000
1781 -54.0000000000
1799 -53.0000000000
1861 -52.0000000000
1887 -51.0000000000
1891 -50.0000000000
1899 -49.0000000000
1927 -48.0000000000
1937 -47.0000000000
2047 -46.0000000000
2048 -45.0000000000
2060 -44.0000000000
2086 -43.0000000000
2087 -42.0000000000
2098 -41.0000000000
2126 -40.0000000000
2145 -39.0000000000
2147 -38.0000000000
2153 -37.0000000000
2164 -36.0000000000
2167 -35.0000000000
2228 -34.0000000000
2263 -33.0000000000
2305 -32.0000000000
2312 -31.0000000000
2323 -30.0000000000
2360 -29.0000000000
2445 -28.0000000000
2453 -27.0000000000
2484 -26.0000000000
2494 -25.0000000000
2726 -24.0000000000
2925 -23.0000000000
2959 -22.0000000000
3021 -21.0000000000
3037 -20.0000000000
3117 -19.0000000000
3122 -18.0000000000
3228 -17.0000000000
3250 -16.0000000000
3258 -15.0000000000
3348 -14.0000000000
3384 -13.0000000000
3482 -12.0000000000
3678 -11.0000000000
3741 -10.0000000000
3773 -9.0000000000
4150 -8.0000000000
4222 -7.0000000000
4344 -6.0000000000
4391 -5.0000000000
4634 -4.0000000000
4873 -3.0000000000
4890 -2.0000000000
4902 -1.0000000000
5087 501.0000000000
5795 505.0000000000
5859 525.0000000000
6483 529.0000000000
8013 534.0000000000
14447 539.0000000000
15379 540.0000000000
20528 541.0000000000
82359 544.0000000000
96409 547.0000000000
100000 -1.0000000000
evaluations raw_y
1 -272.0000000000
2 -271.0000000000
5 -269.0000000000
6 -267.0000000000
7 -266.0000000000
14 -265.0000000000
16 -264.0000000000
17 -262.0000000000
21 -261.0000000000
27 -260.0000000000
31 -259.0000000000
34 -258.0000000000
39 -257.0000000000
53 -256.0000000000
55 -255.0000000000
67 -254.0000000000
69 -253.0000000000
73 -252.0000000000
74 -249.0000000000
77 -248.0000000000
86 -247.0000000000
88 -246.0000000000
89 -245.0000000000
90 -244.0000000000
91 -243.0000000000
102 -242.0000000000
104 -241.0000000000
105 -240.0000000000
114 -239.0000000000
123 -238.0000000000
126 -236.0000000000
127 -234.0000000000
136 -233.0000000000
150 -232.0000000000
153 -231.0000000000
157 -230.0000000000
180 -229.0000000000
190 -228.0000000000
195 -227.0000000000
196 -226.0000000000
197 -225.0000000000
198 -224.0000000000
200 -222.0000000000
214 -221.0000000000
225 -220.0000000000
230 -219.0000000000
231 -218.0000000000
235 -217.0000000000
238 -216.0000000000
242 -215.0000000000
244 -214.0000000000
257 -213.0000000000
261 -212.0000000000
263 -210.0000000000
267 -208.0000000000
288 -206.0000000000
299 -205.0000000000
308 -204.0000000000
322 -202.0000000000
325 -201.0000000000
335 -200.0000000000
338 -199.0000000000
356 -198.0000000000
359 -197.0000000000
362 -196.0000000000
364 -195.0000000000
369 -194.0000000000
381 -193.0000000000
382 -192.0000000000
386 -191.0000000000
389 -190.0000000000
391 -188.0000000000
398 -187.0000000000
415 -186.0000000000
423 -185.0000000000
425 -184.0000000000
429 -183.0000000000
442 -182.0000000000
446 -181.0000000000
447 -180.0000000000
450 -179.0000000000
466 -178.0000000000
469 -177.0000000000
488 -176.0000000000
505 -175.0000000000
506 -174.0000000000
518 -173.0000000000
522 -172.0000000000
532 -171.0000000000
542 -170.0000000000
548 -169.0000000000
550 -168.0000000000
558 -167.0000000000
573 -166.0000000000
593 -165.0000000000
608 -164.0000000000
610 -163.0000000000
612 -162.0000000000
625 -161.0000000000
626 -159.0000000000
627 -158.0000000000
639 -157.0000000000
643 -156.0000000000
648 -155.0000000000
653 -154.0000000000
658 -153.0000000000
664 -151.0000000000
665 -149.0000000000
668 -148.0000000000
671 -147.0000000000
681 -146.0000000000
699 -145.0000000000
705 -144.0000000000
713 -143.0000000000
714 -141.0000000000
717 -140.0000000000
721 -138.0000000000
740 -137.0000000000
747 -136.0000000000
784 -134.0000000000
790 -133.0000000000
792 -132.0000000000
829 -131.0000000000
834 -130.0000000000
840 -129.0000000000
874 -128.0000000000
884 -127.0000000000
890 -126.0000000000
891 -125.0000000000
895 -124.0000000000
915 -123.0000000000
924 -122.0000000000
930 -121.0000000000
933 -119.0000000000
956 -118.0000000000
960 -117.0000000000
962 -116.0000000000
969 -115.0000000000
973 -114.0000000000
977 -112.0000000000
987 -111.0000000000
990 -110.0000000000
1013 -109.0000000000
1030 -108.0000000000
1061 -107.0000000000
1080 -106.0000000000
1090 -105.0000000000
1097 -104.0000000000
1106 -103.0000000000
1108 -102.0000000000
1115 -101.0000000000
1117 -100.0000000000
1128 -99.0000000000
1154 -98.0000000000
1168 -97.0000000000
1193 -96.0000000000
1201 -95.0000000000
1217 -94.0000000000
1220 -93.0000000000
1231 -92.0000000000
1234 -91.0000000000
1243 -90.0000000000
1252 -89.0000000000
1254 -88.0000000000
1256 -87.0000000000
1263 -86.0000000000
1271 -85.0000000000
1290 -84.0000000000
1295 -83.0000000000
1313 -82.0000000000
1367 -81.0000000000
1375 -80.0000000000
1386 -79.0000000000
1421 -78.0000000000
1427 -77.0000000000
1436 -75.0000000000
1504 -74.0000000000
1508 -73.0000000000
1518 -72.0000000000
1553 -71.0000000000
1561 -70.0000000000
1590 -69.0000000000
1608 -68.0000000000
1609 -67.0000000000
1620 -66.0000000000
1628 -65.0000000000
1643 -64.0000000000
1704 -63.0000000000
1705 -62.0000000000
1722 -60.0000000000
1743 -59.0000000000
1840 -58.0000000000
1882 -57.0000000000
1908 -56.0000000000
1909 -55.0000000000
1922 -54.0000000000
1933 -53.0000000000
1948 -52.0000000000
1958 -51.0000000000
1976 -50.0000000000
2001 -49.0000000000
2004 -48.0000000000
2016 -47.0000000000
2026 -46.0000000000
2074 -45.0000000000
2105 -44.0000000000
2183 -43.0000000000
2191 -42.0000000000
2192 -40.0000000000
2215 -39.0000000000
2223 -38.0000000000
2298 -37.0000000000
2369 -36.0000000000
2425 -35.0000000000
2457 -32.0000000000
2517 -31.0000000000
2528 -30.0000000000
2552 -29.0000000000
2588 -28.0000000000
2626 -27.0000000000
2627 -26.0000000000
2649 -25.0000000000
2756 -24.0000000000
2894 -23.0000000000
2926 -22.0000000000
2947 -21.0000000000
3000 -20.0000000000
3094 -19.0000000000
3149 -18.0000000000
3230 -17.0000000000
3282 -16.0000000000
3296 -15.0000000000
3368 -14.0000000000
3401 -13.0000000000
3451 -12.0000000000
3583 -11.0000000000
3626 -10.0000000000
3668 -9.0000000000
3680 -8.0000000000
4009 -7.0000000000
4047 -6.0000000000
4121 -5.0000000000
4166 -4.0000000000
4639 -3.0000000000
4794 -2.0000000000
4919 -1.0000000000
5075 501.0000000000
5105 515.0000000000
5425 523.0000000000
8143 530.0000000000
11248 536.0000000000
13775 537.0000000000
18350 538.0000000000
20613 541.0000000000
23604 542.0000000000
24533 545.0000000000
26107 549.0000000000
27822 554.0000000000
81587 555.0000000000
100000 -3.0000000000
evaluations raw_y
1 -298.0000000000
5 -297.0000000000
7 -296.0000000000
25 -295.0000000000
39 -294.0000000000
42 -293.0000000000
44 -290.0000000000
46 -289.0000000000
50 -287.0000000000
53 -286.0000000000
56 -284.0000000000
59 -280.0000000000
60 -279.0000000000
61 -278.0000000000
63 -277.0000000000
64 -276.0000000000
71 -275.0000000000
73 -274.0000000000
83 -273.0000000000
87 -272.0000000000
88 -271.0000000000
93 -270.0000000000
94 -269.0000000000
98 -268.0000000000
99 -267.0000000000
103 -266.0000000000
110 -265.0000000000
114 -264.0000000000
116 -262.0000000000
120 -261.0000000000
139 -260.0000000000
145 -258.0000000000
150 -257.0000000000
151 -256.0000000000
153 -255.0000000000
155 -254.0000000000
158 -253.0000000000
160 -252.0000000000
173 -251.0000000000
180 -249.0000000000
183 -248.0000000000
185 -247.0000000000
197 -246.0000000000
201 -245.0000000000
202 -244.0000000000
204 -243.0000000000
206 -242.0000000000
209 -240.0000000000
213 -239.0000000000
216 -238.0000000000
218 -237.0000000000
221 -235.0000000000
222 -234.0000000000
229 -232.0000000000
237 -231.0000000000
241 -230.0000000000
244 -229.0000000000
245 -228.0000000000
248 -227.0000000000
256 -226.0000000000
258 -225.0000000000
264 -223.0000000000
268 -222.0000000000
272 -221.0000000000
276 -220.0000000000
277 -219.0000000000
280 -218.0000000000
281 -217.0000000000
286 -216.0000000000
293 -214.0000000000
294 -213.0000000000
296 -212.0000000000
297 -211.0000000000
303 -210.0000000000
308 -209.0000000000
314 -208.0000000000
320 -206.0000000000
322 -205.0000000000
328 -204.0000000000
336 -202.0000000000
341 -201.0000000000
347 -200.0000000000
348 -199.0000000000
352 -198.0000000000
364 -197.0000000000
380 -196.0000000000
381 -195.0000000000
387 -194.0000000000
389 -193.0000000000
390 -191.0000000000
393 -189.0000000000
398 -188.0000000000
409 -186.0000000000
416 -185.0000000000
419 -184.0000000000
425 -183.0000000000
427 -182.0000000000
437 -180.0000000000
448 -178.0000000000
452 -177.0000000000
460 -176.0000000000
461 -175.0000000000
462 -174.0000000000
464 -173.0000000000
473 -172.0000000000
492 -171.0000000000
494 -170.0000000000
515 -169.0000000000
527 -168.0000000000
531 -167.0000000000
532 -165.0000000000
548 -164.0000000000
549 -163.0000000000
551 -162.0000000000
552 -161.0000000000
556 -160.0000000000
565 -159.0000000000
575 -157.0000000000
577 -156.0000000000
604 -155.0000000000
612 -154.0000000000
616 -153.0000000000
628 -152.0000000000
638 -151.0000000000
639 -150.0000000000
650 -149.0000000000
660 -148.0000000000
673 -147.0000000000
684 -146.0000000000
694 -145.0000000000
699 -144.0000000000
703 -143.0000000000
722 -141.0000000000
747 -140.0000000000
751 -139.0000000000
756 -138.0000000000
761 -137.0000000000
767 -136.0000000000
774 -135.0000000000
792 -134.0000000000
803 -133.0000000000
851 -132.0000000000
866 -131.0000000000
921 -130.0000000000
931 -129.0000000000
932 -128.0000000000
940 -127.0000000000
958 -126.0000000000
972 -125.0000000000
974 -124.0000000000
982 -123.0000000000
984 -122.0000000000
987 -121.0000000000
989 -120.0000000000
1003 -119.0000000000
1005 -118.0000000000
1010 -117.0000000000
1013 -116.0000000000
1021 -115.0000000000
1036 -114.0000000000
1054 -113.0000000000
1061 -112.0000000000
1106 -110.0000000000
1109 -109.0000000000
1137 -108.0000000000
1145 -106.0000000000
1148 -105.0000000000
1153 -104.0000000000
1154 -103.0000000000
1164 -102.0000000000
1176 -101.0000000000
1185 -100.0000000000
1201 -99.0000000000
1203 -98.0000000000
1204 -97.0000000000
1208 -96.0000000000
1209 -94.0000000000
1213 -92.0000000000
1247 -91.0000000000
1251 -90.0000000000
1263 -89.0000000000
1268 -88.0000000000
1276 -87.0000000000
1279 -86.0000000000
1289 -85.0000000000
1305 -84.0000000000
1306 -83.0000000000
1307 -82.0000000000
1361 -81.0000000000
1365 -80.0000000000
1367 -79.0000000000
1425 -78.0000000000
1482 -77.0000000000
1500 -76.0000000000
1503 -75.0000000000
1540 -74.0000000000
1560 -73.0000000000
1585 -72.0000000000
1588 -71.0000000000
1596 -70.0000000000
1609 -69.0000000000
1626 -68.0000000000
1667 -67.0000000000
1702 -66.0000000000
1716 -65.0000000000
1718 -64.0000000000
1727 -63.0000000000
1734 -62.0000000000
1740 -61.0000000000
1753 -60.0000000000
1765 -59.0000000000
1808 -58.0000000000
1810 -57.0000000000
1813 -56.0000000000
1820 -55.0000000000
1821 -54.0000000000
1842 -53.0000000000
1843 -52.0000000000
1845 -51.0000000000
1854 -50.0000000000
1884 -49.0000000000
1896 -48.0000000000
1907 -47.0000000000
1908 -46.0000000000
1942 -44.0000000000
1998 -43.0000000000
2076 -42.0000000000
2105 -41.0000000000
2110 -40.0000000000
2112 -39.0000000000
2123 -38.0000000000
2154 -37.0000000000
2173 -36.0000000000
2204 -35.0000000000
2221 -34.0000000000
2233 -33.0000000000
2288 -32.0000000000
2314 -31.0000000000
2333 -30.0000000000
2336 -29.0000000000
2392 -28.0000000000
2404 -27.0000000000
2423 -26.0000000000
2429 -25.0000000000
2450 -24.0000000000
2463 -23.0000000000
2480 -22.0000000000
2685 -21.0000000000
2697 -20.0000000000
2753 -19.0000000000
2806 -18.0000000000
2807 -16.0000000000
2851 -15.0000000000
2869 -14.0000000000
2870 -13.0000000000
3007 -12.0000000000
3098 -11.0000000000
3240 -10.0000000000
3258 -9.0000000000
3353 -8.0000000000
3403 -7.0000000000
3637 -6.0000000000
3660 -5.0000000000
3897 -4.0000000000
3974 -3.0000000000
4119 -2.0000000000
4138 -1.0000000000
4396 504.0000000000
5108 508.0000000000
5115 519.0000000000
5543 525.0000000000
5585 527.0000000000
8262 528.0000000000
11582 529.0000000000
18597 532.0000000000
23650 534.0000000000
34247 540.0000000000
44138 546.0000000000
50442 549.0000000000
69487 550.0000000000
73449 551.0000000000
100000 -1.0000000000
evaluations raw_y
1 -286.0000000000
3 -285.0000000000
9 -284.0000000000
13 -283.0000000000
15 -282.0000000000
21 -280.0000000000
24 -278.0000000000
30 -277.0000000000
36 -275.0000000000
40 -273.0000000000
44 -272.0000000000
50 -271.0000000000
53 -270.0000000000
54 -269.0000000000
57 -268.0000000000
74 -267.0000000000
79 -265.0000000000
81 -264.0000000000
87 -263.0000000000
95 -262.0000000000
105 -261.0000000000
107 -260.0000000000
113 -259.0000000000
115 -258.0000000000
119 -256.0000000000
120 -253.0000000000
121 -252.0000000000
126 -250.0000000000
132 -249.0000000000
134 -246.0000000000
135 -245.0000000000
137 -244.0000000000
148 -243.0000000000
153 -242.0000000000
155 -241.0000000000
158 -240.0000000000
162 -237.0000000000
171 -236.0000000000
172 -235.0000000000
173 -234.0000000000
175 -233.0000000000
177 -232.0000000000
179 -231.0000000000
182 -230.0000000000
183 -229.0000000000
184 -226.0000000000
186 -225.0000000000
189 -223.0000000000
194 -222.0000000000
197 -221.0000000000
198 -220.0000000000
206 -217.0000000000
213 -216.0000000000
217 -215.0000000000
219 -214.0000000000
221 -213.0000000000
228 -212.0000000000
229 -211.0000000000
233 -210.0000000000
240 -209.0000000000
244 -208.0000000000
249 -207.0000000000
252 -206.0000000000
254 -205.0000000000
262 -204.0000000000
266 -203.0000000000
267 -202.0000000000
268 -201.0000000000
297 -200.0000000000
302 -199.0000000000
305 -198.0000000000
307 -196.0000000000
310 -194.0000000000
318 -193.0000000000
320 -192.0000000000
321 -191.0000000000
337 -190.0000000000
338 -189.0000000000
340 -187.0000000000
357 -186.0000000000
378 -185.0000000000
379 -184.0000000000
391 -183.0000000000
392 -182.0000000000
393 -181.0000000000
395 -180.0000000000
401 -179.0000000000
419 -178.0000000000
423 -177.0000000000
426 -176.0000000000
432 -175.0000000000
439 -174.0000000000
443 -173.0000000000
444 -172.0000000000
445 -171.0000000000
447 -170.0000000000
453 -168.0000000000
469 -167.0000000000
475 -166.0000000000
476 -165.0000000000
478 -164.0000000000
485 -163.0000000000
490 -162.0000000000
491 -161.0000000000
493 -160.0000000000
496 -159.0000000000
523 -158.0000000000
524 -157.0000000000
541 -156.0000000000
544 -154.0000000000
552 -153.0000000000
553 -152.0000000000
566 -151.0000000000
567 -150.0000000000
569 -149.0000000000
576 -148.0000000000
597 -147.0000000000
606 -146.0000000000
608 -145.0000000000
611 -144.0000000000
615 -143.0000000000
623 -142.0000000000
628 -141.0000000000
632 -140.0000000000
646 -139.0000000000
647 -138.0000000000
659 -137.0000000000
662 -136.0000000000
664 -134.0000000000
680 -133.0000000000
684 -132.0000000000
690 -131.0000000000
692 -130.0000000000
693 -129.0000000000
702 -128.0000000000
722 -127.0000000000
727 -126.0000000000
728 -125.0000000000
738 -124.0000000000
747 -123.0000000000
748 -122.0000000000
751 -121.0000000000
764 -120.0000000000
788 -119.0000000000
793 -118.0000000000
797 -117.0000000000
834 -116.0000000000
844 -115.0000000000
850 -114.0000000000
859 -113.0000000000
892 -112.0000000000
903 -111.0000000000
923 -110.0000000000
927 -108.0000000000
930 -107.0000000000
939 -106.0000000000
945 -105.0000000000
952 -104.0000000000
971 -103.0000000000
982 -101.0000000000
989 -100.0000000000
992 -99.0000000000
1029 -98.0000000000
1049 -97.0000000000
1056 -96.0000000000
1067 -95.0000000000
1072 -94.0000000000
1077 -92.0000000000
1085 -91.0000000000
1088 -90.0000000000
1089 -89.0000000000
1094 -88.0000000000
1095 -87.0000000000
1097 -86.0000000000
1119 -85.0000000000
1122 -84.0000000000
1143 -83.0000000000
1191 -82.0000000000
1222 -81.0000000000
1225 -80.0000000000
1239 -79.0000000000
1255 -78.0000000000
1261 -77.0000000000
1298 -76.0000000000
1299 -75.0000000000
1304 -74.0000000000
1346 -73.0000000000
1376 -72.0000000000
1377 -71.0000000000
1383 -70.0000000000
1384 -69.0000000000
1410 -68.0000000000
1454 -67.0000000000
1498 -66.0000000000
1512 -65.0000000000
1547 -64.0000000000
1554 -63.0000000000
1571 -62.0000000000
1579 -61.0000000000
1599 -60.0000000000
1616 -59.0000000000
1654 -58.0000000000
1662 -57.0000000000
1673 -56.0000000000
1686 -55.0000000000
1698 -54.0000000000
1714 -53.0000000000
1733 -52.0000000000
1751 -51.0000000000
1755 -50.0000000000
1770 -49.0000000000
1837 -48.0000000000
1952 -47.0000000000
1956 -46.0000000000
2026 -45.0000000000
2034 -44.0000000000
2049 -43.0000000000
2054 -42.0000000000
2068 -41.0000000000
2094 -40.0000000000
2102 -39.0000000000
2135 -38.0000000000
2146 -37.0000000000
2158 -36.0000000000
2186 -35.0000000000
2226 -34.0000000000
2342 -32.0000000000
2372 -31.0000000000
2403 -30.0000000000
2446 -29.0000000000
2447 -28.0000000000
2450 -27.0000000000
2451 -26.0000000000
2474 -25.0000000000
2490 -24.0000000000
2603 -23.0000000000
2639 -22.0000000000
2688 -21.0000000000
2691 -20.0000000000
2867 -19.0000000000
2925 -18.0000000000
3016 -17.0000000000
3030 -16.0000000000
3104 -15.0000000000
3107 -14.0000000000
3140 -13.0000000000
3288 -12.0000000000
3364 -11.0000000000
3481 -10.0000000000
3482 -9.0000000000
3636 -8.0000000000
3669 -7.0000000000
3674 -6.0000000000
3981 -5.0000000000
4001 -4.0000000000
4057 -3.0000000000
4105 -2.0000000000
4399 -1.0000000000
4682 468.0000000000
4705 497.0000000000
4841 502.0000000000
5121 508.0000000000
7131 512.0000000000
7167 513.0000000000
7395 516.0000000000
7849 517.0000000000
7853 519.0000000000
9859 524.0000000000
12163 527.0000000000
12385 529.0000000000
14290 532.0000000000
17357 535.0000000000
17918 544.0000000000
26988 548.0000000000
33369 553.0000000000
100000 -1.0000000000
evaluations raw_y
1 -297.0000000000
7 -296.0000000000
13 -294.0000000000
15 -293.0000000000
17 -291.0000000000
25 -290.0000000000
30 -288.0000000000
36 -287.0000000000
38 -286.0000000000
43 -285.0000000000
52 -284.0000000000
54 -282.0000000000
70 -281.0000000000
71 -280.0000000000
72 -278.0000000000
75 -277.0000000000
81 -276.0000000000
84 -273.0000000000
91 -272.0000000000
93 -271.0000000000
100 -270.0000000000
102 -268.0000000000
110 -267.0000000000
111 -266.0000000000
117 -265.0000000000
118 -264.0000000000
120 -263.0000000000
121 -262.0000000000
123 -261.0000000000
126 -259.0000000000
127 -258.0000000000
128 -256.0000000000
144 -255.0000000000
146 -254.0000000000
150 -252.0000000000
153 -251.0000000000
156 -250.0000000000
161 -248.0000000000
165 -247.0000000000
167 -246.0000000000
171 -244.0000000000
172 -242.0000000000
173 -241.0000000000
181 -240.0000000000
183 -239.0000000000
184 -238.0000000000
199 -237.0000000000
200 -235.0000000000
203 -234.0000000000
204 -233.0000000000
209 -231.0000000000
216 -230.0000000000
223 -229.0000000000
224 -228.0000000000
227 -226.0000000000
229 -225.0000000000
232 -224.0000000000
234 -223.0000000000
244 -221.0000000000
249 -220.0000000000
251 -218.0000000000
255 -217.0000000000
256 -216.0000000000
260 -215.0000000000
265 -214.0000000000
266 -213.0000000000
280 -211.0000000000
289 -209.0000000000
295 -208.0000000000
299 -207.0000000000
300 -206.0000000000
307 -205.0000000000
310 -201.0000000000
320 -200.0000000000
322 -199.0000000000
337 -198.0000000000
352 -197.0000000000
357 -196.0000000000
359 -195.0000000000
361 -193.0000000000
362 -191.0000000000
364 -190.0000000000
372 -189.0000000000
379 -188.0000000000
391 -187.0000000000
407 -186.0000000000
408 -185.0000000000
415 -184.0000000000
425 -183.0000000000
440 -182.0000000000
446 -181.0000000000
453 -180.0000000000
471 -179.0000000000
479 -178.0000000000
481 -175.0000000000
490 -174.0000000000
491 -172.0000000000
492 -171.0000000000
499 -170.0000000000
501 -169.0000000000
505 -168.0000000000
506 -167.0000000000
514 -166.0000000000
516 -165.0000000000
524 -164.0000000000
530 -163.0000000000
532 -162.0000000000
534 -160.0000000000
537 -159.0000000000
542 -158.0000000000
550 -157.0000000000
552 -156.0000000000
554 -155.0000000000
556 -154.0000000000
570 -153.0000000000
571 -151.0000000000
584 -150.0000000000
586 -148.0000000000
590 -147.0000000000
591 -146.0000000000
597 -145.0000000000
601 -144.0000000000
627 -143.0000000000
638 -142.0000000000
650 -141.0000000000
667 -139.0000000000
677 -138.0000000000
688 -137.0000000000
706 -136.0000000000
723 -135.0000000000
726 -134.0000000000
728 -133.0000000000
741 -132.0000000000
742 -131.0000000000
755 -130.0000000000
768 -129.0000000000
772 -128.0000000000
785 -127.0000000000
794 -126.0000000000
796 -125.0000000000
798 -124.0000000000
799 -123.0000000000
802 -122.0000000000
809 -121.0000000000
823 -120.0000000000
826 -117.0000000000
836 -116.0000000000
848 -115.0000000000
860 -113.0000000000
862 -112.0000000000
871 -111.0000000000
875 -110.0000000000
895 -109.0000000000
897 -108.0000000000
908 -107.0000000000
917 -106.0000000000
920 -105.0000000000
921 -104.0000000000
959 -103.0000000000
963 -102.0000000000
984 -101.0000000000
986 -100.0000000000
991 -99.0000000000
1006 -98.0000000000
1015 -97.0000000000
1019 -96.0000000000
1040 -95.0000000000
1059 -94.0000000000
1062 -93.0000000000
1089 -92.0000000000
1091 -91.0000000000
1102 -90.0000000000
1103 -89.0000000000
1120 -88.0000000000
1170 -86.0000000000
1174 -85.0000000000
1183 -84.0000000000
1192 -83.0000000000
1194 -82.0000000000
1211 -81.0000000000
1244 -80.0000000000
1245 -79.0000000000
1269 -78.0000000000
1276 -77.0000000000
1296 -76.0000000000
1297 -75.0000000000
1360 -74.0000000000
1373 -73.0000000000
1387 -72.0000000000
1390 -70.0000000000
1432 -69.0000000000
1438 -68.0000000000
1441 -67.0000000000
1456 -65.0000000000
1491 -64.0000000000
1504 -63.0000000000
1532 -62.0000000000
1534 -61.0000000000
1549 -60.0000000000
1557 -59.0000000000
1560 -58.0000000000
1565 -57.0000000000
1639 -56.0000000000
1649 -55.0000000000
1674 -54.0000000000
1743 -53.0000000000
1762 -52.0000000000
1778 -51.0000000000
1784 -50.0000000000
1807 -49.0000000000
1828 -48.0000000000
1839 -46.0000000000
1897 -45.0000000000
1916 -44.0000000000
1951 -43.0000000000
1954 -42.0000000000
1955 -41.0000000000
1970 -40.0000000000
1973 -39.0000000000
2079 -38.0000000000
2091 -37.0000000000
2164 -36.0000000000
2212 -35.0000000000
2219 -34.0000000000
2246 -33.0000000000
2247 -32.0000000000
2302 -31.0000000000
2360 -30.0000000000
2425 -29.0000000000
2511 -28.0000000000
2533 -27.0000000000
2535 -26.0000000000
2566 -25.0000000000
2650 -24.0000000000
2660 -23.0000000000
2667 -22.0000000000
2738 -21.0000000000
2747 -20.0000000000
2781 -19.0000000000
2792 -17.0000000000
2809 -16.0000000000
2919 -15.0000000000
2946 -14.0000000000
2950 -13.0000000000
3062 -12.0000000000
3071 -11.0000000000
3211 -10.0000000000
3248 -9.0000000000
3267 -8.0000000000
3406 -7.0000000000
3823 -6.0000000000
4037 -5.0000000000
4110 -4.0000000000
4242 -3.0000000000
4301 -2.0000000000
4325 -1.0000000000
4888 490.0000000000
5340 501.0000000000
6046 504.0000000000
6837 514.0000000000
9682 517.0000000000
10883 520.0000000000
11390 526.0000000000
11755 527.0000000000
11913 529.0000000000
12312 530.0000000000
13178 533.0000000000
22830 538.0000000000
23773 539.0000000000
28421 542.0000000000
28611 546.0000000000
73004 547.0000000000
100000 -2.0000000000
evaluations raw_y
1 -299.0000000000
6 -298.0000000000
7 -297.0000000000
19 -296.0000000000
21 -294.0000000000
22 -292.0000000000
24 -291.0000000000
25 -290.0000000000
26 -289.0000000000
29 -288.0000000000
34 -287.0000000000
44 -286.0000000000
48 -285.0000000000
53 -283.0000000000
55 -282.0000000000
56 -281.0000000000
58 -279.0000000000
64 -278.0000000000
65 -275.0000000000
68 -274.0000000000
71 -273.0000000000
74 -272.0000000000
75 -271.0000000000
76 -270.0000000000
93 -269.0000000000
95 -267.0000000000
98 -265.0000000000
99 -264.0000000000
105 -263.0000000000
106 -261.0000000000
110 -260.0000000000
111 -259.0000000000
112 -258.0000000000
122 -256.0000000000
123 -255.0000000000
131 -254.0000000000
141 -253.0000000000
143 -252.0000000000
144 -251.0000000000
149 -250.0000000000
151 -249.0000000000
156 -248.0000000000
157 -247.0000000000
160 -245.0000000000
163 -244.0000000000
169 -242.0000000000
185 -241.0000000000
186 -240.0000000000
188 -239.0000000000
194 -238.0000000000
201 -236.0000000000
212 -235.0000000000
213 -234.0000000000
215 -233.0000000000
219 -232.0000000000
232 -231.0000000000
234 -230.0000000000
237 -229.0000000000
239 -228.0000000000
243 -227.0000000000
244 -226.0000000000
245 -225.0000000000
252 -224.0000000000
257 -223.0000000000
261 -222.0000000000
263 -220.0000000000
270 -218.0000000000
274 -217.0000000000
280 -214.0000000000
282 -213.0000000000
289 -210.0000000000
295 -209.0000000000
301 -208.0000000000
310 -207.0000000000
311 -206.0000000000
312 -205.0000000000
323 -204.0000000000
324 -203.0000000000
327 -202.0000000000
335 -201.0000000000
345 -200.0000000000
349 -199.0000000000
356 -198.0000000000
368 -196.0000000000
384 -195.0000000000
390 -193.0000000000
399 -192.0000000000
412 -190.0000000000
414 -189.0000000000
420 -188.0000000000
428 -187.0000000000
433 -186.0000000000
443 -185.0000000000
446 -184.0000000000
449 -183.0000000000
454 -182.0000000000
465 -181.0000000000
467 -180.0000000000
468 -178.0000000000
474 -177.0000000000
476 -176.0000000000
496 -175.0000000000
499 -174.0000000000
513 -173.0000000000
514 -172.0000000000
517 -171.0000000000
522 -170.0000000000
544 -169.0000000000
547 -168.0000000000
552 -167.0000000000
553 -166.0000000000
558 -165.0000000000
572 -164.0000000000
573 -162.0000000000
577 -161.0000000000
591 -159.0000000000
603 -158.0000000000
634 -157.0000000000
637 -156.0000000000
640 -154.0000000000
643 -153.0000000000
662 -152.0000000000
676 -151.0000000000
677 -150.0000000000
685 -149.0000000000
688 -148.0000000000
702 -147.0000000000
705 -146.0000000000
706 -145.0000000000
713 -144.0000000000
725 -143.0000000000
729 -141.0000000000
732 -140.0000000000
747 -139.0000000000
753 -138.0000000000
763 -137.0000000000
767 -136.0000000000
775 -135.0000000000
788 -134.0000000000
789 -133.0000000000
795 -132.0000000000
796 -131.0000000000
802 -130.0000000000
805 -129.0000000000
816 -128.0000000000
840 -126.0000000000
844 -125.0000000000
852 -124.0000000000
857 -123.0000000000
874 -121.0000000000
897 -120.0000000000
915 -118.0000000000
923 -117.0000000000
943 -116.0000000000
950 -115.0000000000
957 -113.0000000000
973 -112.0000000000
994 -111.0000000000
1008 -110.0000000000
1019 -109.0000000000
1027 -108.0000000000
1057 -107.0000000000
1082 -106.0000000000
1096 -105.0000000000
1100 -104.0000000000
1108 -103.0000000000
1128 -102.0000000000
1129 -101.0000000000
1144 -100.0000000000
1152 -99.0000000000
1153 -98.0000000000
1162 -96.0000000000
1173 -95.0000000000
1185 -94.0000000000
1198 -93.0000000000
1210 -92.0000000000
1239 -91.0000000000
1281 -90.0000000000
1289 -89.0000000000
1292 -88.0000000000
1293 -87.0000000000
1299 -86.0000000000
1300 -85.0000000000
1301 -84.0000000000
1339 -83.0000000000
1344 -82.0000000000
1345 -81.0000000000
1351 -80.0000000000
1364 -79.0000000000
1374 -78.0000000000
1382 -77.0000000000
1387 -76.0000000000
1394 -75.0000000000
1417 -74.0000000000
1437 -72.0000000000
1440 -71.0000000000
1460 -70.0000000000
1523 -68.0000000000
1537 -67.0000000000
1580 -66.0000000000
1586 -65.0000000000
1608 -64.0000000000
1649 -63.0000000000
1676 -62.0000000000
1684 -61.0000000000
1701 -60.0000000000
1717 -59.0000000000
1740 -57.0000000000
1751 -56.0000000000
1778 -55.0000000000
1799 -54.0000000000
1809 -53.0000000000
1829 -52.0000000000
1859 -51.0000000000
1868 -50.0000000000
1899 -49.0000000000
1951 -48.0000000000
1952 -47.0000000000
1992 -46.0000000000
2029 -45.0000000000
2033 -44.0000000000
2053 -43.0000000000
2066 -42.0000000000
2067 -41.0000000000
2086 -40.0000000000
2116 -39.0000000000
2163 -38.0000000000
2187 -37.0000000000
2218 -36.0000000000
2357 -35.0000000000
2398 -34.0000000000
2429 -33.0000000000
2433 -32.0000000000
2473 -31.0000000000
2565 -30.0000000000
2617 -29.0000000000
2619 -28.0000000000
2686 -27.0000000000
2704 -25.0000000000
2726 -24.0000000000
2739 -23.0000000000
2765 -22.0000000000
2772 -21.0000000000
2775 -20.0000000000
2861 -19.0000000000
2891 -18.0000000000
2893 -17.0000000000
2991 -16.0000000000
3016 -15.0000000000
3112 -14.0000000000
3141 -13.0000000000
3272 -12.0000000000
3287 -11.0000000000
3332 -10.0000000000
3438 -9.0000000000
3465 -8.0000000000
3489 -7.0000000000
3495 -6.0000000000
3550 -5.0000000000
4047 -4.0000000000
4066 -3.0000000000
4147 -2.0000000000
4155 -1.0000000000
4168 492.0000000000
4286 494.0000000000
4322 502.0000000000
5267 508.0000000000
6308 511.0000000000
10990 515.0000000000
11337 517.0000000000
11446 526.0000000000
11611 530.0000000000
14431 533.0000000000
17119 534.0000000000
18045 535.0000000000
18558 536.0000000000
36488 538.0000000000
39017 541.0000000000
47085 542.0000000000
53467 543.0000000000
54485 551.0000000000
55563 552.0000000000
57669 553.0000000000
67838 558.0000000000
100000 -2.0000000000
evaluations raw_y
1 -279.0000000000
2 -278.0000000000
6 -277.0000000000
8 -276.0000000000
11 -272.0000000000
21 -271.0000000000
24 -270.0000000000
34 -268.0000000000
45 -267.0000000000
46 -265.0000000000
49 -264.0000000000
50 -263.0000000000
54 -262.0000000000
59 -261.0000000000
60 -260.0000000000
63 -259.0000000000
68 -258.0000000000
72 -257.0000000000
73 -256.0000000000
74 -255.0000000000
77 -253.0000000000
78 -252.0000000000
84 -251.0000000000
91 -250.0000000000
95 -249.0000000000
96 -248.0000000000
97 -247.0000000000
98 -245.0000000000
102 -244.0000000000
107 -242.0000000000
108 -241.0000000000
109 -238.0000000000
113 -237.0000000000
115 -236.0000000000
118 -235.0000000000
122 -234.0000000000
125 -233.0000000000
130 -232.0000000000
133 -231.0000000000
138 -230.0000000000
141 -229.0000000000
142 -228.0000000000
153 -227.0000000000
155 -226.0000000000
163 -225.0000000000
170 -224.0000000000
173 -223.0000000000
175 -221.0000000000
177 -220.0000000000
187 -219.0000000000
191 -218.0000000000
192 -217.0000000000
196 -216.0000000000
197 -215.0000000000
205 -214.0000000000
213 -213.0000000000
214 -212.0000000000
233 -211.0000000000
242 -210.0000000000
243 -208.0000000000
246 -206.0000000000
254 -205.0000000000
262 -204.0000000000
263 -203.0000000000
269 -202.0000000000
270 -201.0000000000
272 -200.0000000000
279 -199.0000000000
295 -198.0000000000
300 -197.0000000000
311 -196.0000000000
319 -195.0000000000
323 -194.0000000000
337 -193.0000000000
345 -192.0000000000
356 -191.0000000000
359 -190.0000000000
362 -189.0000000000
365 -188.0000000000
387 -187.0000000000
390 -186.0000000000
392 -185.0000000000
394 -184.0000000000
397 -183.0000000000
399 -181.0000000000
407 -180.0000000000
408 -179.0000000000
410 -177.0000000000
415 -176.0000000000
416 -175.0000000000
417 -174.0000000000
435 -173.0000000000
439 -172.0000000000
441 -171.0000000000
448 -170.0000000000
457 -169.0000000000
465 -167.0000000000
478 -166.0000000000
491 -165.0000000000
499 -164.0000000000
502 -163.0000000000
505 -162.0000000000
512 -161.0000000000
526 -160.0000000000
536 -159.0000000000
546 -158.0000000000
565 -156.0000000000
573 -155.0000000000
574 -154.0000000000
577 -153.0000000000
578 -152.0000000000
580 -151.0000000000
586 -150.0000000000
588 -149.0000000000
591 -148.0000000000
592 -147.0000000000
594 -146.0000000000
623 -145.0000000000
645 -144.0000000000
649 -143.0000000000
655 -142.0000000000
664 -141.0000000000
668 -140.0000000000
670 -139.0000000000
681 -138.0000000000
704 -137.0000000000
711 -136.0000000000
725 -135.0000000000
728 -134.0000000000
743 -133.0000000000
773 -132.0000000000
774 -131.0000000000
776 -130.0000000000
785 -129.0000000000
786 -128.0000000000
792 -127.0000000000
822 -126.0000000000
825 -125.0000000000
831 -124.0000000000
835 -123.0000000000
836 -122.0000000000
843 -121.0000000000
844 -120.0000000000
860 -118.0000000000
872 -117.0000000000
873 -115.0000000000
881 -114.0000000000
884 -113.0000000000
888 -112.0000000000
898 -111.0000000000
905 -110.0000000000
908 -109.0000000000
936 -108.0000000000
962 -107.0000000000
988 -106.0000000000
997 -105.0000000000
1006 -104.0000000000
1041 -102.0000000000
1052 -101.0000000000
1072 -100.0000000000
1079 -99.0000000000
1086 -98.0000000000
1096 -97.0000000000
1104 -96.0000000000
1109 -94.0000000000
1112 -93.0000000000
1177 -92.0000000000
1191 -91.0000000000
1200 -90.0000000000
1216 -89.0000000000
1217 -88.0000000000
1221 -87.0000000000
1227 -86.0000000000
1260 -85.0000000000
1285 -84.0000000000
1304 -83.0000000000
1308 -82.0000000000
1327 -80.0000000000
1328 -79.0000000000
1364 -78.0000000000
1381 -77.0000000000
1400 -76.0000000000
1448 -75.0000000000
1453 -74.0000000000
1498 -73.0000000000
1518 -72.0000000000
1519 -70.0000000000
1524 -69.0000000000
1529 -68.0000000000
1540 -67.0000000000
1560 -65.0000000000
1565 -64.0000000000
1569 -63.0000000000
1593 -62.0000000000
1655 -61.0000000000
1676 -60.0000000000
1678 -59.0000000000
1692 -58.0000000000
1706 -57.0000000000
1741 -56.0000000000
1804 -55.0000000000
1825 -54.0000000000
1846 -53.0000000000
1861 -52.0000000000
1870 -51.0000000000
1878 -50.0000000000
1882 -49.0000000000
1884 -48.0000000000
1939 -47.0000000000
1954 -46.0000000000
2020 -45.0000000000
2075 -44.0000000000
2095 -43.0000000000
2097 -42.0000000000
2105 -41.0000000000
2115 -40.0000000000
2133 -39.0000000000
2136 -38.0000000000
2161 -37.0000000000
2167 -36.0000000000
2189 -35.0000000000
2202 -34.0000000000
2250 -33.0000000000
2285 -32.0000000000
2485 -31.0000000000
2559 -30.0000000000
2635 -29.0000000000
2650 -28.0000000000
2657 -27.0000000000
2719 -26.0000000000
2816 -25.0000000000
2846 -24.0000000000
2865 -23.0000000000
2875 -22.0000000000
2918 -21.0000000000
2990 -20.0000000000
3010 -19.0000000000
3060 -18.0000000000
3078 -17.0000000000
3110 -16.0000000000
3154 -15.0000000000
3199 -14.0000000000
3206 -13.0000000000
3225 -12.0000000000
3332 -11.0000000000
3409 -10.0000000000
3802 -9.0000000000
3813 -8.0000000000
3870 -7.0000000000
3882 -6.0000000000
3929 -5.0000000000
3990 -4.0000000000
3997 -3.0000000000
4077 -2.0000000000
4141 -1.0000000000
4251 498.0000000000
4432 499.0000000000
4629 500.0000000000
5425 506.0000000000
6640 511.0000000000
6931 514.0000000000
7295 515.0000000000
9661 516.0000000000
10068 517.0000000000
10548 520.0000000000
13216 521.0000000000
15638 527.0000000000
16800 533.0000000000
17574 535.0000000000
21585 538.0000000000
28262 541.0000000000
39212 542.0000000000
45481 546.0000000000
63112 548.0000000000
100000 -2.0000000000
evaluations raw_y
1 -302.0000000000
4 -301.0000000000
6 -299.0000000000
8 -298.0000000000
23 -297.0000000000
24 -296.0000000000
28 -295.0000000000
30 -294.0000000000
37 -293.0000000000
40 -291.0000000000
42 -290.0000000000
46 -289.0000000000
50 -287.0000000000
57 -286.0000000000
58 -285.0000000000
67 -284.0000000000
80 -283.0000000000
89 -282.0000000000
91 -281.0000000000
98 -280.0000000000
99 -279.0000000000
102 -278.0000000000
107 -277.0000000000
113 -276.0000000000
115 -275.0000000000
124 -274.0000000000
127 -273.0000000000
129 -272.0000000000
133 -271.0000000000
134 -269.0000000000
137 -268.0000000000
138 -266.0000000000
146 -265.0000000000
149 -263.0000000000
152 -262.0000000000
153 -261.0000000000
155 -260.0000000000
157 -259.0000000000
174 -258.0000000000
175 -257.0000000000
179 -256.0000000000
184 -255.0000000000
186 -252.0000000000
188 -251.0000000000
196 -249.0000000000
201 -248.0000000000
202 -247.0000000000
203 -245.0000000000
218 -244.0000000000
221 -243.0000000000
223 -242.0000000000
226 -241.0000000000
227 -240.0000000000
236 -238.0000000000
246 -236.0000000000
249 -234.0000000000
255 -232.0000000000
265 -231.0000000000
270 -230.0000000000
272 -229.0000000000
300 -228.0000000000
302 -227.0000000000
308 -226.0000000000
310 -224.0000000000
314 -223.0000000000
322 -222.0000000000
326 -221.0000000000
327 -220.0000000000
328 -218.0000000000
339 -217.0000000000
342 -216.0000000000
347 -215.0000000000
351 -214.0000000000
354 -213.0000000000
358 -212.0000000000
362 -211.0000000000
363 -210.0000000000
385 -209.0000000000
394 -208.0000000000
398 -207.0000000000
402 -206.0000000000
407 -205.0000000000
409 -204.0000000000
412 -203.0000000000
425 -202.0000000000
426 -201.0000000000
438 -200.0000000000
449 -197.0000000000
450 -196.0000000000
457 -195.0000000000
487 -194.0000000000
493 -193.0000000000
494 -192.0000000000
498 -191.0000000000
499 -190.0000000000
508 -189.0000000000
516 -188.0000000000
531 -187.0000000000
537 -186.0000000000
544 -185.0000000000
553 -184.0000000000
558 -183.0000000000
561 -182.0000000000
562 -181.0000000000
567 -180.0000000000
568 -179.0000000000
569 -178.0000000000
583 -177.0000000000
585 -176.0000000000
594 -175.0000000000
605 -174.0000000000
609 -173.0000000000
615 -172.0000000000
635 -171.0000000000
636 -170.0000000000
641 -169.0000000000
644 -168.0000000000
656 -167.0000000000
660 -166.0000000000
661 -165.0000000000
677 -163.0000000000
679 -162.0000000000
683 -161.0000000000
695 -160.0000000000
700 -159.0000000000
701 -158.0000000000
705 -156.0000000000
715 -155.0000000000
722 -154.0000000000
723 -153.0000000000
737 -152.0000000000
744 -150.0000000000
753 -149.0000000000
762 -148.0000000000
770 -147.0000000000
771 -146.0000000000
773 -145.0000000000
782 -144.0000000000
787 -143.0000000000
798 -142.0000000000
806 -140.0000000000
811 -138.0000000000
838 -136.0000000000
842 -134.0000000000
845 -133.0000000000
847 -132.0000000000
856 -131.0000000000
858 -130.0000000000
865 -129.0000000000
889 -128.0000000000
904 -127.0000000000
905 -126.0000000000
907 -125.0000000000
918 -123.0000000000
930 -122.0000000000
931 -121.0000000000
936 -120.0000000000
939 -119.0000000000
959 -118.0000000000
983 -117.0000000000
989 -116.0000000000
991 -115.0000000000
992 -114.0000000000
997 -113.0000000000
998 -112.0000000000
1003 -111.0000000000
1039 -110.0000000000
1040 -109.0000000000
1043 -108.0000000000
1067 -107.0000000000
1069 -106.0000000000
1073 -105.0000000000
1126 -104.0000000000
1133 -102.0000000000
1142 -101.0000000000
1147 -100.0000000000
1159 -99.0000000000
1182 -98.0000000000
1183 -97.0000000000
1187 -96.0000000000
1200 -93.0000000000
1213 -92.0000000000
1231 -91.0000000000
1264 -89.0000000000
1268 -88.0000000000
1318 -87.0000000000
1333 -86.0000000000
1369 -85.0000000000
1373 -84.0000000000
1386 -83.0000000000
1432 -81.0000000000
1464 -79.0000000000
1468 -78.0000000000
1503 -77.0000000000
1509 -76.0000000000
1512 -75.0000000000
1533 -74.0000000000
1536 -73.0000000000
1594 -72.0000000000
1627 -71.0000000000
1639 -70.0000000000
1652 -69.0000000000
1688 -68.0000000000
1698 -67.0000000000
1703 -66.0000000000
1707 -65.0000000000
1745 -64.0000000000
1749 -63.0000000000
1761 -62.0000000000
1764 -61.0000000000
1821 -60.0000000000
1845 -58.0000000000
1858 -57.0000000000
1882 -56.0000000000
1954 -55.0000000000
1972 -54.0000000000
1987 -53.0000000000
2054 -52.0000000000
2111 -51.0000000000
2114 -50.0000000000
2156 -49.0000000000
2168 -48.0000000000
2170 -47.0000000000
2200 -46.0000000000
2213 -45.0000000000
2216 -44.0000000000
2227 -43.0000000000
2241 -42.0000000000
2243 -41.0000000000
2249 -40.0000000000
2416 -39.0000000000
2423 -36.0000000000
2498 -35.0000000000
2502 -34.0000000000
2571 -33.0000000000
2586 -32.0000000000
2589 -31.0000000000
2639 -30.0000000000
2662 -29.0000000000
2926 -28.0000000000
2927 -27.0000000000
3009 -26.0000000000
3019 -25.0000000000
3027 -24.0000000000
3028 -23.0000000000
3054 -22.0000000000
3115 -21.0000000000
3120 -20.0000000000
3121 -19.0000000000
3143 -18.0000000000
3150 -17.0000000000
3152 -16.0000000000
3215 -15.0000000000
3499 -14.0000000000
3526 -13.0000000000
3577 -12.0000000000
3605 -11.0000000000
3652 -10.0000000000
3723 -9.0000000000
3731 -8.0000000000
3770 -7.0000000000
4060 -6.0000000000
4063 -5.0000000000
4114 -4.0000000000
4159 -3.0000000000
4533 -2.0000000000
4637 -1.0000000000
4935 499.0000000000
5198 504.0000000000
6282 505.0000000000
7586 508.0000000000
8124 510.0000000000
8598 511.0000000000
9361 512.0000000000
10447 517.0000000000
12835 527.0000000000
13238 533.0000000000
15492 534.0000000000
18190 535.0000000000
23041 542.0000000000
27591 544.0000000000
41606 547.0000000000
63220 548.0000000000
94446 549.0000000000
100000 -2.0000000000
evaluations raw_y
1 -285.0000000000
6 -284.0000000000
8 -283.0000000000
12 -282.0000000000
16 -281.0000000000
17 -280.0000000000
22 -279.0000000000
24 -278.0000000000
28 -277.0000000000
34 -276.0000000000
41 -275.0000000000
42 -273.0000000000
44 -272.0000000000
47 -271.0000000000
51 -269.0000000000
53 -268.0000000000
57 -267.0000000000
60 -266.0000000000
66 -265.0000000000
68 -264.0000000000
70 -263.0000000000
72 -262.0000000000
73 -261.0000000000
77 -259.0000000000
85 -258.0000000000
90 -257.0000000000
96 -256.0000000000
98 -255.0000000000
100 -253.0000000000
109 -252.0000000000
112 -251.0000000000
126 -250.0000000000
128 -249.0000000000
134 -248.0000000000
135 -247.0000000000
136 -246.0000000000
138 -244.0000000000
146 -242.0000000000
170 -241.0000000000
171 -239.0000000000
172 -238.0000000000
173 -237.0000000000
179 -236.0000000000
181 -235.0000000000
183 -234.0000000000
185 -233.0000000000
188 -232.0000000000
197 -230.0000000000
198 -229.0000000000
200 -227.0000000000
211 -226.0000000000
217 -225.0000000000
220 -224.0000000000
225 -223.0000000000
231 -222.0000000000
233 -221.0000000000
234 -219.0000000000
236 -217.0000000000
240 -216.0000000000
241 -214.0000000000
245 -213.0000000000
251 -211.0000000000
257 -210.0000000000
258 -209.0000000000
261 -208.0000000000
263 -207.0000000000
270 -206.0000000000
277 -204.0000000000
296 -203.0000000000
302 -202.0000000000
308 -201.0000000000
317 -200.0000000000
321 -199.0000000000
323 -197.0000000000
324 -196.0000000000
348 -195.0000000000
351 -194.0000000000
363 -193.0000000000
372 -192.0000000000
380 -191.0000000000
391 -190.0000000000
392 -188.0000000000
396 -187.0000000000
398 -185.0000000000
402 -184.0000000000
403 -183.0000000000
405 -181.0000000000
408 -180.0000000000
413 -179.0000000000
415 -178.0000000000
416 -177.0000000000
419 -176.0000000000
427 -175.0000000000
440 -174.0000000000
443 -171.0000000000
444 -169.0000000000
445 -168.0000000000
448 -167.0000000000
450 -166.0000000000
451 -165.0000000000
459 -164.0000000000
472 -163.0000000000
491 -159.0000000000
496 -158.0000000000
507 -157.0000000000
513 -156.0000000000
524 -155.0000000000
545 -153.0000000000
563 -152.0000000000
566 -150.0000000000
572 -149.0000000000
581 -147.0000000000
588 -146.0000000000
593 -145.0000000000
597 -144.0000000000
598 -143.0000000000
603 -142.0000000000
613 -141.0000000000
616 -140.0000000000
619 -139.0000000000
628 -138.0000000000
650 -137.0000000000
654 -136.0000000000
659 -133.0000000000
667 -132.0000000000
691 -131.0000000000
696 -130.0000000000
705 -128.0000000000
707 -127.0000000000
709 -126.0000000000
718 -124.0000000000
720 -123.0000000000
727 -122.0000000000
744 -121.0000000000
755 -120.0000000000
763 -119.0000000000
780 -118.0000000000
801 -117.0000000000
805 -116.0000000000
817 -115.0000000000
820 -114.0000000000
839 -113.0000000000
856 -112.0000000000
866 -111.0000000000
867 -110.0000000000
878 -109.0000000000
883 -108.0000000000
916 -107.0000000000
924 -106.0000000000
925 -105.0000000000
929 -104.0000000000
930 -103.0000000000
948 -102.0000000000
950 -101.0000000000
955 -100.0000000000
961 -99.0000000000
964 -98.0000000000
968 -97.0000000000
976 -96.0000000000
989 -95.0000000000
1019 -94.0000000000
1020 -93.0000000000
1024 -92.0000000000
1030 -91.0000000000
1039 -90.0000000000
1055 -89.0000000000
1056 -87.0000000000
1059 -86.0000000000
1070 -85.0000000000
1073 -84.0000000000
1088 -83.0000000000
1091 -82.0000000000
1116 -81.0000000000
1123 -80.0000000000
1131 -79.0000000000
1133 -78.0000000000
1152 -77.0000000000
1161 -76.0000000000
1174 -75.0000000000
1179 -74.0000000000
1187 -73.0000000000
1189 -72.0000000000
1199 -71.0000000000
1202 -70.0000000000
1204 -68.0000000000
1211 -67.0000000000
1261 -66.0000000000
1277 -65.0000000000
1293 -64.0000000000
1299 -63.0000000000
1323 -62.0000000000
1326 -61.0000000000
1358 -60.0000000000
1365 -59.0000000000
1404 -58.0000000000
1414 -57.0000000000
1442 -56.0000000000
1478 -55.0000000000
1487 -54.0000000000
1559 -53.0000000000
1610 -52.0000000000
1626 -51.0000000000
1666 -50.0000000000
1698 -49.0000000000
1706 -48.0000000000
1764 -47.0000000000
1784 -46.0000000000
1789 -45.0000000000
1880 -44.0000000000
1968 -43.0000000000
1988 -42.0000000000
2016 -41.0000000000
2017 -40.0000000000
2038 -39.0000000000
2094 -38.0000000000
2107 -37.0000000000
2114 -36.0000000000
2117 -35.0000000000
2129 -34.0000000000
2132 -33.0000000000
2284 -32.0000000000
2347 -31.0000000000
2365 -30.0000000000
2368 -29.0000000000
2394 -28.0000000000
2472 -27.0000000000
2521 -26.0000000000
2524 -25.0000000000
2636 -24.0000000000
2638 -23.0000000000
2659 -22.0000000000
2689 -21.0000000000
2692 -20.0000000000
2846 -19.0000000000
2854 -18.0000000000
2856 -17.0000000000
2866 -16.0000000000
2880 -15.0000000000
2932 -14.0000000000
3146 -13.0000000000
3169 -12.0000000000
3244 -11.0000000000
3247 -9.0000000000
3299 -8.0000000000
3443 -7.0000000000
3670 -6.0000000000
3985 -5.0000000000
4103 -4.0000000000
4187 -3.0000000000
4191 -2.0000000000
4207 -1.0000000000
4223 496.0000000000
4523 498.0000000000
5969 505.0000000000
7938 509.0000000000
7947 515.0000000000
8764 518.0000000000
9693 525.0000000000
12044 530.0000000000
12551 537.0000000000
22323 538.0000000000
27477 539.0000000000
29268 544.0000000000
32507 546.0000000000
37685 547.0000000000
38528 550.0000000000
70356 553.0000000000
73837 555.0000000000
95013 557.0000000000
100000 -1.0000000000
evaluations raw_y
1 -267.0000000000
4 -265.0000000000
7 -264.0000000000
9 -263.0000000000
23 -262.0000000000
27 -260.0000000000
28 -259.0000000000
30 -258.0000000000
33 -256.0000000000
34 -255.0000000000
42 -253.0000000000
46 -251.0000000000
51 -250.0000000000
65 -249.0000000000
68 -248.0000000000
77 -247.0000000000
82 -246.0000000000
88 -245.0000000000
94 -244.0000000000
95 -243.0000000000
104 -242.0000000000
107 -241.0000000000
111 -240.0000000000
114 -238.0000000000
115 -237.0000000000
119 -236.0000000000
124 -233.0000000000
126 -232.0000000000
129 -231.0000000000
135 -230.0000000000
138 -229.0000000000
143 -228.0000000000
145 -227.0000000000
146 -226.0000000000
147 -224.0000000000
151 -223.0000000000
155 -222.0000000000
162 -221.0000000000
168 -220.0000000000
182 -219.0000000000
187 -218.0000000000
203 -217.0000000000
207 -216.0000000000
211 -215.0000000000
219 -214.0000000000
222 -213.0000000000
224 -211.0000000000
232 -210.0000000000
236 -209.0000000000
237 -208.0000000000
243 -206.0000000000
244 -205.0000000000
246 -204.0000000000
248 -203.0000000000
249 -202.0000000000
250 -201.0000000000
254 -200.0000000000
257 -199.0000000000
270 -198.0000000000
282 -197.0000000000
283 -196.0000000000
292 -195.0000000000
299 -194.0000000000
304 -193.0000000000
323 -192.0000000000
327 -191.0000000000
328 -190.0000000000
333 -188.0000000000
336 -187.0000000000
337 -185.0000000000
343 -184.0000000000
347 -183.0000000000
350 -182.0000000000
355 -181.0000000000
373 -180.0000000000
394 -179.0000000000
403 -178.0000000000
410 -177.0000000000
420 -176.0000000000
428 -175.0000000000
429 -174.0000000000
431 -173.0000000000
436 -172.0000000000
441 -171.0000000000
442 -170.0000000000
461 -169.0000000000
473 -168.0000000000
481 -167.0000000000
483 -165.0000000000
496 -164.0000000000
499 -160.0000000000
500 -159.0000000000
501 -158.0000000000
508 -157.0000000000
513 -156.0000000000
527 -155.0000000000
532 -152.0000000000
533 -151.0000000000
534 -148.0000000000
535 -147.0000000000
536 -146.0000000000
542 -145.0000000000
545 -144.0000000000
549 -143.0000000000
552 -142.0000000000
563 -141.0000000000
569 -140.0000000000
580 -138.0000000000
581 -137.0000000000
585 -135.0000000000
590 -134.0000000000
593 -133.0000000000
604 -132.0000000000
621 -131.0000000000
628 -130.0000000000
637 -129.0000000000
664 -128.0000000000
690 -127.0000000000
720 -126.0000000000
721 -125.0000000000
739 -124.0000000000
775 -123.0000000000
791 -122.0000000000
824 -121.0000000000
828 -120.0000000000
830 -119.0000000000
833 -118.0000000000
842 -117.0000000000
855 -116.0000000000
862 -115.0000000000
864 -114.0000000000
870 -113.0000000000
873 -112.0000000000
888 -111.0000000000
890 -109.0000000000
895 -108.0000000000
902 -107.0000000000
924 -106.0000000000
947 -105.0000000000
960 -104.0000000000
961 -103.0000000000
998 -102.0000000000
999 -101.0000000000
1000 -100.0000000000
1010 -98.0000000000
1024 -97.0000000000
1030 -96.0000000000
1031 -94.0000000000
1041 -92.0000000000
1043 -91.0000000000
1044 -90.0000000000
1065 -89.0000000000
1092 -88.0000000000
1118 -87.0000000000
1120 -86.0000000000
1133 -85.0000000000
1134 -84.0000000000
1139 -83.0000000000
1143 -81.0000000000
1154 -80.0000000000
1180 -79.0000000000
1211 -78.0000000000
1213 -77.0000000000
1223 -76.0000000000
1227 -75.0000000000
1233 -74.0000000000
1249 -73.0000000000
1292 -72.0000000000
1304 -71.0000000000
1326 -70.0000000000
1347 -69.0000000000
1366 -68.0000000000
1367 -67.0000000000
1395 -66.0000000000
1399 -65.0000000000
1433 -64.0000000000
1436 -63.0000000000
1437 -62.0000000000
1444 -61.0000000000
1485 -60.0000000000
1509 -59.0000000000
1515 -58.0000000000
1550 -57.0000000000
1572 -56.0000000000
1578 -55.0000000000
1611 -54.0000000000
1634 -53.0000000000
1689 -52.0000000000
1696 -51.0000000000
1732 -49.0000000000
1744 -48.0000000000
1833 -47.0000000000
1868 -46.0000000000
1889 -45.0000000000
1895 -44.0000000000
1907 -43.0000000000
1926 -42.0000000000
1951 -40.0000000000
1979 -39.0000000000
2101 -38.0000000000
2127 -37.0000000000
2128 -36.0000000000
2218 -35.0000000000
2275 -34.0000000000
2303 -33.0000000000
2320 -32.0000000000
2322 -31.0000000000
2340 -30.0000000000
2454 -29.0000000000
2517 -28.0000000000
2595 -27.0000000000
2632 -26.0000000000
2656 -25.0000000000
2684 -24.0000000000
2724 -23.0000000000
2796 -22.0000000000
2923 -21.0000000000
2966 -20.0000000000
3050 -19.0000000000
3090 -18.0000000000
3200 -17.0000000000
3331 -16.0000000000
3430 -15.0000000000
3435 -14.0000000000
3464 -13.0000000000
3521 -12.0000000000
3601 -11.0000000000
3667 -10.0000000000
3737 -9.0000000000
3845 -8.0000000000
3907 -7.0000000000
4165 -6.0000000000
4222 -5.0000000000
4266 -4.0000000000
4267 -3.0000000000
4281 -2.0000000000
4291 -1.0000000000
4346 500.0000000000
4363 507.0000000000
5911 511.0000000000
8731 514.0000000000
10582 517.0000000000
12317 519.0000000000
13816 522.0000000000
14401 526.0000000000
16445 537.0000000000
18807 538.0000000000
19507 540.0000000000
25425 544.0000000000
29764 547.0000000000
73646 549.0000000000
78388 550.0000000000
81375 552.0000000000
87047 553.0000000000
90557 554.0000000000
90822 555.0000000000
100000 -1.0000000000
evaluations raw_y
1 -290.0000000000
10 -288.0000000000
12 -285.0000000000
15 -283.0000000000
18 -282.0000000000
20 -281.0000000000
24 -280.0000000000
26 -279.0000000000
31 -278.0000000000
35 -277.0000000000
39 -276.0000000000
42 -275.0000000000
47 -274.0000000000
48 -272.0000000000
51 -271.0000000000
57 -270.0000000000
62 -269.0000000000
64 -268.0000000000
67 -267.0000000000
70 -266.0000000000
73 -265.0000000000
79 -264.0000000000
80 -262.0000000000
82 -261.0000000000
84 -260.0000000000
86 -259.0000000000
87 -258.0000000000
89 -257.0000000000
91 -255.0000000000
92 -253.0000000000
93 -251.0000000000
95 -250.0000000000
102 -249.0000000000
108 -248.0000000000
112 -247.0000000000
113 -246.0000000000
117 -245.0000000000
119 -244.0000000000
136 -243.0000000000
140 -242.0000000000
141 -240.0000000000
145 -239.0000000000
146 -238.0000000000
147 -237.0000000000
152 -234.0000000000
159 -233.0000000000
163 -232.0000000000
168 -231.0000000000
169 -229.0000000000
170 -228.0000000000
174 -226.0000000000
184 -225.0000000000
196 -223.0000000000
197 -222.0000000000
200 -221.0000000000
202 -220.0000000000
216 -219.0000000000
228 -218.0000000000
235 -217.0000000000
240 -216.0000000000
242 -215.0000000000
246 -214.0000000000
256 -213.0000000000
262 -212.0000000000
276 -211.0000000000
279 -210.0000000000
286 -209.0000000000
293 -208.0000000000
294 -207.0000000000
299 -205.0000000000
302 -204.0000000000
305 -203.0000000000
315 -202.0000000000
319 -200.0000000000
323 -199.0000000000
331 -198.0000000000
332 -196.0000000000
340 -195.0000000000
343 -193.0000000000
344 -192.0000000000
346 -190.0000000000
347 -189.0000000000
351 -188.0000000000
370 -186.0000000000
372 -185.0000000000
374 -184.0000000000
378 -183.0000000000
385 -182.0000000000
392 -181.0000000000
414 -180.0000000000
423 -179.0000000000
424 -178.0000000000
429 -177.0000000000
430 -175.0000000000
431 -174.0000000000
432 -173.0000000000
437 -172.0000000000
443 -171.0000000000
459 -170.0000000000
461 -168.0000000000
479 -167.0000000000
500 -166.0000000000
501 -165.0000000000
509 -164.0000000000
512 -163.0000000000
519 -161.0000000000
522 -160.0000000000
523 -159.0000000000
524 -158.0000000000
530 -157.0000000000
531 -155.0000000000
540 -154.0000000000
554 -153.0000000000
564 -152.0000000000
565 -151.0000000000
582 -149.0000000000
583 -148.0000000000
601 -147.0000000000
630 -146.0000000000
643 -145.0000000000
648 -144.0000000000
651 -143.0000000000
652 -142.0000000000
660 -141.0000000000
662 -140.0000000000
665 -139.0000000000
673 -138.0000000000
674 -137.0000000000
695 -136.0000000000
700 -135.0000000000
701 -134.0000000000
704 -133.0000000000
712 -132.0000000000
722 -131.0000000000
744 -130.0000000000
763 -129.0000000000
765 -128.0000000000
767 -127.0000000000
777 -126.0000000000
788 -125.0000000000
798 -124.0000000000
799 -123.0000000000
814 -122.0000000000
831 -121.0000000000
834 -119.0000000000
840 -118.0000000000
843 -117.0000000000
852 -116.0000000000
853 -115.0000000000
854 -114.0000000000
859 -113.0000000000
860 -112.0000000000
891 -110.0000000000
893 -108.0000000000
908 -107.0000000000
963 -106.0000000000
984 -104.0000000000
997 -103.0000000000
1029 -102.0000000000
1068 -101.0000000000
1117 -100.0000000000
1135 -99.0000000000
1138 -98.0000000000
1148 -97.0000000000
1149 -96.0000000000
1158 -95.0000000000
1166 -94.0000000000
1177 -93.0000000000
1195 -92.0000000000
1208 -91.0000000000
1219 -90.0000000000
1221 -89.0000000000
1229 -88.0000000000
1233 -87.0000000000
1235 -86.0000000000
1237 -85.0000000000
1239 -84.0000000000
1251 -83.0000000000
1266 -82.0000000000
1269 -81.0000000000
1305 -80.0000000000
1323 -79.0000000000
1326 -78.0000000000
1346 -77.0000000000
1348 -76.0000000000
1355 -75.0000000000
1386 -74.0000000000
1396 -73.0000000000
1402 -72.0000000000
1420 -71.0000000000
1444 -70.0000000000
1448 -69.0000000000
1461 -68.0000000000
1470 -67.0000000000
1520 -66.0000000000
1542 -65.0000000000
1545 -63.0000000000
1553 -62.0000000000
1579 -61.0000000000
1586 -60.0000000000
1606 -59.0000000000
1614 -58.0000000000
1615 -57.0000000000
1642 -56.0000000000
1649 -55.0000000000
1654 -54.0000000000
1655 -53.0000000000
1689 -52.0000000000
1728 -50.0000000000
1733 -49.0000000000
1734 -48.0000000000
1765 -47.0000000000
1806 -46.0000000000
1821 -45.0000000000
1886 -44.0000000000
1889 -43.0000000000
1896 -41.0000000000
2013 -40.0000000000
2103 -39.0000000000
2153 -38.0000000000
2170 -37.0000000000
2199 -36.0000000000
2208 -35.0000000000
2249 -34.0000000000
2357 -33.0000000000
2373 -31.0000000000
2393 -30.0000000000
2440 -29.0000000000
2466 -28.0000000000
2505 -27.0000000000
2553 -26.0000000000
2564 -25.0000000000
2597 -24.0000000000
2653 -23.0000000000
2680 -22.0000000000
2832 -21.0000000000
2833 -20.0000000000
2877 -19.0000000000
2878 -18.0000000000
2908 -17.0000000000
2952 -16.0000000000
3027 -15.0000000000
3044 -14.0000000000
3079 -13.0000000000
3084 -12.0000000000
3085 -11.0000000000
3260 -10.0000000000
3393 -9.0000000000
3407 -7.0000000000
3543 -6.0000000000
3623 -5.0000000000
3801 -4.0000000000
3996 -3.0000000000
4080 -2.0000000000
4354 -1.0000000000
4471 506.0000000000
4498 510.0000000000
4987 519.0000000000
5741 523.0000000000
7732 527.0000000000
8953 528.0000000000
13049 536.0000000000
18789 540.0000000000
21656 542.0000000000
25376 544.0000000000
25599 545.0000000000
26644 546.0000000000
37512 550.0000000000
41059 552.0000000000
42204 555.0000000000
50620 562.0000000000
100000 -2.0000000000
