evaluations raw_y
1 -397.0000000000
2 -396.0000000000
3 -395.0000000000
4 -394.0000000000
5 -393.0000000000
6 -392.0000000000
8 -391.0000000000
9 -390.0000000000
10 -389.0000000000
11 -388.0000000000
12 -387.0000000000
14 -386.0000000000
15 -385.0000000000
17 -384.0000000000
18 -383.0000000000
19 -382.0000000000
20 -381.0000000000
23 -380.0000000000
24 -379.0000000000
26 -378.0000000000
28 -377.0000000000
32 -376.0000000000
34 -375.0000000000
36 -374.0000000000
37 -373.0000000000
38 -372.0000000000
41 -371.0000000000
43 -370.0000000000
44 -369.0000000000
46 -368.0000000000
47 -367.0000000000
48 -366.0000000000
50 -365.0000000000
52 -364.0000000000
53 -363.0000000000
58 -362.0000000000
60 -361.0000000000
61 -360.0000000000
62 -359.0000000000
66 -358.0000000000
69 -357.0000000000
71 -356.0000000000
72 -355.0000000000
74 -354.0000000000
76 -353.0000000000
77 -352.0000000000
79 -351.0000000000
80 -350.0000000000
81 -349.0000000000
82 -348.0000000000
83 -347.0000000000
85 -346.0000000000
87 -345.0000000000
88 -344.0000000000
89 -343.0000000000
90 -342.0000000000
92 -341.0000000000
93 -340.0000000000
94 -339.0000000000
95 -338.0000000000
96 -337.0000000000
100 -336.0000000000
103 -335.0000000000
109 -334.0000000000
110 -333.0000000000
111 -332.0000000000
112 -331.0000000000
119 -330.0000000000
121 -329.0000000000
122 -328.0000000000
124 -327.0000000000
126 -326.0000000000
127 -325.0000000000
129 -324.0000000000
130 -323.0000000000
134 -322.0000000000
138 -321.0000000000
143 -320.0000000000
146 -319.0000000000
147 -318.0000000000
148 -317.0000000000
150 -316.0000000000
153 -315.0000000000
155 -314.0000000000
157 -313.0000000000
160 -312.0000000000
161 -311.0000000000
164 -310.0000000000
169 -309.0000000000
177 -308.0000000000
178 -307.0000000000
182 -306.0000000000
184 -305.0000000000
186 -304.0000000000
187 -303.0000000000
189 -302.0000000000
196 -301.0000000000
200 -300.0000000000
201 -299.0000000000
202 -298.0000000000
205 -297.0000000000
206 -296.0000000000
212 -295.0000000000
214 -294.0000000000
215 -293.0000000000
218 -292.0000000000
219 -291.0000000000
222 -290.0000000000
223 -289.0000000000
227 -288.0000000000
229 -287.0000000000
230 -286.0000000000
237 -285.0000000000
240 -284.0000000000
241 -283.0000000000
243 -282.0000000000
244 -281.0000000000
246 -280.0000000000
247 -279.0000000000
249 -278.0000000000
250 -277.0000000000
252 -276.0000000000
254 -275.0000000000
264 -274.0000000000
265 -273.0000000000
266 -272.0000000000
267 -271.0000000000
275 -270.0000000000
278 -269.0000000000
279 -268.0000000000
281 -267.0000000000
282 -266.0000000000
283 -265.0000000000
284 -264.0000000000
285 -263.0000000000
286 -262.0000000000
293 -261.0000000000
295 -260.0000000000
297 -259.0000000000
299 -258.0000000000
301 -257.0000000000
306 -256.0000000000
307 -255.0000000000
310 -254.0000000000
311 -253.0000000000
315 -252.0000000000
327 -251.0000000000
332 -250.0000000000
333 -249.0000000000
335 -248.0000000000
336 -247.0000000000
338 -246.0000000000
339 -245.0000000000
340 -244.0000000000
341 -243.0000000000
342 -242.0000000000
344 -241.0000000000
345 -240.0000000000
347 -239.0000000000
353 -238.0000000000
354 -237.0000000000
359 -236.0000000000
360 -235.0000000000
367 -234.0000000000
368 -233.0000000000
370 -232.0000000000
371 -231.0000000000
378 -230.0000000000
387 -229.0000000000
389 -228.0000000000
394 -227.0000000000
396 -226.0000000000
398 -225.0000000000
399 -224.0000000000
400 -223.0000000000
402 -222.0000000000
403 -221.0000000000
404 -220.0000000000
405 -219.0000000000
406 -218.0000000000
410 -217.0000000000
411 -216.0000000000
413 -215.0000000000
415 -214.0000000000
417 -213.0000000000
426 -212.0000000000
431 -211.0000000000
467 -210.0000000000
469 -209.0000000000
471 -208.0000000000
473 -207.0000000000
474 -206.0000000000
485 -205.0000000000
486 -204.0000000000
487 -203.0000000000
495 -202.0000000000
502 -201.0000000000
505 -200.0000000000
508 -199.0000000000
509 -198.0000000000
511 -197.0000000000
512 -196.0000000000
513 -195.0000000000
514 -194.0000000000
517 -193.0000000000
519 -192.0000000000
520 -191.0000000000
524 -190.0000000000
525 -189.0000000000
535 -188.0000000000
541 -187.0000000000
542 -186.0000000000
548 -185.0000000000
552 -184.0000000000
555 -183.0000000000
561 -182.0000000000
562 -181.0000000000
564 -180.0000000000
566 -179.0000000000
568 -178.0000000000
573 -177.0000000000
578 -176.0000000000
579 -175.0000000000
588 -174.0000000000
590 -173.0000000000
591 -172.0000000000
593 -171.0000000000
602 -170.0000000000
607 -169.0000000000
608 -168.0000000000
611 -167.0000000000
614 -166.0000000000
617 -165.0000000000
618 -164.0000000000
623 -163.0000000000
628 -162.0000000000
631 -161.0000000000
641 -160.0000000000
647 -159.0000000000
657 -158.0000000000
660 -157.0000000000
663 -156.0000000000
664 -155.0000000000
666 -154.0000000000
667 -153.0000000000
669 -152.0000000000
677 -151.0000000000
678 -150.0000000000
684 -149.0000000000
697 -148.0000000000
705 -147.0000000000
707 -146.0000000000
714 -145.0000000000
715 -144.0000000000
725 -143.0000000000
729 -142.0000000000
730 -141.0000000000
732 -140.0000000000
738 -139.0000000000
743 -138.0000000000
744 -137.0000000000
752 -136.0000000000
762 -135.0000000000
766 -134.0000000000
771 -133.0000000000
774 -132.0000000000
778 -131.0000000000
781 -130.0000000000
783 -129.0000000000
789 -128.0000000000
824 -127.0000000000
827 -126.0000000000
834 -125.0000000000
842 -124.0000000000
846 -123.0000000000
849 -122.0000000000
851 -121.0000000000
863 -120.0000000000
864 -119.0000000000
866 -118.0000000000
879 -117.0000000000
893 -116.0000000000
904 -115.0000000000
913 -114.0000000000
924 -113.0000000000
925 -112.0000000000
926 -111.0000000000
928 -110.0000000000
935 -109.0000000000
936 -108.0000000000
938 -107.0000000000
951 -106.0000000000
960 -105.0000000000
966 -104.0000000000
972 -103.0000000000
975 -102.0000000000
987 -101.0000000000
990 -100.0000000000
1003 -99.0000000000
1016 -98.0000000000
1028 -97.0000000000
1030 -96.0000000000
1035 -95.0000000000
1037 -94.0000000000
1040 -93.0000000000
1042 -92.0000000000
1044 -91.0000000000
1046 -90.0000000000
1051 -89.0000000000
1055 -88.0000000000
1062 -87.0000000000
1068 -86.0000000000
1069 -85.0000000000
1080 -84.0000000000
1084 -83.0000000000
1099 -82.0000000000
1100 -81.0000000000
1102 -80.0000000000
1118 -79.0000000000
1123 -78.0000000000
1125 -77.0000000000
1129 -76.0000000000
1149 -75.0000000000
1153 -74.0000000000
1163 -73.0000000000
1169 -72.0000000000
1170 -71.0000000000
1172 -70.0000000000
1183 -69.0000000000
1191 -68.0000000000
1207 -67.0000000000
1225 -66.0000000000
1252 -65.0000000000
1287 -64.0000000000
1297 -63.0000000000
1324 -62.0000000000
1326 -61.0000000000
1339 -60.0000000000
1350 -59.0000000000
1353 -58.0000000000
1373 -57.0000000000
1379 -56.0000000000
1392 -55.0000000000
1400 -54.0000000000
1435 -53.0000000000
1443 -52.0000000000
1453 -51.0000000000
1464 -50.0000000000
1466 -49.0000000000
1494 -48.0000000000
1504 -47.0000000000
1526 -46.0000000000
1552 -45.0000000000
1561 -44.0000000000
1572 -43.0000000000
1573 -42.0000000000
1576 -41.0000000000
1581 -40.0000000000
1631 -39.0000000000
1639 -38.0000000000
1651 -37.0000000000
1657 -36.0000000000
1662 -35.0000000000
1664 -34.0000000000
1702 -33.0000000000
1709 -32.0000000000
1711 -31.0000000000
1723 -30.0000000000
1737 -29.0000000000
1782 -28.0000000000
1785 -27.0000000000
1801 -26.0000000000
1843 -25.0000000000
1868 -24.0000000000
1892 -23.0000000000
1910 -22.0000000000
1912 -21.0000000000
1966 -20.0000000000
1974 -19.0000000000
2022 -18.0000000000
2102 -17.0000000000
2115 -16.0000000000
2119 -15.0000000000
2122 -14.0000000000
2133 -13.0000000000
2212 -12.0000000000
2242 -11.0000000000
2245 -10.0000000000
2291 -9.0000000000
2364 -8.0000000000
2381 -7.0000000000
2462 -6.0000000000
2486 -5.0000000000
2573 -4.0000000000
2580 -3.0000000000
2637 -2.0000000000
2674 -1.0000000000
2806 539.0000000000
100000 -1.0000000000
evaluations raw_y
1 -355.0000000000
3 -354.0000000000
5 -353.0000000000
6 -352.0000000000
7 -351.0000000000
9 -350.0000000000
10 -349.0000000000
15 -348.0000000000
16 -347.0000000000
17 -346.0000000000
18 -345.0000000000
19 -344.0000000000
23 -343.0000000000
24 -342.0000000000
28 -341.0000000000
30 -340.0000000000
31 -339.0000000000
33 -338.0000000000
34 -337.0000000000
35 -336.0000000000
37 -335.0000000000
40 -334.0000000000
41 -333.0000000000
42 -332.0000000000
45 -331.0000000000
46 -330.0000000000
47 -329.0000000000
50 -328.0000000000
52 -327.0000000000
56 -326.0000000000
58 -325.0000000000
60 -324.0000000000
62 -323.0000000000
64 -322.0000000000
66 -321.0000000000
69 -320.0000000000
70 -319.0000000000
75 -318.0000000000
78 -317.0000000000
80 -316.0000000000
81 -315.0000000000
82 -314.0000000000
83 -313.0000000000
84 -312.0000000000
87 -311.0000000000
91 -310.0000000000
95 -309.0000000000
96 -308.0000000000
98 -307.0000000000
99 -306.0000000000
101 -305.0000000000
105 -304.0000000000
107 -303.0000000000
108 -302.0000000000
109 -301.0000000000
111 -300.0000000000
114 -299.0000000000
117 -298.0000000000
118 -297.0000000000
120 -296.0000000000
121 -295.0000000000
122 -294.0000000000
123 -293.0000000000
124 -292.0000000000
125 -291.0000000000
126 -290.0000000000
131 -289.0000000000
132 -288.0000000000
134 -287.0000000000
138 -286.0000000000
141 -285.0000000000
142 -284.0000000000
145 -283.0000000000
146 -282.0000000000
148 -281.0000000000
150 -280.0000000000
155 -279.0000000000
157 -278.0000000000
161 -277.0000000000
162 -276.0000000000
165 -275.0000000000
166 -274.0000000000
168 -273.0000000000
169 -272.0000000000
171 -271.0000000000
172 -270.0000000000
174 -269.0000000000
176 -268.0000000000
177 -267.0000000000
182 -266.0000000000
184 -265.0000000000
186 -264.0000000000
187 -263.0000000000
190 -262.0000000000
191 -261.0000000000
194 -260.0000000000
196 -259.0000000000
199 -258.0000000000
203 -257.0000000000
207 -256.0000000000
215 -255.0000000000
217 -254.0000000000
224 -253.0000000000
227 -252.0000000000
229 -251.0000000000
236 -250.0000000000
237 -249.0000000000
246 -248.0000000000
248 -247.0000000000
251 -246.0000000000
253 -245.0000000000
254 -244.0000000000
258 -243.0000000000
264 -242.0000000000
267 -241.0000000000
269 -240.0000000000
272 -239.0000000000
273 -238.0000000000
279 -237.0000000000
285 -236.0000000000
286 -235.0000000000
289 -234.0000000000
290 -233.0000000000
296 -232.0000000000
297 -231.0000000000
298 -230.0000000000
299 -229.0000000000
305 -228.0000000000
307 -227.0000000000
309 -226.0000000000
313 -225.0000000000
318 -224.0000000000
320 -223.0000000000
325 -222.0000000000
334 -221.0000000000
336 -220.0000000000
337 -219.0000000000
339 -218.0000000000
345 -217.0000000000
346 -216.0000000000
352 -215.0000000000
358 -214.0000000000
359 -213.0000000000
360 -212.0000000000
364 -211.0000000000
367 -210.0000000000
369 -209.0000000000
373 -208.0000000000
374 -207.0000000000
383 -206.0000000000
391 -205.0000000000
394 -204.0000000000
401 -203.0000000000
404 -202.0000000000
411 -201.0000000000
418 -200.0000000000
422 -199.0000000000
424 -198.0000000000
434 -197.0000000000
436 -196.0000000000
439 -195.0000000000
441 -194.0000000000
443 -193.0000000000
446 -192.0000000000
447 -191.0000000000
460 -190.0000000000
467 -189.0000000000
473 -188.0000000000
474 -187.0000000000
488 -186.0000000000
494 -185.0000000000
495 -184.0000000000
499 -183.0000000000
500 -182.0000000000
501 -181.0000000000
502 -180.0000000000
506 -179.0000000000
511 -178.0000000000
512 -177.0000000000
515 -176.0000000000
517 -175.0000000000
521 -174.0000000000
522 -173.0000000000
523 -172.0000000000
528 -171.0000000000
529 -170.0000000000
530 -169.0000000000
537 -168.0000000000
539 -167.0000000000
545 -166.0000000000
548 -165.0000000000
552 -164.0000000000
556 -163.0000000000
562 -162.0000000000
573 -161.0000000000
580 -160.0000000000
584 -159.0000000000
586 -158.0000000000
591 -157.0000000000
600 -156.0000000000
604 -155.0000000000
605 -154.0000000000
607 -153.0000000000
613 -152.0000000000
619 -151.0000000000
621 -150.0000000000
623 -149.0000000000
625 -148.0000000000
628 -147.0000000000
633 -146.0000000000
636 -145.0000000000
640 -144.0000000000
642 -143.0000000000
652 -142.0000000000
654 -141.0000000000
668 -140.0000000000
672 -139.0000000000
683 -138.0000000000
688 -137.0000000000
689 -136.0000000000
691 -135.0000000000
693 -134.0000000000
697 -133.0000000000
702 -132.0000000000
703 -131.0000000000
706 -130.0000000000
710 -129.0000000000
711 -128.0000000000
715 -127.0000000000
726 -126.0000000000
727 -125.0000000000
729 -124.0000000000
734 -123.0000000000
738 -122.0000000000
745 -121.0000000000
746 -120.0000000000
749 -119.0000000000
755 -118.0000000000
756 -117.0000000000
761 -116.0000000000
762 -115.0000000000
767 -114.0000000000
771 -113.0000000000
777 -112.0000000000
780 -111.0000000000
781 -110.0000000000
788 -109.0000000000
792 -108.0000000000
794 -107.0000000000
798 -106.0000000000
801 -105.0000000000
813 -104.0000000000
837 -103.0000000000
858 -102.0000000000
861 -101.0000000000
864 -100.0000000000
865 -99.0000000000
866 -98.0000000000
871 -97.0000000000
872 -96.0000000000
876 -95.0000000000
879 -94.0000000000
886 -93.0000000000
887 -92.0000000000
898 -91.0000000000
912 -90.0000000000
925 -89.0000000000
928 -88.0000000000
953 -87.0000000000
959 -86.0000000000
965 -85.0000000000
970 -84.0000000000
974 -83.0000000000
978 -82.0000000000
982 -81.0000000000
987 -80.0000000000
991 -79.0000000000
1000 -78.0000000000
1017 -77.0000000000
1018 -76.0000000000
1020 -75.0000000000
1027 -74.0000000000
1039 -73.0000000000
1052 -72.0000000000
1066 -71.0000000000
1074 -70.0000000000
1075 -69.0000000000
1086 -68.0000000000
1101 -67.0000000000
1114 -66.0000000000
1122 -65.0000000000
1123 -64.0000000000
1138 -63.0000000000
1140 -62.0000000000
1142 -61.0000000000
1150 -60.0000000000
1155 -59.0000000000
1163 -58.0000000000
1172 -57.0000000000
1175 -56.0000000000
1197 -55.0000000000
1208 -54.0000000000
1213 -53.0000000000
1232 -52.0000000000
1238 -51.0000000000
1254 -50.0000000000
1269 -49.0000000000
1271 -48.0000000000
1281 -47.0000000000
1289 -46.0000000000
1299 -45.0000000000
1318 -44.0000000000
1323 -43.0000000000
1324 -42.0000000000
1326 -41.0000000000
1338 -40.0000000000
1349 -39.0000000000
1363 -38.0000000000
1369 -37.0000000000
1384 -36.0000000000
1387 -35.0000000000
1403 -34.0000000000
1458 -33.0000000000
1531 -32.0000000000
1558 -31.0000000000
1606 -30.0000000000
1609 -29.0000000000
1632 -28.0000000000
1637 -27.0000000000
1647 -26.0000000000
1652 -25.0000000000
1710 -24.0000000000
1743 -23.0000000000
1768 -22.0000000000
1789 -21.0000000000
1812 -20.0000000000
1852 -19.0000000000
1866 -18.0000000000
1892 -17.0000000000
1937 -16.0000000000
1941 -15.0000000000
1942 -14.0000000000
1956 -13.0000000000
2014 -12.0000000000
2165 -11.0000000000
2189 -10.0000000000
2201 -9.0000000000
2424 -8.0000000000
2490 -7.0000000000
2536 -6.0000000000
2580 -5.0000000000
2594 -4.0000000000
2634 -3.0000000000
2692 -2.0000000000
2711 -1.0000000000
2883 578.0000000000
100000 -1.0000000000
evaluations raw_y
1 -366.0000000000
3 -365.0000000000
4 -364.0000000000
5 -363.0000000000
9 -362.0000000000
11 -361.0000000000
14 -360.0000000000
15 -359.0000000000
16 -358.0000000000
17 -357.0000000000
18 -356.0000000000
19 -355.0000000000
20 -354.0000000000
24 -353.0000000000
25 -352.0000000000
27 -351.0000000000
29 -350.0000000000
30 -349.0000000000
31 -348.0000000000
32 -347.0000000000
35 -346.0000000000
36 -345.0000000000
37 -344.0000000000
39 -343.0000000000
40 -342.0000000000
41 -341.0000000000
44 -340.0000000000
45 -339.0000000000
49 -338.0000000000
52 -337.0000000000
53 -336.0000000000
58 -335.0000000000
59 -334.0000000000
63 -333.0000000000
64 -332.0000000000
69 -331.0000000000
71 -330.0000000000
77 -329.0000000000
78 -328.0000000000
80 -327.0000000000
83 -326.0000000000
84 -325.0000000000
86 -324.0000000000
90 -323.0000000000
91 -322.0000000000
93 -321.0000000000
94 -320.0000000000
95 -319.0000000000
98 -318.0000000000
99 -317.0000000000
102 -316.0000000000
103 -315.0000000000
107 -314.0000000000
109 -313.0000000000
118 -312.0000000000
121 -311.0000000000
124 -310.0000000000
125 -309.0000000000
130 -308.0000000000
131 -307.0000000000
133 -306.0000000000
136 -305.0000000000
142 -304.0000000000
144 -303.0000000000
145 -302.0000000000
147 -301.0000000000
152 -300.0000000000
155 -299.0000000000
157 -298.0000000000
158 -297.0000000000
161 -296.0000000000
165 -295.0000000000
169 -294.0000000000
170 -293.0000000000
173 -292.0000000000
174 -291.0000000000
175 -290.0000000000
177 -289.0000000000
179 -288.0000000000
184 -287.0000000000
186 -286.0000000000
188 -285.0000000000
189 -284.0000000000
195 -283.0000000000
196 -282.0000000000
198 -281.0000000000
203 -280.0000000000
204 -279.0000000000
206 -278.0000000000
207 -277.0000000000
212 -276.0000000000
214 -275.0000000000
216 -274.0000000000
218 -273.0000000000
227 -272.0000000000
228 -271.0000000000
229 -270.0000000000
232 -269.0000000000
235 -268.0000000000
242 -267.0000000000
244 -266.0000000000
245 -265.0000000000
246 -264.0000000000
250 -263.0000000000
253 -262.0000000000
259 -261.0000000000
262 -260.0000000000
265 -259.0000000000
266 -258.0000000000
267 -257.0000000000
268 -256.0000000000
269 -255.0000000000
272 -254.0000000000
275 -253.0000000000
276 -252.0000000000
283 -251.0000000000
289 -250.0000000000
292 -249.0000000000
293 -248.0000000000
296 -247.0000000000
304 -246.0000000000
306 -245.0000000000
308 -244.0000000000
310 -243.0000000000
311 -242.0000000000
312 -241.0000000000
314 -240.0000000000
318 -239.0000000000
321 -238.0000000000
322 -237.0000000000
326 -236.0000000000
328 -235.0000000000
331 -234.0000000000
334 -233.0000000000
335 -232.0000000000
345 -231.0000000000
348 -230.0000000000
349 -229.0000000000
355 -228.0000000000
359 -227.0000000000
360 -226.0000000000
366 -225.0000000000
370 -224.0000000000
373 -223.0000000000
374 -222.0000000000
378 -221.0000000000
379 -220.0000000000
385 -219.0000000000
386 -218.0000000000
387 -217.0000000000
390 -216.0000000000
391 -215.0000000000
396 -214.0000000000
397 -213.0000000000
402 -212.0000000000
405 -211.0000000000
408 -210.0000000000
409 -209.0000000000
410 -208.0000000000
413 -207.0000000000
415 -206.0000000000
422 -205.0000000000
425 -204.0000000000
433 -203.0000000000
435 -202.0000000000
437 -201.0000000000
439 -200.0000000000
440 -199.0000000000
441 -198.0000000000
443 -197.0000000000
456 -196.0000000000
459 -195.0000000000
460 -194.0000000000
468 -193.0000000000
471 -192.0000000000
472 -191.0000000000
481 -190.0000000000
485 -189.0000000000
492 -188.0000000000
494 -187.0000000000
497 -186.0000000000
505 -185.0000000000
507 -184.0000000000
511 -183.0000000000
516 -182.0000000000
519 -181.0000000000
524 -180.0000000000
529 -179.0000000000
540 -178.0000000000
542 -177.0000000000
544 -176.0000000000
557 -175.0000000000
563 -174.0000000000
565 -173.0000000000
573 -172.0000000000
575 -171.0000000000
581 -170.0000000000
582 -169.0000000000
583 -168.0000000000
592 -167.0000000000
594 -166.0000000000
595 -165.0000000000
602 -164.0000000000
603 -163.0000000000
606 -162.0000000000
608 -161.0000000000
611 -160.0000000000
617 -159.0000000000
624 -158.0000000000
628 -157.0000000000
634 -156.0000000000
644 -155.0000000000
653 -154.0000000000
682 -153.0000000000
686 -152.0000000000
694 -151.0000000000
695 -150.0000000000
698 -149.0000000000
706 -148.0000000000
708 -147.0000000000
717 -146.0000000000
720 -145.0000000000
725 -144.0000000000
727 -143.0000000000
728 -142.0000000000
729 -141.0000000000
733 -140.0000000000
734 -139.0000000000
765 -138.0000000000
767 -137.0000000000
777 -136.0000000000
786 -135.0000000000
788 -134.0000000000
798 -133.0000000000
803 -132.0000000000
813 -131.0000000000
817 -130.0000000000
821 -129.0000000000
824 -128.0000000000
849 -127.0000000000
856 -126.0000000000
857 -125.0000000000
865 -124.0000000000
869 -123.0000000000
875 -122.0000000000
883 -121.0000000000
887 -120.0000000000
890 -119.0000000000
893 -118.0000000000
908 -117.0000000000
911 -116.0000000000
914 -115.0000000000
918 -114.0000000000
920 -113.0000000000
925 -112.0000000000
936 -111.0000000000
952 -110.0000000000
962 -109.0000000000
969 -108.0000000000
973 -107.0000000000
982 -106.0000000000
986 -105.0000000000
988 -104.0000000000
996 -103.0000000000
999 -102.0000000000
1004 -101.0000000000
1015 -100.0000000000
1018 -99.0000000000
1024 -98.0000000000
1026 -97.0000000000
1032 -96.0000000000
1037 -95.0000000000
1055 -94.0000000000
1056 -93.0000000000
1064 -92.0000000000
1073 -91.0000000000
1083 -90.0000000000
1085 -89.0000000000
1094 -88.0000000000
1098 -87.0000000000
1116 -86.0000000000
1118 -85.0000000000
1124 -84.0000000000
1133 -83.0000000000
1139 -82.0000000000
1141 -81.0000000000
1143 -80.0000000000
1163 -79.0000000000
1180 -78.0000000000
1203 -77.0000000000
1207 -76.0000000000
1217 -75.0000000000
1219 -74.0000000000
1226 -73.0000000000
1252 -72.0000000000
1253 -71.0000000000
1271 -70.0000000000
1275 -69.0000000000
1287 -68.0000000000
1288 -67.0000000000
1290 -66.0000000000
1308 -65.0000000000
1328 -64.0000000000
1334 -63.0000000000
1336 -62.0000000000
1337 -61.0000000000
1338 -60.0000000000
1370 -59.0000000000
1373 -58.0000000000
1380 -57.0000000000
1396 -56.0000000000
1412 -55.0000000000
1429 -54.0000000000
1434 -53.0000000000
1481 -52.0000000000
1488 -51.0000000000
1490 -50.0000000000
1506 -49.0000000000
1514 -48.0000000000
1527 -47.0000000000
1539 -46.0000000000
1570 -45.0000000000
1609 -44.0000000000
1616 -43.0000000000
1652 -42.0000000000
1672 -41.0000000000
1675 -40.0000000000
1694 -39.0000000000
1711 -38.0000000000
1719 -37.0000000000
1720 -36.0000000000
1730 -35.0000000000
1769 -34.0000000000
1788 -33.0000000000
1799 -32.0000000000
1809 -31.0000000000
1814 -30.0000000000
1865 -29.0000000000
1876 -28.0000000000
1886 -27.0000000000
1894 -26.0000000000
1962 -25.0000000000
1975 -24.0000000000
2020 -23.0000000000
2040 -22.0000000000
2045 -21.0000000000
2078 -20.0000000000
2105 -19.0000000000
2116 -18.0000000000
2173 -17.0000000000
2179 -16.0000000000
2186 -15.0000000000
2192 -14.0000000000
2233 -13.0000000000
2288 -12.0000000000
2293 -11.0000000000
2301 -10.0000000000
2319 -9.0000000000
2344 -8.0000000000
2387 -7.0000000000
2447 -6.0000000000
2475 -5.0000000000
2512 -4.0000000000
2614 -3.0000000000
2615 -2.0000000000
2675 -1.0000000000
2677 575.0000000000
100000 -1.0000000000
evaluations raw_y
1 -364.0000000000
2 -363.0000000000
3 -362.0000000000
4 -361.0000000000
5 -360.0000000000
8 -359.0000000000
9 -358.0000000000
12 -357.0000000000
15 -356.0000000000
17 -355.0000000000
23 -354.0000000000
24 -353.0000000000
25 -352.0000000000
26 -351.0000000000
27 -350.0000000000
28 -349.0000000000
29 -348.0000000000
30 -347.0000000000
32 -346.0000000000
34 -345.0000000000
36 -344.0000000000
37 -343.0000000000
39 -342.0000000000
41 -341.0000000000
44 -340.0000000000
45 -339.0000000000
46 -338.0000000000
47 -337.0000000000
52 -336.0000000000
54 -335.0000000000
55 -334.0000000000
56 -333.0000000000
60 -332.0000000000
67 -331.0000000000
68 -330.0000000000
73 -329.0000000000
75 -328.0000000000
77 -327.0000000000
79 -326.0000000000
80 -325.0000000000
81 -324.0000000000
83 -323.0000000000
84 -322.0000000000
85 -321.0000000000
86 -320.0000000000
87 -319.0000000000
88 -318.0000000000
92 -317.0000000000
93 -316.0000000000
96 -315.0000000000
98 -314.0000000000
100 -313.0000000000
103 -312.0000000000
104 -311.0000000000
106 -310.0000000000
111 -309.0000000000
112 -308.0000000000
114 -307.0000000000
117 -306.0000000000
118 -305.0000000000
121 -304.0000000000
122 -303.0000000000
124 -302.0000000000
130 -301.0000000000
133 -300.0000000000
136 -299.0000000000
137 -298.0000000000
139 -297.0000000000
143 -296.0000000000
144 -295.0000000000
145 -294.0000000000
148 -293.0000000000
149 -292.0000000000
150 -291.0000000000
151 -290.0000000000
158 -289.0000000000
159 -288.0000000000
160 -287.0000000000
162 -286.0000000000
164 -285.0000000000
168 -284.0000000000
169 -283.0000000000
172 -282.0000000000
173 -281.0000000000
174 -280.0000000000
176 -279.0000000000
177 -278.0000000000
178 -277.0000000000
179 -276.0000000000
180 -275.0000000000
181 -274.0000000000
183 -273.0000000000
185 -272.0000000000
191 -271.0000000000
192 -270.0000000000
197 -269.0000000000
201 -268.0000000000
203 -267.0000000000
205 -266.0000000000
207 -265.0000000000
209 -264.0000000000
210 -263.0000000000
211 -262.0000000000
213 -261.0000000000
214 -260.0000000000
215 -259.0000000000
218 -258.0000000000
222 -257.0000000000
225 -256.0000000000
228 -255.0000000000
230 -254.0000000000
233 -253.0000000000
238 -252.0000000000
242 -251.0000000000
243 -250.0000000000
246 -249.0000000000
253 -248.0000000000
256 -247.0000000000
260 -246.0000000000
265 -245.0000000000
271 -244.0000000000
273 -243.0000000000
276 -242.0000000000
282 -241.0000000000
284 -240.0000000000
291 -239.0000000000
294 -238.0000000000
295 -237.0000000000
299 -236.0000000000
305 -235.0000000000
306 -234.0000000000
312 -233.0000000000
313 -232.0000000000
315 -231.0000000000
316 -230.0000000000
321 -229.0000000000
322 -228.0000000000
329 -227.0000000000
331 -226.0000000000
336 -225.0000000000
340 -224.0000000000
342 -223.0000000000
352 -222.0000000000
354 -221.0000000000
355 -220.0000000000
360 -219.0000000000
361 -218.0000000000
363 -217.0000000000
364 -216.0000000000
367 -215.0000000000
372 -214.0000000000
374 -213.0000000000
384 -212.0000000000
385 -211.0000000000
387 -210.0000000000
388 -209.0000000000
391 -208.0000000000
392 -207.0000000000
397 -206.0000000000
398 -205.0000000000
400 -204.0000000000
411 -203.0000000000
416 -202.0000000000
418 -201.0000000000
419 -200.0000000000
420 -199.0000000000
421 -198.0000000000
424 -197.0000000000
425 -196.0000000000
431 -195.0000000000
437 -194.0000000000
438 -193.0000000000
440 -192.0000000000
442 -191.0000000000
443 -190.0000000000
446 -189.0000000000
450 -188.0000000000
451 -187.0000000000
455 -186.0000000000
456 -185.0000000000
459 -184.0000000000
462 -183.0000000000
464 -182.0000000000
467 -181.0000000000
471 -180.0000000000
472 -179.0000000000
473 -178.0000000000
476 -177.0000000000
480 -176.0000000000
482 -175.0000000000
484 -174.0000000000
487 -173.0000000000
490 -172.0000000000
496 -171.0000000000
498 -170.0000000000
519 -169.0000000000
520 -168.0000000000
521 -167.0000000000
531 -166.0000000000
541 -165.0000000000
547 -164.0000000000
561 -163.0000000000
563 -162.0000000000
572 -161.0000000000
577 -160.0000000000
582 -159.0000000000
583 -158.0000000000
585 -157.0000000000
586 -156.0000000000
589 -155.0000000000
590 -154.0000000000
591 -153.0000000000
612 -152.0000000000
615 -151.0000000000
616 -150.0000000000
619 -149.0000000000
625 -148.0000000000
637 -147.0000000000
640 -146.0000000000
645 -145.0000000000
650 -144.0000000000
654 -143.0000000000
657 -142.0000000000
658 -141.0000000000
659 -140.0000000000
660 -139.0000000000
668 -138.0000000000
670 -137.0000000000
671 -136.0000000000
672 -135.0000000000
688 -134.0000000000
699 -133.0000000000
701 -132.0000000000
704 -131.0000000000
706 -130.0000000000
712 -129.0000000000
714 -128.0000000000
719 -127.0000000000
722 -126.0000000000
727 -125.0000000000
732 -124.0000000000
742 -123.0000000000
745 -122.0000000000
749 -121.0000000000
752 -120.0000000000
766 -119.0000000000
768 -118.0000000000
777 -117.0000000000
780 -116.0000000000
788 -115.0000000000
799 -114.0000000000
804 -113.0000000000
812 -112.0000000000
813 -111.0000000000
815 -110.0000000000
818 -109.0000000000
822 -108.0000000000
834 -107.0000000000
836 -106.0000000000
837 -105.0000000000
847 -104.0000000000
849 -103.0000000000
863 -102.0000000000
870 -101.0000000000
875 -100.0000000000
884 -99.0000000000
894 -98.0000000000
898 -97.0000000000
903 -96.0000000000
913 -95.0000000000
925 -94.0000000000
937 -93.0000000000
949 -92.0000000000
953 -91.0000000000
957 -90.0000000000
971 -89.0000000000
974 -88.0000000000
981 -87.0000000000
982 -86.0000000000
987 -85.0000000000
992 -84.0000000000
1008 -83.0000000000
1009 -82.0000000000
1017 -81.0000000000
1040 -80.0000000000
1045 -79.0000000000
1047 -78.0000000000
1079 -77.0000000000
1085 -76.0000000000
1087 -75.0000000000
1107 -74.0000000000
1108 -73.0000000000
1114 -72.0000000000
1145 -71.0000000000
1163 -70.0000000000
1164 -69.0000000000
1171 -68.0000000000
1192 -67.0000000000
1200 -66.0000000000
1204 -65.0000000000
1207 -64.0000000000
1213 -63.0000000000
1225 -62.0000000000
1236 -61.0000000000
1237 -60.0000000000
1253 -59.0000000000
1254 -58.0000000000
1256 -57.0000000000
1257 -56.0000000000
1266 -55.0000000000
1267 -54.0000000000
1274 -53.0000000000
1284 -52.0000000000
1290 -51.0000000000
1314 -50.0000000000
1315 -49.0000000000
1325 -48.0000000000
1339 -47.0000000000
1345 -46.0000000000
1355 -45.0000000000
1357 -44.0000000000
1385 -43.0000000000
1394 -42.0000000000
1403 -41.0000000000
1413 -40.0000000000
1437 -39.0000000000
1440 -38.0000000000
1443 -37.0000000000
1461 -36.0000000000
1486 -35.0000000000
1502 -34.0000000000
1586 -33.0000000000
1589 -32.0000000000
1619 -31.0000000000
1640 -30.0000000000
1650 -29.0000000000
1657 -28.0000000000
1675 -27.0000000000
1676 -26.0000000000
1698 -25.0000000000
1713 -24.0000000000
1716 -23.0000000000
1739 -22.0000000000
1762 -21.0000000000
1766 -20.0000000000
1802 -19.0000000000
1825 -18.0000000000
1837 -17.0000000000
1842 -16.0000000000
1846 -15.0000000000
1909 -14.0000000000
1947 -13.0000000000
1973 -12.0000000000
1979 -11.0000000000
1985 -10.0000000000
1986 -9.0000000000
2055 -8.0000000000
2065 -7.0000000000
2066 -6.0000000000
2090 -5.0000000000
2133 -4.0000000000
2178 -3.0000000000
2278 -2.0000000000
2317 -1.0000000000
2324 583.0000000000
100000 -1.0000000000
evaluations raw_y
1 -350.0000000000
4 -349.0000000000
6 -348.0000000000
8 -347.0000000000
9 -346.0000000000
10 -345.0000000000
11 -344.0000000000
12 -343.0000000000
14 -342.0000000000
16 -341.0000000000
17 -340.0000000000
19 -339.0000000000
20 -338.0000000000
22 -337.0000000000
23 -336.0000000000
25 -335.0000000000
27 -334.0000000000
33 -333.0000000000
35 -332.0000000000
39 -331.0000000000
41 -330.0000000000
45 -329.0000000000
47 -328.0000000000
50 -327.0000000000
52 -326.0000000000
53 -325.0000000000
54 -324.0000000000
55 -323.0000000000
57 -322.0000000000
61 -321.0000000000
62 -320.0000000000
68 -319.0000000000
69 -318.0000000000
70 -317.0000000000
71 -316.0000000000
73 -315.0000000000
78 -314.0000000000
82 -313.0000000000
86 -312.0000000000
89 -311.0000000000
96 -310.0000000000
102 -309.0000000000
106 -308.0000000000
109 -307.0000000000
110 -306.0000000000
111 -305.0000000000
112 -304.0000000000
116 -303.0000000000
120 -302.0000000000
122 -301.0000000000
123 -300.0000000000
127 -299.0000000000
129 -298.0000000000
132 -297.0000000000
134 -296.0000000000
137 -295.0000000000
139 -294.0000000000
140 -293.0000000000
142 -292.0000000000
143 -291.0000000000
144 -290.0000000000
145 -289.0000000000
146 -288.0000000000
148 -287.0000000000
150 -286.0000000000
152 -285.0000000000
153 -284.0000000000
165 -283.0000000000
168 -282.0000000000
169 -281.0000000000
174 -280.0000000000
177 -279.0000000000
178 -278.0000000000
179 -277.0000000000
180 -276.0000000000
181 -275.0000000000
183 -274.0000000000
185 -273.0000000000
189 -272.0000000000
192 -271.0000000000
193 -270.0000000000
194 -269.0000000000
196 -268.0000000000
197 -267.0000000000
199 -266.0000000000
200 -265.0000000000
202 -264.0000000000
203 -263.0000000000
207 -262.0000000000
217 -261.0000000000
218 -260.0000000000
219 -259.0000000000
220 -258.0000000000
221 -257.0000000000
226 -256.0000000000
227 -255.0000000000
229 -254.0000000000
231 -253.0000000000
234 -252.0000000000
235 -251.0000000000
236 -250.0000000000
237 -249.0000000000
238 -248.0000000000
244 -247.0000000000
252 -246.0000000000
253 -245.0000000000
255 -244.0000000000
257 -243.0000000000
269 -242.0000000000
275 -241.0000000000
276 -240.0000000000
283 -239.0000000000
285 -238.0000000000
289 -237.0000000000
290 -236.0000000000
293 -235.0000000000
296 -234.0000000000
301 -233.0000000000
307 -232.0000000000
311 -231.0000000000
317 -230.0000000000
318 -229.0000000000
319 -228.0000000000
325 -227.0000000000
327 -226.0000000000
332 -225.0000000000
333 -224.0000000000
338 -223.0000000000
339 -222.0000000000
341 -221.0000000000
350 -220.0000000000
354 -219.0000000000
355 -218.0000000000
356 -217.0000000000
363 -216.0000000000
365 -215.0000000000
371 -214.0000000000
372 -213.0000000000
377 -212.0000000000
378 -211.0000000000
380 -210.0000000000
381 -209.0000000000
383 -208.0000000000
389 -207.0000000000
396 -206.0000000000
398 -205.0000000000
406 -204.0000000000
408 -203.0000000000
411 -202.0000000000
412 -201.0000000000
414 -200.0000000000
415 -199.0000000000
418 -198.0000000000
420 -197.0000000000
422 -196.0000000000
424 -195.0000000000
426 -194.0000000000
429 -193.0000000000
430 -192.0000000000
441 -191.0000000000
448 -190.0000000000
450 -189.0000000000
452 -188.0000000000
453 -187.0000000000
454 -186.0000000000
455 -185.0000000000
460 -184.0000000000
463 -183.0000000000
468 -182.0000000000
473 -181.0000000000
481 -180.0000000000
493 -179.0000000000
496 -178.0000000000
502 -177.0000000000
508 -176.0000000000
509 -175.0000000000
514 -174.0000000000
517 -173.0000000000
518 -172.0000000000
520 -171.0000000000
529 -170.0000000000
530 -169.0000000000
540 -168.0000000000
553 -167.0000000000
554 -166.0000000000
556 -165.0000000000
560 -164.0000000000
561 -163.0000000000
567 -162.0000000000
570 -161.0000000000
571 -160.0000000000
572 -159.0000000000
573 -158.0000000000
574 -157.0000000000
576 -156.0000000000
579 -155.0000000000
584 -154.0000000000
587 -153.0000000000
588 -152.0000000000
591 -151.0000000000
592 -150.0000000000
594 -149.0000000000
596 -148.0000000000
599 -147.0000000000
602 -146.0000000000
603 -145.0000000000
607 -144.0000000000
614 -143.0000000000
625 -142.0000000000
626 -141.0000000000
629 -140.0000000000
642 -139.0000000000
646 -138.0000000000
649 -137.0000000000
663 -136.0000000000
675 -135.0000000000
681 -134.0000000000
692 -133.0000000000
698 -132.0000000000
709 -131.0000000000
712 -130.0000000000
719 -129.0000000000
721 -128.0000000000
732 -127.0000000000
736 -126.0000000000
741 -125.0000000000
743 -124.0000000000
760 -123.0000000000
775 -122.0000000000
789 -121.0000000000
800 -120.0000000000
802 -119.0000000000
805 -118.0000000000
808 -117.0000000000
809 -116.0000000000
815 -115.0000000000
816 -114.0000000000
822 -113.0000000000
825 -112.0000000000
832 -111.0000000000
835 -110.0000000000
839 -109.0000000000
857 -108.0000000000
859 -107.0000000000
868 -106.0000000000
870 -105.0000000000
876 -104.0000000000
883 -103.0000000000
885 -102.0000000000
907 -101.0000000000
909 -100.0000000000
929 -99.0000000000
933 -98.0000000000
935 -97.0000000000
942 -96.0000000000
952 -95.0000000000
956 -94.0000000000
962 -93.0000000000
993 -92.0000000000
994 -91.0000000000
999 -90.0000000000
1000 -89.0000000000
1021 -88.0000000000
1028 -87.0000000000
1033 -86.0000000000
1035 -85.0000000000
1036 -84.0000000000
1055 -83.0000000000
1067 -82.0000000000
1077 -81.0000000000
1088 -80.0000000000
1091 -79.0000000000
1093 -78.0000000000
1104 -77.0000000000
1133 -76.0000000000
1138 -75.0000000000
1146 -74.0000000000
1148 -73.0000000000
1155 -72.0000000000
1194 -71.0000000000
1204 -70.0000000000
1223 -69.0000000000
1232 -68.0000000000
1241 -67.0000000000
1242 -66.0000000000
1260 -65.0000000000
1273 -64.0000000000
1279 -63.0000000000
1282 -62.0000000000
1296 -61.0000000000
1329 -60.0000000000
1343 -59.0000000000
1357 -58.0000000000
1367 -57.0000000000
1379 -56.0000000000
1396 -55.0000000000
1398 -54.0000000000
1443 -53.0000000000
1445 -52.0000000000
1458 -51.0000000000
1511 -50.0000000000
1529 -49.0000000000
1575 -48.0000000000
1627 -47.0000000000
1661 -46.0000000000
1666 -45.0000000000
1674 -44.0000000000
1686 -43.0000000000
1700 -42.0000000000
1709 -41.0000000000
1747 -40.0000000000
1776 -39.0000000000
1801 -38.0000000000
1821 -37.0000000000
1825 -36.0000000000
1845 -35.0000000000
1869 -34.0000000000
1885 -33.0000000000
1893 -32.0000000000
1905 -31.0000000000
1913 -30.0000000000
1958 -29.0000000000
1980 -28.0000000000
1989 -27.0000000000
2000 -26.0000000000
2004 -25.0000000000
2009 -24.0000000000
2052 -23.0000000000
2066 -22.0000000000
2086 -21.0000000000
2137 -20.0000000000
2148 -19.0000000000
2246 -18.0000000000
2253 -17.0000000000
2306 -16.0000000000
2322 -15.0000000000
2358 -14.0000000000
2363 -13.0000000000
2373 -12.0000000000
2382 -11.0000000000
2473 -10.0000000000
2503 -9.0000000000
2521 -8.0000000000
2578 -7.0000000000
2613 -6.0000000000
2620 -5.0000000000
2688 -4.0000000000
2742 -3.0000000000
2743 -2.0000000000
2881 -1.0000000000
2960 605.0000000000
100000 -1.0000000000
evaluations raw_y
1 -370.0000000000
4 -369.0000000000
5 -368.0000000000
6 -367.0000000000
7 -366.0000000000
10 -365.0000000000
11 -364.0000000000
13 -363.0000000000
14 -362.0000000000
15 -361.0000000000
20 -360.0000000000
22 -359.0000000000
24 -358.0000000000
25 -357.0000000000
26 -356.0000000000
27 -355.0000000000
28 -354.0000000000
29 -353.0000000000
39 -352.0000000000
41 -351.0000000000
42 -350.0000000000
45 -349.0000000000
48 -348.0000000000
53 -347.0000000000
54 -346.0000000000
55 -345.0000000000
56 -344.0000000000
57 -343.0000000000
58 -342.0000000000
59 -341.0000000000
63 -340.0000000000
64 -339.0000000000
65 -338.0000000000
66 -337.0000000000
67 -336.0000000000
68 -335.0000000000
71 -334.0000000000
72 -333.0000000000
76 -332.0000000000
78 -331.0000000000
80 -330.0000000000
82 -329.0000000000
90 -328.0000000000
97 -327.0000000000
104 -326.0000000000
106 -325.0000000000
107 -324.0000000000
110 -323.0000000000
112 -322.0000000000
116 -321.0000000000
117 -320.0000000000
118 -319.0000000000
119 -318.0000000000
120 -317.0000000000
122 -316.0000000000
128 -315.0000000000
129 -314.0000000000
130 -313.0000000000
131 -312.0000000000
134 -311.0000000000
136 -310.0000000000
146 -309.0000000000
148 -308.0000000000
153 -307.0000000000
162 -306.0000000000
164 -305.0000000000
165 -304.0000000000
166 -303.0000000000
172 -302.0000000000
173 -301.0000000000
176 -300.0000000000
179 -299.0000000000
181 -298.0000000000
183 -297.0000000000
186 -296.0000000000
194 -295.0000000000
209 -294.0000000000
210 -293.0000000000
211 -292.0000000000
219 -291.0000000000
220 -290.0000000000
221 -289.0000000000
222 -288.0000000000
226 -287.0000000000
227 -286.0000000000
230 -285.0000000000
232 -284.0000000000
233 -283.0000000000
234 -282.0000000000
235 -281.0000000000
239 -280.0000000000
242 -279.0000000000
246 -278.0000000000
249 -277.0000000000
252 -276.0000000000
254 -275.0000000000
261 -274.0000000000
267 -273.0000000000
268 -272.0000000000
274 -271.0000000000
276 -270.0000000000
278 -269.0000000000
280 -268.0000000000
285 -267.0000000000
287 -266.0000000000
288 -265.0000000000
290 -264.0000000000
292 -263.0000000000
293 -262.0000000000
294 -261.0000000000
306 -260.0000000000
311 -259.0000000000
315 -258.0000000000
317 -257.0000000000
322 -256.0000000000
323 -255.0000000000
324 -254.0000000000
331 -253.0000000000
332 -252.0000000000
335 -251.0000000000
336 -250.0000000000
337 -249.0000000000
338 -248.0000000000
339 -247.0000000000
342 -246.0000000000
346 -245.0000000000
347 -244.0000000000
348 -243.0000000000
350 -242.0000000000
354 -241.0000000000
358 -240.0000000000
361 -239.0000000000
363 -238.0000000000
366 -237.0000000000
368 -236.0000000000
370 -235.0000000000
373 -234.0000000000
378 -233.0000000000
381 -232.0000000000
382 -231.0000000000
386 -230.0000000000
393 -229.0000000000
397 -228.0000000000
400 -227.0000000000
403 -226.0000000000
404 -225.0000000000
411 -224.0000000000
412 -223.0000000000
413 -222.0000000000
415 -221.0000000000
416 -220.0000000000
417 -219.0000000000
419 -218.0000000000
420 -217.0000000000
421 -216.0000000000
426 -215.0000000000
435 -214.0000000000
443 -213.0000000000
447 -212.0000000000
448 -211.0000000000
455 -210.0000000000
456 -209.0000000000
459 -208.0000000000
462 -207.0000000000
472 -206.0000000000
474 -205.0000000000
478 -204.0000000000
479 -203.0000000000
485 -202.0000000000
488 -201.0000000000
490 -200.0000000000
496 -199.0000000000
497 -198.0000000000
503 -197.0000000000
506 -196.0000000000
507 -195.0000000000
510 -194.0000000000
512 -193.0000000000
518 -192.0000000000
519 -191.0000000000
524 -190.0000000000
527 -189.0000000000
528 -188.0000000000
535 -187.0000000000
541 -186.0000000000
547 -185.0000000000
555 -184.0000000000
563 -183.0000000000
565 -182.0000000000
566 -181.0000000000
571 -180.0000000000
582 -179.0000000000
583 -178.0000000000
584 -177.0000000000
588 -176.0000000000
589 -175.0000000000
593 -174.0000000000
598 -173.0000000000
599 -172.0000000000
603 -171.0000000000
605 -170.0000000000
616 -169.0000000000
621 -168.0000000000
623 -167.0000000000
624 -166.0000000000
628 -165.0000000000
634 -164.0000000000
645 -163.0000000000
653 -162.0000000000
659 -161.0000000000
660 -160.0000000000
662 -159.0000000000
665 -158.0000000000
668 -157.0000000000
671 -156.0000000000
673 -155.0000000000
674 -154.0000000000
685 -153.0000000000
692 -152.0000000000
701 -151.0000000000
702 -150.0000000000
704 -149.0000000000
708 -148.0000000000
713 -147.0000000000
717 -146.0000000000
718 -145.0000000000
719 -144.0000000000
721 -143.0000000000
723 -142.0000000000
732 -141.0000000000
735 -140.0000000000
739 -139.0000000000
743 -138.0000000000
758 -137.0000000000
761 -136.0000000000
766 -135.0000000000
776 -134.0000000000
782 -133.0000000000
787 -132.0000000000
800 -131.0000000000
808 -130.0000000000
820 -129.0000000000
821 -128.0000000000
824 -127.0000000000
832 -126.0000000000
837 -125.0000000000
838 -124.0000000000
845 -123.0000000000
852 -122.0000000000
855 -121.0000000000
856 -120.0000000000
867 -119.0000000000
876 -118.0000000000
879 -117.0000000000
884 -116.0000000000
887 -115.0000000000
894 -114.0000000000
895 -113.0000000000
905 -112.0000000000
913 -111.0000000000
914 -110.0000000000
922 -109.0000000000
923 -108.0000000000
928 -107.0000000000
929 -106.0000000000
937 -105.0000000000
939 -104.0000000000
941 -103.0000000000
951 -102.0000000000
962 -101.0000000000
968 -100.0000000000
972 -99.0000000000
978 -98.0000000000
1004 -97.0000000000
1009 -96.0000000000
1010 -95.0000000000
1016 -94.0000000000
1021 -93.0000000000
1025 -92.0000000000
1054 -91.0000000000
1072 -90.0000000000
1083 -89.0000000000
1092 -88.0000000000
1095 -87.0000000000
1098 -86.0000000000
1112 -85.0000000000
1115 -84.0000000000
1125 -83.0000000000
1127 -82.0000000000
1137 -81.0000000000
1157 -80.0000000000
1176 -79.0000000000
1178 -78.0000000000
1180 -77.0000000000
1185 -76.0000000000
1191 -75.0000000000
1228 -74.0000000000
1234 -73.0000000000
1260 -72.0000000000
1264 -71.0000000000
1267 -70.0000000000
1269 -69.0000000000
1275 -68.0000000000
1277 -67.0000000000
1282 -66.0000000000
1288 -65.0000000000
1310 -64.0000000000
1311 -63.0000000000
1313 -62.0000000000
1314 -61.0000000000
1322 -60.0000000000
1323 -59.0000000000
1324 -58.0000000000
1325 -57.0000000000
1332 -56.0000000000
1334 -55.0000000000
1337 -54.0000000000
1338 -53.0000000000
1355 -52.0000000000
1358 -51.0000000000
1365 -50.0000000000
1371 -49.0000000000
1377 -48.0000000000
1386 -47.0000000000
1399 -46.0000000000
1428 -45.0000000000
1442 -44.0000000000
1444 -43.0000000000
1447 -42.0000000000
1453 -41.0000000000
1454 -40.0000000000
1457 -39.0000000000
1529 -38.0000000000
1530 -37.0000000000
1549 -36.0000000000
1591 -35.0000000000
1610 -34.0000000000
1627 -33.0000000000
1636 -32.0000000000
1640 -31.0000000000
1663 -30.0000000000
1683 -29.0000000000
1696 -28.0000000000
1709 -27.0000000000
1716 -26.0000000000
1737 -25.0000000000
1758 -24.0000000000
1763 -23.0000000000
1813 -22.0000000000
1845 -21.0000000000
1846 -20.0000000000
1889 -19.0000000000
1898 -18.0000000000
1901 -17.0000000000
1908 -16.0000000000
1976 -15.0000000000
1982 -14.0000000000
2027 -13.0000000000
2029 -12.0000000000
2043 -11.0000000000
2044 -10.0000000000
2068 -9.0000000000
2083 -8.0000000000
2098 -7.0000000000
2112 -6.0000000000
2225 -5.0000000000
2255 -4.0000000000
2293 -3.0000000000
2346 -2.0000000000
2401 -1.0000000000
2414 586.0000000000
100000 -1.0000000000
evaluations raw_y
1 -370.0000000000
6 -369.0000000000
12 -368.0000000000
13 -367.0000000000
14 -366.0000000000
17 -365.0000000000
23 -364.0000000000
24 -363.0000000000
30 -362.0000000000
31 -361.0000000000
35 -360.0000000000
37 -359.0000000000
45 -358.0000000000
46 -357.0000000000
49 -356.0000000000
50 -355.0000000000
52 -354.0000000000
54 -353.0000000000
55 -352.0000000000
56 -351.0000000000
57 -350.0000000000
59 -349.0000000000
61 -348.0000000000
63 -347.0000000000
64 -346.0000000000
66 -345.0000000000
67 -344.0000000000
68 -343.0000000000
69 -342.0000000000
72 -341.0000000000
75 -340.0000000000
77 -339.0000000000
78 -338.0000000000
79 -337.0000000000
82 -336.0000000000
83 -335.0000000000
84 -334.0000000000
86 -333.0000000000
87 -332.0000000000
88 -331.0000000000
89 -330.0000000000
93 -329.0000000000
94 -328.0000000000
97 -327.0000000000
98 -326.0000000000
100 -325.0000000000
102 -324.0000000000
103 -323.0000000000
105 -322.0000000000
107 -321.0000000000
108 -320.0000000000
112 -319.0000000000
113 -318.0000000000
117 -317.0000000000
119 -316.0000000000
120 -315.0000000000
124 -314.0000000000
127 -313.0000000000
132 -312.0000000000
139 -311.0000000000
140 -310.0000000000
144 -309.0000000000
146 -308.0000000000
149 -307.0000000000
156 -306.0000000000
157 -305.0000000000
159 -304.0000000000
160 -303.0000000000
161 -302.0000000000
162 -301.0000000000
166 -300.0000000000
171 -299.0000000000
173 -298.0000000000
175 -297.0000000000
177 -296.0000000000
179 -295.0000000000
183 -294.0000000000
184 -293.0000000000
188 -292.0000000000
189 -291.0000000000
190 -290.0000000000
191 -289.0000000000
192 -288.0000000000
193 -287.0000000000
197 -286.0000000000
199 -285.0000000000
200 -284.0000000000
207 -283.0000000000
208 -282.0000000000
209 -281.0000000000
214 -280.0000000000
218 -279.0000000000
221 -278.0000000000
224 -277.0000000000
225 -276.0000000000
228 -275.0000000000
231 -274.0000000000
233 -273.0000000000
234 -272.0000000000
235 -271.0000000000
236 -270.0000000000
238 -269.0000000000
240 -268.0000000000
241 -267.0000000000
242 -266.0000000000
243 -265.0000000000
245 -264.0000000000
247 -263.0000000000
250 -262.0000000000
251 -261.0000000000
252 -260.0000000000
256 -259.0000000000
257 -258.0000000000
261 -257.0000000000
262 -256.0000000000
265 -255.0000000000
269 -254.0000000000
270 -253.0000000000
275 -252.0000000000
279 -251.0000000000
290 -250.0000000000
291 -249.0000000000
294 -248.0000000000
296 -247.0000000000
297 -246.0000000000
304 -245.0000000000
310 -244.0000000000
313 -243.0000000000
315 -242.0000000000
316 -241.0000000000
317 -240.0000000000
319 -239.0000000000
323 -238.0000000000
325 -237.0000000000
333 -236.0000000000
338 -235.0000000000
342 -234.0000000000
344 -233.0000000000
348 -232.0000000000
349 -231.0000000000
355 -230.0000000000
356 -229.0000000000
357 -228.0000000000
360 -227.0000000000
363 -226.0000000000
365 -225.0000000000
374 -224.0000000000
378 -223.0000000000
379 -222.0000000000
381 -221.0000000000
389 -220.0000000000
391 -219.0000000000
392 -218.0000000000
395 -217.0000000000
404 -216.0000000000
405 -215.0000000000
407 -214.0000000000
408 -213.0000000000
415 -212.0000000000
417 -211.0000000000
418 -210.0000000000
421 -209.0000000000
422 -208.0000000000
423 -207.0000000000
425 -206.0000000000
428 -205.0000000000
429 -204.0000000000
433 -203.0000000000
436 -202.0000000000
444 -201.0000000000
446 -200.0000000000
447 -199.0000000000
459 -198.0000000000
460 -197.0000000000
465 -196.0000000000
481 -195.0000000000
483 -194.0000000000
484 -193.0000000000
488 -192.0000000000
490 -191.0000000000
498 -190.0000000000
500 -189.0000000000
502 -188.0000000000
509 -187.0000000000
517 -186.0000000000
528 -185.0000000000
534 -184.0000000000
535 -183.0000000000
536 -182.0000000000
543 -181.0000000000
546 -180.0000000000
549 -179.0000000000
550 -178.0000000000
554 -177.0000000000
557 -176.0000000000
571 -175.0000000000
581 -174.0000000000
582 -173.0000000000
583 -172.0000000000
589 -171.0000000000
590 -170.0000000000
591 -169.0000000000
593 -168.0000000000
600 -167.0000000000
603 -166.0000000000
613 -165.0000000000
623 -164.0000000000
624 -163.0000000000
625 -162.0000000000
632 -161.0000000000
641 -160.0000000000
643 -159.0000000000
644 -158.0000000000
648 -157.0000000000
657 -156.0000000000
659 -155.0000000000
664 -154.0000000000
668 -153.0000000000
675 -152.0000000000
677 -151.0000000000
689 -150.0000000000
690 -149.0000000000
692 -148.0000000000
694 -147.0000000000
699 -146.0000000000
715 -145.0000000000
716 -144.0000000000
725 -143.0000000000
734 -142.0000000000
736 -141.0000000000
747 -140.0000000000
752 -139.0000000000
756 -138.0000000000
757 -137.0000000000
759 -136.0000000000
769 -135.0000000000
774 -134.0000000000
778 -133.0000000000
779 -132.0000000000
806 -131.0000000000
822 -130.0000000000
833 -129.0000000000
836 -128.0000000000
844 -127.0000000000
851 -126.0000000000
852 -125.0000000000
853 -124.0000000000
855 -123.0000000000
896 -122.0000000000
897 -121.0000000000
907 -120.0000000000
908 -119.0000000000
913 -118.0000000000
916 -117.0000000000
930 -116.0000000000
934 -115.0000000000
935 -114.0000000000
944 -113.0000000000
957 -112.0000000000
963 -111.0000000000
964 -110.0000000000
965 -109.0000000000
969 -108.0000000000
970 -107.0000000000
991 -106.0000000000
992 -105.0000000000
1003 -104.0000000000
1020 -103.0000000000
1027 -102.0000000000
1030 -101.0000000000
1032 -100.0000000000
1034 -99.0000000000
1035 -98.0000000000
1040 -97.0000000000
1055 -96.0000000000
1061 -95.0000000000
1069 -94.0000000000
1071 -93.0000000000
1077 -92.0000000000
1079 -91.0000000000
1081 -90.0000000000
1086 -89.0000000000
1116 -88.0000000000
1119 -87.0000000000
1155 -86.0000000000
1163 -85.0000000000
1164 -84.0000000000
1171 -83.0000000000
1172 -82.0000000000
1183 -81.0000000000
1185 -80.0000000000
1186 -79.0000000000
1189 -78.0000000000
1219 -77.0000000000
1225 -76.0000000000
1246 -75.0000000000
1268 -74.0000000000
1283 -73.0000000000
1297 -72.0000000000
1298 -71.0000000000
1308 -70.0000000000
1341 -69.0000000000
1349 -68.0000000000
1350 -67.0000000000
1378 -66.0000000000
1405 -65.0000000000
1413 -64.0000000000
1419 -63.0000000000
1428 -62.0000000000
1433 -61.0000000000
1440 -60.0000000000
1448 -59.0000000000
1460 -58.0000000000
1472 -57.0000000000
1486 -56.0000000000
1487 -55.0000000000
1500 -54.0000000000
1502 -53.0000000000
1510 -52.0000000000
1528 -51.0000000000
1530 -50.0000000000
1550 -49.0000000000
1562 -48.0000000000
1583 -47.0000000000
1618 -46.0000000000
1631 -45.0000000000
1664 -44.0000000000
1683 -43.0000000000
1708 -42.0000000000
1719 -41.0000000000
1727 -40.0000000000
1754 -39.0000000000
1790 -38.0000000000
1798 -37.0000000000
1818 -36.0000000000
1843 -35.0000000000
1849 -34.0000000000
1850 -33.0000000000
1853 -32.0000000000
1857 -31.0000000000
1876 -30.0000000000
1890 -29.0000000000
1891 -28.0000000000
1939 -27.0000000000
1948 -26.0000000000
2011 -25.0000000000
2029 -24.0000000000
2103 -23.0000000000
2110 -22.0000000000
2150 -21.0000000000
2194 -20.0000000000
2200 -19.0000000000
2235 -18.0000000000
2282 -17.0000000000
2283 -16.0000000000
2314 -15.0000000000
2321 -14.0000000000
2330 -13.0000000000
2428 -12.0000000000
2536 -11.0000000000
2574 -10.0000000000
2626 -9.0000000000
2648 -8.0000000000
2814 -7.0000000000
2843 -6.0000000000
2844 -5.0000000000
2858 -4.0000000000
2934 -3.0000000000
2992 -2.0000000000
3055 -1.0000000000
3094 592.0000000000
100000 -1.0000000000
evaluations raw_y
1 -373.0000000000
2 -372.0000000000
3 -371.0000000000
4 -370.0000000000
5 -369.0000000000
12 -368.0000000000
16 -367.0000000000
19 -366.0000000000
20 -365.0000000000
22 -364.0000000000
23 -363.0000000000
25 -362.0000000000
27 -361.0000000000
28 -360.0000000000
29 -359.0000000000
35 -358.0000000000
40 -357.0000000000
45 -356.0000000000
47 -355.0000000000
49 -354.0000000000
50 -353.0000000000
51 -352.0000000000
52 -351.0000000000
53 -350.0000000000
55 -349.0000000000
56 -348.0000000000
57 -347.0000000000
60 -346.0000000000
61 -345.0000000000
64 -344.0000000000
65 -343.0000000000
66 -342.0000000000
68 -341.0000000000
71 -340.0000000000
72 -339.0000000000
73 -338.0000000000
74 -337.0000000000
76 -336.0000000000
77 -335.0000000000
78 -334.0000000000
79 -333.0000000000
80 -332.0000000000
81 -331.0000000000
82 -330.0000000000
84 -329.0000000000
85 -328.0000000000
86 -327.0000000000
87 -326.0000000000
89 -325.0000000000
92 -324.0000000000
97 -323.0000000000
98 -322.0000000000
99 -321.0000000000
100 -320.0000000000
103 -319.0000000000
104 -318.0000000000
109 -317.0000000000
112 -316.0000000000
113 -315.0000000000
115 -314.0000000000
116 -313.0000000000
120 -312.0000000000
124 -311.0000000000
125 -310.0000000000
127 -309.0000000000
128 -308.0000000000
132 -307.0000000000
136 -306.0000000000
137 -305.0000000000
143 -304.0000000000
150 -303.0000000000
151 -302.0000000000
152 -301.0000000000
155 -300.0000000000
162 -299.0000000000
163 -298.0000000000
166 -297.0000000000
167 -296.0000000000
176 -295.0000000000
179 -294.0000000000
181 -293.0000000000
182 -292.0000000000
183 -291.0000000000
188 -290.0000000000
196 -289.0000000000
198 -288.0000000000
200 -287.0000000000
203 -286.0000000000
205 -285.0000000000
210 -284.0000000000
211 -283.0000000000
212 -282.0000000000
214 -281.0000000000
215 -280.0000000000
216 -279.0000000000
217 -278.0000000000
220 -277.0000000000
221 -276.0000000000
223 -275.0000000000
225 -274.0000000000
226 -273.0000000000
227 -272.0000000000
231 -271.0000000000
232 -270.0000000000
240 -269.0000000000
246 -268.0000000000
248 -267.0000000000
251 -266.0000000000
252 -265.0000000000
254 -264.0000000000
255 -263.0000000000
258 -262.0000000000
260 -261.0000000000
262 -260.0000000000
268 -259.0000000000
273 -258.0000000000
274 -257.0000000000
275 -256.0000000000
276 -255.0000000000
280 -254.0000000000
281 -253.0000000000
284 -252.0000000000
286 -251.0000000000
287 -250.0000000000
288 -249.0000000000
293 -248.0000000000
296 -247.0000000000
299 -246.0000000000
308 -245.0000000000
310 -244.0000000000
312 -243.0000000000
313 -242.0000000000
314 -241.0000000000
316 -240.0000000000
318 -239.0000000000
319 -238.0000000000
320 -237.0000000000
321 -236.0000000000
322 -235.0000000000
328 -234.0000000000
329 -233.0000000000
330 -232.0000000000
331 -231.0000000000
336 -230.0000000000
337 -229.0000000000
338 -228.0000000000
339 -227.0000000000
342 -226.0000000000
344 -225.0000000000
345 -224.0000000000
346 -223.0000000000
351 -222.0000000000
359 -221.0000000000
368 -220.0000000000
369 -219.0000000000
373 -218.0000000000
377 -217.0000000000
386 -216.0000000000
394 -215.0000000000
397 -214.0000000000
399 -213.0000000000
403 -212.0000000000
405 -211.0000000000
414 -210.0000000000
415 -209.0000000000
424 -208.0000000000
426 -207.0000000000
428 -206.0000000000
437 -205.0000000000
440 -204.0000000000
451 -203.0000000000
458 -202.0000000000
467 -201.0000000000
468 -200.0000000000
470 -199.0000000000
479 -198.0000000000
480 -197.0000000000
481 -196.0000000000
495 -195.0000000000
496 -194.0000000000
500 -193.0000000000
505 -192.0000000000
515 -191.0000000000
518 -190.0000000000
523 -189.0000000000
526 -188.0000000000
527 -187.0000000000
529 -186.0000000000
532 -185.0000000000
533 -184.0000000000
538 -183.0000000000
539 -182.0000000000
542 -181.0000000000
547 -180.0000000000
548 -179.0000000000
554 -178.0000000000
561 -177.0000000000
564 -176.0000000000
568 -175.0000000000
571 -174.0000000000
582 -173.0000000000
584 -172.0000000000
589 -171.0000000000
597 -170.0000000000
605 -169.0000000000
609 -168.0000000000
614 -167.0000000000
617 -166.0000000000
619 -165.0000000000
631 -164.0000000000
636 -163.0000000000
639 -162.0000000000
641 -161.0000000000
647 -160.0000000000
649 -159.0000000000
650 -158.0000000000
654 -157.0000000000
661 -156.0000000000
662 -155.0000000000
670 -154.0000000000
673 -153.0000000000
676 -152.0000000000
678 -151.0000000000
679 -150.0000000000
686 -149.0000000000
699 -148.0000000000
700 -147.0000000000
709 -146.0000000000
716 -145.0000000000
717 -144.0000000000
721 -143.0000000000
726 -142.0000000000
727 -141.0000000000
734 -140.0000000000
736 -139.0000000000
737 -138.0000000000
750 -137.0000000000
751 -136.0000000000
757 -135.0000000000
759 -134.0000000000
764 -133.0000000000
769 -132.0000000000
778 -131.0000000000
782 -130.0000000000
784 -129.0000000000
785 -128.0000000000
789 -127.0000000000
792 -126.0000000000
793 -125.0000000000
818 -124.0000000000
827 -123.0000000000
828 -122.0000000000
852 -121.0000000000
861 -120.0000000000
868 -119.0000000000
875 -118.0000000000
878 -117.0000000000
882 -116.0000000000
887 -115.0000000000
893 -114.0000000000
895 -113.0000000000
898 -112.0000000000
911 -111.0000000000
931 -110.0000000000
939 -109.0000000000
959 -108.0000000000
968 -107.0000000000
975 -106.0000000000
991 -105.0000000000
1002 -104.0000000000
1020 -103.0000000000
1021 -102.0000000000
1022 -101.0000000000
1026 -100.0000000000
1036 -99.0000000000
1045 -98.0000000000
1047 -97.0000000000
1048 -96.0000000000
1050 -95.0000000000
1080 -94.0000000000
1082 -93.0000000000
1083 -92.0000000000
1092 -91.0000000000
1107 -90.0000000000
1115 -89.0000000000
1119 -88.0000000000
1122 -87.0000000000
1124 -86.0000000000
1134 -85.0000000000
1142 -84.0000000000
1145 -83.0000000000
1150 -82.0000000000
1151 -81.0000000000
1157 -80.0000000000
1162 -79.0000000000
1173 -78.0000000000
1203 -77.0000000000
1236 -76.0000000000
1239 -75.0000000000
1243 -74.0000000000
1269 -73.0000000000
1279 -72.0000000000
1289 -71.0000000000
1314 -70.0000000000
1322 -69.0000000000
1327 -68.0000000000
1331 -67.0000000000
1340 -66.0000000000
1344 -65.0000000000
1346 -64.0000000000
1351 -63.0000000000
1357 -62.0000000000
1369 -61.0000000000
1370 -60.0000000000
1373 -59.0000000000
1383 -58.0000000000
1385 -57.0000000000
1397 -56.0000000000
1418 -55.0000000000
1461 -54.0000000000
1462 -53.0000000000
1464 -52.0000000000
1469 -51.0000000000
1472 -50.0000000000
1542 -49.0000000000
1544 -48.0000000000
1561 -47.0000000000
1592 -46.0000000000
1598 -45.0000000000
1600 -44.0000000000
1625 -43.0000000000
1631 -42.0000000000
1714 -41.0000000000
1730 -40.0000000000
1734 -39.0000000000
1748 -38.0000000000
1752 -37.0000000000
1776 -36.0000000000
1796 -35.0000000000
1815 -34.0000000000
1819 -33.0000000000
1878 -32.0000000000
1879 -31.0000000000
1880 -30.0000000000
1893 -29.0000000000
1911 -28.0000000000
1942 -27.0000000000
1944 -26.0000000000
1948 -25.0000000000
1973 -24.0000000000
1979 -23.0000000000
2003 -22.0000000000
2012 -21.0000000000
2017 -20.0000000000
2023 -19.0000000000
2061 -18.0000000000
2093 -17.0000000000
2115 -16.0000000000
2129 -15.0000000000
2133 -14.0000000000
2147 -13.0000000000
2151 -12.0000000000
2156 -11.0000000000
2194 -10.0000000000
2210 -9.0000000000
2280 -8.0000000000
2295 -7.0000000000
2358 -6.0000000000
2455 -5.0000000000
2468 -4.0000000000
2578 -3.0000000000
2642 -2.0000000000
2650 -1.0000000000
2713 552.0000000000
100000 -1.0000000000
evaluations raw_y
1 -358.0000000000
2 -357.0000000000
3 -356.0000000000
5 -355.0000000000
6 -354.0000000000
9 -353.0000000000
10 -352.0000000000
13 -351.0000000000
14 -350.0000000000
15 -349.0000000000
17 -348.0000000000
18 -347.0000000000
21 -346.0000000000
22 -345.0000000000
23 -344.0000000000
30 -343.0000000000
32 -342.0000000000
33 -341.0000000000
34 -340.0000000000
36 -339.0000000000
37 -338.0000000000
38 -337.0000000000
39 -336.0000000000
41 -335.0000000000
44 -334.0000000000
45 -333.0000000000
46 -332.0000000000
49 -331.0000000000
51 -330.0000000000
52 -329.0000000000
53 -328.0000000000
58 -327.0000000000
59 -326.0000000000
62 -325.0000000000
63 -324.0000000000
66 -323.0000000000
67 -322.0000000000
68 -321.0000000000
69 -320.0000000000
71 -319.0000000000
73 -318.0000000000
74 -317.0000000000
77 -316.0000000000
78 -315.0000000000
85 -314.0000000000
86 -313.0000000000
87 -312.0000000000
88 -311.0000000000
90 -310.0000000000
91 -309.0000000000
93 -308.0000000000
96 -307.0000000000
98 -306.0000000000
99 -305.0000000000
102 -304.0000000000
107 -303.0000000000
108 -302.0000000000
119 -301.0000000000
120 -300.0000000000
121 -299.0000000000
124 -298.0000000000
125 -297.0000000000
127 -296.0000000000
134 -295.0000000000
136 -294.0000000000
138 -293.0000000000
139 -292.0000000000
141 -291.0000000000
142 -290.0000000000
145 -289.0000000000
157 -288.0000000000
158 -287.0000000000
159 -286.0000000000
162 -285.0000000000
169 -284.0000000000
170 -283.0000000000
171 -282.0000000000
172 -281.0000000000
176 -280.0000000000
179 -279.0000000000
183 -278.0000000000
185 -277.0000000000
188 -276.0000000000
189 -275.0000000000
190 -274.0000000000
193 -273.0000000000
198 -272.0000000000
203 -271.0000000000
204 -270.0000000000
210 -269.0000000000
212 -268.0000000000
214 -267.0000000000
215 -266.0000000000
220 -265.0000000000
224 -264.0000000000
225 -263.0000000000
227 -262.0000000000
231 -261.0000000000
233 -260.0000000000
250 -259.0000000000
252 -258.0000000000
255 -257.0000000000
256 -256.0000000000
263 -255.0000000000
264 -254.0000000000
267 -253.0000000000
275 -252.0000000000
276 -251.0000000000
277 -250.0000000000
278 -249.0000000000
283 -248.0000000000
286 -247.0000000000
295 -246.0000000000
300 -245.0000000000
301 -244.0000000000
302 -243.0000000000
305 -242.0000000000
306 -241.0000000000
311 -240.0000000000
312 -239.0000000000
320 -238.0000000000
322 -237.0000000000
325 -236.0000000000
327 -235.0000000000
329 -234.0000000000
330 -233.0000000000
342 -232.0000000000
347 -231.0000000000
349 -230.0000000000
354 -229.0000000000
357 -228.0000000000
358 -227.0000000000
361 -226.0000000000
363 -225.0000000000
366 -224.0000000000
370 -223.0000000000
371 -222.0000000000
372 -221.0000000000
377 -220.0000000000
379 -219.0000000000
380 -218.0000000000
387 -217.0000000000
394 -216.0000000000
401 -215.0000000000
416 -214.0000000000
420 -213.0000000000
421 -212.0000000000
423 -211.0000000000
429 -210.0000000000
435 -209.0000000000
436 -208.0000000000
439 -207.0000000000
440 -206.0000000000
442 -205.0000000000
444 -204.0000000000
445 -203.0000000000
449 -202.0000000000
457 -201.0000000000
459 -200.0000000000
460 -199.0000000000
461 -198.0000000000
462 -197.0000000000
465 -196.0000000000
466 -195.0000000000
467 -194.0000000000
477 -193.0000000000
481 -192.0000000000
488 -191.0000000000
497 -190.0000000000
501 -189.0000000000
511 -188.0000000000
514 -187.0000000000
515 -186.0000000000
517 -185.0000000000
525 -184.0000000000
526 -183.0000000000
527 -182.0000000000
533 -181.0000000000
534 -180.0000000000
547 -179.0000000000
556 -178.0000000000
565 -177.0000000000
566 -176.0000000000
568 -175.0000000000
575 -174.0000000000
578 -173.0000000000
582 -172.0000000000
587 -171.0000000000
591 -170.0000000000
595 -169.0000000000
600 -168.0000000000
601 -167.0000000000
605 -166.0000000000
609 -165.0000000000
618 -164.0000000000
624 -163.0000000000
626 -162.0000000000
629 -161.0000000000
634 -160.0000000000
639 -159.0000000000
647 -158.0000000000
648 -157.0000000000
655 -156.0000000000
660 -155.0000000000
668 -154.0000000000
670 -153.0000000000
674 -152.0000000000
683 -151.0000000000
685 -150.0000000000
690 -149.0000000000
696 -148.0000000000
697 -147.0000000000
699 -146.0000000000
700 -145.0000000000
702 -144.0000000000
703 -143.0000000000
704 -142.0000000000
705 -141.0000000000
708 -140.0000000000
710 -139.0000000000
716 -138.0000000000
724 -137.0000000000
727 -136.0000000000
734 -135.0000000000
738 -134.0000000000
740 -133.0000000000
743 -132.0000000000
750 -131.0000000000
755 -130.0000000000
762 -129.0000000000
766 -128.0000000000
785 -127.0000000000
789 -126.0000000000
790 -125.0000000000
810 -124.0000000000
825 -123.0000000000
829 -122.0000000000
833 -121.0000000000
838 -120.0000000000
839 -119.0000000000
846 -118.0000000000
851 -117.0000000000
853 -116.0000000000
855 -115.0000000000
857 -114.0000000000
859 -113.0000000000
872 -112.0000000000
875 -111.0000000000
878 -110.0000000000
889 -109.0000000000
896 -108.0000000000
897 -107.0000000000
904 -106.0000000000
910 -105.0000000000
915 -104.0000000000
917 -103.0000000000
919 -102.0000000000
921 -101.0000000000
931 -100.0000000000
934 -99.0000000000
939 -98.0000000000
941 -97.0000000000
952 -96.0000000000
957 -95.0000000000
959 -94.0000000000
972 -93.0000000000
1000 -92.0000000000
1007 -91.0000000000
1008 -90.0000000000
1047 -89.0000000000
1051 -88.0000000000
1054 -87.0000000000
1062 -86.0000000000
1064 -85.0000000000
1072 -84.0000000000
1075 -83.0000000000
1091 -82.0000000000
1096 -81.0000000000
1111 -80.0000000000
1119 -79.0000000000
1120 -78.0000000000
1122 -77.0000000000
1136 -76.0000000000
1138 -75.0000000000
1140 -74.0000000000
1141 -73.0000000000
1158 -72.0000000000
1175 -71.0000000000
1187 -70.0000000000
1188 -69.0000000000
1211 -68.0000000000
1214 -67.0000000000
1219 -66.0000000000
1221 -65.0000000000
1223 -64.0000000000
1264 -63.0000000000
1274 -62.0000000000
1293 -61.0000000000
1301 -60.0000000000
1304 -59.0000000000
1312 -58.0000000000
1314 -57.0000000000
1342 -56.0000000000
1349 -55.0000000000
1352 -54.0000000000
1364 -53.0000000000
1365 -52.0000000000
1378 -51.0000000000
1392 -50.0000000000
1402 -49.0000000000
1414 -48.0000000000
1443 -47.0000000000
1444 -46.0000000000
1460 -45.0000000000
1475 -44.0000000000
1477 -43.0000000000
1489 -42.0000000000
1492 -41.0000000000
1520 -40.0000000000
1542 -39.0000000000
1571 -38.0000000000
1580 -37.0000000000
1582 -36.0000000000
1601 -35.0000000000
1627 -34.0000000000
1645 -33.0000000000
1652 -32.0000000000
1660 -31.0000000000
1662 -30.0000000000
1684 -29.0000000000
1711 -28.0000000000
1741 -27.0000000000
1743 -26.0000000000
1760 -25.0000000000
1769 -24.0000000000
1802 -23.0000000000
1828 -22.0000000000
1835 -21.0000000000
1869 -20.0000000000
1913 -19.0000000000
1944 -18.0000000000
1958 -17.0000000000
1997 -16.0000000000
2004 -15.0000000000
2048 -14.0000000000
2073 -13.0000000000
2074 -12.0000000000
2115 -11.0000000000
2169 -10.0000000000
2174 -9.0000000000
2184 -8.0000000000
2186 -7.0000000000
2205 -6.0000000000
2212 -5.0000000000
2252 -4.0000000000
2282 -3.0000000000
2386 -2.0000000000
2453 -1.0000000000
2559 550.0000000000
100000 -1.0000000000
evaluations raw_y
1 -352.0000000000
4 -351.0000000000
6 -350.0000000000
9 -349.0000000000
12 -348.0000000000
16 -347.0000000000
20 -346.0000000000
22 -345.0000000000
25 -344.0000000000
26 -343.0000000000
27 -342.0000000000
29 -341.0000000000
31 -340.0000000000
32 -339.0000000000
35 -338.0000000000
38 -337.0000000000
39 -336.0000000000
40 -335.0000000000
42 -334.0000000000
43 -333.0000000000
44 -332.0000000000
47 -331.0000000000
48 -330.0000000000
49 -329.0000000000
51 -328.0000000000
55 -327.0000000000
56 -326.0000000000
58 -325.0000000000
59 -324.0000000000
60 -323.0000000000
61 -322.0000000000
68 -321.0000000000
69 -320.0000000000
70 -319.0000000000
71 -318.0000000000
72 -317.0000000000
73 -316.0000000000
74 -315.0000000000
76 -314.0000000000
77 -313.0000000000
81 -312.0000000000
82 -311.0000000000
83 -310.0000000000
86 -309.0000000000
87 -308.0000000000
89 -307.0000000000
97 -306.0000000000
98 -305.0000000000
99 -304.0000000000
104 -303.0000000000
108 -302.0000000000
115 -301.0000000000
119 -300.0000000000
121 -299.0000000000
123 -298.0000000000
125 -297.0000000000
126 -296.0000000000
127 -295.0000000000
129 -294.0000000000
130 -293.0000000000
131 -292.0000000000
134 -291.0000000000
135 -290.0000000000
137 -289.0000000000
139 -288.0000000000
142 -287.0000000000
143 -286.0000000000
144 -285.0000000000
147 -284.0000000000
149 -283.0000000000
150 -282.0000000000
157 -281.0000000000
158 -280.0000000000
160 -279.0000000000
162 -278.0000000000
163 -277.0000000000
167 -276.0000000000
170 -275.0000000000
171 -274.0000000000
174 -273.0000000000
175 -272.0000000000
176 -271.0000000000
177 -270.0000000000
180 -269.0000000000
181 -268.0000000000
182 -267.0000000000
185 -266.0000000000
188 -265.0000000000
189 -264.0000000000
191 -263.0000000000
194 -262.0000000000
197 -261.0000000000
198 -260.0000000000
199 -259.0000000000
200 -258.0000000000
201 -257.0000000000
206 -256.0000000000
208 -255.0000000000
210 -254.0000000000
212 -253.0000000000
214 -252.0000000000
215 -251.0000000000
218 -250.0000000000
219 -249.0000000000
220 -248.0000000000
221 -247.0000000000
222 -246.0000000000
230 -245.0000000000
232 -244.0000000000
233 -243.0000000000
237 -242.0000000000
241 -241.0000000000
245 -240.0000000000
247 -239.0000000000
251 -238.0000000000
260 -237.0000000000
261 -236.0000000000
265 -235.0000000000
268 -234.0000000000
269 -233.0000000000
270 -232.0000000000
273 -231.0000000000
279 -230.0000000000
281 -229.0000000000
285 -228.0000000000
289 -227.0000000000
291 -226.0000000000
294 -225.0000000000
295 -224.0000000000
297 -223.0000000000
299 -222.0000000000
302 -221.0000000000
309 -220.0000000000
310 -219.0000000000
313 -218.0000000000
314 -217.0000000000
315 -216.0000000000
317 -215.0000000000
318 -214.0000000000
321 -213.0000000000
325 -212.0000000000
332 -211.0000000000
336 -210.0000000000
351 -209.0000000000
357 -208.0000000000
359 -207.0000000000
360 -206.0000000000
363 -205.0000000000
364 -204.0000000000
365 -203.0000000000
377 -202.0000000000
381 -201.0000000000
382 -200.0000000000
388 -199.0000000000
394 -198.0000000000
397 -197.0000000000
400 -196.0000000000
406 -195.0000000000
413 -194.0000000000
420 -193.0000000000
424 -192.0000000000
428 -191.0000000000
429 -190.0000000000
430 -189.0000000000
443 -188.0000000000
445 -187.0000000000
455 -186.0000000000
456 -185.0000000000
462 -184.0000000000
468 -183.0000000000
471 -182.0000000000
492 -181.0000000000
494 -180.0000000000
497 -179.0000000000
514 -178.0000000000
517 -177.0000000000
519 -176.0000000000
520 -175.0000000000
522 -174.0000000000
540 -173.0000000000
541 -172.0000000000
544 -171.0000000000
545 -170.0000000000
549 -169.0000000000
550 -168.0000000000
552 -167.0000000000
556 -166.0000000000
557 -165.0000000000
559 -164.0000000000
565 -163.0000000000
567 -162.0000000000
573 -161.0000000000
574 -160.0000000000
578 -159.0000000000
579 -158.0000000000
585 -157.0000000000
587 -156.0000000000
588 -155.0000000000
594 -154.0000000000
605 -153.0000000000
612 -152.0000000000
627 -151.0000000000
628 -150.0000000000
638 -149.0000000000
641 -148.0000000000
645 -147.0000000000
650 -146.0000000000
652 -145.0000000000
656 -144.0000000000
665 -143.0000000000
668 -142.0000000000
671 -141.0000000000
675 -140.0000000000
678 -139.0000000000
682 -138.0000000000
688 -137.0000000000
690 -136.0000000000
707 -135.0000000000
712 -134.0000000000
714 -133.0000000000
715 -132.0000000000
716 -131.0000000000
735 -130.0000000000
741 -129.0000000000
755 -128.0000000000
756 -127.0000000000
762 -126.0000000000
771 -125.0000000000
780 -124.0000000000
781 -123.0000000000
787 -122.0000000000
792 -121.0000000000
798 -120.0000000000
810 -119.0000000000
814 -118.0000000000
820 -117.0000000000
823 -116.0000000000
825 -115.0000000000
827 -114.0000000000
829 -113.0000000000
844 -112.0000000000
845 -111.0000000000
847 -110.0000000000
859 -109.0000000000
863 -108.0000000000
874 -107.0000000000
881 -106.0000000000
882 -105.0000000000
891 -104.0000000000
893 -103.0000000000
894 -102.0000000000
897 -101.0000000000
899 -100.0000000000
905 -99.0000000000
906 -98.0000000000
940 -97.0000000000
953 -96.0000000000
954 -95.0000000000
962 -94.0000000000
965 -93.0000000000
966 -92.0000000000
967 -91.0000000000
972 -90.0000000000
974 -89.0000000000
980 -88.0000000000
984 -87.0000000000
988 -86.0000000000
991 -85.0000000000
997 -84.0000000000
999 -83.0000000000
1025 -82.0000000000
1049 -81.0000000000
1053 -80.0000000000
1057 -79.0000000000
1075 -78.0000000000
1080 -77.0000000000
1089 -76.0000000000
1091 -75.0000000000
1094 -74.0000000000
1110 -73.0000000000
1113 -72.0000000000
1158 -71.0000000000
1159 -70.0000000000
1164 -69.0000000000
1180 -68.0000000000
1216 -67.0000000000
1229 -66.0000000000
1236 -65.0000000000
1238 -64.0000000000
1239 -63.0000000000
1247 -62.0000000000
1252 -61.0000000000
1257 -60.0000000000
1286 -59.0000000000
1287 -58.0000000000
1290 -57.0000000000
1338 -56.0000000000
1343 -55.0000000000
1355 -54.0000000000
1365 -53.0000000000
1379 -52.0000000000
1394 -51.0000000000
1398 -50.0000000000
1399 -49.0000000000
1412 -48.0000000000
1422 -47.0000000000
1427 -46.0000000000
1442 -45.0000000000
1447 -44.0000000000
1448 -43.0000000000
1462 -42.0000000000
1477 -41.0000000000
1527 -40.0000000000
1531 -39.0000000000
1555 -38.0000000000
1582 -37.0000000000
1613 -36.0000000000
1647 -35.0000000000
1651 -34.0000000000
1685 -33.0000000000
1708 -32.0000000000
1722 -31.0000000000
1725 -30.0000000000
1731 -29.0000000000
1749 -28.0000000000
1757 -27.0000000000
1760 -26.0000000000
1794 -25.0000000000
1812 -24.0000000000
1864 -23.0000000000
1899 -22.0000000000
1900 -21.0000000000
1907 -20.0000000000
1922 -19.0000000000
1931 -18.0000000000
1938 -17.0000000000
1970 -16.0000000000
2069 -15.0000000000
2078 -14.0000000000
2118 -13.0000000000
2122 -12.0000000000
2186 -11.0000000000
2216 -10.0000000000
2274 -9.0000000000
2292 -8.0000000000
2316 -7.0000000000
2335 -6.0000000000
2352 -5.0000000000
2414 -4.0000000000
2432 -3.0000000000
2435 -2.0000000000
2455 -1.0000000000
2463 590.0000000000
100000 -1.0000000000
evaluations raw_y
1 -379.0000000000
2 -378.0000000000
4 -377.0000000000
5 -376.0000000000
6 -375.0000000000
8 -374.0000000000
9 -373.0000000000
10 -372.0000000000
12 -371.0000000000
14 -370.0000000000
15 -369.0000000000
16 -368.0000000000
17 -367.0000000000
18 -366.0000000000
19 -365.0000000000
20 -364.0000000000
21 -363.0000000000
22 -362.0000000000
23 -361.0000000000
27 -360.0000000000
30 -359.0000000000
31 -358.0000000000
32 -357.0000000000
33 -356.0000000000
34 -355.0000000000
35 -354.0000000000
37 -353.0000000000
40 -352.0000000000
41 -351.0000000000
44 -350.0000000000
46 -349.0000000000
48 -348.0000000000
49 -347.0000000000
51 -346.0000000000
55 -345.0000000000
57 -344.0000000000
58 -343.0000000000
59 -342.0000000000
64 -341.0000000000
67 -340.0000000000
69 -339.0000000000
71 -338.0000000000
80 -337.0000000000
83 -336.0000000000
85 -335.0000000000
86 -334.0000000000
88 -333.0000000000
91 -332.0000000000
94 -331.0000000000
101 -330.0000000000
102 -329.0000000000
103 -328.0000000000
104 -327.0000000000
105 -326.0000000000
107 -325.0000000000
108 -324.0000000000
109 -323.0000000000
110 -322.0000000000
116 -321.0000000000
117 -320.0000000000
119 -319.0000000000
120 -318.0000000000
127 -317.0000000000
128 -316.0000000000
129 -315.0000000000
131 -314.0000000000
133 -313.0000000000
135 -312.0000000000
136 -311.0000000000
138 -310.0000000000
139 -309.0000000000
140 -308.0000000000
144 -307.0000000000
145 -306.0000000000
146 -305.0000000000
147 -304.0000000000
149 -303.0000000000
150 -302.0000000000
151 -301.0000000000
153 -300.0000000000
155 -299.0000000000
156 -298.0000000000
158 -297.0000000000
170 -296.0000000000
173 -295.0000000000
174 -294.0000000000
175 -293.0000000000
176 -292.0000000000
178 -291.0000000000
185 -290.0000000000
187 -289.0000000000
188 -288.0000000000
190 -287.0000000000
193 -286.0000000000
195 -285.0000000000
196 -284.0000000000
197 -283.0000000000
199 -282.0000000000
201 -281.0000000000
205 -280.0000000000
206 -279.0000000000
207 -278.0000000000
209 -277.0000000000
210 -276.0000000000
216 -275.0000000000
219 -274.0000000000
222 -273.0000000000
224 -272.0000000000
225 -271.0000000000
230 -270.0000000000
233 -269.0000000000
234 -268.0000000000
235 -267.0000000000
238 -266.0000000000
241 -265.0000000000
250 -264.0000000000
252 -263.0000000000
255 -262.0000000000
257 -261.0000000000
260 -260.0000000000
261 -259.0000000000
262 -258.0000000000
268 -257.0000000000
270 -256.0000000000
272 -255.0000000000
274 -254.0000000000
280 -253.0000000000
284 -252.0000000000
287 -251.0000000000
292 -250.0000000000
293 -249.0000000000
298 -248.0000000000
300 -247.0000000000
303 -246.0000000000
307 -245.0000000000
311 -244.0000000000
312 -243.0000000000
313 -242.0000000000
326 -241.0000000000
329 -240.0000000000
331 -239.0000000000
336 -238.0000000000
337 -237.0000000000
338 -236.0000000000
340 -235.0000000000
346 -234.0000000000
353 -233.0000000000
371 -232.0000000000
373 -231.0000000000
377 -230.0000000000
382 -229.0000000000
390 -228.0000000000
391 -227.0000000000
392 -226.0000000000
398 -225.0000000000
400 -224.0000000000
407 -223.0000000000
414 -222.0000000000
421 -221.0000000000
423 -220.0000000000
424 -219.0000000000
426 -218.0000000000
428 -217.0000000000
436 -216.0000000000
437 -215.0000000000
439 -214.0000000000
447 -213.0000000000
452 -212.0000000000
454 -211.0000000000
455 -210.0000000000
458 -209.0000000000
460 -208.0000000000
463 -207.0000000000
465 -206.0000000000
468 -205.0000000000
472 -204.0000000000
478 -203.0000000000
484 -202.0000000000
485 -201.0000000000
487 -200.0000000000
490 -199.0000000000
493 -198.0000000000
495 -197.0000000000
496 -196.0000000000
498 -195.0000000000
499 -194.0000000000
504 -193.0000000000
510 -192.0000000000
515 -191.0000000000
517 -190.0000000000
520 -189.0000000000
521 -188.0000000000
530 -187.0000000000
533 -186.0000000000
538 -185.0000000000
540 -184.0000000000
542 -183.0000000000
551 -182.0000000000
553 -181.0000000000
556 -180.0000000000
558 -179.0000000000
566 -178.0000000000
570 -177.0000000000
578 -176.0000000000
582 -175.0000000000
584 -174.0000000000
585 -173.0000000000
586 -172.0000000000
587 -171.0000000000
590 -170.0000000000
600 -169.0000000000
603 -168.0000000000
604 -167.0000000000
613 -166.0000000000
621 -165.0000000000
622 -164.0000000000
627 -163.0000000000
628 -162.0000000000
633 -161.0000000000
634 -160.0000000000
635 -159.0000000000
636 -158.0000000000
651 -157.0000000000
652 -156.0000000000
658 -155.0000000000
660 -154.0000000000
666 -153.0000000000
674 -152.0000000000
690 -151.0000000000
691 -150.0000000000
697 -149.0000000000
705 -148.0000000000
711 -147.0000000000
715 -146.0000000000
719 -145.0000000000
722 -144.0000000000
723 -143.0000000000
724 -142.0000000000
730 -141.0000000000
734 -140.0000000000
737 -139.0000000000
742 -138.0000000000
745 -137.0000000000
749 -136.0000000000
757 -135.0000000000
760 -134.0000000000
779 -133.0000000000
785 -132.0000000000
805 -131.0000000000
809 -130.0000000000
813 -129.0000000000
822 -128.0000000000
832 -127.0000000000
834 -126.0000000000
838 -125.0000000000
845 -124.0000000000
850 -123.0000000000
855 -122.0000000000
858 -121.0000000000
862 -120.0000000000
864 -119.0000000000
868 -118.0000000000
872 -117.0000000000
882 -116.0000000000
883 -115.0000000000
885 -114.0000000000
889 -113.0000000000
895 -112.0000000000
910 -111.0000000000
916 -110.0000000000
932 -109.0000000000
955 -108.0000000000
983 -107.0000000000
986 -106.0000000000
1002 -105.0000000000
1010 -104.0000000000
1015 -103.0000000000
1019 -102.0000000000
1031 -101.0000000000
1050 -100.0000000000
1058 -99.0000000000
1072 -98.0000000000
1098 -97.0000000000
1101 -96.0000000000
1120 -95.0000000000
1123 -94.0000000000
1142 -93.0000000000
1148 -92.0000000000
1154 -91.0000000000
1159 -90.0000000000
1179 -89.0000000000
1213 -88.0000000000
1214 -87.0000000000
1223 -86.0000000000
1230 -85.0000000000
1235 -84.0000000000
1245 -83.0000000000
1246 -82.0000000000
1248 -81.0000000000
1249 -80.0000000000
1263 -79.0000000000
1278 -78.0000000000
1286 -77.0000000000
1292 -76.0000000000
1299 -75.0000000000
1312 -74.0000000000
1315 -73.0000000000
1325 -72.0000000000
1342 -71.0000000000
1355 -70.0000000000
1368 -69.0000000000
1371 -68.0000000000
1379 -67.0000000000
1388 -66.0000000000
1394 -65.0000000000
1403 -64.0000000000
1406 -63.0000000000
1419 -62.0000000000
1425 -61.0000000000
1463 -60.0000000000
1464 -59.0000000000
1468 -58.0000000000
1475 -57.0000000000
1492 -56.0000000000
1544 -55.0000000000
1546 -54.0000000000
1547 -53.0000000000
1551 -52.0000000000
1584 -51.0000000000
1599 -50.0000000000
1607 -49.0000000000
1617 -48.0000000000
1623 -47.0000000000
1637 -46.0000000000
1646 -45.0000000000
1658 -44.0000000000
1661 -43.0000000000
1662 -42.0000000000
1668 -41.0000000000
1689 -40.0000000000
1723 -39.0000000000
1732 -38.0000000000
1746 -37.0000000000
1766 -36.0000000000
1781 -35.0000000000
1793 -34.0000000000
1862 -33.0000000000
1874 -32.0000000000
1888 -31.0000000000
1907 -30.0000000000
1947 -29.0000000000
1949 -28.0000000000
1995 -27.0000000000
2013 -26.0000000000
2024 -25.0000000000
2028 -24.0000000000
2053 -23.0000000000
2098 -22.0000000000
2121 -21.0000000000
2134 -20.0000000000
2157 -19.0000000000
2190 -18.0000000000
2196 -17.0000000000
2290 -16.0000000000
2318 -15.0000000000
2323 -14.0000000000
2375 -13.0000000000
2381 -12.0000000000
2412 -11.0000000000
2421 -10.0000000000
2446 -9.0000000000
2521 -8.0000000000
2584 -7.0000000000
2602 -6.0000000000
2607 -5.0000000000
2661 -4.0000000000
2671 -3.0000000000
2784 -2.0000000000
3244 -1.0000000000
3327 604.0000000000
100000 -1.0000000000
evaluations raw_y
1 -372.0000000000
2 -371.0000000000
3 -370.0000000000
5 -369.0000000000
8 -368.0000000000
10 -367.0000000000
11 -366.0000000000
14 -365.0000000000
15 -364.0000000000
16 -363.0000000000
21 -362.0000000000
22 -361.0000000000
23 -360.0000000000
24 -359.0000000000
27 -358.0000000000
28 -357.0000000000
31 -356.0000000000
32 -355.0000000000
33 -354.0000000000
36 -353.0000000000
39 -352.0000000000
43 -351.0000000000
44 -350.0000000000
45 -349.0000000000
49 -348.0000000000
51 -347.0000000000
52 -346.0000000000
53 -345.0000000000
55 -344.0000000000
62 -343.0000000000
64 -342.0000000000
66 -341.0000000000
67 -340.0000000000
68 -339.0000000000
72 -338.0000000000
74 -337.0000000000
80 -336.0000000000
81 -335.0000000000
87 -334.0000000000
88 -333.0000000000
89 -332.0000000000
90 -331.0000000000
91 -330.0000000000
93 -329.0000000000
94 -328.0000000000
95 -327.0000000000
98 -326.0000000000
104 -325.0000000000
105 -324.0000000000
109 -323.0000000000
113 -322.0000000000
118 -321.0000000000
119 -320.0000000000
120 -319.0000000000
121 -318.0000000000
125 -317.0000000000
126 -316.0000000000
127 -315.0000000000
129 -314.0000000000
130 -313.0000000000
131 -312.0000000000
132 -311.0000000000
134 -310.0000000000
135 -309.0000000000
139 -308.0000000000
142 -307.0000000000
144 -306.0000000000
145 -305.0000000000
149 -304.0000000000
151 -303.0000000000
153 -302.0000000000
157 -301.0000000000
158 -300.0000000000
159 -299.0000000000
160 -298.0000000000
161 -297.0000000000
164 -296.0000000000
165 -295.0000000000
166 -294.0000000000
167 -293.0000000000
170 -292.0000000000
171 -291.0000000000
172 -290.0000000000
174 -289.0000000000
177 -288.0000000000
182 -287.0000000000
184 -286.0000000000
185 -285.0000000000
187 -284.0000000000
189 -283.0000000000
192 -282.0000000000
196 -281.0000000000
200 -280.0000000000
202 -279.0000000000
209 -278.0000000000
214 -277.0000000000
215 -276.0000000000
216 -275.0000000000
219 -274.0000000000
220 -273.0000000000
221 -272.0000000000
222 -271.0000000000
225 -270.0000000000
226 -269.0000000000
228 -268.0000000000
232 -267.0000000000
235 -266.0000000000
237 -265.0000000000
238 -264.0000000000
242 -263.0000000000
246 -262.0000000000
248 -261.0000000000
253 -260.0000000000
257 -259.0000000000
260 -258.0000000000
263 -257.0000000000
267 -256.0000000000
270 -255.0000000000
273 -254.0000000000
278 -253.0000000000
279 -252.0000000000
281 -251.0000000000
285 -250.0000000000
287 -249.0000000000
288 -248.0000000000
293 -247.0000000000
299 -246.0000000000
301 -245.0000000000
303 -244.0000000000
306 -243.0000000000
312 -242.0000000000
315 -241.0000000000
326 -240.0000000000
327 -239.0000000000
329 -238.0000000000
331 -237.0000000000
336 -236.0000000000
350 -235.0000000000
353 -234.0000000000
359 -233.0000000000
363 -232.0000000000
370 -231.0000000000
377 -230.0000000000
381 -229.0000000000
382 -228.0000000000
383 -227.0000000000
396 -226.0000000000
399 -225.0000000000
400 -224.0000000000
401 -223.0000000000
402 -222.0000000000
412 -221.0000000000
413 -220.0000000000
416 -219.0000000000
418 -218.0000000000
424 -217.0000000000
427 -216.0000000000
428 -215.0000000000
432 -214.0000000000
433 -213.0000000000
434 -212.0000000000
437 -211.0000000000
438 -210.0000000000
440 -209.0000000000
446 -208.0000000000
447 -207.0000000000
448 -206.0000000000
450 -205.0000000000
451 -204.0000000000
452 -203.0000000000
455 -202.0000000000
456 -201.0000000000
461 -200.0000000000
470 -199.0000000000
471 -198.0000000000
480 -197.0000000000
484 -196.0000000000
485 -195.0000000000
486 -194.0000000000
487 -193.0000000000
488 -192.0000000000
489 -191.0000000000
492 -190.0000000000
493 -189.0000000000
494 -188.0000000000
500 -187.0000000000
510 -186.0000000000
516 -185.0000000000
517 -184.0000000000
520 -183.0000000000
521 -182.0000000000
522 -181.0000000000
524 -180.0000000000
532 -179.0000000000
535 -178.0000000000
536 -177.0000000000
538 -176.0000000000
539 -175.0000000000
541 -174.0000000000
546 -173.0000000000
549 -172.0000000000
550 -171.0000000000
554 -170.0000000000
556 -169.0000000000
558 -168.0000000000
559 -167.0000000000
560 -166.0000000000
566 -165.0000000000
574 -164.0000000000
578 -163.0000000000
590 -162.0000000000
591 -161.0000000000
604 -160.0000000000
615 -159.0000000000
616 -158.0000000000
620 -157.0000000000
625 -156.0000000000
629 -155.0000000000
632 -154.0000000000
634 -153.0000000000
652 -152.0000000000
653 -151.0000000000
656 -150.0000000000
658 -149.0000000000
664 -148.0000000000
665 -147.0000000000
671 -146.0000000000
673 -145.0000000000
680 -144.0000000000
681 -143.0000000000
684 -142.0000000000
685 -141.0000000000
688 -140.0000000000
689 -139.0000000000
690 -138.0000000000
694 -137.0000000000
695 -136.0000000000
698 -135.0000000000
701 -134.0000000000
704 -133.0000000000
706 -132.0000000000
709 -131.0000000000
711 -130.0000000000
718 -129.0000000000
721 -128.0000000000
729 -127.0000000000
730 -126.0000000000
731 -125.0000000000
741 -124.0000000000
742 -123.0000000000
743 -122.0000000000
744 -121.0000000000
748 -120.0000000000
750 -119.0000000000
758 -118.0000000000
774 -117.0000000000
779 -116.0000000000
782 -115.0000000000
786 -114.0000000000
795 -113.0000000000
800 -112.0000000000
801 -111.0000000000
804 -110.0000000000
812 -109.0000000000
823 -108.0000000000
826 -107.0000000000
828 -106.0000000000
842 -105.0000000000
843 -104.0000000000
849 -103.0000000000
856 -102.0000000000
857 -101.0000000000
859 -100.0000000000
860 -99.0000000000
867 -98.0000000000
869 -97.0000000000
872 -96.0000000000
879 -95.0000000000
880 -94.0000000000
888 -93.0000000000
890 -92.0000000000
896 -91.0000000000
905 -90.0000000000
906 -89.0000000000
908 -88.0000000000
924 -87.0000000000
934 -86.0000000000
936 -85.0000000000
938 -84.0000000000
944 -83.0000000000
964 -82.0000000000
967 -81.0000000000
972 -80.0000000000
988 -79.0000000000
1014 -78.0000000000
1027 -77.0000000000
1030 -76.0000000000
1061 -75.0000000000
1068 -74.0000000000
1069 -73.0000000000
1092 -72.0000000000
1102 -71.0000000000
1104 -70.0000000000
1107 -69.0000000000
1119 -68.0000000000
1126 -67.0000000000
1131 -66.0000000000
1138 -65.0000000000
1139 -64.0000000000
1142 -63.0000000000
1147 -62.0000000000
1171 -61.0000000000
1175 -60.0000000000
1178 -59.0000000000
1197 -58.0000000000
1204 -57.0000000000
1211 -56.0000000000
1215 -55.0000000000
1220 -54.0000000000
1232 -53.0000000000
1247 -52.0000000000
1253 -51.0000000000
1259 -50.0000000000
1262 -49.0000000000
1263 -48.0000000000
1269 -47.0000000000
1273 -46.0000000000
1277 -45.0000000000
1291 -44.0000000000
1298 -43.0000000000
1324 -42.0000000000
1325 -41.0000000000
1332 -40.0000000000
1352 -39.0000000000
1360 -38.0000000000
1363 -37.0000000000
1366 -36.0000000000
1421 -35.0000000000
1422 -34.0000000000
1465 -33.0000000000
1526 -32.0000000000
1543 -31.0000000000
1558 -30.0000000000
1587 -29.0000000000
1593 -28.0000000000
1596 -27.0000000000
1610 -26.0000000000
1618 -25.0000000000
1622 -24.0000000000
1631 -23.0000000000
1644 -22.0000000000
1662 -21.0000000000
1663 -20.0000000000
1712 -19.0000000000
1716 -18.0000000000
1720 -17.0000000000
1746 -16.0000000000
1749 -15.0000000000
1779 -14.0000000000
1780 -13.0000000000
1851 -12.0000000000
1868 -11.0000000000
1901 -10.0000000000
1920 -9.0000000000
2016 -8.0000000000
2029 -7.0000000000
2037 -6.0000000000
2049 -5.0000000000
2107 -4.0000000000
2137 -3.0000000000
2205 -2.0000000000
2231 -1.0000000000
2268 560.0000000000
100000 -1.0000000000
evaluations raw_y
1 -384.0000000000
3 -383.0000000000
4 -382.0000000000
6 -381.0000000000
10 -380.0000000000
11 -379.0000000000
12 -378.0000000000
13 -377.0000000000
14 -376.0000000000
15 -375.0000000000
17 -374.0000000000
18 -373.0000000000
21 -372.0000000000
22 -371.0000000000
26 -370.0000000000
27 -369.0000000000
30 -368.0000000000
31 -367.0000000000
32 -366.0000000000
33 -365.0000000000
34 -364.0000000000
35 -363.0000000000
41 -362.0000000000
42 -361.0000000000
46 -360.0000000000
47 -359.0000000000
49 -358.0000000000
50 -357.0000000000
51 -356.0000000000
52 -355.0000000000
54 -354.0000000000
59 -353.0000000000
60 -352.0000000000
62 -351.0000000000
63 -350.0000000000
65 -349.0000000000
73 -348.0000000000
75 -347.0000000000
76 -346.0000000000
78 -345.0000000000
79 -344.0000000000
82 -343.0000000000
86 -342.0000000000
88 -341.0000000000
89 -340.0000000000
92 -339.0000000000
93 -338.0000000000
97 -337.0000000000
98 -336.0000000000
100 -335.0000000000
101 -334.0000000000
103 -333.0000000000
106 -332.0000000000
109 -331.0000000000
112 -330.0000000000
117 -329.0000000000
119 -328.0000000000
120 -327.0000000000
122 -326.0000000000
131 -325.0000000000
139 -324.0000000000
142 -323.0000000000
143 -322.0000000000
147 -321.0000000000
152 -320.0000000000
153 -319.0000000000
154 -318.0000000000
155 -317.0000000000
157 -316.0000000000
158 -315.0000000000
161 -314.0000000000
162 -313.0000000000
163 -312.0000000000
164 -311.0000000000
166 -310.0000000000
167 -309.0000000000
173 -308.0000000000
176 -307.0000000000
177 -306.0000000000
179 -305.0000000000
180 -304.0000000000
185 -303.0000000000
186 -302.0000000000
189 -301.0000000000
196 -300.0000000000
199 -299.0000000000
200 -298.0000000000
211 -297.0000000000
214 -296.0000000000
216 -295.0000000000
217 -294.0000000000
218 -293.0000000000
221 -292.0000000000
223 -291.0000000000
225 -290.0000000000
231 -289.0000000000
232 -288.0000000000
236 -287.0000000000
237 -286.0000000000
238 -285.0000000000
239 -284.0000000000
247 -283.0000000000
249 -282.0000000000
251 -281.0000000000
253 -280.0000000000
255 -279.0000000000
257 -278.0000000000
259 -277.0000000000
262 -276.0000000000
263 -275.0000000000
264 -274.0000000000
267 -273.0000000000
270 -272.0000000000
271 -271.0000000000
273 -270.0000000000
275 -269.0000000000
278 -268.0000000000
284 -267.0000000000
285 -266.0000000000
286 -265.0000000000
292 -264.0000000000
293 -263.0000000000
296 -262.0000000000
297 -261.0000000000
298 -260.0000000000
300 -259.0000000000
301 -258.0000000000
308 -257.0000000000
310 -256.0000000000
311 -255.0000000000
313 -254.0000000000
314 -253.0000000000
316 -252.0000000000
322 -251.0000000000
324 -250.0000000000
326 -249.0000000000
327 -248.0000000000
330 -247.0000000000
331 -246.0000000000
342 -245.0000000000
345 -244.0000000000
351 -243.0000000000
352 -242.0000000000
359 -241.0000000000
363 -240.0000000000
368 -239.0000000000
369 -238.0000000000
377 -237.0000000000
378 -236.0000000000
379 -235.0000000000
381 -234.0000000000
382 -233.0000000000
385 -232.0000000000
389 -231.0000000000
392 -230.0000000000
394 -229.0000000000
396 -228.0000000000
401 -227.0000000000
402 -226.0000000000
404 -225.0000000000
406 -224.0000000000
410 -223.0000000000
415 -222.0000000000
417 -221.0000000000
419 -220.0000000000
424 -219.0000000000
425 -218.0000000000
426 -217.0000000000
434 -216.0000000000
435 -215.0000000000
438 -214.0000000000
444 -213.0000000000
447 -212.0000000000
449 -211.0000000000
452 -210.0000000000
453 -209.0000000000
456 -208.0000000000
457 -207.0000000000
464 -206.0000000000
467 -205.0000000000
477 -204.0000000000
494 -203.0000000000
497 -202.0000000000
501 -201.0000000000
507 -200.0000000000
510 -199.0000000000
514 -198.0000000000
518 -197.0000000000
523 -196.0000000000
525 -195.0000000000
528 -194.0000000000
529 -193.0000000000
530 -192.0000000000
533 -191.0000000000
534 -190.0000000000
544 -189.0000000000
546 -188.0000000000
557 -187.0000000000
566 -186.0000000000
569 -185.0000000000
573 -184.0000000000
576 -183.0000000000
577 -182.0000000000
579 -181.0000000000
586 -180.0000000000
600 -179.0000000000
607 -178.0000000000
609 -177.0000000000
610 -176.0000000000
611 -175.0000000000
615 -174.0000000000
619 -173.0000000000
621 -172.0000000000
626 -171.0000000000
627 -170.0000000000
630 -169.0000000000
632 -168.0000000000
633 -167.0000000000
637 -166.0000000000
639 -165.0000000000
640 -164.0000000000
645 -163.0000000000
659 -162.0000000000
660 -161.0000000000
664 -160.0000000000
671 -159.0000000000
674 -158.0000000000
687 -157.0000000000
693 -156.0000000000
696 -155.0000000000
697 -154.0000000000
703 -153.0000000000
707 -152.0000000000
716 -151.0000000000
718 -150.0000000000
722 -149.0000000000
725 -148.0000000000
729 -147.0000000000
736 -146.0000000000
737 -145.0000000000
738 -144.0000000000
739 -143.0000000000
740 -142.0000000000
742 -141.0000000000
751 -140.0000000000
759 -139.0000000000
764 -138.0000000000
765 -137.0000000000
771 -136.0000000000
772 -135.0000000000
773 -134.0000000000
777 -133.0000000000
780 -132.0000000000
792 -131.0000000000
795 -130.0000000000
797 -129.0000000000
802 -128.0000000000
812 -127.0000000000
814 -126.0000000000
820 -125.0000000000
830 -124.0000000000
831 -123.0000000000
833 -122.0000000000
835 -121.0000000000
838 -120.0000000000
841 -119.0000000000
849 -118.0000000000
852 -117.0000000000
854 -116.0000000000
855 -115.0000000000
859 -114.0000000000
860 -113.0000000000
867 -112.0000000000
869 -111.0000000000
890 -110.0000000000
892 -109.0000000000
898 -108.0000000000
902 -107.0000000000
903 -106.0000000000
910 -105.0000000000
911 -104.0000000000
916 -103.0000000000
919 -102.0000000000
926 -101.0000000000
930 -100.0000000000
934 -99.0000000000
937 -98.0000000000
939 -97.0000000000
940 -96.0000000000
948 -95.0000000000
955 -94.0000000000
972 -93.0000000000
977 -92.0000000000
988 -91.0000000000
996 -90.0000000000
1003 -89.0000000000
1013 -88.0000000000
1033 -87.0000000000
1038 -86.0000000000
1040 -85.0000000000
1042 -84.0000000000
1055 -83.0000000000
1062 -82.0000000000
1072 -81.0000000000
1078 -80.0000000000
1082 -79.0000000000
1095 -78.0000000000
1104 -77.0000000000
1108 -76.0000000000
1117 -75.0000000000
1127 -74.0000000000
1143 -73.0000000000
1147 -72.0000000000
1150 -71.0000000000
1154 -70.0000000000
1181 -69.0000000000
1183 -68.0000000000
1185 -67.0000000000
1194 -66.0000000000
1221 -65.0000000000
1235 -64.0000000000
1274 -63.0000000000
1275 -62.0000000000
1280 -61.0000000000
1287 -60.0000000000
1302 -59.0000000000
1319 -58.0000000000
1346 -57.0000000000
1356 -56.0000000000
1375 -55.0000000000
1381 -54.0000000000
1391 -53.0000000000
1411 -52.0000000000
1423 -51.0000000000
1432 -50.0000000000
1438 -49.0000000000
1444 -48.0000000000
1454 -47.0000000000
1463 -46.0000000000
1479 -45.0000000000
1481 -44.0000000000
1483 -43.0000000000
1484 -42.0000000000
1485 -41.0000000000
1520 -40.0000000000
1521 -39.0000000000
1547 -38.0000000000
1561 -37.0000000000
1577 -36.0000000000
1619 -35.0000000000
1641 -34.0000000000
1695 -33.0000000000
1703 -32.0000000000
1723 -31.0000000000
1742 -30.0000000000
1777 -29.0000000000
1781 -28.0000000000
1795 -27.0000000000
1827 -26.0000000000
1856 -25.0000000000
1872 -24.0000000000
1883 -23.0000000000
1943 -22.0000000000
2002 -21.0000000000
2005 -20.0000000000
2010 -19.0000000000
2117 -18.0000000000
2118 -17.0000000000
2141 -16.0000000000
2206 -15.0000000000
2209 -14.0000000000
2252 -13.0000000000
2339 -12.0000000000
2395 -11.0000000000
2406 -10.0000000000
2520 -9.0000000000
2521 -8.0000000000
2526 -7.0000000000
2539 -6.0000000000
2548 -5.0000000000
2566 -4.0000000000
2639 -3.0000000000
2760 -2.0000000000
2829 -1.0000000000
2863 646.0000000000
100000 -1.0000000000
evaluations raw_y
1 -372.0000000000
2 -371.0000000000
3 -370.0000000000
4 -369.0000000000
7 -368.0000000000
9 -367.0000000000
16 -366.0000000000
18 -365.0000000000
20 -364.0000000000
21 -363.0000000000
23 -362.0000000000
24 -361.0000000000
30 -360.0000000000
31 -359.0000000000
33 -358.0000000000
35 -357.0000000000
37 -356.0000000000
38 -355.0000000000
39 -354.0000000000
42 -353.0000000000
43 -352.0000000000
47 -351.0000000000
50 -350.0000000000
55 -349.0000000000
56 -348.0000000000
58 -347.0000000000
59 -346.0000000000
63 -345.0000000000
66 -344.0000000000
67 -343.0000000000
70 -342.0000000000
72 -341.0000000000
73 -340.0000000000
75 -339.0000000000
78 -338.0000000000
79 -337.0000000000
80 -336.0000000000
81 -335.0000000000
86 -334.0000000000
88 -333.0000000000
89 -332.0000000000
92 -331.0000000000
95 -330.0000000000
97 -329.0000000000
98 -328.0000000000
100 -327.0000000000
103 -326.0000000000
106 -325.0000000000
108 -324.0000000000
113 -323.0000000000
114 -322.0000000000
116 -321.0000000000
120 -320.0000000000
123 -319.0000000000
124 -318.0000000000
130 -317.0000000000
136 -316.0000000000
140 -315.0000000000
141 -314.0000000000
148 -313.0000000000
149 -312.0000000000
159 -311.0000000000
161 -310.0000000000
162 -309.0000000000
166 -308.0000000000
167 -307.0000000000
168 -306.0000000000
173 -305.0000000000
175 -304.0000000000
176 -303.0000000000
177 -302.0000000000
178 -301.0000000000
180 -300.0000000000
181 -299.0000000000
182 -298.0000000000
186 -297.0000000000
189 -296.0000000000
193 -295.0000000000
194 -294.0000000000
195 -293.0000000000
196 -292.0000000000
197 -291.0000000000
199 -290.0000000000
204 -289.0000000000
205 -288.0000000000
208 -287.0000000000
211 -286.0000000000
213 -285.0000000000
215 -284.0000000000
222 -283.0000000000
228 -282.0000000000
229 -281.0000000000
231 -280.0000000000
234 -279.0000000000
236 -278.0000000000
240 -277.0000000000
248 -276.0000000000
251 -275.0000000000
253 -274.0000000000
255 -273.0000000000
257 -272.0000000000
258 -271.0000000000
261 -270.0000000000
262 -269.0000000000
264 -268.0000000000
265 -267.0000000000
266 -266.0000000000
268 -265.0000000000
279 -264.0000000000
280 -263.0000000000
281 -262.0000000000
282 -261.0000000000
289 -260.0000000000
290 -259.0000000000
294 -258.0000000000
298 -257.0000000000
302 -256.0000000000
304 -255.0000000000
306 -254.0000000000
308 -253.0000000000
310 -252.0000000000
312 -251.0000000000
313 -250.0000000000
314 -249.0000000000
317 -248.0000000000
322 -247.0000000000
324 -246.0000000000
325 -245.0000000000
326 -244.0000000000
330 -243.0000000000
333 -242.0000000000
335 -241.0000000000
336 -240.0000000000
338 -239.0000000000
339 -238.0000000000
346 -237.0000000000
347 -236.0000000000
348 -235.0000000000
350 -234.0000000000
351 -233.0000000000
352 -232.0000000000
353 -231.0000000000
355 -230.0000000000
358 -229.0000000000
360 -228.0000000000
361 -227.0000000000
364 -226.0000000000
371 -225.0000000000
384 -224.0000000000
386 -223.0000000000
387 -222.0000000000
394 -221.0000000000
395 -220.0000000000
400 -219.0000000000
401 -218.0000000000
408 -217.0000000000
412 -216.0000000000
420 -215.0000000000
423 -214.0000000000
425 -213.0000000000
428 -212.0000000000
429 -211.0000000000
433 -210.0000000000
435 -209.0000000000
436 -208.0000000000
438 -207.0000000000
444 -206.0000000000
445 -205.0000000000
449 -204.0000000000
450 -203.0000000000
460 -202.0000000000
464 -201.0000000000
469 -200.0000000000
471 -199.0000000000
472 -198.0000000000
473 -197.0000000000
474 -196.0000000000
487 -195.0000000000
494 -194.0000000000
495 -193.0000000000
498 -192.0000000000
500 -191.0000000000
504 -190.0000000000
505 -189.0000000000
511 -188.0000000000
515 -187.0000000000
516 -186.0000000000
521 -185.0000000000
522 -184.0000000000
523 -183.0000000000
524 -182.0000000000
526 -181.0000000000
530 -180.0000000000
532 -179.0000000000
538 -178.0000000000
540 -177.0000000000
541 -176.0000000000
542 -175.0000000000
543 -174.0000000000
545 -173.0000000000
546 -172.0000000000
550 -171.0000000000
553 -170.0000000000
554 -169.0000000000
556 -168.0000000000
560 -167.0000000000
561 -166.0000000000
570 -165.0000000000
571 -164.0000000000
575 -163.0000000000
582 -162.0000000000
583 -161.0000000000
590 -160.0000000000
591 -159.0000000000
597 -158.0000000000
598 -157.0000000000
604 -156.0000000000
607 -155.0000000000
615 -154.0000000000
619 -153.0000000000
620 -152.0000000000
624 -151.0000000000
625 -150.0000000000
626 -149.0000000000
627 -148.0000000000
631 -147.0000000000
636 -146.0000000000
643 -145.0000000000
644 -144.0000000000
645 -143.0000000000
652 -142.0000000000
661 -141.0000000000
670 -140.0000000000
671 -139.0000000000
678 -138.0000000000
681 -137.0000000000
691 -136.0000000000
694 -135.0000000000
696 -134.0000000000
697 -133.0000000000
698 -132.0000000000
700 -131.0000000000
704 -130.0000000000
713 -129.0000000000
716 -128.0000000000
725 -127.0000000000
730 -126.0000000000
736 -125.0000000000
739 -124.0000000000
740 -123.0000000000
741 -122.0000000000
764 -121.0000000000
772 -120.0000000000
777 -119.0000000000
779 -118.0000000000
781 -117.0000000000
786 -116.0000000000
788 -115.0000000000
789 -114.0000000000
817 -113.0000000000
820 -112.0000000000
835 -111.0000000000
841 -110.0000000000
845 -109.0000000000
849 -108.0000000000
870 -107.0000000000
874 -106.0000000000
875 -105.0000000000
878 -104.0000000000
884 -103.0000000000
886 -102.0000000000
887 -101.0000000000
897 -100.0000000000
904 -99.0000000000
907 -98.0000000000
915 -97.0000000000
926 -96.0000000000
935 -95.0000000000
937 -94.0000000000
952 -93.0000000000
958 -92.0000000000
960 -91.0000000000
975 -90.0000000000
977 -89.0000000000
996 -88.0000000000
1012 -87.0000000000
1022 -86.0000000000
1024 -85.0000000000
1040 -84.0000000000
1044 -83.0000000000
1045 -82.0000000000
1046 -81.0000000000
1061 -80.0000000000
1075 -79.0000000000
1076 -78.0000000000
1079 -77.0000000000
1083 -76.0000000000
1084 -75.0000000000
1089 -74.0000000000
1099 -73.0000000000
1114 -72.0000000000
1116 -71.0000000000
1121 -70.0000000000
1130 -69.0000000000
1132 -68.0000000000
1137 -67.0000000000
1138 -66.0000000000
1148 -65.0000000000
1157 -64.0000000000
1186 -63.0000000000
1192 -62.0000000000
1203 -61.0000000000
1206 -60.0000000000
1253 -59.0000000000
1257 -58.0000000000
1264 -57.0000000000
1305 -56.0000000000
1322 -55.0000000000
1328 -54.0000000000
1359 -53.0000000000
1374 -52.0000000000
1376 -51.0000000000
1382 -50.0000000000
1384 -49.0000000000
1391 -48.0000000000
1425 -47.0000000000
1447 -46.0000000000
1450 -45.0000000000
1512 -44.0000000000
1515 -43.0000000000
1524 -42.0000000000
1526 -41.0000000000
1589 -40.0000000000
1610 -39.0000000000
1617 -38.0000000000
1632 -37.0000000000
1652 -36.0000000000
1662 -35.0000000000
1674 -34.0000000000
1713 -33.0000000000
1741 -32.0000000000
1773 -31.0000000000
1787 -30.0000000000
1790 -29.0000000000
1796 -28.0000000000
1840 -27.0000000000
1869 -26.0000000000
1876 -25.0000000000
1896 -24.0000000000
1906 -23.0000000000
1918 -22.0000000000
1929 -21.0000000000
2017 -20.0000000000
2035 -19.0000000000
2119 -18.0000000000
2125 -17.0000000000
2170 -16.0000000000
2174 -15.0000000000
2195 -14.0000000000
2204 -13.0000000000
2241 -12.0000000000
2248 -11.0000000000
2287 -10.0000000000
2305 -9.0000000000
2307 -8.0000000000
2345 -7.0000000000
2362 -6.0000000000
2409 -5.0000000000
2422 -4.0000000000
2464 -3.0000000000
2499 -2.0000000000
2546 -1.0000000000
2640 633.0000000000
100000 -1.0000000000
evaluations raw_y
1 -376.0000000000
3 -375.0000000000
4 -374.0000000000
5 -373.0000000000
11 -372.0000000000
12 -371.0000000000
15 -370.0000000000
16 -369.0000000000
17 -368.0000000000
18 -367.0000000000
19 -366.0000000000
20 -365.0000000000
21 -364.0000000000
22 -363.0000000000
24 -362.0000000000
25 -361.0000000000
27 -360.0000000000
31 -359.0000000000
32 -358.0000000000
34 -357.0000000000
37 -356.0000000000
38 -355.0000000000
40 -354.0000000000
41 -353.0000000000
42 -352.0000000000
45 -351.0000000000
46 -350.0000000000
47 -349.0000000000
49 -348.0000000000
50 -347.0000000000
52 -346.0000000000
53 -345.0000000000
54 -344.0000000000
61 -343.0000000000
62 -342.0000000000
64 -341.0000000000
65 -340.0000000000
66 -339.0000000000
71 -338.0000000000
74 -337.0000000000
75 -336.0000000000
76 -335.0000000000
77 -334.0000000000
79 -333.0000000000
80 -332.0000000000
81 -331.0000000000
82 -330.0000000000
85 -329.0000000000
87 -328.0000000000
88 -327.0000000000
89 -326.0000000000
90 -325.0000000000
91 -324.0000000000
93 -323.0000000000
94 -322.0000000000
95 -321.0000000000
96 -320.0000000000
98 -319.0000000000
100 -318.0000000000
101 -317.0000000000
103 -316.0000000000
105 -315.0000000000
106 -314.0000000000
108 -313.0000000000
113 -312.0000000000
114 -311.0000000000
115 -310.0000000000
116 -309.0000000000
124 -308.0000000000
126 -307.0000000000
127 -306.0000000000
130 -305.0000000000
136 -304.0000000000
137 -303.0000000000
138 -302.0000000000
141 -301.0000000000
143 -300.0000000000
144 -299.0000000000
147 -298.0000000000
153 -297.0000000000
156 -296.0000000000
157 -295.0000000000
161 -294.0000000000
164 -293.0000000000
167 -292.0000000000
168 -291.0000000000
170 -290.0000000000
173 -289.0000000000
177 -288.0000000000
178 -287.0000000000
184 -286.0000000000
187 -285.0000000000
189 -284.0000000000
194 -283.0000000000
197 -282.0000000000
201 -281.0000000000
205 -280.0000000000
216 -279.0000000000
217 -278.0000000000
218 -277.0000000000
226 -276.0000000000
228 -275.0000000000
229 -274.0000000000
231 -273.0000000000
235 -272.0000000000
238 -271.0000000000
239 -270.0000000000
240 -269.0000000000
241 -268.0000000000
242 -267.0000000000
243 -266.0000000000
244 -265.0000000000
245 -264.0000000000
250 -263.0000000000
251 -262.0000000000
256 -261.0000000000
257 -260.0000000000
259 -259.0000000000
260 -258.0000000000
261 -257.0000000000
262 -256.0000000000
263 -255.0000000000
266 -254.0000000000
268 -253.0000000000
271 -252.0000000000
273 -251.0000000000
281 -250.0000000000
290 -249.0000000000
291 -248.0000000000
292 -247.0000000000
293 -246.0000000000
297 -245.0000000000
299 -244.0000000000
300 -243.0000000000
301 -242.0000000000
303 -241.0000000000
304 -240.0000000000
305 -239.0000000000
309 -238.0000000000
310 -237.0000000000
316 -236.0000000000
324 -235.0000000000
326 -234.0000000000
333 -233.0000000000
334 -232.0000000000
337 -231.0000000000
339 -230.0000000000
346 -229.0000000000
348 -228.0000000000
350 -227.0000000000
353 -226.0000000000
354 -225.0000000000
355 -224.0000000000
357 -223.0000000000
358 -222.0000000000
360 -221.0000000000
362 -220.0000000000
366 -219.0000000000
368 -218.0000000000
372 -217.0000000000
375 -216.0000000000
376 -215.0000000000
377 -214.0000000000
378 -213.0000000000
384 -212.0000000000
386 -211.0000000000
405 -210.0000000000
406 -209.0000000000
409 -208.0000000000
410 -207.0000000000
413 -206.0000000000
418 -205.0000000000
419 -204.0000000000
421 -203.0000000000
423 -202.0000000000
424 -201.0000000000
426 -200.0000000000
435 -199.0000000000
436 -198.0000000000
438 -197.0000000000
447 -196.0000000000
450 -195.0000000000
452 -194.0000000000
454 -193.0000000000
456 -192.0000000000
460 -191.0000000000
467 -190.0000000000
470 -189.0000000000
471 -188.0000000000
483 -187.0000000000
484 -186.0000000000
487 -185.0000000000
492 -184.0000000000
494 -183.0000000000
502 -182.0000000000
505 -181.0000000000
507 -180.0000000000
510 -179.0000000000
517 -178.0000000000
542 -177.0000000000
546 -176.0000000000
548 -175.0000000000
549 -174.0000000000
554 -173.0000000000
555 -172.0000000000
559 -171.0000000000
561 -170.0000000000
571 -169.0000000000
575 -168.0000000000
578 -167.0000000000
579 -166.0000000000
584 -165.0000000000
585 -164.0000000000
592 -163.0000000000
593 -162.0000000000
595 -161.0000000000
596 -160.0000000000
600 -159.0000000000
603 -158.0000000000
611 -157.0000000000
614 -156.0000000000
616 -155.0000000000
623 -154.0000000000
625 -153.0000000000
626 -152.0000000000
627 -151.0000000000
632 -150.0000000000
638 -149.0000000000
642 -148.0000000000
643 -147.0000000000
645 -146.0000000000
649 -145.0000000000
660 -144.0000000000
677 -143.0000000000
685 -142.0000000000
686 -141.0000000000
689 -140.0000000000
690 -139.0000000000
694 -138.0000000000
702 -137.0000000000
705 -136.0000000000
706 -135.0000000000
711 -134.0000000000
712 -133.0000000000
713 -132.0000000000
720 -131.0000000000
724 -130.0000000000
726 -129.0000000000
739 -128.0000000000
743 -127.0000000000
745 -126.0000000000
754 -125.0000000000
755 -124.0000000000
758 -123.0000000000
760 -122.0000000000
769 -121.0000000000
774 -120.0000000000
775 -119.0000000000
777 -118.0000000000
782 -117.0000000000
784 -116.0000000000
785 -115.0000000000
794 -114.0000000000
805 -113.0000000000
811 -112.0000000000
821 -111.0000000000
832 -110.0000000000
836 -109.0000000000
839 -108.0000000000
840 -107.0000000000
850 -106.0000000000
860 -105.0000000000
873 -104.0000000000
882 -103.0000000000
883 -102.0000000000
889 -101.0000000000
897 -100.0000000000
898 -99.0000000000
899 -98.0000000000
908 -97.0000000000
911 -96.0000000000
920 -95.0000000000
934 -94.0000000000
941 -93.0000000000
947 -92.0000000000
953 -91.0000000000
959 -90.0000000000
961 -89.0000000000
964 -88.0000000000
977 -87.0000000000
980 -86.0000000000
985 -85.0000000000
999 -84.0000000000
1001 -83.0000000000
1010 -82.0000000000
1019 -81.0000000000
1030 -80.0000000000
1032 -79.0000000000
1056 -78.0000000000
1059 -77.0000000000
1076 -76.0000000000
1079 -75.0000000000
1096 -74.0000000000
1097 -73.0000000000
1111 -72.0000000000
1114 -71.0000000000
1123 -70.0000000000
1159 -69.0000000000
1167 -68.0000000000
1174 -67.0000000000
1180 -66.0000000000
1189 -65.0000000000
1193 -64.0000000000
1206 -63.0000000000
1207 -62.0000000000
1230 -61.0000000000
1241 -60.0000000000
1246 -59.0000000000
1253 -58.0000000000
1271 -57.0000000000
1302 -56.0000000000
1311 -55.0000000000
1314 -54.0000000000
1315 -53.0000000000
1322 -52.0000000000
1330 -51.0000000000
1332 -50.0000000000
1348 -49.0000000000
1357 -48.0000000000
1366 -47.0000000000
1384 -46.0000000000
1392 -45.0000000000
1432 -44.0000000000
1434 -43.0000000000
1450 -42.0000000000
1457 -41.0000000000
1471 -40.0000000000
1482 -39.0000000000
1483 -38.0000000000
1511 -37.0000000000
1517 -36.0000000000
1527 -35.0000000000
1528 -34.0000000000
1540 -33.0000000000
1553 -32.0000000000
1561 -31.0000000000
1563 -30.0000000000
1570 -29.0000000000
1583 -28.0000000000
1596 -27.0000000000
1597 -26.0000000000
1642 -25.0000000000
1643 -24.0000000000
1644 -23.0000000000
1738 -22.0000000000
1758 -21.0000000000
1860 -20.0000000000
1873 -19.0000000000
1879 -18.0000000000
1885 -17.0000000000
1906 -16.0000000000
1932 -15.0000000000
1933 -14.0000000000
1951 -13.0000000000
1958 -12.0000000000
2013 -11.0000000000
2190 -10.0000000000
2255 -9.0000000000
2343 -8.0000000000
2390 -7.0000000000
2404 -6.0000000000
2457 -5.0000000000
2499 -4.0000000000
2553 -3.0000000000
2585 -2.0000000000
2769 -1.0000000000
2937 600.0000000000
100000 -1.0000000000
evaluations raw_y
1 -380.0000000000
2 -379.0000000000
4 -378.0000000000
6 -377.0000000000
8 -376.0000000000
9 -375.0000000000
10 -374.0000000000
11 -373.0000000000
12 -372.0000000000
13 -371.0000000000
14 -370.0000000000
15 -369.0000000000
16 -368.0000000000
17 -367.0000000000
19 -366.0000000000
20 -365.0000000000
21 -364.0000000000
22 -363.0000000000
27 -362.0000000000
32 -361.0000000000
37 -360.0000000000
38 -359.0000000000
44 -358.0000000000
45 -357.0000000000
48 -356.0000000000
49 -355.0000000000
50 -354.0000000000
52 -353.0000000000
57 -352.0000000000
60 -351.0000000000
61 -350.0000000000
63 -349.0000000000
65 -348.0000000000
70 -347.0000000000
71 -346.0000000000
72 -345.0000000000
74 -344.0000000000
76 -343.0000000000
78 -342.0000000000
85 -341.0000000000
94 -340.0000000000
95 -339.0000000000
96 -338.0000000000
97 -337.0000000000
101 -336.0000000000
107 -335.0000000000
109 -334.0000000000
111 -333.0000000000
114 -332.0000000000
115 -331.0000000000
117 -330.0000000000
124 -329.0000000000
125 -328.0000000000
126 -327.0000000000
130 -326.0000000000
131 -325.0000000000
134 -324.0000000000
136 -323.0000000000
137 -322.0000000000
138 -321.0000000000
139 -320.0000000000
145 -319.0000000000
146 -318.0000000000
148 -317.0000000000
149 -316.0000000000
152 -315.0000000000
153 -314.0000000000
156 -313.0000000000
157 -312.0000000000
162 -311.0000000000
164 -310.0000000000
168 -309.0000000000
174 -308.0000000000
181 -307.0000000000
184 -306.0000000000
185 -305.0000000000
187 -304.0000000000
189 -303.0000000000
191 -302.0000000000
193 -301.0000000000
201 -300.0000000000
203 -299.0000000000
205 -298.0000000000
207 -297.0000000000
209 -296.0000000000
210 -295.0000000000
212 -294.0000000000
214 -293.0000000000
215 -292.0000000000
216 -291.0000000000
217 -290.0000000000
219 -289.0000000000
221 -288.0000000000
223 -287.0000000000
224 -286.0000000000
227 -285.0000000000
231 -284.0000000000
237 -283.0000000000
238 -282.0000000000
240 -281.0000000000
241 -280.0000000000
245 -279.0000000000
247 -278.0000000000
250 -277.0000000000
257 -276.0000000000
258 -275.0000000000
265 -274.0000000000
268 -273.0000000000
269 -272.0000000000
270 -271.0000000000
271 -270.0000000000
272 -269.0000000000
273 -268.0000000000
277 -267.0000000000
278 -266.0000000000
279 -265.0000000000
281 -264.0000000000
282 -263.0000000000
283 -262.0000000000
287 -261.0000000000
288 -260.0000000000
290 -259.0000000000
296 -258.0000000000
297 -257.0000000000
298 -256.0000000000
301 -255.0000000000
304 -254.0000000000
308 -253.0000000000
311 -252.0000000000
314 -251.0000000000
318 -250.0000000000
320 -249.0000000000
326 -248.0000000000
330 -247.0000000000
331 -246.0000000000
333 -245.0000000000
335 -244.0000000000
338 -243.0000000000
340 -242.0000000000
346 -241.0000000000
355 -240.0000000000
356 -239.0000000000
357 -238.0000000000
359 -237.0000000000
361 -236.0000000000
362 -235.0000000000
368 -234.0000000000
380 -233.0000000000
383 -232.0000000000
385 -231.0000000000
387 -230.0000000000
390 -229.0000000000
393 -228.0000000000
394 -227.0000000000
395 -226.0000000000
402 -225.0000000000
406 -224.0000000000
409 -223.0000000000
412 -222.0000000000
418 -221.0000000000
419 -220.0000000000
420 -219.0000000000
421 -218.0000000000
424 -217.0000000000
425 -216.0000000000
426 -215.0000000000
433 -214.0000000000
438 -213.0000000000
442 -212.0000000000
443 -211.0000000000
444 -210.0000000000
446 -209.0000000000
448 -208.0000000000
451 -207.0000000000
454 -206.0000000000
456 -205.0000000000
457 -204.0000000000
458 -203.0000000000
467 -202.0000000000
469 -201.0000000000
471 -200.0000000000
474 -199.0000000000
478 -198.0000000000
481 -197.0000000000
485 -196.0000000000
487 -195.0000000000
492 -194.0000000000
496 -193.0000000000
499 -192.0000000000
503 -191.0000000000
505 -190.0000000000
510 -189.0000000000
514 -188.0000000000
520 -187.0000000000
521 -186.0000000000
522 -185.0000000000
523 -184.0000000000
530 -183.0000000000
533 -182.0000000000
535 -181.0000000000
538 -180.0000000000
540 -179.0000000000
545 -178.0000000000
549 -177.0000000000
558 -176.0000000000
569 -175.0000000000
572 -174.0000000000
576 -173.0000000000
580 -172.0000000000
581 -171.0000000000
585 -170.0000000000
587 -169.0000000000
589 -168.0000000000
593 -167.0000000000
598 -166.0000000000
610 -165.0000000000
616 -164.0000000000
623 -163.0000000000
626 -162.0000000000
627 -161.0000000000
633 -160.0000000000
634 -159.0000000000
636 -158.0000000000
638 -157.0000000000
641 -156.0000000000
648 -155.0000000000
652 -154.0000000000
656 -153.0000000000
661 -152.0000000000
662 -151.0000000000
663 -150.0000000000
665 -149.0000000000
666 -148.0000000000
674 -147.0000000000
678 -146.0000000000
680 -145.0000000000
681 -144.0000000000
687 -143.0000000000
688 -142.0000000000
693 -141.0000000000
699 -140.0000000000
701 -139.0000000000
703 -138.0000000000
704 -137.0000000000
705 -136.0000000000
706 -135.0000000000
710 -134.0000000000
718 -133.0000000000
719 -132.0000000000
723 -131.0000000000
728 -130.0000000000
729 -129.0000000000
733 -128.0000000000
738 -127.0000000000
749 -126.0000000000
761 -125.0000000000
762 -124.0000000000
766 -123.0000000000
777 -122.0000000000
784 -121.0000000000
790 -120.0000000000
795 -119.0000000000
798 -118.0000000000
801 -117.0000000000
804 -116.0000000000
805 -115.0000000000
807 -114.0000000000
809 -113.0000000000
816 -112.0000000000
824 -111.0000000000
829 -110.0000000000
842 -109.0000000000
844 -108.0000000000
845 -107.0000000000
848 -106.0000000000
857 -105.0000000000
861 -104.0000000000
864 -103.0000000000
870 -102.0000000000
872 -101.0000000000
873 -100.0000000000
895 -99.0000000000
906 -98.0000000000
924 -97.0000000000
931 -96.0000000000
944 -95.0000000000
958 -94.0000000000
965 -93.0000000000
972 -92.0000000000
998 -91.0000000000
999 -90.0000000000
1000 -89.0000000000
1012 -88.0000000000
1015 -87.0000000000
1023 -86.0000000000
1024 -85.0000000000
1026 -84.0000000000
1029 -83.0000000000
1030 -82.0000000000
1035 -81.0000000000
1036 -80.0000000000
1044 -79.0000000000
1048 -78.0000000000
1062 -77.0000000000
1066 -76.0000000000
1082 -75.0000000000
1084 -74.0000000000
1090 -73.0000000000
1093 -72.0000000000
1095 -71.0000000000
1097 -70.0000000000
1105 -69.0000000000
1115 -68.0000000000
1141 -67.0000000000
1161 -66.0000000000
1171 -65.0000000000
1175 -64.0000000000
1180 -63.0000000000
1225 -62.0000000000
1234 -61.0000000000
1250 -60.0000000000
1255 -59.0000000000
1262 -58.0000000000
1266 -57.0000000000
1282 -56.0000000000
1298 -55.0000000000
1301 -54.0000000000
1303 -53.0000000000
1326 -52.0000000000
1335 -51.0000000000
1351 -50.0000000000
1362 -49.0000000000
1374 -48.0000000000
1378 -47.0000000000
1389 -46.0000000000
1424 -45.0000000000
1429 -44.0000000000
1437 -43.0000000000
1446 -42.0000000000
1455 -41.0000000000
1470 -40.0000000000
1478 -39.0000000000
1542 -38.0000000000
1561 -37.0000000000
1565 -36.0000000000
1567 -35.0000000000
1571 -34.0000000000
1586 -33.0000000000
1592 -32.0000000000
1608 -31.0000000000
1629 -30.0000000000
1630 -29.0000000000
1631 -28.0000000000
1700 -27.0000000000
1751 -26.0000000000
1754 -25.0000000000
1767 -24.0000000000
1783 -23.0000000000
1790 -22.0000000000
1791 -21.0000000000
1796 -20.0000000000
1797 -19.0000000000
1811 -18.0000000000
1868 -17.0000000000
1928 -16.0000000000
1959 -15.0000000000
2016 -14.0000000000
2031 -13.0000000000
2069 -12.0000000000
2121 -11.0000000000
2188 -10.0000000000
2220 -9.0000000000
2233 -8.0000000000
2299 -7.0000000000
2305 -6.0000000000
2338 -5.0000000000
2346 -4.0000000000
2351 -3.0000000000
2433 -2.0000000000
2673 -1.0000000000
2782 560.0000000000
100000 -1.0000000000
evaluations raw_y
1 -364.0000000000
2 -363.0000000000
5 -362.0000000000
10 -361.0000000000
11 -360.0000000000
12 -359.0000000000
14 -358.0000000000
16 -357.0000000000
18 -356.0000000000
24 -355.0000000000
25 -354.0000000000
28 -353.0000000000
33 -352.0000000000
35 -351.0000000000
38 -350.0000000000
41 -349.0000000000
42 -348.0000000000
43 -347.0000000000
47 -346.0000000000
48 -345.0000000000
49 -344.0000000000
52 -343.0000000000
53 -342.0000000000
56 -341.0000000000
59 -340.0000000000
61 -339.0000000000
62 -338.0000000000
63 -337.0000000000
64 -336.0000000000
66 -335.0000000000
69 -334.0000000000
70 -333.0000000000
76 -332.0000000000
78 -331.0000000000
83 -330.0000000000
86 -329.0000000000
89 -328.0000000000
92 -327.0000000000
94 -326.0000000000
98 -325.0000000000
100 -324.0000000000
105 -323.0000000000
109 -322.0000000000
114 -321.0000000000
115 -320.0000000000
116 -319.0000000000
119 -318.0000000000
121 -317.0000000000
125 -316.0000000000
127 -315.0000000000
128 -314.0000000000
129 -313.0000000000
130 -312.0000000000
131 -311.0000000000
132 -310.0000000000
142 -309.0000000000
145 -308.0000000000
150 -307.0000000000
153 -306.0000000000
155 -305.0000000000
160 -304.0000000000
161 -303.0000000000
162 -302.0000000000
166 -301.0000000000
173 -300.0000000000
174 -299.0000000000
176 -298.0000000000
178 -297.0000000000
183 -296.0000000000
190 -295.0000000000
195 -294.0000000000
198 -293.0000000000
200 -292.0000000000
201 -291.0000000000
206 -290.0000000000
209 -289.0000000000
211 -288.0000000000
214 -287.0000000000
218 -286.0000000000
220 -285.0000000000
224 -284.0000000000
226 -283.0000000000
227 -282.0000000000
229 -281.0000000000
230 -280.0000000000
231 -279.0000000000
232 -278.0000000000
233 -277.0000000000
236 -276.0000000000
240 -275.0000000000
241 -274.0000000000
242 -273.0000000000
244 -272.0000000000
247 -271.0000000000
248 -270.0000000000
257 -269.0000000000
261 -268.0000000000
262 -267.0000000000
265 -266.0000000000
267 -265.0000000000
269 -264.0000000000
272 -263.0000000000
273 -262.0000000000
276 -261.0000000000
277 -260.0000000000
282 -259.0000000000
284 -258.0000000000
286 -257.0000000000
287 -256.0000000000
290 -255.0000000000
291 -254.0000000000
296 -253.0000000000
299 -252.0000000000
301 -251.0000000000
304 -250.0000000000
305 -249.0000000000
306 -248.0000000000
312 -247.0000000000
320 -246.0000000000
323 -245.0000000000
326 -244.0000000000
327 -243.0000000000
328 -242.0000000000
330 -241.0000000000
331 -240.0000000000
332 -239.0000000000
336 -238.0000000000
337 -237.0000000000
338 -236.0000000000
341 -235.0000000000
347 -234.0000000000
348 -233.0000000000
353 -232.0000000000
358 -231.0000000000
360 -230.0000000000
362 -229.0000000000
364 -228.0000000000
369 -227.0000000000
371 -226.0000000000
383 -225.0000000000
385 -224.0000000000
390 -223.0000000000
392 -222.0000000000
393 -221.0000000000
399 -220.0000000000
402 -219.0000000000
405 -218.0000000000
408 -217.0000000000
409 -216.0000000000
411 -215.0000000000
414 -214.0000000000
423 -213.0000000000
426 -212.0000000000
429 -211.0000000000
432 -210.0000000000
434 -209.0000000000
440 -208.0000000000
443 -207.0000000000
445 -206.0000000000
450 -205.0000000000
451 -204.0000000000
453 -203.0000000000
456 -202.0000000000
458 -201.0000000000
461 -200.0000000000
471 -199.0000000000
478 -198.0000000000
481 -197.0000000000
490 -196.0000000000
495 -195.0000000000
496 -194.0000000000
501 -193.0000000000
505 -192.0000000000
510 -191.0000000000
512 -190.0000000000
513 -189.0000000000
516 -188.0000000000
520 -187.0000000000
528 -186.0000000000
532 -185.0000000000
534 -184.0000000000
537 -183.0000000000
544 -182.0000000000
548 -181.0000000000
554 -180.0000000000
559 -179.0000000000
567 -178.0000000000
568 -177.0000000000
570 -176.0000000000
571 -175.0000000000
578 -174.0000000000
582 -173.0000000000
587 -172.0000000000
588 -171.0000000000
593 -170.0000000000
595 -169.0000000000
601 -168.0000000000
606 -167.0000000000
619 -166.0000000000
620 -165.0000000000
629 -164.0000000000
630 -163.0000000000
631 -162.0000000000
634 -161.0000000000
641 -160.0000000000
642 -159.0000000000
643 -158.0000000000
646 -157.0000000000
649 -156.0000000000
653 -155.0000000000
656 -154.0000000000
657 -153.0000000000
658 -152.0000000000
667 -151.0000000000
674 -150.0000000000
677 -149.0000000000
687 -148.0000000000
692 -147.0000000000
693 -146.0000000000
711 -145.0000000000
712 -144.0000000000
715 -143.0000000000
716 -142.0000000000
719 -141.0000000000
720 -140.0000000000
729 -139.0000000000
732 -138.0000000000
735 -137.0000000000
741 -136.0000000000
745 -135.0000000000
746 -134.0000000000
748 -133.0000000000
756 -132.0000000000
766 -131.0000000000
770 -130.0000000000
771 -129.0000000000
805 -128.0000000000
809 -127.0000000000
810 -126.0000000000
817 -125.0000000000
823 -124.0000000000
830 -123.0000000000
844 -122.0000000000
846 -121.0000000000
851 -120.0000000000
857 -119.0000000000
859 -118.0000000000
872 -117.0000000000
888 -116.0000000000
899 -115.0000000000
911 -114.0000000000
922 -113.0000000000
925 -112.0000000000
934 -111.0000000000
941 -110.0000000000
948 -109.0000000000
965 -108.0000000000
979 -107.0000000000
984 -106.0000000000
997 -105.0000000000
1000 -104.0000000000
1010 -103.0000000000
1019 -102.0000000000
1021 -101.0000000000
1031 -100.0000000000
1036 -99.0000000000
1042 -98.0000000000
1052 -97.0000000000
1053 -96.0000000000
1055 -95.0000000000
1056 -94.0000000000
1068 -93.0000000000
1072 -92.0000000000
1075 -91.0000000000
1079 -90.0000000000
1099 -89.0000000000
1100 -88.0000000000
1109 -87.0000000000
1124 -86.0000000000
1131 -85.0000000000
1150 -84.0000000000
1151 -83.0000000000
1168 -82.0000000000
1169 -81.0000000000
1176 -80.0000000000
1187 -79.0000000000
1190 -78.0000000000
1217 -77.0000000000
1224 -76.0000000000
1225 -75.0000000000
1246 -74.0000000000
1247 -73.0000000000
1255 -72.0000000000
1270 -71.0000000000
1278 -70.0000000000
1280 -69.0000000000
1290 -68.0000000000
1291 -67.0000000000
1295 -66.0000000000
1299 -65.0000000000
1302 -64.0000000000
1305 -63.0000000000
1308 -62.0000000000
1309 -61.0000000000
1324 -60.0000000000
1344 -59.0000000000
1355 -58.0000000000
1364 -57.0000000000
1366 -56.0000000000
1368 -55.0000000000
1429 -54.0000000000
1430 -53.0000000000
1436 -52.0000000000
1503 -51.0000000000
1524 -50.0000000000
1542 -49.0000000000
1544 -48.0000000000
1547 -47.0000000000
1557 -46.0000000000
1569 -45.0000000000
1575 -44.0000000000
1594 -43.0000000000
1628 -42.0000000000
1636 -41.0000000000
1653 -40.0000000000
1654 -39.0000000000
1666 -38.0000000000
1674 -37.0000000000
1684 -36.0000000000
1685 -35.0000000000
1707 -34.0000000000
1715 -33.0000000000
1723 -32.0000000000
1725 -31.0000000000
1729 -30.0000000000
1731 -29.0000000000
1734 -28.0000000000
1740 -27.0000000000
1785 -26.0000000000
1808 -25.0000000000
1815 -24.0000000000
1816 -23.0000000000
1817 -22.0000000000
1828 -21.0000000000
1874 -20.0000000000
1915 -19.0000000000
1930 -18.0000000000
1956 -17.0000000000
1987 -16.0000000000
2030 -15.0000000000
2035 -14.0000000000
2137 -13.0000000000
2155 -12.0000000000
2176 -11.0000000000
2258 -10.0000000000
2328 -9.0000000000
2350 -8.0000000000
2374 -7.0000000000
2398 -6.0000000000
2405 -5.0000000000
2407 -4.0000000000
2478 -3.0000000000
2539 -2.0000000000
2609 -1.0000000000
2629 623.0000000000
100000 -1.0000000000
evaluations raw_y
1 -378.0000000000
2 -377.0000000000
5 -376.0000000000
8 -375.0000000000
9 -374.0000000000
12 -373.0000000000
14 -372.0000000000
16 -371.0000000000
18 -370.0000000000
19 -369.0000000000
22 -368.0000000000
24 -367.0000000000
25 -366.0000000000
26 -365.0000000000
28 -364.0000000000
30 -363.0000000000
31 -362.0000000000
32 -361.0000000000
33 -360.0000000000
34 -359.0000000000
35 -358.0000000000
38 -357.0000000000
39 -356.0000000000
43 -355.0000000000
44 -354.0000000000
46 -353.0000000000
47 -352.0000000000
51 -351.0000000000
52 -350.0000000000
53 -349.0000000000
54 -348.0000000000
57 -347.0000000000
58 -346.0000000000
59 -345.0000000000
61 -344.0000000000
65 -343.0000000000
66 -342.0000000000
79 -341.0000000000
81 -340.0000000000
86 -339.0000000000
88 -338.0000000000
93 -337.0000000000
95 -336.0000000000
100 -335.0000000000
103 -334.0000000000
104 -333.0000000000
108 -332.0000000000
110 -331.0000000000
112 -330.0000000000
113 -329.0000000000
114 -328.0000000000
116 -327.0000000000
118 -326.0000000000
119 -325.0000000000
121 -324.0000000000
125 -323.0000000000
127 -322.0000000000
128 -321.0000000000
129 -320.0000000000
131 -319.0000000000
133 -318.0000000000
134 -317.0000000000
135 -316.0000000000
137 -315.0000000000
139 -314.0000000000
140 -313.0000000000
147 -312.0000000000
150 -311.0000000000
152 -310.0000000000
154 -309.0000000000
155 -308.0000000000
157 -307.0000000000
159 -306.0000000000
160 -305.0000000000
163 -304.0000000000
164 -303.0000000000
165 -302.0000000000
166 -301.0000000000
171 -300.0000000000
172 -299.0000000000
173 -298.0000000000
179 -297.0000000000
180 -296.0000000000
184 -295.0000000000
186 -294.0000000000
191 -293.0000000000
194 -292.0000000000
195 -291.0000000000
196 -290.0000000000
197 -289.0000000000
201 -288.0000000000
202 -287.0000000000
204 -286.0000000000
209 -285.0000000000
213 -284.0000000000
216 -283.0000000000
218 -282.0000000000
223 -281.0000000000
229 -280.0000000000
233 -279.0000000000
239 -278.0000000000
240 -277.0000000000
242 -276.0000000000
245 -275.0000000000
247 -274.0000000000
248 -273.0000000000
249 -272.0000000000
253 -271.0000000000
258 -270.0000000000
259 -269.0000000000
260 -268.0000000000
264 -267.0000000000
267 -266.0000000000
268 -265.0000000000
269 -264.0000000000
275 -263.0000000000
278 -262.0000000000
283 -261.0000000000
286 -260.0000000000
289 -259.0000000000
294 -258.0000000000
295 -257.0000000000
297 -256.0000000000
300 -255.0000000000
303 -254.0000000000
305 -253.0000000000
309 -252.0000000000
313 -251.0000000000
314 -250.0000000000
317 -249.0000000000
319 -248.0000000000
321 -247.0000000000
325 -246.0000000000
328 -245.0000000000
334 -244.0000000000
338 -243.0000000000
339 -242.0000000000
340 -241.0000000000
344 -240.0000000000
350 -239.0000000000
352 -238.0000000000
354 -237.0000000000
361 -236.0000000000
375 -235.0000000000
378 -234.0000000000
382 -233.0000000000
384 -232.0000000000
386 -231.0000000000
390 -230.0000000000
392 -229.0000000000
403 -228.0000000000
404 -227.0000000000
405 -226.0000000000
409 -225.0000000000
413 -224.0000000000
415 -223.0000000000
419 -222.0000000000
424 -221.0000000000
427 -220.0000000000
429 -219.0000000000
431 -218.0000000000
436 -217.0000000000
437 -216.0000000000
440 -215.0000000000
442 -214.0000000000
444 -213.0000000000
447 -212.0000000000
451 -211.0000000000
452 -210.0000000000
454 -209.0000000000
456 -208.0000000000
461 -207.0000000000
462 -206.0000000000
467 -205.0000000000
469 -204.0000000000
473 -203.0000000000
480 -202.0000000000
481 -201.0000000000
483 -200.0000000000
487 -199.0000000000
499 -198.0000000000
505 -197.0000000000
509 -196.0000000000
514 -195.0000000000
515 -194.0000000000
516 -193.0000000000
522 -192.0000000000
526 -191.0000000000
528 -190.0000000000
536 -189.0000000000
538 -188.0000000000
540 -187.0000000000
551 -186.0000000000
552 -185.0000000000
554 -184.0000000000
556 -183.0000000000
560 -182.0000000000
563 -181.0000000000
564 -180.0000000000
568 -179.0000000000
584 -178.0000000000
586 -177.0000000000
587 -176.0000000000
588 -175.0000000000
591 -174.0000000000
606 -173.0000000000
610 -172.0000000000
612 -171.0000000000
615 -170.0000000000
616 -169.0000000000
617 -168.0000000000
620 -167.0000000000
622 -166.0000000000
624 -165.0000000000
632 -164.0000000000
636 -163.0000000000
639 -162.0000000000
644 -161.0000000000
645 -160.0000000000
646 -159.0000000000
652 -158.0000000000
653 -157.0000000000
655 -156.0000000000
659 -155.0000000000
662 -154.0000000000
663 -153.0000000000
667 -152.0000000000
671 -151.0000000000
678 -150.0000000000
690 -149.0000000000
704 -148.0000000000
707 -147.0000000000
708 -146.0000000000
711 -145.0000000000
712 -144.0000000000
713 -143.0000000000
714 -142.0000000000
716 -141.0000000000
723 -140.0000000000
730 -139.0000000000
735 -138.0000000000
747 -137.0000000000
761 -136.0000000000
763 -135.0000000000
764 -134.0000000000
772 -133.0000000000
778 -132.0000000000
782 -131.0000000000
783 -130.0000000000
788 -129.0000000000
789 -128.0000000000
803 -127.0000000000
820 -126.0000000000
821 -125.0000000000
824 -124.0000000000
825 -123.0000000000
826 -122.0000000000
828 -121.0000000000
829 -120.0000000000
839 -119.0000000000
841 -118.0000000000
845 -117.0000000000
850 -116.0000000000
853 -115.0000000000
861 -114.0000000000
869 -113.0000000000
885 -112.0000000000
889 -111.0000000000
893 -110.0000000000
895 -109.0000000000
901 -108.0000000000
904 -107.0000000000
909 -106.0000000000
911 -105.0000000000
929 -104.0000000000
930 -103.0000000000
936 -102.0000000000
950 -101.0000000000
976 -100.0000000000
982 -99.0000000000
985 -98.0000000000
988 -97.0000000000
991 -96.0000000000
994 -95.0000000000
1004 -94.0000000000
1011 -93.0000000000
1019 -92.0000000000
1021 -91.0000000000
1023 -90.0000000000
1043 -89.0000000000
1050 -88.0000000000
1056 -87.0000000000
1057 -86.0000000000
1058 -85.0000000000
1060 -84.0000000000
1061 -83.0000000000
1068 -82.0000000000
1072 -81.0000000000
1079 -80.0000000000
1088 -79.0000000000
1091 -78.0000000000
1100 -77.0000000000
1104 -76.0000000000
1129 -75.0000000000
1131 -74.0000000000
1132 -73.0000000000
1138 -72.0000000000
1142 -71.0000000000
1143 -70.0000000000
1152 -69.0000000000
1159 -68.0000000000
1179 -67.0000000000
1201 -66.0000000000
1207 -65.0000000000
1209 -64.0000000000
1211 -63.0000000000
1216 -62.0000000000
1239 -61.0000000000
1264 -60.0000000000
1271 -59.0000000000
1273 -58.0000000000
1298 -57.0000000000
1301 -56.0000000000
1303 -55.0000000000
1304 -54.0000000000
1314 -53.0000000000
1340 -52.0000000000
1342 -51.0000000000
1343 -50.0000000000
1364 -49.0000000000
1392 -48.0000000000
1394 -47.0000000000
1433 -46.0000000000
1436 -45.0000000000
1438 -44.0000000000
1450 -43.0000000000
1461 -42.0000000000
1466 -41.0000000000
1487 -40.0000000000
1497 -39.0000000000
1502 -38.0000000000
1513 -37.0000000000
1523 -36.0000000000
1536 -35.0000000000
1541 -34.0000000000
1552 -33.0000000000
1588 -32.0000000000
1596 -31.0000000000
1604 -30.0000000000
1634 -29.0000000000
1658 -28.0000000000
1662 -27.0000000000
1681 -26.0000000000
1704 -25.0000000000
1736 -24.0000000000
1751 -23.0000000000
1802 -22.0000000000
1812 -21.0000000000
1814 -20.0000000000
1818 -19.0000000000
1833 -18.0000000000
1835 -17.0000000000
1846 -16.0000000000
1911 -15.0000000000
1957 -14.0000000000
1965 -13.0000000000
1990 -12.0000000000
2026 -11.0000000000
2036 -10.0000000000
2071 -9.0000000000
2107 -8.0000000000
2144 -7.0000000000
2156 -6.0000000000
2167 -5.0000000000
2189 -4.0000000000
2194 -3.0000000000
2198 -2.0000000000
2236 -1.0000000000
2248 624.0000000000
100000 -1.0000000000
evaluations raw_y
1 -404.0000000000
2 -403.0000000000
3 -402.0000000000
5 -401.0000000000
6 -400.0000000000
10 -399.0000000000
11 -398.0000000000
13 -397.0000000000
14 -396.0000000000
16 -395.0000000000
20 -394.0000000000
21 -393.0000000000
22 -392.0000000000
23 -391.0000000000
27 -390.0000000000
30 -389.0000000000
31 -388.0000000000
32 -387.0000000000
33 -386.0000000000
35 -385.0000000000
40 -384.0000000000
41 -383.0000000000
46 -382.0000000000
49 -381.0000000000
53 -380.0000000000
54 -379.0000000000
60 -378.0000000000
61 -377.0000000000
62 -376.0000000000
63 -375.0000000000
65 -374.0000000000
68 -373.0000000000
69 -372.0000000000
70 -371.0000000000
73 -370.0000000000
74 -369.0000000000
78 -368.0000000000
80 -367.0000000000
81 -366.0000000000
82 -365.0000000000
84 -364.0000000000
88 -363.0000000000
89 -362.0000000000
90 -361.0000000000
92 -360.0000000000
93 -359.0000000000
97 -358.0000000000
100 -357.0000000000
103 -356.0000000000
104 -355.0000000000
113 -354.0000000000
115 -353.0000000000
119 -352.0000000000
120 -351.0000000000
126 -350.0000000000
128 -349.0000000000
129 -348.0000000000
130 -347.0000000000
133 -346.0000000000
134 -345.0000000000
135 -344.0000000000
138 -343.0000000000
140 -342.0000000000
142 -341.0000000000
144 -340.0000000000
147 -339.0000000000
152 -338.0000000000
153 -337.0000000000
156 -336.0000000000
159 -335.0000000000
161 -334.0000000000
170 -333.0000000000
171 -332.0000000000
172 -331.0000000000
173 -330.0000000000
178 -329.0000000000
179 -328.0000000000
184 -327.0000000000
186 -326.0000000000
188 -325.0000000000
189 -324.0000000000
190 -323.0000000000
191 -322.0000000000
192 -321.0000000000
193 -320.0000000000
195 -319.0000000000
199 -318.0000000000
200 -317.0000000000
201 -316.0000000000
203 -315.0000000000
205 -314.0000000000
207 -313.0000000000
211 -312.0000000000
212 -311.0000000000
213 -310.0000000000
217 -309.0000000000
219 -308.0000000000
220 -307.0000000000
221 -306.0000000000
222 -305.0000000000
224 -304.0000000000
231 -303.0000000000
233 -302.0000000000
241 -301.0000000000
243 -300.0000000000
244 -299.0000000000
246 -298.0000000000
247 -297.0000000000
250 -296.0000000000
251 -295.0000000000
252 -294.0000000000
253 -293.0000000000
254 -292.0000000000
256 -291.0000000000
259 -290.0000000000
262 -289.0000000000
266 -288.0000000000
268 -287.0000000000
275 -286.0000000000
279 -285.0000000000
280 -284.0000000000
283 -283.0000000000
287 -282.0000000000
292 -281.0000000000
297 -280.0000000000
300 -279.0000000000
302 -278.0000000000
303 -277.0000000000
310 -276.0000000000
312 -275.0000000000
314 -274.0000000000
315 -273.0000000000
316 -272.0000000000
318 -271.0000000000
320 -270.0000000000
321 -269.0000000000
322 -268.0000000000
325 -267.0000000000
326 -266.0000000000
328 -265.0000000000
329 -264.0000000000
330 -263.0000000000
340 -262.0000000000
342 -261.0000000000
344 -260.0000000000
347 -259.0000000000
348 -258.0000000000
349 -257.0000000000
350 -256.0000000000
351 -255.0000000000
356 -254.0000000000
357 -253.0000000000
358 -252.0000000000
361 -251.0000000000
368 -250.0000000000
371 -249.0000000000
373 -248.0000000000
374 -247.0000000000
379 -246.0000000000
385 -245.0000000000
386 -244.0000000000
390 -243.0000000000
394 -242.0000000000
395 -241.0000000000
404 -240.0000000000
411 -239.0000000000
413 -238.0000000000
416 -237.0000000000
418 -236.0000000000
421 -235.0000000000
426 -234.0000000000
428 -233.0000000000
429 -232.0000000000
431 -231.0000000000
438 -230.0000000000
441 -229.0000000000
443 -228.0000000000
446 -227.0000000000
450 -226.0000000000
453 -225.0000000000
454 -224.0000000000
462 -223.0000000000
463 -222.0000000000
464 -221.0000000000
468 -220.0000000000
470 -219.0000000000
473 -218.0000000000
477 -217.0000000000
479 -216.0000000000
480 -215.0000000000
481 -214.0000000000
483 -213.0000000000
487 -212.0000000000
491 -211.0000000000
493 -210.0000000000
494 -209.0000000000
502 -208.0000000000
505 -207.0000000000
506 -206.0000000000
507 -205.0000000000
512 -204.0000000000
515 -203.0000000000
516 -202.0000000000
518 -201.0000000000
521 -200.0000000000
522 -199.0000000000
526 -198.0000000000
527 -197.0000000000
528 -196.0000000000
530 -195.0000000000
534 -194.0000000000
544 -193.0000000000
547 -192.0000000000
556 -191.0000000000
558 -190.0000000000
564 -189.0000000000
565 -188.0000000000
566 -187.0000000000
574 -186.0000000000
576 -185.0000000000
577 -184.0000000000
578 -183.0000000000
580 -182.0000000000
586 -181.0000000000
592 -180.0000000000
594 -179.0000000000
595 -178.0000000000
597 -177.0000000000
598 -176.0000000000
603 -175.0000000000
612 -174.0000000000
615 -173.0000000000
622 -172.0000000000
630 -171.0000000000
640 -170.0000000000
642 -169.0000000000
644 -168.0000000000
654 -167.0000000000
656 -166.0000000000
657 -165.0000000000
659 -164.0000000000
672 -163.0000000000
675 -162.0000000000
681 -161.0000000000
682 -160.0000000000
685 -159.0000000000
687 -158.0000000000
688 -157.0000000000
689 -156.0000000000
690 -155.0000000000
696 -154.0000000000
700 -153.0000000000
703 -152.0000000000
705 -151.0000000000
710 -150.0000000000
713 -149.0000000000
714 -148.0000000000
727 -147.0000000000
728 -146.0000000000
729 -145.0000000000
732 -144.0000000000
743 -143.0000000000
744 -142.0000000000
745 -141.0000000000
759 -140.0000000000
762 -139.0000000000
774 -138.0000000000
777 -137.0000000000
782 -136.0000000000
790 -135.0000000000
797 -134.0000000000
798 -133.0000000000
804 -132.0000000000
811 -131.0000000000
814 -130.0000000000
822 -129.0000000000
824 -128.0000000000
825 -127.0000000000
835 -126.0000000000
836 -125.0000000000
840 -124.0000000000
845 -123.0000000000
848 -122.0000000000
850 -121.0000000000
860 -120.0000000000
861 -119.0000000000
864 -118.0000000000
881 -117.0000000000
889 -116.0000000000
900 -115.0000000000
901 -114.0000000000
903 -113.0000000000
912 -112.0000000000
921 -111.0000000000
924 -110.0000000000
929 -109.0000000000
930 -108.0000000000
934 -107.0000000000
945 -106.0000000000
971 -105.0000000000
976 -104.0000000000
986 -103.0000000000
992 -102.0000000000
1017 -101.0000000000
1020 -100.0000000000
1030 -99.0000000000
1036 -98.0000000000
1041 -97.0000000000
1047 -96.0000000000
1048 -95.0000000000
1059 -94.0000000000
1072 -93.0000000000
1082 -92.0000000000
1083 -91.0000000000
1084 -90.0000000000
1086 -89.0000000000
1089 -88.0000000000
1098 -87.0000000000
1140 -86.0000000000
1144 -85.0000000000
1152 -84.0000000000
1165 -83.0000000000
1196 -82.0000000000
1197 -81.0000000000
1201 -80.0000000000
1211 -79.0000000000
1216 -78.0000000000
1224 -77.0000000000
1231 -76.0000000000
1238 -75.0000000000
1247 -74.0000000000
1252 -73.0000000000
1267 -72.0000000000
1285 -71.0000000000
1290 -70.0000000000
1293 -69.0000000000
1294 -68.0000000000
1316 -67.0000000000
1331 -66.0000000000
1334 -65.0000000000
1340 -64.0000000000
1345 -63.0000000000
1373 -62.0000000000
1400 -61.0000000000
1422 -60.0000000000
1429 -59.0000000000
1475 -58.0000000000
1517 -57.0000000000
1518 -56.0000000000
1519 -55.0000000000
1521 -54.0000000000
1525 -53.0000000000
1549 -52.0000000000
1552 -51.0000000000
1561 -50.0000000000
1581 -49.0000000000
1583 -48.0000000000
1592 -47.0000000000
1596 -46.0000000000
1605 -45.0000000000
1624 -44.0000000000
1636 -43.0000000000
1646 -42.0000000000
1660 -41.0000000000
1726 -40.0000000000
1753 -39.0000000000
1768 -38.0000000000
1807 -37.0000000000
1821 -36.0000000000
1885 -35.0000000000
1890 -34.0000000000
1896 -33.0000000000
1914 -32.0000000000
1919 -31.0000000000
1938 -30.0000000000
1945 -29.0000000000
1960 -28.0000000000
1988 -27.0000000000
2008 -26.0000000000
2030 -25.0000000000
2043 -24.0000000000
2047 -23.0000000000
2049 -22.0000000000
2060 -21.0000000000
2062 -20.0000000000
2104 -19.0000000000
2121 -18.0000000000
2129 -17.0000000000
2140 -16.0000000000
2166 -15.0000000000
2182 -14.0000000000
2196 -13.0000000000
2203 -12.0000000000
2260 -11.0000000000
2296 -10.0000000000
2363 -9.0000000000
2372 -8.0000000000
2374 -7.0000000000
2410 -6.0000000000
2496 -5.0000000000
2499 -4.0000000000
2605 -3.0000000000
2783 -2.0000000000
2833 -1.0000000000
2838 588.0000000000
100000 -1.0000000000
evaluations raw_y
1 -380.0000000000
2 -379.0000000000
3 -378.0000000000
7 -377.0000000000
8 -376.0000000000
9 -375.0000000000
13 -374.0000000000
17 -373.0000000000
18 -372.0000000000
20 -371.0000000000
21 -370.0000000000
22 -369.0000000000
26 -368.0000000000
29 -367.0000000000
30 -366.0000000000
31 -365.0000000000
33 -364.0000000000
34 -363.0000000000
36 -362.0000000000
37 -361.0000000000
43 -360.0000000000
44 -359.0000000000
45 -358.0000000000
48 -357.0000000000
50 -356.0000000000
51 -355.0000000000
52 -354.0000000000
53 -353.0000000000
57 -352.0000000000
59 -351.0000000000
61 -350.0000000000
62 -349.0000000000
63 -348.0000000000
64 -347.0000000000
65 -346.0000000000
70 -345.0000000000
71 -344.0000000000
72 -343.0000000000
73 -342.0000000000
75 -341.0000000000
78 -340.0000000000
79 -339.0000000000
81 -338.0000000000
82 -337.0000000000
83 -336.0000000000
84 -335.0000000000
87 -334.0000000000
88 -333.0000000000
91 -332.0000000000
96 -331.0000000000
103 -330.0000000000
105 -329.0000000000
106 -328.0000000000
107 -327.0000000000
110 -326.0000000000
113 -325.0000000000
115 -324.0000000000
120 -323.0000000000
121 -322.0000000000
122 -321.0000000000
123 -320.0000000000
126 -319.0000000000
131 -318.0000000000
134 -317.0000000000
136 -316.0000000000
138 -315.0000000000
141 -314.0000000000
142 -313.0000000000
147 -312.0000000000
150 -311.0000000000
152 -310.0000000000
153 -309.0000000000
156 -308.0000000000
157 -307.0000000000
158 -306.0000000000
159 -305.0000000000
162 -304.0000000000
164 -303.0000000000
167 -302.0000000000
174 -301.0000000000
175 -300.0000000000
177 -299.0000000000
182 -298.0000000000
183 -297.0000000000
185 -296.0000000000
186 -295.0000000000
187 -294.0000000000
189 -293.0000000000
190 -292.0000000000
191 -291.0000000000
195 -290.0000000000
197 -289.0000000000
199 -288.0000000000
202 -287.0000000000
203 -286.0000000000
207 -285.0000000000
209 -284.0000000000
219 -283.0000000000
222 -282.0000000000
229 -281.0000000000
230 -280.0000000000
241 -279.0000000000
242 -278.0000000000
246 -277.0000000000
248 -276.0000000000
251 -275.0000000000
255 -274.0000000000
256 -273.0000000000
257 -272.0000000000
258 -271.0000000000
265 -270.0000000000
268 -269.0000000000
269 -268.0000000000
270 -267.0000000000
272 -266.0000000000
279 -265.0000000000
281 -264.0000000000
290 -263.0000000000
299 -262.0000000000
300 -261.0000000000
303 -260.0000000000
305 -259.0000000000
308 -258.0000000000
309 -257.0000000000
310 -256.0000000000
312 -255.0000000000
313 -254.0000000000
320 -253.0000000000
323 -252.0000000000
325 -251.0000000000
330 -250.0000000000
334 -249.0000000000
336 -248.0000000000
337 -247.0000000000
339 -246.0000000000
344 -245.0000000000
348 -244.0000000000
349 -243.0000000000
352 -242.0000000000
354 -241.0000000000
356 -240.0000000000
358 -239.0000000000
361 -238.0000000000
364 -237.0000000000
365 -236.0000000000
367 -235.0000000000
370 -234.0000000000
371 -233.0000000000
375 -232.0000000000
376 -231.0000000000
378 -230.0000000000
379 -229.0000000000
382 -228.0000000000
385 -227.0000000000
386 -226.0000000000
388 -225.0000000000
393 -224.0000000000
396 -223.0000000000
397 -222.0000000000
400 -221.0000000000
405 -220.0000000000
408 -219.0000000000
409 -218.0000000000
410 -217.0000000000
417 -216.0000000000
419 -215.0000000000
422 -214.0000000000
424 -213.0000000000
425 -212.0000000000
427 -211.0000000000
428 -210.0000000000
433 -209.0000000000
438 -208.0000000000
440 -207.0000000000
445 -206.0000000000
449 -205.0000000000
454 -204.0000000000
461 -203.0000000000
463 -202.0000000000
464 -201.0000000000
469 -200.0000000000
473 -199.0000000000
475 -198.0000000000
484 -197.0000000000
490 -196.0000000000
491 -195.0000000000
492 -194.0000000000
497 -193.0000000000
498 -192.0000000000
499 -191.0000000000
503 -190.0000000000
506 -189.0000000000
517 -188.0000000000
518 -187.0000000000
519 -186.0000000000
529 -185.0000000000
533 -184.0000000000
540 -183.0000000000
542 -182.0000000000
545 -181.0000000000
548 -180.0000000000
549 -179.0000000000
555 -178.0000000000
565 -177.0000000000
566 -176.0000000000
572 -175.0000000000
575 -174.0000000000
584 -173.0000000000
586 -172.0000000000
589 -171.0000000000
591 -170.0000000000
593 -169.0000000000
596 -168.0000000000
608 -167.0000000000
609 -166.0000000000
617 -165.0000000000
621 -164.0000000000
623 -163.0000000000
631 -162.0000000000
633 -161.0000000000
635 -160.0000000000
637 -159.0000000000
640 -158.0000000000
645 -157.0000000000
654 -156.0000000000
656 -155.0000000000
662 -154.0000000000
666 -153.0000000000
669 -152.0000000000
674 -151.0000000000
681 -150.0000000000
686 -149.0000000000
688 -148.0000000000
693 -147.0000000000
698 -146.0000000000
699 -145.0000000000
708 -144.0000000000
722 -143.0000000000
726 -142.0000000000
728 -141.0000000000
738 -140.0000000000
740 -139.0000000000
741 -138.0000000000
742 -137.0000000000
746 -136.0000000000
756 -135.0000000000
758 -134.0000000000
773 -133.0000000000
777 -132.0000000000
781 -131.0000000000
782 -130.0000000000
789 -129.0000000000
800 -128.0000000000
802 -127.0000000000
803 -126.0000000000
806 -125.0000000000
817 -124.0000000000
835 -123.0000000000
837 -122.0000000000
842 -121.0000000000
844 -120.0000000000
848 -119.0000000000
858 -118.0000000000
865 -117.0000000000
867 -116.0000000000
886 -115.0000000000
890 -114.0000000000
896 -113.0000000000
904 -112.0000000000
906 -111.0000000000
912 -110.0000000000
918 -109.0000000000
926 -108.0000000000
934 -107.0000000000
946 -106.0000000000
951 -105.0000000000
956 -104.0000000000
962 -103.0000000000
963 -102.0000000000
969 -101.0000000000
978 -100.0000000000
983 -99.0000000000
996 -98.0000000000
1009 -97.0000000000
1013 -96.0000000000
1014 -95.0000000000
1015 -94.0000000000
1026 -93.0000000000
1027 -92.0000000000
1028 -91.0000000000
1032 -90.0000000000
1040 -89.0000000000
1042 -88.0000000000
1043 -87.0000000000
1046 -86.0000000000
1053 -85.0000000000
1066 -84.0000000000
1067 -83.0000000000
1080 -82.0000000000
1096 -81.0000000000
1101 -80.0000000000
1126 -79.0000000000
1134 -78.0000000000
1138 -77.0000000000
1140 -76.0000000000
1149 -75.0000000000
1151 -74.0000000000
1152 -73.0000000000
1154 -72.0000000000
1162 -71.0000000000
1172 -70.0000000000
1173 -69.0000000000
1190 -68.0000000000
1205 -67.0000000000
1213 -66.0000000000
1228 -65.0000000000
1234 -64.0000000000
1242 -63.0000000000
1262 -62.0000000000
1274 -61.0000000000
1295 -60.0000000000
1314 -59.0000000000
1316 -58.0000000000
1326 -57.0000000000
1336 -56.0000000000
1354 -55.0000000000
1364 -54.0000000000
1376 -53.0000000000
1394 -52.0000000000
1395 -51.0000000000
1416 -50.0000000000
1446 -49.0000000000
1472 -48.0000000000
1479 -47.0000000000
1503 -46.0000000000
1515 -45.0000000000
1536 -44.0000000000
1562 -43.0000000000
1572 -42.0000000000
1587 -41.0000000000
1604 -40.0000000000
1625 -39.0000000000
1626 -38.0000000000
1641 -37.0000000000
1654 -36.0000000000
1690 -35.0000000000
1710 -34.0000000000
1719 -33.0000000000
1722 -32.0000000000
1773 -31.0000000000
1837 -30.0000000000
1841 -29.0000000000
1853 -28.0000000000
1864 -27.0000000000
1895 -26.0000000000
1920 -25.0000000000
1924 -24.0000000000
1926 -23.0000000000
1930 -22.0000000000
1986 -21.0000000000
2088 -20.0000000000
2100 -19.0000000000
2209 -18.0000000000
2263 -17.0000000000
2342 -16.0000000000
2348 -15.0000000000
2390 -14.0000000000
2430 -13.0000000000
2549 -12.0000000000
2674 -11.0000000000
2800 -10.0000000000
2851 -9.0000000000
3011 -8.0000000000
3027 -7.0000000000
3078 -6.0000000000
3217 -5.0000000000
3323 -4.0000000000
3335 -3.0000000000
3367 -2.0000000000
3420 -1.0000000000
3554 518.0000000000
100000 -1.0000000000
evaluations raw_y
1 -355.0000000000
2 -354.0000000000
4 -353.0000000000
6 -352.0000000000
7 -351.0000000000
8 -350.0000000000
9 -349.0000000000
11 -348.0000000000
12 -347.0000000000
13 -346.0000000000
14 -345.0000000000
15 -344.0000000000
17 -343.0000000000
18 -342.0000000000
20 -341.0000000000
22 -340.0000000000
23 -339.0000000000
29 -338.0000000000
30 -337.0000000000
31 -336.0000000000
32 -335.0000000000
34 -334.0000000000
40 -333.0000000000
42 -332.0000000000
43 -331.0000000000
44 -330.0000000000
45 -329.0000000000
46 -328.0000000000
47 -327.0000000000
48 -326.0000000000
51 -325.0000000000
52 -324.0000000000
53 -323.0000000000
54 -322.0000000000
59 -321.0000000000
60 -320.0000000000
61 -319.0000000000
62 -318.0000000000
65 -317.0000000000
67 -316.0000000000
70 -315.0000000000
73 -314.0000000000
74 -313.0000000000
76 -312.0000000000
77 -311.0000000000
79 -310.0000000000
81 -309.0000000000
83 -308.0000000000
84 -307.0000000000
86 -306.0000000000
90 -305.0000000000
91 -304.0000000000
93 -303.0000000000
97 -302.0000000000
99 -301.0000000000
102 -300.0000000000
103 -299.0000000000
111 -298.0000000000
112 -297.0000000000
114 -296.0000000000
116 -295.0000000000
122 -294.0000000000
124 -293.0000000000
125 -292.0000000000
127 -291.0000000000
128 -290.0000000000
132 -289.0000000000
135 -288.0000000000
137 -287.0000000000
138 -286.0000000000
140 -285.0000000000
149 -284.0000000000
151 -283.0000000000
155 -282.0000000000
156 -281.0000000000
158 -280.0000000000
159 -279.0000000000
160 -278.0000000000
161 -277.0000000000
163 -276.0000000000
166 -275.0000000000
168 -274.0000000000
169 -273.0000000000
172 -272.0000000000
173 -271.0000000000
181 -270.0000000000
182 -269.0000000000
185 -268.0000000000
189 -267.0000000000
196 -266.0000000000
201 -265.0000000000
203 -264.0000000000
206 -263.0000000000
207 -262.0000000000
208 -261.0000000000
211 -260.0000000000
212 -259.0000000000
215 -258.0000000000
217 -257.0000000000
222 -256.0000000000
230 -255.0000000000
232 -254.0000000000
233 -253.0000000000
236 -252.0000000000
237 -251.0000000000
244 -250.0000000000
245 -249.0000000000
249 -248.0000000000
253 -247.0000000000
256 -246.0000000000
261 -245.0000000000
262 -244.0000000000
267 -243.0000000000
268 -242.0000000000
271 -241.0000000000
272 -240.0000000000
273 -239.0000000000
276 -238.0000000000
280 -237.0000000000
283 -236.0000000000
284 -235.0000000000
287 -234.0000000000
290 -233.0000000000
291 -232.0000000000
294 -231.0000000000
297 -230.0000000000
300 -229.0000000000
305 -228.0000000000
308 -227.0000000000
310 -226.0000000000
314 -225.0000000000
318 -224.0000000000
320 -223.0000000000
322 -222.0000000000
323 -221.0000000000
328 -220.0000000000
331 -219.0000000000
343 -218.0000000000
345 -217.0000000000
346 -216.0000000000
350 -215.0000000000
351 -214.0000000000
352 -213.0000000000
355 -212.0000000000
357 -211.0000000000
358 -210.0000000000
360 -209.0000000000
361 -208.0000000000
362 -207.0000000000
365 -206.0000000000
366 -205.0000000000
372 -204.0000000000
374 -203.0000000000
377 -202.0000000000
381 -201.0000000000
385 -200.0000000000
391 -199.0000000000
397 -198.0000000000
400 -197.0000000000
403 -196.0000000000
406 -195.0000000000
409 -194.0000000000
417 -193.0000000000
421 -192.0000000000
427 -191.0000000000
438 -190.0000000000
445 -189.0000000000
453 -188.0000000000
455 -187.0000000000
456 -186.0000000000
458 -185.0000000000
459 -184.0000000000
463 -183.0000000000
464 -182.0000000000
469 -181.0000000000
471 -180.0000000000
477 -179.0000000000
480 -178.0000000000
481 -177.0000000000
484 -176.0000000000
493 -175.0000000000
494 -174.0000000000
495 -173.0000000000
497 -172.0000000000
498 -171.0000000000
503 -170.0000000000
507 -169.0000000000
511 -168.0000000000
512 -167.0000000000
513 -166.0000000000
514 -165.0000000000
516 -164.0000000000
518 -163.0000000000
519 -162.0000000000
526 -161.0000000000
528 -160.0000000000
530 -159.0000000000
531 -158.0000000000
532 -157.0000000000
536 -156.0000000000
543 -155.0000000000
546 -154.0000000000
549 -153.0000000000
552 -152.0000000000
555 -151.0000000000
556 -150.0000000000
560 -149.0000000000
561 -148.0000000000
570 -147.0000000000
577 -146.0000000000
582 -145.0000000000
585 -144.0000000000
606 -143.0000000000
613 -142.0000000000
624 -141.0000000000
626 -140.0000000000
628 -139.0000000000
631 -138.0000000000
641 -137.0000000000
661 -136.0000000000
671 -135.0000000000
679 -134.0000000000
689 -133.0000000000
693 -132.0000000000
699 -131.0000000000
700 -130.0000000000
702 -129.0000000000
707 -128.0000000000
708 -127.0000000000
712 -126.0000000000
720 -125.0000000000
737 -124.0000000000
740 -123.0000000000
759 -122.0000000000
768 -121.0000000000
784 -120.0000000000
813 -119.0000000000
824 -118.0000000000
834 -117.0000000000
848 -116.0000000000
853 -115.0000000000
855 -114.0000000000
860 -113.0000000000
869 -112.0000000000
871 -111.0000000000
874 -110.0000000000
882 -109.0000000000
885 -108.0000000000
888 -107.0000000000
896 -106.0000000000
904 -105.0000000000
912 -104.0000000000
915 -103.0000000000
917 -102.0000000000
930 -101.0000000000
931 -100.0000000000
936 -99.0000000000
943 -98.0000000000
944 -97.0000000000
954 -96.0000000000
964 -95.0000000000
969 -94.0000000000
970 -93.0000000000
973 -92.0000000000
982 -91.0000000000
985 -90.0000000000
1003 -89.0000000000
1005 -88.0000000000
1013 -87.0000000000
1016 -86.0000000000
1036 -85.0000000000
1046 -84.0000000000
1056 -83.0000000000
1066 -82.0000000000
1073 -81.0000000000
1077 -80.0000000000
1081 -79.0000000000
1086 -78.0000000000
1097 -77.0000000000
1107 -76.0000000000
1123 -75.0000000000
1131 -74.0000000000
1139 -73.0000000000
1148 -72.0000000000
1153 -71.0000000000
1186 -70.0000000000
1191 -69.0000000000
1200 -68.0000000000
1204 -67.0000000000
1208 -66.0000000000
1292 -65.0000000000
1297 -64.0000000000
1312 -63.0000000000
1318 -62.0000000000
1328 -61.0000000000
1336 -60.0000000000
1375 -59.0000000000
1396 -58.0000000000
1409 -57.0000000000
1411 -56.0000000000
1422 -55.0000000000
1439 -54.0000000000
1460 -53.0000000000
1474 -52.0000000000
1490 -51.0000000000
1501 -50.0000000000
1502 -49.0000000000
1516 -48.0000000000
1548 -47.0000000000
1558 -46.0000000000
1560 -45.0000000000
1565 -44.0000000000
1569 -43.0000000000
1581 -42.0000000000
1582 -41.0000000000
1588 -40.0000000000
1592 -39.0000000000
1603 -38.0000000000
1645 -37.0000000000
1666 -36.0000000000
1692 -35.0000000000
1762 -34.0000000000
1770 -33.0000000000
1782 -32.0000000000
1814 -31.0000000000
1817 -30.0000000000
1882 -29.0000000000
1900 -28.0000000000
1918 -27.0000000000
1921 -26.0000000000
1924 -25.0000000000
1960 -24.0000000000
1961 -23.0000000000
1974 -22.0000000000
1998 -21.0000000000
2046 -20.0000000000
2076 -19.0000000000
2090 -18.0000000000
2162 -17.0000000000
2281 -16.0000000000
2306 -15.0000000000
2331 -14.0000000000
2350 -13.0000000000
2369 -12.0000000000
2412 -11.0000000000
2421 -10.0000000000
2431 -9.0000000000
2440 -8.0000000000
2444 -7.0000000000
2463 -6.0000000000
2587 -5.0000000000
2642 -4.0000000000
2693 -3.0000000000
2717 -2.0000000000
2720 -1.0000000000
2726 578.0000000000
100000 -1.0000000000
evaluations raw_y
1 -374.0000000000
2 -373.0000000000
6 -372.0000000000
8 -371.0000000000
10 -370.0000000000
13 -369.0000000000
19 -368.0000000000
20 -367.0000000000
21 -366.0000000000
25 -365.0000000000
29 -364.0000000000
33 -363.0000000000
34 -362.0000000000
36 -361.0000000000
37 -360.0000000000
40 -359.0000000000
41 -358.0000000000
44 -357.0000000000
45 -356.0000000000
47 -355.0000000000
48 -354.0000000000
49 -353.0000000000
50 -352.0000000000
51 -351.0000000000
53 -350.0000000000
56 -349.0000000000
57 -348.0000000000
58 -347.0000000000
61 -346.0000000000
62 -345.0000000000
63 -344.0000000000
64 -343.0000000000
68 -342.0000000000
75 -341.0000000000
76 -340.0000000000
79 -339.0000000000
87 -338.0000000000
88 -337.0000000000
91 -336.0000000000
92 -335.0000000000
94 -334.0000000000
96 -333.0000000000
97 -332.0000000000
98 -331.0000000000
100 -330.0000000000
101 -329.0000000000
103 -328.0000000000
107 -327.0000000000
108 -326.0000000000
110 -325.0000000000
112 -324.0000000000
115 -323.0000000000
119 -322.0000000000
121 -321.0000000000
122 -320.0000000000
124 -319.0000000000
125 -318.0000000000
126 -317.0000000000
127 -316.0000000000
130 -315.0000000000
131 -314.0000000000
132 -313.0000000000
133 -312.0000000000
136 -311.0000000000
138 -310.0000000000
139 -309.0000000000
140 -308.0000000000
143 -307.0000000000
150 -306.0000000000
151 -305.0000000000
152 -304.0000000000
157 -303.0000000000
158 -302.0000000000
159 -301.0000000000
160 -300.0000000000
161 -299.0000000000
163 -298.0000000000
165 -297.0000000000
166 -296.0000000000
167 -295.0000000000
175 -294.0000000000
176 -293.0000000000
179 -292.0000000000
180 -291.0000000000
181 -290.0000000000
184 -289.0000000000
186 -288.0000000000
190 -287.0000000000
191 -286.0000000000
192 -285.0000000000
193 -284.0000000000
196 -283.0000000000
200 -282.0000000000
202 -281.0000000000
203 -280.0000000000
211 -279.0000000000
212 -278.0000000000
214 -277.0000000000
216 -276.0000000000
218 -275.0000000000
220 -274.0000000000
222 -273.0000000000
223 -272.0000000000
224 -271.0000000000
226 -270.0000000000
228 -269.0000000000
231 -268.0000000000
232 -267.0000000000
233 -266.0000000000
239 -265.0000000000
242 -264.0000000000
246 -263.0000000000
248 -262.0000000000
249 -261.0000000000
250 -260.0000000000
251 -259.0000000000
253 -258.0000000000
255 -257.0000000000
258 -256.0000000000
259 -255.0000000000
263 -254.0000000000
266 -253.0000000000
269 -252.0000000000
270 -251.0000000000
273 -250.0000000000
274 -249.0000000000
277 -248.0000000000
278 -247.0000000000
280 -246.0000000000
281 -245.0000000000
284 -244.0000000000
286 -243.0000000000
290 -242.0000000000
293 -241.0000000000
294 -240.0000000000
300 -239.0000000000
308 -238.0000000000
310 -237.0000000000
315 -236.0000000000
316 -235.0000000000
322 -234.0000000000
324 -233.0000000000
328 -232.0000000000
329 -231.0000000000
331 -230.0000000000
335 -229.0000000000
337 -228.0000000000
339 -227.0000000000
343 -226.0000000000
344 -225.0000000000
350 -224.0000000000
355 -223.0000000000
357 -222.0000000000
359 -221.0000000000
363 -220.0000000000
364 -219.0000000000
365 -218.0000000000
366 -217.0000000000
368 -216.0000000000
371 -215.0000000000
374 -214.0000000000
377 -213.0000000000
382 -212.0000000000
383 -211.0000000000
386 -210.0000000000
394 -209.0000000000
400 -208.0000000000
401 -207.0000000000
402 -206.0000000000
406 -205.0000000000
411 -204.0000000000
424 -203.0000000000
443 -202.0000000000
452 -201.0000000000
453 -200.0000000000
455 -199.0000000000
462 -198.0000000000
470 -197.0000000000
471 -196.0000000000
474 -195.0000000000
476 -194.0000000000
477 -193.0000000000
478 -192.0000000000
479 -191.0000000000
481 -190.0000000000
484 -189.0000000000
488 -188.0000000000
493 -187.0000000000
495 -186.0000000000
497 -185.0000000000
502 -184.0000000000
506 -183.0000000000
508 -182.0000000000
514 -181.0000000000
517 -180.0000000000
518 -179.0000000000
522 -178.0000000000
524 -177.0000000000
530 -176.0000000000
532 -175.0000000000
539 -174.0000000000
540 -173.0000000000
542 -172.0000000000
548 -171.0000000000
550 -170.0000000000
552 -169.0000000000
558 -168.0000000000
562 -167.0000000000
565 -166.0000000000
566 -165.0000000000
567 -164.0000000000
568 -163.0000000000
570 -162.0000000000
571 -161.0000000000
582 -160.0000000000
585 -159.0000000000
590 -158.0000000000
593 -157.0000000000
594 -156.0000000000
595 -155.0000000000
596 -154.0000000000
601 -153.0000000000
605 -152.0000000000
610 -151.0000000000
621 -150.0000000000
623 -149.0000000000
624 -148.0000000000
637 -147.0000000000
640 -146.0000000000
641 -145.0000000000
649 -144.0000000000
652 -143.0000000000
657 -142.0000000000
658 -141.0000000000
661 -140.0000000000
665 -139.0000000000
666 -138.0000000000
669 -137.0000000000
671 -136.0000000000
673 -135.0000000000
674 -134.0000000000
681 -133.0000000000
686 -132.0000000000
687 -131.0000000000
699 -130.0000000000
700 -129.0000000000
703 -128.0000000000
707 -127.0000000000
710 -126.0000000000
714 -125.0000000000
718 -124.0000000000
721 -123.0000000000
722 -122.0000000000
723 -121.0000000000
724 -120.0000000000
736 -119.0000000000
739 -118.0000000000
748 -117.0000000000
755 -116.0000000000
760 -115.0000000000
761 -114.0000000000
763 -113.0000000000
764 -112.0000000000
765 -111.0000000000
768 -110.0000000000
785 -109.0000000000
786 -108.0000000000
811 -107.0000000000
822 -106.0000000000
823 -105.0000000000
829 -104.0000000000
834 -103.0000000000
835 -102.0000000000
839 -101.0000000000
840 -100.0000000000
846 -99.0000000000
851 -98.0000000000
853 -97.0000000000
855 -96.0000000000
868 -95.0000000000
877 -94.0000000000
891 -93.0000000000
906 -92.0000000000
909 -91.0000000000
913 -90.0000000000
925 -89.0000000000
939 -88.0000000000
960 -87.0000000000
969 -86.0000000000
971 -85.0000000000
973 -84.0000000000
1000 -83.0000000000
1003 -82.0000000000
1004 -81.0000000000
1006 -80.0000000000
1013 -79.0000000000
1022 -78.0000000000
1049 -77.0000000000
1052 -76.0000000000
1058 -75.0000000000
1060 -74.0000000000
1069 -73.0000000000
1075 -72.0000000000
1086 -71.0000000000
1087 -70.0000000000
1092 -69.0000000000
1097 -68.0000000000
1105 -67.0000000000
1117 -66.0000000000
1120 -65.0000000000
1123 -64.0000000000
1127 -63.0000000000
1135 -62.0000000000
1166 -61.0000000000
1167 -60.0000000000
1172 -59.0000000000
1174 -58.0000000000
1187 -57.0000000000
1200 -56.0000000000
1203 -55.0000000000
1207 -54.0000000000
1212 -53.0000000000
1228 -52.0000000000
1236 -51.0000000000
1242 -50.0000000000
1259 -49.0000000000
1266 -48.0000000000
1270 -47.0000000000
1279 -46.0000000000
1309 -45.0000000000
1317 -44.0000000000
1339 -43.0000000000
1343 -42.0000000000
1353 -41.0000000000
1354 -40.0000000000
1357 -39.0000000000
1362 -38.0000000000
1374 -37.0000000000
1396 -36.0000000000
1415 -35.0000000000
1436 -34.0000000000
1463 -33.0000000000
1470 -32.0000000000
1475 -31.0000000000
1478 -30.0000000000
1488 -29.0000000000
1489 -28.0000000000
1530 -27.0000000000
1537 -26.0000000000
1546 -25.0000000000
1548 -24.0000000000
1551 -23.0000000000
1579 -22.0000000000
1628 -21.0000000000
1659 -20.0000000000
1681 -19.0000000000
1701 -18.0000000000
1723 -17.0000000000
1735 -16.0000000000
1782 -15.0000000000
1788 -14.0000000000
1815 -13.0000000000
1954 -12.0000000000
1995 -11.0000000000
2133 -10.0000000000
2144 -9.0000000000
2146 -8.0000000000
2159 -7.0000000000
2178 -6.0000000000
2235 -5.0000000000
2246 -4.0000000000
2319 -3.0000000000
2341 -2.0000000000
2374 -1.0000000000
2403 600.0000000000
100000 -1.0000000000
evaluations raw_y
1 -364.0000000000
3 -363.0000000000
7 -362.0000000000
9 -361.0000000000
10 -360.0000000000
11 -359.0000000000
12 -358.0000000000
15 -357.0000000000
16 -356.0000000000
20 -355.0000000000
22 -354.0000000000
23 -353.0000000000
24 -352.0000000000
30 -351.0000000000
31 -350.0000000000
32 -349.0000000000
34 -348.0000000000
40 -347.0000000000
45 -346.0000000000
47 -345.0000000000
56 -344.0000000000
57 -343.0000000000
59 -342.0000000000
63 -341.0000000000
64 -340.0000000000
67 -339.0000000000
68 -338.0000000000
70 -337.0000000000
72 -336.0000000000
75 -335.0000000000
76 -334.0000000000
78 -333.0000000000
79 -332.0000000000
81 -331.0000000000
82 -330.0000000000
83 -329.0000000000
87 -328.0000000000
88 -327.0000000000
90 -326.0000000000
93 -325.0000000000
94 -324.0000000000
96 -323.0000000000
97 -322.0000000000
100 -321.0000000000
103 -320.0000000000
105 -319.0000000000
107 -318.0000000000
109 -317.0000000000
110 -316.0000000000
112 -315.0000000000
121 -314.0000000000
122 -313.0000000000
125 -312.0000000000
128 -311.0000000000
130 -310.0000000000
131 -309.0000000000
132 -308.0000000000
134 -307.0000000000
136 -306.0000000000
138 -305.0000000000
139 -304.0000000000
141 -303.0000000000
142 -302.0000000000
144 -301.0000000000
145 -300.0000000000
147 -299.0000000000
148 -298.0000000000
152 -297.0000000000
154 -296.0000000000
156 -295.0000000000
158 -294.0000000000
160 -293.0000000000
162 -292.0000000000
164 -291.0000000000
165 -290.0000000000
166 -289.0000000000
168 -288.0000000000
170 -287.0000000000
177 -286.0000000000
179 -285.0000000000
185 -284.0000000000
189 -283.0000000000
190 -282.0000000000
191 -281.0000000000
194 -280.0000000000
197 -279.0000000000
198 -278.0000000000
199 -277.0000000000
206 -276.0000000000
208 -275.0000000000
209 -274.0000000000
210 -273.0000000000
212 -272.0000000000
213 -271.0000000000
215 -270.0000000000
221 -269.0000000000
222 -268.0000000000
225 -267.0000000000
227 -266.0000000000
232 -265.0000000000
238 -264.0000000000
241 -263.0000000000
243 -262.0000000000
245 -261.0000000000
247 -260.0000000000
248 -259.0000000000
254 -258.0000000000
255 -257.0000000000
256 -256.0000000000
262 -255.0000000000
265 -254.0000000000
266 -253.0000000000
271 -252.0000000000
280 -251.0000000000
281 -250.0000000000
285 -249.0000000000
288 -248.0000000000
289 -247.0000000000
290 -246.0000000000
293 -245.0000000000
295 -244.0000000000
298 -243.0000000000
299 -242.0000000000
301 -241.0000000000
308 -240.0000000000
309 -239.0000000000
310 -238.0000000000
318 -237.0000000000
325 -236.0000000000
326 -235.0000000000
329 -234.0000000000
331 -233.0000000000
337 -232.0000000000
340 -231.0000000000
341 -230.0000000000
345 -229.0000000000
346 -228.0000000000
358 -227.0000000000
364 -226.0000000000
369 -225.0000000000
372 -224.0000000000
374 -223.0000000000
375 -222.0000000000
376 -221.0000000000
386 -220.0000000000
387 -219.0000000000
389 -218.0000000000
391 -217.0000000000
403 -216.0000000000
405 -215.0000000000
406 -214.0000000000
410 -213.0000000000
415 -212.0000000000
418 -211.0000000000
419 -210.0000000000
420 -209.0000000000
421 -208.0000000000
427 -207.0000000000
428 -206.0000000000
429 -205.0000000000
430 -204.0000000000
431 -203.0000000000
432 -202.0000000000
434 -201.0000000000
435 -200.0000000000
446 -199.0000000000
449 -198.0000000000
458 -197.0000000000
461 -196.0000000000
464 -195.0000000000
465 -194.0000000000
471 -193.0000000000
472 -192.0000000000
473 -191.0000000000
474 -190.0000000000
494 -189.0000000000
497 -188.0000000000
504 -187.0000000000
508 -186.0000000000
509 -185.0000000000
510 -184.0000000000
516 -183.0000000000
522 -182.0000000000
524 -181.0000000000
525 -180.0000000000
526 -179.0000000000
527 -178.0000000000
528 -177.0000000000
535 -176.0000000000
536 -175.0000000000
539 -174.0000000000
540 -173.0000000000
543 -172.0000000000
547 -171.0000000000
556 -170.0000000000
557 -169.0000000000
561 -168.0000000000
564 -167.0000000000
566 -166.0000000000
569 -165.0000000000
572 -164.0000000000
578 -163.0000000000
580 -162.0000000000
583 -161.0000000000
584 -160.0000000000
588 -159.0000000000
590 -158.0000000000
599 -157.0000000000
605 -156.0000000000
606 -155.0000000000
607 -154.0000000000
609 -153.0000000000
612 -152.0000000000
615 -151.0000000000
617 -150.0000000000
632 -149.0000000000
638 -148.0000000000
640 -147.0000000000
641 -146.0000000000
645 -145.0000000000
648 -144.0000000000
651 -143.0000000000
656 -142.0000000000
664 -141.0000000000
666 -140.0000000000
673 -139.0000000000
694 -138.0000000000
697 -137.0000000000
698 -136.0000000000
703 -135.0000000000
706 -134.0000000000
708 -133.0000000000
709 -132.0000000000
714 -131.0000000000
718 -130.0000000000
719 -129.0000000000
722 -128.0000000000
731 -127.0000000000
732 -126.0000000000
733 -125.0000000000
734 -124.0000000000
742 -123.0000000000
743 -122.0000000000
745 -121.0000000000
752 -120.0000000000
754 -119.0000000000
766 -118.0000000000
767 -117.0000000000
777 -116.0000000000
778 -115.0000000000
782 -114.0000000000
789 -113.0000000000
790 -112.0000000000
794 -111.0000000000
795 -110.0000000000
814 -109.0000000000
818 -108.0000000000
819 -107.0000000000
820 -106.0000000000
831 -105.0000000000
834 -104.0000000000
835 -103.0000000000
839 -102.0000000000
840 -101.0000000000
844 -100.0000000000
845 -99.0000000000
849 -98.0000000000
854 -97.0000000000
859 -96.0000000000
869 -95.0000000000
880 -94.0000000000
882 -93.0000000000
888 -92.0000000000
894 -91.0000000000
895 -90.0000000000
900 -89.0000000000
926 -88.0000000000
968 -87.0000000000
1003 -86.0000000000
1012 -85.0000000000
1035 -84.0000000000
1045 -83.0000000000
1052 -82.0000000000
1060 -81.0000000000
1064 -80.0000000000
1078 -79.0000000000
1089 -78.0000000000
1110 -77.0000000000
1125 -76.0000000000
1129 -75.0000000000
1139 -74.0000000000
1156 -73.0000000000
1194 -72.0000000000
1197 -71.0000000000
1198 -70.0000000000
1199 -69.0000000000
1205 -68.0000000000
1226 -67.0000000000
1240 -66.0000000000
1246 -65.0000000000
1256 -64.0000000000
1273 -63.0000000000
1274 -62.0000000000
1302 -61.0000000000
1317 -60.0000000000
1344 -59.0000000000
1345 -58.0000000000
1348 -57.0000000000
1358 -56.0000000000
1401 -55.0000000000
1403 -54.0000000000
1404 -53.0000000000
1423 -52.0000000000
1432 -51.0000000000
1443 -50.0000000000
1483 -49.0000000000
1495 -48.0000000000
1500 -47.0000000000
1502 -46.0000000000
1507 -45.0000000000
1524 -44.0000000000
1568 -43.0000000000
1576 -42.0000000000
1599 -41.0000000000
1601 -40.0000000000
1656 -39.0000000000
1673 -38.0000000000
1693 -37.0000000000
1722 -36.0000000000
1737 -35.0000000000
1738 -34.0000000000
1771 -33.0000000000
1778 -32.0000000000
1780 -31.0000000000
1812 -30.0000000000
1841 -29.0000000000
1845 -28.0000000000
1850 -27.0000000000
1854 -26.0000000000
1901 -25.0000000000
1926 -24.0000000000
1931 -23.0000000000
1956 -22.0000000000
1978 -21.0000000000
2013 -20.0000000000
2027 -19.0000000000
2055 -18.0000000000
2065 -17.0000000000
2085 -16.0000000000
2112 -15.0000000000
2124 -14.0000000000
2171 -13.0000000000
2214 -12.0000000000
2231 -11.0000000000
2294 -10.0000000000
2333 -9.0000000000
2355 -8.0000000000
2501 -7.0000000000
2508 -6.0000000000
2526 -5.0000000000
2615 -4.0000000000
2675 -3.0000000000
2682 -2.0000000000
3007 -1.0000000000
3151 606.0000000000
100000 -1.0000000000
evaluations raw_y
1 -385.0000000000
4 -384.0000000000
7 -383.0000000000
9 -382.0000000000
11 -381.0000000000
12 -380.0000000000
13 -379.0000000000
15 -378.0000000000
17 -377.0000000000
18 -376.0000000000
19 -375.0000000000
21 -374.0000000000
23 -373.0000000000
24 -372.0000000000
26 -371.0000000000
28 -370.0000000000
29 -369.0000000000
30 -368.0000000000
36 -367.0000000000
37 -366.0000000000
38 -365.0000000000
39 -364.0000000000
40 -363.0000000000
41 -362.0000000000
42 -361.0000000000
45 -360.0000000000
46 -359.0000000000
47 -358.0000000000
51 -357.0000000000
52 -356.0000000000
53 -355.0000000000
54 -354.0000000000
58 -353.0000000000
60 -352.0000000000
63 -351.0000000000
64 -350.0000000000
66 -349.0000000000
68 -348.0000000000
69 -347.0000000000
71 -346.0000000000
72 -345.0000000000
74 -344.0000000000
77 -343.0000000000
78 -342.0000000000
79 -341.0000000000
81 -340.0000000000
82 -339.0000000000
83 -338.0000000000
84 -337.0000000000
87 -336.0000000000
88 -335.0000000000
93 -334.0000000000
98 -333.0000000000
99 -332.0000000000
102 -331.0000000000
104 -330.0000000000
105 -329.0000000000
107 -328.0000000000
108 -327.0000000000
109 -326.0000000000
110 -325.0000000000
111 -324.0000000000
112 -323.0000000000
114 -322.0000000000
118 -321.0000000000
119 -320.0000000000
122 -319.0000000000
126 -318.0000000000
127 -317.0000000000
129 -316.0000000000
136 -315.0000000000
138 -314.0000000000
142 -313.0000000000
144 -312.0000000000
148 -311.0000000000
152 -310.0000000000
155 -309.0000000000
157 -308.0000000000
158 -307.0000000000
161 -306.0000000000
163 -305.0000000000
165 -304.0000000000
171 -303.0000000000
173 -302.0000000000
175 -301.0000000000
176 -300.0000000000
177 -299.0000000000
183 -298.0000000000
184 -297.0000000000
185 -296.0000000000
188 -295.0000000000
191 -294.0000000000
192 -293.0000000000
199 -292.0000000000
200 -291.0000000000
203 -290.0000000000
206 -289.0000000000
211 -288.0000000000
212 -287.0000000000
213 -286.0000000000
214 -285.0000000000
216 -284.0000000000
220 -283.0000000000
226 -282.0000000000
229 -281.0000000000
237 -280.0000000000
242 -279.0000000000
243 -278.0000000000
250 -277.0000000000
251 -276.0000000000
255 -275.0000000000
256 -274.0000000000
258 -273.0000000000
260 -272.0000000000
265 -271.0000000000
266 -270.0000000000
269 -269.0000000000
270 -268.0000000000
271 -267.0000000000
272 -266.0000000000
273 -265.0000000000
275 -264.0000000000
277 -263.0000000000
278 -262.0000000000
281 -261.0000000000
283 -260.0000000000
284 -259.0000000000
288 -258.0000000000
290 -257.0000000000
291 -256.0000000000
292 -255.0000000000
294 -254.0000000000
296 -253.0000000000
305 -252.0000000000
306 -251.0000000000
310 -250.0000000000
312 -249.0000000000
314 -248.0000000000
318 -247.0000000000
321 -246.0000000000
326 -245.0000000000
328 -244.0000000000
335 -243.0000000000
341 -242.0000000000
345 -241.0000000000
347 -240.0000000000
350 -239.0000000000
351 -238.0000000000
353 -237.0000000000
356 -236.0000000000
358 -235.0000000000
359 -234.0000000000
360 -233.0000000000
361 -232.0000000000
367 -231.0000000000
368 -230.0000000000
370 -229.0000000000
372 -228.0000000000
376 -227.0000000000
379 -226.0000000000
382 -225.0000000000
397 -224.0000000000
398 -223.0000000000
406 -222.0000000000
417 -221.0000000000
425 -220.0000000000
431 -219.0000000000
432 -218.0000000000
438 -217.0000000000
462 -216.0000000000
464 -215.0000000000
465 -214.0000000000
466 -213.0000000000
467 -212.0000000000
469 -211.0000000000
470 -210.0000000000
473 -209.0000000000
480 -208.0000000000
486 -207.0000000000
489 -206.0000000000
490 -205.0000000000
492 -204.0000000000
497 -203.0000000000
498 -202.0000000000
505 -201.0000000000
509 -200.0000000000
512 -199.0000000000
514 -198.0000000000
519 -197.0000000000
520 -196.0000000000
525 -195.0000000000
527 -194.0000000000
529 -193.0000000000
530 -192.0000000000
532 -191.0000000000
535 -190.0000000000
536 -189.0000000000
537 -188.0000000000
540 -187.0000000000
541 -186.0000000000
543 -185.0000000000
547 -184.0000000000
550 -183.0000000000
554 -182.0000000000
558 -181.0000000000
559 -180.0000000000
565 -179.0000000000
568 -178.0000000000
574 -177.0000000000
575 -176.0000000000
580 -175.0000000000
581 -174.0000000000
582 -173.0000000000
583 -172.0000000000
592 -171.0000000000
595 -170.0000000000
597 -169.0000000000
605 -168.0000000000
616 -167.0000000000
630 -166.0000000000
631 -165.0000000000
632 -164.0000000000
640 -163.0000000000
641 -162.0000000000
649 -161.0000000000
653 -160.0000000000
655 -159.0000000000
656 -158.0000000000
666 -157.0000000000
668 -156.0000000000
670 -155.0000000000
682 -154.0000000000
684 -153.0000000000
694 -152.0000000000
696 -151.0000000000
707 -150.0000000000
711 -149.0000000000
715 -148.0000000000
722 -147.0000000000
727 -146.0000000000
732 -145.0000000000
734 -144.0000000000
736 -143.0000000000
750 -142.0000000000
754 -141.0000000000
756 -140.0000000000
760 -139.0000000000
762 -138.0000000000
765 -137.0000000000
776 -136.0000000000
783 -135.0000000000
791 -134.0000000000
796 -133.0000000000
804 -132.0000000000
805 -131.0000000000
807 -130.0000000000
817 -129.0000000000
818 -128.0000000000
828 -127.0000000000
843 -126.0000000000
845 -125.0000000000
847 -124.0000000000
850 -123.0000000000
875 -122.0000000000
885 -121.0000000000
892 -120.0000000000
897 -119.0000000000
898 -118.0000000000
899 -117.0000000000
901 -116.0000000000
916 -115.0000000000
927 -114.0000000000
938 -113.0000000000
949 -112.0000000000
964 -111.0000000000
976 -110.0000000000
984 -109.0000000000
989 -108.0000000000
991 -107.0000000000
996 -106.0000000000
1021 -105.0000000000
1026 -104.0000000000
1028 -103.0000000000
1029 -102.0000000000
1034 -101.0000000000
1036 -100.0000000000
1038 -99.0000000000
1043 -98.0000000000
1054 -97.0000000000
1062 -96.0000000000
1069 -95.0000000000
1075 -94.0000000000
1077 -93.0000000000
1086 -92.0000000000
1093 -91.0000000000
1117 -90.0000000000
1118 -89.0000000000
1121 -88.0000000000
1122 -87.0000000000
1131 -86.0000000000
1147 -85.0000000000
1153 -84.0000000000
1161 -83.0000000000
1163 -82.0000000000
1173 -81.0000000000
1175 -80.0000000000
1193 -79.0000000000
1195 -78.0000000000
1196 -77.0000000000
1200 -76.0000000000
1207 -75.0000000000
1209 -74.0000000000
1239 -73.0000000000
1257 -72.0000000000
1258 -71.0000000000
1266 -70.0000000000
1281 -69.0000000000
1287 -68.0000000000
1293 -67.0000000000
1294 -66.0000000000
1298 -65.0000000000
1312 -64.0000000000
1313 -63.0000000000
1328 -62.0000000000
1352 -61.0000000000
1369 -60.0000000000
1370 -59.0000000000
1376 -58.0000000000
1378 -57.0000000000
1396 -56.0000000000
1407 -55.0000000000
1408 -54.0000000000
1411 -53.0000000000
1423 -52.0000000000
1449 -51.0000000000
1464 -50.0000000000
1469 -49.0000000000
1474 -48.0000000000
1506 -47.0000000000
1518 -46.0000000000
1535 -45.0000000000
1546 -44.0000000000
1558 -43.0000000000
1596 -42.0000000000
1601 -41.0000000000
1628 -40.0000000000
1632 -39.0000000000
1648 -38.0000000000
1665 -37.0000000000
1677 -36.0000000000
1697 -35.0000000000
1715 -34.0000000000
1733 -33.0000000000
1750 -32.0000000000
1763 -31.0000000000
1766 -30.0000000000
1775 -29.0000000000
1829 -28.0000000000
1843 -27.0000000000
1845 -26.0000000000
1849 -25.0000000000
1955 -24.0000000000
1957 -23.0000000000
1963 -22.0000000000
1987 -21.0000000000
1995 -20.0000000000
2102 -19.0000000000
2230 -18.0000000000
2274 -17.0000000000
2277 -16.0000000000
2285 -15.0000000000
2287 -14.0000000000
2294 -13.0000000000
2297 -12.0000000000
2312 -11.0000000000
2373 -10.0000000000
2374 -9.0000000000
2410 -8.0000000000
2413 -7.0000000000
2420 -6.0000000000
2423 -5.0000000000
2444 -4.0000000000
2457 -3.0000000000
2681 -2.0000000000
2718 -1.0000000000
2824 601.0000000000
100000 -1.0000000000
evaluations raw_y
1 -377.0000000000
4 -376.0000000000
5 -375.0000000000
6 -374.0000000000
7 -373.0000000000
15 -372.0000000000
20 -371.0000000000
23 -370.0000000000
27 -369.0000000000
28 -368.0000000000
29 -367.0000000000
30 -366.0000000000
32 -365.0000000000
33 -364.0000000000
34 -363.0000000000
35 -362.0000000000
36 -361.0000000000
37 -360.0000000000
38 -359.0000000000
40 -358.0000000000
43 -357.0000000000
45 -356.0000000000
46 -355.0000000000
47 -354.0000000000
51 -353.0000000000
52 -352.0000000000
53 -351.0000000000
54 -350.0000000000
56 -349.0000000000
57 -348.0000000000
58 -347.0000000000
60 -346.0000000000
65 -345.0000000000
67 -344.0000000000
68 -343.0000000000
70 -342.0000000000
71 -341.0000000000
72 -340.0000000000
74 -339.0000000000
80 -338.0000000000
83 -337.0000000000
84 -336.0000000000
85 -335.0000000000
89 -334.0000000000
92 -333.0000000000
93 -332.0000000000
94 -331.0000000000
96 -330.0000000000
98 -329.0000000000
100 -328.0000000000
102 -327.0000000000
104 -326.0000000000
107 -325.0000000000
108 -324.0000000000
110 -323.0000000000
111 -322.0000000000
112 -321.0000000000
115 -320.0000000000
118 -319.0000000000
119 -318.0000000000
121 -317.0000000000
122 -316.0000000000
126 -315.0000000000
129 -314.0000000000
132 -313.0000000000
136 -312.0000000000
138 -311.0000000000
148 -310.0000000000
149 -309.0000000000
151 -308.0000000000
152 -307.0000000000
157 -306.0000000000
158 -305.0000000000
159 -304.0000000000
164 -303.0000000000
166 -302.0000000000
167 -301.0000000000
168 -300.0000000000
169 -299.0000000000
172 -298.0000000000
174 -297.0000000000
175 -296.0000000000
182 -295.0000000000
184 -294.0000000000
189 -293.0000000000
194 -292.0000000000
195 -291.0000000000
197 -290.0000000000
198 -289.0000000000
201 -288.0000000000
208 -287.0000000000
211 -286.0000000000
213 -285.0000000000
215 -284.0000000000
217 -283.0000000000
218 -282.0000000000
220 -281.0000000000
221 -280.0000000000
222 -279.0000000000
223 -278.0000000000
226 -277.0000000000
231 -276.0000000000
234 -275.0000000000
239 -274.0000000000
242 -273.0000000000
245 -272.0000000000
246 -271.0000000000
247 -270.0000000000
253 -269.0000000000
257 -268.0000000000
262 -267.0000000000
266 -266.0000000000
267 -265.0000000000
268 -264.0000000000
274 -263.0000000000
277 -262.0000000000
279 -261.0000000000
281 -260.0000000000
282 -259.0000000000
283 -258.0000000000
285 -257.0000000000
287 -256.0000000000
290 -255.0000000000
293 -254.0000000000
294 -253.0000000000
298 -252.0000000000
300 -251.0000000000
307 -250.0000000000
309 -249.0000000000
311 -248.0000000000
314 -247.0000000000
316 -246.0000000000
317 -245.0000000000
318 -244.0000000000
319 -243.0000000000
320 -242.0000000000
322 -241.0000000000
325 -240.0000000000
328 -239.0000000000
329 -238.0000000000
334 -237.0000000000
336 -236.0000000000
337 -235.0000000000
344 -234.0000000000
356 -233.0000000000
358 -232.0000000000
366 -231.0000000000
380 -230.0000000000
383 -229.0000000000
392 -228.0000000000
394 -227.0000000000
404 -226.0000000000
415 -225.0000000000
419 -224.0000000000
420 -223.0000000000
425 -222.0000000000
426 -221.0000000000
428 -220.0000000000
430 -219.0000000000
437 -218.0000000000
439 -217.0000000000
445 -216.0000000000
447 -215.0000000000
450 -214.0000000000
454 -213.0000000000
458 -212.0000000000
459 -211.0000000000
462 -210.0000000000
467 -209.0000000000
473 -208.0000000000
474 -207.0000000000
485 -206.0000000000
487 -205.0000000000
489 -204.0000000000
490 -203.0000000000
491 -202.0000000000
495 -201.0000000000
497 -200.0000000000
498 -199.0000000000
500 -198.0000000000
501 -197.0000000000
503 -196.0000000000
509 -195.0000000000
512 -194.0000000000
513 -193.0000000000
515 -192.0000000000
519 -191.0000000000
521 -190.0000000000
526 -189.0000000000
528 -188.0000000000
532 -187.0000000000
534 -186.0000000000
535 -185.0000000000
538 -184.0000000000
539 -183.0000000000
540 -182.0000000000
551 -181.0000000000
553 -180.0000000000
554 -179.0000000000
561 -178.0000000000
564 -177.0000000000
565 -176.0000000000
570 -175.0000000000
578 -174.0000000000
582 -173.0000000000
586 -172.0000000000
592 -171.0000000000
594 -170.0000000000
601 -169.0000000000
604 -168.0000000000
609 -167.0000000000
633 -166.0000000000
634 -165.0000000000
636 -164.0000000000
637 -163.0000000000
639 -162.0000000000
640 -161.0000000000
641 -160.0000000000
642 -159.0000000000
644 -158.0000000000
646 -157.0000000000
650 -156.0000000000
651 -155.0000000000
664 -154.0000000000
668 -153.0000000000
675 -152.0000000000
677 -151.0000000000
679 -150.0000000000
684 -149.0000000000
688 -148.0000000000
697 -147.0000000000
698 -146.0000000000
700 -145.0000000000
702 -144.0000000000
705 -143.0000000000
710 -142.0000000000
711 -141.0000000000
717 -140.0000000000
722 -139.0000000000
727 -138.0000000000
746 -137.0000000000
755 -136.0000000000
757 -135.0000000000
762 -134.0000000000
764 -133.0000000000
771 -132.0000000000
772 -131.0000000000
775 -130.0000000000
788 -129.0000000000
791 -128.0000000000
795 -127.0000000000
797 -126.0000000000
799 -125.0000000000
800 -124.0000000000
810 -123.0000000000
813 -122.0000000000
818 -121.0000000000
819 -120.0000000000
821 -119.0000000000
824 -118.0000000000
828 -117.0000000000
832 -116.0000000000
841 -115.0000000000
850 -114.0000000000
851 -113.0000000000
857 -112.0000000000
858 -111.0000000000
861 -110.0000000000
873 -109.0000000000
876 -108.0000000000
880 -107.0000000000
881 -106.0000000000
888 -105.0000000000
890 -104.0000000000
891 -103.0000000000
892 -102.0000000000
896 -101.0000000000
911 -100.0000000000
925 -99.0000000000
927 -98.0000000000
933 -97.0000000000
945 -96.0000000000
946 -95.0000000000
954 -94.0000000000
964 -93.0000000000
971 -92.0000000000
984 -91.0000000000
1002 -90.0000000000
1003 -89.0000000000
1004 -88.0000000000
1008 -87.0000000000
1014 -86.0000000000
1020 -85.0000000000
1024 -84.0000000000
1030 -83.0000000000
1072 -82.0000000000
1085 -81.0000000000
1091 -80.0000000000
1107 -79.0000000000
1120 -78.0000000000
1123 -77.0000000000
1141 -76.0000000000
1148 -75.0000000000
1156 -74.0000000000
1157 -73.0000000000
1179 -72.0000000000
1182 -71.0000000000
1211 -70.0000000000
1220 -69.0000000000
1235 -68.0000000000
1239 -67.0000000000
1240 -66.0000000000
1242 -65.0000000000
1245 -64.0000000000
1273 -63.0000000000
1275 -62.0000000000
1294 -61.0000000000
1299 -60.0000000000
1351 -59.0000000000
1352 -58.0000000000
1369 -57.0000000000
1371 -56.0000000000
1389 -55.0000000000
1390 -54.0000000000
1399 -53.0000000000
1402 -52.0000000000
1405 -51.0000000000
1409 -50.0000000000
1417 -49.0000000000
1433 -48.0000000000
1443 -47.0000000000
1456 -46.0000000000
1477 -45.0000000000
1510 -44.0000000000
1551 -43.0000000000
1553 -42.0000000000
1582 -41.0000000000
1587 -40.0000000000
1639 -39.0000000000
1659 -38.0000000000
1673 -37.0000000000
1675 -36.0000000000
1683 -35.0000000000
1703 -34.0000000000
1720 -33.0000000000
1785 -32.0000000000
1800 -31.0000000000
1810 -30.0000000000
1938 -29.0000000000
1954 -28.0000000000
1970 -27.0000000000
1977 -26.0000000000
1989 -25.0000000000
2024 -24.0000000000
2048 -23.0000000000
2066 -22.0000000000
2104 -21.0000000000
2140 -20.0000000000
2150 -19.0000000000
2166 -18.0000000000
2223 -17.0000000000
2244 -16.0000000000
2248 -15.0000000000
2367 -14.0000000000
2431 -13.0000000000
2434 -12.0000000000
2435 -11.0000000000
2467 -10.0000000000
2583 -9.0000000000
2593 -8.0000000000
2604 -7.0000000000
2637 -6.0000000000
2797 -5.0000000000
2839 -4.0000000000
3053 -3.0000000000
3054 -2.0000000000
3081 -1.0000000000
3097 570.0000000000
100000 -1.0000000000
evaluations raw_y
1 -367.0000000000
2 -366.0000000000
3 -365.0000000000
4 -364.0000000000
6 -363.0000000000
7 -362.0000000000
8 -361.0000000000
9 -360.0000000000
10 -359.0000000000
11 -358.0000000000
13 -357.0000000000
14 -356.0000000000
16 -355.0000000000
18 -354.0000000000
21 -353.0000000000
23 -352.0000000000
25 -351.0000000000
26 -350.0000000000
27 -349.0000000000
29 -348.0000000000
32 -347.0000000000
35 -346.0000000000
36 -345.0000000000
37 -344.0000000000
38 -343.0000000000
40 -342.0000000000
42 -341.0000000000
43 -340.0000000000
44 -339.0000000000
45 -338.0000000000
46 -337.0000000000
47 -336.0000000000
51 -335.0000000000
52 -334.0000000000
54 -333.0000000000
56 -332.0000000000
57 -331.0000000000
59 -330.0000000000
60 -329.0000000000
62 -328.0000000000
63 -327.0000000000
67 -326.0000000000
69 -325.0000000000
70 -324.0000000000
71 -323.0000000000
72 -322.0000000000
73 -321.0000000000
80 -320.0000000000
81 -319.0000000000
82 -318.0000000000
85 -317.0000000000
88 -316.0000000000
94 -315.0000000000
96 -314.0000000000
99 -313.0000000000
101 -312.0000000000
103 -311.0000000000
105 -310.0000000000
107 -309.0000000000
112 -308.0000000000
114 -307.0000000000
117 -306.0000000000
118 -305.0000000000
120 -304.0000000000
121 -303.0000000000
122 -302.0000000000
123 -301.0000000000
125 -300.0000000000
127 -299.0000000000
130 -298.0000000000
131 -297.0000000000
132 -296.0000000000
133 -295.0000000000
134 -294.0000000000
135 -293.0000000000
138 -292.0000000000
139 -291.0000000000
141 -290.0000000000
142 -289.0000000000
144 -288.0000000000
146 -287.0000000000
147 -286.0000000000
148 -285.0000000000
149 -284.0000000000
150 -283.0000000000
158 -282.0000000000
159 -281.0000000000
163 -280.0000000000
166 -279.0000000000
168 -278.0000000000
171 -277.0000000000
172 -276.0000000000
175 -275.0000000000
176 -274.0000000000
177 -273.0000000000
179 -272.0000000000
181 -271.0000000000
184 -270.0000000000
186 -269.0000000000
188 -268.0000000000
191 -267.0000000000
194 -266.0000000000
195 -265.0000000000
200 -264.0000000000
205 -263.0000000000
206 -262.0000000000
210 -261.0000000000
211 -260.0000000000
216 -259.0000000000
218 -258.0000000000
223 -257.0000000000
224 -256.0000000000
225 -255.0000000000
228 -254.0000000000
232 -253.0000000000
234 -252.0000000000
236 -251.0000000000
238 -250.0000000000
239 -249.0000000000
241 -248.0000000000
242 -247.0000000000
243 -246.0000000000
244 -245.0000000000
245 -244.0000000000
248 -243.0000000000
256 -242.0000000000
258 -241.0000000000
259 -240.0000000000
260 -239.0000000000
263 -238.0000000000
265 -237.0000000000
267 -236.0000000000
270 -235.0000000000
274 -234.0000000000
277 -233.0000000000
279 -232.0000000000
280 -231.0000000000
282 -230.0000000000
283 -229.0000000000
286 -228.0000000000
287 -227.0000000000
290 -226.0000000000
295 -225.0000000000
299 -224.0000000000
302 -223.0000000000
303 -222.0000000000
307 -221.0000000000
310 -220.0000000000
312 -219.0000000000
324 -218.0000000000
325 -217.0000000000
326 -216.0000000000
327 -215.0000000000
329 -214.0000000000
330 -213.0000000000
333 -212.0000000000
338 -211.0000000000
341 -210.0000000000
343 -209.0000000000
344 -208.0000000000
345 -207.0000000000
346 -206.0000000000
348 -205.0000000000
351 -204.0000000000
356 -203.0000000000
357 -202.0000000000
364 -201.0000000000
365 -200.0000000000
376 -199.0000000000
378 -198.0000000000
384 -197.0000000000
387 -196.0000000000
388 -195.0000000000
396 -194.0000000000
398 -193.0000000000
399 -192.0000000000
402 -191.0000000000
403 -190.0000000000
410 -189.0000000000
412 -188.0000000000
413 -187.0000000000
414 -186.0000000000
422 -185.0000000000
426 -184.0000000000
434 -183.0000000000
436 -182.0000000000
444 -181.0000000000
446 -180.0000000000
455 -179.0000000000
457 -178.0000000000
463 -177.0000000000
468 -176.0000000000
470 -175.0000000000
478 -174.0000000000
480 -173.0000000000
482 -172.0000000000
489 -171.0000000000
491 -170.0000000000
493 -169.0000000000
501 -168.0000000000
515 -167.0000000000
516 -166.0000000000
517 -165.0000000000
518 -164.0000000000
520 -163.0000000000
523 -162.0000000000
526 -161.0000000000
527 -160.0000000000
533 -159.0000000000
534 -158.0000000000
543 -157.0000000000
550 -156.0000000000
553 -155.0000000000
566 -154.0000000000
569 -153.0000000000
572 -152.0000000000
577 -151.0000000000
581 -150.0000000000
589 -149.0000000000
590 -148.0000000000
593 -147.0000000000
594 -146.0000000000
603 -145.0000000000
609 -144.0000000000
612 -143.0000000000
623 -142.0000000000
628 -141.0000000000
630 -140.0000000000
635 -139.0000000000
642 -138.0000000000
643 -137.0000000000
647 -136.0000000000
659 -135.0000000000
673 -134.0000000000
678 -133.0000000000
686 -132.0000000000
687 -131.0000000000
688 -130.0000000000
691 -129.0000000000
701 -128.0000000000
722 -127.0000000000
723 -126.0000000000
727 -125.0000000000
735 -124.0000000000
739 -123.0000000000
755 -122.0000000000
756 -121.0000000000
769 -120.0000000000
771 -119.0000000000
772 -118.0000000000
773 -117.0000000000
776 -116.0000000000
781 -115.0000000000
786 -114.0000000000
794 -113.0000000000
798 -112.0000000000
802 -111.0000000000
817 -110.0000000000
826 -109.0000000000
828 -108.0000000000
830 -107.0000000000
831 -106.0000000000
835 -105.0000000000
841 -104.0000000000
854 -103.0000000000
863 -102.0000000000
884 -101.0000000000
885 -100.0000000000
889 -99.0000000000
890 -98.0000000000
895 -97.0000000000
901 -96.0000000000
916 -95.0000000000
919 -94.0000000000
936 -93.0000000000
938 -92.0000000000
948 -91.0000000000
951 -90.0000000000
957 -89.0000000000
959 -88.0000000000
960 -87.0000000000
966 -86.0000000000
968 -85.0000000000
989 -84.0000000000
1012 -83.0000000000
1014 -82.0000000000
1030 -81.0000000000
1035 -80.0000000000
1039 -79.0000000000
1054 -78.0000000000
1057 -77.0000000000
1067 -76.0000000000
1068 -75.0000000000
1077 -74.0000000000
1080 -73.0000000000
1091 -72.0000000000
1092 -71.0000000000
1114 -70.0000000000
1125 -69.0000000000
1146 -68.0000000000
1147 -67.0000000000
1163 -66.0000000000
1170 -65.0000000000
1180 -64.0000000000
1189 -63.0000000000
1199 -62.0000000000
1203 -61.0000000000
1204 -60.0000000000
1207 -59.0000000000
1212 -58.0000000000
1213 -57.0000000000
1226 -56.0000000000
1228 -55.0000000000
1247 -54.0000000000
1281 -53.0000000000
1282 -52.0000000000
1295 -51.0000000000
1306 -50.0000000000
1312 -49.0000000000
1327 -48.0000000000
1329 -47.0000000000
1347 -46.0000000000
1360 -45.0000000000
1367 -44.0000000000
1376 -43.0000000000
1381 -42.0000000000
1397 -41.0000000000
1401 -40.0000000000
1409 -39.0000000000
1421 -38.0000000000
1447 -37.0000000000
1464 -36.0000000000
1486 -35.0000000000
1491 -34.0000000000
1510 -33.0000000000
1514 -32.0000000000
1538 -31.0000000000
1556 -30.0000000000
1582 -29.0000000000
1599 -28.0000000000
1677 -27.0000000000
1711 -26.0000000000
1727 -25.0000000000
1731 -24.0000000000
1766 -23.0000000000
1772 -22.0000000000
1810 -21.0000000000
1824 -20.0000000000
1837 -19.0000000000
1876 -18.0000000000
1878 -17.0000000000
1893 -16.0000000000
1950 -15.0000000000
2010 -14.0000000000
2022 -13.0000000000
2039 -12.0000000000
2052 -11.0000000000
2085 -10.0000000000
2100 -9.0000000000
2159 -8.0000000000
2173 -7.0000000000
2188 -6.0000000000
2228 -5.0000000000
2311 -4.0000000000
2327 -3.0000000000
2355 -2.0000000000
2371 -1.0000000000
2418 547.0000000000
100000 -1.0000000000
evaluations raw_y
1 -390.0000000000
2 -389.0000000000
3 -388.0000000000
4 -387.0000000000
5 -386.0000000000
6 -385.0000000000
8 -384.0000000000
9 -383.0000000000
11 -382.0000000000
12 -381.0000000000
13 -380.0000000000
15 -379.0000000000
16 -378.0000000000
17 -377.0000000000
19 -376.0000000000
23 -375.0000000000
26 -374.0000000000
29 -373.0000000000
33 -372.0000000000
34 -371.0000000000
43 -370.0000000000
45 -369.0000000000
46 -368.0000000000
47 -367.0000000000
48 -366.0000000000
49 -365.0000000000
52 -364.0000000000
54 -363.0000000000
57 -362.0000000000
60 -361.0000000000
65 -360.0000000000
67 -359.0000000000
68 -358.0000000000
71 -357.0000000000
73 -356.0000000000
75 -355.0000000000
76 -354.0000000000
80 -353.0000000000
81 -352.0000000000
82 -351.0000000000
85 -350.0000000000
88 -349.0000000000
89 -348.0000000000
92 -347.0000000000
93 -346.0000000000
95 -345.0000000000
98 -344.0000000000
100 -343.0000000000
101 -342.0000000000
102 -341.0000000000
103 -340.0000000000
104 -339.0000000000
105 -338.0000000000
106 -337.0000000000
107 -336.0000000000
108 -335.0000000000
112 -334.0000000000
113 -333.0000000000
114 -332.0000000000
116 -331.0000000000
117 -330.0000000000
123 -329.0000000000
124 -328.0000000000
125 -327.0000000000
126 -326.0000000000
133 -325.0000000000
134 -324.0000000000
135 -323.0000000000
137 -322.0000000000
140 -321.0000000000
141 -320.0000000000
142 -319.0000000000
145 -318.0000000000
148 -317.0000000000
149 -316.0000000000
151 -315.0000000000
152 -314.0000000000
156 -313.0000000000
160 -312.0000000000
161 -311.0000000000
165 -310.0000000000
166 -309.0000000000
167 -308.0000000000
173 -307.0000000000
176 -306.0000000000
177 -305.0000000000
180 -304.0000000000
182 -303.0000000000
186 -302.0000000000
187 -301.0000000000
190 -300.0000000000
196 -299.0000000000
199 -298.0000000000
200 -297.0000000000
202 -296.0000000000
208 -295.0000000000
210 -294.0000000000
214 -293.0000000000
215 -292.0000000000
216 -291.0000000000
217 -290.0000000000
218 -289.0000000000
219 -288.0000000000
222 -287.0000000000
224 -286.0000000000
228 -285.0000000000
233 -284.0000000000
235 -283.0000000000
239 -282.0000000000
242 -281.0000000000
244 -280.0000000000
246 -279.0000000000
253 -278.0000000000
255 -277.0000000000
257 -276.0000000000
264 -275.0000000000
271 -274.0000000000
277 -273.0000000000
280 -272.0000000000
281 -271.0000000000
283 -270.0000000000
288 -269.0000000000
289 -268.0000000000
292 -267.0000000000
294 -266.0000000000
295 -265.0000000000
297 -264.0000000000
298 -263.0000000000
300 -262.0000000000
306 -261.0000000000
309 -260.0000000000
315 -259.0000000000
318 -258.0000000000
321 -257.0000000000
322 -256.0000000000
329 -255.0000000000
330 -254.0000000000
332 -253.0000000000
335 -252.0000000000
336 -251.0000000000
337 -250.0000000000
341 -249.0000000000
344 -248.0000000000
345 -247.0000000000
346 -246.0000000000
351 -245.0000000000
352 -244.0000000000
354 -243.0000000000
355 -242.0000000000
356 -241.0000000000
360 -240.0000000000
361 -239.0000000000
364 -238.0000000000
368 -237.0000000000
373 -236.0000000000
377 -235.0000000000
384 -234.0000000000
387 -233.0000000000
397 -232.0000000000
399 -231.0000000000
406 -230.0000000000
407 -229.0000000000
408 -228.0000000000
411 -227.0000000000
414 -226.0000000000
421 -225.0000000000
422 -224.0000000000
423 -223.0000000000
427 -222.0000000000
433 -221.0000000000
436 -220.0000000000
439 -219.0000000000
440 -218.0000000000
441 -217.0000000000
442 -216.0000000000
445 -215.0000000000
446 -214.0000000000
456 -213.0000000000
462 -212.0000000000
463 -211.0000000000
467 -210.0000000000
478 -209.0000000000
482 -208.0000000000
488 -207.0000000000
489 -206.0000000000
491 -205.0000000000
492 -204.0000000000
494 -203.0000000000
499 -202.0000000000
501 -201.0000000000
510 -200.0000000000
513 -199.0000000000
515 -198.0000000000
516 -197.0000000000
517 -196.0000000000
518 -195.0000000000
520 -194.0000000000
530 -193.0000000000
532 -192.0000000000
536 -191.0000000000
538 -190.0000000000
540 -189.0000000000
541 -188.0000000000
548 -187.0000000000
555 -186.0000000000
560 -185.0000000000
566 -184.0000000000
568 -183.0000000000
570 -182.0000000000
572 -181.0000000000
574 -180.0000000000
575 -179.0000000000
576 -178.0000000000
578 -177.0000000000
580 -176.0000000000
581 -175.0000000000
582 -174.0000000000
584 -173.0000000000
585 -172.0000000000
595 -171.0000000000
603 -170.0000000000
608 -169.0000000000
609 -168.0000000000
612 -167.0000000000
616 -166.0000000000
629 -165.0000000000
634 -164.0000000000
637 -163.0000000000
652 -162.0000000000
653 -161.0000000000
663 -160.0000000000
664 -159.0000000000
666 -158.0000000000
668 -157.0000000000
675 -156.0000000000
676 -155.0000000000
686 -154.0000000000
696 -153.0000000000
704 -152.0000000000
714 -151.0000000000
717 -150.0000000000
724 -149.0000000000
726 -148.0000000000
729 -147.0000000000
740 -146.0000000000
742 -145.0000000000
744 -144.0000000000
746 -143.0000000000
751 -142.0000000000
752 -141.0000000000
753 -140.0000000000
754 -139.0000000000
758 -138.0000000000
761 -137.0000000000
768 -136.0000000000
769 -135.0000000000
775 -134.0000000000
779 -133.0000000000
784 -132.0000000000
787 -131.0000000000
797 -130.0000000000
806 -129.0000000000
807 -128.0000000000
820 -127.0000000000
823 -126.0000000000
830 -125.0000000000
837 -124.0000000000
850 -123.0000000000
852 -122.0000000000
854 -121.0000000000
887 -120.0000000000
888 -119.0000000000
914 -118.0000000000
916 -117.0000000000
923 -116.0000000000
934 -115.0000000000
942 -114.0000000000
947 -113.0000000000
954 -112.0000000000
959 -111.0000000000
963 -110.0000000000
964 -109.0000000000
965 -108.0000000000
969 -107.0000000000
988 -106.0000000000
991 -105.0000000000
994 -104.0000000000
1017 -103.0000000000
1018 -102.0000000000
1021 -101.0000000000
1027 -100.0000000000
1031 -99.0000000000
1044 -98.0000000000
1049 -97.0000000000
1051 -96.0000000000
1055 -95.0000000000
1066 -94.0000000000
1068 -93.0000000000
1077 -92.0000000000
1078 -91.0000000000
1079 -90.0000000000
1089 -89.0000000000
1103 -88.0000000000
1113 -87.0000000000
1116 -86.0000000000
1122 -85.0000000000
1146 -84.0000000000
1147 -83.0000000000
1149 -82.0000000000
1159 -81.0000000000
1162 -80.0000000000
1163 -79.0000000000
1199 -78.0000000000
1203 -77.0000000000
1217 -76.0000000000
1222 -75.0000000000
1237 -74.0000000000
1250 -73.0000000000
1257 -72.0000000000
1279 -71.0000000000
1314 -70.0000000000
1321 -69.0000000000
1341 -68.0000000000
1342 -67.0000000000
1347 -66.0000000000
1359 -65.0000000000
1361 -64.0000000000
1422 -63.0000000000
1441 -62.0000000000
1455 -61.0000000000
1505 -60.0000000000
1510 -59.0000000000
1536 -58.0000000000
1543 -57.0000000000
1549 -56.0000000000
1554 -55.0000000000
1610 -54.0000000000
1620 -53.0000000000
1639 -52.0000000000
1648 -51.0000000000
1669 -50.0000000000
1671 -49.0000000000
1674 -48.0000000000
1682 -47.0000000000
1684 -46.0000000000
1691 -45.0000000000
1722 -44.0000000000
1724 -43.0000000000
1738 -42.0000000000
1740 -41.0000000000
1776 -40.0000000000
1780 -39.0000000000
1805 -38.0000000000
1886 -37.0000000000
1953 -36.0000000000
1973 -35.0000000000
1994 -34.0000000000
2013 -33.0000000000
2016 -32.0000000000
2020 -31.0000000000
2022 -30.0000000000
2043 -29.0000000000
2058 -28.0000000000
2073 -27.0000000000
2079 -26.0000000000
2092 -25.0000000000
2103 -24.0000000000
2147 -23.0000000000
2176 -22.0000000000
2188 -21.0000000000
2226 -20.0000000000
2236 -19.0000000000
2245 -18.0000000000
2285 -17.0000000000
2294 -16.0000000000
2303 -15.0000000000
2304 -14.0000000000
2325 -13.0000000000
2387 -12.0000000000
2449 -11.0000000000
2485 -10.0000000000
2520 -9.0000000000
2534 -8.0000000000
2630 -7.0000000000
2663 -6.0000000000
2755 -5.0000000000
2791 -4.0000000000
2892 -3.0000000000
2966 -2.0000000000
3041 -1.0000000000
3171 562.0000000000
100000 -1.0000000000
evaluations raw_y
1 -375.0000000000
5 -374.0000000000
7 -373.0000000000
11 -372.0000000000
12 -371.0000000000
13 -370.0000000000
14 -369.0000000000
17 -368.0000000000
18 -367.0000000000
19 -366.0000000000
20 -365.0000000000
23 -364.0000000000
24 -363.0000000000
25 -362.0000000000
26 -361.0000000000
27 -360.0000000000
30 -359.0000000000
32 -358.0000000000
33 -357.0000000000
34 -356.0000000000
35 -355.0000000000
36 -354.0000000000
38 -353.0000000000
39 -352.0000000000
41 -351.0000000000
43 -350.0000000000
44 -349.0000000000
46 -348.0000000000
47 -347.0000000000
48 -346.0000000000
49 -345.0000000000
53 -344.0000000000
54 -343.0000000000
60 -342.0000000000
64 -341.0000000000
65 -340.0000000000
67 -339.0000000000
70 -338.0000000000
72 -337.0000000000
73 -336.0000000000
76 -335.0000000000
77 -334.0000000000
78 -333.0000000000
80 -332.0000000000
81 -331.0000000000
82 -330.0000000000
86 -329.0000000000
87 -328.0000000000
92 -327.0000000000
93 -326.0000000000
94 -325.0000000000
99 -324.0000000000
100 -323.0000000000
102 -322.0000000000
103 -321.0000000000
106 -320.0000000000
107 -319.0000000000
109 -318.0000000000
111 -317.0000000000
118 -316.0000000000
119 -315.0000000000
122 -314.0000000000
124 -313.0000000000
125 -312.0000000000
126 -311.0000000000
131 -310.0000000000
134 -309.0000000000
138 -308.0000000000
152 -307.0000000000
153 -306.0000000000
155 -305.0000000000
157 -304.0000000000
158 -303.0000000000
160 -302.0000000000
164 -301.0000000000
165 -300.0000000000
166 -299.0000000000
168 -298.0000000000
173 -297.0000000000
177 -296.0000000000
181 -295.0000000000
186 -294.0000000000
187 -293.0000000000
194 -292.0000000000
199 -291.0000000000
200 -290.0000000000
204 -289.0000000000
205 -288.0000000000
212 -287.0000000000
213 -286.0000000000
214 -285.0000000000
224 -284.0000000000
229 -283.0000000000
230 -282.0000000000
231 -281.0000000000
235 -280.0000000000
236 -279.0000000000
239 -278.0000000000
241 -277.0000000000
247 -276.0000000000
253 -275.0000000000
259 -274.0000000000
263 -273.0000000000
268 -272.0000000000
269 -271.0000000000
270 -270.0000000000
273 -269.0000000000
274 -268.0000000000
277 -267.0000000000
278 -266.0000000000
279 -265.0000000000
280 -264.0000000000
284 -263.0000000000
287 -262.0000000000
290 -261.0000000000
293 -260.0000000000
295 -259.0000000000
305 -258.0000000000
310 -257.0000000000
311 -256.0000000000
313 -255.0000000000
315 -254.0000000000
319 -253.0000000000
320 -252.0000000000
322 -251.0000000000
325 -250.0000000000
326 -249.0000000000
327 -248.0000000000
328 -247.0000000000
336 -246.0000000000
338 -245.0000000000
348 -244.0000000000
351 -243.0000000000
353 -242.0000000000
354 -241.0000000000
359 -240.0000000000
374 -239.0000000000
375 -238.0000000000
379 -237.0000000000
380 -236.0000000000
382 -235.0000000000
383 -234.0000000000
385 -233.0000000000
388 -232.0000000000
389 -231.0000000000
390 -230.0000000000
392 -229.0000000000
395 -228.0000000000
397 -227.0000000000
402 -226.0000000000
406 -225.0000000000
408 -224.0000000000
410 -223.0000000000
416 -222.0000000000
417 -221.0000000000
419 -220.0000000000
422 -219.0000000000
425 -218.0000000000
430 -217.0000000000
436 -216.0000000000
445 -215.0000000000
446 -214.0000000000
455 -213.0000000000
456 -212.0000000000
463 -211.0000000000
466 -210.0000000000
470 -209.0000000000
483 -208.0000000000
486 -207.0000000000
488 -206.0000000000
490 -205.0000000000
493 -204.0000000000
497 -203.0000000000
499 -202.0000000000
500 -201.0000000000
506 -200.0000000000
511 -199.0000000000
512 -198.0000000000
513 -197.0000000000
517 -196.0000000000
520 -195.0000000000
527 -194.0000000000
528 -193.0000000000
534 -192.0000000000
536 -191.0000000000
539 -190.0000000000
540 -189.0000000000
550 -188.0000000000
556 -187.0000000000
557 -186.0000000000
563 -185.0000000000
566 -184.0000000000
572 -183.0000000000
576 -182.0000000000
580 -181.0000000000
584 -180.0000000000
588 -179.0000000000
589 -178.0000000000
591 -177.0000000000
595 -176.0000000000
598 -175.0000000000
601 -174.0000000000
606 -173.0000000000
610 -172.0000000000
614 -171.0000000000
619 -170.0000000000
624 -169.0000000000
628 -168.0000000000
631 -167.0000000000
632 -166.0000000000
633 -165.0000000000
634 -164.0000000000
635 -163.0000000000
637 -162.0000000000
647 -161.0000000000
649 -160.0000000000
651 -159.0000000000
653 -158.0000000000
655 -157.0000000000
665 -156.0000000000
668 -155.0000000000
670 -154.0000000000
679 -153.0000000000
682 -152.0000000000
687 -151.0000000000
690 -150.0000000000
696 -149.0000000000
700 -148.0000000000
703 -147.0000000000
707 -146.0000000000
708 -145.0000000000
721 -144.0000000000
728 -143.0000000000
731 -142.0000000000
732 -141.0000000000
738 -140.0000000000
742 -139.0000000000
745 -138.0000000000
747 -137.0000000000
750 -136.0000000000
753 -135.0000000000
756 -134.0000000000
761 -133.0000000000
770 -132.0000000000
777 -131.0000000000
791 -130.0000000000
793 -129.0000000000
794 -128.0000000000
802 -127.0000000000
813 -126.0000000000
820 -125.0000000000
825 -124.0000000000
826 -123.0000000000
828 -122.0000000000
831 -121.0000000000
833 -120.0000000000
853 -119.0000000000
862 -118.0000000000
863 -117.0000000000
864 -116.0000000000
866 -115.0000000000
868 -114.0000000000
872 -113.0000000000
876 -112.0000000000
883 -111.0000000000
884 -110.0000000000
888 -109.0000000000
892 -108.0000000000
894 -107.0000000000
896 -106.0000000000
904 -105.0000000000
920 -104.0000000000
923 -103.0000000000
927 -102.0000000000
931 -101.0000000000
947 -100.0000000000
948 -99.0000000000
953 -98.0000000000
958 -97.0000000000
959 -96.0000000000
967 -95.0000000000
974 -94.0000000000
987 -93.0000000000
991 -92.0000000000
998 -91.0000000000
999 -90.0000000000
1007 -89.0000000000
1012 -88.0000000000
1015 -87.0000000000
1022 -86.0000000000
1023 -85.0000000000
1031 -84.0000000000
1035 -83.0000000000
1037 -82.0000000000
1039 -81.0000000000
1046 -80.0000000000
1057 -79.0000000000
1062 -78.0000000000
1100 -77.0000000000
1108 -76.0000000000
1111 -75.0000000000
1114 -74.0000000000
1131 -73.0000000000
1143 -72.0000000000
1146 -71.0000000000
1154 -70.0000000000
1171 -69.0000000000
1187 -68.0000000000
1189 -67.0000000000
1190 -66.0000000000
1208 -65.0000000000
1220 -64.0000000000
1221 -63.0000000000
1224 -62.0000000000
1227 -61.0000000000
1242 -60.0000000000
1250 -59.0000000000
1266 -58.0000000000
1274 -57.0000000000
1284 -56.0000000000
1302 -55.0000000000
1304 -54.0000000000
1322 -53.0000000000
1325 -52.0000000000
1349 -51.0000000000
1376 -50.0000000000
1400 -49.0000000000
1407 -48.0000000000
1413 -47.0000000000
1422 -46.0000000000
1442 -45.0000000000
1471 -44.0000000000
1475 -43.0000000000
1479 -42.0000000000
1504 -41.0000000000
1514 -40.0000000000
1524 -39.0000000000
1527 -38.0000000000
1528 -37.0000000000
1544 -36.0000000000
1554 -35.0000000000
1576 -34.0000000000
1597 -33.0000000000
1632 -32.0000000000
1640 -31.0000000000
1646 -30.0000000000
1652 -29.0000000000
1723 -28.0000000000
1732 -27.0000000000
1745 -26.0000000000
1750 -25.0000000000
1761 -24.0000000000
1767 -23.0000000000
1768 -22.0000000000
1827 -21.0000000000
1834 -20.0000000000
1852 -19.0000000000
1854 -18.0000000000
1856 -17.0000000000
1864 -16.0000000000
1877 -15.0000000000
1883 -14.0000000000
1991 -13.0000000000
2004 -12.0000000000
2077 -11.0000000000
2106 -10.0000000000
2118 -9.0000000000
2119 -8.0000000000
2176 -7.0000000000
2178 -6.0000000000
2196 -5.0000000000
2283 -4.0000000000
2377 -3.0000000000
2473 -2.0000000000
2528 -1.0000000000
2692 594.0000000000
100000 -1.0000000000
evaluations raw_y
1 -353.0000000000
3 -352.0000000000
4 -351.0000000000
5 -350.0000000000
6 -349.0000000000
9 -348.0000000000
12 -347.0000000000
16 -346.0000000000
17 -345.0000000000
18 -344.0000000000
19 -343.0000000000
20 -342.0000000000
21 -341.0000000000
24 -340.0000000000
26 -339.0000000000
27 -338.0000000000
33 -337.0000000000
34 -336.0000000000
36 -335.0000000000
37 -334.0000000000
38 -333.0000000000
41 -332.0000000000
47 -331.0000000000
51 -330.0000000000
52 -329.0000000000
56 -328.0000000000
57 -327.0000000000
59 -326.0000000000
70 -325.0000000000
75 -324.0000000000
76 -323.0000000000
78 -322.0000000000
80 -321.0000000000
83 -320.0000000000
85 -319.0000000000
88 -318.0000000000
90 -317.0000000000
92 -316.0000000000
94 -315.0000000000
96 -314.0000000000
99 -313.0000000000
109 -312.0000000000
113 -311.0000000000
116 -310.0000000000
118 -309.0000000000
126 -308.0000000000
127 -307.0000000000
129 -306.0000000000
133 -305.0000000000
135 -304.0000000000
136 -303.0000000000
137 -302.0000000000
141 -301.0000000000
144 -300.0000000000
146 -299.0000000000
147 -298.0000000000
148 -297.0000000000
151 -296.0000000000
152 -295.0000000000
157 -294.0000000000
158 -293.0000000000
159 -292.0000000000
162 -291.0000000000
163 -290.0000000000
164 -289.0000000000
166 -288.0000000000
170 -287.0000000000
172 -286.0000000000
176 -285.0000000000
177 -284.0000000000
180 -283.0000000000
181 -282.0000000000
182 -281.0000000000
183 -280.0000000000
185 -279.0000000000
190 -278.0000000000
198 -277.0000000000
199 -276.0000000000
202 -275.0000000000
203 -274.0000000000
204 -273.0000000000
205 -272.0000000000
206 -271.0000000000
207 -270.0000000000
208 -269.0000000000
217 -268.0000000000
221 -267.0000000000
223 -266.0000000000
225 -265.0000000000
226 -264.0000000000
228 -263.0000000000
230 -262.0000000000
232 -261.0000000000
233 -260.0000000000
237 -259.0000000000
239 -258.0000000000
240 -257.0000000000
241 -256.0000000000
242 -255.0000000000
247 -254.0000000000
248 -253.0000000000
249 -252.0000000000
252 -251.0000000000
257 -250.0000000000
258 -249.0000000000
260 -248.0000000000
262 -247.0000000000
265 -246.0000000000
267 -245.0000000000
268 -244.0000000000
269 -243.0000000000
275 -242.0000000000
276 -241.0000000000
285 -240.0000000000
290 -239.0000000000
293 -238.0000000000
296 -237.0000000000
302 -236.0000000000
304 -235.0000000000
305 -234.0000000000
307 -233.0000000000
308 -232.0000000000
316 -231.0000000000
321 -230.0000000000
322 -229.0000000000
328 -228.0000000000
330 -227.0000000000
332 -226.0000000000
336 -225.0000000000
339 -224.0000000000
341 -223.0000000000
346 -222.0000000000
347 -221.0000000000
355 -220.0000000000
356 -219.0000000000
358 -218.0000000000
360 -217.0000000000
368 -216.0000000000
369 -215.0000000000
372 -214.0000000000
374 -213.0000000000
377 -212.0000000000
380 -211.0000000000
390 -210.0000000000
392 -209.0000000000
393 -208.0000000000
398 -207.0000000000
400 -206.0000000000
402 -205.0000000000
406 -204.0000000000
409 -203.0000000000
411 -202.0000000000
414 -201.0000000000
415 -200.0000000000
417 -199.0000000000
419 -198.0000000000
428 -197.0000000000
432 -196.0000000000
433 -195.0000000000
435 -194.0000000000
446 -193.0000000000
447 -192.0000000000
449 -191.0000000000
451 -190.0000000000
454 -189.0000000000
459 -188.0000000000
460 -187.0000000000
462 -186.0000000000
463 -185.0000000000
464 -184.0000000000
468 -183.0000000000
470 -182.0000000000
474 -181.0000000000
476 -180.0000000000
478 -179.0000000000
479 -178.0000000000
488 -177.0000000000
489 -176.0000000000
490 -175.0000000000
498 -174.0000000000
500 -173.0000000000
509 -172.0000000000
517 -171.0000000000
524 -170.0000000000
535 -169.0000000000
538 -168.0000000000
540 -167.0000000000
542 -166.0000000000
546 -165.0000000000
552 -164.0000000000
559 -163.0000000000
561 -162.0000000000
563 -161.0000000000
577 -160.0000000000
581 -159.0000000000
584 -158.0000000000
585 -157.0000000000
586 -156.0000000000
592 -155.0000000000
599 -154.0000000000
601 -153.0000000000
611 -152.0000000000
623 -151.0000000000
628 -150.0000000000
633 -149.0000000000
646 -148.0000000000
654 -147.0000000000
672 -146.0000000000
676 -145.0000000000
677 -144.0000000000
683 -143.0000000000
687 -142.0000000000
691 -141.0000000000
693 -140.0000000000
694 -139.0000000000
697 -138.0000000000
701 -137.0000000000
707 -136.0000000000
709 -135.0000000000
710 -134.0000000000
711 -133.0000000000
716 -132.0000000000
718 -131.0000000000
726 -130.0000000000
735 -129.0000000000
737 -128.0000000000
741 -127.0000000000
746 -126.0000000000
757 -125.0000000000
761 -124.0000000000
764 -123.0000000000
770 -122.0000000000
783 -121.0000000000
785 -120.0000000000
786 -119.0000000000
787 -118.0000000000
793 -117.0000000000
796 -116.0000000000
798 -115.0000000000
804 -114.0000000000
805 -113.0000000000
806 -112.0000000000
811 -111.0000000000
813 -110.0000000000
814 -109.0000000000
815 -108.0000000000
816 -107.0000000000
820 -106.0000000000
821 -105.0000000000
830 -104.0000000000
832 -103.0000000000
840 -102.0000000000
844 -101.0000000000
848 -100.0000000000
858 -99.0000000000
859 -98.0000000000
861 -97.0000000000
863 -96.0000000000
873 -95.0000000000
875 -94.0000000000
880 -93.0000000000
881 -92.0000000000
897 -91.0000000000
902 -90.0000000000
907 -89.0000000000
924 -88.0000000000
936 -87.0000000000
944 -86.0000000000
945 -85.0000000000
951 -84.0000000000
970 -83.0000000000
973 -82.0000000000
974 -81.0000000000
996 -80.0000000000
1009 -79.0000000000
1018 -78.0000000000
1025 -77.0000000000
1052 -76.0000000000
1053 -75.0000000000
1063 -74.0000000000
1066 -73.0000000000
1076 -72.0000000000
1087 -71.0000000000
1101 -70.0000000000
1109 -69.0000000000
1118 -68.0000000000
1121 -67.0000000000
1122 -66.0000000000
1134 -65.0000000000
1137 -64.0000000000
1145 -63.0000000000
1151 -62.0000000000
1153 -61.0000000000
1172 -60.0000000000
1183 -59.0000000000
1186 -58.0000000000
1194 -57.0000000000
1198 -56.0000000000
1222 -55.0000000000
1224 -54.0000000000
1232 -53.0000000000
1256 -52.0000000000
1258 -51.0000000000
1259 -50.0000000000
1266 -49.0000000000
1307 -48.0000000000
1317 -47.0000000000
1321 -46.0000000000
1353 -45.0000000000
1360 -44.0000000000
1367 -43.0000000000
1368 -42.0000000000
1381 -41.0000000000
1430 -40.0000000000
1432 -39.0000000000
1475 -38.0000000000
1481 -37.0000000000
1546 -36.0000000000
1551 -35.0000000000
1554 -34.0000000000
1555 -33.0000000000
1602 -32.0000000000
1605 -31.0000000000
1622 -30.0000000000
1628 -29.0000000000
1657 -28.0000000000
1685 -27.0000000000
1702 -26.0000000000
1715 -25.0000000000
1719 -24.0000000000
1753 -23.0000000000
1773 -22.0000000000
1777 -21.0000000000
1781 -20.0000000000
1788 -19.0000000000
1812 -18.0000000000
1868 -17.0000000000
1907 -16.0000000000
1930 -15.0000000000
1946 -14.0000000000
1953 -13.0000000000
1970 -12.0000000000
2016 -11.0000000000
2054 -10.0000000000
2110 -9.0000000000
2123 -8.0000000000
2162 -7.0000000000
2168 -6.0000000000
2188 -5.0000000000
2389 -4.0000000000
2477 -3.0000000000
2521 -2.0000000000
2636 -1.0000000000
2666 615.0000000000
100000 -1.0000000000
evaluations raw_y
1 -377.0000000000
4 -376.0000000000
7 -375.0000000000
10 -374.0000000000
13 -373.0000000000
14 -372.0000000000
18 -371.0000000000
21 -370.0000000000
22 -369.0000000000
24 -368.0000000000
25 -367.0000000000
27 -366.0000000000
28 -365.0000000000
30 -364.0000000000
31 -363.0000000000
32 -362.0000000000
33 -361.0000000000
35 -360.0000000000
36 -359.0000000000
40 -358.0000000000
44 -357.0000000000
47 -356.0000000000
48 -355.0000000000
50 -354.0000000000
52 -353.0000000000
55 -352.0000000000
56 -351.0000000000
57 -350.0000000000
59 -349.0000000000
60 -348.0000000000
62 -347.0000000000
63 -346.0000000000
65 -345.0000000000
67 -344.0000000000
68 -343.0000000000
72 -342.0000000000
73 -341.0000000000
74 -340.0000000000
75 -339.0000000000
76 -338.0000000000
77 -337.0000000000
78 -336.0000000000
79 -335.0000000000
80 -334.0000000000
82 -333.0000000000
83 -332.0000000000
89 -331.0000000000
92 -330.0000000000
96 -329.0000000000
98 -328.0000000000
100 -327.0000000000
102 -326.0000000000
103 -325.0000000000
107 -324.0000000000
110 -323.0000000000
113 -322.0000000000
114 -321.0000000000
116 -320.0000000000
119 -319.0000000000
120 -318.0000000000
122 -317.0000000000
123 -316.0000000000
124 -315.0000000000
133 -314.0000000000
137 -313.0000000000
138 -312.0000000000
143 -311.0000000000
147 -310.0000000000
149 -309.0000000000
151 -308.0000000000
152 -307.0000000000
153 -306.0000000000
154 -305.0000000000
156 -304.0000000000
157 -303.0000000000
161 -302.0000000000
163 -301.0000000000
164 -300.0000000000
167 -299.0000000000
169 -298.0000000000
170 -297.0000000000
171 -296.0000000000
177 -295.0000000000
178 -294.0000000000
179 -293.0000000000
182 -292.0000000000
183 -291.0000000000
185 -290.0000000000
186 -289.0000000000
187 -288.0000000000
189 -287.0000000000
190 -286.0000000000
194 -285.0000000000
195 -284.0000000000
196 -283.0000000000
203 -282.0000000000
204 -281.0000000000
219 -280.0000000000
226 -279.0000000000
227 -278.0000000000
228 -277.0000000000
229 -276.0000000000
234 -275.0000000000
236 -274.0000000000
237 -273.0000000000
238 -272.0000000000
241 -271.0000000000
250 -270.0000000000
255 -269.0000000000
258 -268.0000000000
260 -267.0000000000
262 -266.0000000000
264 -265.0000000000
269 -264.0000000000
273 -263.0000000000
274 -262.0000000000
284 -261.0000000000
285 -260.0000000000
290 -259.0000000000
291 -258.0000000000
299 -257.0000000000
302 -256.0000000000
303 -255.0000000000
306 -254.0000000000
308 -253.0000000000
309 -252.0000000000
314 -251.0000000000
315 -250.0000000000
317 -249.0000000000
323 -248.0000000000
324 -247.0000000000
326 -246.0000000000
328 -245.0000000000
331 -244.0000000000
340 -243.0000000000
343 -242.0000000000
352 -241.0000000000
355 -240.0000000000
359 -239.0000000000
365 -238.0000000000
367 -237.0000000000
370 -236.0000000000
371 -235.0000000000
372 -234.0000000000
374 -233.0000000000
379 -232.0000000000
382 -231.0000000000
384 -230.0000000000
392 -229.0000000000
398 -228.0000000000
401 -227.0000000000
404 -226.0000000000
405 -225.0000000000
407 -224.0000000000
410 -223.0000000000
411 -222.0000000000
413 -221.0000000000
414 -220.0000000000
418 -219.0000000000
419 -218.0000000000
422 -217.0000000000
427 -216.0000000000
429 -215.0000000000
430 -214.0000000000
435 -213.0000000000
436 -212.0000000000
438 -211.0000000000
440 -210.0000000000
447 -209.0000000000
448 -208.0000000000
450 -207.0000000000
454 -206.0000000000
458 -205.0000000000
467 -204.0000000000
468 -203.0000000000
477 -202.0000000000
478 -201.0000000000
479 -200.0000000000
480 -199.0000000000
483 -198.0000000000
486 -197.0000000000
487 -196.0000000000
488 -195.0000000000
489 -194.0000000000
496 -193.0000000000
497 -192.0000000000
499 -191.0000000000
500 -190.0000000000
502 -189.0000000000
504 -188.0000000000
505 -187.0000000000
507 -186.0000000000
512 -185.0000000000
515 -184.0000000000
516 -183.0000000000
518 -182.0000000000
519 -181.0000000000
522 -180.0000000000
529 -179.0000000000
535 -178.0000000000
541 -177.0000000000
545 -176.0000000000
546 -175.0000000000
547 -174.0000000000
549 -173.0000000000
550 -172.0000000000
558 -171.0000000000
560 -170.0000000000
572 -169.0000000000
578 -168.0000000000
582 -167.0000000000
585 -166.0000000000
586 -165.0000000000
594 -164.0000000000
604 -163.0000000000
608 -162.0000000000
609 -161.0000000000
611 -160.0000000000
615 -159.0000000000
618 -158.0000000000
619 -157.0000000000
620 -156.0000000000
621 -155.0000000000
639 -154.0000000000
643 -153.0000000000
651 -152.0000000000
659 -151.0000000000
660 -150.0000000000
663 -149.0000000000
664 -148.0000000000
667 -147.0000000000
672 -146.0000000000
683 -145.0000000000
684 -144.0000000000
686 -143.0000000000
697 -142.0000000000
701 -141.0000000000
702 -140.0000000000
710 -139.0000000000
712 -138.0000000000
725 -137.0000000000
729 -136.0000000000
730 -135.0000000000
745 -134.0000000000
747 -133.0000000000
748 -132.0000000000
752 -131.0000000000
754 -130.0000000000
755 -129.0000000000
764 -128.0000000000
766 -127.0000000000
768 -126.0000000000
772 -125.0000000000
786 -124.0000000000
788 -123.0000000000
792 -122.0000000000
798 -121.0000000000
804 -120.0000000000
806 -119.0000000000
808 -118.0000000000
811 -117.0000000000
815 -116.0000000000
829 -115.0000000000
832 -114.0000000000
838 -113.0000000000
847 -112.0000000000
853 -111.0000000000
854 -110.0000000000
856 -109.0000000000
862 -108.0000000000
872 -107.0000000000
880 -106.0000000000
881 -105.0000000000
882 -104.0000000000
883 -103.0000000000
887 -102.0000000000
897 -101.0000000000
902 -100.0000000000
905 -99.0000000000
906 -98.0000000000
938 -97.0000000000
941 -96.0000000000
951 -95.0000000000
959 -94.0000000000
969 -93.0000000000
979 -92.0000000000
981 -91.0000000000
985 -90.0000000000
989 -89.0000000000
998 -88.0000000000
1023 -87.0000000000
1033 -86.0000000000
1046 -85.0000000000
1050 -84.0000000000
1055 -83.0000000000
1067 -82.0000000000
1076 -81.0000000000
1081 -80.0000000000
1085 -79.0000000000
1089 -78.0000000000
1100 -77.0000000000
1103 -76.0000000000
1106 -75.0000000000
1111 -74.0000000000
1117 -73.0000000000
1128 -72.0000000000
1133 -71.0000000000
1139 -70.0000000000
1142 -69.0000000000
1157 -68.0000000000
1165 -67.0000000000
1168 -66.0000000000
1175 -65.0000000000
1179 -64.0000000000
1180 -63.0000000000
1188 -62.0000000000
1203 -61.0000000000
1221 -60.0000000000
1244 -59.0000000000
1245 -58.0000000000
1260 -57.0000000000
1292 -56.0000000000
1303 -55.0000000000
1331 -54.0000000000
1332 -53.0000000000
1335 -52.0000000000
1337 -51.0000000000
1390 -50.0000000000
1402 -49.0000000000
1407 -48.0000000000
1441 -47.0000000000
1443 -46.0000000000
1474 -45.0000000000
1476 -44.0000000000
1482 -43.0000000000
1483 -42.0000000000
1485 -41.0000000000
1493 -40.0000000000
1499 -39.0000000000
1501 -38.0000000000
1503 -37.0000000000
1522 -36.0000000000
1526 -35.0000000000
1578 -34.0000000000
1599 -33.0000000000
1646 -32.0000000000
1669 -31.0000000000
1679 -30.0000000000
1701 -29.0000000000
1714 -28.0000000000
1742 -27.0000000000
1775 -26.0000000000
1792 -25.0000000000
1794 -24.0000000000
1810 -23.0000000000
1812 -22.0000000000
1830 -21.0000000000
1832 -20.0000000000
1844 -19.0000000000
1883 -18.0000000000
1930 -17.0000000000
1956 -16.0000000000
1966 -15.0000000000
1993 -14.0000000000
2027 -13.0000000000
2029 -12.0000000000
2104 -11.0000000000
2105 -10.0000000000
2111 -9.0000000000
2116 -8.0000000000
2185 -7.0000000000
2209 -6.0000000000
2216 -5.0000000000
2285 -4.0000000000
2301 -3.0000000000
2375 -2.0000000000
2415 -1.0000000000
2452 549.0000000000
100000 -1.0000000000
